experiment,base_method,loss_mode,ablation,sadg_method,bn_method,bn_method_tag,bn_layers,bn_mu_std,bn_logvar_std,bn_adv_radius,lambda_bn_cons,lambda_bn_adv,lambda_bn_sens,lambda_bn_affine,lambda_bn_compact,lambda_disp,dice_weight,rho,rho_tag,checkpoint_source,shot,seed,epoch,train_loss,train_base_loss,train_seg_loss,train_disp_loss,epsilon_loss,sadg_grad_norm,perturb_norm,bn_cons_loss,bn_adv_loss,bn_sens_loss,bn_affine_loss,bn_compact_loss,bn_total_reg_loss,steps,train_case_ids,n_train_slices,slice_policy,num_middle_slices,filter_min_fg,output_dir
PertubatedBNStatistics,Disperssion+Seg-SADG,BN-Consistency,BN-Consistency,Seg-SADG,BN-Consistency,bn_consistency,shallow,0.1,0.1,1.0,0.05,0.1,0.001,0.0001,0.001,0.05,0.5,0.05,rho0p05,new_training,4,3,1,1.5948688983917236,1.5947678883870442,1.565696805715561,0.5814219241340955,1.4414602915445964,2.565645863612493,0.05000000000000001,0.0020200361274570846,0.0,0.0,0.0,0.0,0.0001010018074036149,12,108|224|72|171,48,all_filtered,9,True,D:\Running_Place\PostGraduateProjects\Experiments\PostGraduate\backbones\PertubatedBNStatistics\BN-Consistency\shot4\Seed3
PertubatedBNStatistics,Disperssion+Seg-SADG,BN-Consistency,BN-Consistency,Seg-SADG,BN-Consistency,bn_consistency,shallow,0.1,0.1,1.0,0.05,0.1,0.001,0.0001,0.001,0.05,0.5,0.05,rho0p05,new_training,4,3,2,1.1298168102900188,1.129784733057022,1.1185799539089203,0.22409563759962717,1.0503697594006856,1.3035537501176198,0.05000000000000001,0.0006414848151810778,0.0,0.0,0.0,0.0,3.207424136538369e-05,12,108|224|72|171,48,all_filtered,9,True,D:\Running_Place\PostGraduateProjects\Experiments\PostGraduate\backbones\PertubatedBNStatistics\BN-Consistency\shot4\Seed3
PertubatedBNStatistics,Disperssion+Seg-SADG,BN-Consistency,BN-Consistency,Seg-SADG,BN-Consistency,bn_consistency,shallow,0.1,0.1,1.0,0.05,0.1,0.001,0.0001,0.001,0.05,0.5,0.05,rho0p05,new_training,4,3,3,0.9194320191939672,0.9194073726733526,0.9127382636070251,0.13338223534325758,0.8583233952522278,1.0282108783721924,0.05000000000000001,0.0004929924786362486,0.0,0.0,0.0,0.0,2.4649624416876275e-05,12,108|224|72|171,48,all_filtered,9,True,D:\Running_Place\PostGraduateProjects\Experiments\PostGraduate\backbones\PertubatedBNStatistics\BN-Consistency\shot4\Seed3
PertubatedBNStatistics,Disperssion+Seg-SADG,BN-Consistency,BN-Consistency,Seg-SADG,BN-Consistency,bn_consistency,shallow,0.1,0.1,1.0,0.05,0.1,0.001,0.0001,0.001,0.05,0.5,0.05,rho0p05,new_training,4,3,4,0.749189426501592,0.7491403619448344,0.7443168709675471,0.09646969971557458,0.6914357990026474,0.9887451777855555,0.05000000000000001,0.0009812967206623096,0.0,0.0,0.0,0.0,4.9064837488307e-05,12,108|224|72|171,48,all_filtered,9,True,D:\Running_Place\PostGraduateProjects\Experiments\PostGraduate\backbones\PertubatedBNStatistics\BN-Consistency\shot4\Seed3
PertubatedBNStatistics,Disperssion+Seg-SADG,BN-Consistency,BN-Consistency,Seg-SADG,BN-Consistency,bn_consistency,shallow,0.1,0.1,1.0,0.05,0.1,0.001,0.0001,0.001,0.05,0.5,0.05,rho0p05,new_training,4,3,5,0.6315109382073084,0.6314921925465266,0.6286259492238363,0.05732489796355367,0.5853908658027649,0.8287329077720642,0.05000000000000001,0.000374989015350972,0.0,0.0,0.0,0.0,1.874945110102999e-05,12,108|224|72|171,48,all_filtered,9,True,D:\Running_Place\PostGraduateProjects\Experiments\PostGraduate\backbones\PertubatedBNStatistics\BN-Consistency\shot4\Seed3
PertubatedBNStatistics,Disperssion+Seg-SADG,BN-Consistency,BN-Consistency,Seg-SADG,BN-Consistency,bn_consistency,shallow,0.1,0.1,1.0,0.05,0.1,0.001,0.0001,0.001,0.05,0.5,0.05,rho0p05,new_training,4,3,6,0.5737566848595937,0.5737299968798956,0.571327398220698,0.0480520057802399,0.5331736455361048,0.7167993833621343,0.05000000000000001,0.0005339136769180186,0.0,0.0,0.0,0.0,2.6695683952008647e-05,12,108|224|72|171,48,all_filtered,9,True,D:\Running_Place\PostGraduateProjects\Experiments\PostGraduate\backbones\PertubatedBNStatistics\BN-Consistency\shot4\Seed3
PertubatedBNStatistics,Disperssion+Seg-SADG,BN-Consistency,BN-Consistency,Seg-SADG,BN-Consistency,bn_consistency,shallow,0.1,0.1,1.0,0.05,0.1,0.001,0.0001,0.001,0.05,0.5,0.05,rho0p05,new_training,4,3,7,0.5284645756085714,0.5284349073966345,0.5261678198973337,0.045341781030098595,0.4880111639698346,0.6786392529805502,0.05000000000000001,0.0005932724877008392,0.0,0.0,0.0,0.0,2.9663624976213516e-05,12,108|224|72|171,48,all_filtered,9,True,D:\Running_Place\PostGraduateProjects\Experiments\PostGraduate\backbones\PertubatedBNStatistics\BN-Consistency\shot4\Seed3
PertubatedBNStatistics,Disperssion+Seg-SADG,BN-Consistency,BN-Consistency,Seg-SADG,BN-Consistency,bn_consistency,shallow,0.1,0.1,1.0,0.05,0.1,0.001,0.0001,0.001,0.05,0.5,0.05,rho0p05,new_training,4,3,8,0.49384783456722897,0.49383124460776645,0.4919174388051033,0.03827621228992939,0.45996235062678653,0.6727383583784103,0.05000000000000001,0.00033177367367898114,0.0,0.0,0.0,0.0,1.6588683820373262e-05,12,108|224|72|171,48,all_filtered,9,True,D:\Running_Place\PostGraduateProjects\Experiments\PostGraduate\backbones\PertubatedBNStatistics\BN-Consistency\shot4\Seed3
PertubatedBNStatistics,Disperssion+Seg-SADG,BN-Consistency,BN-Consistency,Seg-SADG,BN-Consistency,bn_consistency,shallow,0.1,0.1,1.0,0.05,0.1,0.001,0.0001,0.001,0.05,0.5,0.05,rho0p05,new_training,4,3,9,0.45062508434057236,0.45060501744349796,0.44946398586034775,0.022820614588757355,0.41925110419591266,0.6086031148831049,0.05000000000000001,0.0004012359689416674,0.0,0.0,0.0,0.0,2.0061798977621947e-05,12,108|224|72|171,48,all_filtered,9,True,D:\Running_Place\PostGraduateProjects\Experiments\PostGraduate\backbones\PertubatedBNStatistics\BN-Consistency\shot4\Seed3
PertubatedBNStatistics,Disperssion+Seg-SADG,BN-Consistency,BN-Consistency,Seg-SADG,BN-Consistency,bn_consistency,shallow,0.1,0.1,1.0,0.05,0.1,0.001,0.0001,0.001,0.05,0.5,0.05,rho0p05,new_training,4,3,10,0.4093360478679339,0.4093151291211446,0.4083639283974965,0.019024094411482412,0.37974005937576294,0.5366029590368271,0.05000000000000001,0.0004184066613864464,0.0,0.0,0.0,0.0,2.092033340280371e-05,12,108|224|72|171,48,all_filtered,9,True,D:\Running_Place\PostGraduateProjects\Experiments\PostGraduate\backbones\PertubatedBNStatistics\BN-Consistency\shot4\Seed3
PertubatedBNStatistics,Disperssion+Seg-SADG,BN-Consistency,BN-Consistency,Seg-SADG,BN-Consistency,bn_consistency,shallow,0.1,0.1,1.0,0.05,0.1,0.001,0.0001,0.001,0.05,0.5,0.05,rho0p05,new_training,4,3,11,0.38052505751450855,0.3804921011130015,0.37955982734759647,0.01864544441923499,0.35068444162607193,0.5477104385693868,0.05000000000000001,0.0006590769189642742,0.0,0.0,0.0,0.0,3.295384673644245e-05,12,108|224|72|171,48,all_filtered,9,True,D:\Running_Place\PostGraduateProjects\Experiments\PostGraduate\backbones\PertubatedBNStatistics\BN-Consistency\shot4\Seed3
PertubatedBNStatistics,Disperssion+Seg-SADG,BN-Consistency,BN-Consistency,Seg-SADG,BN-Consistency,bn_consistency,shallow,0.1,0.1,1.0,0.05,0.1,0.001,0.0001,0.001,0.05,0.5,0.05,rho0p05,new_training,4,3,12,0.3470037753383319,0.34697691599527997,0.34614669779936474,0.016604347620159388,0.32006441553433734,0.48835571855306625,0.05000000000000001,0.0005371433653635904,0.0,0.0,0.0,0.0,2.6857168677452137e-05,12,108|224|72|171,48,all_filtered,9,True,D:\Running_Place\PostGraduateProjects\Experiments\PostGraduate\backbones\PertubatedBNStatistics\BN-Consistency\shot4\Seed3
PertubatedBNStatistics,Disperssion+Seg-SADG,BN-Consistency,BN-Consistency,Seg-SADG,BN-Consistency,bn_consistency,shallow,0.1,0.1,1.0,0.05,0.1,0.001,0.0001,0.001,0.05,0.5,0.05,rho0p05,new_training,4,3,13,0.3237971340616544,0.32376576711734134,0.3230154563983281,0.015006299518669644,0.2977926457921664,0.4659734343489011,0.05000000000000001,0.0006273352967885634,0.0,0.0,0.0,0.0,3.136676514259307e-05,12,108|224|72|171,48,all_filtered,9,True,D:\Running_Place\PostGraduateProjects\Experiments\PostGraduate\backbones\PertubatedBNStatistics\BN-Consistency\shot4\Seed3
PertubatedBNStatistics,Disperssion+Seg-SADG,BN-Consistency,BN-Consistency,Seg-SADG,BN-Consistency,bn_consistency,shallow,0.1,0.1,1.0,0.05,0.1,0.001,0.0001,0.001,0.05,0.5,0.05,rho0p05,new_training,4,3,14,0.2984541753927867,0.2984318609038989,0.2977554177244504,0.013528859553237757,0.27565499891837436,0.41434361785650253,0.05000000000000001,0.00044628091563936323,0.0,0.0,0.0,0.0,2.2314046115449553e-05,12,108|224|72|171,48,all_filtered,9,True,D:\Running_Place\PostGraduateProjects\Experiments\PostGraduate\backbones\PertubatedBNStatistics\BN-Consistency\shot4\Seed3
PertubatedBNStatistics,Disperssion+Seg-SADG,BN-Consistency,BN-Consistency,Seg-SADG,BN-Consistency,bn_consistency,shallow,0.1,0.1,1.0,0.05,0.1,0.001,0.0001,0.001,0.05,0.5,0.05,rho0p05,new_training,4,3,15,0.28143832335869473,0.2814135402441025,0.2807588328917821,0.01309420121833682,0.2583492025732994,0.4117887392640114,0.05000000000000001,0.0004956182771517584,0.0,0.0,0.0,0.0,2.4780914372968255e-05,12,108|224|72|171,48,all_filtered,9,True,D:\Running_Place\PostGraduateProjects\Experiments\PostGraduate\backbones\PertubatedBNStatistics\BN-Consistency\shot4\Seed3
PertubatedBNStatistics,Disperssion+Seg-SADG,BN-Consistency,BN-Consistency,Seg-SADG,BN-Consistency,bn_consistency,shallow,0.1,0.1,1.0,0.05,0.1,0.001,0.0001,0.001,0.05,0.5,0.05,rho0p05,new_training,4,3,16,0.2607403099536896,0.2607211321592331,0.2600940043727557,0.012542524840682745,0.23979992667833963,0.38563938935597736,0.05000000000000001,0.0003835148478780563,0.0,0.0,0.0,0.0,1.917574275012157e-05,12,108|224|72|171,48,all_filtered,9,True,D:\Running_Place\PostGraduateProjects\Experiments\PostGraduate\backbones\PertubatedBNStatistics\BN-Consistency\shot4\Seed3
PertubatedBNStatistics,Disperssion+Seg-SADG,BN-Consistency,BN-Consistency,Seg-SADG,BN-Consistency,bn_consistency,shallow,0.1,0.1,1.0,0.05,0.1,0.001,0.0001,0.001,0.05,0.5,0.05,rho0p05,new_training,4,3,17,0.24637188762426376,0.24634810040394464,0.24578841775655746,0.011193633312359452,0.2257059154411157,0.3668970763683319,0.05000000000000001,0.0004757456069152492,0.0,0.0,0.0,0.0,2.3787280876301036e-05,12,108|224|72|171,48,all_filtered,9,True,D:\Running_Place\PostGraduateProjects\Experiments\PostGraduate\backbones\PertubatedBNStatistics\BN-Consistency\shot4\Seed3
PertubatedBNStatistics,Disperssion+Seg-SADG,BN-Consistency,BN-Consistency,Seg-SADG,BN-Consistency,bn_consistency,shallow,0.1,0.1,1.0,0.05,0.1,0.001,0.0001,0.001,0.05,0.5,0.05,rho0p05,new_training,4,3,18,0.22725131238500276,0.22723321740825972,0.2267191894352436,0.010280586585092047,0.20917430644234022,0.325165977080663,0.05000000000000001,0.00036189598783190985,0.0,0.0,0.0,0.0,1.809479984634284e-05,12,108|224|72|171,48,all_filtered,9,True,D:\Running_Place\PostGraduateProjects\Experiments\PostGraduate\backbones\PertubatedBNStatistics\BN-Consistency\shot4\Seed3
PertubatedBNStatistics,Disperssion+Seg-SADG,BN-Consistency,BN-Consistency,Seg-SADG,BN-Consistency,bn_consistency,shallow,0.1,0.1,1.0,0.05,0.1,0.001,0.0001,0.001,0.05,0.5,0.05,rho0p05,new_training,4,3,19,0.21719988683859506,0.21717814107735953,0.2166712743540605,0.010137327403451005,0.19876099502046904,0.32668884595235187,0.05000000000000001,0.00043489735132122104,0.0,0.0,0.0,0.0,2.1744868035966647e-05,12,108|224|72|171,48,all_filtered,9,True,D:\Running_Place\PostGraduateProjects\Experiments\PostGraduate\backbones\PertubatedBNStatistics\BN-Consistency\shot4\Seed3
PertubatedBNStatistics,Disperssion+Seg-SADG,BN-Consistency,BN-Consistency,Seg-SADG,BN-Consistency,bn_consistency,shallow,0.1,0.1,1.0,0.05,0.1,0.001,0.0001,0.001,0.05,0.5,0.05,rho0p05,new_training,4,3,20,0.20682365323106447,0.20680773879090944,0.20632285003860792,0.009697712492197752,0.1886738451818625,0.31733860075473785,0.05000000000000001,0.00031827326165512204,0.0,0.0,0.0,0.0,1.5913663219180307e-05,12,108|224|72|171,48,all_filtered,9,True,D:\Running_Place\PostGraduateProjects\Experiments\PostGraduate\backbones\PertubatedBNStatistics\BN-Consistency\shot4\Seed3
PertubatedBNStatistics,Disperssion+Seg-SADG,BN-Consistency,BN-Consistency,Seg-SADG,BN-Consistency,bn_consistency,shallow,0.1,0.1,1.0,0.05,0.1,0.001,0.0001,0.001,0.05,0.5,0.05,rho0p05,new_training,4,3,21,0.19733979056278864,0.1973231459657351,0.19681416948636374,0.010179507390906414,0.17982377981146178,0.3002966617544492,0.05000000000000001,0.00033287358868013445,0.0,0.0,0.0,0.0,1.6643679676538643e-05,12,108|224|72|171,48,all_filtered,9,True,D:\Running_Place\PostGraduateProjects\Experiments\PostGraduate\backbones\PertubatedBNStatistics\BN-Consistency\shot4\Seed3
PertubatedBNStatistics,Disperssion+Seg-SADG,BN-Consistency,BN-Consistency,Seg-SADG,BN-Consistency,bn_consistency,shallow,0.1,0.1,1.0,0.05,0.1,0.001,0.0001,0.001,0.05,0.5,0.05,rho0p05,new_training,4,3,22,0.1833005535105864,0.1832805685698986,0.18283948426445326,0.008821650951479873,0.16801419109106064,0.2699976712465286,0.05000000000000001,0.0003997052372142207,0.0,0.0,0.0,0.0,1.9985262042609975e-05,12,108|224|72|171,48,all_filtered,9,True,D:\Running_Place\PostGraduateProjects\Experiments\PostGraduate\backbones\PertubatedBNStatistics\BN-Consistency\shot4\Seed3
PertubatedBNStatistics,Disperssion+Seg-SADG,BN-Consistency,BN-Consistency,Seg-SADG,BN-Consistency,bn_consistency,shallow,0.1,0.1,1.0,0.05,0.1,0.001,0.0001,0.001,0.05,0.5,0.05,rho0p05,new_training,4,3,23,0.17261712749799094,0.17259876554210982,0.1721678413450718,0.008618534348594645,0.1577901355922222,0.257605937620004,0.05000000000000001,0.0003672139876774357,0.0,0.0,0.0,0.0,1.8360699565770727e-05,12,108|224|72|171,48,all_filtered,9,True,D:\Running_Place\PostGraduateProjects\Experiments\PostGraduate\backbones\PertubatedBNStatistics\BN-Consistency\shot4\Seed3
PertubatedBNStatistics,Disperssion+Seg-SADG,BN-Consistency,BN-Consistency,Seg-SADG,BN-Consistency,bn_consistency,shallow,0.1,0.1,1.0,0.05,0.1,0.001,0.0001,0.001,0.05,0.5,0.05,rho0p05,new_training,4,3,24,0.16715005785226822,0.16712904597322145,0.16669370730717978,0.008706769091077149,0.15179300804932913,0.2646159740785758,0.05000000000000001,0.0004202173270944816,0.0,0.0,0.0,0.0,2.101086685494617e-05,12,108|224|72|171,48,all_filtered,9,True,D:\Running_Place\PostGraduateProjects\Experiments\PostGraduate\backbones\PertubatedBNStatistics\BN-Consistency\shot4\Seed3
PertubatedBNStatistics,Disperssion+Seg-SADG,BN-Consistency,BN-Consistency,Seg-SADG,BN-Consistency,bn_consistency,shallow,0.1,0.1,1.0,0.05,0.1,0.001,0.0001,0.001,0.05,0.5,0.05,rho0p05,new_training,4,3,25,0.15875455364584923,0.15873347967863083,0.15826917439699173,0.009286122202562789,0.14401752253373465,0.2494777962565422,0.05000000000000001,0.0004215206960604216,0.0,0.0,0.0,0.0,2.107603510618598e-05,12,108|224|72|171,48,all_filtered,9,True,D:\Running_Place\PostGraduateProjects\Experiments\PostGraduate\backbones\PertubatedBNStatistics\BN-Consistency\shot4\Seed3
PertubatedBNStatistics,Disperssion+Seg-SADG,BN-Consistency,BN-Consistency,Seg-SADG,BN-Consistency,bn_consistency,shallow,0.1,0.1,1.0,0.05,0.1,0.001,0.0001,0.001,0.05,0.5,0.05,rho0p05,new_training,4,3,26,0.14761056875189146,0.14759326229492822,0.14720763141910234,0.007712604322781165,0.13416867579023042,0.2276648866633574,0.05000000000000001,0.0003461260942761631,0.0,0.0,0.0,0.0,1.7306304926023586e-05,12,108|224|72|171,48,all_filtered,9,True,D:\Running_Place\PostGraduateProjects\Experiments\PostGraduate\backbones\PertubatedBNStatistics\BN-Consistency\shot4\Seed3
PertubatedBNStatistics,Disperssion+Seg-SADG,BN-Consistency,BN-Consistency,Seg-SADG,BN-Consistency,bn_consistency,shallow,0.1,0.1,1.0,0.05,0.1,0.001,0.0001,0.001,0.05,0.5,0.05,rho0p05,new_training,4,3,27,0.14263871436317763,0.14261974891026816,0.14224090551336607,0.007576877678123613,0.12878133604923883,0.22969246407349905,0.05000000000000001,0.000379290351702366,0.0,0.0,0.0,0.0,1.8964517948916182e-05,12,108|224|72|171,48,all_filtered,9,True,D:\Running_Place\PostGraduateProjects\Experiments\PostGraduate\backbones\PertubatedBNStatistics\BN-Consistency\shot4\Seed3
PertubatedBNStatistics,Disperssion+Seg-SADG,BN-Consistency,BN-Consistency,Seg-SADG,BN-Consistency,bn_consistency,shallow,0.1,0.1,1.0,0.05,0.1,0.001,0.0001,0.001,0.05,0.5,0.05,rho0p05,new_training,4,3,28,0.13740797465046248,0.13739062969883284,0.1370288754502932,0.007235063783203562,0.12424652340511481,0.221566970149676,0.05000000000000001,0.0003468968995245329,0.0,0.0,0.0,0.0,1.734484529454979e-05,12,108|224|72|171,48,all_filtered,9,True,D:\Running_Place\PostGraduateProjects\Experiments\PostGraduate\backbones\PertubatedBNStatistics\BN-Consistency\shot4\Seed3
PertubatedBNStatistics,Disperssion+Seg-SADG,BN-Consistency,BN-Consistency,Seg-SADG,BN-Consistency,bn_consistency,shallow,0.1,0.1,1.0,0.05,0.1,0.001,0.0001,0.001,0.05,0.5,0.05,rho0p05,new_training,4,3,29,0.13337511382997036,0.13335699774324894,0.13294589209059873,0.008222080573129157,0.11975850723683834,0.22428138181567192,0.05000000000000001,0.0003622999392973725,0.0,0.0,0.0,0.0,1.8114996843602665e-05,12,108|224|72|171,48,all_filtered,9,True,D:\Running_Place\PostGraduateProjects\Experiments\PostGraduate\backbones\PertubatedBNStatistics\BN-Consistency\shot4\Seed3
PertubatedBNStatistics,Disperssion+Seg-SADG,BN-Consistency,BN-Consistency,Seg-SADG,BN-Consistency,bn_consistency,shallow,0.1,0.1,1.0,0.05,0.1,0.001,0.0001,0.001,0.05,0.5,0.05,rho0p05,new_training,4,3,30,0.12740415086348852,0.12738186245163283,0.12702601092557111,0.007117043249309063,0.11510849247376125,0.20600515604019165,0.05000000000000001,0.00044579746706100803,0.0,0.0,0.0,0.0,2.228987424738686e-05,12,108|224|72|171,48,all_filtered,9,True,D:\Running_Place\PostGraduateProjects\Experiments\PostGraduate\backbones\PertubatedBNStatistics\BN-Consistency\shot4\Seed3
PertubatedBNStatistics,Disperssion+Seg-SADG,BN-Consistency,BN-Consistency,Seg-SADG,BN-Consistency,bn_consistency,shallow,0.1,0.1,1.0,0.05,0.1,0.001,0.0001,0.001,0.05,0.5,0.05,rho0p05,new_training,4,3,31,0.12379766814410686,0.12377914351721604,0.12343127218385537,0.006957404393081863,0.11113537102937698,0.21010311817129454,0.05000000000000001,0.00037050244403265725,0.0,0.0,0.0,0.0,1.8525122489639518e-05,12,108|224|72|171,48,all_filtered,9,True,D:\Running_Place\PostGraduateProjects\Experiments\PostGraduate\backbones\PertubatedBNStatistics\BN-Consistency\shot4\Seed3
PertubatedBNStatistics,Disperssion+Seg-SADG,BN-Consistency,BN-Consistency,Seg-SADG,BN-Consistency,bn_consistency,shallow,0.1,0.1,1.0,0.05,0.1,0.001,0.0001,0.001,0.05,0.5,0.05,rho0p05,new_training,4,3,32,0.1196577176451683,0.11963883228600025,0.11927014278868835,0.007373792856621246,0.10696342090765636,0.21641657377282777,0.05000000000000001,0.00037769597717366804,0.0,0.0,0.0,0.0,1.888479891931638e-05,12,108|224|72|171,48,all_filtered,9,True,D:\Running_Place\PostGraduateProjects\Experiments\PostGraduate\backbones\PertubatedBNStatistics\BN-Consistency\shot4\Seed3
PertubatedBNStatistics,Disperssion+Seg-SADG,BN-Consistency,BN-Consistency,Seg-SADG,BN-Consistency,bn_consistency,shallow,0.1,0.1,1.0,0.05,0.1,0.001,0.0001,0.001,0.05,0.5,0.05,rho0p05,new_training,4,3,33,0.1134174062560002,0.11339761316776276,0.11305411470433076,0.006869981996715069,0.10193335513273875,0.18941940118869147,0.05000000000000001,0.0003958288252761122,0.0,0.0,0.0,0.0,1.9791441673078225e-05,12,108|224|72|171,48,all_filtered,9,True,D:\Running_Place\PostGraduateProjects\Experiments\PostGraduate\backbones\PertubatedBNStatistics\BN-Consistency\shot4\Seed3
PertubatedBNStatistics,Disperssion+Seg-SADG,BN-Consistency,BN-Consistency,Seg-SADG,BN-Consistency,bn_consistency,shallow,0.1,0.1,1.0,0.05,0.1,0.001,0.0001,0.001,0.05,0.5,0.05,rho0p05,new_training,4,3,34,0.10734008252620697,0.10732145483295123,0.10702478637297948,0.005933352823679646,0.09701220132410526,0.17285107324520746,0.05000000000000001,0.000372576743150906,0.0,0.0,0.0,0.0,1.8628837627450896e-05,12,108|224|72|171,48,all_filtered,9,True,D:\Running_Place\PostGraduateProjects\Experiments\PostGraduate\backbones\PertubatedBNStatistics\BN-Consistency\shot4\Seed3
PertubatedBNStatistics,Disperssion+Seg-SADG,BN-Consistency,BN-Consistency,Seg-SADG,BN-Consistency,bn_consistency,shallow,0.1,0.1,1.0,0.05,0.1,0.001,0.0001,0.001,0.05,0.5,0.05,rho0p05,new_training,4,3,35,0.10528240477045377,0.10525957494974136,0.10497530115147431,0.005685476508612434,0.0935031920671463,0.18418287485837936,0.05000000000000001,0.00045661291126937914,0.0,0.0,0.0,0.0,2.2830646078849288e-05,12,108|224|72|171,48,all_filtered,9,True,D:\Running_Place\PostGraduateProjects\Experiments\PostGraduate\backbones\PertubatedBNStatistics\BN-Consistency\shot4\Seed3
PertubatedBNStatistics,Disperssion+Seg-SADG,BN-Consistency,BN-Consistency,Seg-SADG,BN-Consistency,bn_consistency,shallow,0.1,0.1,1.0,0.05,0.1,0.001,0.0001,0.001,0.05,0.5,0.05,rho0p05,new_training,4,3,36,0.10908192644516627,0.10905768908560276,0.10871147116025288,0.006924360175617039,0.09637564420700073,0.21025208880503973,0.05000000000000001,0.0004847237335828443,0.0,0.0,0.0,0.0,2.4236187376421487e-05,12,108|224|72|171,48,all_filtered,9,True,D:\Running_Place\PostGraduateProjects\Experiments\PostGraduate\backbones\PertubatedBNStatistics\BN-Consistency\shot4\Seed3
PertubatedBNStatistics,Disperssion+Seg-SADG,BN-Consistency,BN-Consistency,Seg-SADG,BN-Consistency,bn_consistency,shallow,0.1,0.1,1.0,0.05,0.1,0.001,0.0001,0.001,0.05,0.5,0.05,rho0p05,new_training,4,3,37,0.10918644443154335,0.10915856311718623,0.10878929495811462,0.0073853591457009315,0.095956660186251,0.2054056872924169,0.05000000000000001,0.0005576269274267057,0.0,0.0,0.0,0.0,2.788134679576615e-05,12,108|224|72|171,48,all_filtered,9,True,D:\Running_Place\PostGraduateProjects\Experiments\PostGraduate\backbones\PertubatedBNStatistics\BN-Consistency\shot4\Seed3
PertubatedBNStatistics,Disperssion+Seg-SADG,BN-Consistency,BN-Consistency,Seg-SADG,BN-Consistency,bn_consistency,shallow,0.1,0.1,1.0,0.05,0.1,0.001,0.0001,0.001,0.05,0.5,0.05,rho0p05,new_training,4,3,38,0.10453184756139915,0.10451241644720237,0.10419580278297265,0.006332271693584819,0.09261232614517212,0.19451117888092995,0.05000000000000001,0.0003886290772546393,0.0,0.0,0.0,0.0,1.943145412042213e-05,12,108|224|72|171,48,all_filtered,9,True,D:\Running_Place\PostGraduateProjects\Experiments\PostGraduate\backbones\PertubatedBNStatistics\BN-Consistency\shot4\Seed3
PertubatedBNStatistics,Disperssion+Seg-SADG,BN-Consistency,BN-Consistency,Seg-SADG,BN-Consistency,bn_consistency,shallow,0.1,0.1,1.0,0.05,0.1,0.001,0.0001,0.001,0.05,0.5,0.05,rho0p05,new_training,4,3,39,0.10046774211029212,0.10044828243553638,0.10012951927880447,0.006375259331737955,0.08862037335832913,0.18660290290911993,0.05000000000000001,0.0003891838253669751,0.0,0.0,0.0,0.0,1.9459191510880675e-05,12,108|224|72|171,48,all_filtered,9,True,D:\Running_Place\PostGraduateProjects\Experiments\PostGraduate\backbones\PertubatedBNStatistics\BN-Consistency\shot4\Seed3
PertubatedBNStatistics,Disperssion+Seg-SADG,BN-Consistency,BN-Consistency,Seg-SADG,BN-Consistency,bn_consistency,shallow,0.1,0.1,1.0,0.05,0.1,0.001,0.0001,0.001,0.05,0.5,0.05,rho0p05,new_training,4,3,40,0.09944903415938218,0.09942971790830295,0.09909851104021072,0.006624152030174931,0.08710187052687009,0.1969931609928608,0.05000000000000001,0.00038634361408185214,0.0,0.0,0.0,0.0,1.931718096178277e-05,12,108|224|72|171,48,all_filtered,9,True,D:\Running_Place\PostGraduateProjects\Experiments\PostGraduate\backbones\PertubatedBNStatistics\BN-Consistency\shot4\Seed3
PertubatedBNStatistics,Disperssion+Seg-SADG,BN-Consistency,BN-Consistency,Seg-SADG,BN-Consistency,bn_consistency,shallow,0.1,0.1,1.0,0.05,0.1,0.001,0.0001,0.001,0.05,0.5,0.05,rho0p05,new_training,4,3,41,0.09286801020304362,0.09285020331541698,0.09253629979987939,0.006278092002806564,0.08264969723920028,0.16333630681037903,0.05000000000000001,0.00035612310117964324,0.0,0.0,0.0,0.0,1.7806155180248123e-05,12,108|224|72|171,48,all_filtered,9,True,D:\Running_Place\PostGraduateProjects\Experiments\PostGraduate\backbones\PertubatedBNStatistics\BN-Consistency\shot4\Seed3
PertubatedBNStatistics,Disperssion+Seg-SADG,BN-Consistency,BN-Consistency,Seg-SADG,BN-Consistency,bn_consistency,shallow,0.1,0.1,1.0,0.05,0.1,0.001,0.0001,0.001,0.05,0.5,0.05,rho0p05,new_training,4,3,42,0.09097528768082459,0.09095781793196996,0.09067209127048652,0.005714521820967396,0.08018173277378082,0.16898199915885925,0.05000000000000001,0.0003494103511911817,0.0,0.0,0.0,0.0,1.747051775661627e-05,12,108|224|72|171,48,all_filtered,9,True,D:\Running_Place\PostGraduateProjects\Experiments\PostGraduate\backbones\PertubatedBNStatistics\BN-Consistency\shot4\Seed3
PertubatedBNStatistics,Disperssion+Seg-SADG,BN-Consistency,BN-Consistency,Seg-SADG,BN-Consistency,bn_consistency,shallow,0.1,0.1,1.0,0.05,0.1,0.001,0.0001,0.001,0.05,0.5,0.05,rho0p05,new_training,4,3,43,0.08730103882650535,0.08728259615600109,0.08701452426612377,0.005361436866223812,0.07734547493358453,0.15524833959837755,0.05000000000000001,0.00036885919083336677,0.0,0.0,0.0,0.0,1.844295987514973e-05,12,108|224|72|171,48,all_filtered,9,True,D:\Running_Place\PostGraduateProjects\Experiments\PostGraduate\backbones\PertubatedBNStatistics\BN-Consistency\shot4\Seed3
PertubatedBNStatistics,Disperssion+Seg-SADG,BN-Consistency,BN-Consistency,Seg-SADG,BN-Consistency,bn_consistency,shallow,0.1,0.1,1.0,0.05,0.1,0.001,0.0001,0.001,0.05,0.5,0.05,rho0p05,new_training,4,3,44,0.08816224833329518,0.08814443647861481,0.08785834970573585,0.00572172199220707,0.07698064235349496,0.17660992095867792,0.05000000000000001,0.0003562559116592941,0.0,0.0,0.0,0.0,1.7812795855813118e-05,12,108|224|72|171,48,all_filtered,9,True,D:\Running_Place\PostGraduateProjects\Experiments\PostGraduate\backbones\PertubatedBNStatistics\BN-Consistency\shot4\Seed3
PertubatedBNStatistics,Disperssion+Seg-SADG,BN-Consistency,BN-Consistency,Seg-SADG,BN-Consistency,bn_consistency,shallow,0.1,0.1,1.0,0.05,0.1,0.001,0.0001,0.001,0.05,0.5,0.05,rho0p05,new_training,4,3,45,0.0840105339884758,0.08399359323084354,0.0837514294932286,0.0048432738791840775,0.07413335765401523,0.1531817720582088,0.05000000000000001,0.00033883939613588154,0.0,0.0,0.0,0.0,1.694197014027547e-05,12,108|224|72|171,48,all_filtered,9,True,D:\Running_Place\PostGraduateProjects\Experiments\PostGraduate\backbones\PertubatedBNStatistics\BN-Consistency\shot4\Seed3
PertubatedBNStatistics,Disperssion+Seg-SADG,BN-Consistency,BN-Consistency,Seg-SADG,BN-Consistency,bn_consistency,shallow,0.1,0.1,1.0,0.05,0.1,0.001,0.0001,0.001,0.05,0.5,0.05,rho0p05,new_training,4,3,46,0.08453759799400966,0.08451774530112743,0.08425924802819888,0.005169969013271232,0.07369740369419257,0.1679302677512169,0.05000000000000001,0.0003970746268654087,0.0,0.0,0.0,0.0,1.98537312977957e-05,12,108|224|72|171,48,all_filtered,9,True,D:\Running_Place\PostGraduateProjects\Experiments\PostGraduate\backbones\PertubatedBNStatistics\BN-Consistency\shot4\Seed3
PertubatedBNStatistics,Disperssion+Seg-SADG,BN-Consistency,BN-Consistency,Seg-SADG,BN-Consistency,bn_consistency,shallow,0.1,0.1,1.0,0.05,0.1,0.001,0.0001,0.001,0.05,0.5,0.05,rho0p05,new_training,4,3,47,0.08113567282756169,0.08111749154826005,0.08084322450061639,0.0054853627807460725,0.07106455601751804,0.1556708992769321,0.05000000000000001,0.0003636138014068517,0.0,0.0,0.0,0.0,1.8180690403823974e-05,12,108|224|72|171,48,all_filtered,9,True,D:\Running_Place\PostGraduateProjects\Experiments\PostGraduate\backbones\PertubatedBNStatistics\BN-Consistency\shot4\Seed3
PertubatedBNStatistics,Disperssion+Seg-SADG,BN-Consistency,BN-Consistency,Seg-SADG,BN-Consistency,bn_consistency,shallow,0.1,0.1,1.0,0.05,0.1,0.001,0.0001,0.001,0.05,0.5,0.05,rho0p05,new_training,4,3,48,0.07733875699341297,0.0773176991691192,0.07705527481933434,0.005248480709269643,0.06892561043302219,0.13206645535926023,0.05000000000000001,0.00042115001754912856,0.0,0.0,0.0,0.0,2.105750111998835e-05,12,108|224|72|171,48,all_filtered,9,True,D:\Running_Place\PostGraduateProjects\Experiments\PostGraduate\backbones\PertubatedBNStatistics\BN-Consistency\shot4\Seed3
PertubatedBNStatistics,Disperssion+Seg-SADG,BN-Consistency,BN-Consistency,Seg-SADG,BN-Consistency,bn_consistency,shallow,0.1,0.1,1.0,0.05,0.1,0.001,0.0001,0.001,0.05,0.5,0.05,rho0p05,new_training,4,3,49,0.07696198113262653,0.07694296352565289,0.07671128710110982,0.004633523135756453,0.06762244055668513,0.1455579772591591,0.05000000000000001,0.0003803414050101613,0.0,0.0,0.0,0.0,1.9017070523356477e-05,12,108|224|72|171,48,all_filtered,9,True,D:\Running_Place\PostGraduateProjects\Experiments\PostGraduate\backbones\PertubatedBNStatistics\BN-Consistency\shot4\Seed3
PertubatedBNStatistics,Disperssion+Seg-SADG,BN-Consistency,BN-Consistency,Seg-SADG,BN-Consistency,bn_consistency,shallow,0.1,0.1,1.0,0.05,0.1,0.001,0.0001,0.001,0.05,0.5,0.05,rho0p05,new_training,4,3,50,0.07995413740475972,0.07993343969186147,0.07968268853922685,0.005015016960290571,0.06875394905606906,0.1684959332148234,0.05000000000000001,0.000413950302269465,0.0,0.0,0.0,0.0,2.069751553790411e-05,12,108|224|72|171,48,all_filtered,9,True,D:\Running_Place\PostGraduateProjects\Experiments\PostGraduate\backbones\PertubatedBNStatistics\BN-Consistency\shot4\Seed3
PertubatedBNStatistics,Disperssion+Seg-SADG,BN-Consistency,BN-Consistency,Seg-SADG,BN-Consistency,bn_consistency,shallow,0.1,0.1,1.0,0.05,0.1,0.001,0.0001,0.001,0.05,0.5,0.05,rho0p05,new_training,4,3,51,0.0776824379960696,0.07766147144138813,0.07741302624344826,0.00496891955845058,0.06711632572114468,0.15715409070253372,0.05000000000000001,0.00041933115426218137,0.0,0.0,0.0,0.0,2.0966558092065195e-05,12,108|224|72|171,48,all_filtered,9,True,D:\Running_Place\PostGraduateProjects\Experiments\PostGraduate\backbones\PertubatedBNStatistics\BN-Consistency\shot4\Seed3
PertubatedBNStatistics,Disperssion+Seg-SADG,BN-Consistency,BN-Consistency,Seg-SADG,BN-Consistency,bn_consistency,shallow,0.1,0.1,1.0,0.05,0.1,0.001,0.0001,0.001,0.05,0.5,0.05,rho0p05,new_training,4,3,52,0.07419919160505135,0.0741780735552311,0.07394917247196038,0.0045780046105695265,0.06516590279837449,0.14273144056399664,0.05000000000000001,0.0004223513266576144,0.0,0.0,0.0,0.0,2.1117566878577538e-05,12,108|224|72|171,48,all_filtered,9,True,D:\Running_Place\PostGraduateProjects\Experiments\PostGraduate\backbones\PertubatedBNStatistics\BN-Consistency\shot4\Seed3
PertubatedBNStatistics,Disperssion+Seg-SADG,BN-Consistency,BN-Consistency,Seg-SADG,BN-Consistency,bn_consistency,shallow,0.1,0.1,1.0,0.05,0.1,0.001,0.0001,0.001,0.05,0.5,0.05,rho0p05,new_training,4,3,53,0.07102735092242558,0.07100672833621502,0.07077163582046826,0.004701860928131889,0.0628000944852829,0.12769805019100508,0.05000000000000001,0.000412455356126884,0.0,0.0,0.0,0.0,2.06227681095091e-05,12,108|224|72|171,48,all_filtered,9,True,D:\Running_Place\PostGraduateProjects\Experiments\PostGraduate\backbones\PertubatedBNStatistics\BN-Consistency\shot4\Seed3
PertubatedBNStatistics,Disperssion+Seg-SADG,BN-Consistency,BN-Consistency,Seg-SADG,BN-Consistency,bn_consistency,shallow,0.1,0.1,1.0,0.05,0.1,0.001,0.0001,0.001,0.05,0.5,0.05,rho0p05,new_training,4,3,54,0.07087816794713338,0.07085330846409003,0.07066038188834985,0.003858528235772004,0.06158108233163754,0.14260875433683395,0.05000000000000001,0.0004971905497465438,0.0,0.0,0.0,0.0,2.48595277601756e-05,12,108|224|72|171,48,all_filtered,9,True,D:\Running_Place\PostGraduateProjects\Experiments\PostGraduate\backbones\PertubatedBNStatistics\BN-Consistency\shot4\Seed3
PertubatedBNStatistics,Disperssion+Seg-SADG,BN-Consistency,BN-Consistency,Seg-SADG,BN-Consistency,bn_consistency,shallow,0.1,0.1,1.0,0.05,0.1,0.001,0.0001,0.001,0.05,0.5,0.05,rho0p05,new_training,4,3,55,0.06859762718280156,0.06857770619293053,0.0683724619448185,0.004104902211111039,0.05995833159734806,0.13179384544491768,0.05000000000000001,0.00039841002338410664,0.0,0.0,0.0,0.0,1.9920501244996558e-05,12,108|224|72|171,48,all_filtered,9,True,D:\Running_Place\PostGraduateProjects\Experiments\PostGraduate\backbones\PertubatedBNStatistics\BN-Consistency\shot4\Seed3
PertubatedBNStatistics,Disperssion+Seg-SADG,BN-Consistency,BN-Consistency,Seg-SADG,BN-Consistency,bn_consistency,shallow,0.1,0.1,1.0,0.05,0.1,0.001,0.0001,0.001,0.05,0.5,0.05,rho0p05,new_training,4,3,56,0.06874598562717438,0.06872311358650525,0.06851112780471642,0.004239713967156907,0.059124988814195,0.14458485258122286,0.05000000000000001,0.0004574415543174837,0.0,0.0,0.0,0.0,2.2872077882614878e-05,12,108|224|72|171,48,all_filtered,9,True,D:\Running_Place\PostGraduateProjects\Experiments\PostGraduate\backbones\PertubatedBNStatistics\BN-Consistency\shot4\Seed3
PertubatedBNStatistics,Disperssion+Seg-SADG,BN-Consistency,BN-Consistency,Seg-SADG,BN-Consistency,bn_consistency,shallow,0.1,0.1,1.0,0.05,0.1,0.001,0.0001,0.001,0.05,0.5,0.05,rho0p05,new_training,4,3,57,0.0679476981361707,0.06792813974122207,0.06772828722993533,0.00399705971358344,0.05856317716340224,0.14429178399344286,0.05000000000000001,0.0003911639966342288,0.0,0.0,0.0,0.0,1.955820046835773e-05,12,108|224|72|171,48,all_filtered,9,True,D:\Running_Place\PostGraduateProjects\Experiments\PostGraduate\backbones\PertubatedBNStatistics\BN-Consistency\shot4\Seed3
PertubatedBNStatistics,Disperssion+Seg-SADG,BN-Consistency,BN-Consistency,Seg-SADG,BN-Consistency,bn_consistency,shallow,0.1,0.1,1.0,0.05,0.1,0.001,0.0001,0.001,0.05,0.5,0.05,rho0p05,new_training,4,3,58,0.06849698908627033,0.06847282064457734,0.06824670918285847,0.004522221686784178,0.05828820044795672,0.15169777162373066,0.05000000000000001,0.00048335902708155726,0.0,0.0,0.0,0.0,2.41679517027175e-05,12,108|224|72|171,48,all_filtered,9,True,D:\Running_Place\PostGraduateProjects\Experiments\PostGraduate\backbones\PertubatedBNStatistics\BN-Consistency\shot4\Seed3
PertubatedBNStatistics,Disperssion+Seg-SADG,BN-Consistency,BN-Consistency,Seg-SADG,BN-Consistency,bn_consistency,shallow,0.1,0.1,1.0,0.05,0.1,0.001,0.0001,0.001,0.05,0.5,0.05,rho0p05,new_training,4,3,59,0.06581483812381823,0.06579185339311759,0.06559132660428683,0.004010523126150171,0.056896730636556946,0.14093153861661753,0.05000000000000001,0.0004596876460709609,0.0,0.0,0.0,0.0,2.29843828947196e-05,12,108|224|72|171,48,all_filtered,9,True,D:\Running_Place\PostGraduateProjects\Experiments\PostGraduate\backbones\PertubatedBNStatistics\BN-Consistency\shot4\Seed3
PertubatedBNStatistics,Disperssion+Seg-SADG,BN-Consistency,BN-Consistency,Seg-SADG,BN-Consistency,bn_consistency,shallow,0.1,0.1,1.0,0.05,0.1,0.001,0.0001,0.001,0.05,0.5,0.05,rho0p05,new_training,4,3,60,0.06418440615137418,0.06416263307134311,0.06395068857818842,0.004238888524317493,0.055602071496347584,0.12977321073412895,0.05000000000000001,0.0004354497408106302,0.0,0.0,0.0,0.0,2.1772487571070087e-05,12,108|224|72|171,48,all_filtered,9,True,D:\Running_Place\PostGraduateProjects\Experiments\PostGraduate\backbones\PertubatedBNStatistics\BN-Consistency\shot4\Seed3
PertubatedBNStatistics,Disperssion+Seg-SADG,BN-Consistency,BN-Consistency,Seg-SADG,BN-Consistency,bn_consistency,shallow,0.1,0.1,1.0,0.05,0.1,0.001,0.0001,0.001,0.05,0.5,0.05,rho0p05,new_training,4,3,61,0.06353937555104494,0.06351483737428983,0.06332332702974479,0.003830218513030559,0.0545772568633159,0.13497854707141718,0.05000000000000001,0.000490761172841303,0.0,0.0,0.0,0.0,2.4538058823964093e-05,12,108|224|72|171,48,all_filtered,9,True,D:\Running_Place\PostGraduateProjects\Experiments\PostGraduate\backbones\PertubatedBNStatistics\BN-Consistency\shot4\Seed3
PertubatedBNStatistics,Disperssion+Seg-SADG,BN-Consistency,BN-Consistency,Seg-SADG,BN-Consistency,bn_consistency,shallow,0.1,0.1,1.0,0.05,0.1,0.001,0.0001,0.001,0.05,0.5,0.05,rho0p05,new_training,4,3,62,0.0650574741885066,0.06503649055957794,0.06482735214134057,0.004182782625624289,0.054855127508441605,0.1535410930713018,0.05000000000000001,0.0004196916561340913,0.0,0.0,0.0,0.0,2.0984583140185958e-05,12,108|224|72|171,48,all_filtered,9,True,D:\Running_Place\PostGraduateProjects\Experiments\PostGraduate\backbones\PertubatedBNStatistics\BN-Consistency\shot4\Seed3
PertubatedBNStatistics,Disperssion+Seg-SADG,BN-Consistency,BN-Consistency,Seg-SADG,BN-Consistency,bn_consistency,shallow,0.1,0.1,1.0,0.05,0.1,0.001,0.0001,0.001,0.05,0.5,0.05,rho0p05,new_training,4,3,63,0.06220024855186542,0.06218164755652348,0.06198999844491482,0.0038329795158157745,0.053352508383492626,0.13389043447872004,0.05000000000000001,0.0003720079354631404,0.0,0.0,0.0,0.0,1.8600397121796657e-05,12,108|224|72|171,48,all_filtered,9,True,D:\Running_Place\PostGraduateProjects\Experiments\PostGraduate\backbones\PertubatedBNStatistics\BN-Consistency\shot4\Seed3
PertubatedBNStatistics,Disperssion+Seg-SADG,BN-Consistency,BN-Consistency,Seg-SADG,BN-Consistency,bn_consistency,shallow,0.1,0.1,1.0,0.05,0.1,0.001,0.0001,0.001,0.05,0.5,0.05,rho0p05,new_training,4,3,64,0.05883421593656143,0.05881463456898928,0.058641075156629086,0.003471186112922927,0.051521024045844875,0.11324281555910905,0.05000000000000001,0.0003916329102745901,0.0,0.0,0.0,0.0,1.9581645725944934e-05,12,108|224|72|171,48,all_filtered,9,True,D:\Running_Place\PostGraduateProjects\Experiments\PostGraduate\backbones\PertubatedBNStatistics\BN-Consistency\shot4\Seed3
PertubatedBNStatistics,Disperssion+Seg-SADG,BN-Consistency,BN-Consistency,Seg-SADG,BN-Consistency,bn_consistency,shallow,0.1,0.1,1.0,0.05,0.1,0.001,0.0001,0.001,0.05,0.5,0.05,rho0p05,new_training,4,3,65,0.059518534069259964,0.0594936820367972,0.05929022344450156,0.004069168644491583,0.050980353417495884,0.13241840340197086,0.05000000000000001,0.0004970382651663385,0.0,0.0,0.0,0.0,2.4851913470532356e-05,12,108|224|72|171,48,all_filtered,9,True,D:\Running_Place\PostGraduateProjects\Experiments\PostGraduate\backbones\PertubatedBNStatistics\BN-Consistency\shot4\Seed3
PertubatedBNStatistics,Disperssion+Seg-SADG,BN-Consistency,BN-Consistency,Seg-SADG,BN-Consistency,bn_consistency,shallow,0.1,0.1,1.0,0.05,0.1,0.001,0.0001,0.001,0.05,0.5,0.05,rho0p05,new_training,4,3,66,0.05879460150996844,0.05876946294059356,0.058583212085068226,0.00372501837167268,0.05027102120220661,0.13171606014172235,0.05000000000000001,0.0005027803466267263,0.0,0.0,0.0,0.0,2.5139017755767174e-05,12,108|224|72|171,48,all_filtered,9,True,D:\Running_Place\PostGraduateProjects\Experiments\PostGraduate\backbones\PertubatedBNStatistics\BN-Consistency\shot4\Seed3
PertubatedBNStatistics,Disperssion+Seg-SADG,BN-Consistency,BN-Consistency,Seg-SADG,BN-Consistency,bn_consistency,shallow,0.1,0.1,1.0,0.05,0.1,0.001,0.0001,0.001,0.05,0.5,0.05,rho0p05,new_training,4,3,67,0.057678506088753544,0.057655625666181244,0.05749469126264254,0.0032186912333903215,0.04917170386761427,0.12845229916274548,0.05000000000000001,0.00045761441288050264,0.0,0.0,0.0,0.0,2.2880721038139502e-05,12,108|224|72|171,48,all_filtered,9,True,D:\Running_Place\PostGraduateProjects\Experiments\PostGraduate\backbones\PertubatedBNStatistics\BN-Consistency\shot4\Seed3
PertubatedBNStatistics,Disperssion+Seg-SADG,BN-Consistency,BN-Consistency,Seg-SADG,BN-Consistency,bn_consistency,shallow,0.1,0.1,1.0,0.05,0.1,0.001,0.0001,0.001,0.05,0.5,0.05,rho0p05,new_training,4,3,68,0.05725894713153442,0.057235111792882286,0.05707825440913439,0.0031371486256830394,0.04850150737911463,0.1301597865919272,0.05000000000000001,0.00047671623663821566,0.0,0.0,0.0,0.0,2.383581227149989e-05,12,108|224|72|171,48,all_filtered,9,True,D:\Running_Place\PostGraduateProjects\Experiments\PostGraduate\backbones\PertubatedBNStatistics\BN-Consistency\shot4\Seed3
PertubatedBNStatistics,Disperssion+Seg-SADG,BN-Consistency,BN-Consistency,Seg-SADG,BN-Consistency,bn_consistency,shallow,0.1,0.1,1.0,0.05,0.1,0.001,0.0001,0.001,0.05,0.5,0.05,rho0p05,new_training,4,3,69,0.05724490371843179,0.057221874284247555,0.05703874056537946,0.0036626799458948276,0.04863571530828873,0.13365660483638445,0.05000000000000001,0.0004605740274807128,0.0,0.0,0.0,0.0,2.3028701662042295e-05,12,108|224|72|171,48,all_filtered,9,True,D:\Running_Place\PostGraduateProjects\Experiments\PostGraduate\backbones\PertubatedBNStatistics\BN-Consistency\shot4\Seed3
PertubatedBNStatistics,Disperssion+Seg-SADG,BN-Consistency,BN-Consistency,Seg-SADG,BN-Consistency,bn_consistency,shallow,0.1,0.1,1.0,0.05,0.1,0.001,0.0001,0.001,0.05,0.5,0.05,rho0p05,new_training,4,3,70,0.054977902521689735,0.05495690647512674,0.054794881492853165,0.003240507678128779,0.04676948053141435,0.123483931645751,0.05000000000000001,0.0004199136043704736,0.0,0.0,0.0,0.0,2.099568079453699e-05,12,108|224|72|171,48,all_filtered,9,True,D:\Running_Place\PostGraduateProjects\Experiments\PostGraduate\backbones\PertubatedBNStatistics\BN-Consistency\shot4\Seed3
PertubatedBNStatistics,Disperssion+Seg-SADG,BN-Consistency,BN-Consistency,Seg-SADG,BN-Consistency,bn_consistency,shallow,0.1,0.1,1.0,0.05,0.1,0.001,0.0001,0.001,0.05,0.5,0.05,rho0p05,new_training,4,3,71,0.05530181402961413,0.05527886965622505,0.05511298527320226,0.003317688659687216,0.046459901767472424,0.13016403218110403,0.05000000000000001,0.0004588903005545338,0.0,0.0,0.0,0.0,2.294451542184106e-05,12,108|224|72|171,48,all_filtered,9,True,D:\Running_Place\PostGraduateProjects\Experiments\PostGraduate\backbones\PertubatedBNStatistics\BN-Consistency\shot4\Seed3
PertubatedBNStatistics,Disperssion+Seg-SADG,BN-Consistency,BN-Consistency,Seg-SADG,BN-Consistency,bn_consistency,shallow,0.1,0.1,1.0,0.05,0.1,0.001,0.0001,0.001,0.05,0.5,0.05,rho0p05,new_training,4,3,72,0.05355897514770428,0.05353611273070177,0.05337713286280632,0.003179591556545347,0.045387002949913345,0.12141162840028603,0.05000000000000001,0.00045725224723961827,0.0,0.0,0.0,0.0,2.286261292283598e-05,12,108|224|72|171,48,all_filtered,9,True,D:\Running_Place\PostGraduateProjects\Experiments\PostGraduate\backbones\PertubatedBNStatistics\BN-Consistency\shot4\Seed3
PertubatedBNStatistics,Disperssion+Seg-SADG,BN-Consistency,BN-Consistency,Seg-SADG,BN-Consistency,bn_consistency,shallow,0.1,0.1,1.0,0.05,0.1,0.001,0.0001,0.001,0.05,0.5,0.05,rho0p05,new_training,4,3,73,0.05661144138624271,0.05658583901822567,0.05641233424345652,0.0034700888597096005,0.04720818189283212,0.1462906071295341,0.05000000000000001,0.0005120569379262937,0.0,0.0,0.0,0.0,2.5602847472327994e-05,12,108|224|72|171,48,all_filtered,9,True,D:\Running_Place\PostGraduateProjects\Experiments\PostGraduate\backbones\PertubatedBNStatistics\BN-Consistency\shot4\Seed3
PertubatedBNStatistics,Disperssion+Seg-SADG,BN-Consistency,BN-Consistency,Seg-SADG,BN-Consistency,bn_consistency,shallow,0.1,0.1,1.0,0.05,0.1,0.001,0.0001,0.001,0.05,0.5,0.05,rho0p05,new_training,4,3,74,0.055999950195352234,0.05597499509652456,0.05581267736852169,0.003246351630271723,0.04732329770922661,0.13788479628662267,0.05000000000000001,0.0004990973975509405,0.0,0.0,0.0,0.0,2.4954870241344906e-05,12,108|224|72|171,48,all_filtered,9,True,D:\Running_Place\PostGraduateProjects\Experiments\PostGraduate\backbones\PertubatedBNStatistics\BN-Consistency\shot4\Seed3
PertubatedBNStatistics,Disperssion+Seg-SADG,BN-Consistency,BN-Consistency,Seg-SADG,BN-Consistency,bn_consistency,shallow,0.1,0.1,1.0,0.05,0.1,0.001,0.0001,0.001,0.05,0.5,0.05,rho0p05,new_training,4,3,75,0.0529466833298405,0.052924505434930325,0.0527479707573851,0.003530692328543713,0.04494962996492783,0.11943536065518856,0.05000000000000001,0.00044356135064541985,0.0,0.0,0.0,0.0,2.217806771416993e-05,12,108|224|72|171,48,all_filtered,9,True,D:\Running_Place\PostGraduateProjects\Experiments\PostGraduate\backbones\PertubatedBNStatistics\BN-Consistency\shot4\Seed3
PertubatedBNStatistics,Disperssion+Seg-SADG,BN-Consistency,BN-Consistency,Seg-SADG,BN-Consistency,bn_consistency,shallow,0.1,0.1,1.0,0.05,0.1,0.001,0.0001,0.001,0.05,0.5,0.05,rho0p05,new_training,4,3,76,0.05279529870798191,0.05277181789278984,0.052624679480989776,0.002942774367208282,0.044281396393974624,0.12846373952925205,0.05000000000000001,0.00046962003398220986,0.0,0.0,0.0,0.0,2.3481002093224863e-05,12,108|224|72|171,48,all_filtered,9,True,D:\Running_Place\PostGraduateProjects\Experiments\PostGraduate\backbones\PertubatedBNStatistics\BN-Consistency\shot4\Seed3
PertubatedBNStatistics,Disperssion+Seg-SADG,BN-Consistency,BN-Consistency,Seg-SADG,BN-Consistency,bn_consistency,shallow,0.1,0.1,1.0,0.05,0.1,0.001,0.0001,0.001,0.05,0.5,0.05,rho0p05,new_training,4,3,77,0.05313621492435535,0.05311336306234201,0.05295021925121546,0.0032628810149617493,0.04436561930924654,0.13412672777970633,0.05000000000000001,0.0004570278009244551,0.0,0.0,0.0,0.0,2.2851390364545903e-05,12,108|224|72|171,48,all_filtered,9,True,D:\Running_Place\PostGraduateProjects\Experiments\PostGraduate\backbones\PertubatedBNStatistics\BN-Consistency\shot4\Seed3
PertubatedBNStatistics,Disperssion+Seg-SADG,BN-Consistency,BN-Consistency,Seg-SADG,BN-Consistency,bn_consistency,shallow,0.1,0.1,1.0,0.05,0.1,0.001,0.0001,0.001,0.05,0.5,0.05,rho0p05,new_training,4,3,78,0.04886017429331938,0.048840987496078014,0.0486892145127058,0.003035469252305726,0.04201848742862543,0.10749965906143188,0.05000000000000001,0.0003837377516902052,0.0,0.0,0.0,0.0,1.918688803925761e-05,12,108|224|72|171,48,all_filtered,9,True,D:\Running_Place\PostGraduateProjects\Experiments\PostGraduate\backbones\PertubatedBNStatistics\BN-Consistency\shot4\Seed3
PertubatedBNStatistics,Disperssion+Seg-SADG,BN-Consistency,BN-Consistency,Seg-SADG,BN-Consistency,bn_consistency,shallow,0.1,0.1,1.0,0.05,0.1,0.001,0.0001,0.001,0.05,0.5,0.05,rho0p05,new_training,4,3,79,0.04851137287914753,0.04848782935490211,0.04836137965321541,0.0025289910457407436,0.04135835046569506,0.10874874393145244,0.05000000000000001,0.00047087183096058044,0.0,0.0,0.0,0.0,2.3543591851193924e-05,12,108|224|72|171,48,all_filtered,9,True,D:\Running_Place\PostGraduateProjects\Experiments\PostGraduate\backbones\PertubatedBNStatistics\BN-Consistency\shot4\Seed3
PertubatedBNStatistics,Disperssion+Seg-SADG,BN-Consistency,BN-Consistency,Seg-SADG,BN-Consistency,bn_consistency,shallow,0.1,0.1,1.0,0.05,0.1,0.001,0.0001,0.001,0.05,0.5,0.05,rho0p05,new_training,4,3,80,0.06275503523647785,0.06271931001295646,0.06252079798529546,0.003970240456207345,0.051927224112053715,0.17250123744209608,0.05000000000000001,0.0007145194928549851,0.0,0.0,0.0,0.0,3.5725975067180116e-05,12,108|224|72|171,48,all_filtered,9,True,D:\Running_Place\PostGraduateProjects\Experiments\PostGraduate\backbones\PertubatedBNStatistics\BN-Consistency\shot4\Seed3
PertubatedBNStatistics,Disperssion+Seg-SADG,BN-Consistency,BN-Consistency,Seg-SADG,BN-Consistency,bn_consistency,shallow,0.1,0.1,1.0,0.05,0.1,0.001,0.0001,0.001,0.05,0.5,0.05,rho0p05,new_training,4,3,81,0.061450849597652756,0.06142604071646929,0.06121235340833664,0.00427374957750241,0.05166024528443813,0.15777063618103662,0.05000000000000001,0.0004961790133772107,0.0,0.0,0.0,0.0,2.4808951214557357e-05,12,108|224|72|171,48,all_filtered,9,True,D:\Running_Place\PostGraduateProjects\Experiments\PostGraduate\backbones\PertubatedBNStatistics\BN-Consistency\shot4\Seed3
PertubatedBNStatistics,Disperssion+Seg-SADG,BN-Consistency,BN-Consistency,Seg-SADG,BN-Consistency,bn_consistency,shallow,0.1,0.1,1.0,0.05,0.1,0.001,0.0001,0.001,0.05,0.5,0.05,rho0p05,new_training,4,3,82,0.05966497088472048,0.05963775049895048,0.05944629944860935,0.003829023082895825,0.049265265775223575,0.16089305157462755,0.05000000000000001,0.0005444039464540159,0.0,0.0,0.0,0.0,2.7220198110929534e-05,12,108|224|72|171,48,all_filtered,9,True,D:\Running_Place\PostGraduateProjects\Experiments\PostGraduate\backbones\PertubatedBNStatistics\BN-Consistency\shot4\Seed3
PertubatedBNStatistics,Disperssion+Seg-SADG,BN-Consistency,BN-Consistency,Seg-SADG,BN-Consistency,bn_consistency,shallow,0.1,0.1,1.0,0.05,0.1,0.001,0.0001,0.001,0.05,0.5,0.05,rho0p05,new_training,4,3,83,0.05505596318592628,0.05503492895513773,0.054841541374723114,0.003867753150795276,0.04599569706867138,0.13968194896976152,0.05000000000000001,0.00042068096809089184,0.0,0.0,0.0,0.0,2.1034048662234756e-05,12,108|224|72|171,48,all_filtered,9,True,D:\Running_Place\PostGraduateProjects\Experiments\PostGraduate\backbones\PertubatedBNStatistics\BN-Consistency\shot4\Seed3
PertubatedBNStatistics,Disperssion+Seg-SADG,BN-Consistency,BN-Consistency,Seg-SADG,BN-Consistency,bn_consistency,shallow,0.1,0.1,1.0,0.05,0.1,0.001,0.0001,0.001,0.05,0.5,0.05,rho0p05,new_training,4,3,84,0.050931139228244625,0.05091071718682846,0.05075928786148628,0.003028589407525336,0.04303206161906322,0.11947397577265899,0.05000000000000001,0.00040842964517651126,0.0,0.0,0.0,0.0,2.0421482380091522e-05,12,108|224|72|171,48,all_filtered,9,True,D:\Running_Place\PostGraduateProjects\Experiments\PostGraduate\backbones\PertubatedBNStatistics\BN-Consistency\shot4\Seed3
PertubatedBNStatistics,Disperssion+Seg-SADG,BN-Consistency,BN-Consistency,Seg-SADG,BN-Consistency,bn_consistency,shallow,0.1,0.1,1.0,0.05,0.1,0.001,0.0001,0.001,0.05,0.5,0.05,rho0p05,new_training,4,3,85,0.05156966112554073,0.051550048093001045,0.05139198340475559,0.0031612908739286163,0.04248500894755125,0.13480946918328604,0.05000000000000001,0.00039226538259147975,0.0,0.0,0.0,0.0,1.9613269538846605e-05,12,108|224|72|171,48,all_filtered,9,True,D:\Running_Place\PostGraduateProjects\Experiments\PostGraduate\backbones\PertubatedBNStatistics\BN-Consistency\shot4\Seed3
PertubatedBNStatistics,Disperssion+Seg-SADG,BN-Consistency,BN-Consistency,Seg-SADG,BN-Consistency,bn_consistency,shallow,0.1,0.1,1.0,0.05,0.1,0.001,0.0001,0.001,0.05,0.5,0.05,rho0p05,new_training,4,3,86,0.05059287169327339,0.050571843050420284,0.05041974627723297,0.003041933407075703,0.04156935401260853,0.13278867676854134,0.05000000000000001,0.00042055855980531004,0.0,0.0,0.0,0.0,2.1027928520804078e-05,12,108|224|72|171,48,all_filtered,9,True,D:\Running_Place\PostGraduateProjects\Experiments\PostGraduate\backbones\PertubatedBNStatistics\BN-Consistency\shot4\Seed3
PertubatedBNStatistics,Disperssion+Seg-SADG,BN-Consistency,BN-Consistency,Seg-SADG,BN-Consistency,bn_consistency,shallow,0.1,0.1,1.0,0.05,0.1,0.001,0.0001,0.001,0.05,0.5,0.05,rho0p05,new_training,4,3,87,0.04729371859381596,0.047274062099556126,0.0471384913350145,0.002711410120051975,0.04018317380299171,0.10733250466485818,0.05000000000000001,0.0003931270742517275,0.0,0.0,0.0,0.0,1.965635397027654e-05,12,108|224|72|171,48,all_filtered,9,True,D:\Running_Place\PostGraduateProjects\Experiments\PostGraduate\backbones\PertubatedBNStatistics\BN-Consistency\shot4\Seed3
PertubatedBNStatistics,Disperssion+Seg-SADG,BN-Consistency,BN-Consistency,Seg-SADG,BN-Consistency,bn_consistency,shallow,0.1,0.1,1.0,0.05,0.1,0.001,0.0001,0.001,0.05,0.5,0.05,rho0p05,new_training,4,3,88,0.04684463950494925,0.046823800231019654,0.04668288491666317,0.002818303289435183,0.03891955843816201,0.11298258540530999,0.05000000000000001,0.0004167811542477769,0.0,0.0,0.0,0.0,2.0839057924604276e-05,12,108|224|72|171,48,all_filtered,9,True,D:\Running_Place\PostGraduateProjects\Experiments\PostGraduate\backbones\PertubatedBNStatistics\BN-Consistency\shot4\Seed3
PertubatedBNStatistics,Disperssion+Seg-SADG,BN-Consistency,BN-Consistency,Seg-SADG,BN-Consistency,bn_consistency,shallow,0.1,0.1,1.0,0.05,0.1,0.001,0.0001,0.001,0.05,0.5,0.05,rho0p05,new_training,4,3,89,0.04563863451282183,0.04561596270650625,0.045485173972944416,0.0026157695004561297,0.037985481011370816,0.11086485472818215,0.05000000000000001,0.0004534431160815681,0.0,0.0,0.0,0.0,2.267215609208506e-05,12,108|224|72|171,48,all_filtered,9,True,D:\Running_Place\PostGraduateProjects\Experiments\PostGraduate\backbones\PertubatedBNStatistics\BN-Consistency\shot4\Seed3
PertubatedBNStatistics,Disperssion+Seg-SADG,BN-Consistency,BN-Consistency,Seg-SADG,BN-Consistency,bn_consistency,shallow,0.1,0.1,1.0,0.05,0.1,0.001,0.0001,0.001,0.05,0.5,0.05,rho0p05,new_training,4,3,90,0.04538042346636454,0.045357100976010166,0.04522468366970619,0.002648342323179046,0.037756096571683884,0.11393309074143569,0.05000000000000001,0.00046644359584509704,0.0,0.0,0.0,0.0,2.3322179913520813e-05,12,108|224|72|171,48,all_filtered,9,True,D:\Running_Place\PostGraduateProjects\Experiments\PostGraduate\backbones\PertubatedBNStatistics\BN-Consistency\shot4\Seed3
PertubatedBNStatistics,Disperssion+Seg-SADG,BN-Consistency,BN-Consistency,Seg-SADG,BN-Consistency,bn_consistency,shallow,0.1,0.1,1.0,0.05,0.1,0.001,0.0001,0.001,0.05,0.5,0.05,rho0p05,new_training,4,3,91,0.046687621623277664,0.04666092246770859,0.046543401355544724,0.002350428510302057,0.03821513336151838,0.1257174126803875,0.05000000000000001,0.0005339792454227185,0.0,0.0,0.0,0.0,2.6698962907782214e-05,12,108|224|72|171,48,all_filtered,9,True,D:\Running_Place\PostGraduateProjects\Experiments\PostGraduate\backbones\PertubatedBNStatistics\BN-Consistency\shot4\Seed3
PertubatedBNStatistics,Disperssion+Seg-SADG,BN-Consistency,BN-Consistency,Seg-SADG,BN-Consistency,bn_consistency,shallow,0.1,0.1,1.0,0.05,0.1,0.001,0.0001,0.001,0.05,0.5,0.05,rho0p05,new_training,4,3,92,0.04773943778127432,0.04771718010306358,0.04758158512413502,0.002711899306935569,0.038738712357978024,0.13717279707392058,0.05000000000000001,0.00044515619326072436,0.0,0.0,0.0,0.0,2.225781023904953e-05,12,108|224|72|171,48,all_filtered,9,True,D:\Running_Place\PostGraduateProjects\Experiments\PostGraduate\backbones\PertubatedBNStatistics\BN-Consistency\shot4\Seed3
PertubatedBNStatistics,Disperssion+Seg-SADG,BN-Consistency,BN-Consistency,Seg-SADG,BN-Consistency,bn_consistency,shallow,0.1,0.1,1.0,0.05,0.1,0.001,0.0001,0.001,0.05,0.5,0.05,rho0p05,new_training,4,3,93,0.04546122128764788,0.045434958611925445,0.04531100609650215,0.002479047834640369,0.0374150974676013,0.12102810417612393,0.05000000000000001,0.0005252520519813212,0.0,0.0,0.0,0.0,2.6262602735490265e-05,12,108|224|72|171,48,all_filtered,9,True,D:\Running_Place\PostGraduateProjects\Experiments\PostGraduate\backbones\PertubatedBNStatistics\BN-Consistency\shot4\Seed3
PertubatedBNStatistics,Disperssion+Seg-SADG,BN-Consistency,BN-Consistency,Seg-SADG,BN-Consistency,bn_consistency,shallow,0.1,0.1,1.0,0.05,0.1,0.001,0.0001,0.001,0.05,0.5,0.05,rho0p05,new_training,4,3,94,0.04476422475030025,0.0447418966020147,0.04461965803056955,0.002444773019912342,0.03674880632509788,0.11738271204133828,0.05000000000000001,0.0004465550567450312,0.0,0.0,0.0,0.0,2.2327753110099973e-05,12,108|224|72|171,48,all_filtered,9,True,D:\Running_Place\PostGraduateProjects\Experiments\PostGraduate\backbones\PertubatedBNStatistics\BN-Consistency\shot4\Seed3
PertubatedBNStatistics,Disperssion+Seg-SADG,BN-Consistency,BN-Consistency,Seg-SADG,BN-Consistency,bn_consistency,shallow,0.1,0.1,1.0,0.05,0.1,0.001,0.0001,0.001,0.05,0.5,0.05,rho0p05,new_training,4,3,95,0.041347456785539784,0.04132475300381581,0.041204120963811874,0.0024126388986284533,0.034919156692922115,0.09614054796596368,0.05000000000000001,0.00045407756260829046,0.0,0.0,0.0,0.0,2.2703878433579423e-05,12,108|224|72|171,48,all_filtered,9,True,D:\Running_Place\PostGraduateProjects\Experiments\PostGraduate\backbones\PertubatedBNStatistics\BN-Consistency\shot4\Seed3
PertubatedBNStatistics,Disperssion+Seg-SADG,BN-Consistency,BN-Consistency,Seg-SADG,BN-Consistency,bn_consistency,shallow,0.1,0.1,1.0,0.05,0.1,0.001,0.0001,0.001,0.05,0.5,0.05,rho0p05,new_training,4,3,96,0.04090735657761494,0.040886073373258114,0.040764983743429184,0.002421781944576651,0.03417325159534812,0.10016459785401821,0.05000000000000001,0.00042566390038700774,0.0,0.0,0.0,0.0,2.1283195489255984e-05,12,108|224|72|171,48,all_filtered,9,True,D:\Running_Place\PostGraduateProjects\Experiments\PostGraduate\backbones\PertubatedBNStatistics\BN-Consistency\shot4\Seed3
PertubatedBNStatistics,Disperssion+Seg-SADG,BN-Consistency,BN-Consistency,Seg-SADG,BN-Consistency,bn_consistency,shallow,0.1,0.1,1.0,0.05,0.1,0.001,0.0001,0.001,0.05,0.5,0.05,rho0p05,new_training,4,3,97,0.040534344812234245,0.04051222031315168,0.040408783592283726,0.0020687356882262975,0.03377793946613868,0.10151826900740464,0.05000000000000001,0.0004424884197457383,0.0,0.0,0.0,0.0,2.212442154814198e-05,12,108|224|72|171,48,all_filtered,9,True,D:\Running_Place\PostGraduateProjects\Experiments\PostGraduate\backbones\PertubatedBNStatistics\BN-Consistency\shot4\Seed3
PertubatedBNStatistics,Disperssion+Seg-SADG,BN-Consistency,BN-Consistency,Seg-SADG,BN-Consistency,bn_consistency,shallow,0.1,0.1,1.0,0.05,0.1,0.001,0.0001,0.001,0.05,0.5,0.05,rho0p05,new_training,4,3,98,0.038971027048925556,0.038946898033221565,0.03884534661968549,0.002031030123665308,0.032811877162506185,0.09350043969849746,0.05000000000000001,0.0004825872213890155,0.0,0.0,0.0,0.0,2.412936123619147e-05,12,108|224|72|171,48,all_filtered,9,True,D:\Running_Place\PostGraduateProjects\Experiments\PostGraduate\backbones\PertubatedBNStatistics\BN-Consistency\shot4\Seed3
PertubatedBNStatistics,Disperssion+Seg-SADG,BN-Consistency,BN-Consistency,Seg-SADG,BN-Consistency,bn_consistency,shallow,0.1,0.1,1.0,0.05,0.1,0.001,0.0001,0.001,0.05,0.5,0.05,rho0p05,new_training,4,3,99,0.03795256931334734,0.03792497422546148,0.03783342521637678,0.0018309849838260561,0.03204359704007705,0.0903702862560749,0.05000000000000001,0.0005518920831188249,0.0,0.0,0.0,0.0,2.7594604792587536e-05,12,108|224|72|171,48,all_filtered,9,True,D:\Running_Place\PostGraduateProjects\Experiments\PostGraduate\backbones\PertubatedBNStatistics\BN-Consistency\shot4\Seed3
PertubatedBNStatistics,Disperssion+Seg-SADG,BN-Consistency,BN-Consistency,Seg-SADG,BN-Consistency,bn_consistency,shallow,0.1,0.1,1.0,0.05,0.1,0.001,0.0001,0.001,0.05,0.5,0.05,rho0p05,new_training,4,3,100,0.03791964737077554,0.03789722298582395,0.03780306037515402,0.0018832474403704207,0.03175040256852905,0.09299231879413128,0.05000000000000001,0.0004484836002423738,0.0,0.0,0.0,0.0,2.2424180087909917e-05,12,108|224|72|171,48,all_filtered,9,True,D:\Running_Place\PostGraduateProjects\Experiments\PostGraduate\backbones\PertubatedBNStatistics\BN-Consistency\shot4\Seed3
PertubatedBNStatistics,Disperssion+Seg-SADG,BN-Consistency,BN-Consistency,Seg-SADG,BN-Consistency,bn_consistency,shallow,0.1,0.1,1.0,0.05,0.1,0.001,0.0001,0.001,0.05,0.5,0.05,rho0p05,new_training,4,3,101,0.037961055214206375,0.03793812667330106,0.03783817713459333,0.0019989938591606915,0.03146902611479163,0.09916760337849458,0.05000000000000001,0.00045857376729448635,0.0,0.0,0.0,0.0,2.292868854662326e-05,12,108|224|72|171,48,all_filtered,9,True,D:\Running_Place\PostGraduateProjects\Experiments\PostGraduate\backbones\PertubatedBNStatistics\BN-Consistency\shot4\Seed3
PertubatedBNStatistics,Disperssion+Seg-SADG,BN-Consistency,BN-Consistency,Seg-SADG,BN-Consistency,bn_consistency,shallow,0.1,0.1,1.0,0.05,0.1,0.001,0.0001,0.001,0.05,0.5,0.05,rho0p05,new_training,4,3,102,0.037378979536394276,0.03735327161848545,0.03725360054522753,0.001993416245871534,0.031004841594646376,0.09413790702819824,0.05000000000000001,0.0005141585667540008,0.0,0.0,0.0,0.0,2.5707928822763886e-05,12,108|224|72|171,48,all_filtered,9,True,D:\Running_Place\PostGraduateProjects\Experiments\PostGraduate\backbones\PertubatedBNStatistics\BN-Consistency\shot4\Seed3
PertubatedBNStatistics,Disperssion+Seg-SADG,BN-Consistency,BN-Consistency,Seg-SADG,BN-Consistency,bn_consistency,shallow,0.1,0.1,1.0,0.05,0.1,0.001,0.0001,0.001,0.05,0.5,0.05,rho0p05,new_training,4,3,103,0.0372136024137338,0.03718949916462103,0.03709743389238914,0.0018413042416796088,0.030549732347329456,0.09898068817953269,0.05000000000000001,0.00048207121290033683,0.0,0.0,0.0,0.0,2.4103561372612603e-05,12,108|224|72|171,48,all_filtered,9,True,D:\Running_Place\PostGraduateProjects\Experiments\PostGraduate\backbones\PertubatedBNStatistics\BN-Consistency\shot4\Seed3
PertubatedBNStatistics,Disperssion+Seg-SADG,BN-Consistency,BN-Consistency,Seg-SADG,BN-Consistency,bn_consistency,shallow,0.1,0.1,1.0,0.05,0.1,0.001,0.0001,0.001,0.05,0.5,0.05,rho0p05,new_training,4,3,104,0.036799018581708275,0.03677543066442013,0.036689484802385174,0.001718924972616757,0.030232290892551344,0.10194454466303189,0.05000000000000001,0.00047175600290453684,0.0,0.0,0.0,0.0,2.3587800493866478e-05,12,108|224|72|171,48,all_filtered,9,True,D:\Running_Place\PostGraduateProjects\Experiments\PostGraduate\backbones\PertubatedBNStatistics\BN-Consistency\shot4\Seed3
PertubatedBNStatistics,Disperssion+Seg-SADG,BN-Consistency,BN-Consistency,Seg-SADG,BN-Consistency,bn_consistency,shallow,0.1,0.1,1.0,0.05,0.1,0.001,0.0001,0.001,0.05,0.5,0.05,rho0p05,new_training,4,3,105,0.0365253301958243,0.03649834170937538,0.0364020469908913,0.0019259062682976946,0.029762355610728264,0.1009652844319741,0.05000000000000001,0.0005397652203100733,0.0,0.0,0.0,0.0,2.6988261500567507e-05,12,108|224|72|171,48,all_filtered,9,True,D:\Running_Place\PostGraduateProjects\Experiments\PostGraduate\backbones\PertubatedBNStatistics\BN-Consistency\shot4\Seed3
PertubatedBNStatistics,Disperssion+Seg-SADG,BN-Consistency,BN-Consistency,Seg-SADG,BN-Consistency,bn_consistency,shallow,0.1,0.1,1.0,0.05,0.1,0.001,0.0001,0.001,0.05,0.5,0.05,rho0p05,new_training,4,3,106,0.036614906353255115,0.0365881264830629,0.036503724132974945,0.0016880546124108757,0.029581610579043627,0.10329937127729256,0.05000000000000001,0.0005356025673487844,0.0,0.0,0.0,0.0,2.6780129095034983e-05,12,108|224|72|171,48,all_filtered,9,True,D:\Running_Place\PostGraduateProjects\Experiments\PostGraduate\backbones\PertubatedBNStatistics\BN-Consistency\shot4\Seed3
PertubatedBNStatistics,Disperssion+Seg-SADG,BN-Consistency,BN-Consistency,Seg-SADG,BN-Consistency,bn_consistency,shallow,0.1,0.1,1.0,0.05,0.1,0.001,0.0001,0.001,0.05,0.5,0.05,rho0p05,new_training,4,3,107,0.0376897593960166,0.0376623272895813,0.03757799416780472,0.0016866663645487279,0.029940351843833923,0.11737327774365743,0.05000000000000001,0.0005486466058452303,0.0,0.0,0.0,0.0,2.7432330777325358e-05,12,108|224|72|171,48,all_filtered,9,True,D:\Running_Place\PostGraduateProjects\Experiments\PostGraduate\backbones\PertubatedBNStatistics\BN-Consistency\shot4\Seed3
PertubatedBNStatistics,Disperssion+Seg-SADG,BN-Consistency,BN-Consistency,Seg-SADG,BN-Consistency,bn_consistency,shallow,0.1,0.1,1.0,0.05,0.1,0.001,0.0001,0.001,0.05,0.5,0.05,rho0p05,new_training,4,3,108,0.035975112579762936,0.03594905106971661,0.03586510196328163,0.0016789818861677002,0.02913413755595684,0.10218766331672668,0.05000000000000001,0.0005212343797514526,0.0,0.0,0.0,0.0,2.6061719381687e-05,12,108|224|72|171,48,all_filtered,9,True,D:\Running_Place\PostGraduateProjects\Experiments\PostGraduate\backbones\PertubatedBNStatistics\BN-Consistency\shot4\Seed3
PertubatedBNStatistics,Disperssion+Seg-SADG,BN-Consistency,BN-Consistency,Seg-SADG,BN-Consistency,bn_consistency,shallow,0.1,0.1,1.0,0.05,0.1,0.001,0.0001,0.001,0.05,0.5,0.05,rho0p05,new_training,4,3,109,0.03562159929424524,0.03559601648400227,0.035511649834613,0.001687337295152247,0.028961074072867632,0.0989188700914383,0.05000000000000001,0.0005116603764084479,0.0,0.0,0.0,0.0,2.5583019350960967e-05,12,108|224|72|171,48,all_filtered,9,True,D:\Running_Place\PostGraduateProjects\Experiments\PostGraduate\backbones\PertubatedBNStatistics\BN-Consistency\shot4\Seed3
PertubatedBNStatistics,Disperssion+Seg-SADG,BN-Consistency,BN-Consistency,Seg-SADG,BN-Consistency,bn_consistency,shallow,0.1,0.1,1.0,0.05,0.1,0.001,0.0001,0.001,0.05,0.5,0.05,rho0p05,new_training,4,3,110,0.036052159033715725,0.036027983762323856,0.035945260586837925,0.00165446603205055,0.028624087416877348,0.10721726653476556,0.05000000000000001,0.00048350484333544347,0.0,0.0,0.0,0.0,2.4175242591203034e-05,12,108|224|72|171,48,all_filtered,9,True,D:\Running_Place\PostGraduateProjects\Experiments\PostGraduate\backbones\PertubatedBNStatistics\BN-Consistency\shot4\Seed3
PertubatedBNStatistics,Disperssion+Seg-SADG,BN-Consistency,BN-Consistency,Seg-SADG,BN-Consistency,bn_consistency,shallow,0.1,0.1,1.0,0.05,0.1,0.001,0.0001,0.001,0.05,0.5,0.05,rho0p05,new_training,4,3,111,0.03471942711621523,0.03469678293913603,0.03461269879092773,0.0016816836335541059,0.028127158836772043,0.09893410901228587,0.05000000000000001,0.0004528808713075705,0.0,0.0,0.0,0.0,2.2644044141391834e-05,12,108|224|72|171,48,all_filtered,9,True,D:\Running_Place\PostGraduateProjects\Experiments\PostGraduate\backbones\PertubatedBNStatistics\BN-Consistency\shot4\Seed3
PertubatedBNStatistics,Disperssion+Seg-SADG,BN-Consistency,BN-Consistency,Seg-SADG,BN-Consistency,bn_consistency,shallow,0.1,0.1,1.0,0.05,0.1,0.001,0.0001,0.001,0.05,0.5,0.05,rho0p05,new_training,4,3,112,0.03426117884616057,0.034235017684598766,0.03415729943662882,0.001554362160580543,0.027745817477504413,0.09937212616205215,0.05000000000000001,0.0005232211430363046,0.0,0.0,0.0,0.0,2.6161057424663643e-05,12,108|224|72|171,48,all_filtered,9,True,D:\Running_Place\PostGraduateProjects\Experiments\PostGraduate\backbones\PertubatedBNStatistics\BN-Consistency\shot4\Seed3
PertubatedBNStatistics,Disperssion+Seg-SADG,BN-Consistency,BN-Consistency,Seg-SADG,BN-Consistency,bn_consistency,shallow,0.1,0.1,1.0,0.05,0.1,0.001,0.0001,0.001,0.05,0.5,0.05,rho0p05,new_training,4,3,113,0.03441207514454921,0.03438405661533276,0.03430071845650673,0.0016667627011581014,0.027831287123262882,0.10093376537164052,0.05000000000000001,0.0005603711421523864,0.0,0.0,0.0,0.0,2.801855771394912e-05,12,108|224|72|171,48,all_filtered,9,True,D:\Running_Place\PostGraduateProjects\Experiments\PostGraduate\backbones\PertubatedBNStatistics\BN-Consistency\shot4\Seed3
PertubatedBNStatistics,Disperssion+Seg-SADG,BN-Consistency,BN-Consistency,Seg-SADG,BN-Consistency,bn_consistency,shallow,0.1,0.1,1.0,0.05,0.1,0.001,0.0001,0.001,0.05,0.5,0.05,rho0p05,new_training,4,3,114,0.03329499422882994,0.03326863112548987,0.033187917433679104,0.00161426955795226,0.027190441731363535,0.09246249621113141,0.05000000000000001,0.0005272568111346724,0.0,0.0,0.0,0.0,2.636284110243044e-05,12,108|224|72|171,48,all_filtered,9,True,D:\Running_Place\PostGraduateProjects\Experiments\PostGraduate\backbones\PertubatedBNStatistics\BN-Consistency\shot4\Seed3
PertubatedBNStatistics,Disperssion+Seg-SADG,BN-Consistency,BN-Consistency,Seg-SADG,BN-Consistency,bn_consistency,shallow,0.1,0.1,1.0,0.05,0.1,0.001,0.0001,0.001,0.05,0.5,0.05,rho0p05,new_training,4,3,115,0.03269851735482613,0.032670948499192796,0.032599889828513064,0.0014211701054591686,0.026723981214066345,0.09155579408009847,0.05000000000000001,0.0005513857589297307,0.0,0.0,0.0,0.0,2.7569288401233887e-05,12,108|224|72|171,48,all_filtered,9,True,D:\Running_Place\PostGraduateProjects\Experiments\PostGraduate\backbones\PertubatedBNStatistics\BN-Consistency\shot4\Seed3
PertubatedBNStatistics,Disperssion+Seg-SADG,BN-Consistency,BN-Consistency,Seg-SADG,BN-Consistency,bn_consistency,shallow,0.1,0.1,1.0,0.05,0.1,0.001,0.0001,0.001,0.05,0.5,0.05,rho0p05,new_training,4,3,116,0.0333706388870875,0.03334586430961887,0.033264370169490576,0.0016298808332066983,0.02653691607216994,0.10171685926616192,0.05000000000000001,0.000495493290751862,0.0,0.0,0.0,0.0,2.4774664931707473e-05,12,108|224|72|171,48,all_filtered,9,True,D:\Running_Place\PostGraduateProjects\Experiments\PostGraduate\backbones\PertubatedBNStatistics\BN-Consistency\shot4\Seed3
PertubatedBNStatistics,Disperssion+Seg-SADG,BN-Consistency,BN-Consistency,Seg-SADG,BN-Consistency,bn_consistency,shallow,0.1,0.1,1.0,0.05,0.1,0.001,0.0001,0.001,0.05,0.5,0.05,rho0p05,new_training,4,3,117,0.03298821331312259,0.032962012104690075,0.03288499234865109,0.00154039671663971,0.02663883954907457,0.09829353106518586,0.05000000000000001,0.0005240301761659794,0.0,0.0,0.0,0.0,2.6201509551052975e-05,12,108|224|72|171,48,all_filtered,9,True,D:\Running_Place\PostGraduateProjects\Experiments\PostGraduate\backbones\PertubatedBNStatistics\BN-Consistency\shot4\Seed3
PertubatedBNStatistics,Disperssion+Seg-SADG,BN-Consistency,BN-Consistency,Seg-SADG,BN-Consistency,bn_consistency,shallow,0.1,0.1,1.0,0.05,0.1,0.001,0.0001,0.001,0.05,0.5,0.05,rho0p05,new_training,4,3,118,0.033922914415597916,0.03389356564730406,0.033812187146395445,0.001627571497616979,0.026900934676329296,0.10834784805774689,0.05000000000000001,0.0005869759794829102,0.0,0.0,0.0,0.0,2.9348799823007237e-05,12,108|224|72|171,48,all_filtered,9,True,D:\Running_Place\PostGraduateProjects\Experiments\PostGraduate\backbones\PertubatedBNStatistics\BN-Consistency\shot4\Seed3
PertubatedBNStatistics,Disperssion+Seg-SADG,BN-Consistency,BN-Consistency,Seg-SADG,BN-Consistency,bn_consistency,shallow,0.1,0.1,1.0,0.05,0.1,0.001,0.0001,0.001,0.05,0.5,0.05,rho0p05,new_training,4,3,119,0.03397423711915811,0.03394724614918232,0.03387122415006161,0.0015204427569794159,0.026686907125016052,0.10909343200425307,0.05000000000000001,0.0005398201537900604,0.0,0.0,0.0,0.0,2.6991008022984413e-05,12,108|224|72|171,48,all_filtered,9,True,D:\Running_Place\PostGraduateProjects\Experiments\PostGraduate\backbones\PertubatedBNStatistics\BN-Consistency\shot4\Seed3
PertubatedBNStatistics,Disperssion+Seg-SADG,BN-Consistency,BN-Consistency,Seg-SADG,BN-Consistency,bn_consistency,shallow,0.1,0.1,1.0,0.05,0.1,0.001,0.0001,0.001,0.05,0.5,0.05,rho0p05,new_training,4,3,120,0.03470065429185828,0.03467254852876067,0.03458717263614138,0.001707503436288486,0.027174751584728558,0.11463749594986439,0.05000000000000001,0.0005621106223164437,0.0,0.0,0.0,0.0,2.8105531631202513e-05,12,108|224|72|171,48,all_filtered,9,True,D:\Running_Place\PostGraduateProjects\Experiments\PostGraduate\backbones\PertubatedBNStatistics\BN-Consistency\shot4\Seed3
PertubatedBNStatistics,Disperssion+Seg-SADG,BN-Consistency,BN-Consistency,Seg-SADG,BN-Consistency,bn_consistency,shallow,0.1,0.1,1.0,0.05,0.1,0.001,0.0001,0.001,0.05,0.5,0.05,rho0p05,new_training,4,3,121,0.0340386723789076,0.03400962054729462,0.033921803968648113,0.001756334332943273,0.02685650996863842,0.11067567765712738,0.05000000000000001,0.000581040934775956,0.0,0.0,0.0,0.0,2.905204731481111e-05,12,108|224|72|171,48,all_filtered,9,True,D:\Running_Place\PostGraduateProjects\Experiments\PostGraduate\backbones\PertubatedBNStatistics\BN-Consistency\shot4\Seed3
PertubatedBNStatistics,Disperssion+Seg-SADG,BN-Consistency,BN-Consistency,Seg-SADG,BN-Consistency,bn_consistency,shallow,0.1,0.1,1.0,0.05,0.1,0.001,0.0001,0.001,0.05,0.5,0.05,rho0p05,new_training,4,3,122,0.031684125773608685,0.03165720930943886,0.031589924513051905,0.001345699429900075,0.025491378580530483,0.09486307700475057,0.05000000000000001,0.0005383268338240063,0.0,0.0,0.0,0.0,2.6916342145947663e-05,12,108|224|72|171,48,all_filtered,9,True,D:\Running_Place\PostGraduateProjects\Experiments\PostGraduate\backbones\PertubatedBNStatistics\BN-Consistency\shot4\Seed3
PertubatedBNStatistics,Disperssion+Seg-SADG,BN-Consistency,BN-Consistency,Seg-SADG,BN-Consistency,bn_consistency,shallow,0.1,0.1,1.0,0.05,0.1,0.001,0.0001,0.001,0.05,0.5,0.05,rho0p05,new_training,4,3,123,0.04443261198078593,0.04439367695401112,0.04428723159556588,0.0021289147989591584,0.03343119751662016,0.15513524102667967,0.05000000000000001,0.0007786986291951811,0.0,0.0,0.0,0.0,3.8934931884189915e-05,12,108|224|72|171,48,all_filtered,9,True,D:\Running_Place\PostGraduateProjects\Experiments\PostGraduate\backbones\PertubatedBNStatistics\BN-Consistency\shot4\Seed3
PertubatedBNStatistics,Disperssion+Seg-SADG,BN-Consistency,BN-Consistency,Seg-SADG,BN-Consistency,bn_consistency,shallow,0.1,0.1,1.0,0.05,0.1,0.001,0.0001,0.001,0.05,0.5,0.05,rho0p05,new_training,4,3,124,0.058264199644327164,0.058210814061264195,0.058037045722206436,0.0034753637155517936,0.0466355299577117,0.18239393085241318,0.05000000000000001,0.0010677116903631638,0.0,0.0,0.0,0.0,5.338558563986832e-05,12,108|224|72|171,48,all_filtered,9,True,D:\Running_Place\PostGraduateProjects\Experiments\PostGraduate\backbones\PertubatedBNStatistics\BN-Consistency\shot4\Seed3
PertubatedBNStatistics,Disperssion+Seg-SADG,BN-Consistency,BN-Consistency,Seg-SADG,BN-Consistency,bn_consistency,shallow,0.1,0.1,1.0,0.05,0.1,0.001,0.0001,0.001,0.05,0.5,0.05,rho0p05,new_training,4,3,125,0.06417529502262671,0.06414076158155997,0.06387455357859533,0.005324166888991992,0.05199610193570455,0.20058832441767058,0.05000000000000001,0.0006906606455837997,0.0,0.0,0.0,0.0,3.4533032248873496e-05,12,108|224|72|171,48,all_filtered,9,True,D:\Running_Place\PostGraduateProjects\Experiments\PostGraduate\backbones\PertubatedBNStatistics\BN-Consistency\shot4\Seed3
PertubatedBNStatistics,Disperssion+Seg-SADG,BN-Consistency,BN-Consistency,Seg-SADG,BN-Consistency,bn_consistency,shallow,0.1,0.1,1.0,0.05,0.1,0.001,0.0001,0.001,0.05,0.5,0.05,rho0p05,new_training,4,3,126,0.054697078031798206,0.054673818250497185,0.054433390808602176,0.00480854808120057,0.04518469423055649,0.1504740578432878,0.05000000000000001,0.00046518746482130763,0.0,0.0,0.0,0.0,2.3259373620021506e-05,12,108|224|72|171,48,all_filtered,9,True,D:\Running_Place\PostGraduateProjects\Experiments\PostGraduate\backbones\PertubatedBNStatistics\BN-Consistency\shot4\Seed3
PertubatedBNStatistics,Disperssion+Seg-SADG,BN-Consistency,BN-Consistency,Seg-SADG,BN-Consistency,bn_consistency,shallow,0.1,0.1,1.0,0.05,0.1,0.001,0.0001,0.001,0.05,0.5,0.05,rho0p05,new_training,4,3,127,0.045812694976727165,0.045792486829062305,0.04561550263315439,0.003539684092781196,0.03879397331426541,0.11290291075905164,0.05000000000000001,0.0004041493812110275,0.0,0.0,0.0,0.0,2.0207469636564685e-05,12,108|224|72|171,48,all_filtered,9,True,D:\Running_Place\PostGraduateProjects\Experiments\PostGraduate\backbones\PertubatedBNStatistics\BN-Consistency\shot4\Seed3
PertubatedBNStatistics,Disperssion+Seg-SADG,BN-Consistency,BN-Consistency,Seg-SADG,BN-Consistency,bn_consistency,shallow,0.1,0.1,1.0,0.05,0.1,0.001,0.0001,0.001,0.05,0.5,0.05,rho0p05,new_training,4,3,128,0.04259229886035124,0.042571477902432285,0.042421906565626465,0.0029914352538374565,0.035252043046057224,0.1136328186839819,0.05000000000000001,0.00041642520227469504,0.0,0.0,0.0,0.0,2.0821260250158957e-05,12,108|224|72|171,48,all_filtered,9,True,D:\Running_Place\PostGraduateProjects\Experiments\PostGraduate\backbones\PertubatedBNStatistics\BN-Consistency\shot4\Seed3
PertubatedBNStatistics,Disperssion+Seg-SADG,BN-Consistency,BN-Consistency,Seg-SADG,BN-Consistency,bn_consistency,shallow,0.1,0.1,1.0,0.05,0.1,0.001,0.0001,0.001,0.05,0.5,0.05,rho0p05,new_training,4,3,129,0.040553100096682705,0.040532177624603115,0.04041011072695255,0.002441336827663084,0.03280765966822704,0.1182786412537098,0.05000000000000001,0.00041845264058792964,0.0,0.0,0.0,0.0,2.092263222645367e-05,12,108|224|72|171,48,all_filtered,9,True,D:\Running_Place\PostGraduateProjects\Experiments\PostGraduate\backbones\PertubatedBNStatistics\BN-Consistency\shot4\Seed3
PertubatedBNStatistics,Disperssion+Seg-SADG,BN-Consistency,BN-Consistency,Seg-SADG,BN-Consistency,bn_consistency,shallow,0.1,0.1,1.0,0.05,0.1,0.001,0.0001,0.001,0.05,0.5,0.05,rho0p05,new_training,4,3,130,0.038494705532987915,0.038473344718416534,0.03835668911536535,0.002333103766432032,0.03119530746092399,0.10972767819960912,0.05000000000000001,0.0004272173149123167,0.0,0.0,0.0,0.0,2.1360865957831265e-05,12,108|224|72|171,48,all_filtered,9,True,D:\Running_Place\PostGraduateProjects\Experiments\PostGraduate\backbones\PertubatedBNStatistics\BN-Consistency\shot4\Seed3
PertubatedBNStatistics,Disperssion+Seg-SADG,BN-Consistency,BN-Consistency,Seg-SADG,BN-Consistency,bn_consistency,shallow,0.1,0.1,1.0,0.05,0.1,0.001,0.0001,0.001,0.05,0.5,0.05,rho0p05,new_training,4,3,131,0.03595179381469885,0.035930018251140915,0.03582979583491882,0.002004447946092114,0.029162170520673197,0.10334155956904094,0.05000000000000001,0.00043549907180325437,0.0,0.0,0.0,0.0,2.177495389332762e-05,12,108|224|72|171,48,all_filtered,9,True,D:\Running_Place\PostGraduateProjects\Experiments\PostGraduate\backbones\PertubatedBNStatistics\BN-Consistency\shot4\Seed3
PertubatedBNStatistics,Disperssion+Seg-SADG,BN-Consistency,BN-Consistency,Seg-SADG,BN-Consistency,bn_consistency,shallow,0.1,0.1,1.0,0.05,0.1,0.001,0.0001,0.001,0.05,0.5,0.05,rho0p05,new_training,4,3,132,0.035385972199340664,0.03536178544163704,0.03526053577661514,0.0020250032539479434,0.02840844014038642,0.10518062052627404,0.05000000000000001,0.00048373244014025357,0.0,0.0,0.0,0.0,2.418662234049407e-05,12,108|224|72|171,48,all_filtered,9,True,D:\Running_Place\PostGraduateProjects\Experiments\PostGraduate\backbones\PertubatedBNStatistics\BN-Consistency\shot4\Seed3
PertubatedBNStatistics,Disperssion+Seg-SADG,BN-Consistency,BN-Consistency,Seg-SADG,BN-Consistency,bn_consistency,shallow,0.1,0.1,1.0,0.05,0.1,0.001,0.0001,0.001,0.05,0.5,0.05,rho0p05,new_training,4,3,133,0.03414411563426256,0.03412287107979258,0.03404481507216891,0.0015611177465567987,0.027608880773186684,0.1010386310517788,0.05000000000000001,0.00042489528520187986,0.0,0.0,0.0,0.0,2.1244764563258894e-05,12,108|224|72|171,48,all_filtered,9,True,D:\Running_Place\PostGraduateProjects\Experiments\PostGraduate\backbones\PertubatedBNStatistics\BN-Consistency\shot4\Seed3
PertubatedBNStatistics,Disperssion+Seg-SADG,BN-Consistency,BN-Consistency,Seg-SADG,BN-Consistency,bn_consistency,shallow,0.1,0.1,1.0,0.05,0.1,0.001,0.0001,0.001,0.05,0.5,0.05,rho0p05,new_training,4,3,134,0.0327950669452548,0.03277459445719918,0.032687047962099314,0.0017509292617129784,0.026593938935548067,0.09411687466005485,0.05000000000000001,0.0004094374889973551,0.0,0.0,0.0,0.0,2.0471874601450207e-05,12,108|224|72|171,48,all_filtered,9,True,D:\Running_Place\PostGraduateProjects\Experiments\PostGraduate\backbones\PertubatedBNStatistics\BN-Consistency\shot4\Seed3
PertubatedBNStatistics,Disperssion+Seg-SADG,BN-Consistency,BN-Consistency,Seg-SADG,BN-Consistency,bn_consistency,shallow,0.1,0.1,1.0,0.05,0.1,0.001,0.0001,0.001,0.05,0.5,0.05,rho0p05,new_training,4,3,135,0.031806547505160175,0.03178545692935586,0.03170050121843815,0.001699115401909997,0.02577460774530967,0.09062832966446877,0.05000000000000001,0.00042181110378199566,0.0,0.0,0.0,0.0,2.1090555492264684e-05,12,108|224|72|171,48,all_filtered,9,True,D:\Running_Place\PostGraduateProjects\Experiments\PostGraduate\backbones\PertubatedBNStatistics\BN-Consistency\shot4\Seed3
PertubatedBNStatistics,Disperssion+Seg-SADG,BN-Consistency,BN-Consistency,Seg-SADG,BN-Consistency,bn_consistency,shallow,0.1,0.1,1.0,0.05,0.1,0.001,0.0001,0.001,0.05,0.5,0.05,rho0p05,new_training,4,3,136,0.029986876839150984,0.029961632719884317,0.029888316212842863,0.0014663345549100388,0.0244912039488554,0.08219418333222468,0.05000000000000001,0.0005048695287162749,0.0,0.0,0.0,0.0,2.5243476557079703e-05,12,108|224|72|171,48,all_filtered,9,True,D:\Running_Place\PostGraduateProjects\Experiments\PostGraduate\backbones\PertubatedBNStatistics\BN-Consistency\shot4\Seed3
PertubatedBNStatistics,Disperssion+Seg-SADG,BN-Consistency,BN-Consistency,Seg-SADG,BN-Consistency,bn_consistency,shallow,0.1,0.1,1.0,0.05,0.1,0.001,0.0001,0.001,0.05,0.5,0.05,rho0p05,new_training,4,3,137,0.02897128804276387,0.028946823595712583,0.028879983195414145,0.0013368045765673742,0.023618108903368313,0.07809341419488192,0.05000000000000001,0.0004892909176608858,0.0,0.0,0.0,0.0,2.446454648937409e-05,12,108|224|72|171,48,all_filtered,9,True,D:\Running_Place\PostGraduateProjects\Experiments\PostGraduate\backbones\PertubatedBNStatistics\BN-Consistency\shot4\Seed3
PertubatedBNStatistics,Disperssion+Seg-SADG,BN-Consistency,BN-Consistency,Seg-SADG,BN-Consistency,bn_consistency,shallow,0.1,0.1,1.0,0.05,0.1,0.001,0.0001,0.001,0.05,0.5,0.05,rho0p05,new_training,4,3,138,0.029440126692255337,0.029417445572714012,0.029344583706309397,0.0014572400250472128,0.023598186671733856,0.08666155238946278,0.05000000000000001,0.00045362811457986635,0.0,0.0,0.0,0.0,2.2681406032158218e-05,12,108|224|72|171,48,all_filtered,9,True,D:\Running_Place\PostGraduateProjects\Experiments\PostGraduate\backbones\PertubatedBNStatistics\BN-Consistency\shot4\Seed3
PertubatedBNStatistics,Disperssion+Seg-SADG,BN-Consistency,BN-Consistency,Seg-SADG,BN-Consistency,bn_consistency,shallow,0.1,0.1,1.0,0.05,0.1,0.001,0.0001,0.001,0.05,0.5,0.05,rho0p05,new_training,4,3,139,0.02946272787327568,0.029436231590807438,0.029368583889057238,0.0013529536954592913,0.023475194194664557,0.09130055519441764,0.05000000000000001,0.0005299276454024948,0.0,0.0,0.0,0.0,2.649638311898646e-05,12,108|224|72|171,48,all_filtered,9,True,D:\Running_Place\PostGraduateProjects\Experiments\PostGraduate\backbones\PertubatedBNStatistics\BN-Consistency\shot4\Seed3
PertubatedBNStatistics,Disperssion+Seg-SADG,BN-Consistency,BN-Consistency,Seg-SADG,BN-Consistency,bn_consistency,shallow,0.1,0.1,1.0,0.05,0.1,0.001,0.0001,0.001,0.05,0.5,0.05,rho0p05,new_training,4,3,140,0.029683582950383425,0.029658189974725246,0.029589686853190262,0.0013700620038434863,0.02331328842168053,0.09301062859594822,0.05000000000000001,0.0005078592439531349,0.0,0.0,0.0,0.0,2.5392962470505154e-05,12,108|224|72|171,48,all_filtered,9,True,D:\Running_Place\PostGraduateProjects\Experiments\PostGraduate\backbones\PertubatedBNStatistics\BN-Consistency\shot4\Seed3
PertubatedBNStatistics,Disperssion+Seg-SADG,BN-Consistency,BN-Consistency,Seg-SADG,BN-Consistency,bn_consistency,shallow,0.1,0.1,1.0,0.05,0.1,0.001,0.0001,0.001,0.05,0.5,0.05,rho0p05,new_training,4,3,141,0.030441022012382746,0.030415500203768413,0.03034775409226616,0.0013549248105846345,0.02333337798093756,0.10303523888190587,0.05000000000000001,0.0005104372515537156,0.0,0.0,0.0,0.0,2.552186341138925e-05,12,108|224|72|171,48,all_filtered,9,True,D:\Running_Place\PostGraduateProjects\Experiments\PostGraduate\backbones\PertubatedBNStatistics\BN-Consistency\shot4\Seed3
PertubatedBNStatistics,Disperssion+Seg-SADG,BN-Consistency,BN-Consistency,Seg-SADG,BN-Consistency,bn_consistency,shallow,0.1,0.1,1.0,0.05,0.1,0.001,0.0001,0.001,0.05,0.5,0.05,rho0p05,new_training,4,3,142,0.028484591127683718,0.02845966226110856,0.028397707579036553,0.0012390937336022034,0.022644519650687773,0.08629059791564941,0.05000000000000001,0.0004985724178065235,0.0,0.0,0.0,0.0,2.4928621314757038e-05,12,108|224|72|171,48,all_filtered,9,True,D:\Running_Place\PostGraduateProjects\Experiments\PostGraduate\backbones\PertubatedBNStatistics\BN-Consistency\shot4\Seed3
PertubatedBNStatistics,Disperssion+Seg-SADG,BN-Consistency,BN-Consistency,Seg-SADG,BN-Consistency,bn_consistency,shallow,0.1,0.1,1.0,0.05,0.1,0.001,0.0001,0.001,0.05,0.5,0.05,rho0p05,new_training,4,3,143,0.028916290495544672,0.028888926686098177,0.028819489137579996,0.0013887535606045276,0.022508585049460333,0.09507919351259868,0.05000000000000001,0.0005472760167322122,0.0,0.0,0.0,0.0,2.736380110945902e-05,12,108|224|72|171,48,all_filtered,9,True,D:\Running_Place\PostGraduateProjects\Experiments\PostGraduate\backbones\PertubatedBNStatistics\BN-Consistency\shot4\Seed3
PertubatedBNStatistics,Disperssion+Seg-SADG,BN-Consistency,BN-Consistency,Seg-SADG,BN-Consistency,bn_consistency,shallow,0.1,0.1,1.0,0.05,0.1,0.001,0.0001,0.001,0.05,0.5,0.05,rho0p05,new_training,4,3,144,0.02802912254507343,0.02800307438398401,0.027942638378590345,0.0012087272625649348,0.022052458487451077,0.08826715250809987,0.05000000000000001,0.0005209615677207088,0.0,0.0,0.0,0.0,2.604807893173226e-05,12,108|224|72|171,48,all_filtered,9,True,D:\Running_Place\PostGraduateProjects\Experiments\PostGraduate\backbones\PertubatedBNStatistics\BN-Consistency\shot4\Seed3
PertubatedBNStatistics,Disperssion+Seg-SADG,BN-Consistency,BN-Consistency,Seg-SADG,BN-Consistency,bn_consistency,shallow,0.1,0.1,1.0,0.05,0.1,0.001,0.0001,0.001,0.05,0.5,0.05,rho0p05,new_training,4,3,145,0.026628094414869945,0.026603439978013437,0.026547748285035293,0.0011138388169153284,0.021274773714443047,0.08106102794408798,0.05000000000000001,0.0004930900322506204,0.0,0.0,0.0,0.0,2.4654502340126783e-05,12,108|224|72|171,48,all_filtered,9,True,D:\Running_Place\PostGraduateProjects\Experiments\PostGraduate\backbones\PertubatedBNStatistics\BN-Consistency\shot4\Seed3
PertubatedBNStatistics,Disperssion+Seg-SADG,BN-Consistency,BN-Consistency,Seg-SADG,BN-Consistency,bn_consistency,shallow,0.1,0.1,1.0,0.05,0.1,0.001,0.0001,0.001,0.05,0.5,0.05,rho0p05,new_training,4,3,146,0.026254460215568542,0.02622972009703517,0.02616972227891286,0.0011999559792457148,0.020908670189479988,0.07976236628989379,0.05000000000000001,0.0004948041047706889,0.0,0.0,0.0,0.0,2.47402059964467e-05,12,108|224|72|171,48,all_filtered,9,True,D:\Running_Place\PostGraduateProjects\Experiments\PostGraduate\backbones\PertubatedBNStatistics\BN-Consistency\shot4\Seed3
PertubatedBNStatistics,Disperssion+Seg-SADG,BN-Consistency,BN-Consistency,Seg-SADG,BN-Consistency,bn_consistency,shallow,0.1,0.1,1.0,0.05,0.1,0.001,0.0001,0.001,0.05,0.5,0.05,rho0p05,new_training,4,3,147,0.025439566001296043,0.025410532330473263,0.025357984161625307,0.0010509659041417763,0.020245600181321304,0.07578560089071591,0.05000000000000001,0.0005806682165712118,0.0,0.0,0.0,0.0,2.9033411465206882e-05,12,108|224|72|171,48,all_filtered,9,True,D:\Running_Place\PostGraduateProjects\Experiments\PostGraduate\backbones\PertubatedBNStatistics\BN-Consistency\shot4\Seed3
PertubatedBNStatistics,Disperssion+Seg-SADG,BN-Consistency,BN-Consistency,Seg-SADG,BN-Consistency,bn_consistency,shallow,0.1,0.1,1.0,0.05,0.1,0.001,0.0001,0.001,0.05,0.5,0.05,rho0p05,new_training,4,3,148,0.0281726298853755,0.02814540158336361,0.028084329950312775,0.0012214369926368818,0.02110353857278824,0.10495687400301297,0.05000000000000001,0.000544574456095385,0.0,0.0,0.0,0.0,2.7228723259516602e-05,12,108|224|72|171,48,all_filtered,9,True,D:\Running_Place\PostGraduateProjects\Experiments\PostGraduate\backbones\PertubatedBNStatistics\BN-Consistency\shot4\Seed3
PertubatedBNStatistics,Disperssion+Seg-SADG,BN-Consistency,BN-Consistency,Seg-SADG,BN-Consistency,bn_consistency,shallow,0.1,0.1,1.0,0.05,0.1,0.001,0.0001,0.001,0.05,0.5,0.05,rho0p05,new_training,4,3,149,0.02660415538897117,0.02657812476779024,0.026519942563027143,0.0011636472530274962,0.020712663574765127,0.08869152205685775,0.05000000000000001,0.0005206155692576431,0.0,0.0,0.0,0.0,2.603077875088881e-05,12,108|224|72|171,48,all_filtered,9,True,D:\Running_Place\PostGraduateProjects\Experiments\PostGraduate\backbones\PertubatedBNStatistics\BN-Consistency\shot4\Seed3
PertubatedBNStatistics,Disperssion+Seg-SADG,BN-Consistency,BN-Consistency,Seg-SADG,BN-Consistency,bn_consistency,shallow,0.1,0.1,1.0,0.05,0.1,0.001,0.0001,0.001,0.05,0.5,0.05,rho0p05,new_training,4,3,150,0.025904566515237093,0.025879943122466404,0.025823799738039572,0.0011228654814961676,0.020455030103524525,0.08368993457406759,0.05000000000000001,0.0004924648092128336,0.0,0.0,0.0,0.0,2.4623240885072544e-05,12,108|224|72|171,48,all_filtered,9,True,D:\Running_Place\PostGraduateProjects\Experiments\PostGraduate\backbones\PertubatedBNStatistics\BN-Consistency\shot4\Seed3
PertubatedBNStatistics,Disperssion+Seg-SADG,BN-Consistency,BN-Consistency,Seg-SADG,BN-Consistency,bn_consistency,shallow,0.1,0.1,1.0,0.05,0.1,0.001,0.0001,0.001,0.05,0.5,0.05,rho0p05,new_training,4,3,151,0.02559119105959932,0.025564626790583134,0.025508596561849117,0.0011206037597730756,0.0201193584750096,0.08488893260558446,0.05000000000000001,0.0005312781819763283,0.0,0.0,0.0,0.0,2.6563909311031846e-05,12,108|224|72|171,48,all_filtered,9,True,D:\Running_Place\PostGraduateProjects\Experiments\PostGraduate\backbones\PertubatedBNStatistics\BN-Consistency\shot4\Seed3
PertubatedBNStatistics,Disperssion+Seg-SADG,BN-Consistency,BN-Consistency,Seg-SADG,BN-Consistency,bn_consistency,shallow,0.1,0.1,1.0,0.05,0.1,0.001,0.0001,0.001,0.05,0.5,0.05,rho0p05,new_training,4,3,152,0.024721282223860424,0.02469605067744851,0.024647643479208153,0.000968140120676253,0.019462482227633398,0.08090401502947013,0.05000000000000001,0.0005046304771288609,0.0,0.0,0.0,0.0,2.5231524129291454e-05,12,108|224|72|171,48,all_filtered,9,True,D:\Running_Place\PostGraduateProjects\Experiments\PostGraduate\backbones\PertubatedBNStatistics\BN-Consistency\shot4\Seed3
PertubatedBNStatistics,Disperssion+Seg-SADG,BN-Consistency,BN-Consistency,Seg-SADG,BN-Consistency,bn_consistency,shallow,0.1,0.1,1.0,0.05,0.1,0.001,0.0001,0.001,0.05,0.5,0.05,rho0p05,new_training,4,3,153,0.025335083870838087,0.025307989679276943,0.025253859038154285,0.001082612846706373,0.019342695052425068,0.08593072680135568,0.05000000000000001,0.000541879671800416,0.0,0.0,0.0,0.0,2.70939841963506e-05,12,108|224|72|171,48,all_filtered,9,True,D:\Running_Place\PostGraduateProjects\Experiments\PostGraduate\backbones\PertubatedBNStatistics\BN-Consistency\shot4\Seed3
PertubatedBNStatistics,Disperssion+Seg-SADG,BN-Consistency,BN-Consistency,Seg-SADG,BN-Consistency,bn_consistency,shallow,0.1,0.1,1.0,0.05,0.1,0.001,0.0001,0.001,0.05,0.5,0.05,rho0p05,new_training,4,3,154,0.026052804042895634,0.02602455097561081,0.025971025694161654,0.0010705076905045037,0.019584286802758772,0.09573385988672574,0.05000000000000001,0.0005650651874020696,0.0,0.0,0.0,0.0,2.825326009769924e-05,12,108|224|72|171,48,all_filtered,9,True,D:\Running_Place\PostGraduateProjects\Experiments\PostGraduate\backbones\PertubatedBNStatistics\BN-Consistency\shot4\Seed3
PertubatedBNStatistics,Disperssion+Seg-SADG,BN-Consistency,BN-Consistency,Seg-SADG,BN-Consistency,bn_consistency,shallow,0.1,0.1,1.0,0.05,0.1,0.001,0.0001,0.001,0.05,0.5,0.05,rho0p05,new_training,4,3,155,0.024686754525949556,0.024660645984113216,0.02461266579727332,0.0009596016413221756,0.019167165271937847,0.08390067797154188,0.05000000000000001,0.0005221744140726514,0.0,0.0,0.0,0.0,2.6108721309962373e-05,12,108|224|72|171,48,all_filtered,9,True,D:\Running_Place\PostGraduateProjects\Experiments\PostGraduate\backbones\PertubatedBNStatistics\BN-Consistency\shot4\Seed3
PertubatedBNStatistics,Disperssion+Seg-SADG,BN-Consistency,BN-Consistency,Seg-SADG,BN-Consistency,bn_consistency,shallow,0.1,0.1,1.0,0.05,0.1,0.001,0.0001,0.001,0.05,0.5,0.05,rho0p05,new_training,4,3,156,0.02492814107487599,0.024899516409883898,0.024849687237292528,0.0009965821761094655,0.018913150765001774,0.0870460793375969,0.05000000000000001,0.0005724906028869251,0.0,0.0,0.0,0.0,2.8624531144790428e-05,12,108|224|72|171,48,all_filtered,9,True,D:\Running_Place\PostGraduateProjects\Experiments\PostGraduate\backbones\PertubatedBNStatistics\BN-Consistency\shot4\Seed3
PertubatedBNStatistics,Disperssion+Seg-SADG,BN-Consistency,BN-Consistency,Seg-SADG,BN-Consistency,bn_consistency,shallow,0.1,0.1,1.0,0.05,0.1,0.001,0.0001,0.001,0.05,0.5,0.05,rho0p05,new_training,4,3,157,0.023937400585661333,0.023911879708369572,0.023864610275874536,0.0009453932725591585,0.018446424044668674,0.08388783410191536,0.05000000000000001,0.0005104172378196381,0.0,0.0,0.0,0.0,2.5520862436678726e-05,12,108|224|72|171,48,all_filtered,9,True,D:\Running_Place\PostGraduateProjects\Experiments\PostGraduate\backbones\PertubatedBNStatistics\BN-Consistency\shot4\Seed3
PertubatedBNStatistics,Disperssion+Seg-SADG,BN-Consistency,BN-Consistency,Seg-SADG,BN-Consistency,bn_consistency,shallow,0.1,0.1,1.0,0.05,0.1,0.001,0.0001,0.001,0.05,0.5,0.05,rho0p05,new_training,4,3,158,0.022849461684624355,0.022820772758374613,0.022773348881552618,0.0009484777692705393,0.017911670341466863,0.07617404932777087,0.05000000000000001,0.0005737762670226706,0.0,0.0,0.0,0.0,2.868881362398194e-05,12,108|224|72|171,48,all_filtered,9,True,D:\Running_Place\PostGraduateProjects\Experiments\PostGraduate\backbones\PertubatedBNStatistics\BN-Consistency\shot4\Seed3
PertubatedBNStatistics,Disperssion+Seg-SADG,BN-Consistency,BN-Consistency,Seg-SADG,BN-Consistency,bn_consistency,shallow,0.1,0.1,1.0,0.05,0.1,0.001,0.0001,0.001,0.05,0.5,0.05,rho0p05,new_training,4,3,159,0.023033528899153072,0.023004716417441767,0.022956870961934328,0.0009569156973157078,0.017623643778885405,0.0787974667424957,0.05000000000000001,0.0005762472452867465,0.0,0.0,0.0,0.0,2.881236241591978e-05,12,108|224|72|171,48,all_filtered,9,True,D:\Running_Place\PostGraduateProjects\Experiments\PostGraduate\backbones\PertubatedBNStatistics\BN-Consistency\shot4\Seed3
PertubatedBNStatistics,Disperssion+Seg-SADG,BN-Consistency,BN-Consistency,Seg-SADG,BN-Consistency,bn_consistency,shallow,0.1,0.1,1.0,0.05,0.1,0.001,0.0001,0.001,0.05,0.5,0.05,rho0p05,new_training,4,3,160,0.023301548945407074,0.023274973190079134,0.02322543893630306,0.000990688296345373,0.017762846468637388,0.08377304549018542,0.05000000000000001,0.0005315118590563846,0.0,0.0,0.0,0.0,2.657559343788307e-05,12,108|224|72|171,48,all_filtered,9,True,D:\Running_Place\PostGraduateProjects\Experiments\PostGraduate\backbones\PertubatedBNStatistics\BN-Consistency\shot4\Seed3
PertubatedBNStatistics,Disperssion+Seg-SADG,BN-Consistency,BN-Consistency,Seg-SADG,BN-Consistency,bn_consistency,shallow,0.1,0.1,1.0,0.05,0.1,0.001,0.0001,0.001,0.05,0.5,0.05,rho0p05,new_training,4,3,161,0.02285427615667383,0.022824912642439205,0.022780940867960453,0.000879435227640594,0.017398578114807606,0.08184926273922126,0.05000000000000001,0.0005872658875887282,0.0,0.0,0.0,0.0,2.9363295197981643e-05,12,108|224|72|171,48,all_filtered,9,True,D:\Running_Place\PostGraduateProjects\Experiments\PostGraduate\backbones\PertubatedBNStatistics\BN-Consistency\shot4\Seed3
PertubatedBNStatistics,Disperssion+Seg-SADG,BN-Consistency,BN-Consistency,Seg-SADG,BN-Consistency,bn_consistency,shallow,0.1,0.1,1.0,0.05,0.1,0.001,0.0001,0.001,0.05,0.5,0.05,rho0p05,new_training,4,3,162,0.023259322469433148,0.02323085054134329,0.023186581830183666,0.0008853704251426583,0.01764793531037867,0.0850806503246228,0.05000000000000001,0.0005694380912852163,0.0,0.0,0.0,0.0,2.8471905352489557e-05,12,108|224|72|171,48,all_filtered,9,True,D:\Running_Place\PostGraduateProjects\Experiments\PostGraduate\backbones\PertubatedBNStatistics\BN-Consistency\shot4\Seed3
PertubatedBNStatistics,Disperssion+Seg-SADG,BN-Consistency,BN-Consistency,Seg-SADG,BN-Consistency,bn_consistency,shallow,0.1,0.1,1.0,0.05,0.1,0.001,0.0001,0.001,0.05,0.5,0.05,rho0p05,new_training,4,3,163,0.02248863037675619,0.02245957249154647,0.022415197920054197,0.0008874884564041471,0.017216582006464403,0.08226039198537667,0.05000000000000001,0.0005811585797346197,0.0,0.0,0.0,0.0,2.9057929774959728e-05,12,108|224|72|171,48,all_filtered,9,True,D:\Running_Place\PostGraduateProjects\Experiments\PostGraduate\backbones\PertubatedBNStatistics\BN-Consistency\shot4\Seed3
PertubatedBNStatistics,Disperssion+Seg-SADG,BN-Consistency,BN-Consistency,Seg-SADG,BN-Consistency,bn_consistency,shallow,0.1,0.1,1.0,0.05,0.1,0.001,0.0001,0.001,0.05,0.5,0.05,rho0p05,new_training,4,3,164,0.023250080334643524,0.02321702055633068,0.023170530796051025,0.0009297888124516854,0.017331275933732588,0.08625745897491773,0.05000000000000001,0.0006611914577661082,0.0,0.0,0.0,0.0,3.3059573373369254e-05,12,108|224|72|171,48,all_filtered,9,True,D:\Running_Place\PostGraduateProjects\Experiments\PostGraduate\backbones\PertubatedBNStatistics\BN-Consistency\shot4\Seed3
PertubatedBNStatistics,Disperssion+Seg-SADG,BN-Consistency,BN-Consistency,Seg-SADG,BN-Consistency,bn_consistency,shallow,0.1,0.1,1.0,0.05,0.1,0.001,0.0001,0.001,0.05,0.5,0.05,rho0p05,new_training,4,3,165,0.023811932808409136,0.023782470884422462,0.023733134071032207,0.000986730005630913,0.017630661992977064,0.09356264894207318,0.05000000000000001,0.0005892363600044822,0.0,0.0,0.0,0.0,2.9461818561079173e-05,12,108|224|72|171,48,all_filtered,9,True,D:\Running_Place\PostGraduateProjects\Experiments\PostGraduate\backbones\PertubatedBNStatistics\BN-Consistency\shot4\Seed3
PertubatedBNStatistics,Disperssion+Seg-SADG,BN-Consistency,BN-Consistency,Seg-SADG,BN-Consistency,bn_consistency,shallow,0.1,0.1,1.0,0.05,0.1,0.001,0.0001,0.001,0.05,0.5,0.05,rho0p05,new_training,4,3,166,0.022078061942011118,0.022047565629084904,0.022002918024857838,0.0008929483252965534,0.01705630822107196,0.0788278349985679,0.05000000000000001,0.0006099284995192041,0.0,0.0,0.0,0.0,3.0496425855138416e-05,12,108|224|72|171,48,all_filtered,9,True,D:\Running_Place\PostGraduateProjects\Experiments\PostGraduate\backbones\PertubatedBNStatistics\BN-Consistency\shot4\Seed3
PertubatedBNStatistics,Disperssion+Seg-SADG,BN-Consistency,BN-Consistency,Seg-SADG,BN-Consistency,bn_consistency,shallow,0.1,0.1,1.0,0.05,0.1,0.001,0.0001,0.001,0.05,0.5,0.05,rho0p05,new_training,4,3,167,0.022413394103447597,0.022386513495196898,0.02234064182266593,0.0009174311853712425,0.016838262944171827,0.08339839180310567,0.05000000000000001,0.0005376157738889257,0.0,0.0,0.0,0.0,2.6880789240143106e-05,12,108|224|72|171,48,all_filtered,9,True,D:\Running_Place\PostGraduateProjects\Experiments\PostGraduate\backbones\PertubatedBNStatistics\BN-Consistency\shot4\Seed3
PertubatedBNStatistics,Disperssion+Seg-SADG,BN-Consistency,BN-Consistency,Seg-SADG,BN-Consistency,bn_consistency,shallow,0.1,0.1,1.0,0.05,0.1,0.001,0.0001,0.001,0.05,0.5,0.05,rho0p05,new_training,4,3,168,0.02181970172872146,0.021792832606782515,0.021749234292656183,0.0008719661927898414,0.01639520446769893,0.07969802711158991,0.05000000000000001,0.0005373817693907768,0.0,0.0,0.0,0.0,2.6869089045552148e-05,12,108|224|72|171,48,all_filtered,9,True,D:\Running_Place\PostGraduateProjects\Experiments\PostGraduate\backbones\PertubatedBNStatistics\BN-Consistency\shot4\Seed3
PertubatedBNStatistics,Disperssion+Seg-SADG,BN-Consistency,BN-Consistency,Seg-SADG,BN-Consistency,bn_consistency,shallow,0.1,0.1,1.0,0.05,0.1,0.001,0.0001,0.001,0.05,0.5,0.05,rho0p05,new_training,4,3,169,0.021378394216299057,0.02135078003630042,0.02130877909560998,0.0008400197742351642,0.016331057141845424,0.07743094488978386,0.05000000000000001,0.0005522762609568114,0.0,0.0,0.0,0.0,2.7613813623853883e-05,12,108|224|72|171,48,all_filtered,9,True,D:\Running_Place\PostGraduateProjects\Experiments\PostGraduate\backbones\PertubatedBNStatistics\BN-Consistency\shot4\Seed3
PertubatedBNStatistics,Disperssion+Seg-SADG,BN-Consistency,BN-Consistency,Seg-SADG,BN-Consistency,bn_consistency,shallow,0.1,0.1,1.0,0.05,0.1,0.001,0.0001,0.001,0.05,0.5,0.05,rho0p05,new_training,4,3,170,0.021145700787504513,0.021121276387323935,0.02107492492844661,0.0009270285324115927,0.016014086936290067,0.07598308225472768,0.05000000000000001,0.0004884844238404185,0.0,0.0,0.0,0.0,2.4424221540660557e-05,12,108|224|72|171,48,all_filtered,9,True,D:\Running_Place\PostGraduateProjects\Experiments\PostGraduate\backbones\PertubatedBNStatistics\BN-Consistency\shot4\Seed3
PertubatedBNStatistics,Disperssion+Seg-SADG,BN-Consistency,BN-Consistency,Seg-SADG,BN-Consistency,bn_consistency,shallow,0.1,0.1,1.0,0.05,0.1,0.001,0.0001,0.001,0.05,0.5,0.05,rho0p05,new_training,4,3,171,0.02071068886046608,0.020679334023346502,0.020639454014599323,0.000797605268113936,0.01591479266062379,0.07472871368130048,0.05000000000000001,0.0006270916152667875,0.0,0.0,0.0,0.0,3.1354581248403214e-05,12,108|224|72|171,48,all_filtered,9,True,D:\Running_Place\PostGraduateProjects\Experiments\PostGraduate\backbones\PertubatedBNStatistics\BN-Consistency\shot4\Seed3
PertubatedBNStatistics,Disperssion+Seg-SADG,BN-Consistency,BN-Consistency,Seg-SADG,BN-Consistency,bn_consistency,shallow,0.1,0.1,1.0,0.05,0.1,0.001,0.0001,0.001,0.05,0.5,0.05,rho0p05,new_training,4,3,172,0.02135059687619408,0.021317472215741873,0.02127734726915757,0.0008024972097094482,0.015712024178355932,0.08224383493264516,0.05000000000000001,0.0006624937547409596,0.0,0.0,0.0,0.0,3.312468849496023e-05,12,108|224|72|171,48,all_filtered,9,True,D:\Running_Place\PostGraduateProjects\Experiments\PostGraduate\backbones\PertubatedBNStatistics\BN-Consistency\shot4\Seed3
PertubatedBNStatistics,Disperssion+Seg-SADG,BN-Consistency,BN-Consistency,Seg-SADG,BN-Consistency,bn_consistency,shallow,0.1,0.1,1.0,0.05,0.1,0.001,0.0001,0.001,0.05,0.5,0.05,rho0p05,new_training,4,3,173,0.022738606358567875,0.022709380214413006,0.022666086597989004,0.0008658750739414245,0.016389544277141493,0.09488504628340404,0.05000000000000001,0.0005845226817958368,0.0,0.0,0.0,0.0,2.922613445358972e-05,12,108|224|72|171,48,all_filtered,9,True,D:\Running_Place\PostGraduateProjects\Experiments\PostGraduate\backbones\PertubatedBNStatistics\BN-Consistency\shot4\Seed3
PertubatedBNStatistics,Disperssion+Seg-SADG,BN-Consistency,BN-Consistency,Seg-SADG,BN-Consistency,bn_consistency,shallow,0.1,0.1,1.0,0.05,0.1,0.001,0.0001,0.001,0.05,0.5,0.05,rho0p05,new_training,4,3,174,0.02221274267261227,0.022181563700238865,0.02213724795728922,0.0008863195059044907,0.016213956211383145,0.09128721803426743,0.05000000000000001,0.0006235794474681219,0.0,0.0,0.0,0.0,3.1178972979735896e-05,12,108|224|72|171,48,all_filtered,9,True,D:\Running_Place\PostGraduateProjects\Experiments\PostGraduate\backbones\PertubatedBNStatistics\BN-Consistency\shot4\Seed3
PertubatedBNStatistics,Disperssion+Seg-SADG,BN-Consistency,BN-Consistency,Seg-SADG,BN-Consistency,bn_consistency,shallow,0.1,0.1,1.0,0.05,0.1,0.001,0.0001,0.001,0.05,0.5,0.05,rho0p05,new_training,4,3,175,0.021981720967839163,0.02195163272942106,0.0219063979263107,0.0009046932342850292,0.016096788691356778,0.08949164549509685,0.05000000000000001,0.000601767880046585,0.0,0.0,0.0,0.0,3.008839454802607e-05,12,108|224|72|171,48,all_filtered,9,True,D:\Running_Place\PostGraduateProjects\Experiments\PostGraduate\backbones\PertubatedBNStatistics\BN-Consistency\shot4\Seed3
PertubatedBNStatistics,Disperssion+Seg-SADG,BN-Consistency,BN-Consistency,Seg-SADG,BN-Consistency,bn_consistency,shallow,0.1,0.1,1.0,0.05,0.1,0.001,0.0001,0.001,0.05,0.5,0.05,rho0p05,new_training,4,3,176,0.021354552668829758,0.021323784875373047,0.02128236290688316,0.0008284376623729864,0.015963605993116897,0.08176242125531037,0.05000000000000001,0.0006153573898094086,0.0,0.0,0.0,0.0,3.076787015743321e-05,12,108|224|72|171,48,all_filtered,9,True,D:\Running_Place\PostGraduateProjects\Experiments\PostGraduate\backbones\PertubatedBNStatistics\BN-Consistency\shot4\Seed3
PertubatedBNStatistics,Disperssion+Seg-SADG,BN-Consistency,BN-Consistency,Seg-SADG,BN-Consistency,bn_consistency,shallow,0.1,0.1,1.0,0.05,0.1,0.001,0.0001,0.001,0.05,0.5,0.05,rho0p05,new_training,4,3,177,0.022073453137030203,0.022045397975792486,0.021997921634465456,0.000949526162003167,0.016140920187657077,0.09074305432538192,0.05000000000000001,0.0005611043670796789,0.0,0.0,0.0,0.0,2.8055218990630237e-05,12,108|224|72|171,48,all_filtered,9,True,D:\Running_Place\PostGraduateProjects\Experiments\PostGraduate\backbones\PertubatedBNStatistics\BN-Consistency\shot4\Seed3
PertubatedBNStatistics,Disperssion+Seg-SADG,BN-Consistency,BN-Consistency,Seg-SADG,BN-Consistency,bn_consistency,shallow,0.1,0.1,1.0,0.05,0.1,0.001,0.0001,0.001,0.05,0.5,0.05,rho0p05,new_training,4,3,178,0.02189751574769616,0.02187058748677373,0.021828035203119118,0.0008510473077573503,0.01589379374248286,0.08983719845612843,0.05000000000000001,0.00053856146405451,0.0,0.0,0.0,0.0,2.692807402127073e-05,12,108|224|72|171,48,all_filtered,9,True,D:\Running_Place\PostGraduateProjects\Experiments\PostGraduate\backbones\PertubatedBNStatistics\BN-Consistency\shot4\Seed3
PertubatedBNStatistics,Disperssion+Seg-SADG,BN-Consistency,BN-Consistency,Seg-SADG,BN-Consistency,bn_consistency,shallow,0.1,0.1,1.0,0.05,0.1,0.001,0.0001,0.001,0.05,0.5,0.05,rho0p05,new_training,4,3,179,0.02207070014749964,0.022042234273006518,0.021995356306433678,0.0009375643130624667,0.01592485133248071,0.09283738707502683,0.05000000000000001,0.0005693241570649358,0.0,0.0,0.0,0.0,2.84662081260952e-05,12,108|224|72|171,48,all_filtered,9,True,D:\Running_Place\PostGraduateProjects\Experiments\PostGraduate\backbones\PertubatedBNStatistics\BN-Consistency\shot4\Seed3
PertubatedBNStatistics,Disperssion+Seg-SADG,BN-Consistency,BN-Consistency,Seg-SADG,BN-Consistency,bn_consistency,shallow,0.1,0.1,1.0,0.05,0.1,0.001,0.0001,0.001,0.05,0.5,0.05,rho0p05,new_training,4,3,180,0.02116862979407112,0.021141539017359417,0.02109609575321277,0.000908867281395942,0.015692671838526923,0.0843653753399849,0.05000000000000001,0.000541814433139128,0.0,0.0,0.0,0.0,2.709072199043779e-05,12,108|224|72|171,48,all_filtered,9,True,D:\Running_Place\PostGraduateProjects\Experiments\PostGraduate\backbones\PertubatedBNStatistics\BN-Consistency\shot4\Seed3
PertubatedBNStatistics,Disperssion+Seg-SADG,BN-Consistency,BN-Consistency,Seg-SADG,BN-Consistency,bn_consistency,shallow,0.1,0.1,1.0,0.05,0.1,0.001,0.0001,0.001,0.05,0.5,0.05,rho0p05,new_training,4,3,181,0.021056578339387972,0.021030676551163197,0.02098688653980692,0.0008758016677650934,0.015488830317432681,0.08547335180143516,0.05000000000000001,0.0005180306397960521,0.0,0.0,0.0,0.0,2.5901532353600487e-05,12,108|224|72|171,48,all_filtered,9,True,D:\Running_Place\PostGraduateProjects\Experiments\PostGraduate\backbones\PertubatedBNStatistics\BN-Consistency\shot4\Seed3
PertubatedBNStatistics,Disperssion+Seg-SADG,BN-Consistency,BN-Consistency,Seg-SADG,BN-Consistency,bn_consistency,shallow,0.1,0.1,1.0,0.05,0.1,0.001,0.0001,0.001,0.05,0.5,0.05,rho0p05,new_training,4,3,182,0.020080483984202147,0.020050273276865482,0.020006107321629923,0.0008833151077851653,0.014868440572172403,0.07810998583833377,0.05000000000000001,0.0006042112581781112,0.0,0.0,0.0,0.0,3.021056333333642e-05,12,108|224|72|171,48,all_filtered,9,True,D:\Running_Place\PostGraduateProjects\Experiments\PostGraduate\backbones\PertubatedBNStatistics\BN-Consistency\shot4\Seed3
PertubatedBNStatistics,Disperssion+Seg-SADG,BN-Consistency,BN-Consistency,Seg-SADG,BN-Consistency,bn_consistency,shallow,0.1,0.1,1.0,0.05,0.1,0.001,0.0001,0.001,0.05,0.5,0.05,rho0p05,new_training,4,3,183,0.018789853745450575,0.018762318572650354,0.018724169582128525,0.0007629798007352898,0.014322216001649698,0.06947020161896944,0.05000000000000001,0.0005507043703498008,0.0,0.0,0.0,0.0,2.7535219032870373e-05,12,108|224|72|171,48,all_filtered,9,True,D:\Running_Place\PostGraduateProjects\Experiments\PostGraduate\backbones\PertubatedBNStatistics\BN-Consistency\shot4\Seed3
PertubatedBNStatistics,Disperssion+Seg-SADG,BN-Consistency,BN-Consistency,Seg-SADG,BN-Consistency,bn_consistency,shallow,0.1,0.1,1.0,0.05,0.1,0.001,0.0001,0.001,0.05,0.5,0.05,rho0p05,new_training,4,3,184,0.018734313392390806,0.018703277533253033,0.018664119765162468,0.0007831577434747791,0.014141687347243229,0.07160675463577111,0.05000000000000001,0.0006207138964479478,0.0,0.0,0.0,0.0,3.103569558030964e-05,12,108|224|72|171,48,all_filtered,9,True,D:\Running_Place\PostGraduateProjects\Experiments\PostGraduate\backbones\PertubatedBNStatistics\BN-Consistency\shot4\Seed3
PertubatedBNStatistics,Disperssion+Seg-SADG,BN-Consistency,BN-Consistency,Seg-SADG,BN-Consistency,bn_consistency,shallow,0.1,0.1,1.0,0.05,0.1,0.001,0.0001,0.001,0.05,0.5,0.05,rho0p05,new_training,4,3,185,0.019938974486043055,0.019910218970229227,0.019872456633796293,0.0007552448951173574,0.014172113733366132,0.08530650287866592,0.05000000000000001,0.0005751081480411813,0.0,0.0,0.0,0.0,2.8755408341870254e-05,12,108|224|72|171,48,all_filtered,9,True,D:\Running_Place\PostGraduateProjects\Experiments\PostGraduate\backbones\PertubatedBNStatistics\BN-Consistency\shot4\Seed3
PertubatedBNStatistics,Disperssion+Seg-SADG,BN-Consistency,BN-Consistency,Seg-SADG,BN-Consistency,bn_consistency,shallow,0.1,0.1,1.0,0.05,0.1,0.001,0.0001,0.001,0.05,0.5,0.05,rho0p05,new_training,4,3,186,0.02007202400515477,0.020041707592705887,0.02000116944933931,0.0008107621542876586,0.014448712890346846,0.08744844297568004,0.05000000000000001,0.0006063299442757852,0.0,0.0,0.0,0.0,3.0316497486637672e-05,12,108|224|72|171,48,all_filtered,9,True,D:\Running_Place\PostGraduateProjects\Experiments\PostGraduate\backbones\PertubatedBNStatistics\BN-Consistency\shot4\Seed3
PertubatedBNStatistics,Disperssion+Seg-SADG,BN-Consistency,BN-Consistency,Seg-SADG,BN-Consistency,bn_consistency,shallow,0.1,0.1,1.0,0.05,0.1,0.001,0.0001,0.001,0.05,0.5,0.05,rho0p05,new_training,4,3,187,0.018784972994277876,0.018757117291291554,0.0187210813164711,0.0007207192344746242,0.014062094269320369,0.07557690671334664,0.05000000000000001,0.000557112410509338,0.0,0.0,0.0,0.0,2.785562098021425e-05,12,108|224|72|171,48,all_filtered,9,True,D:\Running_Place\PostGraduateProjects\Experiments\PostGraduate\backbones\PertubatedBNStatistics\BN-Consistency\shot4\Seed3
PertubatedBNStatistics,Disperssion+Seg-SADG,BN-Consistency,BN-Consistency,Seg-SADG,BN-Consistency,bn_consistency,shallow,0.1,0.1,1.0,0.05,0.1,0.001,0.0001,0.001,0.05,0.5,0.05,rho0p05,new_training,4,3,188,0.018413496126110356,0.018386987115566928,0.018351533450186253,0.0007090751848105962,0.013492863702898225,0.07283467551072438,0.05000000000000001,0.0005301849741954356,0.0,0.0,0.0,0.0,2.650924936157632e-05,12,108|224|72|171,48,all_filtered,9,True,D:\Running_Place\PostGraduateProjects\Experiments\PostGraduate\backbones\PertubatedBNStatistics\BN-Consistency\shot4\Seed3
PertubatedBNStatistics,Disperssion+Seg-SADG,BN-Consistency,BN-Consistency,Seg-SADG,BN-Consistency,bn_consistency,shallow,0.1,0.1,1.0,0.05,0.1,0.001,0.0001,0.001,0.05,0.5,0.05,rho0p05,new_training,4,3,189,0.01862230656358103,0.018591738073155284,0.018555723906805117,0.0007202871226278754,0.013552398964141807,0.0777096605549256,0.05000000000000001,0.0006113743511377834,0.0,0.0,0.0,0.0,3.056871795100354e-05,12,108|224|72|171,48,all_filtered,9,True,D:\Running_Place\PostGraduateProjects\Experiments\PostGraduate\backbones\PertubatedBNStatistics\BN-Consistency\shot4\Seed3
PertubatedBNStatistics,Disperssion+Seg-SADG,BN-Consistency,BN-Consistency,Seg-SADG,BN-Consistency,bn_consistency,shallow,0.1,0.1,1.0,0.05,0.1,0.001,0.0001,0.001,0.05,0.5,0.05,rho0p05,new_training,4,3,190,0.017842908777917426,0.017815994331613183,0.01777932249630491,0.0007334403441442797,0.013242633547633886,0.07291297987103462,0.05000000000000001,0.0005382916691208569,0.0,0.0,0.0,0.0,2.6914583637941785e-05,12,108|224|72|171,48,all_filtered,9,True,D:\Running_Place\PostGraduateProjects\Experiments\PostGraduate\backbones\PertubatedBNStatistics\BN-Consistency\shot4\Seed3
PertubatedBNStatistics,Disperssion+Seg-SADG,BN-Consistency,BN-Consistency,Seg-SADG,BN-Consistency,bn_consistency,shallow,0.1,0.1,1.0,0.05,0.1,0.001,0.0001,0.001,0.05,0.5,0.05,rho0p05,new_training,4,3,191,0.018311363101626437,0.018284144112840295,0.018250464539354045,0.0006735925174628695,0.013218063861131668,0.0760028741012017,0.05000000000000001,0.0005443825502879918,0.0,0.0,0.0,0.0,2.7219128090412898e-05,12,108|224|72|171,48,all_filtered,9,True,D:\Running_Place\PostGraduateProjects\Experiments\PostGraduate\backbones\PertubatedBNStatistics\BN-Consistency\shot4\Seed3
PertubatedBNStatistics,Disperssion+Seg-SADG,BN-Consistency,BN-Consistency,Seg-SADG,BN-Consistency,bn_consistency,shallow,0.1,0.1,1.0,0.05,0.1,0.001,0.0001,0.001,0.05,0.5,0.05,rho0p05,new_training,4,3,192,0.01822152112921079,0.018190394000460703,0.018157326616346836,0.0006613518611023513,0.013350802784164747,0.07582905826469262,0.05000000000000001,0.0006225410834304057,0.0,0.0,0.0,0.0,3.1127054777850084e-05,12,108|224|72|171,48,all_filtered,9,True,D:\Running_Place\PostGraduateProjects\Experiments\PostGraduate\backbones\PertubatedBNStatistics\BN-Consistency\shot4\Seed3
PertubatedBNStatistics,Disperssion+Seg-SADG,BN-Consistency,BN-Consistency,Seg-SADG,BN-Consistency,bn_consistency,shallow,0.1,0.1,1.0,0.05,0.1,0.001,0.0001,0.001,0.05,0.5,0.05,rho0p05,new_training,4,3,193,0.018099246934677165,0.018072144283602636,0.018036230156819027,0.0007182845996188311,0.013239727898811301,0.07486441762497027,0.05000000000000001,0.0005420569699102392,0.0,0.0,0.0,0.0,2.710284904120878e-05,12,108|224|72|171,48,all_filtered,9,True,D:\Running_Place\PostGraduateProjects\Experiments\PostGraduate\backbones\PertubatedBNStatistics\BN-Consistency\shot4\Seed3
PertubatedBNStatistics,Disperssion+Seg-SADG,BN-Consistency,BN-Consistency,Seg-SADG,BN-Consistency,bn_consistency,shallow,0.1,0.1,1.0,0.05,0.1,0.001,0.0001,0.001,0.05,0.5,0.05,rho0p05,new_training,4,3,194,0.018322813091799617,0.018294814120357234,0.018256837502121925,0.0007595367060275748,0.013236419064924121,0.07961302995681763,0.05000000000000001,0.000559979276052521,0.0,0.0,0.0,0.0,2.7998964318006376e-05,12,108|224|72|171,48,all_filtered,9,True,D:\Running_Place\PostGraduateProjects\Experiments\PostGraduate\backbones\PertubatedBNStatistics\BN-Consistency\shot4\Seed3
PertubatedBNStatistics,Disperssion+Seg-SADG,BN-Consistency,BN-Consistency,Seg-SADG,BN-Consistency,bn_consistency,shallow,0.1,0.1,1.0,0.05,0.1,0.001,0.0001,0.001,0.05,0.5,0.05,rho0p05,new_training,4,3,195,0.017820685791472595,0.017788996376718085,0.017752313520759344,0.0007336578904263055,0.013087239659701785,0.07632312395920356,0.05000000000000001,0.0006337848487116086,0.0,0.0,0.0,0.0,3.168924270842884e-05,12,108|224|72|171,48,all_filtered,9,True,D:\Running_Place\PostGraduateProjects\Experiments\PostGraduate\backbones\PertubatedBNStatistics\BN-Consistency\shot4\Seed3
PertubatedBNStatistics,Disperssion+Seg-SADG,BN-Consistency,BN-Consistency,Seg-SADG,BN-Consistency,bn_consistency,shallow,0.1,0.1,1.0,0.05,0.1,0.001,0.0001,0.001,0.05,0.5,0.05,rho0p05,new_training,4,3,196,0.01913404177563886,0.019105189402277272,0.019070012029260397,0.0007035428425297141,0.013536835322156549,0.08548633040239413,0.05000000000000001,0.0005770502029918134,0.0,0.0,0.0,0.0,2.8852510392122593e-05,12,108|224|72|171,48,all_filtered,9,True,D:\Running_Place\PostGraduateProjects\Experiments\PostGraduate\backbones\PertubatedBNStatistics\BN-Consistency\shot4\Seed3
PertubatedBNStatistics,Disperssion+Seg-SADG,BN-Consistency,BN-Consistency,Seg-SADG,BN-Consistency,bn_consistency,shallow,0.1,0.1,1.0,0.05,0.1,0.001,0.0001,0.001,0.05,0.5,0.05,rho0p05,new_training,4,3,197,0.017618162091821432,0.017591076126943033,0.01755727796504895,0.0006759647003491409,0.012917510621870557,0.07404848436514537,0.05000000000000001,0.0005417231344229853,0.0,0.0,0.0,0.0,2.7086157084947143e-05,12,108|224|72|171,48,all_filtered,9,True,D:\Running_Place\PostGraduateProjects\Experiments\PostGraduate\backbones\PertubatedBNStatistics\BN-Consistency\shot4\Seed3
PertubatedBNStatistics,Disperssion+Seg-SADG,BN-Consistency,BN-Consistency,Seg-SADG,BN-Consistency,bn_consistency,shallow,0.1,0.1,1.0,0.05,0.1,0.001,0.0001,0.001,0.05,0.5,0.05,rho0p05,new_training,4,3,198,0.017228961534177262,0.017202099397157628,0.017167982490112383,0.0006823364019510336,0.012622493008772532,0.0729530459890763,0.05000000000000001,0.0005372400434377292,0.0,0.0,0.0,0.0,2.6862002262835933e-05,12,108|224|72|171,48,all_filtered,9,True,D:\Running_Place\PostGraduateProjects\Experiments\PostGraduate\backbones\PertubatedBNStatistics\BN-Consistency\shot4\Seed3
PertubatedBNStatistics,Disperssion+Seg-SADG,BN-Consistency,BN-Consistency,Seg-SADG,BN-Consistency,bn_consistency,shallow,0.1,0.1,1.0,0.05,0.1,0.001,0.0001,0.001,0.05,0.5,0.05,rho0p05,new_training,4,3,199,0.017071131927271683,0.017042578818897407,0.01700969513816138,0.0006576757150469348,0.012352035380899906,0.07521890259037416,0.05000000000000001,0.0005710666761539566,0.0,0.0,0.0,0.0,2.855333423212869e-05,12,108|224|72|171,48,all_filtered,9,True,D:\Running_Place\PostGraduateProjects\Experiments\PostGraduate\backbones\PertubatedBNStatistics\BN-Consistency\shot4\Seed3
PertubatedBNStatistics,Disperssion+Seg-SADG,BN-Consistency,BN-Consistency,Seg-SADG,BN-Consistency,bn_consistency,shallow,0.1,0.1,1.0,0.05,0.1,0.001,0.0001,0.001,0.05,0.5,0.05,rho0p05,new_training,4,3,200,0.016603098561366398,0.016575386747717857,0.016545129163811605,0.0006051493061628813,0.011985464797665676,0.07235150753209989,0.05000000000000001,0.0005542309590964578,0.0,0.0,0.0,0.0,2.77115485308362e-05,12,108|224|72|171,48,all_filtered,9,True,D:\Running_Place\PostGraduateProjects\Experiments\PostGraduate\backbones\PertubatedBNStatistics\BN-Consistency\shot4\Seed3
