loss_mode,ablation,sadg_method,style_method,template_mode,mask_mode,spatial_mask_mode,gate_mode,gate_num_bins,gate_rho_max,rho_bin_min,rho_bin_max,rho_bin_mean,rho_bins,spatial_margin_px,spatial_edge_calib,spatial_inner_calib,spatial_calib_mean,spatial_preserve_edge_mean,style_alpha,style_rho,sadg_rho,lambda_disp,dice_weight,lambda_gate_anchor,lambda_gate_smooth,lambda_gate_mono,lambda_spectral_consistency,lambda_gate_budget,spectral_cons_eps,spatial_mask_margin_px,spatial_mask_margin_min_px,spatial_mask_margin_max_px,spatial_mask_edge_init,spatial_mask_inner_init,lambda_spatial_anchor,lambda_spatial_budget,lambda_spatial_tv,lambda_spatial_source_bg_edge,lambda_spatial_source_fg_inner,rho,rho_tag,sadg_rho_tag,lf_radius_h,lf_radius_w,lf_size_h,lf_size_w,checkpoint_source,shot,seed,epoch,train_loss,train_seg_loss,train_disp_loss,style_reg_loss,gate_reg_loss,gate_anchor_loss,gate_smooth_loss,gate_mono_loss,spatial_reg_loss,spatial_anchor_loss,spatial_budget_loss,spatial_tv_loss,spatial_source_reg_loss,spatial_source_bg_edge_loss,spatial_source_fg_inner_loss,spectral_cons_loss,gate_budget_loss,spectral_style_loss,template_l2_loss,template_smooth_loss,epsilon_loss,sadg_grad_norm,perturb_norm,steps,train_case_ids,n_train_slices,slice_policy,num_middle_slices,filter_min_fg,output_dir,prompt_dir
Seg-SADG,Seg-SADG,Seg-SADG,LF-Barycenter-RadialGate-FixedSpatialMask,fixed,cosine,fixed,radial,8,1.0,0.4973483681678772,0.502099335193634,0.500076174736023,0.50209934|0.50153679|0.50204414|0.50034618|0.49820781|0.49937108|0.4996556|0.49734837,15.0,0.0,1.0,0.8631009459495544,0.10580847412347794,0.08,0.5,0.05,0.05,0.5,0.0001,0.001,0.001,0.0,0.0,1e-06,15.0,5.0,40.0,0.02,0.98,0.001,0.001,0.0001,0.01,0.001,0.5,style_rho0p5,sadg_rho0p05,9,9,19,19,new_training,5,2,1,1.448636191231864,1.4224761298724584,0.5232014719929013,1.737766704344525e-09,1.737766704344525e-09,1.009170122452068e-06,1.3296969620617865e-06,3.071526367851415e-07,0.0,0.0,0.0,0.0,0.0,0.0,0.0,0.0,0.0,0.0,0.0,0.0,1.3225910919053214,1.9927998185157776,0.05000000000000001,14,23|31|224|171|180,56,all_filtered,9,True,D:\Running_Place\PostGraduateProjects\Experiments\PostGraduate\backbones\SpaceFrequencyModulation\Seg-SADG\BaryRadGateFixedSpatial\a0p08\rho0p5\gb8\sadg0p05\shot5\Seed2,D:\Running_Place\PostGraduateProjects\Experiments\PostGraduate\backbones\Prompts\SpaceFrequencyModulation\Seg-SADG\BaryRadGateFixedSpatial\a0p08\rho0p5\gb8\sadg0p05\shot5\Seed2
Seg-SADG,Seg-SADG,Seg-SADG,LF-Barycenter-RadialGate-FixedSpatialMask,fixed,cosine,fixed,radial,8,1.0,0.4957648515701294,0.5027884840965271,0.4993424117565155,0.50161219|0.50268|0.50278848|0.4993262|0.49688104|0.49884313|0.49684349|0.49576485,15.0,0.0,1.0,0.8631009459495544,0.10580847412347794,0.08,0.5,0.05,0.05,0.5,0.0001,0.001,0.001,0.0,0.0,1e-06,15.0,5.0,40.0,0.02,0.98,0.001,0.001,0.0001,0.01,0.001,0.5,style_rho0p5,sadg_rho0p05,9,9,19,19,new_training,5,2,2,1.0167325139045715,0.997367228780474,0.3873057003532137,3.891902974498659e-09,3.891902974498659e-09,4.843852317597859e-06,2.946352099440576e-06,4.6116560424382313e-07,0.0,0.0,0.0,0.0,0.0,0.0,0.0,0.0,0.0,0.0,0.0,0.0,0.9430235922336578,1.0338971316814423,0.05000000000000001,14,23|31|224|171|180,56,all_filtered,9,True,D:\Running_Place\PostGraduateProjects\Experiments\PostGraduate\backbones\SpaceFrequencyModulation\Seg-SADG\BaryRadGateFixedSpatial\a0p08\rho0p5\gb8\sadg0p05\shot5\Seed2,D:\Running_Place\PostGraduateProjects\Experiments\PostGraduate\backbones\Prompts\SpaceFrequencyModulation\Seg-SADG\BaryRadGateFixedSpatial\a0p08\rho0p5\gb8\sadg0p05\shot5\Seed2
Seg-SADG,Seg-SADG,Seg-SADG,LF-Barycenter-RadialGate-FixedSpatialMask,fixed,cosine,fixed,radial,8,1.0,0.4947170317173004,0.5035122632980347,0.4984838366508484,0.49956623|0.50351226|0.50286132|0.49801177|0.49576783|0.49727997|0.49471703|0.49615419,15.0,0.0,1.0,0.8631009459495544,0.10580847412347794,0.08,0.5,0.05,0.05,0.5,0.0001,0.001,0.001,0.0,0.0,1e-06,15.0,5.0,40.0,0.02,0.98,0.001,0.001,0.0001,0.01,0.001,0.5,style_rho0p5,sadg_rho0p05,9,9,19,19,new_training,5,2,3,0.8751662373542786,0.8643868352685656,0.21558795124292374,7.954524372522087e-09,7.954524372522087e-09,9.360951188292737e-06,5.589038729730029e-06,1.4293902909555202e-06,0.0,0.0,0.0,0.0,0.0,0.0,0.0,0.0,0.0,0.0,0.0,0.0,0.8141423293522426,0.9083718529769352,0.05000000000000001,14,23|31|224|171|180,56,all_filtered,9,True,D:\Running_Place\PostGraduateProjects\Experiments\PostGraduate\backbones\SpaceFrequencyModulation\Seg-SADG\BaryRadGateFixedSpatial\a0p08\rho0p5\gb8\sadg0p05\shot5\Seed2,D:\Running_Place\PostGraduateProjects\Experiments\PostGraduate\backbones\Prompts\SpaceFrequencyModulation\Seg-SADG\BaryRadGateFixedSpatial\a0p08\rho0p5\gb8\sadg0p05\shot5\Seed2
Seg-SADG,Seg-SADG,Seg-SADG,LF-Barycenter-RadialGate-FixedSpatialMask,fixed,cosine,fixed,radial,8,1.0,0.49367648363113403,0.5037804245948792,0.4979201853275299,0.49679828|0.50378042|0.50282049|0.49764094|0.49484673|0.4965688|0.49367648|0.49722958,15.0,0.0,1.0,0.8631009459495544,0.10580847412347794,0.08,0.5,0.05,0.05,0.5,0.0001,0.001,0.001,0.0,0.0,1e-06,15.0,5.0,40.0,0.02,0.98,0.001,0.001,0.0001,0.01,0.001,0.5,style_rho0p5,sadg_rho0p05,9,9,19,19,new_training,5,2,4,0.79689650450434,0.7896659927708762,0.1446103858096259,1.7301832157455366e-08,1.7301832157455366e-08,1.3175800761798331e-05,1.0766140673825117e-05,5.2181110114751e-06,0.0,0.0,0.0,0.0,0.0,0.0,0.0,0.0,0.0,0.0,0.0,0.0,0.74493550828525,0.832240743296487,0.05000000000000001,14,23|31|224|171|180,56,all_filtered,9,True,D:\Running_Place\PostGraduateProjects\Experiments\PostGraduate\backbones\SpaceFrequencyModulation\Seg-SADG\BaryRadGateFixedSpatial\a0p08\rho0p5\gb8\sadg0p05\shot5\Seed2,D:\Running_Place\PostGraduateProjects\Experiments\PostGraduate\backbones\Prompts\SpaceFrequencyModulation\Seg-SADG\BaryRadGateFixedSpatial\a0p08\rho0p5\gb8\sadg0p05\shot5\Seed2
Seg-SADG,Seg-SADG,Seg-SADG,LF-Barycenter-RadialGate-FixedSpatialMask,fixed,cosine,fixed,radial,8,1.0,0.49312809109687805,0.504086971282959,0.4976963996887207,0.49351582|0.50408697|0.50292557|0.49801734|0.49469486|0.49630624|0.49312809|0.49889606,15.0,0.0,1.0,0.8631009459495544,0.10580847412347794,0.08,0.5,0.05,0.05,0.5,0.0001,0.001,0.001,0.0,0.0,1e-06,15.0,5.0,40.0,0.02,0.98,0.001,0.001,0.0001,0.01,0.001,0.5,style_rho0p5,sadg_rho0p05,9,9,19,19,new_training,5,2,5,0.7244727100644793,0.718462198972702,0.12020927135433469,3.708017461333059e-08,3.708017461333059e-08,1.7419667658811833e-05,2.0925398530380335e-05,1.4412807883802867e-05,0.0,0.0,0.0,0.0,0.0,0.0,0.0,0.0,0.0,0.0,0.0,0.0,0.6739665908472878,0.7953828658376422,0.05000000000000001,14,23|31|224|171|180,56,all_filtered,9,True,D:\Running_Place\PostGraduateProjects\Experiments\PostGraduate\backbones\SpaceFrequencyModulation\Seg-SADG\BaryRadGateFixedSpatial\a0p08\rho0p5\gb8\sadg0p05\shot5\Seed2,D:\Running_Place\PostGraduateProjects\Experiments\PostGraduate\backbones\Prompts\SpaceFrequencyModulation\Seg-SADG\BaryRadGateFixedSpatial\a0p08\rho0p5\gb8\sadg0p05\shot5\Seed2
Seg-SADG,Seg-SADG,Seg-SADG,LF-Barycenter-RadialGate-FixedSpatialMask,fixed,cosine,fixed,radial,8,1.0,0.4905926287174225,0.5052224397659302,0.4975472688674927,0.49059263|0.50522244|0.5017221|0.49814481|0.49425077|0.49674192|0.49271554|0.50098795,15.0,0.0,1.0,0.8631009459495544,0.10580847412347794,0.08,0.5,0.05,0.05,0.5,0.0001,0.001,0.001,0.0,0.0,1e-06,15.0,5.0,40.0,0.02,0.98,0.001,0.001,0.0001,0.01,0.001,0.5,style_rho0p5,sadg_rho0p05,9,9,19,19,new_training,5,2,6,0.6744656733104161,0.6688900973115649,0.11151010489889554,6.93735365026831e-08,6.93735365026831e-08,2.3250564871497253e-05,3.711549301702429e-05,2.9932983904603005e-05,0.0,0.0,0.0,0.0,0.0,0.0,0.0,0.0,0.0,0.0,0.0,0.0,0.6206258535385132,0.806698352098465,0.05000000000000001,14,23|31|224|171|180,56,all_filtered,9,True,D:\Running_Place\PostGraduateProjects\Experiments\PostGraduate\backbones\SpaceFrequencyModulation\Seg-SADG\BaryRadGateFixedSpatial\a0p08\rho0p5\gb8\sadg0p05\shot5\Seed2,D:\Running_Place\PostGraduateProjects\Experiments\PostGraduate\backbones\Prompts\SpaceFrequencyModulation\Seg-SADG\BaryRadGateFixedSpatial\a0p08\rho0p5\gb8\sadg0p05\shot5\Seed2
Seg-SADG,Seg-SADG,Seg-SADG,LF-Barycenter-RadialGate-FixedSpatialMask,fixed,cosine,fixed,radial,8,1.0,0.48751363158226013,0.505533754825592,0.49704039096832275,0.48751363|0.50553375|0.50065571|0.4977743|0.49334469|0.49721271|0.49240375|0.5018847,15.0,0.0,1.0,0.8631009459495544,0.10580847412347794,0.08,0.5,0.05,0.05,0.5,0.0001,0.001,0.001,0.0,0.0,1e-06,15.0,5.0,40.0,0.02,0.98,0.001,0.001,0.0001,0.01,0.001,0.5,style_rho0p5,sadg_rho0p05,9,9,19,19,new_training,5,2,7,0.6095371416636876,0.60617652961186,0.06720990048987525,1.1325220431298736e-07,1.1325220431298736e-07,3.249633989201227e-05,5.964302363281604e-05,5.035954096196552e-05,0.0,0.0,0.0,0.0,0.0,0.0,0.0,0.0,0.0,0.0,0.0,0.0,0.5672329579080854,0.7219417861529759,0.05000000000000001,14,23|31|224|171|180,56,all_filtered,9,True,D:\Running_Place\PostGraduateProjects\Experiments\PostGraduate\backbones\SpaceFrequencyModulation\Seg-SADG\BaryRadGateFixedSpatial\a0p08\rho0p5\gb8\sadg0p05\shot5\Seed2,D:\Running_Place\PostGraduateProjects\Experiments\PostGraduate\backbones\Prompts\SpaceFrequencyModulation\Seg-SADG\BaryRadGateFixedSpatial\a0p08\rho0p5\gb8\sadg0p05\shot5\Seed2
Seg-SADG,Seg-SADG,Seg-SADG,LF-Barycenter-RadialGate-FixedSpatialMask,fixed,cosine,fixed,radial,8,1.0,0.48439621925354004,0.5051085352897644,0.4959578812122345,0.48439622|0.50510854|0.49888864|0.4968406|0.49259025|0.49707219|0.49151638|0.50125021,15.0,0.0,1.0,0.8631009459495544,0.10580847412347794,0.08,0.5,0.05,0.05,0.5,0.0001,0.001,0.001,0.0,0.0,1e-06,15.0,5.0,40.0,0.02,0.98,0.001,0.001,0.0001,0.01,0.001,0.5,style_rho0p5,sadg_rho0p05,9,9,19,19,new_training,5,2,8,0.5706790089607239,0.5678733885288239,0.05610942694225481,1.5284049226238494e-07,1.5284049226238494e-07,4.4134596464573406e-05,8.018415090711122e-05,6.824287473656503e-05,0.0,0.0,0.0,0.0,0.0,0.0,0.0,0.0,0.0,0.0,0.0,0.0,0.526928499341011,0.8525784824575696,0.05000000000000001,14,23|31|224|171|180,56,all_filtered,9,True,D:\Running_Place\PostGraduateProjects\Experiments\PostGraduate\backbones\SpaceFrequencyModulation\Seg-SADG\BaryRadGateFixedSpatial\a0p08\rho0p5\gb8\sadg0p05\shot5\Seed2,D:\Running_Place\PostGraduateProjects\Experiments\PostGraduate\backbones\Prompts\SpaceFrequencyModulation\Seg-SADG\BaryRadGateFixedSpatial\a0p08\rho0p5\gb8\sadg0p05\shot5\Seed2
Seg-SADG,Seg-SADG,Seg-SADG,LF-Barycenter-RadialGate-FixedSpatialMask,fixed,cosine,fixed,radial,8,1.0,0.4809664487838745,0.5051130652427673,0.49531441926956177,0.48096645|0.50511307|0.49771973|0.49595296|0.49324021|0.4977372|0.49060515|0.50118059,15.0,0.0,1.0,0.8631009459495544,0.10580847412347794,0.08,0.5,0.05,0.05,0.5,0.0001,0.001,0.001,0.0,0.0,1e-06,15.0,5.0,40.0,0.02,0.98,0.001,0.001,0.0001,0.01,0.001,0.5,style_rho0p5,sadg_rho0p05,9,9,19,19,new_training,5,2,9,0.522290261728423,0.5202235302754811,0.041330539754458835,1.9686788631036377e-07,1.9686788631036377e-07,5.969765671969591e-05,0.0001026661396151342,8.823197432710523e-05,0.0,0.0,0.0,0.0,0.0,0.0,0.0,0.0,0.0,0.0,0.0,0.0,0.48266730989728657,0.6578609091894967,0.05000000000000001,14,23|31|224|171|180,56,all_filtered,9,True,D:\Running_Place\PostGraduateProjects\Experiments\PostGraduate\backbones\SpaceFrequencyModulation\Seg-SADG\BaryRadGateFixedSpatial\a0p08\rho0p5\gb8\sadg0p05\shot5\Seed2,D:\Running_Place\PostGraduateProjects\Experiments\PostGraduate\backbones\Prompts\SpaceFrequencyModulation\Seg-SADG\BaryRadGateFixedSpatial\a0p08\rho0p5\gb8\sadg0p05\shot5\Seed2
Seg-SADG,Seg-SADG,Seg-SADG,LF-Barycenter-RadialGate-FixedSpatialMask,fixed,cosine,fixed,radial,8,1.0,0.4783778488636017,0.5051962733268738,0.4947565197944641,0.47837785|0.50519627|0.49613583|0.49550509|0.49352667|0.49866107|0.48942858|0.5012207,15.0,0.0,1.0,0.8631009459495544,0.10580847412347794,0.08,0.5,0.05,0.05,0.5,0.0001,0.001,0.001,0.0,0.0,1e-06,15.0,5.0,40.0,0.02,0.98,0.001,0.001,0.0001,0.01,0.001,0.5,style_rho0p5,sadg_rho0p05,9,9,19,19,new_training,5,2,10,0.4835990454469408,0.4818802624940872,0.03437070069568498,2.5339595818455306e-07,2.5339595818455306e-07,7.60888792033906e-05,0.0001327153373235238,0.00011307171839039906,0.0,0.0,0.0,0.0,0.0,0.0,0.0,0.0,0.0,0.0,0.0,0.0,0.4479114370686667,0.6316347590514592,0.05000000000000001,14,23|31|224|171|180,56,all_filtered,9,True,D:\Running_Place\PostGraduateProjects\Experiments\PostGraduate\backbones\SpaceFrequencyModulation\Seg-SADG\BaryRadGateFixedSpatial\a0p08\rho0p5\gb8\sadg0p05\shot5\Seed2,D:\Running_Place\PostGraduateProjects\Experiments\PostGraduate\backbones\Prompts\SpaceFrequencyModulation\Seg-SADG\BaryRadGateFixedSpatial\a0p08\rho0p5\gb8\sadg0p05\shot5\Seed2
Seg-SADG,Seg-SADG,Seg-SADG,LF-Barycenter-RadialGate-FixedSpatialMask,fixed,cosine,fixed,radial,8,1.0,0.4751129746437073,0.5047730207443237,0.49385496973991394,0.47511297|0.50477302|0.49467409|0.49520487|0.49435493|0.4992573|0.48747176|0.49999082,15.0,0.0,1.0,0.8631009459495544,0.10580847412347794,0.08,0.5,0.05,0.05,0.5,0.0001,0.001,0.001,0.0,0.0,1e-06,15.0,5.0,40.0,0.02,0.98,0.001,0.001,0.0001,0.01,0.001,0.5,style_rho0p5,sadg_rho0p05,9,9,19,19,new_training,5,2,11,0.4487238441194807,0.4475419989653996,0.023630561040980474,3.174277156046758e-07,3.174277156046758e-07,9.760000622398885e-05,0.000168573328535006,0.00013909437153155783,0.0,0.0,0.0,0.0,0.0,0.0,0.0,0.0,0.0,0.0,0.0,0.0,0.4164089986256191,0.5942190544945853,0.05000000000000001,14,23|31|224|171|180,56,all_filtered,9,True,D:\Running_Place\PostGraduateProjects\Experiments\PostGraduate\backbones\SpaceFrequencyModulation\Seg-SADG\BaryRadGateFixedSpatial\a0p08\rho0p5\gb8\sadg0p05\shot5\Seed2,D:\Running_Place\PostGraduateProjects\Experiments\PostGraduate\backbones\Prompts\SpaceFrequencyModulation\Seg-SADG\BaryRadGateFixedSpatial\a0p08\rho0p5\gb8\sadg0p05\shot5\Seed2
Seg-SADG,Seg-SADG,Seg-SADG,LF-Barycenter-RadialGate-FixedSpatialMask,fixed,cosine,fixed,radial,8,1.0,0.47274208068847656,0.5044615268707275,0.49303221702575684,0.47274208|0.50446153|0.49308485|0.4947021|0.49518129|0.49910235|0.48582861|0.49915493,15.0,0.0,1.0,0.8631009459495544,0.10580847412347794,0.08,0.5,0.05,0.05,0.5,0.0001,0.001,0.001,0.0,0.0,1e-06,15.0,5.0,40.0,0.02,0.98,0.001,0.001,0.0001,0.01,0.001,0.5,style_rho0p5,sadg_rho0p05,9,9,19,19,new_training,5,2,12,0.4105417387826102,0.4095797432320459,0.019232490765196935,3.7039531467339006e-07,3.7039531467339006e-07,0.00012010402913022387,0.00019823346000131487,0.00016015143046388403,0.0,0.0,0.0,0.0,0.0,0.0,0.0,0.0,0.0,0.0,0.0,0.0,0.37812046919550213,0.5806847597871508,0.05000000000000001,14,23|31|224|171|180,56,all_filtered,9,True,D:\Running_Place\PostGraduateProjects\Experiments\PostGraduate\backbones\SpaceFrequencyModulation\Seg-SADG\BaryRadGateFixedSpatial\a0p08\rho0p5\gb8\sadg0p05\shot5\Seed2,D:\Running_Place\PostGraduateProjects\Experiments\PostGraduate\backbones\Prompts\SpaceFrequencyModulation\Seg-SADG\BaryRadGateFixedSpatial\a0p08\rho0p5\gb8\sadg0p05\shot5\Seed2
Seg-SADG,Seg-SADG,Seg-SADG,LF-Barycenter-RadialGate-FixedSpatialMask,fixed,cosine,fixed,radial,8,1.0,0.47054800391197205,0.5038650631904602,0.49227094650268555,0.470548|0.50386506|0.49137947|0.49397659|0.49552628|0.49983233|0.48474953|0.49829045,15.0,0.0,1.0,0.8631009459495544,0.10580847412347794,0.08,0.5,0.05,0.05,0.5,0.0001,0.001,0.001,0.0,0.0,1e-06,15.0,5.0,40.0,0.02,0.98,0.001,0.001,0.0001,0.01,0.001,0.5,style_rho0p5,sadg_rho0p05,9,9,19,19,new_training,5,2,13,0.376435963170869,0.37544787568705423,0.019753193283187493,4.250143226564822e-07,4.250143226564822e-07,0.00014383135982955406,0.0002299692402760099,0.0001806619277756129,0.0,0.0,0.0,0.0,0.0,0.0,0.0,0.0,0.0,0.0,0.0,0.0,0.3463172359125955,0.5226247438362667,0.05000000000000001,14,23|31|224|171|180,56,all_filtered,9,True,D:\Running_Place\PostGraduateProjects\Experiments\PostGraduate\backbones\SpaceFrequencyModulation\Seg-SADG\BaryRadGateFixedSpatial\a0p08\rho0p5\gb8\sadg0p05\shot5\Seed2,D:\Running_Place\PostGraduateProjects\Experiments\PostGraduate\backbones\Prompts\SpaceFrequencyModulation\Seg-SADG\BaryRadGateFixedSpatial\a0p08\rho0p5\gb8\sadg0p05\shot5\Seed2
Seg-SADG,Seg-SADG,Seg-SADG,LF-Barycenter-RadialGate-FixedSpatialMask,fixed,cosine,fixed,radial,8,1.0,0.4682205617427826,0.5030956268310547,0.49153390526771545,0.46822056|0.50309563|0.49056417|0.49313292|0.49628353|0.50039852|0.48367748|0.49689847,15.0,0.0,1.0,0.8631009459495544,0.10580847412347794,0.08,0.5,0.05,0.05,0.5,0.0001,0.001,0.001,0.0,0.0,1e-06,15.0,5.0,40.0,0.02,0.98,0.001,0.001,0.0001,0.01,0.001,0.5,style_rho0p5,sadg_rho0p05,9,9,19,19,new_training,5,2,14,0.3549737057515553,0.3542443577732359,0.014577671519613691,4.670772649920504e-07,4.670772649920504e-07,0.00016803749791246707,0.0002549758355598897,0.00019529765475973754,0.0,0.0,0.0,0.0,0.0,0.0,0.0,0.0,0.0,0.0,0.0,0.0,0.31910704927785055,0.5540508564029422,0.05000000000000001,14,23|31|224|171|180,56,all_filtered,9,True,D:\Running_Place\PostGraduateProjects\Experiments\PostGraduate\backbones\SpaceFrequencyModulation\Seg-SADG\BaryRadGateFixedSpatial\a0p08\rho0p5\gb8\sadg0p05\shot5\Seed2,D:\Running_Place\PostGraduateProjects\Experiments\PostGraduate\backbones\Prompts\SpaceFrequencyModulation\Seg-SADG\BaryRadGateFixedSpatial\a0p08\rho0p5\gb8\sadg0p05\shot5\Seed2
Seg-SADG,Seg-SADG,Seg-SADG,LF-Barycenter-RadialGate-FixedSpatialMask,fixed,cosine,fixed,radial,8,1.0,0.46643781661987305,0.5022264122962952,0.4909384846687317,0.46643782|0.50222641|0.48995283|0.49260911|0.496463|0.50085026|0.48301286|0.49595544,15.0,0.0,1.0,0.8631009459495544,0.10580847412347794,0.08,0.5,0.05,0.05,0.5,0.0001,0.001,0.001,0.0,0.0,1e-06,15.0,5.0,40.0,0.02,0.98,0.001,0.001,0.0001,0.01,0.001,0.5,style_rho0p5,sadg_rho0p05,9,9,19,19,new_training,5,2,15,0.32845166112695423,0.32760389362062725,0.01694534858688712,4.993044220619984e-07,4.993044220619984e-07,0.00018981474360251532,0.00027214350328514617,0.0002081794206917818,0.0,0.0,0.0,0.0,0.0,0.0,0.0,0.0,0.0,0.0,0.0,0.0,0.30036393446581705,0.49286087495940073,0.05000000000000001,14,23|31|224|171|180,56,all_filtered,9,True,D:\Running_Place\PostGraduateProjects\Experiments\PostGraduate\backbones\SpaceFrequencyModulation\Seg-SADG\BaryRadGateFixedSpatial\a0p08\rho0p5\gb8\sadg0p05\shot5\Seed2,D:\Running_Place\PostGraduateProjects\Experiments\PostGraduate\backbones\Prompts\SpaceFrequencyModulation\Seg-SADG\BaryRadGateFixedSpatial\a0p08\rho0p5\gb8\sadg0p05\shot5\Seed2
Seg-SADG,Seg-SADG,Seg-SADG,LF-Barycenter-RadialGate-FixedSpatialMask,fixed,cosine,fixed,radial,8,1.0,0.46486419439315796,0.5021166205406189,0.49059879779815674,0.46486419|0.50211662|0.4881027|0.49213856|0.49783877|0.50141764|0.48335022|0.49496153,15.0,0.0,1.0,0.8631009459495544,0.10580847412347794,0.08,0.5,0.05,0.05,0.5,0.0001,0.001,0.001,0.0,0.0,1e-06,15.0,5.0,40.0,0.02,0.98,0.001,0.001,0.0001,0.01,0.001,0.5,style_rho0p5,sadg_rho0p05,9,9,19,19,new_training,5,2,16,0.3019195944070816,0.301164910197258,0.015083115281803268,5.309788662088977e-07,5.309788662088977e-07,0.0002102297221426852,0.0002904589159048295,0.00021949695032422563,0.0,0.0,0.0,0.0,0.0,0.0,0.0,0.0,0.0,0.0,0.0,0.0,0.2766395988208907,0.4368739830596106,0.05000000000000001,14,23|31|224|171|180,56,all_filtered,9,True,D:\Running_Place\PostGraduateProjects\Experiments\PostGraduate\backbones\SpaceFrequencyModulation\Seg-SADG\BaryRadGateFixedSpatial\a0p08\rho0p5\gb8\sadg0p05\shot5\Seed2,D:\Running_Place\PostGraduateProjects\Experiments\PostGraduate\backbones\Prompts\SpaceFrequencyModulation\Seg-SADG\BaryRadGateFixedSpatial\a0p08\rho0p5\gb8\sadg0p05\shot5\Seed2
Seg-SADG,Seg-SADG,Seg-SADG,LF-Barycenter-RadialGate-FixedSpatialMask,fixed,cosine,fixed,radial,8,1.0,0.46333202719688416,0.5017585158348083,0.4901133179664612,0.46333203|0.50175458|0.48705727|0.49189633|0.49777123|0.50175852|0.48323005|0.49410662,15.0,0.0,1.0,0.8631009459495544,0.10580847412347794,0.08,0.5,0.05,0.05,0.5,0.0001,0.001,0.001,0.0,0.0,1e-06,15.0,5.0,40.0,0.02,0.98,0.001,0.001,0.0001,0.01,0.001,0.5,style_rho0p5,sadg_rho0p05,9,9,19,19,new_training,5,2,17,0.27135673803942545,0.2708081156015396,0.010961137944832444,5.648443196345657e-07,5.648443196345657e-07,0.00022752364852099812,0.0003098411169568343,0.00023225080492141257,0.0,0.0,0.0,0.0,0.0,0.0,0.0,0.0,0.0,0.0,0.0,0.0,0.24975585831063135,0.38146425783634186,0.05000000000000001,14,23|31|224|171|180,56,all_filtered,9,True,D:\Running_Place\PostGraduateProjects\Experiments\PostGraduate\backbones\SpaceFrequencyModulation\Seg-SADG\BaryRadGateFixedSpatial\a0p08\rho0p5\gb8\sadg0p05\shot5\Seed2,D:\Running_Place\PostGraduateProjects\Experiments\PostGraduate\backbones\Prompts\SpaceFrequencyModulation\Seg-SADG\BaryRadGateFixedSpatial\a0p08\rho0p5\gb8\sadg0p05\shot5\Seed2
Seg-SADG,Seg-SADG,Seg-SADG,LF-Barycenter-RadialGate-FixedSpatialMask,fixed,cosine,fixed,radial,8,1.0,0.4619763493537903,0.5018841028213501,0.489611953496933,0.46197635|0.50134975|0.48648474|0.49098343|0.49776876|0.5018841|0.48285583|0.49359271,15.0,0.0,1.0,0.8631009459495544,0.10580847412347794,0.08,0.5,0.05,0.05,0.5,0.0001,0.001,0.001,0.0,0.0,1e-06,15.0,5.0,40.0,0.02,0.98,0.001,0.001,0.0001,0.01,0.001,0.5,style_rho0p5,sadg_rho0p05,9,9,19,19,new_training,5,2,18,0.2521080342786653,0.25150517906461445,0.012045248611164945,5.90435178082771e-07,5.90435178082771e-07,0.00024671356264402026,0.0003232859619726826,0.0002424778275391353,0.0,0.0,0.0,0.0,0.0,0.0,0.0,0.0,0.0,0.0,0.0,0.0,0.2303121207015855,0.37285015625613077,0.05000000000000001,14,23|31|224|171|180,56,all_filtered,9,True,D:\Running_Place\PostGraduateProjects\Experiments\PostGraduate\backbones\SpaceFrequencyModulation\Seg-SADG\BaryRadGateFixedSpatial\a0p08\rho0p5\gb8\sadg0p05\shot5\Seed2,D:\Running_Place\PostGraduateProjects\Experiments\PostGraduate\backbones\Prompts\SpaceFrequencyModulation\Seg-SADG\BaryRadGateFixedSpatial\a0p08\rho0p5\gb8\sadg0p05\shot5\Seed2
Seg-SADG,Seg-SADG,Seg-SADG,LF-Barycenter-RadialGate-FixedSpatialMask,fixed,cosine,fixed,radial,8,1.0,0.460065096616745,0.5018618106842041,0.48890912532806396,0.4600651|0.50057697|0.4853808|0.49031913|0.49739474|0.50186181|0.48238048|0.49329409,15.0,0.0,1.0,0.8631009459495544,0.10580847412347794,0.08,0.5,0.05,0.05,0.5,0.0001,0.001,0.001,0.0,0.0,1e-06,15.0,5.0,40.0,0.02,0.98,0.001,0.001,0.0001,0.01,0.001,0.5,style_rho0p5,sadg_rho0p05,9,9,19,19,new_training,5,2,19,0.23893808679921286,0.2384150422045163,0.010448371725422996,6.270891463243191e-07,6.270891463243191e-07,0.00027055251744708845,0.00034267683596616346,0.00025735702989290336,0.0,0.0,0.0,0.0,0.0,0.0,0.0,0.0,0.0,0.0,0.0,0.0,0.2173579122338976,0.3695835939475468,0.05000000000000001,14,23|31|224|171|180,56,all_filtered,9,True,D:\Running_Place\PostGraduateProjects\Experiments\PostGraduate\backbones\SpaceFrequencyModulation\Seg-SADG\BaryRadGateFixedSpatial\a0p08\rho0p5\gb8\sadg0p05\shot5\Seed2,D:\Running_Place\PostGraduateProjects\Experiments\PostGraduate\backbones\Prompts\SpaceFrequencyModulation\Seg-SADG\BaryRadGateFixedSpatial\a0p08\rho0p5\gb8\sadg0p05\shot5\Seed2
Seg-SADG,Seg-SADG,Seg-SADG,LF-Barycenter-RadialGate-FixedSpatialMask,fixed,cosine,fixed,radial,8,1.0,0.4589422941207886,0.5013217329978943,0.4885151982307434,0.45894229|0.50043166|0.48435813|0.48957801|0.49808991|0.50132173|0.48232535|0.49307466,15.0,0.0,1.0,0.8631009459495544,0.10580847412347794,0.08,0.5,0.05,0.05,0.5,0.0001,0.001,0.001,0.0,0.0,1e-06,15.0,5.0,40.0,0.02,0.98,0.001,0.001,0.0001,0.01,0.001,0.5,style_rho0p5,sadg_rho0p05,9,9,19,19,new_training,5,2,20,0.22372335408415114,0.22313507327011653,0.01175243770038443,6.594895215325128e-07,6.594895215325128e-07,0.00029087849751314413,0.00035914406804035285,0.00027125757852835316,0.0,0.0,0.0,0.0,0.0,0.0,0.0,0.0,0.0,0.0,0.0,0.0,0.20285018852778844,0.34821859853608267,0.05000000000000001,14,23|31|224|171|180,56,all_filtered,9,True,D:\Running_Place\PostGraduateProjects\Experiments\PostGraduate\backbones\SpaceFrequencyModulation\Seg-SADG\BaryRadGateFixedSpatial\a0p08\rho0p5\gb8\sadg0p05\shot5\Seed2,D:\Running_Place\PostGraduateProjects\Experiments\PostGraduate\backbones\Prompts\SpaceFrequencyModulation\Seg-SADG\BaryRadGateFixedSpatial\a0p08\rho0p5\gb8\sadg0p05\shot5\Seed2
Seg-SADG,Seg-SADG,Seg-SADG,LF-Barycenter-RadialGate-FixedSpatialMask,fixed,cosine,fixed,radial,8,1.0,0.457489013671875,0.5012676119804382,0.48793888092041016,0.45748901|0.49979112|0.48377129|0.48893893|0.49809784|0.50126761|0.4816646|0.49249047,15.0,0.0,1.0,0.8631009459495544,0.10580847412347794,0.08,0.5,0.05,0.05,0.5,0.0001,0.001,0.001,0.0,0.0,1e-06,15.0,5.0,40.0,0.02,0.98,0.001,0.001,0.0001,0.01,0.001,0.5,style_rho0p5,sadg_rho0p05,9,9,19,19,new_training,5,2,21,0.21324863817010606,0.21272344780819757,0.010489973805046507,6.917568344176419e-07,6.917568344176419e-07,0.0003130169726708638,0.000375470395998231,0.00028498471406887153,0.0,0.0,0.0,0.0,0.0,0.0,0.0,0.0,0.0,0.0,0.0,0.0,0.1923473392214094,0.3520283358437674,0.05000000000000001,14,23|31|224|171|180,56,all_filtered,9,True,D:\Running_Place\PostGraduateProjects\Experiments\PostGraduate\backbones\SpaceFrequencyModulation\Seg-SADG\BaryRadGateFixedSpatial\a0p08\rho0p5\gb8\sadg0p05\shot5\Seed2,D:\Running_Place\PostGraduateProjects\Experiments\PostGraduate\backbones\Prompts\SpaceFrequencyModulation\Seg-SADG\BaryRadGateFixedSpatial\a0p08\rho0p5\gb8\sadg0p05\shot5\Seed2
Seg-SADG,Seg-SADG,Seg-SADG,LF-Barycenter-RadialGate-FixedSpatialMask,fixed,cosine,fixed,radial,8,1.0,0.45635560154914856,0.5009306073188782,0.487643837928772,0.4563556|0.4996087|0.48349917|0.48829794|0.49869081|0.50093061|0.4819755|0.49179256,15.0,0.0,1.0,0.8631009459495544,0.10580847412347794,0.08,0.5,0.05,0.05,0.5,0.0001,0.001,0.001,0.0,0.0,1e-06,15.0,5.0,40.0,0.02,0.98,0.001,0.001,0.0001,0.01,0.001,0.5,style_rho0p5,sadg_rho0p05,9,9,19,19,new_training,5,2,22,0.19992517573492868,0.1994040778705052,0.010407733298572046,7.11322140237566e-07,7.11322140237566e-07,0.00032915803188058944,0.00038409635765544536,0.0002943099430662447,0.0,0.0,0.0,0.0,0.0,0.0,0.0,0.0,0.0,0.0,0.0,0.0,0.1808381729892322,0.3190927803516388,0.05000000000000001,14,23|31|224|171|180,56,all_filtered,9,True,D:\Running_Place\PostGraduateProjects\Experiments\PostGraduate\backbones\SpaceFrequencyModulation\Seg-SADG\BaryRadGateFixedSpatial\a0p08\rho0p5\gb8\sadg0p05\shot5\Seed2,D:\Running_Place\PostGraduateProjects\Experiments\PostGraduate\backbones\Prompts\SpaceFrequencyModulation\Seg-SADG\BaryRadGateFixedSpatial\a0p08\rho0p5\gb8\sadg0p05\shot5\Seed2
Seg-SADG,Seg-SADG,Seg-SADG,LF-Barycenter-RadialGate-FixedSpatialMask,fixed,cosine,fixed,radial,8,1.0,0.45537319779396057,0.5005927681922913,0.48713356256484985,0.4553732|0.49957079|0.4823021|0.48791078|0.49923822|0.50059277|0.48142195|0.49065885,15.0,0.0,1.0,0.8631009459495544,0.10580847412347794,0.08,0.5,0.05,0.05,0.5,0.0001,0.001,0.001,0.0,0.0,1e-06,15.0,5.0,40.0,0.02,0.98,0.001,0.001,0.0001,0.01,0.001,0.5,style_rho0p5,sadg_rho0p05,9,9,19,19,new_training,5,2,23,0.18971968442201614,0.18918826750346593,0.010613475360774569,7.423698816312805e-07,7.423698816312805e-07,0.00034847153749849113,0.0003992745956306213,0.00030824810632371476,0.0,0.0,0.0,0.0,0.0,0.0,0.0,0.0,0.0,0.0,0.0,0.0,0.1710276252457074,0.3096800467797688,0.05000000000000001,14,23|31|224|171|180,56,all_filtered,9,True,D:\Running_Place\PostGraduateProjects\Experiments\PostGraduate\backbones\SpaceFrequencyModulation\Seg-SADG\BaryRadGateFixedSpatial\a0p08\rho0p5\gb8\sadg0p05\shot5\Seed2,D:\Running_Place\PostGraduateProjects\Experiments\PostGraduate\backbones\Prompts\SpaceFrequencyModulation\Seg-SADG\BaryRadGateFixedSpatial\a0p08\rho0p5\gb8\sadg0p05\shot5\Seed2
Seg-SADG,Seg-SADG,Seg-SADG,LF-Barycenter-RadialGate-FixedSpatialMask,fixed,cosine,fixed,radial,8,1.0,0.4545557498931885,0.5006687641143799,0.48670411109924316,0.45455575|0.49906585|0.48140249|0.4884257|0.49931797|0.50066876|0.4804818|0.48971441,15.0,0.0,1.0,0.8631009459495544,0.10580847412347794,0.08,0.5,0.05,0.05,0.5,0.0001,0.001,0.001,0.0,0.0,1e-06,15.0,5.0,40.0,0.02,0.98,0.001,0.001,0.0001,0.01,0.001,0.5,style_rho0p5,sadg_rho0p05,9,9,19,19,new_training,5,2,24,0.18014322008405412,0.1796745594058718,0.009357893506863288,7.664140793752137e-07,7.664140793752137e-07,0.0003697195934364572,0.0004141460750750931,0.0003152960104801293,0.0,0.0,0.0,0.0,0.0,0.0,0.0,0.0,0.0,0.0,0.0,0.0,0.16220127365418843,0.2959314318639891,0.05000000000000001,14,23|31|224|171|180,56,all_filtered,9,True,D:\Running_Place\PostGraduateProjects\Experiments\PostGraduate\backbones\SpaceFrequencyModulation\Seg-SADG\BaryRadGateFixedSpatial\a0p08\rho0p5\gb8\sadg0p05\shot5\Seed2,D:\Running_Place\PostGraduateProjects\Experiments\PostGraduate\backbones\Prompts\SpaceFrequencyModulation\Seg-SADG\BaryRadGateFixedSpatial\a0p08\rho0p5\gb8\sadg0p05\shot5\Seed2
Seg-SADG,Seg-SADG,Seg-SADG,LF-Barycenter-RadialGate-FixedSpatialMask,fixed,cosine,fixed,radial,8,1.0,0.4536729156970978,0.5001614689826965,0.4862610995769501,0.45367292|0.49863237|0.48081058|0.48774612|0.49882558|0.50016147|0.48054221|0.48969755,15.0,0.0,1.0,0.8631009459495544,0.10580847412347794,0.08,0.5,0.05,0.05,0.5,0.0001,0.001,0.001,0.0,0.0,1e-06,15.0,5.0,40.0,0.02,0.98,0.001,0.001,0.0001,0.01,0.001,0.5,style_rho0p5,sadg_rho0p05,9,9,19,19,new_training,5,2,25,0.17570752863373076,0.17518648505210876,0.010405120473088962,7.854210285326449e-07,7.854210285326449e-07,0.0003853035679120304,0.00042395728814881295,0.0003229333420417139,0.0,0.0,0.0,0.0,0.0,0.0,0.0,0.0,0.0,0.0,0.0,0.0,0.15797710631574904,0.3012932028089251,0.05000000000000001,14,23|31|224|171|180,56,all_filtered,9,True,D:\Running_Place\PostGraduateProjects\Experiments\PostGraduate\backbones\SpaceFrequencyModulation\Seg-SADG\BaryRadGateFixedSpatial\a0p08\rho0p5\gb8\sadg0p05\shot5\Seed2,D:\Running_Place\PostGraduateProjects\Experiments\PostGraduate\backbones\Prompts\SpaceFrequencyModulation\Seg-SADG\BaryRadGateFixedSpatial\a0p08\rho0p5\gb8\sadg0p05\shot5\Seed2
Seg-SADG,Seg-SADG,Seg-SADG,LF-Barycenter-RadialGate-FixedSpatialMask,fixed,cosine,fixed,radial,8,1.0,0.4526330232620239,0.5001515746116638,0.485826700925827,0.45263302|0.49807838|0.47995701|0.48714441|0.49877575|0.50015157|0.48052883|0.48934463,15.0,0.0,1.0,0.8631009459495544,0.10580847412347794,0.08,0.5,0.05,0.05,0.5,0.0001,0.001,0.001,0.0,0.0,1e-06,15.0,5.0,40.0,0.02,0.98,0.001,0.001,0.0001,0.01,0.001,0.5,style_rho0p5,sadg_rho0p05,9,9,19,19,new_training,5,2,26,0.16530579967158182,0.16481000930070877,0.0098998444820089,7.989017579542892e-07,7.989017579542892e-07,0.00040436927728088837,0.00042992466270724047,0.00032854013469269764,0.0,0.0,0.0,0.0,0.0,0.0,0.0,0.0,0.0,0.0,0.0,0.0,0.1486386177795274,0.26381700060197283,0.05000000000000001,14,23|31|224|171|180,56,all_filtered,9,True,D:\Running_Place\PostGraduateProjects\Experiments\PostGraduate\backbones\SpaceFrequencyModulation\Seg-SADG\BaryRadGateFixedSpatial\a0p08\rho0p5\gb8\sadg0p05\shot5\Seed2,D:\Running_Place\PostGraduateProjects\Experiments\PostGraduate\backbones\Prompts\SpaceFrequencyModulation\Seg-SADG\BaryRadGateFixedSpatial\a0p08\rho0p5\gb8\sadg0p05\shot5\Seed2
Seg-SADG,Seg-SADG,Seg-SADG,LF-Barycenter-RadialGate-FixedSpatialMask,fixed,cosine,fixed,radial,8,1.0,0.45157572627067566,0.5001257658004761,0.48544371128082275,0.45157573|0.49828535|0.47892615|0.48622757|0.49884421|0.50012577|0.48050883|0.48905614,15.0,0.0,1.0,0.8631009459495544,0.10580847412347794,0.08,0.5,0.05,0.05,0.5,0.0001,0.001,0.001,0.0,0.0,1e-06,15.0,5.0,40.0,0.02,0.98,0.001,0.001,0.0001,0.01,0.001,0.5,style_rho0p5,sadg_rho0p05,9,9,19,19,new_training,5,2,27,0.16138026118278503,0.16089389153889247,0.009710813107501184,8.311134373733304e-07,8.311134373733304e-07,0.00042375343036837876,0.0004468538973014802,0.00034188416403984386,0.0,0.0,0.0,0.0,0.0,0.0,0.0,0.0,0.0,0.0,0.0,0.0,0.14450745710304805,0.2701707035303116,0.05000000000000001,14,23|31|224|171|180,56,all_filtered,9,True,D:\Running_Place\PostGraduateProjects\Experiments\PostGraduate\backbones\SpaceFrequencyModulation\Seg-SADG\BaryRadGateFixedSpatial\a0p08\rho0p5\gb8\sadg0p05\shot5\Seed2,D:\Running_Place\PostGraduateProjects\Experiments\PostGraduate\backbones\Prompts\SpaceFrequencyModulation\Seg-SADG\BaryRadGateFixedSpatial\a0p08\rho0p5\gb8\sadg0p05\shot5\Seed2
Seg-SADG,Seg-SADG,Seg-SADG,LF-Barycenter-RadialGate-FixedSpatialMask,fixed,cosine,fixed,radial,8,1.0,0.4515889585018158,0.4997807443141937,0.48552781343460083,0.45158896|0.49888271|0.47852629|0.48599026|0.49919045|0.49978074|0.48083863|0.48942468,15.0,0.0,1.0,0.8631009459495544,0.10580847412347794,0.08,0.5,0.05,0.05,0.5,0.0001,0.001,0.001,0.0,0.0,1e-06,15.0,5.0,40.0,0.02,0.98,0.001,0.001,0.0001,0.01,0.001,0.5,style_rho0p5,sadg_rho0p05,9,9,19,19,new_training,5,2,28,0.16175450810364314,0.16121331602334976,0.010806459434596556,8.694769714371173e-07,8.694769714371173e-07,0.0004352333115613354,0.00046746725898369083,0.000358486344339326,0.0,0.0,0.0,0.0,0.0,0.0,0.0,0.0,0.0,0.0,0.0,0.0,0.14299095209155763,0.29944315765585217,0.05000000000000001,14,23|31|224|171|180,56,all_filtered,9,True,D:\Running_Place\PostGraduateProjects\Experiments\PostGraduate\backbones\SpaceFrequencyModulation\Seg-SADG\BaryRadGateFixedSpatial\a0p08\rho0p5\gb8\sadg0p05\shot5\Seed2,D:\Running_Place\PostGraduateProjects\Experiments\PostGraduate\backbones\Prompts\SpaceFrequencyModulation\Seg-SADG\BaryRadGateFixedSpatial\a0p08\rho0p5\gb8\sadg0p05\shot5\Seed2
Seg-SADG,Seg-SADG,Seg-SADG,LF-Barycenter-RadialGate-FixedSpatialMask,fixed,cosine,fixed,radial,8,1.0,0.4509356617927551,0.49953290820121765,0.4851466715335846,0.45093566|0.49831572|0.4777351|0.48562813|0.49952641|0.49953291|0.48045918|0.48904029,15.0,0.0,1.0,0.8631009459495544,0.10580847412347794,0.08,0.5,0.05,0.05,0.5,0.0001,0.001,0.001,0.0,0.0,1e-06,15.0,5.0,40.0,0.02,0.98,0.001,0.001,0.0001,0.01,0.001,0.5,style_rho0p5,sadg_rho0p05,9,9,19,19,new_training,5,2,29,0.1585469458784376,0.15789789067847387,0.012963459827005863,8.841416234060619e-07,8.841416234060619e-07,0.00044242909020145556,0.00047585370027393637,0.0003640449618355238,0.0,0.0,0.0,0.0,0.0,0.0,0.0,0.0,0.0,0.0,0.0,0.0,0.14028591130461013,0.2914714738726616,0.05000000000000001,14,23|31|224|171|180,56,all_filtered,9,True,D:\Running_Place\PostGraduateProjects\Experiments\PostGraduate\backbones\SpaceFrequencyModulation\Seg-SADG\BaryRadGateFixedSpatial\a0p08\rho0p5\gb8\sadg0p05\shot5\Seed2,D:\Running_Place\PostGraduateProjects\Experiments\PostGraduate\backbones\Prompts\SpaceFrequencyModulation\Seg-SADG\BaryRadGateFixedSpatial\a0p08\rho0p5\gb8\sadg0p05\shot5\Seed2
Seg-SADG,Seg-SADG,Seg-SADG,LF-Barycenter-RadialGate-FixedSpatialMask,fixed,cosine,fixed,radial,8,1.0,0.4499781131744385,0.5008378624916077,0.4850626587867737,0.44997811|0.49803022|0.47772154|0.48541522|0.50083786|0.49937993|0.4805606|0.48857784,15.0,0.0,1.0,0.8631009459495544,0.10580847412347794,0.08,0.5,0.05,0.05,0.5,0.0001,0.001,0.001,0.0,0.0,1e-06,15.0,5.0,40.0,0.02,0.98,0.001,0.001,0.0001,0.01,0.001,0.5,style_rho0p5,sadg_rho0p05,9,9,19,19,new_training,5,2,30,0.15380806475877762,0.1533033209187644,0.010076751100963779,9.057767686369646e-07,9.057767686369646e-07,0.0004579477452872587,0.00048551595370684354,0.00037446599994187376,0.0,0.0,0.0,0.0,0.0,0.0,0.0,0.0,0.0,0.0,0.0,0.0,0.13609067829591887,0.29197677757058826,0.05000000000000001,14,23|31|224|171|180,56,all_filtered,9,True,D:\Running_Place\PostGraduateProjects\Experiments\PostGraduate\backbones\SpaceFrequencyModulation\Seg-SADG\BaryRadGateFixedSpatial\a0p08\rho0p5\gb8\sadg0p05\shot5\Seed2,D:\Running_Place\PostGraduateProjects\Experiments\PostGraduate\backbones\Prompts\SpaceFrequencyModulation\Seg-SADG\BaryRadGateFixedSpatial\a0p08\rho0p5\gb8\sadg0p05\shot5\Seed2
Seg-SADG,Seg-SADG,Seg-SADG,LF-Barycenter-RadialGate-FixedSpatialMask,fixed,cosine,fixed,radial,8,1.0,0.4491083323955536,0.5015361905097961,0.4846777021884918,0.44910833|0.49805903|0.47720101|0.48400286|0.50153619|0.49941859|0.48027059|0.48782504,15.0,0.0,1.0,0.8631009459495544,0.10580847412347794,0.08,0.5,0.05,0.05,0.5,0.0001,0.001,0.001,0.0,0.0,1e-06,15.0,5.0,40.0,0.02,0.98,0.001,0.001,0.0001,0.01,0.001,0.5,style_rho0p5,sadg_rho0p05,9,9,19,19,new_training,5,2,31,0.14296275696584157,0.1424422338604927,0.010391588023464595,9.415024960292482e-07,9.415024960292482e-07,0.00047625524374390286,0.0005032716144341975,0.0003906052983698568,0.0,0.0,0.0,0.0,0.0,0.0,0.0,0.0,0.0,0.0,0.0,0.0,0.12830346769520215,0.232538997062615,0.05000000000000001,14,23|31|224|171|180,56,all_filtered,9,True,D:\Running_Place\PostGraduateProjects\Experiments\PostGraduate\backbones\SpaceFrequencyModulation\Seg-SADG\BaryRadGateFixedSpatial\a0p08\rho0p5\gb8\sadg0p05\shot5\Seed2,D:\Running_Place\PostGraduateProjects\Experiments\PostGraduate\backbones\Prompts\SpaceFrequencyModulation\Seg-SADG\BaryRadGateFixedSpatial\a0p08\rho0p5\gb8\sadg0p05\shot5\Seed2
Seg-SADG,Seg-SADG,Seg-SADG,LF-Barycenter-RadialGate-FixedSpatialMask,fixed,cosine,fixed,radial,8,1.0,0.44847190380096436,0.5022902488708496,0.4844970107078552,0.4484719|0.49807483|0.47745341|0.48356271|0.50229025|0.49923679|0.48009121|0.48679483,15.0,0.0,1.0,0.8631009459495544,0.10580847412347794,0.08,0.5,0.05,0.05,0.5,0.0001,0.001,0.001,0.0,0.0,1e-06,15.0,5.0,40.0,0.02,0.98,0.001,0.001,0.0001,0.01,0.001,0.5,style_rho0p5,sadg_rho0p05,9,9,19,19,new_training,5,2,32,0.13706925990326063,0.1366153135895729,0.009059298883325287,9.81128290992014e-07,9.81128290992014e-07,0.0004963645187672228,0.0005234581684427601,0.0004080336366314441,0.0,0.0,0.0,0.0,0.0,0.0,0.0,0.0,0.0,0.0,0.0,0.0,0.12329157867601939,0.21805237340075628,0.05000000000000001,14,23|31|224|171|180,56,all_filtered,9,True,D:\Running_Place\PostGraduateProjects\Experiments\PostGraduate\backbones\SpaceFrequencyModulation\Seg-SADG\BaryRadGateFixedSpatial\a0p08\rho0p5\gb8\sadg0p05\shot5\Seed2,D:\Running_Place\PostGraduateProjects\Experiments\PostGraduate\backbones\Prompts\SpaceFrequencyModulation\Seg-SADG\BaryRadGateFixedSpatial\a0p08\rho0p5\gb8\sadg0p05\shot5\Seed2
Seg-SADG,Seg-SADG,Seg-SADG,LF-Barycenter-RadialGate-FixedSpatialMask,fixed,cosine,fixed,radial,8,1.0,0.44831785559654236,0.5023589134216309,0.48431122303009033,0.44831786|0.49806115|0.47756168|0.48338979|0.50235891|0.49873507|0.4803113|0.48575386,15.0,0.0,1.0,0.8631009459495544,0.10580847412347794,0.08,0.5,0.05,0.05,0.5,0.0001,0.001,0.001,0.0,0.0,1e-06,15.0,5.0,40.0,0.02,0.98,0.001,0.001,0.0001,0.01,0.001,0.5,style_rho0p5,sadg_rho0p05,9,9,19,19,new_training,5,2,33,0.129528603383473,0.12909695665751184,0.008613068776737367,9.90867631246926e-07,9.90867631246926e-07,0.0005037676310166717,0.0005265469579691333,0.0004139438575033897,0.0,0.0,0.0,0.0,0.0,0.0,0.0,0.0,0.0,0.0,0.0,0.0,0.1168515815266541,0.19777714035340718,0.05000000000000001,14,23|31|224|171|180,56,all_filtered,9,True,D:\Running_Place\PostGraduateProjects\Experiments\PostGraduate\backbones\SpaceFrequencyModulation\Seg-SADG\BaryRadGateFixedSpatial\a0p08\rho0p5\gb8\sadg0p05\shot5\Seed2,D:\Running_Place\PostGraduateProjects\Experiments\PostGraduate\backbones\Prompts\SpaceFrequencyModulation\Seg-SADG\BaryRadGateFixedSpatial\a0p08\rho0p5\gb8\sadg0p05\shot5\Seed2
Seg-SADG,Seg-SADG,Seg-SADG,LF-Barycenter-RadialGate-FixedSpatialMask,fixed,cosine,fixed,radial,8,1.0,0.44800275564193726,0.5015303492546082,0.4839521646499634,0.44800276|0.49763751|0.4773626|0.48306876|0.50153035|0.49821705|0.48004052|0.48575786,15.0,0.0,1.0,0.8631009459495544,0.10580847412347794,0.08,0.5,0.05,0.05,0.5,0.0001,0.001,0.001,0.0,0.0,1e-06,15.0,5.0,40.0,0.02,0.98,0.001,0.001,0.0001,0.01,0.001,0.5,style_rho0p5,sadg_rho0p05,9,9,19,19,new_training,5,2,34,0.12820294392960413,0.12774568955813134,0.009125432831102185,9.858209263516722e-07,9.858209263516722e-07,0.0005119454123944576,0.0005218296261903431,0.00041279672586824745,0.0,0.0,0.0,0.0,0.0,0.0,0.0,0.0,0.0,0.0,0.0,0.0,0.11469596677592822,0.21171571207898005,0.05000000000000001,14,23|31|224|171|180,56,all_filtered,9,True,D:\Running_Place\PostGraduateProjects\Experiments\PostGraduate\backbones\SpaceFrequencyModulation\Seg-SADG\BaryRadGateFixedSpatial\a0p08\rho0p5\gb8\sadg0p05\shot5\Seed2,D:\Running_Place\PostGraduateProjects\Experiments\PostGraduate\backbones\Prompts\SpaceFrequencyModulation\Seg-SADG\BaryRadGateFixedSpatial\a0p08\rho0p5\gb8\sadg0p05\shot5\Seed2
Seg-SADG,Seg-SADG,Seg-SADG,LF-Barycenter-RadialGate-FixedSpatialMask,fixed,cosine,fixed,radial,8,1.0,0.4475340247154236,0.5011235475540161,0.48386120796203613,0.44753402|0.49755192|0.47725716|0.48308596|0.50112355|0.49835959|0.48004079|0.48593679,15.0,0.0,1.0,0.8631009459495544,0.10580847412347794,0.08,0.5,0.05,0.05,0.5,0.0001,0.001,0.001,0.0,0.0,1e-06,15.0,5.0,40.0,0.02,0.98,0.001,0.001,0.0001,0.01,0.001,0.5,style_rho0p5,sadg_rho0p05,9,9,19,19,new_training,5,2,35,0.12440968145217214,0.12395660153457097,0.009042027506179042,9.790684803842202e-07,9.790684803842202e-07,0.0005167719459028117,0.0005172811506781727,0.00041011009307112545,0.0,0.0,0.0,0.0,0.0,0.0,0.0,0.0,0.0,0.0,0.0,0.0,0.11141679914934295,0.2035448913063322,0.05000000000000001,14,23|31|224|171|180,56,all_filtered,9,True,D:\Running_Place\PostGraduateProjects\Experiments\PostGraduate\backbones\SpaceFrequencyModulation\Seg-SADG\BaryRadGateFixedSpatial\a0p08\rho0p5\gb8\sadg0p05\shot5\Seed2,D:\Running_Place\PostGraduateProjects\Experiments\PostGraduate\backbones\Prompts\SpaceFrequencyModulation\Seg-SADG\BaryRadGateFixedSpatial\a0p08\rho0p5\gb8\sadg0p05\shot5\Seed2
Seg-SADG,Seg-SADG,Seg-SADG,LF-Barycenter-RadialGate-FixedSpatialMask,fixed,cosine,fixed,radial,8,1.0,0.447294145822525,0.5012397170066833,0.4838874042034149,0.44729415|0.49784651|0.47739318|0.48300523|0.50123972|0.49839109|0.47999102|0.4859384,15.0,0.0,1.0,0.8631009459495544,0.10580847412347794,0.08,0.5,0.05,0.05,0.5,0.0001,0.001,0.001,0.0,0.0,1e-06,15.0,5.0,40.0,0.02,0.98,0.001,0.001,0.0001,0.01,0.001,0.5,style_rho0p5,sadg_rho0p05,9,9,19,19,new_training,5,2,36,0.11889964608209473,0.1184832751750946,0.00830751531092184,9.95985089957685e-07,9.95985089957685e-07,0.0005210981222002634,0.0005260679837582367,0.00041780724963505885,0.0,0.0,0.0,0.0,0.0,0.0,0.0,0.0,0.0,0.0,0.0,0.0,0.10706830397248268,0.18237021565437317,0.05000000000000001,14,23|31|224|171|180,56,all_filtered,9,True,D:\Running_Place\PostGraduateProjects\Experiments\PostGraduate\backbones\SpaceFrequencyModulation\Seg-SADG\BaryRadGateFixedSpatial\a0p08\rho0p5\gb8\sadg0p05\shot5\Seed2,D:\Running_Place\PostGraduateProjects\Experiments\PostGraduate\backbones\Prompts\SpaceFrequencyModulation\Seg-SADG\BaryRadGateFixedSpatial\a0p08\rho0p5\gb8\sadg0p05\shot5\Seed2
Seg-SADG,Seg-SADG,Seg-SADG,LF-Barycenter-RadialGate-FixedSpatialMask,fixed,cosine,fixed,radial,8,1.0,0.4469701051712036,0.5016642212867737,0.48361510038375854,0.44697011|0.49742198|0.47704884|0.48260015|0.50166422|0.49850085|0.47932208|0.48539254,15.0,0.0,1.0,0.8631009459495544,0.10580847412347794,0.08,0.5,0.05,0.05,0.5,0.0001,0.001,0.001,0.0,0.0,1e-06,15.0,5.0,40.0,0.02,0.98,0.001,0.001,0.0001,0.01,0.001,0.5,style_rho0p5,sadg_rho0p05,9,9,19,19,new_training,5,2,37,0.11931088141032628,0.11892447194882802,0.007707878814211914,1.0139268868312814e-06,1.0139268868312814e-06,0.0005283062554164124,0.0005361524776422552,0.0004249437479302287,0.0,0.0,0.0,0.0,0.0,0.0,0.0,0.0,0.0,0.0,0.0,0.0,0.10561852369989667,0.20515599527529307,0.05000000000000001,14,23|31|224|171|180,56,all_filtered,9,True,D:\Running_Place\PostGraduateProjects\Experiments\PostGraduate\backbones\SpaceFrequencyModulation\Seg-SADG\BaryRadGateFixedSpatial\a0p08\rho0p5\gb8\sadg0p05\shot5\Seed2,D:\Running_Place\PostGraduateProjects\Experiments\PostGraduate\backbones\Prompts\SpaceFrequencyModulation\Seg-SADG\BaryRadGateFixedSpatial\a0p08\rho0p5\gb8\sadg0p05\shot5\Seed2
Seg-SADG,Seg-SADG,Seg-SADG,LF-Barycenter-RadialGate-FixedSpatialMask,fixed,cosine,fixed,radial,8,1.0,0.44665929675102234,0.5012595653533936,0.4832921028137207,0.4466593|0.49725237|0.4767195|0.48248252|0.50125957|0.49811718|0.47900853|0.48483789,15.0,0.0,1.0,0.8631009459495544,0.10580847412347794,0.08,0.5,0.05,0.05,0.5,0.0001,0.001,0.001,0.0,0.0,1e-06,15.0,5.0,40.0,0.02,0.98,0.001,0.001,0.0001,0.01,0.001,0.5,style_rho0p5,sadg_rho0p05,9,9,19,19,new_training,5,2,38,0.12230905890464783,0.12176296753542763,0.010901429673789867,1.0193651860390673e-06,1.0193651860390673e-06,0.0005421020073949226,0.0005399656947702169,0.00042518923250359615,0.0,0.0,0.0,0.0,0.0,0.0,0.0,0.0,0.0,0.0,0.0,0.0,0.10685602469103676,0.23926285334995814,0.05000000000000001,14,23|31|224|171|180,56,all_filtered,9,True,D:\Running_Place\PostGraduateProjects\Experiments\PostGraduate\backbones\SpaceFrequencyModulation\Seg-SADG\BaryRadGateFixedSpatial\a0p08\rho0p5\gb8\sadg0p05\shot5\Seed2,D:\Running_Place\PostGraduateProjects\Experiments\PostGraduate\backbones\Prompts\SpaceFrequencyModulation\Seg-SADG\BaryRadGateFixedSpatial\a0p08\rho0p5\gb8\sadg0p05\shot5\Seed2
Seg-SADG,Seg-SADG,Seg-SADG,LF-Barycenter-RadialGate-FixedSpatialMask,fixed,cosine,fixed,radial,8,1.0,0.4460859000682831,0.5011029839515686,0.48320600390434265,0.4460859|0.49707299|0.47703582|0.48265281|0.50110298|0.49777827|0.47885856|0.48506066,15.0,0.0,1.0,0.8631009459495544,0.10580847412347794,0.08,0.5,0.05,0.05,0.5,0.0001,0.001,0.001,0.0,0.0,1e-06,15.0,5.0,40.0,0.02,0.98,0.001,0.001,0.0001,0.01,0.001,0.5,style_rho0p5,sadg_rho0p05,9,9,19,19,new_training,5,2,39,0.11466080322861671,0.11425899980323655,0.008015727025589772,1.0175783862515736e-06,1.0175783862515736e-06,0.000548763682932726,0.0005371877216800515,0.0004255142474513767,0.0,0.0,0.0,0.0,0.0,0.0,0.0,0.0,0.0,0.0,0.0,0.0,0.10219431242772511,0.19307174001421248,0.05000000000000001,14,23|31|224|171|180,56,all_filtered,9,True,D:\Running_Place\PostGraduateProjects\Experiments\PostGraduate\backbones\SpaceFrequencyModulation\Seg-SADG\BaryRadGateFixedSpatial\a0p08\rho0p5\gb8\sadg0p05\shot5\Seed2,D:\Running_Place\PostGraduateProjects\Experiments\PostGraduate\backbones\Prompts\SpaceFrequencyModulation\Seg-SADG\BaryRadGateFixedSpatial\a0p08\rho0p5\gb8\sadg0p05\shot5\Seed2
Seg-SADG,Seg-SADG,Seg-SADG,LF-Barycenter-RadialGate-FixedSpatialMask,fixed,cosine,fixed,radial,8,1.0,0.4456009864807129,0.5019609332084656,0.48316845297813416,0.44560099|0.49768323|0.47746944|0.48250607|0.50196093|0.49794254|0.47783893|0.4843455,15.0,0.0,1.0,0.8631009459495544,0.10580847412347794,0.08,0.5,0.05,0.05,0.5,0.0001,0.001,0.001,0.0,0.0,1e-06,15.0,5.0,40.0,0.02,0.98,0.001,0.001,0.0001,0.01,0.001,0.5,style_rho0p5,sadg_rho0p05,9,9,19,19,new_training,5,2,40,0.11101981145995003,0.1106148213148117,0.008078773505985737,1.051622518843942e-06,1.051622518843942e-06,0.0005589383072219789,0.0005545229193687971,0.000441205725240122,0.0,0.0,0.0,0.0,0.0,0.0,0.0,0.0,0.0,0.0,0.0,0.0,0.09915641961353165,0.1835392074925559,0.05000000000000001,14,23|31|224|171|180,56,all_filtered,9,True,D:\Running_Place\PostGraduateProjects\Experiments\PostGraduate\backbones\SpaceFrequencyModulation\Seg-SADG\BaryRadGateFixedSpatial\a0p08\rho0p5\gb8\sadg0p05\shot5\Seed2,D:\Running_Place\PostGraduateProjects\Experiments\PostGraduate\backbones\Prompts\SpaceFrequencyModulation\Seg-SADG\BaryRadGateFixedSpatial\a0p08\rho0p5\gb8\sadg0p05\shot5\Seed2
Seg-SADG,Seg-SADG,Seg-SADG,LF-Barycenter-RadialGate-FixedSpatialMask,fixed,cosine,fixed,radial,8,1.0,0.4453652799129486,0.501941978931427,0.4830126166343689,0.44536528|0.49813616|0.47756603|0.48196003|0.50194198|0.49753916|0.47753054|0.48406175,15.0,0.0,1.0,0.8631009459495544,0.10580847412347794,0.08,0.5,0.05,0.05,0.5,0.0001,0.001,0.001,0.0,0.0,1e-06,15.0,5.0,40.0,0.02,0.98,0.001,0.001,0.0001,0.01,0.001,0.5,style_rho0p5,sadg_rho0p05,9,9,19,19,new_training,5,2,41,0.10942398543868746,0.10899747695241656,0.008508382331846016,1.0894556307253618e-06,1.0894556307253618e-06,0.0005690427954375212,0.0005761112760020686,0.0004564400400600529,0.0,0.0,0.0,0.0,0.0,0.0,0.0,0.0,0.0,0.0,0.0,0.0,0.09701341869575637,0.19332096406391688,0.05000000000000001,14,23|31|224|171|180,56,all_filtered,9,True,D:\Running_Place\PostGraduateProjects\Experiments\PostGraduate\backbones\SpaceFrequencyModulation\Seg-SADG\BaryRadGateFixedSpatial\a0p08\rho0p5\gb8\sadg0p05\shot5\Seed2,D:\Running_Place\PostGraduateProjects\Experiments\PostGraduate\backbones\Prompts\SpaceFrequencyModulation\Seg-SADG\BaryRadGateFixedSpatial\a0p08\rho0p5\gb8\sadg0p05\shot5\Seed2
Seg-SADG,Seg-SADG,Seg-SADG,LF-Barycenter-RadialGate-FixedSpatialMask,fixed,cosine,fixed,radial,8,1.0,0.44523194432258606,0.5009610652923584,0.4826798439025879,0.44523194|0.49831361|0.47756788|0.48162428|0.50096107|0.49702907|0.47714227|0.48356852,15.0,0.0,1.0,0.8631009459495544,0.10580847412347794,0.08,0.5,0.05,0.05,0.5,0.0001,0.001,0.001,0.0,0.0,1e-06,15.0,5.0,40.0,0.02,0.98,0.001,0.001,0.0001,0.01,0.001,0.5,style_rho0p5,sadg_rho0p05,9,9,19,19,new_training,5,2,42,0.10762235522270203,0.10718552874667304,0.00871439983269998,1.1064179099256371e-06,1.1064179099256371e-06,0.0005755429571893599,0.0005845579102502338,0.00046430566622543016,0.0,0.0,0.0,0.0,0.0,0.0,0.0,0.0,0.0,0.0,0.0,0.0,0.09512647294572421,0.19317591509648732,0.05000000000000001,14,23|31|224|171|180,56,all_filtered,9,True,D:\Running_Place\PostGraduateProjects\Experiments\PostGraduate\backbones\SpaceFrequencyModulation\Seg-SADG\BaryRadGateFixedSpatial\a0p08\rho0p5\gb8\sadg0p05\shot5\Seed2,D:\Running_Place\PostGraduateProjects\Experiments\PostGraduate\backbones\Prompts\SpaceFrequencyModulation\Seg-SADG\BaryRadGateFixedSpatial\a0p08\rho0p5\gb8\sadg0p05\shot5\Seed2
Seg-SADG,Seg-SADG,Seg-SADG,LF-Barycenter-RadialGate-FixedSpatialMask,fixed,cosine,fixed,radial,8,1.0,0.44475436210632324,0.50071120262146,0.482352614402771,0.44475436|0.49781027|0.47702682|0.48150253|0.5007112|0.49689409|0.47692484|0.48319671,15.0,0.0,1.0,0.8631009459495544,0.10580847412347794,0.08,0.5,0.05,0.05,0.5,0.0001,0.001,0.001,0.0,0.0,1e-06,15.0,5.0,40.0,0.02,0.98,0.001,0.001,0.0001,0.01,0.001,0.5,style_rho0p5,sadg_rho0p05,9,9,19,19,new_training,5,2,43,0.10430667283279556,0.10390455009681838,0.008020401899037617,1.1043569543289777e-06,1.1043569543289777e-06,0.0005871891293541662,0.0005827729889590826,0.0004628650099870616,0.0,0.0,0.0,0.0,0.0,0.0,0.0,0.0,0.0,0.0,0.0,0.0,0.09258464138422694,0.18704128797565187,0.05000000000000001,14,23|31|224|171|180,56,all_filtered,9,True,D:\Running_Place\PostGraduateProjects\Experiments\PostGraduate\backbones\SpaceFrequencyModulation\Seg-SADG\BaryRadGateFixedSpatial\a0p08\rho0p5\gb8\sadg0p05\shot5\Seed2,D:\Running_Place\PostGraduateProjects\Experiments\PostGraduate\backbones\Prompts\SpaceFrequencyModulation\Seg-SADG\BaryRadGateFixedSpatial\a0p08\rho0p5\gb8\sadg0p05\shot5\Seed2
Seg-SADG,Seg-SADG,Seg-SADG,LF-Barycenter-RadialGate-FixedSpatialMask,fixed,cosine,fixed,radial,8,1.0,0.44447994232177734,0.5010562539100647,0.48225319385528564,0.44447994|0.49779108|0.47735527|0.4812485|0.50105625|0.49686083|0.47650385|0.48273006,15.0,0.0,1.0,0.8631009459495544,0.10580847412347794,0.08,0.5,0.05,0.05,0.5,0.0001,0.001,0.001,0.0,0.0,1e-06,15.0,5.0,40.0,0.02,0.98,0.001,0.001,0.0001,0.01,0.001,0.5,style_rho0p5,sadg_rho0p05,9,9,19,19,new_training,5,2,44,0.10402422504765647,0.10364612032260213,0.007539841795473227,1.1119844722478384e-06,1.1119844722478384e-06,0.0005976248316333763,0.0005869168962817639,0.00046530505226525875,0.0,0.0,0.0,0.0,0.0,0.0,0.0,0.0,0.0,0.0,0.0,0.0,0.09223644861153193,0.1901364480810506,0.05000000000000001,14,23|31|224|171|180,56,all_filtered,9,True,D:\Running_Place\PostGraduateProjects\Experiments\PostGraduate\backbones\SpaceFrequencyModulation\Seg-SADG\BaryRadGateFixedSpatial\a0p08\rho0p5\gb8\sadg0p05\shot5\Seed2,D:\Running_Place\PostGraduateProjects\Experiments\PostGraduate\backbones\Prompts\SpaceFrequencyModulation\Seg-SADG\BaryRadGateFixedSpatial\a0p08\rho0p5\gb8\sadg0p05\shot5\Seed2
Seg-SADG,Seg-SADG,Seg-SADG,LF-Barycenter-RadialGate-FixedSpatialMask,fixed,cosine,fixed,radial,8,1.0,0.44413307309150696,0.5012300610542297,0.48214781284332275,0.44413307|0.49780926|0.478129|0.48104164|0.50123006|0.49631119|0.47609136|0.48243675,15.0,0.0,1.0,0.8631009459495544,0.10580847412347794,0.08,0.5,0.05,0.05,0.5,0.0001,0.001,0.001,0.0,0.0,1e-06,15.0,5.0,40.0,0.02,0.98,0.001,0.001,0.0001,0.01,0.001,0.5,style_rho0p5,sadg_rho0p05,9,9,19,19,new_training,5,2,45,0.0979633310011455,0.09759563101189477,0.007331427918480975,1.1279658776532285e-06,1.1279658776532285e-06,0.0006042655440978706,0.0005935420797738646,0.0004739971960329318,0.0,0.0,0.0,0.0,0.0,0.0,0.0,0.0,0.0,0.0,0.0,0.0,0.08771914563008718,0.15938682215554373,0.05000000000000001,14,23|31|224|171|180,56,all_filtered,9,True,D:\Running_Place\PostGraduateProjects\Experiments\PostGraduate\backbones\SpaceFrequencyModulation\Seg-SADG\BaryRadGateFixedSpatial\a0p08\rho0p5\gb8\sadg0p05\shot5\Seed2,D:\Running_Place\PostGraduateProjects\Experiments\PostGraduate\backbones\Prompts\SpaceFrequencyModulation\Seg-SADG\BaryRadGateFixedSpatial\a0p08\rho0p5\gb8\sadg0p05\shot5\Seed2
Seg-SADG,Seg-SADG,Seg-SADG,LF-Barycenter-RadialGate-FixedSpatialMask,fixed,cosine,fixed,radial,8,1.0,0.4440057575702667,0.5013468861579895,0.48201537132263184,0.44400576|0.49790478|0.47850981|0.4810904|0.50134689|0.49562079|0.4758555|0.48178914,15.0,0.0,1.0,0.8631009459495544,0.10580847412347794,0.08,0.5,0.05,0.05,0.5,0.0001,0.001,0.001,0.0,0.0,1e-06,15.0,5.0,40.0,0.02,0.98,0.001,0.001,0.0001,0.01,0.001,0.5,style_rho0p5,sadg_rho0p05,9,9,19,19,new_training,5,2,46,0.09731728849666459,0.09695200355989593,0.007283049070143274,1.1320031814778173e-06,1.1320031814778173e-06,0.0006094477679913066,0.0005934360462041306,0.00047762231510465166,0.0,0.0,0.0,0.0,0.0,0.0,0.0,0.0,0.0,0.0,0.0,0.0,0.08617025560566358,0.17028464057615825,0.05000000000000001,14,23|31|224|171|180,56,all_filtered,9,True,D:\Running_Place\PostGraduateProjects\Experiments\PostGraduate\backbones\SpaceFrequencyModulation\Seg-SADG\BaryRadGateFixedSpatial\a0p08\rho0p5\gb8\sadg0p05\shot5\Seed2,D:\Running_Place\PostGraduateProjects\Experiments\PostGraduate\backbones\Prompts\SpaceFrequencyModulation\Seg-SADG\BaryRadGateFixedSpatial\a0p08\rho0p5\gb8\sadg0p05\shot5\Seed2
Seg-SADG,Seg-SADG,Seg-SADG,LF-Barycenter-RadialGate-FixedSpatialMask,fixed,cosine,fixed,radial,8,1.0,0.4435345530509949,0.5018449425697327,0.4818215072154999,0.44353455|0.4978627|0.4784489|0.48113844|0.50184494|0.49499202|0.47548419|0.48126629,15.0,0.0,1.0,0.8631009459495544,0.10580847412347794,0.08,0.5,0.05,0.05,0.5,0.0001,0.001,0.001,0.0,0.0,1e-06,15.0,5.0,40.0,0.02,0.98,0.001,0.001,0.0001,0.01,0.001,0.5,style_rho0p5,sadg_rho0p05,9,9,19,19,new_training,5,2,47,0.09894712056432452,0.09853666754705566,0.008186179013656718,1.143001692785869e-06,1.143001692785869e-06,0.0006169842090457678,0.0005977874430495181,0.0004835157825644793,0.0,0.0,0.0,0.0,0.0,0.0,0.0,0.0,0.0,0.0,0.0,0.0,0.08609810418316297,0.193589448928833,0.05000000000000001,14,23|31|224|171|180,56,all_filtered,9,True,D:\Running_Place\PostGraduateProjects\Experiments\PostGraduate\backbones\SpaceFrequencyModulation\Seg-SADG\BaryRadGateFixedSpatial\a0p08\rho0p5\gb8\sadg0p05\shot5\Seed2,D:\Running_Place\PostGraduateProjects\Experiments\PostGraduate\backbones\Prompts\SpaceFrequencyModulation\Seg-SADG\BaryRadGateFixedSpatial\a0p08\rho0p5\gb8\sadg0p05\shot5\Seed2
Seg-SADG,Seg-SADG,Seg-SADG,LF-Barycenter-RadialGate-FixedSpatialMask,fixed,cosine,fixed,radial,8,1.0,0.44317397475242615,0.502292811870575,0.4816981554031372,0.44317397|0.49752584|0.47907013|0.48150718|0.50229281|0.49441367|0.47488198|0.48071977,15.0,0.0,1.0,0.8631009459495544,0.10580847412347794,0.08,0.5,0.05,0.05,0.5,0.0001,0.001,0.001,0.0,0.0,1e-06,15.0,5.0,40.0,0.02,0.98,0.001,0.001,0.0001,0.01,0.001,0.5,style_rho0p5,sadg_rho0p05,9,9,19,19,new_training,5,2,48,0.09527464530297688,0.09487088610019002,0.008052061345162136,1.155715803439047e-06,1.155715803439047e-06,0.0006274235077268843,0.0006033729628792831,0.0004896004102192819,0.0,0.0,0.0,0.0,0.0,0.0,0.0,0.0,0.0,0.0,0.0,0.0,0.08434127271175385,0.16728731191584043,0.05000000000000001,14,23|31|224|171|180,56,all_filtered,9,True,D:\Running_Place\PostGraduateProjects\Experiments\PostGraduate\backbones\SpaceFrequencyModulation\Seg-SADG\BaryRadGateFixedSpatial\a0p08\rho0p5\gb8\sadg0p05\shot5\Seed2,D:\Running_Place\PostGraduateProjects\Experiments\PostGraduate\backbones\Prompts\SpaceFrequencyModulation\Seg-SADG\BaryRadGateFixedSpatial\a0p08\rho0p5\gb8\sadg0p05\shot5\Seed2
Seg-SADG,Seg-SADG,Seg-SADG,LF-Barycenter-RadialGate-FixedSpatialMask,fixed,cosine,fixed,radial,8,1.0,0.4432782232761383,0.5021480917930603,0.48137637972831726,0.44327822|0.49753615|0.47930181|0.48143929|0.50214809|0.49405381|0.47350058|0.47975302,15.0,0.0,1.0,0.8631009459495544,0.10580847412347794,0.08,0.5,0.05,0.05,0.5,0.0001,0.001,0.001,0.0,0.0,1e-06,15.0,5.0,40.0,0.02,0.98,0.001,0.001,0.0001,0.01,0.001,0.5,style_rho0p5,sadg_rho0p05,9,9,19,19,new_training,5,2,49,0.09898860273616654,0.09859710080283028,0.007806884424228754,1.1571185934501825e-06,1.1571185934501825e-06,0.0006375595611254019,0.0006038039906083473,0.0004895585963302958,0.0,0.0,0.0,0.0,0.0,0.0,0.0,0.0,0.0,0.0,0.0,0.0,0.08532014648829188,0.206936243389334,0.05000000000000001,14,23|31|224|171|180,56,all_filtered,9,True,D:\Running_Place\PostGraduateProjects\Experiments\PostGraduate\backbones\SpaceFrequencyModulation\Seg-SADG\BaryRadGateFixedSpatial\a0p08\rho0p5\gb8\sadg0p05\shot5\Seed2,D:\Running_Place\PostGraduateProjects\Experiments\PostGraduate\backbones\Prompts\SpaceFrequencyModulation\Seg-SADG\BaryRadGateFixedSpatial\a0p08\rho0p5\gb8\sadg0p05\shot5\Seed2
Seg-SADG,Seg-SADG,Seg-SADG,LF-Barycenter-RadialGate-FixedSpatialMask,fixed,cosine,fixed,radial,8,1.0,0.4434490203857422,0.5021949410438538,0.4812864065170288,0.44344902|0.49753517|0.47947529|0.48134205|0.50219494|0.49419999|0.47259545|0.4794994,15.0,0.0,1.0,0.8631009459495544,0.10580847412347794,0.08,0.5,0.05,0.05,0.5,0.0001,0.001,0.001,0.0,0.0,1e-06,15.0,5.0,40.0,0.02,0.98,0.001,0.001,0.0001,0.01,0.001,0.5,style_rho0p5,sadg_rho0p05,9,9,19,19,new_training,5,2,50,0.09414610266685486,0.09375952184200287,0.007708434015512466,1.1595312311588453e-06,1.1595312311588453e-06,0.0006460775704389172,0.0006073209307422596,0.0004876024800718629,0.0,0.0,0.0,0.0,0.0,0.0,0.0,0.0,0.0,0.0,0.0,0.0,0.08246890987668719,0.1771092223269599,0.05000000000000001,14,23|31|224|171|180,56,all_filtered,9,True,D:\Running_Place\PostGraduateProjects\Experiments\PostGraduate\backbones\SpaceFrequencyModulation\Seg-SADG\BaryRadGateFixedSpatial\a0p08\rho0p5\gb8\sadg0p05\shot5\Seed2,D:\Running_Place\PostGraduateProjects\Experiments\PostGraduate\backbones\Prompts\SpaceFrequencyModulation\Seg-SADG\BaryRadGateFixedSpatial\a0p08\rho0p5\gb8\sadg0p05\shot5\Seed2
Seg-SADG,Seg-SADG,Seg-SADG,LF-Barycenter-RadialGate-FixedSpatialMask,fixed,cosine,fixed,radial,8,1.0,0.4437078833580017,0.5023083090782166,0.4811808466911316,0.44370788|0.49768063|0.48002094|0.48089653|0.50230831|0.49363133|0.47239706|0.47880423,15.0,0.0,1.0,0.8631009459495544,0.10580847412347794,0.08,0.5,0.05,0.05,0.5,0.0001,0.001,0.001,0.0,0.0,1e-06,15.0,5.0,40.0,0.02,0.98,0.001,0.001,0.0001,0.01,0.001,0.5,style_rho0p5,sadg_rho0p05,9,9,19,19,new_training,5,2,51,0.09058378690055438,0.09017600544861384,0.008132420413728272,1.1597538462280812e-06,1.1597538462280812e-06,0.0006493666525264936,0.0006083482751689319,0.0004864688526140526,0.0,0.0,0.0,0.0,0.0,0.0,0.0,0.0,0.0,0.0,0.0,0.0,0.07989422444786344,0.16256628558039665,0.05000000000000001,14,23|31|224|171|180,56,all_filtered,9,True,D:\Running_Place\PostGraduateProjects\Experiments\PostGraduate\backbones\SpaceFrequencyModulation\Seg-SADG\BaryRadGateFixedSpatial\a0p08\rho0p5\gb8\sadg0p05\shot5\Seed2,D:\Running_Place\PostGraduateProjects\Experiments\PostGraduate\backbones\Prompts\SpaceFrequencyModulation\Seg-SADG\BaryRadGateFixedSpatial\a0p08\rho0p5\gb8\sadg0p05\shot5\Seed2
Seg-SADG,Seg-SADG,Seg-SADG,LF-Barycenter-RadialGate-FixedSpatialMask,fixed,cosine,fixed,radial,8,1.0,0.44346654415130615,0.502515971660614,0.4810934364795685,0.44346654|0.4978945|0.48042122|0.48026872|0.50251597|0.49312857|0.472123|0.47892889,15.0,0.0,1.0,0.8631009459495544,0.10580847412347794,0.08,0.5,0.05,0.05,0.5,0.0001,0.001,0.001,0.0,0.0,1e-06,15.0,5.0,40.0,0.02,0.98,0.001,0.001,0.0001,0.01,0.001,0.5,style_rho0p5,sadg_rho0p05,9,9,19,19,new_training,5,2,52,0.09092042275837489,0.09053637725966317,0.0076575454524053,1.1682311082950037e-06,1.1682311082950037e-06,0.0006498119868670724,0.0006108331227941173,0.0004924167483945244,0.0,0.0,0.0,0.0,0.0,0.0,0.0,0.0,0.0,0.0,0.0,0.0,0.07955447265080043,0.1696532235613891,0.05000000000000001,14,23|31|224|171|180,56,all_filtered,9,True,D:\Running_Place\PostGraduateProjects\Experiments\PostGraduate\backbones\SpaceFrequencyModulation\Seg-SADG\BaryRadGateFixedSpatial\a0p08\rho0p5\gb8\sadg0p05\shot5\Seed2,D:\Running_Place\PostGraduateProjects\Experiments\PostGraduate\backbones\Prompts\SpaceFrequencyModulation\Seg-SADG\BaryRadGateFixedSpatial\a0p08\rho0p5\gb8\sadg0p05\shot5\Seed2
Seg-SADG,Seg-SADG,Seg-SADG,LF-Barycenter-RadialGate-FixedSpatialMask,fixed,cosine,fixed,radial,8,1.0,0.44305264949798584,0.5027116537094116,0.48099789023399353,0.44305265|0.49789822|0.48055497|0.47958383|0.50271165|0.49335593|0.47238809|0.47843787,15.0,0.0,1.0,0.8631009459495544,0.10580847412347794,0.08,0.5,0.05,0.05,0.5,0.0001,0.001,0.001,0.0,0.0,1e-06,15.0,5.0,40.0,0.02,0.98,0.001,0.001,0.0001,0.01,0.001,0.5,style_rho0p5,sadg_rho0p05,9,9,19,19,new_training,5,2,53,0.08909938165119716,0.08876655995845795,0.006632468596632991,1.1977509107704724e-06,1.1977509107704724e-06,0.0006614889924614025,0.0006254299202867385,0.0005061720356544745,0.0,0.0,0.0,0.0,0.0,0.0,0.0,0.0,0.0,0.0,0.0,0.0,0.07868396810122899,0.16304647869297437,0.05000000000000001,14,23|31|224|171|180,56,all_filtered,9,True,D:\Running_Place\PostGraduateProjects\Experiments\PostGraduate\backbones\SpaceFrequencyModulation\Seg-SADG\BaryRadGateFixedSpatial\a0p08\rho0p5\gb8\sadg0p05\shot5\Seed2,D:\Running_Place\PostGraduateProjects\Experiments\PostGraduate\backbones\Prompts\SpaceFrequencyModulation\Seg-SADG\BaryRadGateFixedSpatial\a0p08\rho0p5\gb8\sadg0p05\shot5\Seed2
Seg-SADG,Seg-SADG,Seg-SADG,LF-Barycenter-RadialGate-FixedSpatialMask,fixed,cosine,fixed,radial,8,1.0,0.4431879222393036,0.5035448670387268,0.48102304339408875,0.44318792|0.49857423|0.48106238|0.47877756|0.50354487|0.49320239|0.4719083|0.47792673,15.0,0.0,1.0,0.8631009459495544,0.10580847412347794,0.08,0.5,0.05,0.05,0.5,0.0001,0.001,0.001,0.0,0.0,1e-06,15.0,5.0,40.0,0.02,0.98,0.001,0.001,0.0001,0.01,0.001,0.5,style_rho0p5,sadg_rho0p05,9,9,19,19,new_training,5,2,54,0.08962427292551313,0.08925285775746618,0.007403883184971554,1.2214041557204576e-06,1.2214041557204576e-06,0.0006662713214089828,0.0006371137486504656,0.0005176632257644087,0.0,0.0,0.0,0.0,0.0,0.0,0.0,0.0,0.0,0.0,0.0,0.0,0.07844779533999306,0.1723941085594041,0.05000000000000001,14,23|31|224|171|180,56,all_filtered,9,True,D:\Running_Place\PostGraduateProjects\Experiments\PostGraduate\backbones\SpaceFrequencyModulation\Seg-SADG\BaryRadGateFixedSpatial\a0p08\rho0p5\gb8\sadg0p05\shot5\Seed2,D:\Running_Place\PostGraduateProjects\Experiments\PostGraduate\backbones\Prompts\SpaceFrequencyModulation\Seg-SADG\BaryRadGateFixedSpatial\a0p08\rho0p5\gb8\sadg0p05\shot5\Seed2
Seg-SADG,Seg-SADG,Seg-SADG,LF-Barycenter-RadialGate-FixedSpatialMask,fixed,cosine,fixed,radial,8,1.0,0.4424268305301666,0.5045160055160522,0.48070958256721497,0.44242683|0.49985263|0.4798798|0.47742385|0.50451601|0.4929314|0.47169963|0.47694662,15.0,0.0,1.0,0.8631009459495544,0.10580847412347794,0.08,0.5,0.05,0.05,0.5,0.0001,0.001,0.001,0.0,0.0,1e-06,15.0,5.0,40.0,0.02,0.98,0.001,0.001,0.0001,0.01,0.001,0.5,style_rho0p5,sadg_rho0p05,9,9,19,19,new_training,5,2,55,0.375483475625515,0.37472705649478094,0.01510231290012598,1.3058819620580055e-06,1.3058819620580055e-06,0.0006857186422816344,0.0006846113953672882,0.0005526986455411784,0.0,0.0,0.0,0.0,0.0,0.0,0.0,0.0,0.0,0.0,0.0,0.0,0.2239590622484684,0.5301513086472239,0.05000000000000001,14,23|31|224|171|180,56,all_filtered,9,True,D:\Running_Place\PostGraduateProjects\Experiments\PostGraduate\backbones\SpaceFrequencyModulation\Seg-SADG\BaryRadGateFixedSpatial\a0p08\rho0p5\gb8\sadg0p05\shot5\Seed2,D:\Running_Place\PostGraduateProjects\Experiments\PostGraduate\backbones\Prompts\SpaceFrequencyModulation\Seg-SADG\BaryRadGateFixedSpatial\a0p08\rho0p5\gb8\sadg0p05\shot5\Seed2
Seg-SADG,Seg-SADG,Seg-SADG,LF-Barycenter-RadialGate-FixedSpatialMask,fixed,cosine,fixed,radial,8,1.0,0.4415328800678253,0.5039758682250977,0.4799608588218689,0.44153288|0.49934259|0.4779948|0.47665304|0.50397587|0.49159157|0.47217223|0.47642395,15.0,0.0,1.0,0.8631009459495544,0.10580847412347794,0.08,0.5,0.05,0.05,0.5,0.0001,0.001,0.001,0.0,0.0,1e-06,15.0,5.0,40.0,0.02,0.98,0.001,0.001,0.0001,0.01,0.001,0.5,style_rho0p5,sadg_rho0p05,9,9,19,19,new_training,5,2,56,0.1457672981279237,0.14518005241240775,0.011717189735333835,1.3883651653096812e-06,1.3883651653096812e-06,0.0007196572384730514,0.0007300493141104068,0.0005863500617644084,0.0,0.0,0.0,0.0,0.0,0.0,0.0,0.0,0.0,0.0,0.0,0.0,0.11901945727212089,0.4292583721024649,0.05000000000000001,14,23|31|224|171|180,56,all_filtered,9,True,D:\Running_Place\PostGraduateProjects\Experiments\PostGraduate\backbones\SpaceFrequencyModulation\Seg-SADG\BaryRadGateFixedSpatial\a0p08\rho0p5\gb8\sadg0p05\shot5\Seed2,D:\Running_Place\PostGraduateProjects\Experiments\PostGraduate\backbones\Prompts\SpaceFrequencyModulation\Seg-SADG\BaryRadGateFixedSpatial\a0p08\rho0p5\gb8\sadg0p05\shot5\Seed2
Seg-SADG,Seg-SADG,Seg-SADG,LF-Barycenter-RadialGate-FixedSpatialMask,fixed,cosine,fixed,radial,8,1.0,0.43902313709259033,0.5039002895355225,0.47895270586013794,0.43902314|0.50087696|0.4734337|0.47410005|0.50390029|0.48751658|0.47473198|0.47803915,15.0,0.0,1.0,0.8631009459495544,0.10580847412347794,0.08,0.5,0.05,0.05,0.5,0.0001,0.001,0.001,0.0,0.0,1e-06,15.0,5.0,40.0,0.02,0.98,0.001,0.001,0.0001,0.01,0.001,0.5,style_rho0p5,sadg_rho0p05,9,9,19,19,new_training,5,2,57,0.2412630883710725,0.23996253737381526,0.02598172545965229,1.4670432295003723e-06,1.4670432295003723e-06,0.0007547221695339042,0.0007707793224004231,0.000620791592934568,0.0,0.0,0.0,0.0,0.0,0.0,0.0,0.0,0.0,0.0,0.0,0.0,0.17290081988487924,0.6152787123407636,0.05000000000000001,14,23|31|224|171|180,56,all_filtered,9,True,D:\Running_Place\PostGraduateProjects\Experiments\PostGraduate\backbones\SpaceFrequencyModulation\Seg-SADG\BaryRadGateFixedSpatial\a0p08\rho0p5\gb8\sadg0p05\shot5\Seed2,D:\Running_Place\PostGraduateProjects\Experiments\PostGraduate\backbones\Prompts\SpaceFrequencyModulation\Seg-SADG\BaryRadGateFixedSpatial\a0p08\rho0p5\gb8\sadg0p05\shot5\Seed2
Seg-SADG,Seg-SADG,Seg-SADG,LF-Barycenter-RadialGate-FixedSpatialMask,fixed,cosine,fixed,radial,8,1.0,0.43536266684532166,0.5016040205955505,0.4776042699813843,0.43536267|0.50028938|0.47104582|0.47422221|0.50160402|0.48518467|0.47365573|0.47946981,15.0,0.0,1.0,0.8631009459495544,0.10580847412347794,0.08,0.5,0.05,0.05,0.5,0.0001,0.001,0.001,0.0,0.0,1e-06,15.0,5.0,40.0,0.02,0.98,0.001,0.001,0.0001,0.01,0.001,0.5,style_rho0p5,sadg_rho0p05,9,9,19,19,new_training,5,2,58,0.1976728535124234,0.1960631970848356,0.032160055956670215,1.6536522480237181e-06,1.6536522480237181e-06,0.0008378796836560858,0.000872856517422146,0.0006970077021313566,0.0,0.0,0.0,0.0,0.0,0.0,0.0,0.0,0.0,0.0,0.0,0.0,0.17389655645404542,0.36527942546776365,0.05000000000000001,14,23|31|224|171|180,56,all_filtered,9,True,D:\Running_Place\PostGraduateProjects\Experiments\PostGraduate\backbones\SpaceFrequencyModulation\Seg-SADG\BaryRadGateFixedSpatial\a0p08\rho0p5\gb8\sadg0p05\shot5\Seed2,D:\Running_Place\PostGraduateProjects\Experiments\PostGraduate\backbones\Prompts\SpaceFrequencyModulation\Seg-SADG\BaryRadGateFixedSpatial\a0p08\rho0p5\gb8\sadg0p05\shot5\Seed2
Seg-SADG,Seg-SADG,Seg-SADG,LF-Barycenter-RadialGate-FixedSpatialMask,fixed,cosine,fixed,radial,8,1.0,0.4325081408023834,0.5009641647338867,0.4770132899284363,0.43250814|0.49976718|0.4701364|0.4743489|0.50096416|0.4856835|0.47269031|0.48000771,15.0,0.0,1.0,0.8631009459495544,0.10580847412347794,0.08,0.5,0.05,0.05,0.5,0.0001,0.001,0.001,0.0,0.0,1e-06,15.0,5.0,40.0,0.02,0.98,0.001,0.001,0.0001,0.01,0.001,0.5,style_rho0p5,sadg_rho0p05,9,9,19,19,new_training,5,2,59,0.1669908208506448,0.16604772955179214,0.01882707460650376,1.737491540357691e-06,1.737491540357691e-06,0.0009065783773881517,0.0009134022984653711,0.0007334313455170818,0.0,0.0,0.0,0.0,0.0,0.0,0.0,0.0,0.0,0.0,0.0,0.0,0.146312772163323,0.3303954633218901,0.05000000000000001,14,23|31|224|171|180,56,all_filtered,9,True,D:\Running_Place\PostGraduateProjects\Experiments\PostGraduate\backbones\SpaceFrequencyModulation\Seg-SADG\BaryRadGateFixedSpatial\a0p08\rho0p5\gb8\sadg0p05\shot5\Seed2,D:\Running_Place\PostGraduateProjects\Experiments\PostGraduate\backbones\Prompts\SpaceFrequencyModulation\Seg-SADG\BaryRadGateFixedSpatial\a0p08\rho0p5\gb8\sadg0p05\shot5\Seed2
Seg-SADG,Seg-SADG,Seg-SADG,LF-Barycenter-RadialGate-FixedSpatialMask,fixed,cosine,fixed,radial,8,1.0,0.4312978684902191,0.5006240010261536,0.4768942594528198,0.43129787|0.500624|0.46968731|0.47409996|0.50050265|0.48548248|0.47279185|0.48066798,15.0,0.0,1.0,0.8631009459495544,0.10580847412347794,0.08,0.5,0.05,0.05,0.5,0.0001,0.001,0.001,0.0,0.0,1e-06,15.0,5.0,40.0,0.02,0.98,0.001,0.001,0.0001,0.01,0.001,0.5,style_rho0p5,sadg_rho0p05,9,9,19,19,new_training,5,2,60,0.14624785099710738,0.14559253571288927,0.013069696258753538,1.8310800230990156e-06,1.8310800230990156e-06,0.0009431790469014752,0.0009617444884497672,0.0007750175302914743,0.0,0.0,0.0,0.0,0.0,0.0,0.0,0.0,0.0,0.0,0.0,0.0,0.13127846270799637,0.24468076441969192,0.05000000000000001,14,23|31|224|171|180,56,all_filtered,9,True,D:\Running_Place\PostGraduateProjects\Experiments\PostGraduate\backbones\SpaceFrequencyModulation\Seg-SADG\BaryRadGateFixedSpatial\a0p08\rho0p5\gb8\sadg0p05\shot5\Seed2,D:\Running_Place\PostGraduateProjects\Experiments\PostGraduate\backbones\Prompts\SpaceFrequencyModulation\Seg-SADG\BaryRadGateFixedSpatial\a0p08\rho0p5\gb8\sadg0p05\shot5\Seed2
Seg-SADG,Seg-SADG,Seg-SADG,LF-Barycenter-RadialGate-FixedSpatialMask,fixed,cosine,fixed,radial,8,1.0,0.43038344383239746,0.5009945034980774,0.4766176640987396,0.43038344|0.5009945|0.46965039|0.47395107|0.50048155|0.4851006|0.47200385|0.48037589,15.0,0.0,1.0,0.8631009459495544,0.10580847412347794,0.08,0.5,0.05,0.05,0.5,0.0001,0.001,0.001,0.0,0.0,1e-06,15.0,5.0,40.0,0.02,0.98,0.001,0.001,0.0001,0.01,0.001,0.5,style_rho0p5,sadg_rho0p05,9,9,19,19,new_training,5,2,61,0.13103304590497697,0.13045647527490342,0.011493129057011433,1.915369856370879e-06,1.915369856370879e-06,0.0009658333936905754,0.001007377976618175,0.0008114084859179067,0.0,0.0,0.0,0.0,0.0,0.0,0.0,0.0,0.0,0.0,0.0,0.0,0.11718158477119037,0.2215268760919571,0.05000000000000001,14,23|31|224|171|180,56,all_filtered,9,True,D:\Running_Place\PostGraduateProjects\Experiments\PostGraduate\backbones\SpaceFrequencyModulation\Seg-SADG\BaryRadGateFixedSpatial\a0p08\rho0p5\gb8\sadg0p05\shot5\Seed2,D:\Running_Place\PostGraduateProjects\Experiments\PostGraduate\backbones\Prompts\SpaceFrequencyModulation\Seg-SADG\BaryRadGateFixedSpatial\a0p08\rho0p5\gb8\sadg0p05\shot5\Seed2
Seg-SADG,Seg-SADG,Seg-SADG,LF-Barycenter-RadialGate-FixedSpatialMask,fixed,cosine,fixed,radial,8,1.0,0.42977604269981384,0.5012952089309692,0.47623032331466675,0.42977604|0.50129521|0.46997783|0.4739778|0.50003368|0.48427647|0.47083864|0.47966683,15.0,0.0,1.0,0.8631009459495544,0.10580847412347794,0.08,0.5,0.05,0.05,0.5,0.0001,0.001,0.001,0.0,0.0,1e-06,15.0,5.0,40.0,0.02,0.98,0.001,0.001,0.0001,0.01,0.001,0.5,style_rho0p5,sadg_rho0p05,9,9,19,19,new_training,5,2,62,0.12088225888354438,0.12044003286531993,0.008805224938052041,1.9663166312966496e-06,1.9663166312966496e-06,0.0009902268564993782,0.0010337154297823353,0.0008335784285528851,0.0,0.0,0.0,0.0,0.0,0.0,0.0,0.0,0.0,0.0,0.0,0.0,0.10864102893642016,0.19255821034312248,0.05000000000000001,14,23|31|224|171|180,56,all_filtered,9,True,D:\Running_Place\PostGraduateProjects\Experiments\PostGraduate\backbones\SpaceFrequencyModulation\Seg-SADG\BaryRadGateFixedSpatial\a0p08\rho0p5\gb8\sadg0p05\shot5\Seed2,D:\Running_Place\PostGraduateProjects\Experiments\PostGraduate\backbones\Prompts\SpaceFrequencyModulation\Seg-SADG\BaryRadGateFixedSpatial\a0p08\rho0p5\gb8\sadg0p05\shot5\Seed2
Seg-SADG,Seg-SADG,Seg-SADG,LF-Barycenter-RadialGate-FixedSpatialMask,fixed,cosine,fixed,radial,8,1.0,0.42989370226860046,0.5016490817070007,0.47612789273262024,0.4298937|0.50164908|0.47012544|0.47392902|0.49985066|0.48400846|0.46995234|0.47961444,15.0,0.0,1.0,0.8631009459495544,0.10580847412347794,0.08,0.5,0.05,0.05,0.5,0.0001,0.001,0.001,0.0,0.0,1e-06,15.0,5.0,40.0,0.02,0.98,0.001,0.001,0.0001,0.01,0.001,0.5,style_rho0p5,sadg_rho0p05,9,9,19,19,new_training,5,2,63,0.1097533293068409,0.10931079515389033,0.008810838152255331,1.9923131243818456e-06,1.9923131243818456e-06,0.0010054244942563986,0.0010478266963868269,0.0008439439157622733,0.0,0.0,0.0,0.0,0.0,0.0,0.0,0.0,0.0,0.0,0.0,0.0,0.09948360760297094,0.16045054580484117,0.05000000000000001,14,23|31|224|171|180,56,all_filtered,9,True,D:\Running_Place\PostGraduateProjects\Experiments\PostGraduate\backbones\SpaceFrequencyModulation\Seg-SADG\BaryRadGateFixedSpatial\a0p08\rho0p5\gb8\sadg0p05\shot5\Seed2,D:\Running_Place\PostGraduateProjects\Experiments\PostGraduate\backbones\Prompts\SpaceFrequencyModulation\Seg-SADG\BaryRadGateFixedSpatial\a0p08\rho0p5\gb8\sadg0p05\shot5\Seed2
Seg-SADG,Seg-SADG,Seg-SADG,LF-Barycenter-RadialGate-FixedSpatialMask,fixed,cosine,fixed,radial,8,1.0,0.42978301644325256,0.5017039179801941,0.4760414958000183,0.42978302|0.50170392|0.47016445|0.47417557|0.49900505|0.48423198|0.46935368|0.47991419,15.0,0.0,1.0,0.8631009459495544,0.10580847412347794,0.08,0.5,0.05,0.05,0.5,0.0001,0.001,0.001,0.0,0.0,1e-06,15.0,5.0,40.0,0.02,0.98,0.001,0.001,0.0001,0.01,0.001,0.5,style_rho0p5,sadg_rho0p05,9,9,19,19,new_training,5,2,64,0.10794248751231603,0.10755674807088715,0.00767480132968298,1.9992029852541497e-06,1.9992029852541497e-06,0.001009306329901197,0.0010520612122491002,0.0008462110501048821,0.0,0.0,0.0,0.0,0.0,0.0,0.0,0.0,0.0,0.0,0.0,0.0,0.09659417771867343,0.17814163650785172,0.05000000000000001,14,23|31|224|171|180,56,all_filtered,9,True,D:\Running_Place\PostGraduateProjects\Experiments\PostGraduate\backbones\SpaceFrequencyModulation\Seg-SADG\BaryRadGateFixedSpatial\a0p08\rho0p5\gb8\sadg0p05\shot5\Seed2,D:\Running_Place\PostGraduateProjects\Experiments\PostGraduate\backbones\Prompts\SpaceFrequencyModulation\Seg-SADG\BaryRadGateFixedSpatial\a0p08\rho0p5\gb8\sadg0p05\shot5\Seed2
Seg-SADG,Seg-SADG,Seg-SADG,LF-Barycenter-RadialGate-FixedSpatialMask,fixed,cosine,fixed,radial,8,1.0,0.4291912317276001,0.5014462471008301,0.4759112596511841,0.42919123|0.50144625|0.47041935|0.47454828|0.49877912|0.4838976|0.46914572|0.47986257,15.0,0.0,1.0,0.8631009459495544,0.10580847412347794,0.08,0.5,0.05,0.05,0.5,0.0001,0.001,0.001,0.0,0.0,1e-06,15.0,5.0,40.0,0.02,0.98,0.001,0.001,0.0001,0.01,0.001,0.5,style_rho0p5,sadg_rho0p05,9,9,19,19,new_training,5,2,65,0.11039523620690618,0.1099467980010169,0.008928873443177767,1.9947742820087503e-06,1.9947742820087503e-06,0.0010145828959399036,0.0010478817275725305,0.0008454341774008103,0.0,0.0,0.0,0.0,0.0,0.0,0.0,0.0,0.0,0.0,0.0,0.0,0.09676207123058182,0.2118906964148794,0.05000000000000001,14,23|31|224|171|180,56,all_filtered,9,True,D:\Running_Place\PostGraduateProjects\Experiments\PostGraduate\backbones\SpaceFrequencyModulation\Seg-SADG\BaryRadGateFixedSpatial\a0p08\rho0p5\gb8\sadg0p05\shot5\Seed2,D:\Running_Place\PostGraduateProjects\Experiments\PostGraduate\backbones\Prompts\SpaceFrequencyModulation\Seg-SADG\BaryRadGateFixedSpatial\a0p08\rho0p5\gb8\sadg0p05\shot5\Seed2
Seg-SADG,Seg-SADG,Seg-SADG,LF-Barycenter-RadialGate-FixedSpatialMask,fixed,cosine,fixed,radial,8,1.0,0.42894992232322693,0.5011395215988159,0.47571149468421936,0.42894992|0.50113952|0.47039908|0.4744558|0.4984104|0.48330477|0.46920413|0.47982827,15.0,0.0,1.0,0.8631009459495544,0.10580847412347794,0.08,0.5,0.05,0.05,0.5,0.0001,0.001,0.001,0.0,0.0,1e-06,15.0,5.0,40.0,0.02,0.98,0.001,0.001,0.0001,0.01,0.001,0.5,style_rho0p5,sadg_rho0p05,9,9,19,19,new_training,5,2,66,0.10342995928866523,0.10304273984261922,0.007704407276053514,1.9986610888216612e-06,1.9986610888216612e-06,0.001022965131726648,0.001047345734800079,0.0008490187673097742,0.0,0.0,0.0,0.0,0.0,0.0,0.0,0.0,0.0,0.0,0.0,0.0,0.0923684367111751,0.17113233996289118,0.05000000000000001,14,23|31|224|171|180,56,all_filtered,9,True,D:\Running_Place\PostGraduateProjects\Experiments\PostGraduate\backbones\SpaceFrequencyModulation\Seg-SADG\BaryRadGateFixedSpatial\a0p08\rho0p5\gb8\sadg0p05\shot5\Seed2,D:\Running_Place\PostGraduateProjects\Experiments\PostGraduate\backbones\Prompts\SpaceFrequencyModulation\Seg-SADG\BaryRadGateFixedSpatial\a0p08\rho0p5\gb8\sadg0p05\shot5\Seed2
Seg-SADG,Seg-SADG,Seg-SADG,LF-Barycenter-RadialGate-FixedSpatialMask,fixed,cosine,fixed,radial,8,1.0,0.428755521774292,0.5007048845291138,0.4752815365791321,0.42875552|0.50070488|0.47023639|0.47416711|0.49726471|0.48272678|0.46899611|0.47940069,15.0,0.0,1.0,0.8631009459495544,0.10580847412347794,0.08,0.5,0.05,0.05,0.5,0.0001,0.001,0.001,0.0,0.0,1e-06,15.0,5.0,40.0,0.02,0.98,0.001,0.001,0.0001,0.01,0.001,0.5,style_rho0p5,sadg_rho0p05,9,9,19,19,new_training,5,2,67,0.09932838114244598,0.0989291960639613,0.0079442089024399,1.973688378192102e-06,1.973688378192102e-06,0.0010323786825340772,0.001031460498260068,0.000838989919949589,0.0,0.0,0.0,0.0,0.0,0.0,0.0,0.0,0.0,0.0,0.0,0.0,0.08832824283412524,0.16677446503724372,0.05000000000000001,14,23|31|224|171|180,56,all_filtered,9,True,D:\Running_Place\PostGraduateProjects\Experiments\PostGraduate\backbones\SpaceFrequencyModulation\Seg-SADG\BaryRadGateFixedSpatial\a0p08\rho0p5\gb8\sadg0p05\shot5\Seed2,D:\Running_Place\PostGraduateProjects\Experiments\PostGraduate\backbones\Prompts\SpaceFrequencyModulation\Seg-SADG\BaryRadGateFixedSpatial\a0p08\rho0p5\gb8\sadg0p05\shot5\Seed2
Seg-SADG,Seg-SADG,Seg-SADG,LF-Barycenter-RadialGate-FixedSpatialMask,fixed,cosine,fixed,radial,8,1.0,0.4285258650779724,0.5004007816314697,0.47494110465049744,0.42852587|0.50040078|0.47018161|0.47379383|0.49661446|0.48240089|0.46843508|0.47917631,15.0,0.0,1.0,0.8631009459495544,0.10580847412347794,0.08,0.5,0.05,0.05,0.5,0.0001,0.001,0.001,0.0,0.0,1e-06,15.0,5.0,40.0,0.02,0.98,0.001,0.001,0.0001,0.01,0.001,0.5,style_rho0p5,sadg_rho0p05,9,9,19,19,new_training,5,2,68,0.09524495261056083,0.09489121554153306,0.007035675491871578,1.9546529139396237e-06,1.9546529139396237e-06,0.00104650976468942,0.0010194314693632936,0.0008305703979983393,0.0,0.0,0.0,0.0,0.0,0.0,0.0,0.0,0.0,0.0,0.0,0.0,0.08522381580301694,0.15454132216317312,0.05000000000000001,14,23|31|224|171|180,56,all_filtered,9,True,D:\Running_Place\PostGraduateProjects\Experiments\PostGraduate\backbones\SpaceFrequencyModulation\Seg-SADG\BaryRadGateFixedSpatial\a0p08\rho0p5\gb8\sadg0p05\shot5\Seed2,D:\Running_Place\PostGraduateProjects\Experiments\PostGraduate\backbones\Prompts\SpaceFrequencyModulation\Seg-SADG\BaryRadGateFixedSpatial\a0p08\rho0p5\gb8\sadg0p05\shot5\Seed2
Seg-SADG,Seg-SADG,Seg-SADG,LF-Barycenter-RadialGate-FixedSpatialMask,fixed,cosine,fixed,radial,8,1.0,0.4284059405326843,0.5003401637077332,0.47481727600097656,0.42840594|0.50034016|0.47050425|0.47363794|0.49637502|0.48214474|0.46799082|0.47913936,15.0,0.0,1.0,0.8631009459495544,0.10580847412347794,0.08,0.5,0.05,0.05,0.5,0.0001,0.001,0.001,0.0,0.0,1e-06,15.0,5.0,40.0,0.02,0.98,0.001,0.001,0.0001,0.01,0.001,0.5,style_rho0p5,sadg_rho0p05,9,9,19,19,new_training,5,2,69,0.0931948721408844,0.0928208732179233,0.007440931895481688,1.95465359606065e-06,1.95465359606065e-06,0.0010585946895714318,0.0010171533628766025,0.0008316406872056957,0.0,0.0,0.0,0.0,0.0,0.0,0.0,0.0,0.0,0.0,0.0,0.0,0.08323854580521584,0.15111501514911652,0.05000000000000001,14,23|31|224|171|180,56,all_filtered,9,True,D:\Running_Place\PostGraduateProjects\Experiments\PostGraduate\backbones\SpaceFrequencyModulation\Seg-SADG\BaryRadGateFixedSpatial\a0p08\rho0p5\gb8\sadg0p05\shot5\Seed2,D:\Running_Place\PostGraduateProjects\Experiments\PostGraduate\backbones\Prompts\SpaceFrequencyModulation\Seg-SADG\BaryRadGateFixedSpatial\a0p08\rho0p5\gb8\sadg0p05\shot5\Seed2
Seg-SADG,Seg-SADG,Seg-SADG,LF-Barycenter-RadialGate-FixedSpatialMask,fixed,cosine,fixed,radial,8,1.0,0.42847245931625366,0.5002720355987549,0.47456538677215576,0.42847246|0.50027204|0.47080863|0.4735876|0.49533084|0.48163202|0.46786019|0.47855923,15.0,0.0,1.0,0.8631009459495544,0.10580847412347794,0.08,0.5,0.05,0.05,0.5,0.0001,0.001,0.001,0.0,0.0,1e-06,15.0,5.0,40.0,0.02,0.98,0.001,0.001,0.0001,0.01,0.001,0.5,style_rho0p5,sadg_rho0p05,9,9,19,19,new_training,5,2,70,0.0898457829441343,0.08949972263404302,0.006882358176101532,1.9436570417903047e-06,1.9436570417903047e-06,0.0010616435070655175,0.001009476470894047,0.0008280161460528948,0.0,0.0,0.0,0.0,0.0,0.0,0.0,0.0,0.0,0.0,0.0,0.0,0.08055702490465981,0.14265559081520354,0.05000000000000001,14,23|31|224|171|180,56,all_filtered,9,True,D:\Running_Place\PostGraduateProjects\Experiments\PostGraduate\backbones\SpaceFrequencyModulation\Seg-SADG\BaryRadGateFixedSpatial\a0p08\rho0p5\gb8\sadg0p05\shot5\Seed2,D:\Running_Place\PostGraduateProjects\Experiments\PostGraduate\backbones\Prompts\SpaceFrequencyModulation\Seg-SADG\BaryRadGateFixedSpatial\a0p08\rho0p5\gb8\sadg0p05\shot5\Seed2
Seg-SADG,Seg-SADG,Seg-SADG,LF-Barycenter-RadialGate-FixedSpatialMask,fixed,cosine,fixed,radial,8,1.0,0.42838895320892334,0.5000209808349609,0.4743310213088989,0.42838895|0.50002098|0.47111183|0.47379005|0.49389726|0.48167947|0.46787325|0.47788632,15.0,0.0,1.0,0.8631009459495544,0.10580847412347794,0.08,0.5,0.05,0.05,0.5,0.0001,0.001,0.001,0.0,0.0,1e-06,15.0,5.0,40.0,0.02,0.98,0.001,0.001,0.0001,0.01,0.001,0.5,style_rho0p5,sadg_rho0p05,9,9,19,19,new_training,5,2,71,0.09232609665819577,0.09197090300066131,0.0070657188438677365,1.908144830459995e-06,1.908144830459995e-06,0.0010658727093998874,0.0009875872887537948,0.0008139701967593282,0.0,0.0,0.0,0.0,0.0,0.0,0.0,0.0,0.0,0.0,0.0,0.0,0.08091622005615916,0.17023563544665063,0.05000000000000001,14,23|31|224|171|180,56,all_filtered,9,True,D:\Running_Place\PostGraduateProjects\Experiments\PostGraduate\backbones\SpaceFrequencyModulation\Seg-SADG\BaryRadGateFixedSpatial\a0p08\rho0p5\gb8\sadg0p05\shot5\Seed2,D:\Running_Place\PostGraduateProjects\Experiments\PostGraduate\backbones\Prompts\SpaceFrequencyModulation\Seg-SADG\BaryRadGateFixedSpatial\a0p08\rho0p5\gb8\sadg0p05\shot5\Seed2
Seg-SADG,Seg-SADG,Seg-SADG,LF-Barycenter-RadialGate-FixedSpatialMask,fixed,cosine,fixed,radial,8,1.0,0.42861300706863403,0.49939218163490295,0.4740694761276245,0.42861301|0.49939218|0.471071|0.47389945|0.49308103|0.48157638|0.46749565|0.47742715,15.0,0.0,1.0,0.8631009459495544,0.10580847412347794,0.08,0.5,0.05,0.05,0.5,0.0001,0.001,0.001,0.0,0.0,1e-06,15.0,5.0,40.0,0.02,0.98,0.001,0.001,0.0001,0.01,0.001,0.5,style_rho0p5,sadg_rho0p05,9,9,19,19,new_training,5,2,72,0.08820070219891411,0.08786617538758687,0.006653136141332132,1.8699458256118566e-06,1.8699458256118566e-06,0.0010705924609542958,0.0009641755979308593,0.0007987109129317105,0.0,0.0,0.0,0.0,0.0,0.0,0.0,0.0,0.0,0.0,0.0,0.0,0.07851390327726092,0.1434186611856733,0.05000000000000001,14,23|31|224|171|180,56,all_filtered,9,True,D:\Running_Place\PostGraduateProjects\Experiments\PostGraduate\backbones\SpaceFrequencyModulation\Seg-SADG\BaryRadGateFixedSpatial\a0p08\rho0p5\gb8\sadg0p05\shot5\Seed2,D:\Running_Place\PostGraduateProjects\Experiments\PostGraduate\backbones\Prompts\SpaceFrequencyModulation\Seg-SADG\BaryRadGateFixedSpatial\a0p08\rho0p5\gb8\sadg0p05\shot5\Seed2
Seg-SADG,Seg-SADG,Seg-SADG,LF-Barycenter-RadialGate-FixedSpatialMask,fixed,cosine,fixed,radial,8,1.0,0.42875906825065613,0.49921974539756775,0.4738866686820984,0.42875907|0.49921975|0.47103459|0.47385031|0.49269724|0.48110166|0.46741354|0.47701725,15.0,0.0,1.0,0.8631009459495544,0.10580847412347794,0.08,0.5,0.05,0.05,0.5,0.0001,0.001,0.001,0.0,0.0,1e-06,15.0,5.0,40.0,0.02,0.98,0.001,0.001,0.0001,0.01,0.001,0.5,style_rho0p5,sadg_rho0p05,9,9,19,19,new_training,5,2,73,0.08604683780244418,0.08569999252046857,0.006900443063516702,1.8211463027130646e-06,1.8211463027130646e-06,0.0010722657981594758,0.0009370281394304973,0.0007768914968307529,0.0,0.0,0.0,0.0,0.0,0.0,0.0,0.0,0.0,0.0,0.0,0.0,0.07666424608656339,0.14420131593942642,0.05000000000000001,14,23|31|224|171|180,56,all_filtered,9,True,D:\Running_Place\PostGraduateProjects\Experiments\PostGraduate\backbones\SpaceFrequencyModulation\Seg-SADG\BaryRadGateFixedSpatial\a0p08\rho0p5\gb8\sadg0p05\shot5\Seed2,D:\Running_Place\PostGraduateProjects\Experiments\PostGraduate\backbones\Prompts\SpaceFrequencyModulation\Seg-SADG\BaryRadGateFixedSpatial\a0p08\rho0p5\gb8\sadg0p05\shot5\Seed2
Seg-SADG,Seg-SADG,Seg-SADG,LF-Barycenter-RadialGate-FixedSpatialMask,fixed,cosine,fixed,radial,8,1.0,0.42846545577049255,0.49909690022468567,0.4736630916595459,0.42846546|0.4990969|0.47113371|0.47390878|0.49230161|0.48065338|0.46722874|0.47651628,15.0,0.0,1.0,0.8631009459495544,0.10580847412347794,0.08,0.5,0.05,0.05,0.5,0.0001,0.001,0.001,0.0,0.0,1e-06,15.0,5.0,40.0,0.02,0.98,0.001,0.001,0.0001,0.01,0.001,0.5,style_rho0p5,sadg_rho0p05,9,9,19,19,new_training,5,2,74,0.08340818275298391,0.08308731658118111,0.0063809844266091076,1.8171052472228309e-06,1.8171052472228309e-06,0.001080423393951995,0.0009338111932655531,0.000775251620715218,0.0,0.0,0.0,0.0,0.0,0.0,0.0,0.0,0.0,0.0,0.0,0.0,0.0745012036391667,0.13435333488242968,0.05000000000000001,14,23|31|224|171|180,56,all_filtered,9,True,D:\Running_Place\PostGraduateProjects\Experiments\PostGraduate\backbones\SpaceFrequencyModulation\Seg-SADG\BaryRadGateFixedSpatial\a0p08\rho0p5\gb8\sadg0p05\shot5\Seed2,D:\Running_Place\PostGraduateProjects\Experiments\PostGraduate\backbones\Prompts\SpaceFrequencyModulation\Seg-SADG\BaryRadGateFixedSpatial\a0p08\rho0p5\gb8\sadg0p05\shot5\Seed2
Seg-SADG,Seg-SADG,Seg-SADG,LF-Barycenter-RadialGate-FixedSpatialMask,fixed,cosine,fixed,radial,8,1.0,0.42883238196372986,0.4991031289100647,0.47345268726348877,0.42883238|0.49910313|0.471062|0.47348949|0.49229446|0.48002511|0.46670759|0.47610748,15.0,0.0,1.0,0.8631009459495544,0.10580847412347794,0.08,0.5,0.05,0.05,0.5,0.0001,0.001,0.001,0.0,0.0,1e-06,15.0,5.0,40.0,0.02,0.98,0.001,0.001,0.0001,0.01,0.001,0.5,style_rho0p5,sadg_rho0p05,9,9,19,19,new_training,5,2,75,0.08451715111732483,0.08421070607645172,0.006092565233952233,1.8164282745861523e-06,1.8164282745861523e-06,0.0010913005265008127,0.0009326012805104256,0.0007746968559721219,0.0,0.0,0.0,0.0,0.0,0.0,0.0,0.0,0.0,0.0,0.0,0.0,0.07493281470877784,0.1359242301966463,0.05000000000000001,14,23|31|224|171|180,56,all_filtered,9,True,D:\Running_Place\PostGraduateProjects\Experiments\PostGraduate\backbones\SpaceFrequencyModulation\Seg-SADG\BaryRadGateFixedSpatial\a0p08\rho0p5\gb8\sadg0p05\shot5\Seed2,D:\Running_Place\PostGraduateProjects\Experiments\PostGraduate\backbones\Prompts\SpaceFrequencyModulation\Seg-SADG\BaryRadGateFixedSpatial\a0p08\rho0p5\gb8\sadg0p05\shot5\Seed2
Seg-SADG,Seg-SADG,Seg-SADG,LF-Barycenter-RadialGate-FixedSpatialMask,fixed,cosine,fixed,radial,8,1.0,0.42865023016929626,0.49873819947242737,0.4732586145401001,0.42865023|0.4987382|0.47122723|0.4730874|0.49230814|0.48052612|0.46645385|0.47507784,15.0,0.0,1.0,0.8631009459495544,0.10580847412347794,0.08,0.5,0.05,0.05,0.5,0.0001,0.001,0.001,0.0,0.0,1e-06,15.0,5.0,40.0,0.02,0.98,0.001,0.001,0.0001,0.01,0.001,0.5,style_rho0p5,sadg_rho0p05,9,9,19,19,new_training,5,2,76,0.08671016725046295,0.08645391783543996,0.00508900560505156,1.7999210188333694e-06,1.7999210188333694e-06,0.0010992447246930429,0.0009237562688732785,0.0007662402016908995,0.0,0.0,0.0,0.0,0.0,0.0,0.0,0.0,0.0,0.0,0.0,0.0,0.07711737975478172,0.15712594453777587,0.05000000000000001,14,23|31|224|171|180,56,all_filtered,9,True,D:\Running_Place\PostGraduateProjects\Experiments\PostGraduate\backbones\SpaceFrequencyModulation\Seg-SADG\BaryRadGateFixedSpatial\a0p08\rho0p5\gb8\sadg0p05\shot5\Seed2,D:\Running_Place\PostGraduateProjects\Experiments\PostGraduate\backbones\Prompts\SpaceFrequencyModulation\Seg-SADG\BaryRadGateFixedSpatial\a0p08\rho0p5\gb8\sadg0p05\shot5\Seed2
Seg-SADG,Seg-SADG,Seg-SADG,LF-Barycenter-RadialGate-FixedSpatialMask,fixed,cosine,fixed,radial,8,1.0,0.42864304780960083,0.4986349046230316,0.4731871783733368,0.42864305|0.4986349|0.47139314|0.47318989|0.49216098|0.48049504|0.46637362|0.47460675,15.0,0.0,1.0,0.8631009459495544,0.10580847412347794,0.08,0.5,0.05,0.05,0.5,0.0001,0.001,0.001,0.0,0.0,1e-06,15.0,5.0,40.0,0.02,0.98,0.001,0.001,0.0001,0.01,0.001,0.5,style_rho0p5,sadg_rho0p05,9,9,19,19,new_training,5,2,77,0.08222943437950951,0.08194775826164655,0.005597640078381768,1.7954700329677768e-06,1.7954700329677768e-06,0.0011062934395990201,0.0009200775696496878,0.000764763036776068,0.0,0.0,0.0,0.0,0.0,0.0,0.0,0.0,0.0,0.0,0.0,0.0,0.07325182881738458,0.1347117775252887,0.05000000000000001,14,23|31|224|171|180,56,all_filtered,9,True,D:\Running_Place\PostGraduateProjects\Experiments\PostGraduate\backbones\SpaceFrequencyModulation\Seg-SADG\BaryRadGateFixedSpatial\a0p08\rho0p5\gb8\sadg0p05\shot5\Seed2,D:\Running_Place\PostGraduateProjects\Experiments\PostGraduate\backbones\Prompts\SpaceFrequencyModulation\Seg-SADG\BaryRadGateFixedSpatial\a0p08\rho0p5\gb8\sadg0p05\shot5\Seed2
Seg-SADG,Seg-SADG,Seg-SADG,LF-Barycenter-RadialGate-FixedSpatialMask,fixed,cosine,fixed,radial,8,1.0,0.42884019017219543,0.4988132417201996,0.4731144905090332,0.42884019|0.49881324|0.47156885|0.47324008|0.49164355|0.4803881|0.46638557|0.47403613,15.0,0.0,1.0,0.8631009459495544,0.10580847412347794,0.08,0.5,0.05,0.05,0.5,0.0001,0.001,0.001,0.0,0.0,1e-06,15.0,5.0,40.0,0.02,0.98,0.001,0.001,0.0001,0.01,0.001,0.5,style_rho0p5,sadg_rho0p05,9,9,19,19,new_training,5,2,78,0.08365828597119876,0.08334369638136455,0.006256243446841836,1.778135112674915e-06,1.778135112674915e-06,0.0011031963430078967,0.0009103593058950667,0.0007574561043708984,0.0,0.0,0.0,0.0,0.0,0.0,0.0,0.0,0.0,0.0,0.0,0.0,0.07292156560080391,0.15917339495250157,0.05000000000000001,14,23|31|224|171|180,56,all_filtered,9,True,D:\Running_Place\PostGraduateProjects\Experiments\PostGraduate\backbones\SpaceFrequencyModulation\Seg-SADG\BaryRadGateFixedSpatial\a0p08\rho0p5\gb8\sadg0p05\shot5\Seed2,D:\Running_Place\PostGraduateProjects\Experiments\PostGraduate\backbones\Prompts\SpaceFrequencyModulation\Seg-SADG\BaryRadGateFixedSpatial\a0p08\rho0p5\gb8\sadg0p05\shot5\Seed2
Seg-SADG,Seg-SADG,Seg-SADG,LF-Barycenter-RadialGate-FixedSpatialMask,fixed,cosine,fixed,radial,8,1.0,0.42875608801841736,0.4987698197364807,0.4730558395385742,0.42875609|0.49876982|0.47168955|0.473344|0.49166664|0.48014608|0.4661845|0.47388992,15.0,0.0,1.0,0.8631009459495544,0.10580847412347794,0.08,0.5,0.05,0.05,0.5,0.0001,0.001,0.001,0.0,0.0,1e-06,15.0,5.0,40.0,0.02,0.98,0.001,0.001,0.0001,0.01,0.001,0.5,style_rho0p5,sadg_rho0p05,9,9,19,19,new_training,5,2,79,0.08436517949615206,0.08404074715716499,0.006453094072639942,1.7770755107449077e-06,1.7770755107449077e-06,0.0011063829962430255,0.000909172314485269,0.0007572648090509963,0.0,0.0,0.0,0.0,0.0,0.0,0.0,0.0,0.0,0.0,0.0,0.0,0.07343652950865882,0.1661682618515832,0.05000000000000001,14,23|31|224|171|180,56,all_filtered,9,True,D:\Running_Place\PostGraduateProjects\Experiments\PostGraduate\backbones\SpaceFrequencyModulation\Seg-SADG\BaryRadGateFixedSpatial\a0p08\rho0p5\gb8\sadg0p05\shot5\Seed2,D:\Running_Place\PostGraduateProjects\Experiments\PostGraduate\backbones\Prompts\SpaceFrequencyModulation\Seg-SADG\BaryRadGateFixedSpatial\a0p08\rho0p5\gb8\sadg0p05\shot5\Seed2
Seg-SADG,Seg-SADG,Seg-SADG,LF-Barycenter-RadialGate-FixedSpatialMask,fixed,cosine,fixed,radial,8,1.0,0.4288974404335022,0.4986932575702667,0.47288548946380615,0.42889744|0.49869326|0.47191477|0.47332129|0.4907546|0.47987485|0.46603471|0.47359297,15.0,0.0,1.0,0.8631009459495544,0.10580847412347794,0.08,0.5,0.05,0.05,0.5,0.0001,0.001,0.001,0.0,0.0,1e-06,15.0,5.0,40.0,0.02,0.98,0.001,0.001,0.0001,0.01,0.001,0.5,style_rho0p5,sadg_rho0p05,9,9,19,19,new_training,5,2,80,0.07868120606456484,0.07841169514826365,0.005354856007865497,1.7689062100803961e-06,1.7689062100803961e-06,0.001112597670206534,0.0009034190110729209,0.000754227362839239,0.0,0.0,0.0,0.0,0.0,0.0,0.0,0.0,0.0,0.0,0.0,0.0,0.0703409846339907,0.13048175562705314,0.05000000000000001,14,23|31|224|171|180,56,all_filtered,9,True,D:\Running_Place\PostGraduateProjects\Experiments\PostGraduate\backbones\SpaceFrequencyModulation\Seg-SADG\BaryRadGateFixedSpatial\a0p08\rho0p5\gb8\sadg0p05\shot5\Seed2,D:\Running_Place\PostGraduateProjects\Experiments\PostGraduate\backbones\Prompts\SpaceFrequencyModulation\Seg-SADG\BaryRadGateFixedSpatial\a0p08\rho0p5\gb8\sadg0p05\shot5\Seed2
Seg-SADG,Seg-SADG,Seg-SADG,LF-Barycenter-RadialGate-FixedSpatialMask,fixed,cosine,fixed,radial,8,1.0,0.42927178740501404,0.49895209074020386,0.4727364182472229,0.42927179|0.49895209|0.47201458|0.47310522|0.48982972|0.47954941|0.46584171|0.47332668,15.0,0.0,1.0,0.8631009459495544,0.10580847412347794,0.08,0.5,0.05,0.05,0.5,0.0001,0.001,0.001,0.0,0.0,1e-06,15.0,5.0,40.0,0.02,0.98,0.001,0.001,0.0001,0.01,0.001,0.5,style_rho0p5,sadg_rho0p05,9,9,19,19,new_training,5,2,81,0.0768653079867363,0.07656951142208916,0.0058810225621398005,1.7450902630246543e-06,1.7450902630246543e-06,0.0011132937673080181,0.0008899545313657395,0.0007438063122598189,0.0,0.0,0.0,0.0,0.0,0.0,0.0,0.0,0.0,0.0,0.0,0.0,0.0687034082199846,0.12614737983260835,0.05000000000000001,14,23|31|224|171|180,56,all_filtered,9,True,D:\Running_Place\PostGraduateProjects\Experiments\PostGraduate\backbones\SpaceFrequencyModulation\Seg-SADG\BaryRadGateFixedSpatial\a0p08\rho0p5\gb8\sadg0p05\shot5\Seed2,D:\Running_Place\PostGraduateProjects\Experiments\PostGraduate\backbones\Prompts\SpaceFrequencyModulation\Seg-SADG\BaryRadGateFixedSpatial\a0p08\rho0p5\gb8\sadg0p05\shot5\Seed2
Seg-SADG,Seg-SADG,Seg-SADG,LF-Barycenter-RadialGate-FixedSpatialMask,fixed,cosine,fixed,radial,8,1.0,0.4293338358402252,0.49913081526756287,0.4726285934448242,0.42933384|0.49913082|0.47237056|0.47289091|0.48935491|0.47944087|0.46556267|0.47294411,15.0,0.0,1.0,0.8631009459495544,0.10580847412347794,0.08,0.5,0.05,0.05,0.5,0.0001,0.001,0.001,0.0,0.0,1e-06,15.0,5.0,40.0,0.02,0.98,0.001,0.001,0.0001,0.01,0.001,0.5,style_rho0p5,sadg_rho0p05,9,9,19,19,new_training,5,2,82,0.07621337579829353,0.07592855181012835,0.005661753771294441,1.7373039083525197e-06,1.7373039083525197e-06,0.001114401434149061,0.0008851466118358076,0.0007407170487567782,0.0,0.0,0.0,0.0,0.0,0.0,0.0,0.0,0.0,0.0,0.0,0.0,0.06750353079821382,0.131171315908432,0.05000000000000001,14,23|31|224|171|180,56,all_filtered,9,True,D:\Running_Place\PostGraduateProjects\Experiments\PostGraduate\backbones\SpaceFrequencyModulation\Seg-SADG\BaryRadGateFixedSpatial\a0p08\rho0p5\gb8\sadg0p05\shot5\Seed2,D:\Running_Place\PostGraduateProjects\Experiments\PostGraduate\backbones\Prompts\SpaceFrequencyModulation\Seg-SADG\BaryRadGateFixedSpatial\a0p08\rho0p5\gb8\sadg0p05\shot5\Seed2
Seg-SADG,Seg-SADG,Seg-SADG,LF-Barycenter-RadialGate-FixedSpatialMask,fixed,cosine,fixed,radial,8,1.0,0.42945393919944763,0.4989009201526642,0.4724385440349579,0.42945394|0.49890092|0.47246668|0.47266239|0.48868385|0.47924507|0.46539897|0.4726966,15.0,0.0,1.0,0.8631009459495544,0.10580847412347794,0.08,0.5,0.05,0.05,0.5,0.0001,0.001,0.001,0.0,0.0,1e-06,15.0,5.0,40.0,0.02,0.98,0.001,0.001,0.0001,0.01,0.001,0.5,style_rho0p5,sadg_rho0p05,9,9,19,19,new_training,5,2,83,0.07343536828245435,0.07314831550632205,0.005706371939075845,1.733438442183147e-06,1.733438442183147e-06,0.0011200025328435004,0.0008820775796526245,0.0007393605358499501,0.0,0.0,0.0,0.0,0.0,0.0,0.0,0.0,0.0,0.0,0.0,0.0,0.06603950262069702,0.11322658828326634,0.05000000000000001,14,23|31|224|171|180,56,all_filtered,9,True,D:\Running_Place\PostGraduateProjects\Experiments\PostGraduate\backbones\SpaceFrequencyModulation\Seg-SADG\BaryRadGateFixedSpatial\a0p08\rho0p5\gb8\sadg0p05\shot5\Seed2,D:\Running_Place\PostGraduateProjects\Experiments\PostGraduate\backbones\Prompts\SpaceFrequencyModulation\Seg-SADG\BaryRadGateFixedSpatial\a0p08\rho0p5\gb8\sadg0p05\shot5\Seed2
Seg-SADG,Seg-SADG,Seg-SADG,LF-Barycenter-RadialGate-FixedSpatialMask,fixed,cosine,fixed,radial,8,1.0,0.42950499057769775,0.4988650977611542,0.47223961353302,0.42950499|0.4988651|0.4726665|0.47257027|0.48868075|0.47847879|0.46472234|0.47242826,15.0,0.0,1.0,0.8631009459495544,0.10580847412347794,0.08,0.5,0.05,0.05,0.5,0.0001,0.001,0.001,0.0,0.0,1e-06,15.0,5.0,40.0,0.02,0.98,0.001,0.001,0.0001,0.01,0.001,0.5,style_rho0p5,sadg_rho0p05,9,9,19,19,new_training,5,2,84,0.07346127820866448,0.07316656410694122,0.005859977549075016,1.7155895193354809e-06,1.7155895193354809e-06,0.0011275027146829025,0.000870957546534815,0.0007318816455413721,0.0,0.0,0.0,0.0,0.0,0.0,0.0,0.0,0.0,0.0,0.0,0.0,0.0650402805102723,0.12631150068981306,0.05000000000000001,14,23|31|224|171|180,56,all_filtered,9,True,D:\Running_Place\PostGraduateProjects\Experiments\PostGraduate\backbones\SpaceFrequencyModulation\Seg-SADG\BaryRadGateFixedSpatial\a0p08\rho0p5\gb8\sadg0p05\shot5\Seed2,D:\Running_Place\PostGraduateProjects\Experiments\PostGraduate\backbones\Prompts\SpaceFrequencyModulation\Seg-SADG\BaryRadGateFixedSpatial\a0p08\rho0p5\gb8\sadg0p05\shot5\Seed2
Seg-SADG,Seg-SADG,Seg-SADG,LF-Barycenter-RadialGate-FixedSpatialMask,fixed,cosine,fixed,radial,8,1.0,0.42953139543533325,0.4986869692802429,0.4720788598060608,0.4295314|0.49868697|0.47275966|0.47251427|0.48851633|0.47855699|0.46433806|0.47172722,15.0,0.0,1.0,0.8631009459495544,0.10580847412347794,0.08,0.5,0.05,0.05,0.5,0.0001,0.001,0.001,0.0,0.0,1e-06,15.0,5.0,40.0,0.02,0.98,0.001,0.001,0.0001,0.01,0.001,0.5,style_rho0p5,sadg_rho0p05,9,9,19,19,new_training,5,2,85,0.07406179181167058,0.07377907208033971,0.005620043791298356,1.7162148375453917e-06,1.7162148375453917e-06,0.001135901963737394,0.0008713489182160369,0.0007312756331105318,0.0,0.0,0.0,0.0,0.0,0.0,0.0,0.0,0.0,0.0,0.0,0.0,0.06509588073406901,0.13344121724367142,0.05000000000000001,14,23|31|224|171|180,56,all_filtered,9,True,D:\Running_Place\PostGraduateProjects\Experiments\PostGraduate\backbones\SpaceFrequencyModulation\Seg-SADG\BaryRadGateFixedSpatial\a0p08\rho0p5\gb8\sadg0p05\shot5\Seed2,D:\Running_Place\PostGraduateProjects\Experiments\PostGraduate\backbones\Prompts\SpaceFrequencyModulation\Seg-SADG\BaryRadGateFixedSpatial\a0p08\rho0p5\gb8\sadg0p05\shot5\Seed2
Seg-SADG,Seg-SADG,Seg-SADG,LF-Barycenter-RadialGate-FixedSpatialMask,fixed,cosine,fixed,radial,8,1.0,0.4294898211956024,0.4984520971775055,0.47200244665145874,0.42948982|0.4984521|0.47287321|0.47233254|0.48823819|0.47859085|0.46420872|0.47183418,15.0,0.0,1.0,0.8631009459495544,0.10580847412347794,0.08,0.5,0.05,0.05,0.5,0.0001,0.001,0.001,0.0,0.0,1e-06,15.0,5.0,40.0,0.02,0.98,0.001,0.001,0.0001,0.01,0.001,0.5,style_rho0p5,sadg_rho0p05,9,9,19,19,new_training,5,2,86,0.07195080550653594,0.07166911395532745,0.005599685079817261,1.7077863227703865e-06,1.7077863227703865e-06,0.0011443622643128037,0.0008658763461945844,0.0007274736750072666,0.0,0.0,0.0,0.0,0.0,0.0,0.0,0.0,0.0,0.0,0.0,0.0,0.06360158696770668,0.1253437894795622,0.05000000000000001,14,23|31|224|171|180,56,all_filtered,9,True,D:\Running_Place\PostGraduateProjects\Experiments\PostGraduate\backbones\SpaceFrequencyModulation\Seg-SADG\BaryRadGateFixedSpatial\a0p08\rho0p5\gb8\sadg0p05\shot5\Seed2,D:\Running_Place\PostGraduateProjects\Experiments\PostGraduate\backbones\Prompts\SpaceFrequencyModulation\Seg-SADG\BaryRadGateFixedSpatial\a0p08\rho0p5\gb8\sadg0p05\shot5\Seed2
Seg-SADG,Seg-SADG,Seg-SADG,LF-Barycenter-RadialGate-FixedSpatialMask,fixed,cosine,fixed,radial,8,1.0,0.42959415912628174,0.4984407424926758,0.47187232971191406,0.42959416|0.49844074|0.47286671|0.47218594|0.48760432|0.47821924|0.46403554|0.47203216,15.0,0.0,1.0,0.8631009459495544,0.10580847412347794,0.08,0.5,0.05,0.05,0.5,0.0001,0.001,0.001,0.0,0.0,1e-06,15.0,5.0,40.0,0.02,0.98,0.001,0.001,0.0001,0.01,0.001,0.5,style_rho0p5,sadg_rho0p05,9,9,19,19,new_training,5,2,87,0.07181126464690481,0.07154530127133642,0.005285460801262941,1.689952528392626e-06,1.689952528392626e-06,0.0011432865202160819,0.0008551626940191324,0.0007204611029010266,0.0,0.0,0.0,0.0,0.0,0.0,0.0,0.0,0.0,0.0,0.0,0.0,0.06335610656866006,0.12930112651416234,0.05000000000000001,14,23|31|224|171|180,56,all_filtered,9,True,D:\Running_Place\PostGraduateProjects\Experiments\PostGraduate\backbones\SpaceFrequencyModulation\Seg-SADG\BaryRadGateFixedSpatial\a0p08\rho0p5\gb8\sadg0p05\shot5\Seed2,D:\Running_Place\PostGraduateProjects\Experiments\PostGraduate\backbones\Prompts\SpaceFrequencyModulation\Seg-SADG\BaryRadGateFixedSpatial\a0p08\rho0p5\gb8\sadg0p05\shot5\Seed2
Seg-SADG,Seg-SADG,Seg-SADG,LF-Barycenter-RadialGate-FixedSpatialMask,fixed,cosine,fixed,radial,8,1.0,0.4295944273471832,0.49883073568344116,0.4717223048210144,0.42959443|0.49883074|0.47310331|0.47228026|0.48683551|0.4776845|0.46382478|0.47162488,15.0,0.0,1.0,0.8631009459495544,0.10580847412347794,0.08,0.5,0.05,0.05,0.5,0.0001,0.001,0.001,0.0,0.0,1e-06,15.0,5.0,40.0,0.02,0.98,0.001,0.001,0.0001,0.01,0.001,0.5,style_rho0p5,sadg_rho0p05,9,9,19,19,new_training,5,2,88,0.07081571806754385,0.07052285809602056,0.005823259175355945,1.6970175888023472e-06,1.6970175888023472e-06,0.0011519798510042684,0.0008583991439081728,0.0007234203886972475,0.0,0.0,0.0,0.0,0.0,0.0,0.0,0.0,0.0,0.0,0.0,0.0,0.0626990869641304,0.12015514980469431,0.05000000000000001,14,23|31|224|171|180,56,all_filtered,9,True,D:\Running_Place\PostGraduateProjects\Experiments\PostGraduate\backbones\SpaceFrequencyModulation\Seg-SADG\BaryRadGateFixedSpatial\a0p08\rho0p5\gb8\sadg0p05\shot5\Seed2,D:\Running_Place\PostGraduateProjects\Experiments\PostGraduate\backbones\Prompts\SpaceFrequencyModulation\Seg-SADG\BaryRadGateFixedSpatial\a0p08\rho0p5\gb8\sadg0p05\shot5\Seed2
Seg-SADG,Seg-SADG,Seg-SADG,LF-Barycenter-RadialGate-FixedSpatialMask,fixed,cosine,fixed,radial,8,1.0,0.42951470613479614,0.49894317984580994,0.47159522771835327,0.42951471|0.49894318|0.47321582|0.47242996|0.48646921|0.47739482|0.46353236|0.47126174,15.0,0.0,1.0,0.8631009459495544,0.10580847412347794,0.08,0.5,0.05,0.05,0.5,0.0001,0.001,0.001,0.0,0.0,1e-06,15.0,5.0,40.0,0.02,0.98,0.001,0.001,0.0001,0.01,0.001,0.5,style_rho0p5,sadg_rho0p05,9,9,19,19,new_training,5,2,89,0.06943224876054696,0.06915593120668616,0.0054923726711422205,1.6988881351867998e-06,1.6988881351867998e-06,0.0011582572561954813,0.0008582217810076795,0.0007248405683120447,0.0,0.0,0.0,0.0,0.0,0.0,0.0,0.0,0.0,0.0,0.0,0.0,0.06137979216873646,0.11806206085852214,0.05000000000000001,14,23|31|224|171|180,56,all_filtered,9,True,D:\Running_Place\PostGraduateProjects\Experiments\PostGraduate\backbones\SpaceFrequencyModulation\Seg-SADG\BaryRadGateFixedSpatial\a0p08\rho0p5\gb8\sadg0p05\shot5\Seed2,D:\Running_Place\PostGraduateProjects\Experiments\PostGraduate\backbones\Prompts\SpaceFrequencyModulation\Seg-SADG\BaryRadGateFixedSpatial\a0p08\rho0p5\gb8\sadg0p05\shot5\Seed2
Seg-SADG,Seg-SADG,Seg-SADG,LF-Barycenter-RadialGate-FixedSpatialMask,fixed,cosine,fixed,radial,8,1.0,0.4297257661819458,0.499162882566452,0.47145935893058777,0.42972577|0.49916288|0.47344413|0.47235158|0.48631212|0.47679916|0.46305546|0.47082382,15.0,0.0,1.0,0.8631009459495544,0.10580847412347794,0.08,0.5,0.05,0.05,0.5,0.0001,0.001,0.001,0.0,0.0,1e-06,15.0,5.0,40.0,0.02,0.98,0.001,0.001,0.0001,0.01,0.001,0.5,style_rho0p5,sadg_rho0p05,9,9,19,19,new_training,5,2,90,0.06818868326289314,0.06795091554522514,0.004721258766949177,1.7038648008695288e-06,1.7038648008695288e-06,0.0011657279350661806,0.0008608002431823739,0.0007264916951368962,0.0,0.0,0.0,0.0,0.0,0.0,0.0,0.0,0.0,0.0,0.0,0.0,0.06074142988239016,0.11459546536207199,0.05000000000000001,14,23|31|224|171|180,56,all_filtered,9,True,D:\Running_Place\PostGraduateProjects\Experiments\PostGraduate\backbones\SpaceFrequencyModulation\Seg-SADG\BaryRadGateFixedSpatial\a0p08\rho0p5\gb8\sadg0p05\shot5\Seed2,D:\Running_Place\PostGraduateProjects\Experiments\PostGraduate\backbones\Prompts\SpaceFrequencyModulation\Seg-SADG\BaryRadGateFixedSpatial\a0p08\rho0p5\gb8\sadg0p05\shot5\Seed2
Seg-SADG,Seg-SADG,Seg-SADG,LF-Barycenter-RadialGate-FixedSpatialMask,fixed,cosine,fixed,radial,8,1.0,0.42985087633132935,0.49915802478790283,0.4713914394378662,0.42985088|0.49915802|0.47386166|0.4722023|0.48608929|0.47642395|0.46297514|0.4705703,15.0,0.0,1.0,0.8631009459495544,0.10580847412347794,0.08,0.5,0.05,0.05,0.5,0.0001,0.001,0.001,0.0,0.0,1e-06,15.0,5.0,40.0,0.02,0.98,0.001,0.001,0.0001,0.01,0.001,0.5,style_rho0p5,sadg_rho0p05,9,9,19,19,new_training,5,2,91,0.06730508458401475,0.06705920398235321,0.004883744421281985,1.6953668559186293e-06,1.6953668559186293e-06,0.0011710681303936457,0.0008556042698078922,0.0007226557146558272,0.0,0.0,0.0,0.0,0.0,0.0,0.0,0.0,0.0,0.0,0.0,0.0,0.05946662090718746,0.11825250834226608,0.05000000000000001,14,23|31|224|171|180,56,all_filtered,9,True,D:\Running_Place\PostGraduateProjects\Experiments\PostGraduate\backbones\SpaceFrequencyModulation\Seg-SADG\BaryRadGateFixedSpatial\a0p08\rho0p5\gb8\sadg0p05\shot5\Seed2,D:\Running_Place\PostGraduateProjects\Experiments\PostGraduate\backbones\Prompts\SpaceFrequencyModulation\Seg-SADG\BaryRadGateFixedSpatial\a0p08\rho0p5\gb8\sadg0p05\shot5\Seed2
Seg-SADG,Seg-SADG,Seg-SADG,LF-Barycenter-RadialGate-FixedSpatialMask,fixed,cosine,fixed,radial,8,1.0,0.43002191185951233,0.49892622232437134,0.47126588225364685,0.43002191|0.49892622|0.47399306|0.47204638|0.48539591|0.47638997|0.4630847|0.47026882,15.0,0.0,1.0,0.8631009459495544,0.10580847412347794,0.08,0.5,0.05,0.05,0.5,0.0001,0.001,0.001,0.0,0.0,1e-06,15.0,5.0,40.0,0.02,0.98,0.001,0.001,0.0001,0.01,0.001,0.5,style_rho0p5,sadg_rho0p05,9,9,19,19,new_training,5,2,92,0.06802601234189101,0.06774622654276234,0.005562113132327795,1.680332851654904e-06,1.680332851654904e-06,0.0011685595714620181,0.0008462511718140117,0.000717225659172982,0.0,0.0,0.0,0.0,0.0,0.0,0.0,0.0,0.0,0.0,0.0,0.0,0.0590685922652483,0.12731029838323593,0.05000000000000001,14,23|31|224|171|180,56,all_filtered,9,True,D:\Running_Place\PostGraduateProjects\Experiments\PostGraduate\backbones\SpaceFrequencyModulation\Seg-SADG\BaryRadGateFixedSpatial\a0p08\rho0p5\gb8\sadg0p05\shot5\Seed2,D:\Running_Place\PostGraduateProjects\Experiments\PostGraduate\backbones\Prompts\SpaceFrequencyModulation\Seg-SADG\BaryRadGateFixedSpatial\a0p08\rho0p5\gb8\sadg0p05\shot5\Seed2
Seg-SADG,Seg-SADG,Seg-SADG,LF-Barycenter-RadialGate-FixedSpatialMask,fixed,cosine,fixed,radial,8,1.0,0.43012353777885437,0.4989270865917206,0.47114789485931396,0.43012354|0.49892709|0.474085|0.47192848|0.48503706|0.47592866|0.46267822|0.47047517,15.0,0.0,1.0,0.8631009459495544,0.10580847412347794,0.08,0.5,0.05,0.05,0.5,0.0001,0.001,0.001,0.0,0.0,1e-06,15.0,5.0,40.0,0.02,0.98,0.001,0.001,0.0001,0.01,0.001,0.5,style_rho0p5,sadg_rho0p05,9,9,19,19,new_training,5,2,93,0.06768731613244329,0.06744855642318726,0.004741952854341694,1.6631651809413078e-06,1.6631651809413078e-06,0.0011733957300228731,0.0008358357881661505,0.0007099897359564368,0.0,0.0,0.0,0.0,0.0,0.0,0.0,0.0,0.0,0.0,0.0,0.0,0.05963423049875668,0.12249008459704262,0.05000000000000001,14,23|31|224|171|180,56,all_filtered,9,True,D:\Running_Place\PostGraduateProjects\Experiments\PostGraduate\backbones\SpaceFrequencyModulation\Seg-SADG\BaryRadGateFixedSpatial\a0p08\rho0p5\gb8\sadg0p05\shot5\Seed2,D:\Running_Place\PostGraduateProjects\Experiments\PostGraduate\backbones\Prompts\SpaceFrequencyModulation\Seg-SADG\BaryRadGateFixedSpatial\a0p08\rho0p5\gb8\sadg0p05\shot5\Seed2
Seg-SADG,Seg-SADG,Seg-SADG,LF-Barycenter-RadialGate-FixedSpatialMask,fixed,cosine,fixed,radial,8,1.0,0.43023401498794556,0.4987594485282898,0.4710879325866699,0.43023401|0.49875945|0.47429517|0.47193444|0.48472691|0.47564486|0.46275476|0.47035381,15.0,0.0,1.0,0.8631009459495544,0.10580847412347794,0.08,0.5,0.05,0.05,0.5,0.0001,0.001,0.001,0.0,0.0,1e-06,15.0,5.0,40.0,0.02,0.98,0.001,0.001,0.0001,0.01,0.001,0.5,style_rho0p5,sadg_rho0p05,9,9,19,19,new_training,5,2,94,0.06460414188248771,0.06434036764715399,0.005242439485820276,1.6524326562310826e-06,1.6524326562310826e-06,0.0011762630227687104,0.0008294912612265242,0.0007053150080277451,0.0,0.0,0.0,0.0,0.0,0.0,0.0,0.0,0.0,0.0,0.0,0.0,0.05742990092507431,0.10716205356376511,0.05000000000000001,14,23|31|224|171|180,56,all_filtered,9,True,D:\Running_Place\PostGraduateProjects\Experiments\PostGraduate\backbones\SpaceFrequencyModulation\Seg-SADG\BaryRadGateFixedSpatial\a0p08\rho0p5\gb8\sadg0p05\shot5\Seed2,D:\Running_Place\PostGraduateProjects\Experiments\PostGraduate\backbones\Prompts\SpaceFrequencyModulation\Seg-SADG\BaryRadGateFixedSpatial\a0p08\rho0p5\gb8\sadg0p05\shot5\Seed2
Seg-SADG,Seg-SADG,Seg-SADG,LF-Barycenter-RadialGate-FixedSpatialMask,fixed,cosine,fixed,radial,8,1.0,0.4301868677139282,0.4987834692001343,0.47108060121536255,0.43018687|0.49878347|0.47474739|0.47200909|0.48476022|0.47549868|0.46255699|0.47010204,15.0,0.0,1.0,0.8631009459495544,0.10580847412347794,0.08,0.5,0.05,0.05,0.5,0.0001,0.001,0.001,0.0,0.0,1e-06,15.0,5.0,40.0,0.02,0.98,0.001,0.001,0.0001,0.01,0.001,0.5,style_rho0p5,sadg_rho0p05,9,9,19,19,new_training,5,2,95,0.06379752313452107,0.06355354402746473,0.004846670282339411,1.6447023897723869e-06,1.6447023897723869e-06,0.0011764520230436964,0.0008239268583046007,0.0007031302707868495,0.0,0.0,0.0,0.0,0.0,0.0,0.0,0.0,0.0,0.0,0.0,0.0,0.05649545096925327,0.10898122457521302,0.05000000000000001,14,23|31|224|171|180,56,all_filtered,9,True,D:\Running_Place\PostGraduateProjects\Experiments\PostGraduate\backbones\SpaceFrequencyModulation\Seg-SADG\BaryRadGateFixedSpatial\a0p08\rho0p5\gb8\sadg0p05\shot5\Seed2,D:\Running_Place\PostGraduateProjects\Experiments\PostGraduate\backbones\Prompts\SpaceFrequencyModulation\Seg-SADG\BaryRadGateFixedSpatial\a0p08\rho0p5\gb8\sadg0p05\shot5\Seed2
Seg-SADG,Seg-SADG,Seg-SADG,LF-Barycenter-RadialGate-FixedSpatialMask,fixed,cosine,fixed,radial,8,1.0,0.4304715096950531,0.498612642288208,0.47095316648483276,0.43047151|0.49861264|0.47502053|0.47192106|0.48453039|0.47484198|0.46260378|0.46962348,15.0,0.0,1.0,0.8631009459495544,0.10580847412347794,0.08,0.5,0.05,0.05,0.5,0.0001,0.001,0.001,0.0,0.0,1e-06,15.0,5.0,40.0,0.02,0.98,0.001,0.001,0.0001,0.01,0.001,0.5,style_rho0p5,sadg_rho0p05,9,9,19,19,new_training,5,2,96,0.06372830883732863,0.06347513518163136,0.00503078884711223,1.6339131272096502e-06,1.6339131272096502e-06,0.0011781854305549391,0.0008170464134309441,0.0006990480968462569,0.0,0.0,0.0,0.0,0.0,0.0,0.0,0.0,0.0,0.0,0.0,0.0,0.05604905954429081,0.11398245021700859,0.05000000000000001,14,23|31|224|171|180,56,all_filtered,9,True,D:\Running_Place\PostGraduateProjects\Experiments\PostGraduate\backbones\SpaceFrequencyModulation\Seg-SADG\BaryRadGateFixedSpatial\a0p08\rho0p5\gb8\sadg0p05\shot5\Seed2,D:\Running_Place\PostGraduateProjects\Experiments\PostGraduate\backbones\Prompts\SpaceFrequencyModulation\Seg-SADG\BaryRadGateFixedSpatial\a0p08\rho0p5\gb8\sadg0p05\shot5\Seed2
Seg-SADG,Seg-SADG,Seg-SADG,LF-Barycenter-RadialGate-FixedSpatialMask,fixed,cosine,fixed,radial,8,1.0,0.4307396113872528,0.4984830319881439,0.4707576036453247,0.43073961|0.49848303|0.47520673|0.47181392|0.48417506|0.47449696|0.46215832|0.4689872,15.0,0.0,1.0,0.8631009459495544,0.10580847412347794,0.08,0.5,0.05,0.05,0.5,0.0001,0.001,0.001,0.0,0.0,1e-06,15.0,5.0,40.0,0.02,0.98,0.001,0.001,0.0001,0.01,0.001,0.5,style_rho0p5,sadg_rho0p05,9,9,19,19,new_training,5,2,97,0.06406375765800476,0.06382840712155614,0.004674765530840627,1.6122911412302138e-06,1.6122911412302138e-06,0.00118376431055367,0.0008043934649322182,0.0006895211824615087,0.0,0.0,0.0,0.0,0.0,0.0,0.0,0.0,0.0,0.0,0.0,0.0,0.05570921700979982,0.12079639200653348,0.05000000000000001,14,23|31|224|171|180,56,all_filtered,9,True,D:\Running_Place\PostGraduateProjects\Experiments\PostGraduate\backbones\SpaceFrequencyModulation\Seg-SADG\BaryRadGateFixedSpatial\a0p08\rho0p5\gb8\sadg0p05\shot5\Seed2,D:\Running_Place\PostGraduateProjects\Experiments\PostGraduate\backbones\Prompts\SpaceFrequencyModulation\Seg-SADG\BaryRadGateFixedSpatial\a0p08\rho0p5\gb8\sadg0p05\shot5\Seed2
Seg-SADG,Seg-SADG,Seg-SADG,LF-Barycenter-RadialGate-FixedSpatialMask,fixed,cosine,fixed,radial,8,1.0,0.4309209883213043,0.4986169636249542,0.47071510553359985,0.43092099|0.49861696|0.47542039|0.47198281|0.4839668|0.47424185|0.46225286|0.46831819,15.0,0.0,1.0,0.8631009459495544,0.10580847412347794,0.08,0.5,0.05,0.05,0.5,0.0001,0.001,0.001,0.0,0.0,1e-06,15.0,5.0,40.0,0.02,0.98,0.001,0.001,0.0001,0.01,0.001,0.5,style_rho0p5,sadg_rho0p05,9,9,19,19,new_training,5,2,98,0.06227068070854459,0.062025607962693484,0.004869565700313875,1.5937664232166883e-06,1.5937664232166883e-06,0.0011877909585434412,0.0007942327356431633,0.0006807545141782612,0.0,0.0,0.0,0.0,0.0,0.0,0.0,0.0,0.0,0.0,0.0,0.0,0.05503342965883868,0.10818389270986829,0.05000000000000001,14,23|31|224|171|180,56,all_filtered,9,True,D:\Running_Place\PostGraduateProjects\Experiments\PostGraduate\backbones\SpaceFrequencyModulation\Seg-SADG\BaryRadGateFixedSpatial\a0p08\rho0p5\gb8\sadg0p05\shot5\Seed2,D:\Running_Place\PostGraduateProjects\Experiments\PostGraduate\backbones\Prompts\SpaceFrequencyModulation\Seg-SADG\BaryRadGateFixedSpatial\a0p08\rho0p5\gb8\sadg0p05\shot5\Seed2
Seg-SADG,Seg-SADG,Seg-SADG,LF-Barycenter-RadialGate-FixedSpatialMask,fixed,cosine,fixed,radial,8,1.0,0.4308863878250122,0.4985806345939636,0.47061970829963684,0.43088639|0.49858063|0.47549555|0.47208008|0.48326084|0.47441784|0.46225861|0.46797776,15.0,0.0,1.0,0.8631009459495544,0.10580847412347794,0.08,0.5,0.05,0.05,0.5,0.0001,0.001,0.001,0.0,0.0,1e-06,15.0,5.0,40.0,0.02,0.98,0.001,0.001,0.0001,0.01,0.001,0.5,style_rho0p5,sadg_rho0p05,9,9,19,19,new_training,5,2,99,0.06262866886598724,0.062387769243546894,0.004786167277156242,1.590683828973332e-06,1.590683828973332e-06,0.0011905173139114464,0.0007916970893607608,0.0006799349627856698,0.0,0.0,0.0,0.0,0.0,0.0,0.0,0.0,0.0,0.0,0.0,0.0,0.054635414853692055,0.11792092823556491,0.05000000000000001,14,23|31|224|171|180,56,all_filtered,9,True,D:\Running_Place\PostGraduateProjects\Experiments\PostGraduate\backbones\SpaceFrequencyModulation\Seg-SADG\BaryRadGateFixedSpatial\a0p08\rho0p5\gb8\sadg0p05\shot5\Seed2,D:\Running_Place\PostGraduateProjects\Experiments\PostGraduate\backbones\Prompts\SpaceFrequencyModulation\Seg-SADG\BaryRadGateFixedSpatial\a0p08\rho0p5\gb8\sadg0p05\shot5\Seed2
Seg-SADG,Seg-SADG,Seg-SADG,LF-Barycenter-RadialGate-FixedSpatialMask,fixed,cosine,fixed,radial,8,1.0,0.4310082197189331,0.4985012710094452,0.47067931294441223,0.43100822|0.49850127|0.47547299|0.47207019|0.48341948|0.47451386|0.46239749|0.46805108,15.0,0.0,1.0,0.8631009459495544,0.10580847412347794,0.08,0.5,0.05,0.05,0.5,0.0001,0.001,0.001,0.0,0.0,1e-06,15.0,5.0,40.0,0.02,0.98,0.001,0.001,0.0001,0.01,0.001,0.5,style_rho0p5,sadg_rho0p05,9,9,19,19,new_training,5,2,100,0.06450015093599047,0.06424722873738833,0.005026836679982287,1.5801963075188854e-06,1.5801963075188854e-06,0.001190336179986064,0.0007855160095329795,0.0006756466256255018,0.0,0.0,0.0,0.0,0.0,0.0,0.0,0.0,0.0,0.0,0.0,0.0,0.055488036413277896,0.13357958357248986,0.05000000000000001,14,23|31|224|171|180,56,all_filtered,9,True,D:\Running_Place\PostGraduateProjects\Experiments\PostGraduate\backbones\SpaceFrequencyModulation\Seg-SADG\BaryRadGateFixedSpatial\a0p08\rho0p5\gb8\sadg0p05\shot5\Seed2,D:\Running_Place\PostGraduateProjects\Experiments\PostGraduate\backbones\Prompts\SpaceFrequencyModulation\Seg-SADG\BaryRadGateFixedSpatial\a0p08\rho0p5\gb8\sadg0p05\shot5\Seed2
Seg-SADG,Seg-SADG,Seg-SADG,LF-Barycenter-RadialGate-FixedSpatialMask,fixed,cosine,fixed,radial,8,1.0,0.43075838685035706,0.4983733892440796,0.4705852270126343,0.43075839|0.49837339|0.47563052|0.47185123|0.48321941|0.47400984|0.46245173|0.46838716,15.0,0.0,1.0,0.8631009459495544,0.10580847412347794,0.08,0.5,0.05,0.05,0.5,0.0001,0.001,0.001,0.0,0.0,1e-06,15.0,5.0,40.0,0.02,0.98,0.001,0.001,0.0001,0.01,0.001,0.5,style_rho0p5,sadg_rho0p05,9,9,19,19,new_training,5,2,101,0.06478571545864854,0.06451488924877984,0.005385008840156453,1.5756676410611753e-06,1.5756676410611753e-06,0.0011912271895978069,0.0007824751498576786,0.0006740696969375547,0.0,0.0,0.0,0.0,0.0,0.0,0.0,0.0,0.0,0.0,0.0,0.0,0.05554786776857717,0.13478365114756993,0.05000000000000001,14,23|31|224|171|180,56,all_filtered,9,True,D:\Running_Place\PostGraduateProjects\Experiments\PostGraduate\backbones\SpaceFrequencyModulation\Seg-SADG\BaryRadGateFixedSpatial\a0p08\rho0p5\gb8\sadg0p05\shot5\Seed2,D:\Running_Place\PostGraduateProjects\Experiments\PostGraduate\backbones\Prompts\SpaceFrequencyModulation\Seg-SADG\BaryRadGateFixedSpatial\a0p08\rho0p5\gb8\sadg0p05\shot5\Seed2
Seg-SADG,Seg-SADG,Seg-SADG,LF-Barycenter-RadialGate-FixedSpatialMask,fixed,cosine,fixed,radial,8,1.0,0.43077442049980164,0.49865084886550903,0.47052425146102905,0.43077442|0.49865085|0.47580746|0.47152919|0.48234132|0.47374722|0.462522|0.4688215,15.0,0.0,1.0,0.8631009459495544,0.10580847412347794,0.08,0.5,0.05,0.05,0.5,0.0001,0.001,0.001,0.0,0.0,1e-06,15.0,5.0,40.0,0.02,0.98,0.001,0.001,0.0001,0.01,0.001,0.5,style_rho0p5,sadg_rho0p05,9,9,19,19,new_training,5,2,102,0.06770917773246765,0.06744338651852948,0.005284220396008875,1.5812430790772071e-06,1.5812430790772071e-06,0.0011948029693615223,0.0007843216423810061,0.0006774410638692123,0.0,0.0,0.0,0.0,0.0,0.0,0.0,0.0,0.0,0.0,0.0,0.0,0.05734884339783873,0.15723139366933278,0.05000000000000001,14,23|31|224|171|180,56,all_filtered,9,True,D:\Running_Place\PostGraduateProjects\Experiments\PostGraduate\backbones\SpaceFrequencyModulation\Seg-SADG\BaryRadGateFixedSpatial\a0p08\rho0p5\gb8\sadg0p05\shot5\Seed2,D:\Running_Place\PostGraduateProjects\Experiments\PostGraduate\backbones\Prompts\SpaceFrequencyModulation\Seg-SADG\BaryRadGateFixedSpatial\a0p08\rho0p5\gb8\sadg0p05\shot5\Seed2
Seg-SADG,Seg-SADG,Seg-SADG,LF-Barycenter-RadialGate-FixedSpatialMask,fixed,cosine,fixed,radial,8,1.0,0.4300711452960968,0.49829933047294617,0.47037771344184875,0.43007115|0.49829933|0.47622132|0.47149897|0.4823077|0.47386262|0.46225601|0.46850458,15.0,0.0,1.0,0.8631009459495544,0.10580847412347794,0.08,0.5,0.05,0.05,0.5,0.0001,0.001,0.001,0.0,0.0,1e-06,15.0,5.0,40.0,0.02,0.98,0.001,0.001,0.0001,0.01,0.001,0.5,style_rho0p5,sadg_rho0p05,9,9,19,19,new_training,5,2,103,0.06517475949866432,0.06491080378847462,0.0052472785547641775,1.5926250966913358e-06,1.5926250966913358e-06,0.0012059360992030374,0.0007877238011652869,0.0006843076012696006,0.0,0.0,0.0,0.0,0.0,0.0,0.0,0.0,0.0,0.0,0.0,0.0,0.05580317787826061,0.1412604350064482,0.05000000000000001,14,23|31|224|171|180,56,all_filtered,9,True,D:\Running_Place\PostGraduateProjects\Experiments\PostGraduate\backbones\SpaceFrequencyModulation\Seg-SADG\BaryRadGateFixedSpatial\a0p08\rho0p5\gb8\sadg0p05\shot5\Seed2,D:\Running_Place\PostGraduateProjects\Experiments\PostGraduate\backbones\Prompts\SpaceFrequencyModulation\Seg-SADG\BaryRadGateFixedSpatial\a0p08\rho0p5\gb8\sadg0p05\shot5\Seed2
Seg-SADG,Seg-SADG,Seg-SADG,LF-Barycenter-RadialGate-FixedSpatialMask,fixed,cosine,fixed,radial,8,1.0,0.4303215742111206,0.4986371099948883,0.47049009799957275,0.43032157|0.49863711|0.47659454|0.47134224|0.48295185|0.47363088|0.46238789|0.46805474,15.0,0.0,1.0,0.8631009459495544,0.10580847412347794,0.08,0.5,0.05,0.05,0.5,0.0001,0.001,0.001,0.0,0.0,1e-06,15.0,5.0,40.0,0.02,0.98,0.001,0.001,0.0001,0.01,0.001,0.5,style_rho0p5,sadg_rho0p05,9,9,19,19,new_training,5,2,104,0.062298690368022235,0.062045128483857424,0.0050391565808760265,1.604981694721833e-06,1.604981694721833e-06,0.0012095683902901197,0.0007936965225131384,0.0006903282483108342,0.0,0.0,0.0,0.0,0.0,0.0,0.0,0.0,0.0,0.0,0.0,0.0,0.05432034017784255,0.12146530140723501,0.05000000000000001,14,23|31|224|171|180,56,all_filtered,9,True,D:\Running_Place\PostGraduateProjects\Experiments\PostGraduate\backbones\SpaceFrequencyModulation\Seg-SADG\BaryRadGateFixedSpatial\a0p08\rho0p5\gb8\sadg0p05\shot5\Seed2,D:\Running_Place\PostGraduateProjects\Experiments\PostGraduate\backbones\Prompts\SpaceFrequencyModulation\Seg-SADG\BaryRadGateFixedSpatial\a0p08\rho0p5\gb8\sadg0p05\shot5\Seed2
Seg-SADG,Seg-SADG,Seg-SADG,LF-Barycenter-RadialGate-FixedSpatialMask,fixed,cosine,fixed,radial,8,1.0,0.43066197633743286,0.49865251779556274,0.47050487995147705,0.43066198|0.49865252|0.47675207|0.47132531|0.48298749|0.47329324|0.46280429|0.4675622,15.0,0.0,1.0,0.8631009459495544,0.10580847412347794,0.08,0.5,0.05,0.05,0.5,0.0001,0.001,0.001,0.0,0.0,1e-06,15.0,5.0,40.0,0.02,0.98,0.001,0.001,0.0001,0.01,0.001,0.5,style_rho0p5,sadg_rho0p05,9,9,19,19,new_training,5,2,105,0.06008831039071083,0.05984792352787086,0.004775737445535404,1.600370353571634e-06,1.600370353571634e-06,0.001204473274161241,0.0007916335556988738,0.0006882893919412579,0.0,0.0,0.0,0.0,0.0,0.0,0.0,0.0,0.0,0.0,0.0,0.0,0.05259110326213496,0.11235015945775169,0.05000000000000001,14,23|31|224|171|180,56,all_filtered,9,True,D:\Running_Place\PostGraduateProjects\Experiments\PostGraduate\backbones\SpaceFrequencyModulation\Seg-SADG\BaryRadGateFixedSpatial\a0p08\rho0p5\gb8\sadg0p05\shot5\Seed2,D:\Running_Place\PostGraduateProjects\Experiments\PostGraduate\backbones\Prompts\SpaceFrequencyModulation\Seg-SADG\BaryRadGateFixedSpatial\a0p08\rho0p5\gb8\sadg0p05\shot5\Seed2
Seg-SADG,Seg-SADG,Seg-SADG,LF-Barycenter-RadialGate-FixedSpatialMask,fixed,cosine,fixed,radial,8,1.0,0.4308701455593109,0.4984017610549927,0.4703384041786194,0.43087015|0.49840176|0.47695565|0.47121409|0.48207021|0.47329187|0.4627547|0.46714866,15.0,0.0,1.0,0.8631009459495544,0.10580847412347794,0.08,0.5,0.05,0.05,0.5,0.0001,0.001,0.001,0.0,0.0,1e-06,15.0,5.0,40.0,0.02,0.98,0.001,0.001,0.0001,0.01,0.001,0.5,style_rho0p5,sadg_rho0p05,9,9,19,19,new_training,5,2,106,0.059524593608719964,0.05929818057588169,0.004496756941080093,1.5745524543880102e-06,1.5745524543880102e-06,0.0012028916805450404,0.0007768849817304206,0.0006773782536453966,0.0,0.0,0.0,0.0,0.0,0.0,0.0,0.0,0.0,0.0,0.0,0.0,0.05218074790069035,0.1113429351576737,0.05000000000000001,14,23|31|224|171|180,56,all_filtered,9,True,D:\Running_Place\PostGraduateProjects\Experiments\PostGraduate\backbones\SpaceFrequencyModulation\Seg-SADG\BaryRadGateFixedSpatial\a0p08\rho0p5\gb8\sadg0p05\shot5\Seed2,D:\Running_Place\PostGraduateProjects\Experiments\PostGraduate\backbones\Prompts\SpaceFrequencyModulation\Seg-SADG\BaryRadGateFixedSpatial\a0p08\rho0p5\gb8\sadg0p05\shot5\Seed2
Seg-SADG,Seg-SADG,Seg-SADG,LF-Barycenter-RadialGate-FixedSpatialMask,fixed,cosine,fixed,radial,8,1.0,0.43112292885780334,0.4983362555503845,0.47020792961120605,0.43112293|0.49833626|0.477088|0.47123939|0.4815304|0.47285125|0.46248147|0.46701357,15.0,0.0,1.0,0.8631009459495544,0.10580847412347794,0.08,0.5,0.05,0.05,0.5,0.0001,0.001,0.001,0.0,0.0,1e-06,15.0,5.0,40.0,0.02,0.98,0.001,0.001,0.0001,0.01,0.001,0.5,style_rho0p5,sadg_rho0p05,9,9,19,19,new_training,5,2,107,0.06060473620891571,0.06037269559289728,0.004609777109830507,1.5514328716952669e-06,1.5514328716952669e-06,0.001206803900588836,0.0007636806736367621,0.0006670717515849642,0.0,0.0,0.0,0.0,0.0,0.0,0.0,0.0,0.0,0.0,0.0,0.0,0.05216648562678269,0.12592556540455138,0.05000000000000001,14,23|31|224|171|180,56,all_filtered,9,True,D:\Running_Place\PostGraduateProjects\Experiments\PostGraduate\backbones\SpaceFrequencyModulation\Seg-SADG\BaryRadGateFixedSpatial\a0p08\rho0p5\gb8\sadg0p05\shot5\Seed2,D:\Running_Place\PostGraduateProjects\Experiments\PostGraduate\backbones\Prompts\SpaceFrequencyModulation\Seg-SADG\BaryRadGateFixedSpatial\a0p08\rho0p5\gb8\sadg0p05\shot5\Seed2
Seg-SADG,Seg-SADG,Seg-SADG,LF-Barycenter-RadialGate-FixedSpatialMask,fixed,cosine,fixed,radial,8,1.0,0.4310113191604614,0.4984457194805145,0.470141738653183,0.43101132|0.49844572|0.47715369|0.47153845|0.48144925|0.47243044|0.46208474|0.46702012,15.0,0.0,1.0,0.8631009459495544,0.10580847412347794,0.08,0.5,0.05,0.05,0.5,0.0001,0.001,0.001,0.0,0.0,1e-06,15.0,5.0,40.0,0.02,0.98,0.001,0.001,0.0001,0.01,0.001,0.5,style_rho0p5,sadg_rho0p05,9,9,19,19,new_training,5,2,108,0.05881802099091666,0.05858222235526357,0.0046850076344396386,1.5490332836114767e-06,1.5490332836114767e-06,0.0012114543351344764,0.0007618822731144194,0.0006660055036523513,0.0,0.0,0.0,0.0,0.0,0.0,0.0,0.0,0.0,0.0,0.0,0.0,0.05121708395225661,0.11512442146028791,0.05000000000000001,14,23|31|224|171|180,56,all_filtered,9,True,D:\Running_Place\PostGraduateProjects\Experiments\PostGraduate\backbones\SpaceFrequencyModulation\Seg-SADG\BaryRadGateFixedSpatial\a0p08\rho0p5\gb8\sadg0p05\shot5\Seed2,D:\Running_Place\PostGraduateProjects\Experiments\PostGraduate\backbones\Prompts\SpaceFrequencyModulation\Seg-SADG\BaryRadGateFixedSpatial\a0p08\rho0p5\gb8\sadg0p05\shot5\Seed2
Seg-SADG,Seg-SADG,Seg-SADG,LF-Barycenter-RadialGate-FixedSpatialMask,fixed,cosine,fixed,radial,8,1.0,0.43095239996910095,0.49807652831077576,0.4700371026992798,0.4309524|0.49807653|0.47740927|0.47162896|0.48155725|0.4724341|0.46183896|0.46639913,15.0,0.0,1.0,0.8631009459495544,0.10580847412347794,0.08,0.5,0.05,0.05,0.5,0.0001,0.001,0.001,0.0,0.0,1e-06,15.0,5.0,40.0,0.02,0.98,0.001,0.001,0.0001,0.01,0.001,0.5,style_rho0p5,sadg_rho0p05,9,9,19,19,new_training,5,2,109,0.05886615706341607,0.058638591319322586,0.004520450502501002,1.5434076041336603e-06,1.5434076041336603e-06,0.0012214036292529532,0.0007580271007360093,0.0006632400493669723,0.0,0.0,0.0,0.0,0.0,0.0,0.0,0.0,0.0,0.0,0.0,0.0,0.050960809258478026,0.11769506654569081,0.05000000000000001,14,23|31|224|171|180,56,all_filtered,9,True,D:\Running_Place\PostGraduateProjects\Experiments\PostGraduate\backbones\SpaceFrequencyModulation\Seg-SADG\BaryRadGateFixedSpatial\a0p08\rho0p5\gb8\sadg0p05\shot5\Seed2,D:\Running_Place\PostGraduateProjects\Experiments\PostGraduate\backbones\Prompts\SpaceFrequencyModulation\Seg-SADG\BaryRadGateFixedSpatial\a0p08\rho0p5\gb8\sadg0p05\shot5\Seed2
Seg-SADG,Seg-SADG,Seg-SADG,LF-Barycenter-RadialGate-FixedSpatialMask,fixed,cosine,fixed,radial,8,1.0,0.4308832883834839,0.4974134862422943,0.4699411690235138,0.43088329|0.49741349|0.47795749|0.47172192|0.48151714|0.47282171|0.46155027|0.46566403,15.0,0.0,1.0,0.8631009459495544,0.10580847412347794,0.08,0.5,0.05,0.05,0.5,0.0001,0.001,0.001,0.0,0.0,1e-06,15.0,5.0,40.0,0.02,0.98,0.001,0.001,0.0001,0.01,0.001,0.5,style_rho0p5,sadg_rho0p05,9,9,19,19,new_training,5,2,110,0.06124113420290606,0.06098709787641253,0.005050223071261176,1.525594403314504e-06,1.525594403314504e-06,0.0012219103186258248,0.0007472909138804036,0.0006561123799266559,0.0,0.0,0.0,0.0,0.0,0.0,0.0,0.0,0.0,0.0,0.0,0.0,0.051682851144245694,0.14115594327449799,0.05000000000000001,14,23|31|224|171|180,56,all_filtered,9,True,D:\Running_Place\PostGraduateProjects\Experiments\PostGraduate\backbones\SpaceFrequencyModulation\Seg-SADG\BaryRadGateFixedSpatial\a0p08\rho0p5\gb8\sadg0p05\shot5\Seed2,D:\Running_Place\PostGraduateProjects\Experiments\PostGraduate\backbones\Prompts\SpaceFrequencyModulation\Seg-SADG\BaryRadGateFixedSpatial\a0p08\rho0p5\gb8\sadg0p05\shot5\Seed2
Seg-SADG,Seg-SADG,Seg-SADG,LF-Barycenter-RadialGate-FixedSpatialMask,fixed,cosine,fixed,radial,8,1.0,0.43114688992500305,0.497300386428833,0.469784677028656,0.43114689|0.49730039|0.47810689|0.47170743|0.48084983|0.47205266|0.46113494|0.46597838,15.0,0.0,1.0,0.8631009459495544,0.10580847412347794,0.08,0.5,0.05,0.05,0.5,0.0001,0.001,0.001,0.0,0.0,1e-06,15.0,5.0,40.0,0.02,0.98,0.001,0.001,0.0001,0.01,0.001,0.5,style_rho0p5,sadg_rho0p05,9,9,19,19,new_training,5,2,111,0.05947415078324931,0.05922126503927367,0.005027705088390836,1.499915526892437e-06,1.499915526892437e-06,0.0012290209415368736,0.0007321880714568708,0.0006448252908220249,0.0,0.0,0.0,0.0,0.0,0.0,0.0,0.0,0.0,0.0,0.0,0.0,0.051521003778491704,0.12188338967306274,0.05000000000000001,14,23|31|224|171|180,56,all_filtered,9,True,D:\Running_Place\PostGraduateProjects\Experiments\PostGraduate\backbones\SpaceFrequencyModulation\Seg-SADG\BaryRadGateFixedSpatial\a0p08\rho0p5\gb8\sadg0p05\shot5\Seed2,D:\Running_Place\PostGraduateProjects\Experiments\PostGraduate\backbones\Prompts\SpaceFrequencyModulation\Seg-SADG\BaryRadGateFixedSpatial\a0p08\rho0p5\gb8\sadg0p05\shot5\Seed2
Seg-SADG,Seg-SADG,Seg-SADG,LF-Barycenter-RadialGate-FixedSpatialMask,fixed,cosine,fixed,radial,8,1.0,0.43126341700553894,0.497175008058548,0.46977993845939636,0.43126342|0.49717501|0.47852504|0.4719778|0.4803865|0.47175586|0.46088803|0.46626788,15.0,0.0,1.0,0.8631009459495544,0.10580847412347794,0.08,0.5,0.05,0.05,0.5,0.0001,0.001,0.001,0.0,0.0,1e-06,15.0,5.0,40.0,0.02,0.98,0.001,0.001,0.0001,0.01,0.001,0.5,style_rho0p5,sadg_rho0p05,9,9,19,19,new_training,5,2,112,0.05762794454182897,0.05737077498010227,0.005113709784512009,1.48379759983592e-06,1.48379759983592e-06,0.0012293161791084068,0.0007230682032448905,0.0006377977427161698,0.0,0.0,0.0,0.0,0.0,0.0,0.0,0.0,0.0,0.0,0.0,0.0,0.05000752583146095,0.11512261256575584,0.05000000000000001,14,23|31|224|171|180,56,all_filtered,9,True,D:\Running_Place\PostGraduateProjects\Experiments\PostGraduate\backbones\SpaceFrequencyModulation\Seg-SADG\BaryRadGateFixedSpatial\a0p08\rho0p5\gb8\sadg0p05\shot5\Seed2,D:\Running_Place\PostGraduateProjects\Experiments\PostGraduate\backbones\Prompts\SpaceFrequencyModulation\Seg-SADG\BaryRadGateFixedSpatial\a0p08\rho0p5\gb8\sadg0p05\shot5\Seed2
Seg-SADG,Seg-SADG,Seg-SADG,LF-Barycenter-RadialGate-FixedSpatialMask,fixed,cosine,fixed,radial,8,1.0,0.43139657378196716,0.4968523681163788,0.46983617544174194,0.43139657|0.49685237|0.47849905|0.47195828|0.4807103|0.47190598|0.46101487|0.46635193,15.0,0.0,1.0,0.8631009459495544,0.10580847412347794,0.08,0.5,0.05,0.05,0.5,0.0001,0.001,0.001,0.0,0.0,1e-06,15.0,5.0,40.0,0.02,0.98,0.001,0.001,0.0001,0.01,0.001,0.5,style_rho0p5,sadg_rho0p05,9,9,19,19,new_training,5,2,113,0.05550456898553031,0.055287328149591176,0.004315468782026853,1.4677802044259027e-06,1.4677802044259027e-06,0.001226567239167967,0.0007138356200552412,0.0006312878062349877,0.0,0.0,0.0,0.0,0.0,0.0,0.0,0.0,0.0,0.0,0.0,0.0,0.04839925867106233,0.10462888543094907,0.05000000000000001,14,23|31|224|171|180,56,all_filtered,9,True,D:\Running_Place\PostGraduateProjects\Experiments\PostGraduate\backbones\SpaceFrequencyModulation\Seg-SADG\BaryRadGateFixedSpatial\a0p08\rho0p5\gb8\sadg0p05\shot5\Seed2,D:\Running_Place\PostGraduateProjects\Experiments\PostGraduate\backbones\Prompts\SpaceFrequencyModulation\Seg-SADG\BaryRadGateFixedSpatial\a0p08\rho0p5\gb8\sadg0p05\shot5\Seed2
Seg-SADG,Seg-SADG,Seg-SADG,LF-Barycenter-RadialGate-FixedSpatialMask,fixed,cosine,fixed,radial,8,1.0,0.43167823553085327,0.49685630202293396,0.46998703479766846,0.43167824|0.4968563|0.47850773|0.47184545|0.48092306|0.47257975|0.46121013|0.46629578,15.0,0.0,1.0,0.8631009459495544,0.10580847412347794,0.08,0.5,0.05,0.05,0.5,0.0001,0.001,0.001,0.0,0.0,1e-06,15.0,5.0,40.0,0.02,0.98,0.001,0.001,0.0001,0.01,0.001,0.5,style_rho0p5,sadg_rho0p05,9,9,19,19,new_training,5,2,114,0.054653950833848546,0.054436433794243,0.004321330725880606,1.4506081080461236e-06,1.4506081080461236e-06,0.0012169307114423386,0.0007056229265539774,0.0006232920360551881,0.0,0.0,0.0,0.0,0.0,0.0,0.0,0.0,0.0,0.0,0.0,0.0,0.0475886802056006,0.10509723371693067,0.05000000000000001,14,23|31|224|171|180,56,all_filtered,9,True,D:\Running_Place\PostGraduateProjects\Experiments\PostGraduate\backbones\SpaceFrequencyModulation\Seg-SADG\BaryRadGateFixedSpatial\a0p08\rho0p5\gb8\sadg0p05\shot5\Seed2,D:\Running_Place\PostGraduateProjects\Experiments\PostGraduate\backbones\Prompts\SpaceFrequencyModulation\Seg-SADG\BaryRadGateFixedSpatial\a0p08\rho0p5\gb8\sadg0p05\shot5\Seed2
Seg-SADG,Seg-SADG,Seg-SADG,LF-Barycenter-RadialGate-FixedSpatialMask,fixed,cosine,fixed,radial,8,1.0,0.4315876066684723,0.4971599578857422,0.4700039029121399,0.43158761|0.49715996|0.47857827|0.47191504|0.48077035|0.47262457|0.46145573|0.46593976,15.0,0.0,1.0,0.8631009459495544,0.10580847412347794,0.08,0.5,0.05,0.05,0.5,0.0001,0.001,0.001,0.0,0.0,1e-06,15.0,5.0,40.0,0.02,0.98,0.001,0.001,0.0001,0.01,0.001,0.5,style_rho0p5,sadg_rho0p05,9,9,19,19,new_training,5,2,115,0.05342898517847061,0.05322440394333431,0.004062592284753919,1.4517727160117438e-06,1.4517727160117438e-06,0.00120847939147747,0.0007068565506155469,0.0006240681770058083,0.0,0.0,0.0,0.0,0.0,0.0,0.0,0.0,0.0,0.0,0.0,0.0,0.046571681808148115,0.1000450040612902,0.05000000000000001,14,23|31|224|171|180,56,all_filtered,9,True,D:\Running_Place\PostGraduateProjects\Experiments\PostGraduate\backbones\SpaceFrequencyModulation\Seg-SADG\BaryRadGateFixedSpatial\a0p08\rho0p5\gb8\sadg0p05\shot5\Seed2,D:\Running_Place\PostGraduateProjects\Experiments\PostGraduate\backbones\Prompts\SpaceFrequencyModulation\Seg-SADG\BaryRadGateFixedSpatial\a0p08\rho0p5\gb8\sadg0p05\shot5\Seed2
Seg-SADG,Seg-SADG,Seg-SADG,LF-Barycenter-RadialGate-FixedSpatialMask,fixed,cosine,fixed,radial,8,1.0,0.43163061141967773,0.4971525967121124,0.4698803126811981,0.43163061|0.4971526|0.47891915|0.47168744|0.48022133|0.47280392|0.46152559|0.46510196,15.0,0.0,1.0,0.8631009459495544,0.10580847412347794,0.08,0.5,0.05,0.05,0.5,0.0001,0.001,0.001,0.0,0.0,1e-06,15.0,5.0,40.0,0.02,0.98,0.001,0.001,0.0001,0.01,0.001,0.5,style_rho0p5,sadg_rho0p05,9,9,19,19,new_training,5,2,116,0.05395428490425859,0.05373630566256387,0.004330347574848149,1.461618418423833e-06,1.461618418423833e-06,0.0012170704015131509,0.0007111663705602821,0.0006287449629910823,0.0,0.0,0.0,0.0,0.0,0.0,0.0,0.0,0.0,0.0,0.0,0.0,0.046237085812858174,0.11149419631276812,0.05000000000000001,14,23|31|224|171|180,56,all_filtered,9,True,D:\Running_Place\PostGraduateProjects\Experiments\PostGraduate\backbones\SpaceFrequencyModulation\Seg-SADG\BaryRadGateFixedSpatial\a0p08\rho0p5\gb8\sadg0p05\shot5\Seed2,D:\Running_Place\PostGraduateProjects\Experiments\PostGraduate\backbones\Prompts\SpaceFrequencyModulation\Seg-SADG\BaryRadGateFixedSpatial\a0p08\rho0p5\gb8\sadg0p05\shot5\Seed2
Seg-SADG,Seg-SADG,Seg-SADG,LF-Barycenter-RadialGate-FixedSpatialMask,fixed,cosine,fixed,radial,8,1.0,0.431614488363266,0.49686914682388306,0.4699205160140991,0.43161449|0.49686915|0.47914761|0.47142962|0.48020077|0.47265798|0.46187028|0.46557415,15.0,0.0,1.0,0.8631009459495544,0.10580847412347794,0.08,0.5,0.05,0.05,0.5,0.0001,0.001,0.001,0.0,0.0,1e-06,15.0,5.0,40.0,0.02,0.98,0.001,0.001,0.0001,0.01,0.001,0.5,style_rho0p5,sadg_rho0p05,9,9,19,19,new_training,5,2,117,0.05704878084361553,0.056829256670815606,0.0043615208373272,1.448313461034039e-06,1.448313461034039e-06,0.0012166637212171086,0.0007030326232779771,0.000623614402554397,0.0,0.0,0.0,0.0,0.0,0.0,0.0,0.0,0.0,0.0,0.0,0.0,0.04773544812841075,0.13727006262966565,0.05000000000000001,14,23|31|224|171|180,56,all_filtered,9,True,D:\Running_Place\PostGraduateProjects\Experiments\PostGraduate\backbones\SpaceFrequencyModulation\Seg-SADG\BaryRadGateFixedSpatial\a0p08\rho0p5\gb8\sadg0p05\shot5\Seed2,D:\Running_Place\PostGraduateProjects\Experiments\PostGraduate\backbones\Prompts\SpaceFrequencyModulation\Seg-SADG\BaryRadGateFixedSpatial\a0p08\rho0p5\gb8\sadg0p05\shot5\Seed2
Seg-SADG,Seg-SADG,Seg-SADG,LF-Barycenter-RadialGate-FixedSpatialMask,fixed,cosine,fixed,radial,8,1.0,0.43205735087394714,0.4969387352466583,0.4699850082397461,0.43205735|0.49693874|0.47927436|0.47134891|0.48013008|0.47208273|0.46211177|0.46593624,15.0,0.0,1.0,0.8631009459495544,0.10580847412347794,0.08,0.5,0.05,0.05,0.5,0.0001,0.001,0.001,0.0,0.0,1e-06,15.0,5.0,40.0,0.02,0.98,0.001,0.001,0.0001,0.01,0.001,0.5,style_rho0p5,sadg_rho0p05,9,9,19,19,new_training,5,2,118,0.055545683950185776,0.05533620262784617,0.004160991254528719,1.4312396063230283e-06,1.4312396063230283e-06,0.001208905820801322,0.00069367910119971,0.0006166698502576244,0.0,0.0,0.0,0.0,0.0,0.0,0.0,0.0,0.0,0.0,0.0,0.0,0.047521786498171945,0.120975561439991,0.05000000000000001,14,23|31|224|171|180,56,all_filtered,9,True,D:\Running_Place\PostGraduateProjects\Experiments\PostGraduate\backbones\SpaceFrequencyModulation\Seg-SADG\BaryRadGateFixedSpatial\a0p08\rho0p5\gb8\sadg0p05\shot5\Seed2,D:\Running_Place\PostGraduateProjects\Experiments\PostGraduate\backbones\Prompts\SpaceFrequencyModulation\Seg-SADG\BaryRadGateFixedSpatial\a0p08\rho0p5\gb8\sadg0p05\shot5\Seed2
Seg-SADG,Seg-SADG,Seg-SADG,LF-Barycenter-RadialGate-FixedSpatialMask,fixed,cosine,fixed,radial,8,1.0,0.4321098327636719,0.4969829022884369,0.4699505567550659,0.43210983|0.4969829|0.47956294|0.47154859|0.48004737|0.47197384|0.46159944|0.46577957,15.0,0.0,1.0,0.8631009459495544,0.10580847412347794,0.08,0.5,0.05,0.05,0.5,0.0001,0.001,0.001,0.0,0.0,1e-06,15.0,5.0,40.0,0.02,0.98,0.001,0.001,0.0001,0.01,0.001,0.5,style_rho0p5,sadg_rho0p05,9,9,19,19,new_training,5,2,119,0.05516594967671803,0.05495129419224603,0.0042646062294287345,1.4250198887566512e-06,1.4250198887566512e-06,0.0012061169337747352,0.0006906347532224442,0.0006137733705275293,0.0,0.0,0.0,0.0,0.0,0.0,0.0,0.0,0.0,0.0,0.0,0.0,0.04705201009554522,0.11849351120846612,0.05000000000000001,14,23|31|224|171|180,56,all_filtered,9,True,D:\Running_Place\PostGraduateProjects\Experiments\PostGraduate\backbones\SpaceFrequencyModulation\Seg-SADG\BaryRadGateFixedSpatial\a0p08\rho0p5\gb8\sadg0p05\shot5\Seed2,D:\Running_Place\PostGraduateProjects\Experiments\PostGraduate\backbones\Prompts\SpaceFrequencyModulation\Seg-SADG\BaryRadGateFixedSpatial\a0p08\rho0p5\gb8\sadg0p05\shot5\Seed2
Seg-SADG,Seg-SADG,Seg-SADG,LF-Barycenter-RadialGate-FixedSpatialMask,fixed,cosine,fixed,radial,8,1.0,0.43240344524383545,0.4967634677886963,0.4699285328388214,0.43240345|0.49676347|0.47974476|0.47173411|0.47989672|0.47171086|0.46138284|0.46579215,15.0,0.0,1.0,0.8631009459495544,0.10580847412347794,0.08,0.5,0.05,0.05,0.5,0.0001,0.001,0.001,0.0,0.0,1e-06,15.0,5.0,40.0,0.02,0.98,0.001,0.001,0.0001,0.01,0.001,0.5,style_rho0p5,sadg_rho0p05,9,9,19,19,new_training,5,2,120,0.05326745818768229,0.05304473212787083,0.004426163704400616,1.4174755977234912e-06,1.4174755977234912e-06,0.001209786710595446,0.0006866126204840839,0.0006098842464520463,0.0,0.0,0.0,0.0,0.0,0.0,0.0,0.0,0.0,0.0,0.0,0.0,0.04644891938992909,0.10494764095970563,0.05000000000000001,14,23|31|224|171|180,56,all_filtered,9,True,D:\Running_Place\PostGraduateProjects\Experiments\PostGraduate\backbones\SpaceFrequencyModulation\Seg-SADG\BaryRadGateFixedSpatial\a0p08\rho0p5\gb8\sadg0p05\shot5\Seed2,D:\Running_Place\PostGraduateProjects\Experiments\PostGraduate\backbones\Prompts\SpaceFrequencyModulation\Seg-SADG\BaryRadGateFixedSpatial\a0p08\rho0p5\gb8\sadg0p05\shot5\Seed2
Seg-SADG,Seg-SADG,Seg-SADG,LF-Barycenter-RadialGate-FixedSpatialMask,fixed,cosine,fixed,radial,8,1.0,0.4326660931110382,0.4966365098953247,0.4700123071670532,0.43266609|0.49663651|0.47984394|0.47182432|0.47991419|0.47181943|0.46150944|0.46588445,15.0,0.0,1.0,0.8631009459495544,0.10580847412347794,0.08,0.5,0.05,0.05,0.5,0.0001,0.001,0.001,0.0,0.0,1e-06,15.0,5.0,40.0,0.02,0.98,0.001,0.001,0.0001,0.01,0.001,0.5,style_rho0p5,sadg_rho0p05,9,9,19,19,new_training,5,2,121,0.05370503717235157,0.053505590717707364,0.003961029445885548,1.3953477134366819e-06,1.3953477134366819e-06,0.0012026348350835697,0.0006748069801168251,0.0006002771842759103,0.0,0.0,0.0,0.0,0.0,0.0,0.0,0.0,0.0,0.0,0.0,0.0,0.045639694801398685,0.11892413720488548,0.05000000000000001,14,23|31|224|171|180,56,all_filtered,9,True,D:\Running_Place\PostGraduateProjects\Experiments\PostGraduate\backbones\SpaceFrequencyModulation\Seg-SADG\BaryRadGateFixedSpatial\a0p08\rho0p5\gb8\sadg0p05\shot5\Seed2,D:\Running_Place\PostGraduateProjects\Experiments\PostGraduate\backbones\Prompts\SpaceFrequencyModulation\Seg-SADG\BaryRadGateFixedSpatial\a0p08\rho0p5\gb8\sadg0p05\shot5\Seed2
Seg-SADG,Seg-SADG,Seg-SADG,LF-Barycenter-RadialGate-FixedSpatialMask,fixed,cosine,fixed,radial,8,1.0,0.43269720673561096,0.49640727043151855,0.4700125455856323,0.43269721|0.49640727|0.4801935|0.4716469|0.48030904|0.47163597|0.46159029|0.4656201,15.0,0.0,1.0,0.8631009459495544,0.10580847412347794,0.08,0.5,0.05,0.05,0.5,0.0001,0.001,0.001,0.0,0.0,1e-06,15.0,5.0,40.0,0.02,0.98,0.001,0.001,0.0001,0.01,0.001,0.5,style_rho0p5,sadg_rho0p05,9,9,19,19,new_training,5,2,122,0.05220639492784228,0.05200301988848618,0.004039814230054617,1.3842385685945504e-06,1.3842385685945504e-06,0.0011985357435021018,0.000669023159259398,0.0005953617718270314,0.0,0.0,0.0,0.0,0.0,0.0,0.0,0.0,0.0,0.0,0.0,0.0,0.044767865645033975,0.10979788324662618,0.05000000000000001,14,23|31|224|171|180,56,all_filtered,9,True,D:\Running_Place\PostGraduateProjects\Experiments\PostGraduate\backbones\SpaceFrequencyModulation\Seg-SADG\BaryRadGateFixedSpatial\a0p08\rho0p5\gb8\sadg0p05\shot5\Seed2,D:\Running_Place\PostGraduateProjects\Experiments\PostGraduate\backbones\Prompts\SpaceFrequencyModulation\Seg-SADG\BaryRadGateFixedSpatial\a0p08\rho0p5\gb8\sadg0p05\shot5\Seed2
Seg-SADG,Seg-SADG,Seg-SADG,LF-Barycenter-RadialGate-FixedSpatialMask,fixed,cosine,fixed,radial,8,1.0,0.4329281151294708,0.4962768256664276,0.4700925350189209,0.43292812|0.49627683|0.48035124|0.47152621|0.48035982|0.47171634|0.46170306|0.4658787,15.0,0.0,1.0,0.8631009459495544,0.10580847412347794,0.08,0.5,0.05,0.05,0.5,0.0001,0.001,0.001,0.0,0.0,1e-06,15.0,5.0,40.0,0.02,0.98,0.001,0.001,0.0001,0.01,0.001,0.5,style_rho0p5,sadg_rho0p05,9,9,19,19,new_training,5,2,123,0.05226522737315723,0.05203965386109693,0.0044840055883729035,1.3732747398924921e-06,1.3732747398924921e-06,0.0011966337499740934,0.0006632088791645531,0.0005904024541710637,0.0,0.0,0.0,0.0,0.0,0.0,0.0,0.0,0.0,0.0,0.0,0.0,0.044289160785930495,0.11554773524403572,0.05000000000000001,14,23|31|224|171|180,56,all_filtered,9,True,D:\Running_Place\PostGraduateProjects\Experiments\PostGraduate\backbones\SpaceFrequencyModulation\Seg-SADG\BaryRadGateFixedSpatial\a0p08\rho0p5\gb8\sadg0p05\shot5\Seed2,D:\Running_Place\PostGraduateProjects\Experiments\PostGraduate\backbones\Prompts\SpaceFrequencyModulation\Seg-SADG\BaryRadGateFixedSpatial\a0p08\rho0p5\gb8\sadg0p05\shot5\Seed2
Seg-SADG,Seg-SADG,Seg-SADG,LF-Barycenter-RadialGate-FixedSpatialMask,fixed,cosine,fixed,radial,8,1.0,0.43312597274780273,0.4961486756801605,0.47019514441490173,0.43312597|0.49614868|0.48054767|0.47169417|0.48034233|0.47159314|0.46177232|0.46633691,15.0,0.0,1.0,0.8631009459495544,0.10580847412347794,0.08,0.5,0.05,0.05,0.5,0.0001,0.001,0.001,0.0,0.0,1e-06,15.0,5.0,40.0,0.02,0.98,0.001,0.001,0.0001,0.01,0.001,0.5,style_rho0p5,sadg_rho0p05,9,9,19,19,new_training,5,2,124,0.052083163655229976,0.05188821362597602,0.003871868214836078,1.3566949762987081e-06,1.3566949762987081e-06,0.0011853875309628034,0.0006546817146175142,0.0005834744453230607,0.0,0.0,0.0,0.0,0.0,0.0,0.0,0.0,0.0,0.0,0.0,0.0,0.04389468394219875,0.11917254541601453,0.05000000000000001,14,23|31|224|171|180,56,all_filtered,9,True,D:\Running_Place\PostGraduateProjects\Experiments\PostGraduate\backbones\SpaceFrequencyModulation\Seg-SADG\BaryRadGateFixedSpatial\a0p08\rho0p5\gb8\sadg0p05\shot5\Seed2,D:\Running_Place\PostGraduateProjects\Experiments\PostGraduate\backbones\Prompts\SpaceFrequencyModulation\Seg-SADG\BaryRadGateFixedSpatial\a0p08\rho0p5\gb8\sadg0p05\shot5\Seed2
Seg-SADG,Seg-SADG,Seg-SADG,LF-Barycenter-RadialGate-FixedSpatialMask,fixed,cosine,fixed,radial,8,1.0,0.4330867528915405,0.49626538157463074,0.4700314998626709,0.43308675|0.49626538|0.48045963|0.47192222|0.479213|0.47108242|0.46167585|0.46654657,15.0,0.0,1.0,0.8631009459495544,0.10580847412347794,0.08,0.5,0.05,0.05,0.5,0.0001,0.001,0.001,0.0,0.0,1e-06,15.0,5.0,40.0,0.02,0.98,0.001,0.001,0.0001,0.01,0.001,0.5,style_rho0p5,sadg_rho0p05,9,9,19,19,new_training,5,2,125,0.05180122011474201,0.05158674104937485,0.004262593691237271,1.3495790329086179e-06,1.3495790329086179e-06,0.0011840427593727196,0.0006502538578518267,0.0005809208461349564,0.0,0.0,0.0,0.0,0.0,0.0,0.0,0.0,0.0,0.0,0.0,0.0,0.04363288144980158,0.1201399697789124,0.05000000000000001,14,23|31|224|171|180,56,all_filtered,9,True,D:\Running_Place\PostGraduateProjects\Experiments\PostGraduate\backbones\SpaceFrequencyModulation\Seg-SADG\BaryRadGateFixedSpatial\a0p08\rho0p5\gb8\sadg0p05\shot5\Seed2,D:\Running_Place\PostGraduateProjects\Experiments\PostGraduate\backbones\Prompts\SpaceFrequencyModulation\Seg-SADG\BaryRadGateFixedSpatial\a0p08\rho0p5\gb8\sadg0p05\shot5\Seed2
Seg-SADG,Seg-SADG,Seg-SADG,LF-Barycenter-RadialGate-FixedSpatialMask,fixed,cosine,fixed,radial,8,1.0,0.43333327770233154,0.49637797474861145,0.47000187635421753,0.43333328|0.49637797|0.48046404|0.47190234|0.47910482|0.47084075|0.46171826|0.46627364,15.0,0.0,1.0,0.8631009459495544,0.10580847412347794,0.08,0.5,0.05,0.05,0.5,0.0001,0.001,0.001,0.0,0.0,1e-06,15.0,5.0,40.0,0.02,0.98,0.001,0.001,0.0001,0.01,0.001,0.5,style_rho0p5,sadg_rho0p05,9,9,19,19,new_training,5,2,126,0.049833276708211215,0.049640897129263194,0.003820634663238057,1.3483042380357801e-06,1.3483042380357801e-06,0.0011916061464164937,0.0006486990439173366,0.0005804445328457015,0.0,0.0,0.0,0.0,0.0,0.0,0.0,0.0,0.0,0.0,0.0,0.0,0.043053251558116505,0.10207270777651242,0.05000000000000001,14,23|31|224|171|180,56,all_filtered,9,True,D:\Running_Place\PostGraduateProjects\Experiments\PostGraduate\backbones\SpaceFrequencyModulation\Seg-SADG\BaryRadGateFixedSpatial\a0p08\rho0p5\gb8\sadg0p05\shot5\Seed2,D:\Running_Place\PostGraduateProjects\Experiments\PostGraduate\backbones\Prompts\SpaceFrequencyModulation\Seg-SADG\BaryRadGateFixedSpatial\a0p08\rho0p5\gb8\sadg0p05\shot5\Seed2
Seg-SADG,Seg-SADG,Seg-SADG,LF-Barycenter-RadialGate-FixedSpatialMask,fixed,cosine,fixed,radial,8,1.0,0.4335765242576599,0.496344655752182,0.4701126515865326,0.43357652|0.49634466|0.48046404|0.47188175|0.4793534|0.4709017|0.46204346|0.46633571,15.0,0.0,1.0,0.8631009459495544,0.10580847412347794,0.08,0.5,0.05,0.05,0.5,0.0001,0.001,0.001,0.0,0.0,1e-06,15.0,5.0,40.0,0.02,0.98,0.001,0.001,0.0001,0.01,0.001,0.5,style_rho0p5,sadg_rho0p05,9,9,19,19,new_training,5,2,127,0.04982161894440651,0.04961845411786011,0.004036570666357875,1.3370695910452923e-06,1.3370695910452923e-06,0.0011849611515312322,0.0006431786168832332,0.0005753947979038847,0.0,0.0,0.0,0.0,0.0,0.0,0.0,0.0,0.0,0.0,0.0,0.0,0.04260990475969655,0.10642143924321447,0.05000000000000001,14,23|31|224|171|180,56,all_filtered,9,True,D:\Running_Place\PostGraduateProjects\Experiments\PostGraduate\backbones\SpaceFrequencyModulation\Seg-SADG\BaryRadGateFixedSpatial\a0p08\rho0p5\gb8\sadg0p05\shot5\Seed2,D:\Running_Place\PostGraduateProjects\Experiments\PostGraduate\backbones\Prompts\SpaceFrequencyModulation\Seg-SADG\BaryRadGateFixedSpatial\a0p08\rho0p5\gb8\sadg0p05\shot5\Seed2
Seg-SADG,Seg-SADG,Seg-SADG,LF-Barycenter-RadialGate-FixedSpatialMask,fixed,cosine,fixed,radial,8,1.0,0.43373310565948486,0.4958674907684326,0.4701710343360901,0.43373311|0.49586749|0.4806498|0.4717668|0.47953504|0.47124708|0.46195781|0.4666113,15.0,0.0,1.0,0.8631009459495544,0.10580847412347794,0.08,0.5,0.05,0.05,0.5,0.0001,0.001,0.001,0.0,0.0,1e-06,15.0,5.0,40.0,0.02,0.98,0.001,0.001,0.0001,0.01,0.001,0.5,style_rho0p5,sadg_rho0p05,9,9,19,19,new_training,5,2,128,0.05124837825340884,0.05103587731719017,0.004223519952834717,1.3245411878415325e-06,1.3245411878415325e-06,0.0011782954513494457,0.0006370358044348125,0.0005696757871191949,0.0,0.0,0.0,0.0,0.0,0.0,0.0,0.0,0.0,0.0,0.0,0.0,0.04261883454663413,0.1268792822957039,0.05000000000000001,14,23|31|224|171|180,56,all_filtered,9,True,D:\Running_Place\PostGraduateProjects\Experiments\PostGraduate\backbones\SpaceFrequencyModulation\Seg-SADG\BaryRadGateFixedSpatial\a0p08\rho0p5\gb8\sadg0p05\shot5\Seed2,D:\Running_Place\PostGraduateProjects\Experiments\PostGraduate\backbones\Prompts\SpaceFrequencyModulation\Seg-SADG\BaryRadGateFixedSpatial\a0p08\rho0p5\gb8\sadg0p05\shot5\Seed2
Seg-SADG,Seg-SADG,Seg-SADG,LF-Barycenter-RadialGate-FixedSpatialMask,fixed,cosine,fixed,radial,8,1.0,0.4342862069606781,0.4956580400466919,0.47019943594932556,0.43428621|0.49565804|0.48058009|0.47173649|0.47926763|0.47107756|0.46208438|0.46690512,15.0,0.0,1.0,0.8631009459495544,0.10580847412347794,0.08,0.5,0.05,0.05,0.5,0.0001,0.001,0.001,0.0,0.0,1e-06,15.0,5.0,40.0,0.02,0.98,0.001,0.001,0.0001,0.01,0.001,0.5,style_rho0p5,sadg_rho0p05,9,9,19,19,new_training,5,2,129,0.050931048446467946,0.05073485390416214,0.0038980162436408655,1.2939032915580486e-06,1.2939032915580486e-06,0.0011688365817203053,0.0006212254645236369,0.0005557941164754863,0.0,0.0,0.0,0.0,0.0,0.0,0.0,0.0,0.0,0.0,0.0,0.0,0.0429956034890243,0.11925982311367989,0.05000000000000001,14,23|31|224|171|180,56,all_filtered,9,True,D:\Running_Place\PostGraduateProjects\Experiments\PostGraduate\backbones\SpaceFrequencyModulation\Seg-SADG\BaryRadGateFixedSpatial\a0p08\rho0p5\gb8\sadg0p05\shot5\Seed2,D:\Running_Place\PostGraduateProjects\Experiments\PostGraduate\backbones\Prompts\SpaceFrequencyModulation\Seg-SADG\BaryRadGateFixedSpatial\a0p08\rho0p5\gb8\sadg0p05\shot5\Seed2
Seg-SADG,Seg-SADG,Seg-SADG,LF-Barycenter-RadialGate-FixedSpatialMask,fixed,cosine,fixed,radial,8,1.0,0.43442484736442566,0.49581244587898254,0.4701712429523468,0.43442485|0.49581245|0.48090562|0.47149432|0.47923177|0.47087622|0.46193203|0.46669275,15.0,0.0,1.0,0.8631009459495544,0.10580847412347794,0.08,0.5,0.05,0.05,0.5,0.0001,0.001,0.001,0.0,0.0,1e-06,15.0,5.0,40.0,0.02,0.98,0.001,0.001,0.0001,0.01,0.001,0.5,style_rho0p5,sadg_rho0p05,9,9,19,19,new_training,5,2,130,0.04918094751025949,0.04897837819797652,0.004025770567490586,1.280233675515774e-06,1.280233675515774e-06,0.0011634992219374648,0.0006144316950147706,0.0005494520259422383,0.0,0.0,0.0,0.0,0.0,0.0,0.0,0.0,0.0,0.0,0.0,0.0,0.04211127119404929,0.10807878736938749,0.05000000000000001,14,23|31|224|171|180,56,all_filtered,9,True,D:\Running_Place\PostGraduateProjects\Experiments\PostGraduate\backbones\SpaceFrequencyModulation\Seg-SADG\BaryRadGateFixedSpatial\a0p08\rho0p5\gb8\sadg0p05\shot5\Seed2,D:\Running_Place\PostGraduateProjects\Experiments\PostGraduate\backbones\Prompts\SpaceFrequencyModulation\Seg-SADG\BaryRadGateFixedSpatial\a0p08\rho0p5\gb8\sadg0p05\shot5\Seed2
Seg-SADG,Seg-SADG,Seg-SADG,LF-Barycenter-RadialGate-FixedSpatialMask,fixed,cosine,fixed,radial,8,1.0,0.4347342550754547,0.49567490816116333,0.47007033228874207,0.43473426|0.49567491|0.48119131|0.47164193|0.47878778|0.47079355|0.46179685|0.46594208,15.0,0.0,1.0,0.8631009459495544,0.10580847412347794,0.08,0.5,0.05,0.05,0.5,0.0001,0.001,0.001,0.0,0.0,1e-06,15.0,5.0,40.0,0.02,0.98,0.001,0.001,0.0001,0.01,0.001,0.5,style_rho0p5,sadg_rho0p05,9,9,19,19,new_training,5,2,131,0.04826817475259304,0.04807412571140698,0.003855537706320839,1.2717215197101593e-06,1.2717215197101593e-06,0.0011674757448158094,0.0006099270748174084,0.0005450468244297164,0.0,0.0,0.0,0.0,0.0,0.0,0.0,0.0,0.0,0.0,0.0,0.0,0.04104363279683249,0.10652772443635124,0.05000000000000001,14,23|31|224|171|180,56,all_filtered,9,True,D:\Running_Place\PostGraduateProjects\Experiments\PostGraduate\backbones\SpaceFrequencyModulation\Seg-SADG\BaryRadGateFixedSpatial\a0p08\rho0p5\gb8\sadg0p05\shot5\Seed2,D:\Running_Place\PostGraduateProjects\Experiments\PostGraduate\backbones\Prompts\SpaceFrequencyModulation\Seg-SADG\BaryRadGateFixedSpatial\a0p08\rho0p5\gb8\sadg0p05\shot5\Seed2
Seg-SADG,Seg-SADG,Seg-SADG,LF-Barycenter-RadialGate-FixedSpatialMask,fixed,cosine,fixed,radial,8,1.0,0.4346780776977539,0.49571943283081055,0.4700331687927246,0.43467808|0.49571943|0.48141533|0.47164938|0.47879839|0.47054493|0.46166402|0.46579576,15.0,0.0,1.0,0.8631009459495544,0.10580847412347794,0.08,0.5,0.05,0.05,0.5,0.0001,0.001,0.001,0.0,0.0,1e-06,15.0,5.0,40.0,0.02,0.98,0.001,0.001,0.0001,0.01,0.001,0.5,style_rho0p5,sadg_rho0p05,9,9,19,19,new_training,5,2,132,0.04876478335687092,0.04857293250305312,0.0038117673580667804,1.2625392368395945e-06,1.2625392368395945e-06,0.001171980834832149,0.0006044283509254456,0.0005409127417286592,0.0,0.0,0.0,0.0,0.0,0.0,0.0,0.0,0.0,0.0,0.0,0.0,0.04083079073045935,0.1154748760163784,0.05000000000000001,14,23|31|224|171|180,56,all_filtered,9,True,D:\Running_Place\PostGraduateProjects\Experiments\PostGraduate\backbones\SpaceFrequencyModulation\Seg-SADG\BaryRadGateFixedSpatial\a0p08\rho0p5\gb8\sadg0p05\shot5\Seed2,D:\Running_Place\PostGraduateProjects\Experiments\PostGraduate\backbones\Prompts\SpaceFrequencyModulation\Seg-SADG\BaryRadGateFixedSpatial\a0p08\rho0p5\gb8\sadg0p05\shot5\Seed2
Seg-SADG,Seg-SADG,Seg-SADG,LF-Barycenter-RadialGate-FixedSpatialMask,fixed,cosine,fixed,radial,8,1.0,0.43509942293167114,0.495947927236557,0.4700655937194824,0.43509942|0.49594793|0.48145357|0.47175151|0.47917762|0.47034991|0.46149656|0.46524823,15.0,0.0,1.0,0.8631009459495544,0.10580847412347794,0.08,0.5,0.05,0.05,0.5,0.0001,0.001,0.001,0.0,0.0,1e-06,15.0,5.0,40.0,0.02,0.98,0.001,0.001,0.0001,0.01,0.001,0.5,style_rho0p5,sadg_rho0p05,9,9,19,19,new_training,5,2,133,0.04653528705239296,0.046349252707191875,0.003695424080693296,1.2632466531873173e-06,1.2632466531873173e-06,0.0011753841702427184,0.000605166594531121,0.0005405415972096048,0.0,0.0,0.0,0.0,0.0,0.0,0.0,0.0,0.0,0.0,0.0,0.0,0.04016535409859249,0.09614454209804535,0.05000000000000001,14,23|31|224|171|180,56,all_filtered,9,True,D:\Running_Place\PostGraduateProjects\Experiments\PostGraduate\backbones\SpaceFrequencyModulation\Seg-SADG\BaryRadGateFixedSpatial\a0p08\rho0p5\gb8\sadg0p05\shot5\Seed2,D:\Running_Place\PostGraduateProjects\Experiments\PostGraduate\backbones\Prompts\SpaceFrequencyModulation\Seg-SADG\BaryRadGateFixedSpatial\a0p08\rho0p5\gb8\sadg0p05\shot5\Seed2
Seg-SADG,Seg-SADG,Seg-SADG,LF-Barycenter-RadialGate-FixedSpatialMask,fixed,cosine,fixed,radial,8,1.0,0.4353712499141693,0.4957052767276764,0.47018659114837646,0.43537125|0.49570528|0.48178837|0.47192279|0.47950405|0.4707543|0.46144152|0.46500507,15.0,0.0,1.0,0.8631009459495544,0.10580847412347794,0.08,0.5,0.05,0.05,0.5,0.0001,0.001,0.001,0.0,0.0,1e-06,15.0,5.0,40.0,0.02,0.98,0.001,0.001,0.0001,0.01,0.001,0.5,style_rho0p5,sadg_rho0p05,9,9,19,19,new_training,5,2,134,0.047102034358041625,0.04690308762448175,0.003953928077992584,1.2506202681704183e-06,1.2506202681704183e-06,0.0011651499828855907,0.0005996567654489939,0.0005344484774728439,0.0,0.0,0.0,0.0,0.0,0.0,0.0,0.0,0.0,0.0,0.0,0.0,0.039909385942987034,0.10590858225311552,0.05000000000000001,14,23|31|224|171|180,56,all_filtered,9,True,D:\Running_Place\PostGraduateProjects\Experiments\PostGraduate\backbones\SpaceFrequencyModulation\Seg-SADG\BaryRadGateFixedSpatial\a0p08\rho0p5\gb8\sadg0p05\shot5\Seed2,D:\Running_Place\PostGraduateProjects\Experiments\PostGraduate\backbones\Prompts\SpaceFrequencyModulation\Seg-SADG\BaryRadGateFixedSpatial\a0p08\rho0p5\gb8\sadg0p05\shot5\Seed2
Seg-SADG,Seg-SADG,Seg-SADG,LF-Barycenter-RadialGate-FixedSpatialMask,fixed,cosine,fixed,radial,8,1.0,0.43551120162010193,0.4957946240901947,0.4701773524284363,0.4355112|0.49579462|0.48166764|0.47188392|0.47951892|0.47085714|0.46131444|0.46487108,15.0,0.0,1.0,0.8631009459495544,0.10580847412347794,0.08,0.5,0.05,0.05,0.5,0.0001,0.001,0.001,0.0,0.0,1e-06,15.0,5.0,40.0,0.02,0.98,0.001,0.001,0.0001,0.01,0.001,0.5,style_rho0p5,sadg_rho0p05,9,9,19,19,new_training,5,2,135,0.047461962061268945,0.04727500570671899,0.003714283462613821,1.2427006644039856e-06,1.2427006644039856e-06,0.0011627906185042644,0.0005960946436971426,0.000530326905261193,0.0,0.0,0.0,0.0,0.0,0.0,0.0,0.0,0.0,0.0,0.0,0.0,0.03962504943566663,0.11231870150991849,0.05000000000000001,14,23|31|224|171|180,56,all_filtered,9,True,D:\Running_Place\PostGraduateProjects\Experiments\PostGraduate\backbones\SpaceFrequencyModulation\Seg-SADG\BaryRadGateFixedSpatial\a0p08\rho0p5\gb8\sadg0p05\shot5\Seed2,D:\Running_Place\PostGraduateProjects\Experiments\PostGraduate\backbones\Prompts\SpaceFrequencyModulation\Seg-SADG\BaryRadGateFixedSpatial\a0p08\rho0p5\gb8\sadg0p05\shot5\Seed2
Seg-SADG,Seg-SADG,Seg-SADG,LF-Barycenter-RadialGate-FixedSpatialMask,fixed,cosine,fixed,radial,8,1.0,0.43562036752700806,0.49565887451171875,0.47008979320526123,0.43562037|0.49565887|0.48163655|0.47206053|0.47936317|0.47053015|0.46097818|0.46487045,15.0,0.0,1.0,0.8631009459495544,0.10580847412347794,0.08,0.5,0.05,0.05,0.5,0.0001,0.001,0.001,0.0,0.0,1e-06,15.0,5.0,40.0,0.02,0.98,0.001,0.001,0.0001,0.01,0.001,0.5,style_rho0p5,sadg_rho0p05,9,9,19,19,new_training,5,2,136,0.04779878870717117,0.047602994101388116,0.0038911745817001376,1.2351855584061662e-06,1.2351855584061662e-06,0.0011641569186135062,0.0005920728643624378,0.0005266969258497868,0.0,0.0,0.0,0.0,0.0,0.0,0.0,0.0,0.0,0.0,0.0,0.0,0.03977967905146735,0.11237216208662305,0.05000000000000001,14,23|31|224|171|180,56,all_filtered,9,True,D:\Running_Place\PostGraduateProjects\Experiments\PostGraduate\backbones\SpaceFrequencyModulation\Seg-SADG\BaryRadGateFixedSpatial\a0p08\rho0p5\gb8\sadg0p05\shot5\Seed2,D:\Running_Place\PostGraduateProjects\Experiments\PostGraduate\backbones\Prompts\SpaceFrequencyModulation\Seg-SADG\BaryRadGateFixedSpatial\a0p08\rho0p5\gb8\sadg0p05\shot5\Seed2
Seg-SADG,Seg-SADG,Seg-SADG,LF-Barycenter-RadialGate-FixedSpatialMask,fixed,cosine,fixed,radial,8,1.0,0.4359160363674164,0.49583888053894043,0.46996140480041504,0.43591604|0.49583888|0.48162484|0.47204512|0.47862464|0.46962631|0.46086735|0.46514803,15.0,0.0,1.0,0.8631009459495544,0.10580847412347794,0.08,0.5,0.05,0.05,0.5,0.0001,0.001,0.001,0.0,0.0,1e-06,15.0,5.0,40.0,0.02,0.98,0.001,0.001,0.0001,0.01,0.001,0.5,style_rho0p5,sadg_rho0p05,9,9,19,19,new_training,5,2,137,0.0531809896762882,0.052975532465747426,0.004084455531223544,1.2343592256261867e-06,1.2343592256261867e-06,0.0011706102190406195,0.0005914514809514263,0.0005258466699160635,0.0,0.0,0.0,0.0,0.0,0.0,0.0,0.0,0.0,0.0,0.0,0.0,0.04376719439668315,0.1437896681683404,0.05000000000000001,14,23|31|224|171|180,56,all_filtered,9,True,D:\Running_Place\PostGraduateProjects\Experiments\PostGraduate\backbones\SpaceFrequencyModulation\Seg-SADG\BaryRadGateFixedSpatial\a0p08\rho0p5\gb8\sadg0p05\shot5\Seed2,D:\Running_Place\PostGraduateProjects\Experiments\PostGraduate\backbones\Prompts\SpaceFrequencyModulation\Seg-SADG\BaryRadGateFixedSpatial\a0p08\rho0p5\gb8\sadg0p05\shot5\Seed2
Seg-SADG,Seg-SADG,Seg-SADG,LF-Barycenter-RadialGate-FixedSpatialMask,fixed,cosine,fixed,radial,8,1.0,0.43636566400527954,0.49465397000312805,0.4696621894836426,0.43636566|0.49465397|0.48148075|0.4715285|0.47771442|0.46909949|0.4609797|0.46547484,15.0,0.0,1.0,0.8631009459495544,0.10580847412347794,0.08,0.5,0.05,0.05,0.5,0.0001,0.001,0.001,0.0,0.0,1e-06,15.0,5.0,40.0,0.02,0.98,0.001,0.001,0.0001,0.01,0.001,0.5,style_rho0p5,sadg_rho0p05,9,9,19,19,new_training,5,2,138,0.05626953872186797,0.056039152933018546,0.004583886974225087,1.1915304623601384e-06,1.1915304623601384e-06,0.0011698200833052397,0.000567926567912634,0.0005066218228811133,0.0,0.0,0.0,0.0,0.0,0.0,0.0,0.0,0.0,0.0,0.0,0.0,0.04667705989309719,0.14659301404442107,0.05000000000000001,14,23|31|224|171|180,56,all_filtered,9,True,D:\Running_Place\PostGraduateProjects\Experiments\PostGraduate\backbones\SpaceFrequencyModulation\Seg-SADG\BaryRadGateFixedSpatial\a0p08\rho0p5\gb8\sadg0p05\shot5\Seed2,D:\Running_Place\PostGraduateProjects\Experiments\PostGraduate\backbones\Prompts\SpaceFrequencyModulation\Seg-SADG\BaryRadGateFixedSpatial\a0p08\rho0p5\gb8\sadg0p05\shot5\Seed2
Seg-SADG,Seg-SADG,Seg-SADG,LF-Barycenter-RadialGate-FixedSpatialMask,fixed,cosine,fixed,radial,8,1.0,0.43651390075683594,0.4944092333316803,0.4695263206958771,0.4365139|0.49440923|0.48139697|0.47135353|0.47745758|0.46924755|0.46079364|0.46503818,15.0,0.0,1.0,0.8631009459495544,0.10580847412347794,0.08,0.5,0.05,0.05,0.5,0.0001,0.001,0.001,0.0,0.0,1e-06,15.0,5.0,40.0,0.02,0.98,0.001,0.001,0.0001,0.01,0.001,0.5,style_rho0p5,sadg_rho0p05,9,9,19,19,new_training,5,2,139,0.053767934175474305,0.05353909863957337,0.004553629734021213,1.1534169662549435e-06,1.1534169662549435e-06,0.0011768124947723532,0.0005473518810634102,0.0004883837911100792,0.0,0.0,0.0,0.0,0.0,0.0,0.0,0.0,0.0,0.0,0.0,0.0,0.045452549521412165,0.12869427832109587,0.05000000000000001,14,23|31|224|171|180,56,all_filtered,9,True,D:\Running_Place\PostGraduateProjects\Experiments\PostGraduate\backbones\SpaceFrequencyModulation\Seg-SADG\BaryRadGateFixedSpatial\a0p08\rho0p5\gb8\sadg0p05\shot5\Seed2,D:\Running_Place\PostGraduateProjects\Experiments\PostGraduate\backbones\Prompts\SpaceFrequencyModulation\Seg-SADG\BaryRadGateFixedSpatial\a0p08\rho0p5\gb8\sadg0p05\shot5\Seed2
Seg-SADG,Seg-SADG,Seg-SADG,LF-Barycenter-RadialGate-FixedSpatialMask,fixed,cosine,fixed,radial,8,1.0,0.4365336000919342,0.49406924843788147,0.46953973174095154,0.4365336|0.49406925|0.48182338|0.47129703|0.47736341|0.46952915|0.46073836|0.4649637,15.0,0.0,1.0,0.8631009459495544,0.10580847412347794,0.08,0.5,0.05,0.05,0.5,0.0001,0.001,0.001,0.0,0.0,1e-06,15.0,5.0,40.0,0.02,0.98,0.001,0.001,0.0001,0.01,0.001,0.5,style_rho0p5,sadg_rho0p05,9,9,19,19,new_training,5,2,140,0.05035719222256115,0.050145349598356655,0.004213948800627675,1.144900482229007e-06,1.144900482229007e-06,0.0011812601338273712,0.0005423081747721881,0.00048446627001145056,0.0,0.0,0.0,0.0,0.0,0.0,0.0,0.0,0.0,0.0,0.0,0.0,0.04256871236222131,0.11953910706298691,0.05000000000000001,14,23|31|224|171|180,56,all_filtered,9,True,D:\Running_Place\PostGraduateProjects\Experiments\PostGraduate\backbones\SpaceFrequencyModulation\Seg-SADG\BaryRadGateFixedSpatial\a0p08\rho0p5\gb8\sadg0p05\shot5\Seed2,D:\Running_Place\PostGraduateProjects\Experiments\PostGraduate\backbones\Prompts\SpaceFrequencyModulation\Seg-SADG\BaryRadGateFixedSpatial\a0p08\rho0p5\gb8\sadg0p05\shot5\Seed2
Seg-SADG,Seg-SADG,Seg-SADG,LF-Barycenter-RadialGate-FixedSpatialMask,fixed,cosine,fixed,radial,8,1.0,0.4366874694824219,0.49417367577552795,0.46957165002822876,0.43668747|0.49417368|0.48193595|0.47143373|0.47722796|0.4698078|0.46065181|0.46465489,15.0,0.0,1.0,0.8631009459495544,0.10580847412347794,0.08,0.5,0.05,0.05,0.5,0.0001,0.001,0.001,0.0,0.0,1e-06,15.0,5.0,40.0,0.02,0.98,0.001,0.001,0.0001,0.01,0.001,0.5,style_rho0p5,sadg_rho0p05,9,9,19,19,new_training,5,2,141,0.048388276515262466,0.04819670053465026,0.003808791216995035,1.1360258440618054e-06,1.1360258440618054e-06,0.0011772815570501344,0.0005377500617344465,0.0004805476013903639,0.0,0.0,0.0,0.0,0.0,0.0,0.0,0.0,0.0,0.0,0.0,0.0,0.04105100567851748,0.11080881527491979,0.05000000000000001,14,23|31|224|171|180,56,all_filtered,9,True,D:\Running_Place\PostGraduateProjects\Experiments\PostGraduate\backbones\SpaceFrequencyModulation\Seg-SADG\BaryRadGateFixedSpatial\a0p08\rho0p5\gb8\sadg0p05\shot5\Seed2,D:\Running_Place\PostGraduateProjects\Experiments\PostGraduate\backbones\Prompts\SpaceFrequencyModulation\Seg-SADG\BaryRadGateFixedSpatial\a0p08\rho0p5\gb8\sadg0p05\shot5\Seed2
Seg-SADG,Seg-SADG,Seg-SADG,LF-Barycenter-RadialGate-FixedSpatialMask,fixed,cosine,fixed,radial,8,1.0,0.43669813871383667,0.4936790466308594,0.46944504976272583,0.43669814|0.49367905|0.48222318|0.47132736|0.47688541|0.47005215|0.46044546|0.4642494,15.0,0.0,1.0,0.8631009459495544,0.10580847412347794,0.08,0.5,0.05,0.05,0.5,0.0001,0.001,0.001,0.0,0.0,1e-06,15.0,5.0,40.0,0.02,0.98,0.001,0.001,0.0001,0.01,0.001,0.5,style_rho0p5,sadg_rho0p05,9,9,19,19,new_training,5,2,142,0.047052291088870594,0.04685688444546291,0.0038856374033327612,1.1245639046007585e-06,1.1245639046007585e-06,0.0011804801179096103,0.00053139341512828,0.00047512242495681027,0.0,0.0,0.0,0.0,0.0,0.0,0.0,0.0,0.0,0.0,0.0,0.0,0.039739481040409634,0.10735150160534042,0.05000000000000001,14,23|31|224|171|180,56,all_filtered,9,True,D:\Running_Place\PostGraduateProjects\Experiments\PostGraduate\backbones\SpaceFrequencyModulation\Seg-SADG\BaryRadGateFixedSpatial\a0p08\rho0p5\gb8\sadg0p05\shot5\Seed2,D:\Running_Place\PostGraduateProjects\Experiments\PostGraduate\backbones\Prompts\SpaceFrequencyModulation\Seg-SADG\BaryRadGateFixedSpatial\a0p08\rho0p5\gb8\sadg0p05\shot5\Seed2
Seg-SADG,Seg-SADG,Seg-SADG,LF-Barycenter-RadialGate-FixedSpatialMask,fixed,cosine,fixed,radial,8,1.0,0.43743768334388733,0.4936145544052124,0.4696309566497803,0.43743768|0.49361455|0.48223135|0.47138119|0.47664678|0.4701834|0.46109554|0.4644573,15.0,0.0,1.0,0.8631009459495544,0.10580847412347794,0.08,0.5,0.05,0.05,0.5,0.0001,0.001,0.001,0.0,0.0,1e-06,15.0,5.0,40.0,0.02,0.98,0.001,0.001,0.0001,0.01,0.001,0.5,style_rho0p5,sadg_rho0p05,9,9,19,19,new_training,5,2,143,0.04538626782596111,0.04519447764115674,0.003813868637994996,1.0973514658222224e-06,1.0973514658222224e-06,0.0011726372592550302,0.0005170972934657973,0.0004629904142348096,0.0,0.0,0.0,0.0,0.0,0.0,0.0,0.0,0.0,0.0,0.0,0.0,0.038621979632547924,0.09991433684315,0.05000000000000001,14,23|31|224|171|180,56,all_filtered,9,True,D:\Running_Place\PostGraduateProjects\Experiments\PostGraduate\backbones\SpaceFrequencyModulation\Seg-SADG\BaryRadGateFixedSpatial\a0p08\rho0p5\gb8\sadg0p05\shot5\Seed2,D:\Running_Place\PostGraduateProjects\Experiments\PostGraduate\backbones\Prompts\SpaceFrequencyModulation\Seg-SADG\BaryRadGateFixedSpatial\a0p08\rho0p5\gb8\sadg0p05\shot5\Seed2
Seg-SADG,Seg-SADG,Seg-SADG,LF-Barycenter-RadialGate-FixedSpatialMask,fixed,cosine,fixed,radial,8,1.0,0.43747803568840027,0.493396520614624,0.4694907069206238,0.43747804|0.49339652|0.48236793|0.47132865|0.47612801|0.46974793|0.46094617|0.4645322,15.0,0.0,1.0,0.8631009459495544,0.10580847412347794,0.08,0.5,0.05,0.05,0.5,0.0001,0.001,0.001,0.0,0.0,1e-06,15.0,5.0,40.0,0.02,0.98,0.001,0.001,0.0001,0.01,0.001,0.5,style_rho0p5,sadg_rho0p05,9,9,19,19,new_training,5,2,144,0.046133705015693395,0.04595946094819477,0.0034632808695148143,1.0801819679987342e-06,1.0801819679987342e-06,0.001165262548186417,0.0005082041731969054,0.0004554514785663092,0.0,0.0,0.0,0.0,0.0,0.0,0.0,0.0,0.0,0.0,0.0,0.0,0.038266154272215705,0.11399956047534943,0.05000000000000001,14,23|31|224|171|180,56,all_filtered,9,True,D:\Running_Place\PostGraduateProjects\Experiments\PostGraduate\backbones\SpaceFrequencyModulation\Seg-SADG\BaryRadGateFixedSpatial\a0p08\rho0p5\gb8\sadg0p05\shot5\Seed2,D:\Running_Place\PostGraduateProjects\Experiments\PostGraduate\backbones\Prompts\SpaceFrequencyModulation\Seg-SADG\BaryRadGateFixedSpatial\a0p08\rho0p5\gb8\sadg0p05\shot5\Seed2
Seg-SADG,Seg-SADG,Seg-SADG,LF-Barycenter-RadialGate-FixedSpatialMask,fixed,cosine,fixed,radial,8,1.0,0.4378204345703125,0.49345123767852783,0.46940290927886963,0.43782043|0.49345124|0.48226035|0.47124982|0.47603691|0.46951938|0.46078619|0.46409911,15.0,0.0,1.0,0.8631009459495544,0.10580847412347794,0.08,0.5,0.05,0.05,0.5,0.0001,0.001,0.001,0.0,0.0,1e-06,15.0,5.0,40.0,0.02,0.98,0.001,0.001,0.0001,0.01,0.001,0.5,style_rho0p5,sadg_rho0p05,9,9,19,19,new_training,5,2,145,0.045320795848965645,0.045134482106992176,0.003704957414551505,1.0653556127441073e-06,1.0653556127441073e-06,0.0011699825824637497,0.0004998301155865192,0.00044852719916629473,0.0,0.0,0.0,0.0,0.0,0.0,0.0,0.0,0.0,0.0,0.0,0.0,0.03758352356297629,0.11119074959840093,0.05000000000000001,14,23|31|224|171|180,56,all_filtered,9,True,D:\Running_Place\PostGraduateProjects\Experiments\PostGraduate\backbones\SpaceFrequencyModulation\Seg-SADG\BaryRadGateFixedSpatial\a0p08\rho0p5\gb8\sadg0p05\shot5\Seed2,D:\Running_Place\PostGraduateProjects\Experiments\PostGraduate\backbones\Prompts\SpaceFrequencyModulation\Seg-SADG\BaryRadGateFixedSpatial\a0p08\rho0p5\gb8\sadg0p05\shot5\Seed2
Seg-SADG,Seg-SADG,Seg-SADG,LF-Barycenter-RadialGate-FixedSpatialMask,fixed,cosine,fixed,radial,8,1.0,0.43794432282447815,0.4935171902179718,0.46942639350891113,0.43794432|0.49351719|0.4823117|0.47119382|0.47622153|0.46974435|0.46068147|0.46379679,15.0,0.0,1.0,0.8631009459495544,0.10580847412347794,0.08,0.5,0.05,0.05,0.5,0.0001,0.001,0.001,0.0,0.0,1e-06,15.0,5.0,40.0,0.02,0.98,0.001,0.001,0.0001,0.01,0.001,0.5,style_rho0p5,sadg_rho0p05,9,9,19,19,new_training,5,2,146,0.04553646647504398,0.04535525185721261,0.003603001940064132,1.063893908589567e-06,1.063893908589567e-06,0.0011724852291601045,0.0004998297663405538,0.0004468155571625435,0.0,0.0,0.0,0.0,0.0,0.0,0.0,0.0,0.0,0.0,0.0,0.0,0.03802711862538542,0.10955974512866565,0.05000000000000001,14,23|31|224|171|180,56,all_filtered,9,True,D:\Running_Place\PostGraduateProjects\Experiments\PostGraduate\backbones\SpaceFrequencyModulation\Seg-SADG\BaryRadGateFixedSpatial\a0p08\rho0p5\gb8\sadg0p05\shot5\Seed2,D:\Running_Place\PostGraduateProjects\Experiments\PostGraduate\backbones\Prompts\SpaceFrequencyModulation\Seg-SADG\BaryRadGateFixedSpatial\a0p08\rho0p5\gb8\sadg0p05\shot5\Seed2
Seg-SADG,Seg-SADG,Seg-SADG,LF-Barycenter-RadialGate-FixedSpatialMask,fixed,cosine,fixed,radial,8,1.0,0.4381578862667084,0.49334716796875,0.4694907069206238,0.43815789|0.49334717|0.48247623|0.47125962|0.47607607|0.46944529|0.46074563|0.46441776,15.0,0.0,1.0,0.8631009459495544,0.10580847412347794,0.08,0.5,0.05,0.05,0.5,0.0001,0.001,0.001,0.0,0.0,1e-06,15.0,5.0,40.0,0.02,0.98,0.001,0.001,0.0001,0.01,0.001,0.5,style_rho0p5,sadg_rho0p05,9,9,19,19,new_training,5,2,147,0.04550895068262305,0.0453273704541581,0.0036104925010087235,1.0547705236214305e-06,1.0547705236214305e-06,0.001167104978646551,0.0004952458756244076,0.0004428141172476379,0.0,0.0,0.0,0.0,0.0,0.0,0.0,0.0,0.0,0.0,0.0,0.0,0.03811175243130752,0.10920922617827143,0.05000000000000001,14,23|31|224|171|180,56,all_filtered,9,True,D:\Running_Place\PostGraduateProjects\Experiments\PostGraduate\backbones\SpaceFrequencyModulation\Seg-SADG\BaryRadGateFixedSpatial\a0p08\rho0p5\gb8\sadg0p05\shot5\Seed2,D:\Running_Place\PostGraduateProjects\Experiments\PostGraduate\backbones\Prompts\SpaceFrequencyModulation\Seg-SADG\BaryRadGateFixedSpatial\a0p08\rho0p5\gb8\sadg0p05\shot5\Seed2
Seg-SADG,Seg-SADG,Seg-SADG,LF-Barycenter-RadialGate-FixedSpatialMask,fixed,cosine,fixed,radial,8,1.0,0.43825533986091614,0.4931464195251465,0.46961501240730286,0.43825534|0.49314642|0.48271978|0.47129309|0.47648683|0.46907216|0.46121329|0.46473315,15.0,0.0,1.0,0.8631009459495544,0.10580847412347794,0.08,0.5,0.05,0.05,0.5,0.0001,0.001,0.001,0.0,0.0,1e-06,15.0,5.0,40.0,0.02,0.98,0.001,0.001,0.0001,0.01,0.001,0.5,style_rho0p5,sadg_rho0p05,9,9,19,19,new_training,5,2,148,0.045676574643169134,0.04548909515142441,0.003728678366834564,1.0456571106130598e-06,1.0456571106130598e-06,0.00116189440346456,0.0004904195998928376,0.00043904802961541075,0.0,0.0,0.0,0.0,0.0,0.0,0.0,0.0,0.0,0.0,0.0,0.0,0.037587105695690425,0.12061705653156553,0.05000000000000001,14,23|31|224|171|180,56,all_filtered,9,True,D:\Running_Place\PostGraduateProjects\Experiments\PostGraduate\backbones\SpaceFrequencyModulation\Seg-SADG\BaryRadGateFixedSpatial\a0p08\rho0p5\gb8\sadg0p05\shot5\Seed2,D:\Running_Place\PostGraduateProjects\Experiments\PostGraduate\backbones\Prompts\SpaceFrequencyModulation\Seg-SADG\BaryRadGateFixedSpatial\a0p08\rho0p5\gb8\sadg0p05\shot5\Seed2
Seg-SADG,Seg-SADG,Seg-SADG,LF-Barycenter-RadialGate-FixedSpatialMask,fixed,cosine,fixed,radial,8,1.0,0.43857109546661377,0.49292120337486267,0.46966108679771423,0.4385711|0.4929212|0.48276192|0.47141069|0.47677392|0.46879372|0.4614149|0.46464124,15.0,0.0,1.0,0.8631009459495544,0.10580847412347794,0.08,0.5,0.05,0.05,0.5,0.0001,0.001,0.001,0.0,0.0,1e-06,15.0,5.0,40.0,0.02,0.98,0.001,0.001,0.0001,0.01,0.001,0.5,style_rho0p5,sadg_rho0p05,9,9,19,19,new_training,5,2,149,0.04700684440987451,0.04683291858860424,0.0034579848205404623,1.0272425226633329e-06,1.0272425226633329e-06,0.0011523501265660993,0.00048114901957368214,0.00043085845287090966,0.0,0.0,0.0,0.0,0.0,0.0,0.0,0.0,0.0,0.0,0.0,0.0,0.03872994599597795,0.12465611472725868,0.05000000000000001,14,23|31|224|171|180,56,all_filtered,9,True,D:\Running_Place\PostGraduateProjects\Experiments\PostGraduate\backbones\SpaceFrequencyModulation\Seg-SADG\BaryRadGateFixedSpatial\a0p08\rho0p5\gb8\sadg0p05\shot5\Seed2,D:\Running_Place\PostGraduateProjects\Experiments\PostGraduate\backbones\Prompts\SpaceFrequencyModulation\Seg-SADG\BaryRadGateFixedSpatial\a0p08\rho0p5\gb8\sadg0p05\shot5\Seed2
Seg-SADG,Seg-SADG,Seg-SADG,LF-Barycenter-RadialGate-FixedSpatialMask,fixed,cosine,fixed,radial,8,1.0,0.43863609433174133,0.49293291568756104,0.46966445446014404,0.43863609|0.49293292|0.48286256|0.47130316|0.47653601|0.46869373|0.46183848|0.46451285,15.0,0.0,1.0,0.8631009459495544,0.10580847412347794,0.08,0.5,0.05,0.05,0.5,0.0001,0.001,0.001,0.0,0.0,1e-06,15.0,5.0,40.0,0.02,0.98,0.001,0.001,0.0001,0.01,0.001,0.5,style_rho0p5,sadg_rho0p05,9,9,19,19,new_training,5,2,150,0.045627607564841,0.04545030450182302,0.0035257402674428056,1.0162561920878943e-06,1.0162561920878943e-06,0.0011457875121517905,0.0004755430272780359,0.0004261343606880733,0.0,0.0,0.0,0.0,0.0,0.0,0.0,0.0,0.0,0.0,0.0,0.0,0.037973753309675624,0.11701001226902008,0.05000000000000001,14,23|31|224|171|180,56,all_filtered,9,True,D:\Running_Place\PostGraduateProjects\Experiments\PostGraduate\backbones\SpaceFrequencyModulation\Seg-SADG\BaryRadGateFixedSpatial\a0p08\rho0p5\gb8\sadg0p05\shot5\Seed2,D:\Running_Place\PostGraduateProjects\Experiments\PostGraduate\backbones\Prompts\SpaceFrequencyModulation\Seg-SADG\BaryRadGateFixedSpatial\a0p08\rho0p5\gb8\sadg0p05\shot5\Seed2
Seg-SADG,Seg-SADG,Seg-SADG,LF-Barycenter-RadialGate-FixedSpatialMask,fixed,cosine,fixed,radial,8,1.0,0.43853434920310974,0.49278199672698975,0.4696599245071411,0.43853435|0.492782|0.48300597|0.47148964|0.47683266|0.46859249|0.46168172|0.46436054,15.0,0.0,1.0,0.8631009459495544,0.10580847412347794,0.08,0.5,0.05,0.05,0.5,0.0001,0.001,0.001,0.0,0.0,1e-06,15.0,5.0,40.0,0.02,0.98,0.001,0.001,0.0001,0.01,0.001,0.5,style_rho0p5,sadg_rho0p05,9,9,19,19,new_training,5,2,151,0.04425301269761154,0.0440725673522268,0.003588556162347751,1.0174871200823482e-06,1.0174871200823482e-06,0.001148462453524449,0.0004758622755096959,0.0004267785594233179,0.0,0.0,0.0,0.0,0.0,0.0,0.0,0.0,0.0,0.0,0.0,0.0,0.03687730910522597,0.10874475006546293,0.05000000000000001,14,23|31|224|171|180,56,all_filtered,9,True,D:\Running_Place\PostGraduateProjects\Experiments\PostGraduate\backbones\SpaceFrequencyModulation\Seg-SADG\BaryRadGateFixedSpatial\a0p08\rho0p5\gb8\sadg0p05\shot5\Seed2,D:\Running_Place\PostGraduateProjects\Experiments\PostGraduate\backbones\Prompts\SpaceFrequencyModulation\Seg-SADG\BaryRadGateFixedSpatial\a0p08\rho0p5\gb8\sadg0p05\shot5\Seed2
Seg-SADG,Seg-SADG,Seg-SADG,LF-Barycenter-RadialGate-FixedSpatialMask,fixed,cosine,fixed,radial,8,1.0,0.4388042092323303,0.4925791323184967,0.4696297347545624,0.43880421|0.49257913|0.48295569|0.47161132|0.47721601|0.46844774|0.46124715|0.46417657,15.0,0.0,1.0,0.8631009459495544,0.10580847412347794,0.08,0.5,0.05,0.05,0.5,0.0001,0.001,0.001,0.0,0.0,1e-06,15.0,5.0,40.0,0.02,0.98,0.001,0.001,0.0001,0.01,0.001,0.5,style_rho0p5,sadg_rho0p05,9,9,19,19,new_training,5,2,152,0.042267111263104847,0.04209690195109163,0.0033839927886479665,1.009506645134804e-06,1.009506645134804e-06,0.001149648235046438,0.0004720767153360482,0.0004224650827901704,0.0,0.0,0.0,0.0,0.0,0.0,0.0,0.0,0.0,0.0,0.0,0.0,0.03556961779083524,0.09696383135659355,0.05000000000000001,14,23|31|224|171|180,56,all_filtered,9,True,D:\Running_Place\PostGraduateProjects\Experiments\PostGraduate\backbones\SpaceFrequencyModulation\Seg-SADG\BaryRadGateFixedSpatial\a0p08\rho0p5\gb8\sadg0p05\shot5\Seed2,D:\Running_Place\PostGraduateProjects\Experiments\PostGraduate\backbones\Prompts\SpaceFrequencyModulation\Seg-SADG\BaryRadGateFixedSpatial\a0p08\rho0p5\gb8\sadg0p05\shot5\Seed2
Seg-SADG,Seg-SADG,Seg-SADG,LF-Barycenter-RadialGate-FixedSpatialMask,fixed,cosine,fixed,radial,8,1.0,0.4390038251876831,0.491983026266098,0.4697800874710083,0.43900383|0.49198303|0.4831908|0.47176206|0.47717747|0.46861553|0.46148148|0.46502632,15.0,0.0,1.0,0.8631009459495544,0.10580847412347794,0.08,0.5,0.05,0.05,0.5,0.0001,0.001,0.001,0.0,0.0,1e-06,15.0,5.0,40.0,0.02,0.98,0.001,0.001,0.0001,0.01,0.001,0.5,style_rho0p5,sadg_rho0p05,9,9,19,19,new_training,5,2,153,0.04320828164262431,0.043029322155884335,0.0035593544099746005,9.915657009124906e-07,9.915657009124906e-07,0.0011431995746014373,0.00046323417128795493,0.00041401154053996185,0.0,0.0,0.0,0.0,0.0,0.0,0.0,0.0,0.0,0.0,0.0,0.0,0.03600340363170419,0.10626785084605217,0.05000000000000001,14,23|31|224|171|180,56,all_filtered,9,True,D:\Running_Place\PostGraduateProjects\Experiments\PostGraduate\backbones\SpaceFrequencyModulation\Seg-SADG\BaryRadGateFixedSpatial\a0p08\rho0p5\gb8\sadg0p05\shot5\Seed2,D:\Running_Place\PostGraduateProjects\Experiments\PostGraduate\backbones\Prompts\SpaceFrequencyModulation\Seg-SADG\BaryRadGateFixedSpatial\a0p08\rho0p5\gb8\sadg0p05\shot5\Seed2
Seg-SADG,Seg-SADG,Seg-SADG,LF-Barycenter-RadialGate-FixedSpatialMask,fixed,cosine,fixed,radial,8,1.0,0.4394387900829315,0.491587370634079,0.46984267234802246,0.43943879|0.49158737|0.48364139|0.47200048|0.47695792|0.46857649|0.46185592|0.46468306,15.0,0.0,1.0,0.8631009459495544,0.10580847412347794,0.08,0.5,0.05,0.05,0.5,0.0001,0.001,0.001,0.0,0.0,1e-06,15.0,5.0,40.0,0.02,0.98,0.001,0.001,0.0001,0.01,0.001,0.5,style_rho0p5,sadg_rho0p05,9,9,19,19,new_training,5,2,154,0.041772800630756786,0.04161686742944377,0.003099497640505433,9.580387947088248e-07,9.580387947088248e-07,0.0011294168403505214,0.0004453825718623453,0.00039971449794912975,0.0,0.0,0.0,0.0,0.0,0.0,0.0,0.0,0.0,0.0,0.0,0.0,0.035083433613181114,0.10049489246947425,0.05000000000000001,14,23|31|224|171|180,56,all_filtered,9,True,D:\Running_Place\PostGraduateProjects\Experiments\PostGraduate\backbones\SpaceFrequencyModulation\Seg-SADG\BaryRadGateFixedSpatial\a0p08\rho0p5\gb8\sadg0p05\shot5\Seed2,D:\Running_Place\PostGraduateProjects\Experiments\PostGraduate\backbones\Prompts\SpaceFrequencyModulation\Seg-SADG\BaryRadGateFixedSpatial\a0p08\rho0p5\gb8\sadg0p05\shot5\Seed2
Seg-SADG,Seg-SADG,Seg-SADG,LF-Barycenter-RadialGate-FixedSpatialMask,fixed,cosine,fixed,radial,8,1.0,0.43950238823890686,0.4916660189628601,0.4699501097202301,0.43950239|0.49166602|0.48409715|0.47201172|0.47714347|0.46856633|0.46217328|0.46444044,15.0,0.0,1.0,0.8631009459495544,0.10580847412347794,0.08,0.5,0.05,0.05,0.5,0.0001,0.001,0.001,0.0,0.0,1e-06,15.0,5.0,40.0,0.02,0.98,0.001,0.001,0.0001,0.01,0.001,0.5,style_rho0p5,sadg_rho0p05,9,9,19,19,new_training,5,2,155,0.04182142684502261,0.04166234550731523,0.0031627779826521873,9.430584668734809e-07,9.430584668734809e-07,0.0011224875592493585,0.0004379397474362382,0.00039286993186189126,0.0,0.0,0.0,0.0,0.0,0.0,0.0,0.0,0.0,0.0,0.0,0.0,0.03499136905052832,0.10189261766416687,0.05000000000000001,14,23|31|224|171|180,56,all_filtered,9,True,D:\Running_Place\PostGraduateProjects\Experiments\PostGraduate\backbones\SpaceFrequencyModulation\Seg-SADG\BaryRadGateFixedSpatial\a0p08\rho0p5\gb8\sadg0p05\shot5\Seed2,D:\Running_Place\PostGraduateProjects\Experiments\PostGraduate\backbones\Prompts\SpaceFrequencyModulation\Seg-SADG\BaryRadGateFixedSpatial\a0p08\rho0p5\gb8\sadg0p05\shot5\Seed2
Seg-SADG,Seg-SADG,Seg-SADG,LF-Barycenter-RadialGate-FixedSpatialMask,fixed,cosine,fixed,radial,8,1.0,0.43974047899246216,0.49161651730537415,0.4699171781539917,0.43974048|0.49161652|0.48432809|0.47199321|0.4771094|0.46812943|0.46214214|0.46427813,15.0,0.0,1.0,0.8631009459495544,0.10580847412347794,0.08,0.5,0.05,0.05,0.5,0.0001,0.001,0.001,0.0,0.0,1e-06,15.0,5.0,40.0,0.02,0.98,0.001,0.001,0.0001,0.01,0.001,0.5,style_rho0p5,sadg_rho0p05,9,9,19,19,new_training,5,2,156,0.041319382776107104,0.04115366722856249,0.00329542624032391,9.433216559630507e-07,9.433216559630507e-07,0.0011219190782867372,0.0004386304665656228,0.0003924992384522089,0.0,0.0,0.0,0.0,0.0,0.0,0.0,0.0,0.0,0.0,0.0,0.0,0.03442076500505209,0.09968292127762522,0.05000000000000001,14,23|31|224|171|180,56,all_filtered,9,True,D:\Running_Place\PostGraduateProjects\Experiments\PostGraduate\backbones\SpaceFrequencyModulation\Seg-SADG\BaryRadGateFixedSpatial\a0p08\rho0p5\gb8\sadg0p05\shot5\Seed2,D:\Running_Place\PostGraduateProjects\Experiments\PostGraduate\backbones\Prompts\SpaceFrequencyModulation\Seg-SADG\BaryRadGateFixedSpatial\a0p08\rho0p5\gb8\sadg0p05\shot5\Seed2
Seg-SADG,Seg-SADG,Seg-SADG,LF-Barycenter-RadialGate-FixedSpatialMask,fixed,cosine,fixed,radial,8,1.0,0.4402477741241455,0.4914760887622833,0.4698784351348877,0.44024777|0.49147609|0.48459378|0.47205323|0.47667485|0.46812814|0.46223491|0.46361884,15.0,0.0,1.0,0.8631009459495544,0.10580847412347794,0.08,0.5,0.05,0.05,0.5,0.0001,0.001,0.001,0.0,0.0,1e-06,15.0,5.0,40.0,0.02,0.98,0.001,0.001,0.0001,0.01,0.001,0.5,style_rho0p5,sadg_rho0p05,9,9,19,19,new_training,5,2,157,0.041033457698566575,0.0408704581537417,0.0032415142715243356,9.238189753497344e-07,9.238189753497344e-07,0.0011209635662713221,0.00042841862679259587,0.00038330394766359987,0.0,0.0,0.0,0.0,0.0,0.0,0.0,0.0,0.0,0.0,0.0,0.0,0.03422180523297617,0.1016863462116037,0.05000000000000001,14,23|31|224|171|180,56,all_filtered,9,True,D:\Running_Place\PostGraduateProjects\Experiments\PostGraduate\backbones\SpaceFrequencyModulation\Seg-SADG\BaryRadGateFixedSpatial\a0p08\rho0p5\gb8\sadg0p05\shot5\Seed2,D:\Running_Place\PostGraduateProjects\Experiments\PostGraduate\backbones\Prompts\SpaceFrequencyModulation\Seg-SADG\BaryRadGateFixedSpatial\a0p08\rho0p5\gb8\sadg0p05\shot5\Seed2
Seg-SADG,Seg-SADG,Seg-SADG,LF-Barycenter-RadialGate-FixedSpatialMask,fixed,cosine,fixed,radial,8,1.0,0.44028234481811523,0.4909922182559967,0.46979832649230957,0.44028234|0.49099222|0.48506168|0.4720889|0.4763484|0.46764472|0.46215048|0.46381795,15.0,0.0,1.0,0.8631009459495544,0.10580847412347794,0.08,0.5,0.05,0.05,0.5,0.0001,0.001,0.001,0.0,0.0,1e-06,15.0,5.0,40.0,0.02,0.98,0.001,0.001,0.0001,0.01,0.001,0.5,style_rho0p5,sadg_rho0p05,9,9,19,19,new_training,5,2,158,0.0408357921987772,0.04068334959447384,0.003030762458885355,9.046183525437559e-07,9.046183525437559e-07,0.0011225938298074262,0.00041826452694035003,0.0003740944043134472,0.0,0.0,0.0,0.0,0.0,0.0,0.0,0.0,0.0,0.0,0.0,0.0,0.034056759040270536,0.10283067609582629,0.05000000000000001,14,23|31|224|171|180,56,all_filtered,9,True,D:\Running_Place\PostGraduateProjects\Experiments\PostGraduate\backbones\SpaceFrequencyModulation\Seg-SADG\BaryRadGateFixedSpatial\a0p08\rho0p5\gb8\sadg0p05\shot5\Seed2,D:\Running_Place\PostGraduateProjects\Experiments\PostGraduate\backbones\Prompts\SpaceFrequencyModulation\Seg-SADG\BaryRadGateFixedSpatial\a0p08\rho0p5\gb8\sadg0p05\shot5\Seed2
Seg-SADG,Seg-SADG,Seg-SADG,LF-Barycenter-RadialGate-FixedSpatialMask,fixed,cosine,fixed,radial,8,1.0,0.44038140773773193,0.49068140983581543,0.4697990417480469,0.44038141|0.49068141|0.48537591|0.47220209|0.47625613|0.46770871|0.46196282|0.46382391,15.0,0.0,1.0,0.8631009459495544,0.10580847412347794,0.08,0.5,0.05,0.05,0.5,0.0001,0.001,0.001,0.0,0.0,1e-06,15.0,5.0,40.0,0.02,0.98,0.001,0.001,0.0001,0.01,0.001,0.5,style_rho0p5,sadg_rho0p05,9,9,19,19,new_training,5,2,159,0.041274191811680794,0.04111611151269504,0.0031437796174681614,8.91189630790125e-07,8.91189630790125e-07,0.0011255673099575298,0.0004113552048303453,0.0003672776531727452,0.0,0.0,0.0,0.0,0.0,0.0,0.0,0.0,0.0,0.0,0.0,0.0,0.03404233418405056,0.10486113971897534,0.05000000000000001,14,23|31|224|171|180,56,all_filtered,9,True,D:\Running_Place\PostGraduateProjects\Experiments\PostGraduate\backbones\SpaceFrequencyModulation\Seg-SADG\BaryRadGateFixedSpatial\a0p08\rho0p5\gb8\sadg0p05\shot5\Seed2,D:\Running_Place\PostGraduateProjects\Experiments\PostGraduate\backbones\Prompts\SpaceFrequencyModulation\Seg-SADG\BaryRadGateFixedSpatial\a0p08\rho0p5\gb8\sadg0p05\shot5\Seed2
Seg-SADG,Seg-SADG,Seg-SADG,LF-Barycenter-RadialGate-FixedSpatialMask,fixed,cosine,fixed,radial,8,1.0,0.4408770799636841,0.4908581078052521,0.4699276387691498,0.44087708|0.49085811|0.48548108|0.47236514|0.47596818|0.46760014|0.46213779|0.4641335,15.0,0.0,1.0,0.8631009459495544,0.10580847412347794,0.08,0.5,0.05,0.05,0.5,0.0001,0.001,0.001,0.0,0.0,1e-06,15.0,5.0,40.0,0.02,0.98,0.001,0.001,0.0001,0.01,0.001,0.5,style_rho0p5,sadg_rho0p05,9,9,19,19,new_training,5,2,160,0.04071219292070184,0.0405656455882958,0.0029133979863088045,8.778368437236037e-07,8.778368437236037e-07,0.0011174706659013672,0.00040480237969729515,0.00036128735311129797,0.0,0.0,0.0,0.0,0.0,0.0,0.0,0.0,0.0,0.0,0.0,0.0,0.03360435978642532,0.10365063377789088,0.05000000000000001,14,23|31|224|171|180,56,all_filtered,9,True,D:\Running_Place\PostGraduateProjects\Experiments\PostGraduate\backbones\SpaceFrequencyModulation\Seg-SADG\BaryRadGateFixedSpatial\a0p08\rho0p5\gb8\sadg0p05\shot5\Seed2,D:\Running_Place\PostGraduateProjects\Experiments\PostGraduate\backbones\Prompts\SpaceFrequencyModulation\Seg-SADG\BaryRadGateFixedSpatial\a0p08\rho0p5\gb8\sadg0p05\shot5\Seed2
Seg-SADG,Seg-SADG,Seg-SADG,LF-Barycenter-RadialGate-FixedSpatialMask,fixed,cosine,fixed,radial,8,1.0,0.4411182403564453,0.49095532298088074,0.47000375390052795,0.44111824|0.49095532|0.48524269|0.472606|0.47589523|0.46767598|0.46229911|0.46423748,15.0,0.0,1.0,0.8631009459495544,0.10580847412347794,0.08,0.5,0.05,0.05,0.5,0.0001,0.001,0.001,0.0,0.0,1e-06,15.0,5.0,40.0,0.02,0.98,0.001,0.001,0.0001,0.01,0.001,0.5,style_rho0p5,sadg_rho0p05,9,9,19,19,new_training,5,2,161,0.039487860298582485,0.039334219481263845,0.0030553932800622924,8.710463207860033e-07,8.710463207860033e-07,0.0011101733627063887,0.0004010834070088874,0.00035894553418204723,0.0,0.0,0.0,0.0,0.0,0.0,0.0,0.0,0.0,0.0,0.0,0.0,0.03295693453401327,0.0965084678360394,0.05000000000000001,14,23|31|224|171|180,56,all_filtered,9,True,D:\Running_Place\PostGraduateProjects\Experiments\PostGraduate\backbones\SpaceFrequencyModulation\Seg-SADG\BaryRadGateFixedSpatial\a0p08\rho0p5\gb8\sadg0p05\shot5\Seed2,D:\Running_Place\PostGraduateProjects\Experiments\PostGraduate\backbones\Prompts\SpaceFrequencyModulation\Seg-SADG\BaryRadGateFixedSpatial\a0p08\rho0p5\gb8\sadg0p05\shot5\Seed2
Seg-SADG,Seg-SADG,Seg-SADG,LF-Barycenter-RadialGate-FixedSpatialMask,fixed,cosine,fixed,radial,8,1.0,0.4418336749076843,0.4906826317310333,0.47019970417022705,0.44183367|0.49068263|0.48531446|0.47258666|0.47609645|0.46808523|0.46248594|0.46451265,15.0,0.0,1.0,0.8631009459495544,0.10580847412347794,0.08,0.5,0.05,0.05,0.5,0.0001,0.001,0.001,0.0,0.0,1e-06,15.0,5.0,40.0,0.02,0.98,0.001,0.001,0.0001,0.01,0.001,0.5,style_rho0p5,sadg_rho0p05,9,9,19,19,new_training,5,2,162,0.03952094619827611,0.03936569286244256,0.003087990834111614,8.53485626553915e-07,8.53485626553915e-07,0.001098644545501364,0.00039234059347238926,0.00035128054566614864,0.0,0.0,0.0,0.0,0.0,0.0,0.0,0.0,0.0,0.0,0.0,0.0,0.03266906525407519,0.10013955778309278,0.05000000000000001,14,23|31|224|171|180,56,all_filtered,9,True,D:\Running_Place\PostGraduateProjects\Experiments\PostGraduate\backbones\SpaceFrequencyModulation\Seg-SADG\BaryRadGateFixedSpatial\a0p08\rho0p5\gb8\sadg0p05\shot5\Seed2,D:\Running_Place\PostGraduateProjects\Experiments\PostGraduate\backbones\Prompts\SpaceFrequencyModulation\Seg-SADG\BaryRadGateFixedSpatial\a0p08\rho0p5\gb8\sadg0p05\shot5\Seed2
Seg-SADG,Seg-SADG,Seg-SADG,LF-Barycenter-RadialGate-FixedSpatialMask,fixed,cosine,fixed,radial,8,1.0,0.4423304796218872,0.49034589529037476,0.4702250361442566,0.44233048|0.4903459|0.48519441|0.4728488|0.47596252|0.46815819|0.46227118|0.46468875,15.0,0.0,1.0,0.8631009459495544,0.10580847412347794,0.08,0.5,0.05,0.05,0.5,0.0001,0.001,0.001,0.0,0.0,1e-06,15.0,5.0,40.0,0.02,0.98,0.001,0.001,0.0001,0.01,0.001,0.5,style_rho0p5,sadg_rho0p05,9,9,19,19,new_training,5,2,163,0.03870534896850586,0.03856143036058971,0.0028619277623615096,8.225638420559076e-07,8.225638420559076e-07,0.001081087875978223,0.0003773094483351867,0.00033714557191290496,0.0,0.0,0.0,0.0,0.0,0.0,0.0,0.0,0.0,0.0,0.0,0.0,0.03242879839880126,0.09566870597856385,0.05000000000000001,14,23|31|224|171|180,56,all_filtered,9,True,D:\Running_Place\PostGraduateProjects\Experiments\PostGraduate\backbones\SpaceFrequencyModulation\Seg-SADG\BaryRadGateFixedSpatial\a0p08\rho0p5\gb8\sadg0p05\shot5\Seed2,D:\Running_Place\PostGraduateProjects\Experiments\PostGraduate\backbones\Prompts\SpaceFrequencyModulation\Seg-SADG\BaryRadGateFixedSpatial\a0p08\rho0p5\gb8\sadg0p05\shot5\Seed2
Seg-SADG,Seg-SADG,Seg-SADG,LF-Barycenter-RadialGate-FixedSpatialMask,fixed,cosine,fixed,radial,8,1.0,0.4425211548805237,0.4893375635147095,0.47007739543914795,0.44252115|0.48933756|0.48544905|0.47259125|0.47581521|0.46831474|0.46170291|0.46488732,15.0,0.0,1.0,0.8631009459495544,0.10580847412347794,0.08,0.5,0.05,0.05,0.5,0.0001,0.001,0.001,0.0,0.0,1e-06,15.0,5.0,40.0,0.02,0.98,0.001,0.001,0.0001,0.01,0.001,0.5,style_rho0p5,sadg_rho0p05,9,9,19,19,new_training,5,2,164,0.040536939831716676,0.040384573861956596,0.0030312931131837623,8.013875531430261e-07,8.013875531430261e-07,0.0010821405282643224,0.00036605018872900734,0.00032712328954533277,0.0,0.0,0.0,0.0,0.0,0.0,0.0,0.0,0.0,0.0,0.0,0.0,0.03288220840373209,0.10654221209032196,0.05000000000000001,14,23|31|224|171|180,56,all_filtered,9,True,D:\Running_Place\PostGraduateProjects\Experiments\PostGraduate\backbones\SpaceFrequencyModulation\Seg-SADG\BaryRadGateFixedSpatial\a0p08\rho0p5\gb8\sadg0p05\shot5\Seed2,D:\Running_Place\PostGraduateProjects\Experiments\PostGraduate\backbones\Prompts\SpaceFrequencyModulation\Seg-SADG\BaryRadGateFixedSpatial\a0p08\rho0p5\gb8\sadg0p05\shot5\Seed2
Seg-SADG,Seg-SADG,Seg-SADG,LF-Barycenter-RadialGate-FixedSpatialMask,fixed,cosine,fixed,radial,8,1.0,0.44321173429489136,0.488640159368515,0.47030335664749146,0.44321173|0.48864016|0.48565882|0.47231829|0.47674811|0.46876612|0.46141165|0.46567211,15.0,0.0,1.0,0.8631009459495544,0.10580847412347794,0.08,0.5,0.05,0.05,0.5,0.0001,0.001,0.001,0.0,0.0,1e-06,15.0,5.0,40.0,0.02,0.98,0.001,0.001,0.0001,0.01,0.001,0.5,style_rho0p5,sadg_rho0p05,9,9,19,19,new_training,5,2,165,0.040598396744046895,0.04044674017599651,0.0030178341548889875,7.650370881557527e-07,7.650370881557527e-07,0.0010762503536950266,0.0003495811210346541,0.0003078309029141175,0.0,0.0,0.0,0.0,0.0,0.0,0.0,0.0,0.0,0.0,0.0,0.0,0.03365107412849154,0.10751016704099518,0.05000000000000001,14,23|31|224|171|180,56,all_filtered,9,True,D:\Running_Place\PostGraduateProjects\Experiments\PostGraduate\backbones\SpaceFrequencyModulation\Seg-SADG\BaryRadGateFixedSpatial\a0p08\rho0p5\gb8\sadg0p05\shot5\Seed2,D:\Running_Place\PostGraduateProjects\Experiments\PostGraduate\backbones\Prompts\SpaceFrequencyModulation\Seg-SADG\BaryRadGateFixedSpatial\a0p08\rho0p5\gb8\sadg0p05\shot5\Seed2
Seg-SADG,Seg-SADG,Seg-SADG,LF-Barycenter-RadialGate-FixedSpatialMask,fixed,cosine,fixed,radial,8,1.0,0.4438284635543823,0.488659143447876,0.47038793563842773,0.44382846|0.48865914|0.4858256|0.47211191|0.47672567|0.46863973|0.46139324|0.46591958,15.0,0.0,1.0,0.8631009459495544,0.10580847412347794,0.08,0.5,0.05,0.05,0.5,0.0001,0.001,0.001,0.0,0.0,1e-06,15.0,5.0,40.0,0.02,0.98,0.001,0.001,0.0001,0.01,0.001,0.5,style_rho0p5,sadg_rho0p05,9,9,19,19,new_training,5,2,166,0.040373150791440694,0.04022104239889553,0.0030273340442883117,7.419075700454414e-07,7.419075700454414e-07,0.0010575427856695438,0.00034010778264408667,0.0002960454793148009,0.0,0.0,0.0,0.0,0.0,0.0,0.0,0.0,0.0,0.0,0.0,0.0,0.03304776855345283,0.10810393254671778,0.05000000000000001,14,23|31|224|171|180,56,all_filtered,9,True,D:\Running_Place\PostGraduateProjects\Experiments\PostGraduate\backbones\SpaceFrequencyModulation\Seg-SADG\BaryRadGateFixedSpatial\a0p08\rho0p5\gb8\sadg0p05\shot5\Seed2,D:\Running_Place\PostGraduateProjects\Experiments\PostGraduate\backbones\Prompts\SpaceFrequencyModulation\Seg-SADG\BaryRadGateFixedSpatial\a0p08\rho0p5\gb8\sadg0p05\shot5\Seed2
Seg-SADG,Seg-SADG,Seg-SADG,LF-Barycenter-RadialGate-FixedSpatialMask,fixed,cosine,fixed,radial,8,1.0,0.44405850768089294,0.4883766174316406,0.47043097019195557,0.44405851|0.48837662|0.48611885|0.47205669|0.47705367|0.46885577|0.46129638|0.46563128,15.0,0.0,1.0,0.8631009459495544,0.10580847412347794,0.08,0.5,0.05,0.05,0.5,0.0001,0.001,0.001,0.0,0.0,1e-06,15.0,5.0,40.0,0.02,0.98,0.001,0.001,0.0001,0.01,0.001,0.5,style_rho0p5,sadg_rho0p05,9,9,19,19,new_training,5,2,167,0.03851217404007912,0.0383643385555063,0.002941991119379444,7.356501287501617e-07,7.356501287501617e-07,0.0010546368513522403,0.00033813105255831033,0.00029205536702647805,0.0,0.0,0.0,0.0,0.0,0.0,0.0,0.0,0.0,0.0,0.0,0.0,0.03223465170179095,0.09610111426029887,0.05000000000000001,14,23|31|224|171|180,56,all_filtered,9,True,D:\Running_Place\PostGraduateProjects\Experiments\PostGraduate\backbones\SpaceFrequencyModulation\Seg-SADG\BaryRadGateFixedSpatial\a0p08\rho0p5\gb8\sadg0p05\shot5\Seed2,D:\Running_Place\PostGraduateProjects\Experiments\PostGraduate\backbones\Prompts\SpaceFrequencyModulation\Seg-SADG\BaryRadGateFixedSpatial\a0p08\rho0p5\gb8\sadg0p05\shot5\Seed2
Seg-SADG,Seg-SADG,Seg-SADG,LF-Barycenter-RadialGate-FixedSpatialMask,fixed,cosine,fixed,radial,8,1.0,0.4442168176174164,0.48774346709251404,0.4704732894897461,0.44421682|0.48774347|0.48622745|0.47248849|0.47738233|0.46879786|0.4613871|0.46554279,15.0,0.0,1.0,0.8631009459495544,0.10580847412347794,0.08,0.5,0.05,0.05,0.5,0.0001,0.001,0.001,0.0,0.0,1e-06,15.0,5.0,40.0,0.02,0.98,0.001,0.001,0.0001,0.01,0.001,0.5,style_rho0p5,sadg_rho0p05,9,9,19,19,new_training,5,2,168,0.03984500973352364,0.0396917603377785,0.0030507034555609736,7.139815149262827e-07,7.139815149262827e-07,0.0010495057296273963,0.0003275861631014517,0.0002814447465685329,0.0,0.0,0.0,0.0,0.0,0.0,0.0,0.0,0.0,0.0,0.0,0.0,0.03235420651201691,0.10776820033788681,0.05000000000000001,14,23|31|224|171|180,56,all_filtered,9,True,D:\Running_Place\PostGraduateProjects\Experiments\PostGraduate\backbones\SpaceFrequencyModulation\Seg-SADG\BaryRadGateFixedSpatial\a0p08\rho0p5\gb8\sadg0p05\shot5\Seed2,D:\Running_Place\PostGraduateProjects\Experiments\PostGraduate\backbones\Prompts\SpaceFrequencyModulation\Seg-SADG\BaryRadGateFixedSpatial\a0p08\rho0p5\gb8\sadg0p05\shot5\Seed2
Seg-SADG,Seg-SADG,Seg-SADG,LF-Barycenter-RadialGate-FixedSpatialMask,fixed,cosine,fixed,radial,8,1.0,0.4446638226509094,0.4875493347644806,0.47056692838668823,0.44466382|0.48754933|0.48638859|0.47253534|0.47717994|0.46863323|0.46187755|0.46570748,15.0,0.0,1.0,0.8631009459495544,0.10580847412347794,0.08,0.5,0.05,0.05,0.5,0.0001,0.001,0.001,0.0,0.0,1e-06,15.0,5.0,40.0,0.02,0.98,0.001,0.001,0.0001,0.01,0.001,0.5,style_rho0p5,sadg_rho0p05,9,9,19,19,new_training,5,2,169,0.03921623740877424,0.03907169375036444,0.0028769904248682515,6.942095913992879e-07,6.942095913992879e-07,0.001040122247234519,0.000317700911961895,0.00027249642880633473,0.0,0.0,0.0,0.0,0.0,0.0,0.0,0.0,0.0,0.0,0.0,0.0,0.03221808932721615,0.10700818789856774,0.05000000000000001,14,23|31|224|171|180,56,all_filtered,9,True,D:\Running_Place\PostGraduateProjects\Experiments\PostGraduate\backbones\SpaceFrequencyModulation\Seg-SADG\BaryRadGateFixedSpatial\a0p08\rho0p5\gb8\sadg0p05\shot5\Seed2,D:\Running_Place\PostGraduateProjects\Experiments\PostGraduate\backbones\Prompts\SpaceFrequencyModulation\Seg-SADG\BaryRadGateFixedSpatial\a0p08\rho0p5\gb8\sadg0p05\shot5\Seed2
Seg-SADG,Seg-SADG,Seg-SADG,LF-Barycenter-RadialGate-FixedSpatialMask,fixed,cosine,fixed,radial,8,1.0,0.44503116607666016,0.4878939092159271,0.4706231951713562,0.44503117|0.48789391|0.48658824|0.47249404|0.47735292|0.46841979|0.46195263|0.46525279,15.0,0.0,1.0,0.8631009459495544,0.10580847412347794,0.08,0.5,0.05,0.05,0.5,0.0001,0.001,0.001,0.0,0.0,1e-06,15.0,5.0,40.0,0.02,0.98,0.001,0.001,0.0001,0.01,0.001,0.5,style_rho0p5,sadg_rho0p05,9,9,19,19,new_training,5,2,170,0.03704075728143964,0.03690619048263345,0.0026776925328054597,6.81875235386542e-07,6.81875235386542e-07,0.0010348590024347817,0.0003118211170658469,0.0002665681926633364,0.0,0.0,0.0,0.0,0.0,0.0,0.0,0.0,0.0,0.0,0.0,0.0,0.03105560370853969,0.09049368223973683,0.05000000000000001,14,23|31|224|171|180,56,all_filtered,9,True,D:\Running_Place\PostGraduateProjects\Experiments\PostGraduate\backbones\SpaceFrequencyModulation\Seg-SADG\BaryRadGateFixedSpatial\a0p08\rho0p5\gb8\sadg0p05\shot5\Seed2,D:\Running_Place\PostGraduateProjects\Experiments\PostGraduate\backbones\Prompts\SpaceFrequencyModulation\Seg-SADG\BaryRadGateFixedSpatial\a0p08\rho0p5\gb8\sadg0p05\shot5\Seed2
Seg-SADG,Seg-SADG,Seg-SADG,LF-Barycenter-RadialGate-FixedSpatialMask,fixed,cosine,fixed,radial,8,1.0,0.44543564319610596,0.48804596066474915,0.4708233177661896,0.44543564|0.48804596|0.48647481|0.47261584|0.47746807|0.4686169|0.46270707|0.46522239,15.0,0.0,1.0,0.8631009459495544,0.10580847412347794,0.08,0.5,0.05,0.05,0.5,0.0001,0.001,0.001,0.0,0.0,1e-06,15.0,5.0,40.0,0.02,0.98,0.001,0.001,0.0001,0.01,0.001,0.5,style_rho0p5,sadg_rho0p05,9,9,19,19,new_training,5,2,171,0.03718292859515974,0.0370306173073394,0.003032611616488014,6.806800213001094e-07,6.806800213001094e-07,0.0010285868525638112,0.00031151114464072246,0.00026631015186597196,0.0,0.0,0.0,0.0,0.0,0.0,0.0,0.0,0.0,0.0,0.0,0.0,0.030922085845044682,0.0938251039811543,0.05000000000000001,14,23|31|224|171|180,56,all_filtered,9,True,D:\Running_Place\PostGraduateProjects\Experiments\PostGraduate\backbones\SpaceFrequencyModulation\Seg-SADG\BaryRadGateFixedSpatial\a0p08\rho0p5\gb8\sadg0p05\shot5\Seed2,D:\Running_Place\PostGraduateProjects\Experiments\PostGraduate\backbones\Prompts\SpaceFrequencyModulation\Seg-SADG\BaryRadGateFixedSpatial\a0p08\rho0p5\gb8\sadg0p05\shot5\Seed2
Seg-SADG,Seg-SADG,Seg-SADG,LF-Barycenter-RadialGate-FixedSpatialMask,fixed,cosine,fixed,radial,8,1.0,0.44599008560180664,0.48771363496780396,0.47097060084342957,0.44599009|0.48771363|0.48667237|0.47291553|0.47716334|0.46880165|0.46302688|0.46548131,15.0,0.0,1.0,0.8631009459495544,0.10580847412347794,0.08,0.5,0.05,0.05,0.5,0.0001,0.001,0.001,0.0,0.0,1e-06,15.0,5.0,40.0,0.02,0.98,0.001,0.001,0.0001,0.01,0.001,0.5,style_rho0p5,sadg_rho0p05,9,9,19,19,new_training,5,2,172,0.03908143884369305,0.03893452377191612,0.0029250910904790673,6.603445805402381e-07,6.603445805402381e-07,0.0010107974022892968,0.00030090748415594656,0.0002583573347822364,0.0,0.0,0.0,0.0,0.0,0.0,0.0,0.0,0.0,0.0,0.0,0.0,0.03139830513724259,0.10968334014926638,0.05000000000000001,14,23|31|224|171|180,56,all_filtered,9,True,D:\Running_Place\PostGraduateProjects\Experiments\PostGraduate\backbones\SpaceFrequencyModulation\Seg-SADG\BaryRadGateFixedSpatial\a0p08\rho0p5\gb8\sadg0p05\shot5\Seed2,D:\Running_Place\PostGraduateProjects\Experiments\PostGraduate\backbones\Prompts\SpaceFrequencyModulation\Seg-SADG\BaryRadGateFixedSpatial\a0p08\rho0p5\gb8\sadg0p05\shot5\Seed2
Seg-SADG,Seg-SADG,Seg-SADG,LF-Barycenter-RadialGate-FixedSpatialMask,fixed,cosine,fixed,radial,8,1.0,0.4464890658855438,0.48736995458602905,0.47102490067481995,0.44648907|0.48736995|0.486891|0.473003|0.47728127|0.46868917|0.46326101|0.4652147,15.0,0.0,1.0,0.8631009459495544,0.10580847412347794,0.08,0.5,0.05,0.05,0.5,0.0001,0.001,0.001,0.0,0.0,1e-06,15.0,5.0,40.0,0.02,0.98,0.001,0.001,0.0001,0.01,0.001,0.5,style_rho0p5,sadg_rho0p05,9,9,19,19,new_training,5,2,173,0.036622668749519756,0.03647667435663087,0.0029071669393618193,6.365661907433864e-07,6.365661907433864e-07,0.0010024010469870909,0.0002893026435880789,0.000247023426969203,0.0,0.0,0.0,0.0,0.0,0.0,0.0,0.0,0.0,0.0,0.0,0.0,0.03055738764149802,0.09134746555771146,0.05000000000000001,14,23|31|224|171|180,56,all_filtered,9,True,D:\Running_Place\PostGraduateProjects\Experiments\PostGraduate\backbones\SpaceFrequencyModulation\Seg-SADG\BaryRadGateFixedSpatial\a0p08\rho0p5\gb8\sadg0p05\shot5\Seed2,D:\Running_Place\PostGraduateProjects\Experiments\PostGraduate\backbones\Prompts\SpaceFrequencyModulation\Seg-SADG\BaryRadGateFixedSpatial\a0p08\rho0p5\gb8\sadg0p05\shot5\Seed2
Seg-SADG,Seg-SADG,Seg-SADG,LF-Barycenter-RadialGate-FixedSpatialMask,fixed,cosine,fixed,radial,8,1.0,0.4465837776660919,0.48735281825065613,0.471123069524765,0.44658378|0.48733708|0.48735282|0.47294337|0.47735646|0.46872845|0.46325609|0.46542645,15.0,0.0,1.0,0.8631009459495544,0.10580847412347794,0.08,0.5,0.05,0.05,0.5,0.0001,0.001,0.001,0.0,0.0,1e-06,15.0,5.0,40.0,0.02,0.98,0.001,0.001,0.0001,0.01,0.001,0.5,style_rho0p5,sadg_rho0p05,9,9,19,19,new_training,5,2,174,0.03634928619222982,0.03621169685253075,0.0027392914884590675,6.251080597914032e-07,6.251080597914032e-07,0.0009948593880315976,0.0002843116089934483,0.000241310491609121,0.0,0.0,0.0,0.0,0.0,0.0,0.0,0.0,0.0,0.0,0.0,0.0,0.030078128246324404,0.09541666614157814,0.05000000000000001,14,23|31|224|171|180,56,all_filtered,9,True,D:\Running_Place\PostGraduateProjects\Experiments\PostGraduate\backbones\SpaceFrequencyModulation\Seg-SADG\BaryRadGateFixedSpatial\a0p08\rho0p5\gb8\sadg0p05\shot5\Seed2,D:\Running_Place\PostGraduateProjects\Experiments\PostGraduate\backbones\Prompts\SpaceFrequencyModulation\Seg-SADG\BaryRadGateFixedSpatial\a0p08\rho0p5\gb8\sadg0p05\shot5\Seed2
Seg-SADG,Seg-SADG,Seg-SADG,LF-Barycenter-RadialGate-FixedSpatialMask,fixed,cosine,fixed,radial,8,1.0,0.446878045797348,0.4877130091190338,0.471147358417511,0.44687805|0.48701209|0.48771301|0.47290158|0.47696921|0.46840912|0.46352339|0.46577239,15.0,0.0,1.0,0.8631009459495544,0.10580847412347794,0.08,0.5,0.05,0.05,0.5,0.0001,0.001,0.001,0.0,0.0,1e-06,15.0,5.0,40.0,0.02,0.98,0.001,0.001,0.0001,0.01,0.001,0.5,style_rho0p5,sadg_rho0p05,9,9,19,19,new_training,5,2,175,0.036255515845758576,0.03610912976520402,0.0029153339731107864,6.194356956257252e-07,6.194356956257252e-07,0.0009908305115199514,0.00028279841977304647,0.00023755420261295512,0.0,0.0,0.0,0.0,0.0,0.0,0.0,0.0,0.0,0.0,0.0,0.0,0.029724694921502044,0.0953404935342925,0.05000000000000001,14,23|31|224|171|180,56,all_filtered,9,True,D:\Running_Place\PostGraduateProjects\Experiments\PostGraduate\backbones\SpaceFrequencyModulation\Seg-SADG\BaryRadGateFixedSpatial\a0p08\rho0p5\gb8\sadg0p05\shot5\Seed2,D:\Running_Place\PostGraduateProjects\Experiments\PostGraduate\backbones\Prompts\SpaceFrequencyModulation\Seg-SADG\BaryRadGateFixedSpatial\a0p08\rho0p5\gb8\sadg0p05\shot5\Seed2
Seg-SADG,Seg-SADG,Seg-SADG,LF-Barycenter-RadialGate-FixedSpatialMask,fixed,cosine,fixed,radial,8,1.0,0.4470999836921692,0.4877803325653076,0.47122901678085327,0.44709998|0.48694649|0.48778033|0.47310373|0.47698829|0.46808854|0.46345675|0.46636811,15.0,0.0,1.0,0.8631009459495544,0.10580847412347794,0.08,0.5,0.05,0.05,0.5,0.0001,0.001,0.001,0.0,0.0,1e-06,15.0,5.0,40.0,0.02,0.98,0.001,0.001,0.0001,0.01,0.001,0.5,style_rho0p5,sadg_rho0p05,9,9,19,19,new_training,5,2,176,0.03597819645489965,0.035848189145326614,0.002588025576967214,6.049625937976089e-07,6.049625937976089e-07,0.0009832325907024955,0.00027564564412127117,0.00023099366600425647,0.0,0.0,0.0,0.0,0.0,0.0,0.0,0.0,0.0,0.0,0.0,0.0,0.029704966050173556,0.09390542869056974,0.05000000000000001,14,23|31|224|171|180,56,all_filtered,9,True,D:\Running_Place\PostGraduateProjects\Experiments\PostGraduate\backbones\SpaceFrequencyModulation\Seg-SADG\BaryRadGateFixedSpatial\a0p08\rho0p5\gb8\sadg0p05\shot5\Seed2,D:\Running_Place\PostGraduateProjects\Experiments\PostGraduate\backbones\Prompts\SpaceFrequencyModulation\Seg-SADG\BaryRadGateFixedSpatial\a0p08\rho0p5\gb8\sadg0p05\shot5\Seed2
Seg-SADG,Seg-SADG,Seg-SADG,LF-Barycenter-RadialGate-FixedSpatialMask,fixed,cosine,fixed,radial,8,1.0,0.4472311735153198,0.4876490831375122,0.4712105989456177,0.44723117|0.48634556|0.48764908|0.47309509|0.477079|0.46825832|0.46317035|0.46685639,15.0,0.0,1.0,0.8631009459495544,0.10580847412347794,0.08,0.5,0.05,0.05,0.5,0.0001,0.001,0.001,0.0,0.0,1e-06,15.0,5.0,40.0,0.02,0.98,0.001,0.001,0.0001,0.01,0.001,0.5,style_rho0p5,sadg_rho0p05,9,9,19,19,new_training,5,2,177,0.03764571848192385,0.037501168570348194,0.002879027643107942,5.989618167794626e-07,5.989618167794626e-07,0.0009804172940286143,0.00027316733030602336,0.0002277527382830158,0.0,0.0,0.0,0.0,0.0,0.0,0.0,0.0,0.0,0.0,0.0,0.0,0.030086837708950043,0.11422738166792053,0.05000000000000001,14,23|31|224|171|180,56,all_filtered,9,True,D:\Running_Place\PostGraduateProjects\Experiments\PostGraduate\backbones\SpaceFrequencyModulation\Seg-SADG\BaryRadGateFixedSpatial\a0p08\rho0p5\gb8\sadg0p05\shot5\Seed2,D:\Running_Place\PostGraduateProjects\Experiments\PostGraduate\backbones\Prompts\SpaceFrequencyModulation\Seg-SADG\BaryRadGateFixedSpatial\a0p08\rho0p5\gb8\sadg0p05\shot5\Seed2
Seg-SADG,Seg-SADG,Seg-SADG,LF-Barycenter-RadialGate-FixedSpatialMask,fixed,cosine,fixed,radial,8,1.0,0.44764548540115356,0.48738911747932434,0.4711965322494507,0.44764549|0.48626336|0.48738912|0.47300139|0.47717232|0.46817636|0.46322888|0.46669546,15.0,0.0,1.0,0.8631009459495544,0.10580847412347794,0.08,0.5,0.05,0.05,0.5,0.0001,0.001,0.001,0.0,0.0,1e-06,15.0,5.0,40.0,0.02,0.98,0.001,0.001,0.0001,0.01,0.001,0.5,style_rho0p5,sadg_rho0p05,9,9,19,19,new_training,5,2,178,0.037867210539323945,0.03771664787616048,0.0029996246032949004,5.82161054093636e-07,5.82161054093636e-07,0.0009776865814014205,0.0002646002581708932,0.00021979211513618275,0.0,0.0,0.0,0.0,0.0,0.0,0.0,0.0,0.0,0.0,0.0,0.0,0.03056888561695814,0.1090334914624691,0.05000000000000001,14,23|31|224|171|180,56,all_filtered,9,True,D:\Running_Place\PostGraduateProjects\Experiments\PostGraduate\backbones\SpaceFrequencyModulation\Seg-SADG\BaryRadGateFixedSpatial\a0p08\rho0p5\gb8\sadg0p05\shot5\Seed2,D:\Running_Place\PostGraduateProjects\Experiments\PostGraduate\backbones\Prompts\SpaceFrequencyModulation\Seg-SADG\BaryRadGateFixedSpatial\a0p08\rho0p5\gb8\sadg0p05\shot5\Seed2
Seg-SADG,Seg-SADG,Seg-SADG,LF-Barycenter-RadialGate-FixedSpatialMask,fixed,cosine,fixed,radial,8,1.0,0.44825536012649536,0.4871249794960022,0.4712185263633728,0.44825536|0.48633638|0.48712498|0.47300017|0.47690341|0.46833476|0.46363518|0.46615776,15.0,0.0,1.0,0.8631009459495544,0.10580847412347794,0.08,0.5,0.05,0.05,0.5,0.0001,0.001,0.001,0.0,0.0,1e-06,15.0,5.0,40.0,0.02,0.98,0.001,0.001,0.0001,0.01,0.001,0.5,style_rho0p5,sadg_rho0p05,9,9,19,19,new_training,5,2,179,0.03627710270562342,0.03614078102899449,0.0027149844681844115,5.719954694021518e-07,5.719954694021518e-07,0.0009742057300172746,0.0002592610024813829,0.00021531387236401706,0.0,0.0,0.0,0.0,0.0,0.0,0.0,0.0,0.0,0.0,0.0,0.0,0.02962967859847205,0.10297600020255361,0.05000000000000001,14,23|31|224|171|180,56,all_filtered,9,True,D:\Running_Place\PostGraduateProjects\Experiments\PostGraduate\backbones\SpaceFrequencyModulation\Seg-SADG\BaryRadGateFixedSpatial\a0p08\rho0p5\gb8\sadg0p05\shot5\Seed2,D:\Running_Place\PostGraduateProjects\Experiments\PostGraduate\backbones\Prompts\SpaceFrequencyModulation\Seg-SADG\BaryRadGateFixedSpatial\a0p08\rho0p5\gb8\sadg0p05\shot5\Seed2
Seg-SADG,Seg-SADG,Seg-SADG,LF-Barycenter-RadialGate-FixedSpatialMask,fixed,cosine,fixed,radial,8,1.0,0.4487568438053131,0.4873754680156708,0.4713996648788452,0.44875684|0.48649332|0.48737547|0.47342479|0.47711769|0.46840212|0.46390128|0.46572578,15.0,0.0,1.0,0.8631009459495544,0.10580847412347794,0.08,0.5,0.05,0.05,0.5,0.0001,0.001,0.001,0.0,0.0,1e-06,15.0,5.0,40.0,0.02,0.98,0.001,0.001,0.0001,0.01,0.001,0.5,style_rho0p5,sadg_rho0p05,9,9,19,19,new_training,5,2,180,0.037327226384409835,0.03719091920980385,0.0027150706820456044,5.534638327325021e-07,5.534638327325021e-07,0.0009647742678810443,0.0002491967066557014,0.0002077896850616006,0.0,0.0,0.0,0.0,0.0,0.0,0.0,0.0,0.0,0.0,0.0,0.0,0.030177826727075235,0.11019232603056091,0.05000000000000001,14,23|31|224|171|180,56,all_filtered,9,True,D:\Running_Place\PostGraduateProjects\Experiments\PostGraduate\backbones\SpaceFrequencyModulation\Seg-SADG\BaryRadGateFixedSpatial\a0p08\rho0p5\gb8\sadg0p05\shot5\Seed2,D:\Running_Place\PostGraduateProjects\Experiments\PostGraduate\backbones\Prompts\SpaceFrequencyModulation\Seg-SADG\BaryRadGateFixedSpatial\a0p08\rho0p5\gb8\sadg0p05\shot5\Seed2
Seg-SADG,Seg-SADG,Seg-SADG,LF-Barycenter-RadialGate-FixedSpatialMask,fixed,cosine,fixed,radial,8,1.0,0.44865402579307556,0.48758184909820557,0.47146493196487427,0.44865403|0.48676714|0.48758185|0.47362131|0.47744992|0.46801534|0.46356401|0.46606579,15.0,0.0,1.0,0.8631009459495544,0.10580847412347794,0.08,0.5,0.05,0.05,0.5,0.0001,0.001,0.001,0.0,0.0,1e-06,15.0,5.0,40.0,0.02,0.98,0.001,0.001,0.0001,0.01,0.001,0.5,style_rho0p5,sadg_rho0p05,9,9,19,19,new_training,5,2,181,0.03736138929213796,0.03722064330109528,0.0028038215823471546,5.553683552404567e-07,5.553683552404567e-07,0.0009582134412734636,0.00025126958540308157,0.00020827740289470448,0.0,0.0,0.0,0.0,0.0,0.0,0.0,0.0,0.0,0.0,0.0,0.0,0.02995013219437429,0.1123458482325077,0.05000000000000001,14,23|31|224|171|180,56,all_filtered,9,True,D:\Running_Place\PostGraduateProjects\Experiments\PostGraduate\backbones\SpaceFrequencyModulation\Seg-SADG\BaryRadGateFixedSpatial\a0p08\rho0p5\gb8\sadg0p05\shot5\Seed2,D:\Running_Place\PostGraduateProjects\Experiments\PostGraduate\backbones\Prompts\SpaceFrequencyModulation\Seg-SADG\BaryRadGateFixedSpatial\a0p08\rho0p5\gb8\sadg0p05\shot5\Seed2
Seg-SADG,Seg-SADG,Seg-SADG,LF-Barycenter-RadialGate-FixedSpatialMask,fixed,cosine,fixed,radial,8,1.0,0.44881466031074524,0.4878072142601013,0.4714730978012085,0.44881466|0.48680776|0.48780721|0.47379497|0.47737461|0.4679929|0.46343485|0.4657577,15.0,0.0,1.0,0.8631009459495544,0.10580847412347794,0.08,0.5,0.05,0.05,0.5,0.0001,0.001,0.001,0.0,0.0,1e-06,15.0,5.0,40.0,0.02,0.98,0.001,0.001,0.0001,0.01,0.001,0.5,style_rho0p5,sadg_rho0p05,9,9,19,19,new_training,5,2,182,0.03420217415051801,0.03406959239925657,0.0026404662722987787,5.59073169727396e-07,5.59073169727396e-07,0.0009579673226523612,0.00025323892935245695,0.00021003748822425093,0.0,0.0,0.0,0.0,0.0,0.0,0.0,0.0,0.0,0.0,0.0,0.0,0.028490587935916016,0.08837664659534182,0.05000000000000001,14,23|31|224|171|180,56,all_filtered,9,True,D:\Running_Place\PostGraduateProjects\Experiments\PostGraduate\backbones\SpaceFrequencyModulation\Seg-SADG\BaryRadGateFixedSpatial\a0p08\rho0p5\gb8\sadg0p05\shot5\Seed2,D:\Running_Place\PostGraduateProjects\Experiments\PostGraduate\backbones\Prompts\SpaceFrequencyModulation\Seg-SADG\BaryRadGateFixedSpatial\a0p08\rho0p5\gb8\sadg0p05\shot5\Seed2
Seg-SADG,Seg-SADG,Seg-SADG,LF-Barycenter-RadialGate-FixedSpatialMask,fixed,cosine,fixed,radial,8,1.0,0.4491298198699951,0.4884021580219269,0.4716382324695587,0.44912982|0.48699638|0.48840216|0.47403839|0.47726759|0.46786407|0.46330124|0.46610618,15.0,0.0,1.0,0.8631009459495544,0.10580847412347794,0.08,0.5,0.05,0.05,0.5,0.0001,0.001,0.001,0.0,0.0,1e-06,15.0,5.0,40.0,0.02,0.98,0.001,0.001,0.0001,0.01,0.001,0.5,style_rho0p5,sadg_rho0p05,9,9,19,19,new_training,5,2,183,0.03468362547989402,0.0345541566078152,0.002578239854691284,5.56557068875918e-07,5.56557068875918e-07,0.0009556431406443673,0.00025274995173926333,0.0002082427849277987,0.0,0.0,0.0,0.0,0.0,0.0,0.0,0.0,0.0,0.0,0.0,0.0,0.028212938590773513,0.09722630786044258,0.05000000000000001,14,23|31|224|171|180,56,all_filtered,9,True,D:\Running_Place\PostGraduateProjects\Experiments\PostGraduate\backbones\SpaceFrequencyModulation\Seg-SADG\BaryRadGateFixedSpatial\a0p08\rho0p5\gb8\sadg0p05\shot5\Seed2,D:\Running_Place\PostGraduateProjects\Experiments\PostGraduate\backbones\Prompts\SpaceFrequencyModulation\Seg-SADG\BaryRadGateFixedSpatial\a0p08\rho0p5\gb8\sadg0p05\shot5\Seed2
Seg-SADG,Seg-SADG,Seg-SADG,LF-Barycenter-RadialGate-FixedSpatialMask,fixed,cosine,fixed,radial,8,1.0,0.4493907392024994,0.48802095651626587,0.47168421745300293,0.44939074|0.48702461|0.48802096|0.47393319|0.47720921|0.46807343|0.46335292|0.46646893,15.0,0.0,1.0,0.8631009459495544,0.10580847412347794,0.08,0.5,0.05,0.05,0.5,0.0001,0.001,0.001,0.0,0.0,1e-06,15.0,5.0,40.0,0.02,0.98,0.001,0.001,0.0001,0.01,0.001,0.5,style_rho0p5,sadg_rho0p05,9,9,19,19,new_training,5,2,184,0.035863545324121206,0.03572323718773467,0.002795104220110391,5.531542066299673e-07,5.531542066299673e-07,0.0009486377779727004,0.0002513132993564276,0.00020697711027293866,0.0,0.0,0.0,0.0,0.0,0.0,0.0,0.0,0.0,0.0,0.0,0.0,0.028237048270446912,0.10640899570924896,0.05000000000000001,14,23|31|224|171|180,56,all_filtered,9,True,D:\Running_Place\PostGraduateProjects\Experiments\PostGraduate\backbones\SpaceFrequencyModulation\Seg-SADG\BaryRadGateFixedSpatial\a0p08\rho0p5\gb8\sadg0p05\shot5\Seed2,D:\Running_Place\PostGraduateProjects\Experiments\PostGraduate\backbones\Prompts\SpaceFrequencyModulation\Seg-SADG\BaryRadGateFixedSpatial\a0p08\rho0p5\gb8\sadg0p05\shot5\Seed2
Seg-SADG,Seg-SADG,Seg-SADG,LF-Barycenter-RadialGate-FixedSpatialMask,fixed,cosine,fixed,radial,8,1.0,0.449581116437912,0.4882480800151825,0.4717485010623932,0.44958112|0.48683855|0.48824808|0.47390652|0.47715005|0.46799311|0.46348774|0.46678281,15.0,0.0,1.0,0.8631009459495544,0.10580847412347794,0.08,0.5,0.05,0.05,0.5,0.0001,0.001,0.001,0.0,0.0,1e-06,15.0,5.0,40.0,0.02,0.98,0.001,0.001,0.0001,0.01,0.001,0.5,style_rho0p5,sadg_rho0p05,9,9,19,19,new_training,5,2,185,0.03409280175609248,0.03396376674728734,0.0025697743985801935,5.460927963797855e-07,5.460927963797855e-07,0.0009416480482156787,0.0002480066697379308,0.0002039213016230081,0.0,0.0,0.0,0.0,0.0,0.0,0.0,0.0,0.0,0.0,0.0,0.0,0.027714101198528494,0.09508459908621651,0.05000000000000001,14,23|31|224|171|180,56,all_filtered,9,True,D:\Running_Place\PostGraduateProjects\Experiments\PostGraduate\backbones\SpaceFrequencyModulation\Seg-SADG\BaryRadGateFixedSpatial\a0p08\rho0p5\gb8\sadg0p05\shot5\Seed2,D:\Running_Place\PostGraduateProjects\Experiments\PostGraduate\backbones\Prompts\SpaceFrequencyModulation\Seg-SADG\BaryRadGateFixedSpatial\a0p08\rho0p5\gb8\sadg0p05\shot5\Seed2
Seg-SADG,Seg-SADG,Seg-SADG,LF-Barycenter-RadialGate-FixedSpatialMask,fixed,cosine,fixed,radial,8,1.0,0.4497082829475403,0.48844924569129944,0.4716700613498688,0.44970828|0.48676035|0.48844925|0.47391263|0.47681326|0.46784496|0.46335611|0.46651584,15.0,0.0,1.0,0.8631009459495544,0.10580847412347794,0.08,0.5,0.05,0.05,0.5,0.0001,0.001,0.001,0.0,0.0,1e-06,15.0,5.0,40.0,0.02,0.98,0.001,0.001,0.0001,0.01,0.001,0.5,style_rho0p5,sadg_rho0p05,9,9,19,19,new_training,5,2,186,0.03428845240601471,0.03415585455617735,0.0026412099416899893,5.378860968059078e-07,5.378860968059078e-07,0.0009400872929420855,0.00024399209983779917,0.00019988525205657685,0.0,0.0,0.0,0.0,0.0,0.0,0.0,0.0,0.0,0.0,0.0,0.0,0.02756642736494541,0.099317659756967,0.05000000000000001,14,23|31|224|171|180,56,all_filtered,9,True,D:\Running_Place\PostGraduateProjects\Experiments\PostGraduate\backbones\SpaceFrequencyModulation\Seg-SADG\BaryRadGateFixedSpatial\a0p08\rho0p5\gb8\sadg0p05\shot5\Seed2,D:\Running_Place\PostGraduateProjects\Experiments\PostGraduate\backbones\Prompts\SpaceFrequencyModulation\Seg-SADG\BaryRadGateFixedSpatial\a0p08\rho0p5\gb8\sadg0p05\shot5\Seed2
Seg-SADG,Seg-SADG,Seg-SADG,LF-Barycenter-RadialGate-FixedSpatialMask,fixed,cosine,fixed,radial,8,1.0,0.4497506022453308,0.4887956976890564,0.4716535210609436,0.4497506|0.48628947|0.4887957|0.47378457|0.47726759|0.46747121|0.46331075|0.46655831,15.0,0.0,1.0,0.8631009459495544,0.10580847412347794,0.08,0.5,0.05,0.05,0.5,0.0001,0.001,0.001,0.0,0.0,1e-06,15.0,5.0,40.0,0.02,0.98,0.001,0.001,0.0001,0.01,0.001,0.5,style_rho0p5,sadg_rho0p05,9,9,19,19,new_training,5,2,187,0.03406764327415398,0.03393890602248056,0.002564045101670282,5.353005657785356e-07,5.353005657785356e-07,0.0009451161396490144,0.00024356000254296565,0.00019722893193829805,0.0,0.0,0.0,0.0,0.0,0.0,0.0,0.0,0.0,0.0,0.0,0.0,0.027425446015383517,0.09905101039579936,0.05000000000000001,14,23|31|224|171|180,56,all_filtered,9,True,D:\Running_Place\PostGraduateProjects\Experiments\PostGraduate\backbones\SpaceFrequencyModulation\Seg-SADG\BaryRadGateFixedSpatial\a0p08\rho0p5\gb8\sadg0p05\shot5\Seed2,D:\Running_Place\PostGraduateProjects\Experiments\PostGraduate\backbones\Prompts\SpaceFrequencyModulation\Seg-SADG\BaryRadGateFixedSpatial\a0p08\rho0p5\gb8\sadg0p05\shot5\Seed2
Seg-SADG,Seg-SADG,Seg-SADG,LF-Barycenter-RadialGate-FixedSpatialMask,fixed,cosine,fixed,radial,8,1.0,0.45023825764656067,0.48911842703819275,0.4716816544532776,0.45023826|0.48633966|0.48911843|0.47383648|0.47699058|0.46716428|0.46345454|0.46631098,15.0,0.0,1.0,0.8631009459495544,0.10580847412347794,0.08,0.5,0.05,0.05,0.5,0.0001,0.001,0.001,0.0,0.0,1e-06,15.0,5.0,40.0,0.02,0.98,0.001,0.001,0.0001,0.01,0.001,0.5,style_rho0p5,sadg_rho0p05,9,9,19,19,new_training,5,2,188,0.03572735256914582,0.03560052572616509,0.0025259351158248527,5.299924867228713e-07,5.299924867228713e-07,0.0009447605781523245,0.00024237833089760637,0.00019313807050431414,0.0,0.0,0.0,0.0,0.0,0.0,0.0,0.0,0.0,0.0,0.0,0.0,0.028462827737842287,0.11170894013983863,0.05000000000000001,14,23|31|224|171|180,56,all_filtered,9,True,D:\Running_Place\PostGraduateProjects\Experiments\PostGraduate\backbones\SpaceFrequencyModulation\Seg-SADG\BaryRadGateFixedSpatial\a0p08\rho0p5\gb8\sadg0p05\shot5\Seed2,D:\Running_Place\PostGraduateProjects\Experiments\PostGraduate\backbones\Prompts\SpaceFrequencyModulation\Seg-SADG\BaryRadGateFixedSpatial\a0p08\rho0p5\gb8\sadg0p05\shot5\Seed2
Seg-SADG,Seg-SADG,Seg-SADG,LF-Barycenter-RadialGate-FixedSpatialMask,fixed,cosine,fixed,radial,8,1.0,0.45047158002853394,0.48928239941596985,0.4718015789985657,0.45047158|0.48622435|0.4892824|0.47425184|0.47730127|0.46719792|0.46368751|0.46599576,15.0,0.0,1.0,0.8631009459495544,0.10580847412347794,0.08,0.5,0.05,0.05,0.5,0.0001,0.001,0.001,0.0,0.0,1e-06,15.0,5.0,40.0,0.02,0.98,0.001,0.001,0.0001,0.01,0.001,0.5,style_rho0p5,sadg_rho0p05,9,9,19,19,new_training,5,2,189,0.0363020147862179,0.03616985811718872,0.0026327918666148825,5.168749989284802e-07,5.168749989284802e-07,0.0009392369746430111,0.00023564477825337754,0.00018730650065533285,0.0,0.0,0.0,0.0,0.0,0.0,0.0,0.0,0.0,0.0,0.0,0.0,0.02898272393005235,0.11684191120522362,0.05000000000000001,14,23|31|224|171|180,56,all_filtered,9,True,D:\Running_Place\PostGraduateProjects\Experiments\PostGraduate\backbones\SpaceFrequencyModulation\Seg-SADG\BaryRadGateFixedSpatial\a0p08\rho0p5\gb8\sadg0p05\shot5\Seed2,D:\Running_Place\PostGraduateProjects\Experiments\PostGraduate\backbones\Prompts\SpaceFrequencyModulation\Seg-SADG\BaryRadGateFixedSpatial\a0p08\rho0p5\gb8\sadg0p05\shot5\Seed2
Seg-SADG,Seg-SADG,Seg-SADG,LF-Barycenter-RadialGate-FixedSpatialMask,fixed,cosine,fixed,radial,8,1.0,0.4505152404308319,0.48904451727867126,0.47170960903167725,0.45051524|0.48596188|0.48904452|0.47452536|0.47805646|0.46707958|0.46373755|0.46475622,15.0,0.0,1.0,0.8631009459495544,0.10580847412347794,0.08,0.5,0.05,0.05,0.5,0.0001,0.001,0.001,0.0,0.0,1e-06,15.0,5.0,40.0,0.02,0.98,0.001,0.001,0.0001,0.01,0.001,0.5,style_rho0p5,sadg_rho0p05,9,9,19,19,new_training,5,2,190,0.03633656645459788,0.03619710196341787,0.002779028777565275,5.128901006758367e-07,5.128901006758367e-07,0.0009387219698900091,0.00023408369556169158,0.00018493418299060847,0.0,0.0,0.0,0.0,0.0,0.0,0.0,0.0,0.0,0.0,0.0,0.0,0.028521107509732246,0.11733412103993553,0.05000000000000001,14,23|31|224|171|180,56,all_filtered,9,True,D:\Running_Place\PostGraduateProjects\Experiments\PostGraduate\backbones\SpaceFrequencyModulation\Seg-SADG\BaryRadGateFixedSpatial\a0p08\rho0p5\gb8\sadg0p05\shot5\Seed2,D:\Running_Place\PostGraduateProjects\Experiments\PostGraduate\backbones\Prompts\SpaceFrequencyModulation\Seg-SADG\BaryRadGateFixedSpatial\a0p08\rho0p5\gb8\sadg0p05\shot5\Seed2
Seg-SADG,Seg-SADG,Seg-SADG,LF-Barycenter-RadialGate-FixedSpatialMask,fixed,cosine,fixed,radial,8,1.0,0.4503934681415558,0.4889896810054779,0.4717606008052826,0.45039347|0.48591572|0.48898968|0.47468033|0.47812676|0.46664348|0.46424663|0.46508873,15.0,0.0,1.0,0.8631009459495544,0.10580847412347794,0.08,0.5,0.05,0.05,0.5,0.0001,0.001,0.001,0.0,0.0,1e-06,15.0,5.0,40.0,0.02,0.98,0.001,0.001,0.0001,0.01,0.001,0.5,style_rho0p5,sadg_rho0p05,9,9,19,19,new_training,5,2,191,0.037457329753254144,0.037324179762176106,0.0026528321239831193,5.084881016565695e-07,5.084881016565695e-07,0.0009413470771895456,0.00023124289873521775,0.00018311047980595113,0.0,0.0,0.0,0.0,0.0,0.0,0.0,0.0,0.0,0.0,0.0,0.0,0.02926460706761905,0.1237424159688609,0.05000000000000001,14,23|31|224|171|180,56,all_filtered,9,True,D:\Running_Place\PostGraduateProjects\Experiments\PostGraduate\backbones\SpaceFrequencyModulation\Seg-SADG\BaryRadGateFixedSpatial\a0p08\rho0p5\gb8\sadg0p05\shot5\Seed2,D:\Running_Place\PostGraduateProjects\Experiments\PostGraduate\backbones\Prompts\SpaceFrequencyModulation\Seg-SADG\BaryRadGateFixedSpatial\a0p08\rho0p5\gb8\sadg0p05\shot5\Seed2
Seg-SADG,Seg-SADG,Seg-SADG,LF-Barycenter-RadialGate-FixedSpatialMask,fixed,cosine,fixed,radial,8,1.0,0.45069754123687744,0.4892585575580597,0.47181254625320435,0.45069754|0.4859851|0.48925856|0.47464994|0.47822714|0.46606329|0.46392787|0.46569082,15.0,0.0,1.0,0.8631009459495544,0.10580847412347794,0.08,0.5,0.05,0.05,0.5,0.0001,0.001,0.001,0.0,0.0,1e-06,15.0,5.0,40.0,0.02,0.98,0.001,0.001,0.0001,0.01,0.001,0.5,style_rho0p5,sadg_rho0p05,9,9,19,19,new_training,5,2,192,0.0343217183170574,0.03419041593692133,0.0026158963197043966,5.081931573970775e-07,5.081931573970775e-07,0.0009360014602342355,0.0002325736651463168,0.00018201932834926993,0.0,0.0,0.0,0.0,0.0,0.0,0.0,0.0,0.0,0.0,0.0,0.0,0.02783054592353957,0.09790690243244171,0.05000000000000001,14,23|31|224|171|180,56,all_filtered,9,True,D:\Running_Place\PostGraduateProjects\Experiments\PostGraduate\backbones\SpaceFrequencyModulation\Seg-SADG\BaryRadGateFixedSpatial\a0p08\rho0p5\gb8\sadg0p05\shot5\Seed2,D:\Running_Place\PostGraduateProjects\Experiments\PostGraduate\backbones\Prompts\SpaceFrequencyModulation\Seg-SADG\BaryRadGateFixedSpatial\a0p08\rho0p5\gb8\sadg0p05\shot5\Seed2
Seg-SADG,Seg-SADG,Seg-SADG,LF-Barycenter-RadialGate-FixedSpatialMask,fixed,cosine,fixed,radial,8,1.0,0.4512898027896881,0.48979079723358154,0.4718267023563385,0.4512898|0.48589271|0.4897908|0.47444993|0.47804165|0.4661186|0.46345502|0.46557513,15.0,0.0,1.0,0.8631009459495544,0.10580847412347794,0.08,0.5,0.05,0.05,0.5,0.0001,0.001,0.001,0.0,0.0,1e-06,15.0,5.0,40.0,0.02,0.98,0.001,0.001,0.0001,0.01,0.001,0.5,style_rho0p5,sadg_rho0p05,9,9,19,19,new_training,5,2,193,0.03453108561890466,0.03440525422671011,0.0025065479151505443,5.039432388847282e-07,5.039432388847282e-07,0.000936916854698211,0.00023193126253318042,0.0001783202647597396,0.0,0.0,0.0,0.0,0.0,0.0,0.0,0.0,0.0,0.0,0.0,0.0,0.027587373474878923,0.1056891887315682,0.05000000000000001,14,23|31|224|171|180,56,all_filtered,9,True,D:\Running_Place\PostGraduateProjects\Experiments\PostGraduate\backbones\SpaceFrequencyModulation\Seg-SADG\BaryRadGateFixedSpatial\a0p08\rho0p5\gb8\sadg0p05\shot5\Seed2,D:\Running_Place\PostGraduateProjects\Experiments\PostGraduate\backbones\Prompts\SpaceFrequencyModulation\Seg-SADG\BaryRadGateFixedSpatial\a0p08\rho0p5\gb8\sadg0p05\shot5\Seed2
Seg-SADG,Seg-SADG,Seg-SADG,LF-Barycenter-RadialGate-FixedSpatialMask,fixed,cosine,fixed,radial,8,1.0,0.4516226351261139,0.4902403652667999,0.47212010622024536,0.45162264|0.48611948|0.49024037|0.47461921|0.47822905|0.46653202|0.46387675|0.46572149,15.0,0.0,1.0,0.8631009459495544,0.10580847412347794,0.08,0.5,0.05,0.05,0.5,0.0001,0.001,0.001,0.0,0.0,1e-06,15.0,5.0,40.0,0.02,0.98,0.001,0.001,0.0001,0.01,0.001,0.5,style_rho0p5,sadg_rho0p05,9,9,19,19,new_training,5,2,194,0.03230914832758052,0.03218654702816691,0.002442084834910929,4.971270958061982e-07,4.971270958061982e-07,0.0009257240453734994,0.0002297587655318369,0.00017479590834617347,0.0,0.0,0.0,0.0,0.0,0.0,0.0,0.0,0.0,0.0,0.0,0.0,0.026620882297200815,0.08660846842186791,0.05000000000000001,14,23|31|224|171|180,56,all_filtered,9,True,D:\Running_Place\PostGraduateProjects\Experiments\PostGraduate\backbones\SpaceFrequencyModulation\Seg-SADG\BaryRadGateFixedSpatial\a0p08\rho0p5\gb8\sadg0p05\shot5\Seed2,D:\Running_Place\PostGraduateProjects\Experiments\PostGraduate\backbones\Prompts\SpaceFrequencyModulation\Seg-SADG\BaryRadGateFixedSpatial\a0p08\rho0p5\gb8\sadg0p05\shot5\Seed2
Seg-SADG,Seg-SADG,Seg-SADG,LF-Barycenter-RadialGate-FixedSpatialMask,fixed,cosine,fixed,radial,8,1.0,0.4520997703075409,0.49007242918014526,0.47228679060935974,0.45209977|0.48607549|0.49007243|0.4745698|0.47809276|0.46662936|0.4640685|0.46668622,15.0,0.0,1.0,0.8631009459495544,0.10580847412347794,0.08,0.5,0.05,0.05,0.5,0.0001,0.001,0.001,0.0,0.0,1e-06,15.0,5.0,40.0,0.02,0.98,0.001,0.001,0.0001,0.01,0.001,0.5,style_rho0p5,sadg_rho0p05,9,9,19,19,new_training,5,2,195,0.03243326608623777,0.03231429907360247,0.0023695131281523834,4.917455912943427e-07,4.917455912943427e-07,0.0009120222862942942,0.00022773023790380518,0.00017281310595405688,0.0,0.0,0.0,0.0,0.0,0.0,0.0,0.0,0.0,0.0,0.0,0.0,0.026198427325912883,0.09566824457475118,0.05000000000000001,14,23|31|224|171|180,56,all_filtered,9,True,D:\Running_Place\PostGraduateProjects\Experiments\PostGraduate\backbones\SpaceFrequencyModulation\Seg-SADG\BaryRadGateFixedSpatial\a0p08\rho0p5\gb8\sadg0p05\shot5\Seed2,D:\Running_Place\PostGraduateProjects\Experiments\PostGraduate\backbones\Prompts\SpaceFrequencyModulation\Seg-SADG\BaryRadGateFixedSpatial\a0p08\rho0p5\gb8\sadg0p05\shot5\Seed2
Seg-SADG,Seg-SADG,Seg-SADG,LF-Barycenter-RadialGate-FixedSpatialMask,fixed,cosine,fixed,radial,8,1.0,0.45266565680503845,0.4901656210422516,0.4724176526069641,0.45266566|0.48583061|0.49016562|0.47451982|0.47805348|0.46660948|0.46452937|0.4669674,15.0,0.0,1.0,0.8631009459495544,0.10580847412347794,0.08,0.5,0.05,0.05,0.5,0.0001,0.001,0.001,0.0,0.0,1e-06,15.0,5.0,40.0,0.02,0.98,0.001,0.001,0.0001,0.01,0.001,0.5,style_rho0p5,sadg_rho0p05,9,9,19,19,new_training,5,2,196,0.031207925507000515,0.031089110965175287,0.002366721081281347,4.782850148948066e-07,4.782850148948066e-07,0.0008973568245502454,0.00022135342546139976,0.00016719588997407949,0.0,0.0,0.0,0.0,0.0,0.0,0.0,0.0,0.0,0.0,0.0,0.0,0.025680579910320894,0.08512405093227114,0.05000000000000001,14,23|31|224|171|180,56,all_filtered,9,True,D:\Running_Place\PostGraduateProjects\Experiments\PostGraduate\backbones\SpaceFrequencyModulation\Seg-SADG\BaryRadGateFixedSpatial\a0p08\rho0p5\gb8\sadg0p05\shot5\Seed2,D:\Running_Place\PostGraduateProjects\Experiments\PostGraduate\backbones\Prompts\SpaceFrequencyModulation\Seg-SADG\BaryRadGateFixedSpatial\a0p08\rho0p5\gb8\sadg0p05\shot5\Seed2
Seg-SADG,Seg-SADG,Seg-SADG,LF-Barycenter-RadialGate-FixedSpatialMask,fixed,cosine,fixed,radial,8,1.0,0.45332270860671997,0.4902554452419281,0.4725172519683838,0.45332271|0.48555374|0.49025545|0.47455591|0.47782326|0.46682748|0.46520397|0.46659544,15.0,0.0,1.0,0.8631009459495544,0.10580847412347794,0.08,0.5,0.05,0.05,0.5,0.0001,0.001,0.001,0.0,0.0,1e-06,15.0,5.0,40.0,0.02,0.98,0.001,0.001,0.0001,0.01,0.001,0.5,style_rho0p5,sadg_rho0p05,9,9,19,19,new_training,5,2,197,0.033035295350211005,0.03291553844298635,0.002385999283952905,4.5715532743478046e-07,4.5715532743478046e-07,0.0008868009650281497,0.00021099175397206897,0.00015748346569515497,0.0,0.0,0.0,0.0,0.0,0.0,0.0,0.0,0.0,0.0,0.0,0.0,0.02630635444074869,0.10319819833551135,0.05000000000000001,14,23|31|224|171|180,56,all_filtered,9,True,D:\Running_Place\PostGraduateProjects\Experiments\PostGraduate\backbones\SpaceFrequencyModulation\Seg-SADG\BaryRadGateFixedSpatial\a0p08\rho0p5\gb8\sadg0p05\shot5\Seed2,D:\Running_Place\PostGraduateProjects\Experiments\PostGraduate\backbones\Prompts\SpaceFrequencyModulation\Seg-SADG\BaryRadGateFixedSpatial\a0p08\rho0p5\gb8\sadg0p05\shot5\Seed2
Seg-SADG,Seg-SADG,Seg-SADG,LF-Barycenter-RadialGate-FixedSpatialMask,fixed,cosine,fixed,radial,8,1.0,0.4535892903804779,0.48994505405426025,0.47251981496810913,0.45358929|0.48536062|0.48994505|0.47488645|0.47787291|0.46692619|0.46488982|0.46668828,15.0,0.0,1.0,0.8631009459495544,0.10580847412347794,0.08,0.5,0.05,0.05,0.5,0.0001,0.001,0.001,0.0,0.0,1e-06,15.0,5.0,40.0,0.02,0.98,0.001,0.001,0.0001,0.01,0.001,0.5,style_rho0p5,sadg_rho0p05,9,9,19,19,new_training,5,2,198,0.03311830453042473,0.03299386014363596,0.0024800363296110716,4.425514146890107e-07,4.425514146890107e-07,0.0008795105012333286,0.00020313472175205658,0.00015146562613413801,0.0,0.0,0.0,0.0,0.0,0.0,0.0,0.0,0.0,0.0,0.0,0.0,0.026284867631537572,0.10430042977843966,0.05000000000000001,14,23|31|224|171|180,56,all_filtered,9,True,D:\Running_Place\PostGraduateProjects\Experiments\PostGraduate\backbones\SpaceFrequencyModulation\Seg-SADG\BaryRadGateFixedSpatial\a0p08\rho0p5\gb8\sadg0p05\shot5\Seed2,D:\Running_Place\PostGraduateProjects\Experiments\PostGraduate\backbones\Prompts\SpaceFrequencyModulation\Seg-SADG\BaryRadGateFixedSpatial\a0p08\rho0p5\gb8\sadg0p05\shot5\Seed2
Seg-SADG,Seg-SADG,Seg-SADG,LF-Barycenter-RadialGate-FixedSpatialMask,fixed,cosine,fixed,radial,8,1.0,0.4538951516151428,0.48953208327293396,0.4724472165107727,0.45389515|0.48526144|0.48953208|0.4750326|0.47754148|0.46671954|0.46485552|0.4667398,15.0,0.0,1.0,0.8631009459495544,0.10580847412347794,0.08,0.5,0.05,0.05,0.5,0.0001,0.001,0.001,0.0,0.0,1e-06,15.0,5.0,40.0,0.02,0.98,0.001,0.001,0.0001,0.01,0.001,0.5,style_rho0p5,sadg_rho0p05,9,9,19,19,new_training,5,2,199,0.03213321856622185,0.0320123541834099,0.002408720627759716,4.286010469708604e-07,4.286010469708604e-07,0.0008754472239940826,0.00019498955641340996,0.00014606675748447224,0.0,0.0,0.0,0.0,0.0,0.0,0.0,0.0,0.0,0.0,0.0,0.0,0.025659033496465002,0.09629639450992857,0.05000000000000001,14,23|31|224|171|180,56,all_filtered,9,True,D:\Running_Place\PostGraduateProjects\Experiments\PostGraduate\backbones\SpaceFrequencyModulation\Seg-SADG\BaryRadGateFixedSpatial\a0p08\rho0p5\gb8\sadg0p05\shot5\Seed2,D:\Running_Place\PostGraduateProjects\Experiments\PostGraduate\backbones\Prompts\SpaceFrequencyModulation\Seg-SADG\BaryRadGateFixedSpatial\a0p08\rho0p5\gb8\sadg0p05\shot5\Seed2
Seg-SADG,Seg-SADG,Seg-SADG,LF-Barycenter-RadialGate-FixedSpatialMask,fixed,cosine,fixed,radial,8,1.0,0.453721284866333,0.4896603226661682,0.47245344519615173,0.45372128|0.48536476|0.48966032|0.47527838|0.47725239|0.4659645|0.46529686|0.46708888,15.0,0.0,1.0,0.8631009459495544,0.10580847412347794,0.08,0.5,0.05,0.05,0.5,0.0001,0.001,0.001,0.0,0.0,1e-06,15.0,5.0,40.0,0.02,0.98,0.001,0.001,0.0001,0.01,0.001,0.5,style_rho0p5,sadg_rho0p05,9,9,19,19,new_training,5,2,200,0.03066132071294955,0.030551155230828693,0.0021947819041088223,4.262335469970172e-07,4.262335469970172e-07,0.0008804097555444709,0.00019268852546312182,0.00014550403180432374,0.0,0.0,0.0,0.0,0.0,0.0,0.0,0.0,0.0,0.0,0.0,0.0,0.02500355084027563,0.0891389043203422,0.05000000000000001,14,23|31|224|171|180,56,all_filtered,9,True,D:\Running_Place\PostGraduateProjects\Experiments\PostGraduate\backbones\SpaceFrequencyModulation\Seg-SADG\BaryRadGateFixedSpatial\a0p08\rho0p5\gb8\sadg0p05\shot5\Seed2,D:\Running_Place\PostGraduateProjects\Experiments\PostGraduate\backbones\Prompts\SpaceFrequencyModulation\Seg-SADG\BaryRadGateFixedSpatial\a0p08\rho0p5\gb8\sadg0p05\shot5\Seed2
