experiment,base_method,loss_mode,ablation,sadg_method,bn_method,bn_method_tag,bn_layers,bn_mu_std,bn_logvar_std,bn_adv_radius,lambda_bn_cons,lambda_bn_adv,lambda_bn_sens,lambda_bn_affine,lambda_bn_compact,lambda_disp,dice_weight,rho,rho_tag,checkpoint_source,shot,seed,epoch,train_loss,train_base_loss,train_seg_loss,train_disp_loss,epsilon_loss,sadg_grad_norm,perturb_norm,bn_cons_loss,bn_adv_loss,bn_sens_loss,bn_affine_loss,bn_compact_loss,bn_total_reg_loss,steps,train_case_ids,n_train_slices,slice_policy,num_middle_slices,filter_min_fg,output_dir
PertubatedBNStatistics,Disperssion+Seg-SADG,BN-Affine,BN-Affine,Seg-SADG,BN-Affine,bn_affine,shallow,0.1,0.1,1.0,0.05,0.1,0.001,0.0001,0.001,0.05,0.5,0.05,rho0p05,new_training,3,4,1,1.5571438074111938,1.5571438074111938,1.526438045501709,0.6141155660152435,1.3965800285339356,2.66318701505661,0.05,0.0,0.0,0.0,1.7629374927707885e-05,0.0,1.7629374414289412e-09,10,108|154|53,39,all_filtered,9,True,D:\Running_Place\PostGraduateProjects\Experiments\PostGraduate\backbones\PertubatedBNStatistics\BN-Affine\shot3\Seed4
PertubatedBNStatistics,Disperssion+Seg-SADG,BN-Affine,BN-Affine,Seg-SADG,BN-Affine,bn_affine,shallow,0.1,0.1,1.0,0.05,0.1,0.001,0.0001,0.001,0.05,0.5,0.05,rho0p05,new_training,3,4,2,1.212516462802887,1.212516462802887,1.188268768787384,0.4849539786577225,1.1184781432151794,1.3101482748985291,0.05,0.0,0.0,0.0,8.549395788577385e-05,0.0,8.54939559147283e-09,10,108|154|53,39,all_filtered,9,True,D:\Running_Place\PostGraduateProjects\Experiments\PostGraduate\backbones\PertubatedBNStatistics\BN-Affine\shot3\Seed4
PertubatedBNStatistics,Disperssion+Seg-SADG,BN-Affine,BN-Affine,Seg-SADG,BN-Affine,bn_affine,shallow,0.1,0.1,1.0,0.05,0.1,0.001,0.0001,0.001,0.05,0.5,0.05,rho0p05,new_training,3,4,3,1.0919766187667848,1.0919766187667848,1.0686651349067688,0.4662297397851944,1.008396476507187,1.1125804662704468,0.05,0.0,0.0,0.0,0.00016046847304096445,0.0,1.6046846607054023e-08,10,108|154|53,39,all_filtered,9,True,D:\Running_Place\PostGraduateProjects\Experiments\PostGraduate\backbones\PertubatedBNStatistics\BN-Affine\shot3\Seed4
PertubatedBNStatistics,Disperssion+Seg-SADG,BN-Affine,BN-Affine,Seg-SADG,BN-Affine,bn_affine,shallow,0.1,0.1,1.0,0.05,0.1,0.001,0.0001,0.001,0.05,0.5,0.05,rho0p05,new_training,3,4,4,1.0209308385848999,1.0209308385848999,0.9988614022731781,0.44138877987861636,0.9387290120124817,1.0054807007312774,0.05,0.0,0.0,0.0,0.0002272164580062963,0.0,2.272164536520904e-08,10,108|154|53,39,all_filtered,9,True,D:\Running_Place\PostGraduateProjects\Experiments\PostGraduate\backbones\PertubatedBNStatistics\BN-Affine\shot3\Seed4
PertubatedBNStatistics,Disperssion+Seg-SADG,BN-Affine,BN-Affine,Seg-SADG,BN-Affine,bn_affine,shallow,0.1,0.1,1.0,0.05,0.1,0.001,0.0001,0.001,0.05,0.5,0.05,rho0p05,new_training,3,4,5,0.9547291994094849,0.9547291755676269,0.9322672665119172,0.4492382764816284,0.885760372877121,0.8651260614395142,0.05,0.0,0.0,0.0,0.00028987277473788706,0.0,2.8987276579073296e-08,10,108|154|53,39,all_filtered,9,True,D:\Running_Place\PostGraduateProjects\Experiments\PostGraduate\backbones\PertubatedBNStatistics\BN-Affine\shot3\Seed4
PertubatedBNStatistics,Disperssion+Seg-SADG,BN-Affine,BN-Affine,Seg-SADG,BN-Affine,bn_affine,shallow,0.1,0.1,1.0,0.05,0.1,0.001,0.0001,0.001,0.05,0.5,0.05,rho0p05,new_training,3,4,6,0.885696291923523,0.8856962323188782,0.866896802186966,0.3759885534644127,0.8213883459568023,0.8328248083591461,0.05,0.0,0.0,0.0,0.0003517944540362805,0.0,3.517944442421595e-08,10,108|154|53,39,all_filtered,9,True,D:\Running_Place\PostGraduateProjects\Experiments\PostGraduate\backbones\PertubatedBNStatistics\BN-Affine\shot3\Seed4
PertubatedBNStatistics,Disperssion+Seg-SADG,BN-Affine,BN-Affine,Seg-SADG,BN-Affine,bn_affine,shallow,0.1,0.1,1.0,0.05,0.1,0.001,0.0001,0.001,0.05,0.5,0.05,rho0p05,new_training,3,4,7,0.8059604525566101,0.8059603929519653,0.7956760406494141,0.2056869238615036,0.7461825132369995,0.9122610926628113,0.05,0.0,0.0,0.0,0.0004180632036877796,0.0,4.180631947292568e-08,10,108|154|53,39,all_filtered,9,True,D:\Running_Place\PostGraduateProjects\Experiments\PostGraduate\backbones\PertubatedBNStatistics\BN-Affine\shot3\Seed4
PertubatedBNStatistics,Disperssion+Seg-SADG,BN-Affine,BN-Affine,Seg-SADG,BN-Affine,bn_affine,shallow,0.1,0.1,1.0,0.05,0.1,0.001,0.0001,0.001,0.05,0.5,0.05,rho0p05,new_training,3,4,8,0.7246408581733703,0.7246407985687255,0.7203041911125183,0.08673240467905999,0.6739742517471313,0.8473928511142731,0.05,0.0,0.0,0.0,0.0004963676357874647,0.0,4.9636762966542844e-08,10,108|154|53,39,all_filtered,9,True,D:\Running_Place\PostGraduateProjects\Experiments\PostGraduate\backbones\PertubatedBNStatistics\BN-Affine\shot3\Seed4
PertubatedBNStatistics,Disperssion+Seg-SADG,BN-Affine,BN-Affine,Seg-SADG,BN-Affine,bn_affine,shallow,0.1,0.1,1.0,0.05,0.1,0.001,0.0001,0.001,0.05,0.5,0.05,rho0p05,new_training,3,4,9,0.6627808034420013,0.6627807438373565,0.6603724300861359,0.04816617481410503,0.6167946696281433,0.8054955124855041,0.05,0.0,0.0,0.0,0.0005788938200566917,0.0,5.788938040041103e-08,10,108|154|53,39,all_filtered,9,True,D:\Running_Place\PostGraduateProjects\Experiments\PostGraduate\backbones\PertubatedBNStatistics\BN-Affine\shot3\Seed4
PertubatedBNStatistics,Disperssion+Seg-SADG,BN-Affine,BN-Affine,Seg-SADG,BN-Affine,bn_affine,shallow,0.1,0.1,1.0,0.05,0.1,0.001,0.0001,0.001,0.05,0.5,0.05,rho0p05,new_training,3,4,10,0.6209985554218292,0.6209984958171845,0.6190470814704895,0.03902834709733725,0.5777111351490021,0.7815296351909637,0.05,0.0,0.0,0.0,0.0006516095658298582,0.0,6.516095538700028e-08,10,108|154|53,39,all_filtered,9,True,D:\Running_Place\PostGraduateProjects\Experiments\PostGraduate\backbones\PertubatedBNStatistics\BN-Affine\shot3\Seed4
PertubatedBNStatistics,Disperssion+Seg-SADG,BN-Affine,BN-Affine,Seg-SADG,BN-Affine,bn_affine,shallow,0.1,0.1,1.0,0.05,0.1,0.001,0.0001,0.001,0.05,0.5,0.05,rho0p05,new_training,3,4,11,0.585333526134491,0.5853334665298462,0.5833688676357269,0.039292032923549415,0.541673219203949,0.7867710828781128,0.05,0.0,0.0,0.0,0.0007222476473543793,0.0,7.222476270385413e-08,10,108|154|53,39,all_filtered,9,True,D:\Running_Place\PostGraduateProjects\Experiments\PostGraduate\backbones\PertubatedBNStatistics\BN-Affine\shot3\Seed4
PertubatedBNStatistics,Disperssion+Seg-SADG,BN-Affine,BN-Affine,Seg-SADG,BN-Affine,bn_affine,shallow,0.1,0.1,1.0,0.05,0.1,0.001,0.0001,0.001,0.05,0.5,0.05,rho0p05,new_training,3,4,12,0.5498902857303619,0.5498902261257171,0.5487171411514282,0.023461634013801812,0.508853879570961,0.7348387897014618,0.05,0.0,0.0,0.0,0.0007779354404192418,0.0,7.779354120884818e-08,10,108|154|53,39,all_filtered,9,True,D:\Running_Place\PostGraduateProjects\Experiments\PostGraduate\backbones\PertubatedBNStatistics\BN-Affine\shot3\Seed4
PertubatedBNStatistics,Disperssion+Seg-SADG,BN-Affine,BN-Affine,Seg-SADG,BN-Affine,bn_affine,shallow,0.1,0.1,1.0,0.05,0.1,0.001,0.0001,0.001,0.05,0.5,0.05,rho0p05,new_training,3,4,13,0.5211831957101822,0.5211831331253052,0.5198774188756943,0.02611432895064354,0.4797560751438141,0.711797833442688,0.05,0.0,0.0,0.0,0.0008358112478163094,0.0,8.358112211226398e-08,10,108|154|53,39,all_filtered,9,True,D:\Running_Place\PostGraduateProjects\Experiments\PostGraduate\backbones\PertubatedBNStatistics\BN-Affine\shot3\Seed4
PertubatedBNStatistics,Disperssion+Seg-SADG,BN-Affine,BN-Affine,Seg-SADG,BN-Affine,bn_affine,shallow,0.1,0.1,1.0,0.05,0.1,0.001,0.0001,0.001,0.05,0.5,0.05,rho0p05,new_training,3,4,14,0.5076110810041428,0.5076109886169433,0.506246703863144,0.027285666856914758,0.46986672282218933,0.6852758407592774,0.05,0.0,0.0,0.0,0.0009069796418771148,0.0,9.06979629178295e-08,10,108|154|53,39,all_filtered,9,True,D:\Running_Place\PostGraduateProjects\Experiments\PostGraduate\backbones\PertubatedBNStatistics\BN-Affine\shot3\Seed4
PertubatedBNStatistics,Disperssion+Seg-SADG,BN-Affine,BN-Affine,Seg-SADG,BN-Affine,bn_affine,shallow,0.1,0.1,1.0,0.05,0.1,0.001,0.0001,0.001,0.05,0.5,0.05,rho0p05,new_training,3,4,15,0.4792468935251236,0.47924679815769194,0.4782348573207855,0.02023892980068922,0.44172056019306183,0.6809868812561035,0.05,0.0,0.0,0.0,0.000998711888678372,0.0,9.987118545495833e-08,10,108|154|53,39,all_filtered,9,True,D:\Running_Place\PostGraduateProjects\Experiments\PostGraduate\backbones\PertubatedBNStatistics\BN-Affine\shot3\Seed4
PertubatedBNStatistics,Disperssion+Seg-SADG,BN-Affine,BN-Affine,Seg-SADG,BN-Affine,bn_affine,shallow,0.1,0.1,1.0,0.05,0.1,0.001,0.0001,0.001,0.05,0.5,0.05,rho0p05,new_training,3,4,16,0.444068118929863,0.44406800270080565,0.44322786629199984,0.016802748758345844,0.41072838306427,0.5970391750335693,0.05,0.0,0.0,0.0,0.001072417094837874,0.0,1.0724170707021585e-07,10,108|154|53,39,all_filtered,9,True,D:\Running_Place\PostGraduateProjects\Experiments\PostGraduate\backbones\PertubatedBNStatistics\BN-Affine\shot3\Seed4
PertubatedBNStatistics,Disperssion+Seg-SADG,BN-Affine,BN-Affine,Seg-SADG,BN-Affine,bn_affine,shallow,0.1,0.1,1.0,0.05,0.1,0.001,0.0001,0.001,0.05,0.5,0.05,rho0p05,new_training,3,4,17,0.41522420644760133,0.4152240872383118,0.41460836827754977,0.012314412742853165,0.3838034003973007,0.5742031812667847,0.05,0.0,0.0,0.0,0.0011232765391469002,0.0,1.1232765118052157e-07,10,108|154|53,39,all_filtered,9,True,D:\Running_Place\PostGraduateProjects\Experiments\PostGraduate\backbones\PertubatedBNStatistics\BN-Affine\shot3\Seed4
PertubatedBNStatistics,Disperssion+Seg-SADG,BN-Affine,BN-Affine,Seg-SADG,BN-Affine,bn_affine,shallow,0.1,0.1,1.0,0.05,0.1,0.001,0.0001,0.001,0.05,0.5,0.05,rho0p05,new_training,3,4,18,0.3912769615650177,0.3912768423557281,0.3908075988292694,0.00938482042402029,0.3595717132091522,0.5669907867908478,0.05,0.0,0.0,0.0,0.0011671191663481296,0.0,1.1671191373352485e-07,10,108|154|53,39,all_filtered,9,True,D:\Running_Place\PostGraduateProjects\Experiments\PostGraduate\backbones\PertubatedBNStatistics\BN-Affine\shot3\Seed4
PertubatedBNStatistics,Disperssion+Seg-SADG,BN-Affine,BN-Affine,Seg-SADG,BN-Affine,bn_affine,shallow,0.1,0.1,1.0,0.05,0.1,0.001,0.0001,0.001,0.05,0.5,0.05,rho0p05,new_training,3,4,19,0.4019718855619431,0.4019717663526535,0.40117430984973906,0.015949102537706494,0.3554064631462097,0.6208911716938019,0.05,0.0,0.0,0.0,0.0012157915509305895,0.0,1.2157915207922088e-07,10,108|154|53,39,all_filtered,9,True,D:\Running_Place\PostGraduateProjects\Experiments\PostGraduate\backbones\PertubatedBNStatistics\BN-Affine\shot3\Seed4
PertubatedBNStatistics,Disperssion+Seg-SADG,BN-Affine,BN-Affine,Seg-SADG,BN-Affine,bn_affine,shallow,0.1,0.1,1.0,0.05,0.1,0.001,0.0001,0.001,0.05,0.5,0.05,rho0p05,new_training,3,4,20,0.4067231595516205,0.4067230254411697,0.4055593192577362,0.023274107091128825,0.3745700567960739,0.5847601473331452,0.05,0.0,0.0,0.0,0.0013464743038639425,0.0,1.3464742494306846e-07,10,108|154|53,39,all_filtered,9,True,D:\Running_Place\PostGraduateProjects\Experiments\PostGraduate\backbones\PertubatedBNStatistics\BN-Affine\shot3\Seed4
PertubatedBNStatistics,Disperssion+Seg-SADG,BN-Affine,BN-Affine,Seg-SADG,BN-Affine,bn_affine,shallow,0.1,0.1,1.0,0.05,0.1,0.001,0.0001,0.001,0.05,0.5,0.05,rho0p05,new_training,3,4,21,0.41668924391269685,0.4166890949010849,0.4154839128255844,0.02410360611975193,0.3767259448766708,0.807152408361435,0.05,0.0,0.0,0.0,0.0014912438113242389,0.0,1.4912437791281262e-07,10,108|154|53,39,all_filtered,9,True,D:\Running_Place\PostGraduateProjects\Experiments\PostGraduate\backbones\PertubatedBNStatistics\BN-Affine\shot3\Seed4
PertubatedBNStatistics,Disperssion+Seg-SADG,BN-Affine,BN-Affine,Seg-SADG,BN-Affine,bn_affine,shallow,0.1,0.1,1.0,0.05,0.1,0.001,0.0001,0.001,0.05,0.5,0.05,rho0p05,new_training,3,4,22,0.3875411093235016,0.3875409483909607,0.3863309293985367,0.024200371652841567,0.3482636034488678,0.6835830330848693,0.05,0.0,0.0,0.0,0.001624517107848078,0.0,1.6245170684214826e-07,10,108|154|53,39,all_filtered,9,True,D:\Running_Place\PostGraduateProjects\Experiments\PostGraduate\backbones\PertubatedBNStatistics\BN-Affine\shot3\Seed4
PertubatedBNStatistics,Disperssion+Seg-SADG,BN-Affine,BN-Affine,Seg-SADG,BN-Affine,bn_affine,shallow,0.1,0.1,1.0,0.05,0.1,0.001,0.0001,0.001,0.05,0.5,0.05,rho0p05,new_training,3,4,23,0.3394384205341339,0.3394382417201996,0.33884894847869873,0.011785931559279561,0.3115884900093079,0.4815706700086594,0.05,0.0,0.0,0.0,0.001766159851104021,0.0,1.766159812177648e-07,10,108|154|53,39,all_filtered,9,True,D:\Running_Place\PostGraduateProjects\Experiments\PostGraduate\backbones\PertubatedBNStatistics\BN-Affine\shot3\Seed4
PertubatedBNStatistics,Disperssion+Seg-SADG,BN-Affine,BN-Affine,Seg-SADG,BN-Affine,bn_affine,shallow,0.1,0.1,1.0,0.05,0.1,0.001,0.0001,0.001,0.05,0.5,0.05,rho0p05,new_training,3,4,24,0.3211163759231567,0.3211161881685257,0.32036711275577545,0.014981468580663205,0.2915966033935547,0.5370457112789154,0.05,0.0,0.0,0.0,0.0019040559767745436,0.0,1.904055920931569e-07,10,108|154|53,39,all_filtered,9,True,D:\Running_Place\PostGraduateProjects\Experiments\PostGraduate\backbones\PertubatedBNStatistics\BN-Affine\shot3\Seed4
PertubatedBNStatistics,Disperssion+Seg-SADG,BN-Affine,BN-Affine,Seg-SADG,BN-Affine,bn_affine,shallow,0.1,0.1,1.0,0.05,0.1,0.001,0.0001,0.001,0.05,0.5,0.05,rho0p05,new_training,3,4,25,0.2984520703554153,0.2984518617391586,0.2978997200727463,0.011042705411091447,0.2736686021089554,0.4283640801906586,0.05,0.0,0.0,0.0,0.0019917581463232636,0.0,1.991758068697891e-07,10,108|154|53,39,all_filtered,9,True,D:\Running_Place\PostGraduateProjects\Experiments\PostGraduate\backbones\PertubatedBNStatistics\BN-Affine\shot3\Seed4
PertubatedBNStatistics,Disperssion+Seg-SADG,BN-Affine,BN-Affine,Seg-SADG,BN-Affine,bn_affine,shallow,0.1,0.1,1.0,0.05,0.1,0.001,0.0001,0.001,0.05,0.5,0.05,rho0p05,new_training,3,4,26,0.2784696310758591,0.2784694224596024,0.2778009235858917,0.013369980035349727,0.25347876250743867,0.42759748697280886,0.05,0.0,0.0,0.0,0.0020557188894599677,0.0,2.055718837823406e-07,10,108|154|53,39,all_filtered,9,True,D:\Running_Place\PostGraduateProjects\Experiments\PostGraduate\backbones\PertubatedBNStatistics\BN-Affine\shot3\Seed4
PertubatedBNStatistics,Disperssion+Seg-SADG,BN-Affine,BN-Affine,Seg-SADG,BN-Affine,bn_affine,shallow,0.1,0.1,1.0,0.05,0.1,0.001,0.0001,0.001,0.05,0.5,0.05,rho0p05,new_training,3,4,27,0.2603190720081329,0.2603188633918762,0.2597558096051216,0.011261105118319393,0.2388344004750252,0.37404305934906007,0.05,0.0,0.0,0.0,0.002105642040260136,0.0,2.105641954130988e-07,10,108|154|53,39,all_filtered,9,True,D:\Running_Place\PostGraduateProjects\Experiments\PostGraduate\backbones\PertubatedBNStatistics\BN-Affine\shot3\Seed4
PertubatedBNStatistics,Disperssion+Seg-SADG,BN-Affine,BN-Affine,Seg-SADG,BN-Affine,bn_affine,shallow,0.1,0.1,1.0,0.05,0.1,0.001,0.0001,0.001,0.05,0.5,0.05,rho0p05,new_training,3,4,28,0.24152870923280717,0.24152849912643432,0.24103951454162598,0.009779720474034548,0.22199531495571137,0.3452470600605011,0.05,0.0,0.0,0.0,0.0021549332654103638,0.0,2.1549332274162225e-07,10,108|154|53,39,all_filtered,9,True,D:\Running_Place\PostGraduateProjects\Experiments\PostGraduate\backbones\PertubatedBNStatistics\BN-Affine\shot3\Seed4
PertubatedBNStatistics,Disperssion+Seg-SADG,BN-Affine,BN-Affine,Seg-SADG,BN-Affine,bn_affine,shallow,0.1,0.1,1.0,0.05,0.1,0.001,0.0001,0.001,0.05,0.5,0.05,rho0p05,new_training,3,4,29,0.23249911665916442,0.23249889314174652,0.23204397410154343,0.009098359430208803,0.2117377057671547,0.35216263234615325,0.05,0.0,0.0,0.0,0.0021701824152842164,0.0,2.1701823555986265e-07,10,108|154|53,39,all_filtered,9,True,D:\Running_Place\PostGraduateProjects\Experiments\PostGraduate\backbones\PertubatedBNStatistics\BN-Affine\shot3\Seed4
PertubatedBNStatistics,Disperssion+Seg-SADG,BN-Affine,BN-Affine,Seg-SADG,BN-Affine,bn_affine,shallow,0.1,0.1,1.0,0.05,0.1,0.001,0.0001,0.001,0.05,0.5,0.05,rho0p05,new_training,3,4,30,0.22133452743291854,0.22133430391550063,0.2208878979086876,0.008928125957027078,0.20258603543043135,0.32281957268714906,0.05,0.0,0.0,0.0,0.0022029342129826547,0.0,2.2029341550933168e-07,10,108|154|53,39,all_filtered,9,True,D:\Running_Place\PostGraduateProjects\Experiments\PostGraduate\backbones\PertubatedBNStatistics\BN-Affine\shot3\Seed4
PertubatedBNStatistics,Disperssion+Seg-SADG,BN-Affine,BN-Affine,Seg-SADG,BN-Affine,bn_affine,shallow,0.1,0.1,1.0,0.05,0.1,0.001,0.0001,0.001,0.05,0.5,0.05,rho0p05,new_training,3,4,31,0.2171584188938141,0.2171581953763962,0.21654002517461776,0.012363372091203927,0.19610705822706223,0.34660439789295194,0.05,0.0,0.0,0.0,0.0022231003735214473,0.0,2.2231003242723092e-07,10,108|154|53,39,all_filtered,9,True,D:\Running_Place\PostGraduateProjects\Experiments\PostGraduate\backbones\PertubatedBNStatistics\BN-Affine\shot3\Seed4
PertubatedBNStatistics,Disperssion+Seg-SADG,BN-Affine,BN-Affine,Seg-SADG,BN-Affine,bn_affine,shallow,0.1,0.1,1.0,0.05,0.1,0.001,0.0001,0.001,0.05,0.5,0.05,rho0p05,new_training,3,4,32,0.20944932252168655,0.20944909751415253,0.20894495397806168,0.010082871932536364,0.18854753375053407,0.3422406941652298,0.05,0.0,0.0,0.0,0.0022492740536108613,0.0,2.2492739759627511e-07,10,108|154|53,39,all_filtered,9,True,D:\Running_Place\PostGraduateProjects\Experiments\PostGraduate\backbones\PertubatedBNStatistics\BN-Affine\shot3\Seed4
PertubatedBNStatistics,Disperssion+Seg-SADG,BN-Affine,BN-Affine,Seg-SADG,BN-Affine,bn_affine,shallow,0.1,0.1,1.0,0.05,0.1,0.001,0.0001,0.001,0.05,0.5,0.05,rho0p05,new_training,3,4,33,0.1978486642241478,0.19784844070672988,0.1973596215248108,0.009776394022628665,0.17917569279670714,0.31323495507240295,0.05,0.0,0.0,0.0,0.002275255136191845,0.0,2.275255084782657e-07,10,108|154|53,39,all_filtered,9,True,D:\Running_Place\PostGraduateProjects\Experiments\PostGraduate\backbones\PertubatedBNStatistics\BN-Affine\shot3\Seed4
PertubatedBNStatistics,Disperssion+Seg-SADG,BN-Affine,BN-Affine,Seg-SADG,BN-Affine,bn_affine,shallow,0.1,0.1,1.0,0.05,0.1,0.001,0.0001,0.001,0.05,0.5,0.05,rho0p05,new_training,3,4,34,0.19599483907222748,0.19599461555480957,0.19540521055459975,0.011788087338209153,0.17407084554433822,0.32963053435087203,0.05,0.0,0.0,0.0,0.0022939034970477223,0.0,2.293903420991228e-07,10,108|154|53,39,all_filtered,9,True,D:\Running_Place\PostGraduateProjects\Experiments\PostGraduate\backbones\PertubatedBNStatistics\BN-Affine\shot3\Seed4
PertubatedBNStatistics,Disperssion+Seg-SADG,BN-Affine,BN-Affine,Seg-SADG,BN-Affine,bn_affine,shallow,0.1,0.1,1.0,0.05,0.1,0.001,0.0001,0.001,0.05,0.5,0.05,rho0p05,new_training,3,4,35,0.21081446409225463,0.21081423312425612,0.21004809588193893,0.01532275341451168,0.18363720774650574,0.4275012493133545,0.05,0.0,0.0,0.0,0.0023199419723823667,0.0,2.3199419274533284e-07,10,108|154|53,39,all_filtered,9,True,D:\Running_Place\PostGraduateProjects\Experiments\PostGraduate\backbones\PertubatedBNStatistics\BN-Affine\shot3\Seed4
PertubatedBNStatistics,Disperssion+Seg-SADG,BN-Affine,BN-Affine,Seg-SADG,BN-Affine,bn_affine,shallow,0.1,0.1,1.0,0.05,0.1,0.001,0.0001,0.001,0.05,0.5,0.05,rho0p05,new_training,3,4,36,0.19197402149438858,0.19197377413511277,0.19125919342041015,0.014291581697762012,0.17214637249708176,0.30835715085268023,0.05,0.0,0.0,0.0,0.002467522071674466,0.0,2.467521994731214e-07,10,108|154|53,39,all_filtered,9,True,D:\Running_Place\PostGraduateProjects\Experiments\PostGraduate\backbones\PertubatedBNStatistics\BN-Affine\shot3\Seed4
PertubatedBNStatistics,Disperssion+Seg-SADG,BN-Affine,BN-Affine,Seg-SADG,BN-Affine,bn_affine,shallow,0.1,0.1,1.0,0.05,0.1,0.001,0.0001,0.001,0.05,0.5,0.05,rho0p05,new_training,3,4,37,0.18200149685144423,0.18200123608112334,0.18139807283878326,0.01206320421770215,0.16261624097824096,0.30922314077615737,0.05,0.0,0.0,0.0,0.002609653025865555,0.0,2.6096529381902656e-07,10,108|154|53,39,all_filtered,9,True,D:\Running_Place\PostGraduateProjects\Experiments\PostGraduate\backbones\PertubatedBNStatistics\BN-Affine\shot3\Seed4
PertubatedBNStatistics,Disperssion+Seg-SADG,BN-Affine,BN-Affine,Seg-SADG,BN-Affine,bn_affine,shallow,0.1,0.1,1.0,0.05,0.1,0.001,0.0001,0.001,0.05,0.5,0.05,rho0p05,new_training,3,4,38,0.17832790017127992,0.17832763195037843,0.1777134507894516,0.012283594254404307,0.160456146299839,0.29594780057668685,0.05,0.0,0.0,0.0,0.0026982340263202787,0.0,2.698233970477304e-07,10,108|154|53,39,all_filtered,9,True,D:\Running_Place\PostGraduateProjects\Experiments\PostGraduate\backbones\PertubatedBNStatistics\BN-Affine\shot3\Seed4
PertubatedBNStatistics,Disperssion+Seg-SADG,BN-Affine,BN-Affine,Seg-SADG,BN-Affine,bn_affine,shallow,0.1,0.1,1.0,0.05,0.1,0.001,0.0001,0.001,0.05,0.5,0.05,rho0p05,new_training,3,4,39,0.16700613647699356,0.16700585782527924,0.16642214804887773,0.01167417922988534,0.15095435529947282,0.254138620197773,0.05,0.0,0.0,0.0,0.0027642050525173547,0.0,2.7642050213216864e-07,10,108|154|53,39,all_filtered,9,True,D:\Running_Place\PostGraduateProjects\Experiments\PostGraduate\backbones\PertubatedBNStatistics\BN-Affine\shot3\Seed4
PertubatedBNStatistics,Disperssion+Seg-SADG,BN-Affine,BN-Affine,Seg-SADG,BN-Affine,bn_affine,shallow,0.1,0.1,1.0,0.05,0.1,0.001,0.0001,0.001,0.05,0.5,0.05,rho0p05,new_training,3,4,40,0.16361436992883682,0.16361408680677414,0.16301595717668532,0.011962615046650171,0.14660596698522568,0.2674794927239418,0.05,0.0,0.0,0.0,0.0028233913006260993,0.0,2.823391270112552e-07,10,108|154|53,39,all_filtered,9,True,D:\Running_Place\PostGraduateProjects\Experiments\PostGraduate\backbones\PertubatedBNStatistics\BN-Affine\shot3\Seed4
PertubatedBNStatistics,Disperssion+Seg-SADG,BN-Affine,BN-Affine,Seg-SADG,BN-Affine,bn_affine,shallow,0.1,0.1,1.0,0.05,0.1,0.001,0.0001,0.001,0.05,0.5,0.05,rho0p05,new_training,3,4,41,0.15500405728816985,0.15500377416610717,0.15435735136270523,0.012928474228829145,0.13944823145866395,0.24614586383104325,0.05,0.0,0.0,0.0,0.0028651833767071367,0.0,2.865183290623463e-07,10,108|154|53,39,all_filtered,9,True,D:\Running_Place\PostGraduateProjects\Experiments\PostGraduate\backbones\PertubatedBNStatistics\BN-Affine\shot3\Seed4
PertubatedBNStatistics,Disperssion+Seg-SADG,BN-Affine,BN-Affine,Seg-SADG,BN-Affine,bn_affine,shallow,0.1,0.1,1.0,0.05,0.1,0.001,0.0001,0.001,0.05,0.5,0.05,rho0p05,new_training,3,4,42,0.1483623802661896,0.14836209267377853,0.14764954149723053,0.01425100676715374,0.13309574723243714,0.24044040888547896,0.05,0.0,0.0,0.0,0.002896732580848038,0.0,2.8967324965378794e-07,10,108|154|53,39,all_filtered,9,True,D:\Running_Place\PostGraduateProjects\Experiments\PostGraduate\backbones\PertubatedBNStatistics\BN-Affine\shot3\Seed4
PertubatedBNStatistics,Disperssion+Seg-SADG,BN-Affine,BN-Affine,Seg-SADG,BN-Affine,bn_affine,shallow,0.1,0.1,1.0,0.05,0.1,0.001,0.0001,0.001,0.05,0.5,0.05,rho0p05,new_training,3,4,43,0.1471428856253624,0.14714258909225464,0.14636440873146056,0.015563589334487916,0.1305244043469429,0.2555456057190895,0.05,0.0,0.0,0.0,0.0029160871403291822,0.0,2.9160870269606675e-07,10,108|154|53,39,all_filtered,9,True,D:\Running_Place\PostGraduateProjects\Experiments\PostGraduate\backbones\PertubatedBNStatistics\BN-Affine\shot3\Seed4
PertubatedBNStatistics,Disperssion+Seg-SADG,BN-Affine,BN-Affine,Seg-SADG,BN-Affine,bn_affine,shallow,0.1,0.1,1.0,0.05,0.1,0.001,0.0001,0.001,0.05,0.5,0.05,rho0p05,new_training,3,4,44,0.14121933206915854,0.14121903479099274,0.14056455790996553,0.013089569099247456,0.12573936730623245,0.23641405552625655,0.05,0.0,0.0,0.0,0.002934383763931692,0.0,2.9343837013584564e-07,10,108|154|53,39,all_filtered,9,True,D:\Running_Place\PostGraduateProjects\Experiments\PostGraduate\backbones\PertubatedBNStatistics\BN-Affine\shot3\Seed4
PertubatedBNStatistics,Disperssion+Seg-SADG,BN-Affine,BN-Affine,Seg-SADG,BN-Affine,bn_affine,shallow,0.1,0.1,1.0,0.05,0.1,0.001,0.0001,0.001,0.05,0.5,0.05,rho0p05,new_training,3,4,45,0.1384119138121605,0.13841161653399467,0.13778936862945557,0.012444989569485188,0.12352357655763627,0.23605547845363617,0.05,0.0,0.0,0.0,0.002944452897645533,0.0,2.944452802466913e-07,10,108|154|53,39,all_filtered,9,True,D:\Running_Place\PostGraduateProjects\Experiments\PostGraduate\backbones\PertubatedBNStatistics\BN-Affine\shot3\Seed4
PertubatedBNStatistics,Disperssion+Seg-SADG,BN-Affine,BN-Affine,Seg-SADG,BN-Affine,bn_affine,shallow,0.1,0.1,1.0,0.05,0.1,0.001,0.0001,0.001,0.05,0.5,0.05,rho0p05,new_training,3,4,46,0.13678739666938783,0.13678709864616395,0.13609035760164262,0.013934836070984603,0.12121570482850075,0.2415880650281906,0.05,0.0,0.0,0.0,0.0029701619176194074,0.0,2.9701618586841505e-07,10,108|154|53,39,all_filtered,9,True,D:\Running_Place\PostGraduateProjects\Experiments\PostGraduate\backbones\PertubatedBNStatistics\BN-Affine\shot3\Seed4
PertubatedBNStatistics,Disperssion+Seg-SADG,BN-Affine,BN-Affine,Seg-SADG,BN-Affine,bn_affine,shallow,0.1,0.1,1.0,0.05,0.1,0.001,0.0001,0.001,0.05,0.5,0.05,rho0p05,new_training,3,4,47,0.13068725690245628,0.1306869588792324,0.12994737923145294,0.014791607484221458,0.11692563518881798,0.21353820860385894,0.05,0.0,0.0,0.0,0.0029758997727185486,0.0,2.975899690227379e-07,10,108|154|53,39,all_filtered,9,True,D:\Running_Place\PostGraduateProjects\Experiments\PostGraduate\backbones\PertubatedBNStatistics\BN-Affine\shot3\Seed4
PertubatedBNStatistics,Disperssion+Seg-SADG,BN-Affine,BN-Affine,Seg-SADG,BN-Affine,bn_affine,shallow,0.1,0.1,1.0,0.05,0.1,0.001,0.0001,0.001,0.05,0.5,0.05,rho0p05,new_training,3,4,48,0.1262081280350685,0.12620783001184463,0.12560632601380348,0.012030083639547228,0.11264281868934631,0.20586102157831193,0.05,0.0,0.0,0.0,0.0029849841725081206,0.0,2.98498409279091e-07,10,108|154|53,39,all_filtered,9,True,D:\Running_Place\PostGraduateProjects\Experiments\PostGraduate\backbones\PertubatedBNStatistics\BN-Affine\shot3\Seed4
PertubatedBNStatistics,Disperssion+Seg-SADG,BN-Affine,BN-Affine,Seg-SADG,BN-Affine,bn_affine,shallow,0.1,0.1,1.0,0.05,0.1,0.001,0.0001,0.001,0.05,0.5,0.05,rho0p05,new_training,3,4,49,0.11980197131633759,0.11980167105793953,0.1191720798611641,0.012591806706041098,0.10783777683973313,0.18598070442676545,0.05,0.0,0.0,0.0,0.0030107418540865185,0.0,3.010741750131274e-07,10,108|154|53,39,all_filtered,9,True,D:\Running_Place\PostGraduateProjects\Experiments\PostGraduate\backbones\PertubatedBNStatistics\BN-Affine\shot3\Seed4
PertubatedBNStatistics,Disperssion+Seg-SADG,BN-Affine,BN-Affine,Seg-SADG,BN-Affine,bn_affine,shallow,0.1,0.1,1.0,0.05,0.1,0.001,0.0001,0.001,0.05,0.5,0.05,rho0p05,new_training,3,4,50,0.11867081150412559,0.11867050752043724,0.11805712953209876,0.012267568241804838,0.10584362968802452,0.19981971234083176,0.05,0.0,0.0,0.0,0.003027781075797975,0.0,3.027781019682152e-07,10,108|154|53,39,all_filtered,9,True,D:\Running_Place\PostGraduateProjects\Experiments\PostGraduate\backbones\PertubatedBNStatistics\BN-Affine\shot3\Seed4
PertubatedBNStatistics,Disperssion+Seg-SADG,BN-Affine,BN-Affine,Seg-SADG,BN-Affine,bn_affine,shallow,0.1,0.1,1.0,0.05,0.1,0.001,0.0001,0.001,0.05,0.5,0.05,rho0p05,new_training,3,4,51,0.12249702736735343,0.1224967248737812,0.12191515043377876,0.011631448660045863,0.10639336705207825,0.23686234951019286,0.05,0.0,0.0,0.0,0.0030323883518576624,0.0,3.032388235624239e-07,10,108|154|53,39,all_filtered,9,True,D:\Running_Place\PostGraduateProjects\Experiments\PostGraduate\backbones\PertubatedBNStatistics\BN-Affine\shot3\Seed4
PertubatedBNStatistics,Disperssion+Seg-SADG,BN-Affine,BN-Affine,Seg-SADG,BN-Affine,bn_affine,shallow,0.1,0.1,1.0,0.05,0.1,0.001,0.0001,0.001,0.05,0.5,0.05,rho0p05,new_training,3,4,52,0.12179002761840821,0.12178972065448761,0.12110244482755661,0.013745494280010461,0.1079725369811058,0.20947207510471344,0.05,0.0,0.0,0.0,0.0030629822285845876,0.0,3.062982131041281e-07,10,108|154|53,39,all_filtered,9,True,D:\Running_Place\PostGraduateProjects\Experiments\PostGraduate\backbones\PertubatedBNStatistics\BN-Affine\shot3\Seed4
PertubatedBNStatistics,Disperssion+Seg-SADG,BN-Affine,BN-Affine,Seg-SADG,BN-Affine,bn_affine,shallow,0.1,0.1,1.0,0.05,0.1,0.001,0.0001,0.001,0.05,0.5,0.05,rho0p05,new_training,3,4,53,0.11784427389502525,0.11784396693110466,0.11723545268177986,0.012170292250812054,0.10431517660617828,0.20996301472187043,0.05,0.0,0.0,0.0,0.003089205943979323,0.0,3.0892058475728847e-07,10,108|154|53,39,all_filtered,9,True,D:\Running_Place\PostGraduateProjects\Experiments\PostGraduate\backbones\PertubatedBNStatistics\BN-Affine\shot3\Seed4
PertubatedBNStatistics,Disperssion+Seg-SADG,BN-Affine,BN-Affine,Seg-SADG,BN-Affine,bn_affine,shallow,0.1,0.1,1.0,0.05,0.1,0.001,0.0001,0.001,0.05,0.5,0.05,rho0p05,new_training,3,4,54,0.11278063356876374,0.11278032064437866,0.11213301792740822,0.012946079019457102,0.10041687935590744,0.18814108222723008,0.05,0.0,0.0,0.0,0.0031282293610274793,0.0,3.128229280946471e-07,10,108|154|53,39,all_filtered,9,True,D:\Running_Place\PostGraduateProjects\Experiments\PostGraduate\backbones\PertubatedBNStatistics\BN-Affine\shot3\Seed4
PertubatedBNStatistics,Disperssion+Seg-SADG,BN-Affine,BN-Affine,Seg-SADG,BN-Affine,bn_affine,shallow,0.1,0.1,1.0,0.05,0.1,0.001,0.0001,0.001,0.05,0.5,0.05,rho0p05,new_training,3,4,55,0.10909448191523552,0.10909416824579239,0.10848945453763008,0.012094264291226864,0.09746025279164314,0.17920161336660384,0.05,0.0,0.0,0.0,0.0031545868841931224,0.0,3.1545867784643633e-07,10,108|154|53,39,all_filtered,9,True,D:\Running_Place\PostGraduateProjects\Experiments\PostGraduate\backbones\PertubatedBNStatistics\BN-Affine\shot3\Seed4
PertubatedBNStatistics,Disperssion+Seg-SADG,BN-Affine,BN-Affine,Seg-SADG,BN-Affine,bn_affine,shallow,0.1,0.1,1.0,0.05,0.1,0.001,0.0001,0.001,0.05,0.5,0.05,rho0p05,new_training,3,4,56,0.10883759707212448,0.10883727669715881,0.10823294296860694,0.012086682673543691,0.09584299325942994,0.19759291261434556,0.05,0.0,0.0,0.0,0.003177671949379146,0.0,3.1776718856235675e-07,10,108|154|53,39,all_filtered,9,True,D:\Running_Place\PostGraduateProjects\Experiments\PostGraduate\backbones\PertubatedBNStatistics\BN-Affine\shot3\Seed4
PertubatedBNStatistics,Disperssion+Seg-SADG,BN-Affine,BN-Affine,Seg-SADG,BN-Affine,bn_affine,shallow,0.1,0.1,1.0,0.05,0.1,0.001,0.0001,0.001,0.05,0.5,0.05,rho0p05,new_training,3,4,57,0.10577823147177697,0.1057779110968113,0.10520193800330162,0.011519475281238556,0.09332621693611146,0.18819049894809722,0.05,0.0,0.0,0.0,0.0031985789071768524,0.0,3.198578781393735e-07,10,108|154|53,39,all_filtered,9,True,D:\Running_Place\PostGraduateProjects\Experiments\PostGraduate\backbones\PertubatedBNStatistics\BN-Affine\shot3\Seed4
PertubatedBNStatistics,Disperssion+Seg-SADG,BN-Affine,BN-Affine,Seg-SADG,BN-Affine,bn_affine,shallow,0.1,0.1,1.0,0.05,0.1,0.001,0.0001,0.001,0.05,0.5,0.05,rho0p05,new_training,3,4,58,0.10437239035964012,0.10437206998467445,0.10379979237914086,0.011445549735799431,0.09140361547470092,0.18634232729673386,0.05,0.0,0.0,0.0,0.0032149079022929074,0.0,3.214907849269366e-07,10,108|154|53,39,all_filtered,9,True,D:\Running_Place\PostGraduateProjects\Experiments\PostGraduate\backbones\PertubatedBNStatistics\BN-Affine\shot3\Seed4
PertubatedBNStatistics,Disperssion+Seg-SADG,BN-Affine,BN-Affine,Seg-SADG,BN-Affine,bn_affine,shallow,0.1,0.1,1.0,0.05,0.1,0.001,0.0001,0.001,0.05,0.5,0.05,rho0p05,new_training,3,4,59,0.10124887228012085,0.10124855116009712,0.10072164908051491,0.010538025572896004,0.09000420346856117,0.17568686008453369,0.05,0.0,0.0,0.0,0.003230140567757189,0.0,3.230140464438591e-07,10,108|154|53,39,all_filtered,9,True,D:\Running_Place\PostGraduateProjects\Experiments\PostGraduate\backbones\PertubatedBNStatistics\BN-Affine\shot3\Seed4
PertubatedBNStatistics,Disperssion+Seg-SADG,BN-Affine,BN-Affine,Seg-SADG,BN-Affine,bn_affine,shallow,0.1,0.1,1.0,0.05,0.1,0.001,0.0001,0.001,0.05,0.5,0.05,rho0p05,new_training,3,4,60,0.10099418759346009,0.10099386423826218,0.10037737414240837,0.012329797400161624,0.08867052122950554,0.1797485813498497,0.05,0.0,0.0,0.0,0.003238141746260226,0.0,3.238141630390601e-07,10,108|154|53,39,all_filtered,9,True,D:\Running_Place\PostGraduateProjects\Experiments\PostGraduate\backbones\PertubatedBNStatistics\BN-Affine\shot3\Seed4
PertubatedBNStatistics,Disperssion+Seg-SADG,BN-Affine,BN-Affine,Seg-SADG,BN-Affine,bn_affine,shallow,0.1,0.1,1.0,0.05,0.1,0.001,0.0001,0.001,0.05,0.5,0.05,rho0p05,new_training,3,4,61,0.10054876729846,0.10054843947291374,0.10001088976860047,0.010751009266823531,0.08812740594148635,0.18914817720651628,0.05,0.0,0.0,0.0,0.003289800719358027,0.0,3.289800645234209e-07,10,108|154|53,39,all_filtered,9,True,D:\Running_Place\PostGraduateProjects\Experiments\PostGraduate\backbones\PertubatedBNStatistics\BN-Affine\shot3\Seed4
PertubatedBNStatistics,Disperssion+Seg-SADG,BN-Affine,BN-Affine,Seg-SADG,BN-Affine,bn_affine,shallow,0.1,0.1,1.0,0.05,0.1,0.001,0.0001,0.001,0.05,0.5,0.05,rho0p05,new_training,3,4,62,0.09907380566000938,0.09907347783446312,0.0985838644206524,0.009792255936190486,0.08658714368939399,0.18927474468946456,0.05,0.0,0.0,0.0,0.0032991742016747596,0.0,3.2991740965826467e-07,10,108|154|53,39,all_filtered,9,True,D:\Running_Place\PostGraduateProjects\Experiments\PostGraduate\backbones\PertubatedBNStatistics\BN-Affine\shot3\Seed4
PertubatedBNStatistics,Disperssion+Seg-SADG,BN-Affine,BN-Affine,Seg-SADG,BN-Affine,bn_affine,shallow,0.1,0.1,1.0,0.05,0.1,0.001,0.0001,0.001,0.05,0.5,0.05,rho0p05,new_training,3,4,63,0.09824845418334008,0.09824812039732933,0.09760193973779678,0.01292361058294773,0.08522680252790452,0.19518925100564957,0.05,0.0,0.0,0.0,0.003336782171390951,0.0,3.33678204356147e-07,10,108|154|53,39,all_filtered,9,True,D:\Running_Place\PostGraduateProjects\Experiments\PostGraduate\backbones\PertubatedBNStatistics\BN-Affine\shot3\Seed4
PertubatedBNStatistics,Disperssion+Seg-SADG,BN-Affine,BN-Affine,Seg-SADG,BN-Affine,bn_affine,shallow,0.1,0.1,1.0,0.05,0.1,0.001,0.0001,0.001,0.05,0.5,0.05,rho0p05,new_training,3,4,64,0.09435933157801628,0.09435899630188942,0.09384429305791855,0.01029404648579657,0.08270074278116227,0.1729486033320427,0.05,0.0,0.0,0.0,0.0033587085781618953,0.0,3.358708454470616e-07,10,108|154|53,39,all_filtered,9,True,D:\Running_Place\PostGraduateProjects\Experiments\PostGraduate\backbones\PertubatedBNStatistics\BN-Affine\shot3\Seed4
PertubatedBNStatistics,Disperssion+Seg-SADG,BN-Affine,BN-Affine,Seg-SADG,BN-Affine,bn_affine,shallow,0.1,0.1,1.0,0.05,0.1,0.001,0.0001,0.001,0.05,0.5,0.05,rho0p05,new_training,3,4,65,0.09208287671208382,0.09208254143595695,0.09158042296767235,0.010042357724159956,0.08094156607985496,0.1628708064556122,0.05,0.0,0.0,0.0,0.003380797686986625,0.0,3.380797636509669e-07,10,108|154|53,39,all_filtered,9,True,D:\Running_Place\PostGraduateProjects\Experiments\PostGraduate\backbones\PertubatedBNStatistics\BN-Affine\shot3\Seed4
PertubatedBNStatistics,Disperssion+Seg-SADG,BN-Affine,BN-Affine,Seg-SADG,BN-Affine,bn_affine,shallow,0.1,0.1,1.0,0.05,0.1,0.001,0.0001,0.001,0.05,0.5,0.05,rho0p05,new_training,3,4,66,0.09271782115101815,0.09271748214960099,0.09216064140200615,0.011136822029948234,0.08000813126564026,0.1812940940260887,0.05,0.0,0.0,0.0,0.0033918560715392233,0.0,3.3918559552148506e-07,10,108|154|53,39,all_filtered,9,True,D:\Running_Place\PostGraduateProjects\Experiments\PostGraduate\backbones\PertubatedBNStatistics\BN-Affine\shot3\Seed4
PertubatedBNStatistics,Disperssion+Seg-SADG,BN-Affine,BN-Affine,Seg-SADG,BN-Affine,bn_affine,shallow,0.1,0.1,1.0,0.05,0.1,0.001,0.0001,0.001,0.05,0.5,0.05,rho0p05,new_training,3,4,67,0.09145118892192841,0.09145084694027901,0.09098121523857117,0.009392630541697145,0.07993391305208206,0.17366191893815994,0.05,0.0,0.0,0.0,0.003398192743770778,0.0,3.398192689019197e-07,10,108|154|53,39,all_filtered,9,True,D:\Running_Place\PostGraduateProjects\Experiments\PostGraduate\backbones\PertubatedBNStatistics\BN-Affine\shot3\Seed4
PertubatedBNStatistics,Disperssion+Seg-SADG,BN-Affine,BN-Affine,Seg-SADG,BN-Affine,bn_affine,shallow,0.1,0.1,1.0,0.05,0.1,0.001,0.0001,0.001,0.05,0.5,0.05,rho0p05,new_training,3,4,68,0.09147228375077247,0.09147194102406501,0.09099319875240326,0.009574835700914264,0.07949720099568366,0.1833728387951851,0.05,0.0,0.0,0.0,0.0034304434200748803,0.0,3.430443342722356e-07,10,108|154|53,39,all_filtered,9,True,D:\Running_Place\PostGraduateProjects\Experiments\PostGraduate\backbones\PertubatedBNStatistics\BN-Affine\shot3\Seed4
PertubatedBNStatistics,Disperssion+Seg-SADG,BN-Affine,BN-Affine,Seg-SADG,BN-Affine,bn_affine,shallow,0.1,0.1,1.0,0.05,0.1,0.001,0.0001,0.001,0.05,0.5,0.05,rho0p05,new_training,3,4,69,0.0889980860054493,0.0889977402985096,0.08845193535089493,0.01091610686853528,0.076707424223423,0.182447300106287,0.05,0.0,0.0,0.0,0.0034646016312763093,0.0,3.464601519453936e-07,10,108|154|53,39,all_filtered,9,True,D:\Running_Place\PostGraduateProjects\Experiments\PostGraduate\backbones\PertubatedBNStatistics\BN-Affine\shot3\Seed4
PertubatedBNStatistics,Disperssion+Seg-SADG,BN-Affine,BN-Affine,Seg-SADG,BN-Affine,bn_affine,shallow,0.1,0.1,1.0,0.05,0.1,0.001,0.0001,0.001,0.05,0.5,0.05,rho0p05,new_training,3,4,70,0.0875653125345707,0.08756496235728264,0.08705665841698647,0.010166077967733144,0.07595784887671471,0.170555579662323,0.05,0.0,0.0,0.0,0.0034925863379612564,0.0,3.4925862451018476e-07,10,108|154|53,39,all_filtered,9,True,D:\Running_Place\PostGraduateProjects\Experiments\PostGraduate\backbones\PertubatedBNStatistics\BN-Affine\shot3\Seed4
PertubatedBNStatistics,Disperssion+Seg-SADG,BN-Affine,BN-Affine,Seg-SADG,BN-Affine,bn_affine,shallow,0.1,0.1,1.0,0.05,0.1,0.001,0.0001,0.001,0.05,0.5,0.05,rho0p05,new_training,3,4,71,0.08620337322354317,0.08620302230119706,0.08569605126976967,0.010139427985996008,0.07453682497143746,0.17053987085819244,0.05,0.0,0.0,0.0,0.0035268656676635144,0.0,3.5268656120024387e-07,10,108|154|53,39,all_filtered,9,True,D:\Running_Place\PostGraduateProjects\Experiments\PostGraduate\backbones\PertubatedBNStatistics\BN-Affine\shot3\Seed4
PertubatedBNStatistics,Disperssion+Seg-SADG,BN-Affine,BN-Affine,Seg-SADG,BN-Affine,bn_affine,shallow,0.1,0.1,1.0,0.05,0.1,0.001,0.0001,0.001,0.05,0.5,0.05,rho0p05,new_training,3,4,72,0.08541180044412613,0.08541144877672195,0.08493635132908821,0.009501951886340976,0.07393323332071304,0.16918250918388367,0.05,0.0,0.0,0.0,0.0035283754346892237,0.0,3.5283753447856724e-07,10,108|154|53,39,all_filtered,9,True,D:\Running_Place\PostGraduateProjects\Experiments\PostGraduate\backbones\PertubatedBNStatistics\BN-Affine\shot3\Seed4
PertubatedBNStatistics,Disperssion+Seg-SADG,BN-Affine,BN-Affine,Seg-SADG,BN-Affine,bn_affine,shallow,0.1,0.1,1.0,0.05,0.1,0.001,0.0001,0.001,0.05,0.5,0.05,rho0p05,new_training,3,4,73,0.08636038303375244,0.08636002540588379,0.08583707436919212,0.010459020966663957,0.07376057654619217,0.18519527912139894,0.05,0.0,0.0,0.0,0.0035680330125615,0.0,3.56803292334007e-07,10,108|154|53,39,all_filtered,9,True,D:\Running_Place\PostGraduateProjects\Experiments\PostGraduate\backbones\PertubatedBNStatistics\BN-Affine\shot3\Seed4
PertubatedBNStatistics,Disperssion+Seg-SADG,BN-Affine,BN-Affine,Seg-SADG,BN-Affine,bn_affine,shallow,0.1,0.1,1.0,0.05,0.1,0.001,0.0001,0.001,0.05,0.5,0.05,rho0p05,new_training,3,4,74,0.08397944867610932,0.08397908732295037,0.08351600095629692,0.009261701442301273,0.07283777445554733,0.16670266315340995,0.05,0.0,0.0,0.0,0.0036114129470661283,0.0,3.611412864756858e-07,10,108|154|53,39,all_filtered,9,True,D:\Running_Place\PostGraduateProjects\Experiments\PostGraduate\backbones\PertubatedBNStatistics\BN-Affine\shot3\Seed4
PertubatedBNStatistics,Disperssion+Seg-SADG,BN-Affine,BN-Affine,Seg-SADG,BN-Affine,bn_affine,shallow,0.1,0.1,1.0,0.05,0.1,0.001,0.0001,0.001,0.05,0.5,0.05,rho0p05,new_training,3,4,75,0.08488936200737954,0.08488899692893029,0.08440506085753441,0.00967871444299817,0.07275537103414535,0.18028750270605087,0.05,0.0,0.0,0.0,0.0036411426030099393,0.0,3.6411425128335397e-07,10,108|154|53,39,all_filtered,9,True,D:\Running_Place\PostGraduateProjects\Experiments\PostGraduate\backbones\PertubatedBNStatistics\BN-Affine\shot3\Seed4
PertubatedBNStatistics,Disperssion+Seg-SADG,BN-Affine,BN-Affine,Seg-SADG,BN-Affine,bn_affine,shallow,0.1,0.1,1.0,0.05,0.1,0.001,0.0001,0.001,0.05,0.5,0.05,rho0p05,new_training,3,4,76,0.08323765695095062,0.08323729187250137,0.08265228122472763,0.011700227204710246,0.07149857953190804,0.17568858787417413,0.05,0.0,0.0,0.0,0.003670102939940989,0.0,3.670102842079359e-07,10,108|154|53,39,all_filtered,9,True,D:\Running_Place\PostGraduateProjects\Experiments\PostGraduate\backbones\PertubatedBNStatistics\BN-Affine\shot3\Seed4
PertubatedBNStatistics,Disperssion+Seg-SADG,BN-Affine,BN-Affine,Seg-SADG,BN-Affine,bn_affine,shallow,0.1,0.1,1.0,0.05,0.1,0.001,0.0001,0.001,0.05,0.5,0.05,rho0p05,new_training,3,4,77,0.08685974478721618,0.08685937747359276,0.08634731397032738,0.010241264337673783,0.07276945114135742,0.19965302646160127,0.05,0.0,0.0,0.0,0.003685453976504505,0.0,3.685453833668362e-07,10,108|154|53,39,all_filtered,9,True,D:\Running_Place\PostGraduateProjects\Experiments\PostGraduate\backbones\PertubatedBNStatistics\BN-Affine\shot3\Seed4
PertubatedBNStatistics,Disperssion+Seg-SADG,BN-Affine,BN-Affine,Seg-SADG,BN-Affine,bn_affine,shallow,0.1,0.1,1.0,0.05,0.1,0.001,0.0001,0.001,0.05,0.5,0.05,rho0p05,new_training,3,4,78,0.08527971506118774,0.08527934402227402,0.08483977690339088,0.00879134745337069,0.07342932224273682,0.1836373120546341,0.05,0.0,0.0,0.0,0.003709458536468446,0.0,3.709458411549349e-07,10,108|154|53,39,all_filtered,9,True,D:\Running_Place\PostGraduateProjects\Experiments\PostGraduate\backbones\PertubatedBNStatistics\BN-Affine\shot3\Seed4
PertubatedBNStatistics,Disperssion+Seg-SADG,BN-Affine,BN-Affine,Seg-SADG,BN-Affine,bn_affine,shallow,0.1,0.1,1.0,0.05,0.1,0.001,0.0001,0.001,0.05,0.5,0.05,rho0p05,new_training,3,4,79,0.08234266415238381,0.08234228864312172,0.08185667172074318,0.00971234436146915,0.0711094819009304,0.1708711013197899,0.05,0.0,0.0,0.0,0.003759537125006318,0.0,3.7595370372400794e-07,10,108|154|53,39,all_filtered,9,True,D:\Running_Place\PostGraduateProjects\Experiments\PostGraduate\backbones\PertubatedBNStatistics\BN-Affine\shot3\Seed4
PertubatedBNStatistics,Disperssion+Seg-SADG,BN-Affine,BN-Affine,Seg-SADG,BN-Affine,bn_affine,shallow,0.1,0.1,1.0,0.05,0.1,0.001,0.0001,0.001,0.05,0.5,0.05,rho0p05,new_training,3,4,80,0.07860558032989502,0.07860520035028458,0.07808579578995704,0.010388095956295728,0.0683761864900589,0.15325592011213302,0.05,0.0,0.0,0.0,0.003807564405724406,0.0,3.807564297630961e-07,10,108|154|53,39,all_filtered,9,True,D:\Running_Place\PostGraduateProjects\Experiments\PostGraduate\backbones\PertubatedBNStatistics\BN-Affine\shot3\Seed4
PertubatedBNStatistics,Disperssion+Seg-SADG,BN-Affine,BN-Affine,Seg-SADG,BN-Affine,bn_affine,shallow,0.1,0.1,1.0,0.05,0.1,0.001,0.0001,0.001,0.05,0.5,0.05,rho0p05,new_training,3,4,81,0.07720556631684303,0.07720518559217453,0.07673700526356697,0.009363607037812471,0.06689718589186669,0.15167614594101905,0.05,0.0,0.0,0.0,0.003811885043978691,0.0,3.811884909055152e-07,10,108|154|53,39,all_filtered,9,True,D:\Running_Place\PostGraduateProjects\Experiments\PostGraduate\backbones\PertubatedBNStatistics\BN-Affine\shot3\Seed4
PertubatedBNStatistics,Disperssion+Seg-SADG,BN-Affine,BN-Affine,Seg-SADG,BN-Affine,bn_affine,shallow,0.1,0.1,1.0,0.05,0.1,0.001,0.0001,0.001,0.05,0.5,0.05,rho0p05,new_training,3,4,82,0.07392076700925827,0.07392038032412529,0.07348583787679672,0.008690848480910063,0.06479870118200778,0.1353470765054226,0.05,0.0,0.0,0.0,0.0038517692824825644,0.0,3.8517691791639663e-07,10,108|154|53,39,all_filtered,9,True,D:\Running_Place\PostGraduateProjects\Experiments\PostGraduate\backbones\PertubatedBNStatistics\BN-Affine\shot3\Seed4
PertubatedBNStatistics,Disperssion+Seg-SADG,BN-Affine,BN-Affine,Seg-SADG,BN-Affine,bn_affine,shallow,0.1,0.1,1.0,0.05,0.1,0.001,0.0001,0.001,0.05,0.5,0.05,rho0p05,new_training,3,4,83,0.07371602207422256,0.07371563464403152,0.07327881380915642,0.008736428571864963,0.06378020569682122,0.14420444741845131,0.05,0.0,0.0,0.0,0.0038772268686443566,0.0,3.877226760096164e-07,10,108|154|53,39,all_filtered,9,True,D:\Running_Place\PostGraduateProjects\Experiments\PostGraduate\backbones\PertubatedBNStatistics\BN-Affine\shot3\Seed4
PertubatedBNStatistics,Disperssion+Seg-SADG,BN-Affine,BN-Affine,Seg-SADG,BN-Affine,bn_affine,shallow,0.1,0.1,1.0,0.05,0.1,0.001,0.0001,0.001,0.05,0.5,0.05,rho0p05,new_training,3,4,84,0.0736576832830906,0.07365729585289955,0.07321752831339837,0.008795366995036602,0.06342500671744347,0.14873469844460488,0.05,0.0,0.0,0.0,0.0038978302152827384,0.0,3.8978300835879055e-07,10,108|154|53,39,all_filtered,9,True,D:\Running_Place\PostGraduateProjects\Experiments\PostGraduate\backbones\PertubatedBNStatistics\BN-Affine\shot3\Seed4
PertubatedBNStatistics,Disperssion+Seg-SADG,BN-Affine,BN-Affine,Seg-SADG,BN-Affine,bn_affine,shallow,0.1,0.1,1.0,0.05,0.1,0.001,0.0001,0.001,0.05,0.5,0.05,rho0p05,new_training,3,4,85,0.07227431535720825,0.07227392569184303,0.0718504510819912,0.008469486609101295,0.06255347020924092,0.14429544508457184,0.05,0.0,0.0,0.0,0.003905943129211664,0.0,3.905943032123105e-07,10,108|154|53,39,all_filtered,9,True,D:\Running_Place\PostGraduateProjects\Experiments\PostGraduate\backbones\PertubatedBNStatistics\BN-Affine\shot3\Seed4
PertubatedBNStatistics,Disperssion+Seg-SADG,BN-Affine,BN-Affine,Seg-SADG,BN-Affine,bn_affine,shallow,0.1,0.1,1.0,0.05,0.1,0.001,0.0001,0.001,0.05,0.5,0.05,rho0p05,new_training,3,4,86,0.07376892417669297,0.07376853674650193,0.07332108840346337,0.008948958944529295,0.06274294778704644,0.16407569497823715,0.05,0.0,0.0,0.0,0.0039013178320601583,0.0,3.9013177115521104e-07,10,108|154|53,39,all_filtered,9,True,D:\Running_Place\PostGraduateProjects\Experiments\PostGraduate\backbones\PertubatedBNStatistics\BN-Affine\shot3\Seed4
PertubatedBNStatistics,Disperssion+Seg-SADG,BN-Affine,BN-Affine,Seg-SADG,BN-Affine,bn_affine,shallow,0.1,0.1,1.0,0.05,0.1,0.001,0.0001,0.001,0.05,0.5,0.05,rho0p05,new_training,3,4,87,0.07149882689118385,0.07149843238294125,0.07114940360188485,0.006980569707229734,0.061756069958209994,0.14654989391565323,0.05,0.0,0.0,0.0,0.003929618420079351,0.0,3.929618344500341e-07,10,108|154|53,39,all_filtered,9,True,D:\Running_Place\PostGraduateProjects\Experiments\PostGraduate\backbones\PertubatedBNStatistics\BN-Affine\shot3\Seed4
PertubatedBNStatistics,Disperssion+Seg-SADG,BN-Affine,BN-Affine,Seg-SADG,BN-Affine,bn_affine,shallow,0.1,0.1,1.0,0.05,0.1,0.001,0.0001,0.001,0.05,0.5,0.05,rho0p05,new_training,3,4,88,0.07079964503645897,0.07079925015568733,0.07037747353315353,0.008435522811487317,0.06087293103337288,0.14672477468848227,0.05,0.0,0.0,0.0,0.003961287438869476,0.0,3.961287291076587e-07,10,108|154|53,39,all_filtered,9,True,D:\Running_Place\PostGraduateProjects\Experiments\PostGraduate\backbones\PertubatedBNStatistics\BN-Affine\shot3\Seed4
PertubatedBNStatistics,Disperssion+Seg-SADG,BN-Affine,BN-Affine,Seg-SADG,BN-Affine,bn_affine,shallow,0.1,0.1,1.0,0.05,0.1,0.001,0.0001,0.001,0.05,0.5,0.05,rho0p05,new_training,3,4,89,0.06816388592123986,0.06816348880529403,0.06775979176163674,0.008073927136138082,0.05875541269779205,0.13431960567831994,0.05,0.0,0.0,0.0,0.0039797989185899494,0.0,3.97979880517596e-07,10,108|154|53,39,all_filtered,9,True,D:\Running_Place\PostGraduateProjects\Experiments\PostGraduate\backbones\PertubatedBNStatistics\BN-Affine\shot3\Seed4
PertubatedBNStatistics,Disperssion+Seg-SADG,BN-Affine,BN-Affine,Seg-SADG,BN-Affine,bn_affine,shallow,0.1,0.1,1.0,0.05,0.1,0.001,0.0001,0.001,0.05,0.5,0.05,rho0p05,new_training,3,4,90,0.06711056604981422,0.06711016371846198,0.06670801714062691,0.00804293192923069,0.05791241340339184,0.13470055982470514,0.05,0.0,0.0,0.0,0.004007535753771663,0.0,4.0075356935176385e-07,10,108|154|53,39,all_filtered,9,True,D:\Running_Place\PostGraduateProjects\Experiments\PostGraduate\backbones\PertubatedBNStatistics\BN-Affine\shot3\Seed4
PertubatedBNStatistics,Disperssion+Seg-SADG,BN-Affine,BN-Affine,Seg-SADG,BN-Affine,bn_affine,shallow,0.1,0.1,1.0,0.05,0.1,0.001,0.0001,0.001,0.05,0.5,0.05,rho0p05,new_training,3,4,91,0.06753526479005814,0.06753486394882202,0.06713771931827069,0.007942885532975197,0.05755494087934494,0.1435464344918728,0.05,0.0,0.0,0.0,0.003998205671086908,0.0,3.9982055568543726e-07,10,108|154|53,39,all_filtered,9,True,D:\Running_Place\PostGraduateProjects\Experiments\PostGraduate\backbones\PertubatedBNStatistics\BN-Affine\shot3\Seed4
PertubatedBNStatistics,Disperssion+Seg-SADG,BN-Affine,BN-Affine,Seg-SADG,BN-Affine,bn_affine,shallow,0.1,0.1,1.0,0.05,0.1,0.001,0.0001,0.001,0.05,0.5,0.05,rho0p05,new_training,3,4,92,0.06881583146750928,0.06881542913615704,0.06841683946549892,0.007971821632236243,0.058417646959424016,0.15225195437669753,0.05,0.0,0.0,0.0,0.0040326404850929976,0.0,4.0326403905055486e-07,10,108|154|53,39,all_filtered,9,True,D:\Running_Place\PostGraduateProjects\Experiments\PostGraduate\backbones\PertubatedBNStatistics\BN-Affine\shot3\Seed4
PertubatedBNStatistics,Disperssion+Seg-SADG,BN-Affine,BN-Affine,Seg-SADG,BN-Affine,bn_affine,shallow,0.1,0.1,1.0,0.05,0.1,0.001,0.0001,0.001,0.05,0.5,0.05,rho0p05,new_training,3,4,93,0.06713152192533016,0.06713111847639083,0.06673765815794468,0.007869213540107011,0.057073427736759184,0.14874397069215775,0.05,0.0,0.0,0.0,0.004049144079908728,0.0,4.049143996098792e-07,10,108|154|53,39,all_filtered,9,True,D:\Running_Place\PostGraduateProjects\Experiments\PostGraduate\backbones\PertubatedBNStatistics\BN-Affine\shot3\Seed4
PertubatedBNStatistics,Disperssion+Seg-SADG,BN-Affine,BN-Affine,Seg-SADG,BN-Affine,bn_affine,shallow,0.1,0.1,1.0,0.05,0.1,0.001,0.0001,0.001,0.05,0.5,0.05,rho0p05,new_training,3,4,94,0.06410518102347851,0.06410477310419083,0.06374548375606537,0.007185766939073801,0.055345353484153745,0.12964145615696906,0.05,0.0,0.0,0.0,0.004069780884310603,0.0,4.0697807719425326e-07,10,108|154|53,39,all_filtered,9,True,D:\Running_Place\PostGraduateProjects\Experiments\PostGraduate\backbones\PertubatedBNStatistics\BN-Affine\shot3\Seed4
PertubatedBNStatistics,Disperssion+Seg-SADG,BN-Affine,BN-Affine,Seg-SADG,BN-Affine,bn_affine,shallow,0.1,0.1,1.0,0.05,0.1,0.001,0.0001,0.001,0.05,0.5,0.05,rho0p05,new_training,3,4,95,0.06586114428937435,0.06586073487997054,0.06550331860780716,0.007148334570229053,0.05571230165660381,0.14616685956716538,0.05,0.0,0.0,0.0,0.004083355003967881,0.0,4.0833548951013656e-07,10,108|154|53,39,all_filtered,9,True,D:\Running_Place\PostGraduateProjects\Experiments\PostGraduate\backbones\PertubatedBNStatistics\BN-Affine\shot3\Seed4
PertubatedBNStatistics,Disperssion+Seg-SADG,BN-Affine,BN-Affine,Seg-SADG,BN-Affine,bn_affine,shallow,0.1,0.1,1.0,0.05,0.1,0.001,0.0001,0.001,0.05,0.5,0.05,rho0p05,new_training,3,4,96,0.06695464551448822,0.06695423573255539,0.0665905863046646,0.0072730327490717174,0.056070543453097345,0.15954961329698564,0.05,0.0,0.0,0.0,0.004102270165458321,0.0,4.102270111161488e-07,10,108|154|53,39,all_filtered,9,True,D:\Running_Place\PostGraduateProjects\Experiments\PostGraduate\backbones\PertubatedBNStatistics\BN-Affine\shot3\Seed4
PertubatedBNStatistics,Disperssion+Seg-SADG,BN-Affine,BN-Affine,Seg-SADG,BN-Affine,bn_affine,shallow,0.1,0.1,1.0,0.05,0.1,0.001,0.0001,0.001,0.05,0.5,0.05,rho0p05,new_training,3,4,97,0.06565891206264496,0.06565849669277668,0.06527727693319321,0.007624419080093503,0.05556255467236042,0.1460153229534626,0.05,0.0,0.0,0.0,0.004151168838143348,0.0,4.151168724320087e-07,10,108|154|53,39,all_filtered,9,True,D:\Running_Place\PostGraduateProjects\Experiments\PostGraduate\backbones\PertubatedBNStatistics\BN-Affine\shot3\Seed4
PertubatedBNStatistics,Disperssion+Seg-SADG,BN-Affine,BN-Affine,Seg-SADG,BN-Affine,bn_affine,shallow,0.1,0.1,1.0,0.05,0.1,0.001,0.0001,0.001,0.05,0.5,0.05,rho0p05,new_training,3,4,98,0.06372429467737675,0.0637238785624504,0.06333760656416416,0.007725426647812128,0.054810640215873715,0.13180844709277154,0.05,0.0,0.0,0.0,0.004151713429018855,0.0,4.1517133126944826e-07,10,108|154|53,39,all_filtered,9,True,D:\Running_Place\PostGraduateProjects\Experiments\PostGraduate\backbones\PertubatedBNStatistics\BN-Affine\shot3\Seed4
PertubatedBNStatistics,Disperssion+Seg-SADG,BN-Affine,BN-Affine,Seg-SADG,BN-Affine,bn_affine,shallow,0.1,0.1,1.0,0.05,0.1,0.001,0.0001,0.001,0.05,0.5,0.05,rho0p05,new_training,3,4,99,0.06183665059506893,0.06183623224496841,0.06148342043161392,0.007056229328736663,0.05332357473671436,0.12401242107152939,0.05,0.0,0.0,0.0,0.004195560747757554,0.0,4.195560620701144e-07,10,108|154|53,39,all_filtered,9,True,D:\Running_Place\PostGraduateProjects\Experiments\PostGraduate\backbones\PertubatedBNStatistics\BN-Affine\shot3\Seed4
PertubatedBNStatistics,Disperssion+Seg-SADG,BN-Affine,BN-Affine,Seg-SADG,BN-Affine,bn_affine,shallow,0.1,0.1,1.0,0.05,0.1,0.001,0.0001,0.001,0.05,0.5,0.05,rho0p05,new_training,3,4,100,0.06127477064728737,0.06127434968948364,0.060904307290911674,0.00740084545686841,0.05254176035523415,0.12656652107834815,0.05,0.0,0.0,0.0,0.004209497896954417,0.0,4.2094978311979505e-07,10,108|154|53,39,all_filtered,9,True,D:\Running_Place\PostGraduateProjects\Experiments\PostGraduate\backbones\PertubatedBNStatistics\BN-Affine\shot3\Seed4
PertubatedBNStatistics,Disperssion+Seg-SADG,BN-Affine,BN-Affine,Seg-SADG,BN-Affine,bn_affine,shallow,0.1,0.1,1.0,0.05,0.1,0.001,0.0001,0.001,0.05,0.5,0.05,rho0p05,new_training,3,4,101,0.059567606449127196,0.05956718325614929,0.059248647466301915,0.006370710302144289,0.05164607129991054,0.12010139599442482,0.05,0.0,0.0,0.0,0.004236251395195722,0.0,4.236251271549918e-07,10,108|154|53,39,all_filtered,9,True,D:\Running_Place\PostGraduateProjects\Experiments\PostGraduate\backbones\PertubatedBNStatistics\BN-Affine\shot3\Seed4
PertubatedBNStatistics,Disperssion+Seg-SADG,BN-Affine,BN-Affine,Seg-SADG,BN-Affine,bn_affine,shallow,0.1,0.1,1.0,0.05,0.1,0.001,0.0001,0.001,0.05,0.5,0.05,rho0p05,new_training,3,4,102,0.0594091322273016,0.05940870754420757,0.05907313749194145,0.006711413292214275,0.050866851955652236,0.12378884702920914,0.05,0.0,0.0,0.0,0.004249158408492803,0.0,4.2491583087667093e-07,10,108|154|53,39,all_filtered,9,True,D:\Running_Place\PostGraduateProjects\Experiments\PostGraduate\backbones\PertubatedBNStatistics\BN-Affine\shot3\Seed4
PertubatedBNStatistics,Disperssion+Seg-SADG,BN-Affine,BN-Affine,Seg-SADG,BN-Affine,bn_affine,shallow,0.1,0.1,1.0,0.05,0.1,0.001,0.0001,0.001,0.05,0.5,0.05,rho0p05,new_training,3,4,103,0.059632708132266996,0.059632282704114914,0.0592654824256897,0.007336000353097916,0.050305230915546416,0.13330898582935333,0.05,0.0,0.0,0.0,0.004260330088436603,0.0,4.26032994482739e-07,10,108|154|53,39,all_filtered,9,True,D:\Running_Place\PostGraduateProjects\Experiments\PostGraduate\backbones\PertubatedBNStatistics\BN-Affine\shot3\Seed4
PertubatedBNStatistics,Disperssion+Seg-SADG,BN-Affine,BN-Affine,Seg-SADG,BN-Affine,bn_affine,shallow,0.1,0.1,1.0,0.05,0.1,0.001,0.0001,0.001,0.05,0.5,0.05,rho0p05,new_training,3,4,104,0.0584774412214756,0.058477015048265454,0.058141008391976355,0.006720112636685371,0.049299053847789764,0.12814226746559143,0.05,0.0,0.0,0.0,0.0042666865978389975,0.0,4.266686516984919e-07,10,108|154|53,39,all_filtered,9,True,D:\Running_Place\PostGraduateProjects\Experiments\PostGraduate\backbones\PertubatedBNStatistics\BN-Affine\shot3\Seed4
PertubatedBNStatistics,Disperssion+Seg-SADG,BN-Affine,BN-Affine,Seg-SADG,BN-Affine,bn_affine,shallow,0.1,0.1,1.0,0.05,0.1,0.001,0.0001,0.001,0.05,0.5,0.05,rho0p05,new_training,3,4,105,0.05909041166305542,0.059089983627200124,0.05880944207310677,0.005610835459083319,0.050529710948467255,0.13033091574907302,0.05,0.0,0.0,0.0,0.004273526882752776,0.0,4.273526769793534e-07,10,108|154|53,39,all_filtered,9,True,D:\Running_Place\PostGraduateProjects\Experiments\PostGraduate\backbones\PertubatedBNStatistics\BN-Affine\shot3\Seed4
PertubatedBNStatistics,Disperssion+Seg-SADG,BN-Affine,BN-Affine,Seg-SADG,BN-Affine,bn_affine,shallow,0.1,0.1,1.0,0.05,0.1,0.001,0.0001,0.001,0.05,0.5,0.05,rho0p05,new_training,3,4,106,0.06062724553048611,0.06062681302428245,0.06029172874987125,0.006701677618548274,0.05006631687283516,0.1507934771478176,0.05,0.0,0.0,0.0,0.004321671929210425,0.0,4.3216718097482955e-07,10,108|154|53,39,all_filtered,9,True,D:\Running_Place\PostGraduateProjects\Experiments\PostGraduate\backbones\PertubatedBNStatistics\BN-Affine\shot3\Seed4
PertubatedBNStatistics,Disperssion+Seg-SADG,BN-Affine,BN-Affine,Seg-SADG,BN-Affine,bn_affine,shallow,0.1,0.1,1.0,0.05,0.1,0.001,0.0001,0.001,0.05,0.5,0.05,rho0p05,new_training,3,4,107,0.06062743626534939,0.0606270007789135,0.06029543690383434,0.006631272006779909,0.050531923025846484,0.14850987046957015,0.05,0.0,0.0,0.0,0.004353289352729916,0.0,4.353289227765345e-07,10,108|154|53,39,all_filtered,9,True,D:\Running_Place\PostGraduateProjects\Experiments\PostGraduate\backbones\PertubatedBNStatistics\BN-Affine\shot3\Seed4
PertubatedBNStatistics,Disperssion+Seg-SADG,BN-Affine,BN-Affine,Seg-SADG,BN-Affine,bn_affine,shallow,0.1,0.1,1.0,0.05,0.1,0.001,0.0001,0.001,0.05,0.5,0.05,rho0p05,new_training,3,4,108,0.07548522390425205,0.07548478581011295,0.07506450340151787,0.00840568314306438,0.05761865712702274,0.21437068283557892,0.05,0.0,0.0,0.0,0.004379845736548304,0.0,4.3798456204058314e-07,10,108|154|53,39,all_filtered,9,True,D:\Running_Place\PostGraduateProjects\Experiments\PostGraduate\backbones\PertubatedBNStatistics\BN-Affine\shot3\Seed4
PertubatedBNStatistics,Disperssion+Seg-SADG,BN-Affine,BN-Affine,Seg-SADG,BN-Affine,bn_affine,shallow,0.1,0.1,1.0,0.05,0.1,0.001,0.0001,0.001,0.05,0.5,0.05,rho0p05,new_training,3,4,109,0.08882304653525352,0.0888226017355919,0.08832177221775055,0.010016597947105766,0.07177414149045944,0.2665672436356544,0.05,0.0,0.0,0.0,0.00444681216031313,0.0,4.4468120847795943e-07,10,108|154|53,39,all_filtered,9,True,D:\Running_Place\PostGraduateProjects\Experiments\PostGraduate\backbones\PertubatedBNStatistics\BN-Affine\shot3\Seed4
PertubatedBNStatistics,Disperssion+Seg-SADG,BN-Affine,BN-Affine,Seg-SADG,BN-Affine,bn_affine,shallow,0.1,0.1,1.0,0.05,0.1,0.001,0.0001,0.001,0.05,0.5,0.05,rho0p05,new_training,3,4,110,0.08066385462880135,0.08066339641809464,0.08013004437088966,0.010667043272405863,0.06773941107094288,0.2101045146584511,0.05,0.0,0.0,0.0,0.004577174922451377,0.0,4.577174763653602e-07,10,108|154|53,39,all_filtered,9,True,D:\Running_Place\PostGraduateProjects\Experiments\PostGraduate\backbones\PertubatedBNStatistics\BN-Affine\shot3\Seed4
PertubatedBNStatistics,Disperssion+Seg-SADG,BN-Affine,BN-Affine,Seg-SADG,BN-Affine,bn_affine,shallow,0.1,0.1,1.0,0.05,0.1,0.001,0.0001,0.001,0.05,0.5,0.05,rho0p05,new_training,3,4,111,0.07007924765348435,0.07007878050208091,0.06952146962285041,0.011146224848926068,0.05954530201852322,0.15712327957153321,0.05,0.0,0.0,0.0,0.00467334920540452,0.0,4.6733490535189046e-07,10,108|154|53,39,all_filtered,9,True,D:\Running_Place\PostGraduateProjects\Experiments\PostGraduate\backbones\PertubatedBNStatistics\BN-Affine\shot3\Seed4
PertubatedBNStatistics,Disperssion+Seg-SADG,BN-Affine,BN-Affine,Seg-SADG,BN-Affine,bn_affine,shallow,0.1,0.1,1.0,0.05,0.1,0.001,0.0001,0.001,0.05,0.5,0.05,rho0p05,new_training,3,4,112,0.06710848845541477,0.0671080131083727,0.06667472459375859,0.008665762282907963,0.05617399588227272,0.1538924366235733,0.05,0.0,0.0,0.0,0.004740302497521043,0.0,4.740302415484621e-07,10,108|154|53,39,all_filtered,9,True,D:\Running_Place\PostGraduateProjects\Experiments\PostGraduate\backbones\PertubatedBNStatistics\BN-Affine\shot3\Seed4
PertubatedBNStatistics,Disperssion+Seg-SADG,BN-Affine,BN-Affine,Seg-SADG,BN-Affine,bn_affine,shallow,0.1,0.1,1.0,0.05,0.1,0.001,0.0001,0.001,0.05,0.5,0.05,rho0p05,new_training,3,4,113,0.065083047747612,0.06508257165551186,0.06465645805001259,0.008522259863093495,0.05472552180290222,0.15317710265517234,0.05,0.0,0.0,0.0,0.004756382759660482,0.0,4.7563826512941885e-07,10,108|154|53,39,all_filtered,9,True,D:\Running_Place\PostGraduateProjects\Experiments\PostGraduate\backbones\PertubatedBNStatistics\BN-Affine\shot3\Seed4
PertubatedBNStatistics,Disperssion+Seg-SADG,BN-Affine,BN-Affine,Seg-SADG,BN-Affine,bn_affine,shallow,0.1,0.1,1.0,0.05,0.1,0.001,0.0001,0.001,0.05,0.5,0.05,rho0p05,new_training,3,4,114,0.06280371956527234,0.0628032386302948,0.062440572306513786,0.007253338070586324,0.05289970450103283,0.14126318097114562,0.05,0.0,0.0,0.0,0.004803354665637016,0.0,4.80335461361392e-07,10,108|154|53,39,all_filtered,9,True,D:\Running_Place\PostGraduateProjects\Experiments\PostGraduate\backbones\PertubatedBNStatistics\BN-Affine\shot3\Seed4
PertubatedBNStatistics,Disperssion+Seg-SADG,BN-Affine,BN-Affine,Seg-SADG,BN-Affine,bn_affine,shallow,0.1,0.1,1.0,0.05,0.1,0.001,0.0001,0.001,0.05,0.5,0.05,rho0p05,new_training,3,4,115,0.05903010033071041,0.05902961678802967,0.05863911099731922,0.007810117537155747,0.050453546643257144,0.12504122853279115,0.05,0.0,0.0,0.0,0.004834333295002579,0.0,4.834333083181263e-07,10,108|154|53,39,all_filtered,9,True,D:\Running_Place\PostGraduateProjects\Experiments\PostGraduate\backbones\PertubatedBNStatistics\BN-Affine\shot3\Seed4
PertubatedBNStatistics,Disperssion+Seg-SADG,BN-Affine,BN-Affine,Seg-SADG,BN-Affine,bn_affine,shallow,0.1,0.1,1.0,0.05,0.1,0.001,0.0001,0.001,0.05,0.5,0.05,rho0p05,new_training,3,4,116,0.05811116248369217,0.0581106785684824,0.05778222605586052,0.006569056259468198,0.04965515285730362,0.12369639202952384,0.05,0.0,0.0,0.0,0.004838051553815603,0.0,4.838051495426043e-07,10,108|154|53,39,all_filtered,9,True,D:\Running_Place\PostGraduateProjects\Experiments\PostGraduate\backbones\PertubatedBNStatistics\BN-Affine\shot3\Seed4
PertubatedBNStatistics,Disperssion+Seg-SADG,BN-Affine,BN-Affine,Seg-SADG,BN-Affine,bn_affine,shallow,0.1,0.1,1.0,0.05,0.1,0.001,0.0001,0.001,0.05,0.5,0.05,rho0p05,new_training,3,4,117,0.05644022598862648,0.0564397394657135,0.0560694944113493,0.00740490285679698,0.04810615144670009,0.12038412988185883,0.05,0.0,0.0,0.0,0.004869394749403,0.0,4.869394558681961e-07,10,108|154|53,39,all_filtered,9,True,D:\Running_Place\PostGraduateProjects\Experiments\PostGraduate\backbones\PertubatedBNStatistics\BN-Affine\shot3\Seed4
PertubatedBNStatistics,Disperssion+Seg-SADG,BN-Affine,BN-Affine,Seg-SADG,BN-Affine,bn_affine,shallow,0.1,0.1,1.0,0.05,0.1,0.001,0.0001,0.001,0.05,0.5,0.05,rho0p05,new_training,3,4,118,0.05574296750128269,0.05574247986078262,0.055434229969978335,0.006164999282918871,0.04732456654310226,0.12054152339696884,0.05,0.0,0.0,0.0,0.004883075738325715,0.0,4.883075689576799e-07,10,108|154|53,39,all_filtered,9,True,D:\Running_Place\PostGraduateProjects\Experiments\PostGraduate\backbones\PertubatedBNStatistics\BN-Affine\shot3\Seed4
PertubatedBNStatistics,Disperssion+Seg-SADG,BN-Affine,BN-Affine,Seg-SADG,BN-Affine,bn_affine,shallow,0.1,0.1,1.0,0.05,0.1,0.001,0.0001,0.001,0.05,0.5,0.05,rho0p05,new_training,3,4,119,0.054739002510905264,0.054738514497876166,0.05441038943827152,0.006562512135133147,0.04615592360496521,0.11792327985167503,0.05,0.0,0.0,0.0,0.0048743357416242365,0.0,4.874335672866437e-07,10,108|154|53,39,all_filtered,9,True,D:\Running_Place\PostGraduateProjects\Experiments\PostGraduate\backbones\PertubatedBNStatistics\BN-Affine\shot3\Seed4
PertubatedBNStatistics,Disperssion+Seg-SADG,BN-Affine,BN-Affine,Seg-SADG,BN-Affine,bn_affine,shallow,0.1,0.1,1.0,0.05,0.1,0.001,0.0001,0.001,0.05,0.5,0.05,rho0p05,new_training,3,4,120,0.054376937076449396,0.05437644571065903,0.05408167280256748,0.005895459931343794,0.045943768322467805,0.11841020658612252,0.05,0.0,0.0,0.0,0.004910357343032956,0.0,4.910357176868274e-07,10,108|154|53,39,all_filtered,9,True,D:\Running_Place\PostGraduateProjects\Experiments\PostGraduate\backbones\PertubatedBNStatistics\BN-Affine\shot3\Seed4
PertubatedBNStatistics,Disperssion+Seg-SADG,BN-Affine,BN-Affine,Seg-SADG,BN-Affine,bn_affine,shallow,0.1,0.1,1.0,0.05,0.1,0.001,0.0001,0.001,0.05,0.5,0.05,rho0p05,new_training,3,4,121,0.052222898975014684,0.05222240760922432,0.05191712826490402,0.006105575384572149,0.045073366910219195,0.10578260719776153,0.05,0.0,0.0,0.0,0.004914240166544914,0.0,4.914240037123818e-07,10,108|154|53,39,all_filtered,9,True,D:\Running_Place\PostGraduateProjects\Experiments\PostGraduate\backbones\PertubatedBNStatistics\BN-Affine\shot3\Seed4
PertubatedBNStatistics,Disperssion+Seg-SADG,BN-Affine,BN-Affine,Seg-SADG,BN-Affine,bn_affine,shallow,0.1,0.1,1.0,0.05,0.1,0.001,0.0001,0.001,0.05,0.5,0.05,rho0p05,new_training,3,4,122,0.05213473178446293,0.05213424041867256,0.05183444656431675,0.005995877739042044,0.04444015398621559,0.11123678013682366,0.05,0.0,0.0,0.0,0.004916475526988507,0.0,4.916475518257357e-07,10,108|154|53,39,all_filtered,9,True,D:\Running_Place\PostGraduateProjects\Experiments\PostGraduate\backbones\PertubatedBNStatistics\BN-Affine\shot3\Seed4
PertubatedBNStatistics,Disperssion+Seg-SADG,BN-Affine,BN-Affine,Seg-SADG,BN-Affine,bn_affine,shallow,0.1,0.1,1.0,0.05,0.1,0.001,0.0001,0.001,0.05,0.5,0.05,rho0p05,new_training,3,4,123,0.05110174492001533,0.05110125541687012,0.05081506110727787,0.0057238965760916475,0.04355559460818768,0.11142503097653389,0.05,0.0,0.0,0.0,0.004901275737211108,0.0,4.901275644897396e-07,10,108|154|53,39,all_filtered,9,True,D:\Running_Place\PostGraduateProjects\Experiments\PostGraduate\backbones\PertubatedBNStatistics\BN-Affine\shot3\Seed4
PertubatedBNStatistics,Disperssion+Seg-SADG,BN-Affine,BN-Affine,Seg-SADG,BN-Affine,bn_affine,shallow,0.1,0.1,1.0,0.05,0.1,0.001,0.0001,0.001,0.05,0.5,0.05,rho0p05,new_training,3,4,124,0.05154790803790092,0.051547416299581525,0.051276889815926555,0.005410530138760805,0.0434578288346529,0.1195006586611271,0.05,0.0,0.0,0.0,0.004922137642279267,0.0,4.922137520679826e-07,10,108|154|53,39,all_filtered,9,True,D:\Running_Place\PostGraduateProjects\Experiments\PostGraduate\backbones\PertubatedBNStatistics\BN-Affine\shot3\Seed4
PertubatedBNStatistics,Disperssion+Seg-SADG,BN-Affine,BN-Affine,Seg-SADG,BN-Affine,bn_affine,shallow,0.1,0.1,1.0,0.05,0.1,0.001,0.0001,0.001,0.05,0.5,0.05,rho0p05,new_training,3,4,125,0.052596745640039445,0.052596251294016835,0.05231844373047352,0.005556150106713176,0.043594103679060935,0.1310698539018631,0.05,0.0,0.0,0.0,0.004939449159428478,0.0,4.939449070207047e-07,10,108|154|53,39,all_filtered,9,True,D:\Running_Place\PostGraduateProjects\Experiments\PostGraduate\backbones\PertubatedBNStatistics\BN-Affine\shot3\Seed4
PertubatedBNStatistics,Disperssion+Seg-SADG,BN-Affine,BN-Affine,Seg-SADG,BN-Affine,bn_affine,shallow,0.1,0.1,1.0,0.05,0.1,0.001,0.0001,0.001,0.05,0.5,0.05,rho0p05,new_training,3,4,126,0.05044808499515056,0.05044758953154087,0.05016184598207474,0.00571486228145659,0.042583197355270386,0.11170415803790093,0.05,0.0,0.0,0.0,0.0049577719997614626,0.0,4.95777197784264e-07,10,108|154|53,39,all_filtered,9,True,D:\Running_Place\PostGraduateProjects\Experiments\PostGraduate\backbones\PertubatedBNStatistics\BN-Affine\shot3\Seed4
PertubatedBNStatistics,Disperssion+Seg-SADG,BN-Affine,BN-Affine,Seg-SADG,BN-Affine,bn_affine,shallow,0.1,0.1,1.0,0.05,0.1,0.001,0.0001,0.001,0.05,0.5,0.05,rho0p05,new_training,3,4,127,0.05129390545189381,0.051293409615755084,0.05100972130894661,0.0056737515609711405,0.042579644918441774,0.12420641630887985,0.05,0.0,0.0,0.0,0.0049639357253909114,0.0,4.963935623436555e-07,10,108|154|53,39,all_filtered,9,True,D:\Running_Place\PostGraduateProjects\Experiments\PostGraduate\backbones\PertubatedBNStatistics\BN-Affine\shot3\Seed4
PertubatedBNStatistics,Disperssion+Seg-SADG,BN-Affine,BN-Affine,Seg-SADG,BN-Affine,bn_affine,shallow,0.1,0.1,1.0,0.05,0.1,0.001,0.0001,0.001,0.05,0.5,0.05,rho0p05,new_training,3,4,128,0.04981676936149597,0.0498162679374218,0.049528106674551965,0.005763230752199889,0.041902221366763116,0.11358429715037346,0.05,0.0,0.0,0.0,0.005009975889697671,0.0,5.00997578001261e-07,10,108|154|53,39,all_filtered,9,True,D:\Running_Place\PostGraduateProjects\Experiments\PostGraduate\backbones\PertubatedBNStatistics\BN-Affine\shot3\Seed4
PertubatedBNStatistics,Disperssion+Seg-SADG,BN-Affine,BN-Affine,Seg-SADG,BN-Affine,bn_affine,shallow,0.1,0.1,1.0,0.05,0.1,0.001,0.0001,0.001,0.05,0.5,0.05,rho0p05,new_training,3,4,129,0.048218806460499766,0.04821830540895462,0.04795067608356476,0.005352590512484312,0.04105935730040074,0.1059938408434391,0.05,0.0,0.0,0.0,0.005010859342291951,0.0,5.010859240428545e-07,10,108|154|53,39,all_filtered,9,True,D:\Running_Place\PostGraduateProjects\Experiments\PostGraduate\backbones\PertubatedBNStatistics\BN-Affine\shot3\Seed4
PertubatedBNStatistics,Disperssion+Seg-SADG,BN-Affine,BN-Affine,Seg-SADG,BN-Affine,bn_affine,shallow,0.1,0.1,1.0,0.05,0.1,0.001,0.0001,0.001,0.05,0.5,0.05,rho0p05,new_training,3,4,130,0.04866527877748013,0.04866478070616722,0.04840442836284638,0.005207030847668648,0.0408856712281704,0.11250846683979035,0.05,0.0,0.0,0.0,0.004977081622928381,0.0,4.977081403012562e-07,10,108|154|53,39,all_filtered,9,True,D:\Running_Place\PostGraduateProjects\Experiments\PostGraduate\backbones\PertubatedBNStatistics\BN-Affine\shot3\Seed4
PertubatedBNStatistics,Disperssion+Seg-SADG,BN-Affine,BN-Affine,Seg-SADG,BN-Affine,bn_affine,shallow,0.1,0.1,1.0,0.05,0.1,0.001,0.0001,0.001,0.05,0.5,0.05,rho0p05,new_training,3,4,131,0.04905432611703873,0.04905382394790649,0.04877767227590084,0.005523039866238833,0.040599361062049866,0.12296170070767402,0.05,0.0,0.0,0.0,0.005017251614481211,0.0,5.017251453409699e-07,10,108|154|53,39,all_filtered,9,True,D:\Running_Place\PostGraduateProjects\Experiments\PostGraduate\backbones\PertubatedBNStatistics\BN-Affine\shot3\Seed4
PertubatedBNStatistics,Disperssion+Seg-SADG,BN-Affine,BN-Affine,Seg-SADG,BN-Affine,bn_affine,shallow,0.1,0.1,1.0,0.05,0.1,0.001,0.0001,0.001,0.05,0.5,0.05,rho0p05,new_training,3,4,132,0.10582462251186371,0.10582412555813789,0.10544468127191067,0.007588879764080047,0.06707596741616725,0.34859300404787064,0.05,0.0,0.0,0.0,0.004959062580019236,0.0,4.959062493981037e-07,10,108|154|53,39,all_filtered,9,True,D:\Running_Place\PostGraduateProjects\Experiments\PostGraduate\backbones\PertubatedBNStatistics\BN-Affine\shot3\Seed4
PertubatedBNStatistics,Disperssion+Seg-SADG,BN-Affine,BN-Affine,Seg-SADG,BN-Affine,bn_affine,shallow,0.1,0.1,1.0,0.05,0.1,0.001,0.0001,0.001,0.05,0.5,0.05,rho0p05,new_training,3,4,133,0.14789503142237664,0.14789453893899918,0.14710643589496614,0.01576204118318856,0.1203988328576088,0.46750117391347884,0.05,0.0,0.0,0.0,0.004930920852348209,0.0,4.930920681545104e-07,10,108|154|53,39,all_filtered,9,True,D:\Running_Place\PostGraduateProjects\Experiments\PostGraduate\backbones\PertubatedBNStatistics\BN-Affine\shot3\Seed4
PertubatedBNStatistics,Disperssion+Seg-SADG,BN-Affine,BN-Affine,Seg-SADG,BN-Affine,bn_affine,shallow,0.1,0.1,1.0,0.05,0.1,0.001,0.0001,0.001,0.05,0.5,0.05,rho0p05,new_training,3,4,134,0.12737830057740213,0.12737777829170227,0.12654026076197625,0.016750345844775437,0.10597782209515572,0.3450589269399643,0.05,0.0,0.0,0.0,0.005221486324444413,0.0,5.221486162554356e-07,10,108|154|53,39,all_filtered,9,True,D:\Running_Place\PostGraduateProjects\Experiments\PostGraduate\backbones\PertubatedBNStatistics\BN-Affine\shot3\Seed4
PertubatedBNStatistics,Disperssion+Seg-SADG,BN-Affine,BN-Affine,Seg-SADG,BN-Affine,bn_affine,shallow,0.1,0.1,1.0,0.05,0.1,0.001,0.0001,0.001,0.05,0.5,0.05,rho0p05,new_training,3,4,135,0.11160834953188896,0.11160779967904091,0.11100094392895699,0.01213711448945105,0.09377194568514824,0.2811095997691154,0.05,0.0,0.0,0.0,0.005495132319629193,0.0,5.49513214309627e-07,10,108|154|53,39,all_filtered,9,True,D:\Running_Place\PostGraduateProjects\Experiments\PostGraduate\backbones\PertubatedBNStatistics\BN-Affine\shot3\Seed4
PertubatedBNStatistics,Disperssion+Seg-SADG,BN-Affine,BN-Affine,Seg-SADG,BN-Affine,bn_affine,shallow,0.1,0.1,1.0,0.05,0.1,0.001,0.0001,0.001,0.05,0.5,0.05,rho0p05,new_training,3,4,136,0.0995007574558258,0.09950018748641014,0.09901794642210007,0.009644817048683762,0.08399910852313042,0.23628064692020417,0.05,0.0,0.0,0.0,0.0057085537351667884,0.0,5.708553658223537e-07,10,108|154|53,39,all_filtered,9,True,D:\Running_Place\PostGraduateProjects\Experiments\PostGraduate\backbones\PertubatedBNStatistics\BN-Affine\shot3\Seed4
PertubatedBNStatistics,Disperssion+Seg-SADG,BN-Affine,BN-Affine,Seg-SADG,BN-Affine,bn_affine,shallow,0.1,0.1,1.0,0.05,0.1,0.001,0.0001,0.001,0.05,0.5,0.05,rho0p05,new_training,3,4,137,0.08697079867124557,0.08697021082043647,0.08650154694914818,0.00937327421270311,0.07567455917596817,0.18120246082544328,0.05,0.0,0.0,0.0,0.005883096577599644,0.0,5.883096378056507e-07,10,108|154|53,39,all_filtered,9,True,D:\Running_Place\PostGraduateProjects\Experiments\PostGraduate\backbones\PertubatedBNStatistics\BN-Affine\shot3\Seed4
PertubatedBNStatistics,Disperssion+Seg-SADG,BN-Affine,BN-Affine,Seg-SADG,BN-Affine,bn_affine,shallow,0.1,0.1,1.0,0.05,0.1,0.001,0.0001,0.001,0.05,0.5,0.05,rho0p05,new_training,3,4,138,0.08277060985565185,0.08277000561356544,0.0823640175163746,0.008119750954210758,0.07096452042460441,0.18413950204849244,0.05,0.0,0.0,0.0,0.006033989368006587,0.0,6.033989279785601e-07,10,108|154|53,39,all_filtered,9,True,D:\Running_Place\PostGraduateProjects\Experiments\PostGraduate\backbones\PertubatedBNStatistics\BN-Affine\shot3\Seed4
PertubatedBNStatistics,Disperssion+Seg-SADG,BN-Affine,BN-Affine,Seg-SADG,BN-Affine,bn_affine,shallow,0.1,0.1,1.0,0.05,0.1,0.001,0.0001,0.001,0.05,0.5,0.05,rho0p05,new_training,3,4,139,0.08030421063303947,0.08030359894037246,0.07993492037057877,0.007373584946617484,0.06828145608305931,0.19022166952490807,0.05,0.0,0.0,0.0,0.006126725999638438,0.0,6.126725850208459e-07,10,108|154|53,39,all_filtered,9,True,D:\Running_Place\PostGraduateProjects\Experiments\PostGraduate\backbones\PertubatedBNStatistics\BN-Affine\shot3\Seed4
PertubatedBNStatistics,Disperssion+Seg-SADG,BN-Affine,BN-Affine,Seg-SADG,BN-Affine,bn_affine,shallow,0.1,0.1,1.0,0.05,0.1,0.001,0.0001,0.001,0.05,0.5,0.05,rho0p05,new_training,3,4,140,0.07484312877058982,0.07484250664710998,0.07447359263896942,0.007378265587612986,0.0640969630330801,0.16030182391405107,0.05,0.0,0.0,0.0,0.00622659781947732,0.0,6.226597690783819e-07,10,108|154|53,39,all_filtered,9,True,D:\Running_Place\PostGraduateProjects\Experiments\PostGraduate\backbones\PertubatedBNStatistics\BN-Affine\shot3\Seed4
PertubatedBNStatistics,Disperssion+Seg-SADG,BN-Affine,BN-Affine,Seg-SADG,BN-Affine,bn_affine,shallow,0.1,0.1,1.0,0.05,0.1,0.001,0.0001,0.001,0.05,0.5,0.05,rho0p05,new_training,3,4,141,0.07226707190275192,0.07226644232869148,0.07192357555031777,0.0068573269061744215,0.06244268864393234,0.1576427437365055,0.05,0.0,0.0,0.0,0.00631389650516212,0.0,6.313896449228195e-07,10,108|154|53,39,all_filtered,9,True,D:\Running_Place\PostGraduateProjects\Experiments\PostGraduate\backbones\PertubatedBNStatistics\BN-Affine\shot3\Seed4
PertubatedBNStatistics,Disperssion+Seg-SADG,BN-Affine,BN-Affine,Seg-SADG,BN-Affine,bn_affine,shallow,0.1,0.1,1.0,0.05,0.1,0.001,0.0001,0.001,0.05,0.5,0.05,rho0p05,new_training,3,4,142,0.06712900176644325,0.06712836176156997,0.06683331243693828,0.005900964746251703,0.05818442925810814,0.1379452496767044,0.05,0.0,0.0,0.0,0.006387972412630916,0.0,6.387972405264009e-07,10,108|154|53,39,all_filtered,9,True,D:\Running_Place\PostGraduateProjects\Experiments\PostGraduate\backbones\PertubatedBNStatistics\BN-Affine\shot3\Seed4
PertubatedBNStatistics,Disperssion+Seg-SADG,BN-Affine,BN-Affine,Seg-SADG,BN-Affine,bn_affine,shallow,0.1,0.1,1.0,0.05,0.1,0.001,0.0001,0.001,0.05,0.5,0.05,rho0p05,new_training,3,4,143,0.0640490997582674,0.06404845863580703,0.06375502459704877,0.0058686967007815834,0.05537397898733616,0.1259518012404442,0.05,0.0,0.0,0.0,0.006415401492267847,0.0,6.415401344384009e-07,10,108|154|53,39,all_filtered,9,True,D:\Running_Place\PostGraduateProjects\Experiments\PostGraduate\backbones\PertubatedBNStatistics\BN-Affine\shot3\Seed4
PertubatedBNStatistics,Disperssion+Seg-SADG,BN-Affine,BN-Affine,Seg-SADG,BN-Affine,bn_affine,shallow,0.1,0.1,1.0,0.05,0.1,0.001,0.0001,0.001,0.05,0.5,0.05,rho0p05,new_training,3,4,144,0.06276923529803753,0.06276858784258366,0.06248606890439987,0.005650393385440111,0.054152222350239754,0.13153305873274804,0.05,0.0,0.0,0.0,0.006475188164040446,0.0,6.475188001786591e-07,10,108|154|53,39,all_filtered,9,True,D:\Running_Place\PostGraduateProjects\Experiments\PostGraduate\backbones\PertubatedBNStatistics\BN-Affine\shot3\Seed4
PertubatedBNStatistics,Disperssion+Seg-SADG,BN-Affine,BN-Affine,Seg-SADG,BN-Affine,bn_affine,shallow,0.1,0.1,1.0,0.05,0.1,0.001,0.0001,0.001,0.05,0.5,0.05,rho0p05,new_training,3,4,145,0.0604101724922657,0.0604095209389925,0.06017359904944897,0.004718430829234422,0.05191331952810287,0.12685396149754524,0.05,0.0,0.0,0.0,0.0065207960549741985,0.0,6.520795921005629e-07,10,108|154|53,39,all_filtered,9,True,D:\Running_Place\PostGraduateProjects\Experiments\PostGraduate\backbones\PertubatedBNStatistics\BN-Affine\shot3\Seed4
PertubatedBNStatistics,Disperssion+Seg-SADG,BN-Affine,BN-Affine,Seg-SADG,BN-Affine,bn_affine,shallow,0.1,0.1,1.0,0.05,0.1,0.001,0.0001,0.001,0.05,0.5,0.05,rho0p05,new_training,3,4,146,0.05836190730333328,0.05836125127971172,0.05810747891664505,0.005075462418608368,0.05040562003850937,0.11759125739336014,0.05,0.0,0.0,0.0,0.006558344094082713,0.0,6.558343955020973e-07,10,108|154|53,39,all_filtered,9,True,D:\Running_Place\PostGraduateProjects\Experiments\PostGraduate\backbones\PertubatedBNStatistics\BN-Affine\shot3\Seed4
PertubatedBNStatistics,Disperssion+Seg-SADG,BN-Affine,BN-Affine,Seg-SADG,BN-Affine,bn_affine,shallow,0.1,0.1,1.0,0.05,0.1,0.001,0.0001,0.001,0.05,0.5,0.05,rho0p05,new_training,3,4,147,0.05994799137115479,0.059947330877184866,0.059689849615097046,0.005149619840085507,0.050201712921261785,0.13883059844374657,0.05,0.0,0.0,0.0,0.006596403988078236,0.0,6.596403750336321e-07,10,108|154|53,39,all_filtered,9,True,D:\Running_Place\PostGraduateProjects\Experiments\PostGraduate\backbones\PertubatedBNStatistics\BN-Affine\shot3\Seed4
PertubatedBNStatistics,Disperssion+Seg-SADG,BN-Affine,BN-Affine,Seg-SADG,BN-Affine,bn_affine,shallow,0.1,0.1,1.0,0.05,0.1,0.001,0.0001,0.001,0.05,0.5,0.05,rho0p05,new_training,3,4,148,0.05892191156744957,0.05892124809324741,0.058678888529539106,0.0048471805173903705,0.050066535174846646,0.1320457562804222,0.05,0.0,0.0,0.0,0.006638804031535983,0.0,6.638803881742206e-07,10,108|154|53,39,all_filtered,9,True,D:\Running_Place\PostGraduateProjects\Experiments\PostGraduate\backbones\PertubatedBNStatistics\BN-Affine\shot3\Seed4
PertubatedBNStatistics,Disperssion+Seg-SADG,BN-Affine,BN-Affine,Seg-SADG,BN-Affine,bn_affine,shallow,0.1,0.1,1.0,0.05,0.1,0.001,0.0001,0.001,0.05,0.5,0.05,rho0p05,new_training,3,4,149,0.05790905691683292,0.057908390462398526,0.05766167379915714,0.004934352496638894,0.0487104631960392,0.13164885714650154,0.05,0.0,0.0,0.0,0.006658566510304808,0.0,6.658566405803868e-07,10,108|154|53,39,all_filtered,9,True,D:\Running_Place\PostGraduateProjects\Experiments\PostGraduate\backbones\PertubatedBNStatistics\BN-Affine\shot3\Seed4
PertubatedBNStatistics,Disperssion+Seg-SADG,BN-Affine,BN-Affine,Seg-SADG,BN-Affine,bn_affine,shallow,0.1,0.1,1.0,0.05,0.1,0.001,0.0001,0.001,0.05,0.5,0.05,rho0p05,new_training,3,4,150,0.05498856417834759,0.05498789623379707,0.05475801900029183,0.00459754429757595,0.047391641139984134,0.1146775759756565,0.05,0.0,0.0,0.0,0.0066847560927271845,0.0,6.684755987862445e-07,10,108|154|53,39,all_filtered,9,True,D:\Running_Place\PostGraduateProjects\Experiments\PostGraduate\backbones\PertubatedBNStatistics\BN-Affine\shot3\Seed4
PertubatedBNStatistics,Disperssion+Seg-SADG,BN-Affine,BN-Affine,Seg-SADG,BN-Affine,bn_affine,shallow,0.1,0.1,1.0,0.05,0.1,0.001,0.0001,0.001,0.05,0.5,0.05,rho0p05,new_training,3,4,151,0.054334995523095134,0.05433432422578335,0.05410732291638851,0.004540028213523328,0.04628490768373013,0.11605912446975708,0.05,0.0,0.0,0.0,0.006704037822782993,0.0,6.704037616600544e-07,10,108|154|53,39,all_filtered,9,True,D:\Running_Place\PostGraduateProjects\Experiments\PostGraduate\backbones\PertubatedBNStatistics\BN-Affine\shot3\Seed4
PertubatedBNStatistics,Disperssion+Seg-SADG,BN-Affine,BN-Affine,Seg-SADG,BN-Affine,bn_affine,shallow,0.1,0.1,1.0,0.05,0.1,0.001,0.0001,0.001,0.05,0.5,0.05,rho0p05,new_training,3,4,152,0.05469436310231686,0.05469368696212769,0.05445204712450504,0.004832801455631852,0.04611780345439911,0.12528545036911964,0.05,0.0,0.0,0.0,0.0067606226075440645,0.0,6.760622454748955e-07,10,108|154|53,39,all_filtered,9,True,D:\Running_Place\PostGraduateProjects\Experiments\PostGraduate\backbones\PertubatedBNStatistics\BN-Affine\shot3\Seed4
PertubatedBNStatistics,Disperssion+Seg-SADG,BN-Affine,BN-Affine,Seg-SADG,BN-Affine,bn_affine,shallow,0.1,0.1,1.0,0.05,0.1,0.001,0.0001,0.001,0.05,0.5,0.05,rho0p05,new_training,3,4,153,0.054599910974502563,0.05459923297166824,0.054380472376942636,0.004375211917795241,0.045838792249560355,0.13357284739613534,0.05,0.0,0.0,0.0,0.006779759796336294,0.0,6.779759644359729e-07,10,108|154|53,39,all_filtered,9,True,D:\Running_Place\PostGraduateProjects\Experiments\PostGraduate\backbones\PertubatedBNStatistics\BN-Affine\shot3\Seed4
PertubatedBNStatistics,Disperssion+Seg-SADG,BN-Affine,BN-Affine,Seg-SADG,BN-Affine,bn_affine,shallow,0.1,0.1,1.0,0.05,0.1,0.001,0.0001,0.001,0.05,0.5,0.05,rho0p05,new_training,3,4,154,0.05317686758935451,0.053176188841462135,0.052947234362363815,0.004579095332883298,0.0448287408798933,0.1225673221051693,0.05,0.0,0.0,0.0,0.006790775945410133,0.0,6.790775728404697e-07,10,108|154|53,39,all_filtered,9,True,D:\Running_Place\PostGraduateProjects\Experiments\PostGraduate\backbones\PertubatedBNStatistics\BN-Affine\shot3\Seed4
PertubatedBNStatistics,Disperssion+Seg-SADG,BN-Affine,BN-Affine,Seg-SADG,BN-Affine,bn_affine,shallow,0.1,0.1,1.0,0.05,0.1,0.001,0.0001,0.001,0.05,0.5,0.05,rho0p05,new_training,3,4,155,0.053615502268075946,0.05361482203006744,0.053352730721235274,0.005241823336109519,0.04463674947619438,0.1300503581762314,0.05,0.0,0.0,0.0,0.006807274045422673,0.0,6.80727384860802e-07,10,108|154|53,39,all_filtered,9,True,D:\Running_Place\PostGraduateProjects\Experiments\PostGraduate\backbones\PertubatedBNStatistics\BN-Affine\shot3\Seed4
PertubatedBNStatistics,Disperssion+Seg-SADG,BN-Affine,BN-Affine,Seg-SADG,BN-Affine,bn_affine,shallow,0.1,0.1,1.0,0.05,0.1,0.001,0.0001,0.001,0.05,0.5,0.05,rho0p05,new_training,3,4,156,0.05251651629805565,0.0525158304721117,0.05231059044599533,0.004104801034554839,0.044217901304364204,0.1236438900232315,0.05,0.0,0.0,0.0,0.006859332695603371,0.0,6.859332358999381e-07,10,108|154|53,39,all_filtered,9,True,D:\Running_Place\PostGraduateProjects\Experiments\PostGraduate\backbones\PertubatedBNStatistics\BN-Affine\shot3\Seed4
PertubatedBNStatistics,Disperssion+Seg-SADG,BN-Affine,BN-Affine,Seg-SADG,BN-Affine,bn_affine,shallow,0.1,0.1,1.0,0.05,0.1,0.001,0.0001,0.001,0.05,0.5,0.05,rho0p05,new_training,3,4,157,0.050950012356042865,0.05094932317733765,0.05072791129350662,0.004428225592710078,0.04324961267411709,0.11535149589180946,0.05,0.0,0.0,0.0,0.006893608253449202,0.0,6.893608144764584e-07,10,108|154|53,39,all_filtered,9,True,D:\Running_Place\PostGraduateProjects\Experiments\PostGraduate\backbones\PertubatedBNStatistics\BN-Affine\shot3\Seed4
PertubatedBNStatistics,Disperssion+Seg-SADG,BN-Affine,BN-Affine,Seg-SADG,BN-Affine,bn_affine,shallow,0.1,0.1,1.0,0.05,0.1,0.001,0.0001,0.001,0.05,0.5,0.05,rho0p05,new_training,3,4,158,0.049341843277215955,0.049341151118278505,0.049112609773874286,0.004570816340856254,0.042121576890349385,0.1081120640039444,0.05,0.0,0.0,0.0,0.006922708079218865,0.0,6.922707996181998e-07,10,108|154|53,39,all_filtered,9,True,D:\Running_Place\PostGraduateProjects\Experiments\PostGraduate\backbones\PertubatedBNStatistics\BN-Affine\shot3\Seed4
PertubatedBNStatistics,Disperssion+Seg-SADG,BN-Affine,BN-Affine,Seg-SADG,BN-Affine,bn_affine,shallow,0.1,0.1,1.0,0.05,0.1,0.001,0.0001,0.001,0.05,0.5,0.05,rho0p05,new_training,3,4,159,0.04866885729134083,0.048668164387345315,0.048460882157087326,0.004145651403814554,0.04154682569205761,0.105999506264925,0.05,0.0,0.0,0.0,0.0069319535046815876,0.0,6.931953350886034e-07,10,108|154|53,39,all_filtered,9,True,D:\Running_Place\PostGraduateProjects\Experiments\PostGraduate\backbones\PertubatedBNStatistics\BN-Affine\shot3\Seed4
PertubatedBNStatistics,Disperssion+Seg-SADG,BN-Affine,BN-Affine,Seg-SADG,BN-Affine,bn_affine,shallow,0.1,0.1,1.0,0.05,0.1,0.001,0.0001,0.001,0.05,0.5,0.05,rho0p05,new_training,3,4,160,0.04866524189710617,0.048664546385407445,0.04845509603619576,0.004189010360278189,0.0410472247749567,0.1101347528398037,0.05,0.0,0.0,0.0,0.00695887221954763,0.0,6.958872120321758e-07,10,108|154|53,39,all_filtered,9,True,D:\Running_Place\PostGraduateProjects\Experiments\PostGraduate\backbones\PertubatedBNStatistics\BN-Affine\shot3\Seed4
PertubatedBNStatistics,Disperssion+Seg-SADG,BN-Affine,BN-Affine,Seg-SADG,BN-Affine,bn_affine,shallow,0.1,0.1,1.0,0.05,0.1,0.001,0.0001,0.001,0.05,0.5,0.05,rho0p05,new_training,3,4,161,0.0490125484764576,0.049011850729584694,0.04880283251404762,0.0041803641244769095,0.041001247242093086,0.1158552810549736,0.05,0.0,0.0,0.0,0.0069780596531927586,0.0,6.978059445827967e-07,10,108|154|53,39,all_filtered,9,True,D:\Running_Place\PostGraduateProjects\Experiments\PostGraduate\backbones\PertubatedBNStatistics\BN-Affine\shot3\Seed4
PertubatedBNStatistics,Disperssion+Seg-SADG,BN-Affine,BN-Affine,Seg-SADG,BN-Affine,bn_affine,shallow,0.1,0.1,1.0,0.05,0.1,0.001,0.0001,0.001,0.05,0.5,0.05,rho0p05,new_training,3,4,162,0.04895288087427616,0.04895218200981617,0.04874502196907997,0.004143200465478003,0.0404648594558239,0.12205440402030945,0.05,0.0,0.0,0.0,0.00698738107457757,0.0,6.987380913869856e-07,10,108|154|53,39,all_filtered,9,True,D:\Running_Place\PostGraduateProjects\Experiments\PostGraduate\backbones\PertubatedBNStatistics\BN-Affine\shot3\Seed4
PertubatedBNStatistics,Disperssion+Seg-SADG,BN-Affine,BN-Affine,Seg-SADG,BN-Affine,bn_affine,shallow,0.1,0.1,1.0,0.05,0.1,0.001,0.0001,0.001,0.05,0.5,0.05,rho0p05,new_training,3,4,163,0.04850935041904449,0.04850865006446838,0.048290382325649264,0.004365362762473524,0.040554394200444224,0.11886716485023499,0.05,0.0,0.0,0.0,0.00699788723140955,0.0,6.997887055604224e-07,10,108|154|53,39,all_filtered,9,True,D:\Running_Place\PostGraduateProjects\Experiments\PostGraduate\backbones\PertubatedBNStatistics\BN-Affine\shot3\Seed4
PertubatedBNStatistics,Disperssion+Seg-SADG,BN-Affine,BN-Affine,Seg-SADG,BN-Affine,bn_affine,shallow,0.1,0.1,1.0,0.05,0.1,0.001,0.0001,0.001,0.05,0.5,0.05,rho0p05,new_training,3,4,164,0.04655272625386715,0.04655202515423298,0.046341511979699136,0.004210272012278438,0.03963350392878055,0.10243901461362839,0.05,0.0,0.0,0.0,0.007011357694864273,0.0,7.011357524788764e-07,10,108|154|53,39,all_filtered,9,True,D:\Running_Place\PostGraduateProjects\Experiments\PostGraduate\backbones\PertubatedBNStatistics\BN-Affine\shot3\Seed4
PertubatedBNStatistics,Disperssion+Seg-SADG,BN-Affine,BN-Affine,Seg-SADG,BN-Affine,bn_affine,shallow,0.1,0.1,1.0,0.05,0.1,0.001,0.0001,0.001,0.05,0.5,0.05,rho0p05,new_training,3,4,165,0.04616227746009827,0.046161574125289914,0.04596185907721519,0.003994296584278345,0.03912685811519623,0.10591870099306107,0.05,0.0,0.0,0.0,0.00703952806070447,0.0,7.039527872620966e-07,10,108|154|53,39,all_filtered,9,True,D:\Running_Place\PostGraduateProjects\Experiments\PostGraduate\backbones\PertubatedBNStatistics\BN-Affine\shot3\Seed4
PertubatedBNStatistics,Disperssion+Seg-SADG,BN-Affine,BN-Affine,Seg-SADG,BN-Affine,bn_affine,shallow,0.1,0.1,1.0,0.05,0.1,0.001,0.0001,0.001,0.05,0.5,0.05,rho0p05,new_training,3,4,166,0.04608309641480446,0.04608238860964775,0.045874384418129924,0.004160093027167022,0.03866642042994499,0.10928312391042709,0.05,0.0,0.0,0.0,0.007079064380377531,0.0,7.079064175741223e-07,10,108|154|53,39,all_filtered,9,True,D:\Running_Place\PostGraduateProjects\Experiments\PostGraduate\backbones\PertubatedBNStatistics\BN-Affine\shot3\Seed4
PertubatedBNStatistics,Disperssion+Seg-SADG,BN-Affine,BN-Affine,Seg-SADG,BN-Affine,bn_affine,shallow,0.1,0.1,1.0,0.05,0.1,0.001,0.0001,0.001,0.05,0.5,0.05,rho0p05,new_training,3,4,167,0.04657669253647327,0.04657598175108433,0.04637372568249702,0.004045118973590433,0.03857896998524666,0.11475334241986275,0.05,0.0,0.0,0.0,0.0071052738931030035,0.0,7.10527376668324e-07,10,108|154|53,39,all_filtered,9,True,D:\Running_Place\PostGraduateProjects\Experiments\PostGraduate\backbones\PertubatedBNStatistics\BN-Affine\shot3\Seed4
PertubatedBNStatistics,Disperssion+Seg-SADG,BN-Affine,BN-Affine,Seg-SADG,BN-Affine,bn_affine,shallow,0.1,0.1,1.0,0.05,0.1,0.001,0.0001,0.001,0.05,0.5,0.05,rho0p05,new_training,3,4,168,0.04642249383032322,0.04642178155481815,0.04621600806713104,0.004115476086735725,0.03821104988455772,0.11854438111186028,0.05,0.0,0.0,0.0,0.007123392447829247,0.0,7.123392265384609e-07,10,108|154|53,39,all_filtered,9,True,D:\Running_Place\PostGraduateProjects\Experiments\PostGraduate\backbones\PertubatedBNStatistics\BN-Affine\shot3\Seed4
PertubatedBNStatistics,Disperssion+Seg-SADG,BN-Affine,BN-Affine,Seg-SADG,BN-Affine,bn_affine,shallow,0.1,0.1,1.0,0.05,0.1,0.001,0.0001,0.001,0.05,0.5,0.05,rho0p05,new_training,3,4,169,0.04457404166460037,0.04457332715392113,0.044381338730454446,0.0038397717755287884,0.03751674741506576,0.10141253620386123,0.05,0.0,0.0,0.0,0.007143524242565036,0.0,7.14352410113861e-07,10,108|154|53,39,all_filtered,9,True,D:\Running_Place\PostGraduateProjects\Experiments\PostGraduate\backbones\PertubatedBNStatistics\BN-Affine\shot3\Seed4
PertubatedBNStatistics,Disperssion+Seg-SADG,BN-Affine,BN-Affine,Seg-SADG,BN-Affine,bn_affine,shallow,0.1,0.1,1.0,0.05,0.1,0.001,0.0001,0.001,0.05,0.5,0.05,rho0p05,new_training,3,4,170,0.045060768350958826,0.0450600553303957,0.044869475066661835,0.0038115955190733074,0.03734547533094883,0.1132272720336914,0.05,0.0,0.0,0.0,0.007139850407838821,0.0,7.139850310977636e-07,10,108|154|53,39,all_filtered,9,True,D:\Running_Place\PostGraduateProjects\Experiments\PostGraduate\backbones\PertubatedBNStatistics\BN-Affine\shot3\Seed4
PertubatedBNStatistics,Disperssion+Seg-SADG,BN-Affine,BN-Affine,Seg-SADG,BN-Affine,bn_affine,shallow,0.1,0.1,1.0,0.05,0.1,0.001,0.0001,0.001,0.05,0.5,0.05,rho0p05,new_training,3,4,171,0.042943213135004044,0.04294249713420868,0.0427512314170599,0.0038253173232078554,0.03610723502933979,0.10086189061403275,0.05,0.0,0.0,0.0,0.0071589256636798385,0.0,7.158925484418433e-07,10,108|154|53,39,all_filtered,9,True,D:\Running_Place\PostGraduateProjects\Experiments\PostGraduate\backbones\PertubatedBNStatistics\BN-Affine\shot3\Seed4
PertubatedBNStatistics,Disperssion+Seg-SADG,BN-Affine,BN-Affine,Seg-SADG,BN-Affine,bn_affine,shallow,0.1,0.1,1.0,0.05,0.1,0.001,0.0001,0.001,0.05,0.5,0.05,rho0p05,new_training,3,4,172,0.044151732698082924,0.04415101744234562,0.0439767349511385,0.003485648287460208,0.03656783662736416,0.11255021244287491,0.05,0.0,0.0,0.0,0.007160220993682742,0.0,7.160220718560595e-07,10,108|154|53,39,all_filtered,9,True,D:\Running_Place\PostGraduateProjects\Experiments\PostGraduate\backbones\PertubatedBNStatistics\BN-Affine\shot3\Seed4
PertubatedBNStatistics,Disperssion+Seg-SADG,BN-Affine,BN-Affine,Seg-SADG,BN-Affine,bn_affine,shallow,0.1,0.1,1.0,0.05,0.1,0.001,0.0001,0.001,0.05,0.5,0.05,rho0p05,new_training,3,4,173,0.044940009340643884,0.04493929110467434,0.04474253170192242,0.003935190034098923,0.03662076555192471,0.12201849967241288,0.05,0.0,0.0,0.0,0.007181639363989234,0.0,7.18163920510051e-07,10,108|154|53,39,all_filtered,9,True,D:\Running_Place\PostGraduateProjects\Experiments\PostGraduate\backbones\PertubatedBNStatistics\BN-Affine\shot3\Seed4
PertubatedBNStatistics,Disperssion+Seg-SADG,BN-Affine,BN-Affine,Seg-SADG,BN-Affine,bn_affine,shallow,0.1,0.1,1.0,0.05,0.1,0.001,0.0001,0.001,0.05,0.5,0.05,rho0p05,new_training,3,4,174,0.04267452023923397,0.04267380014061928,0.04249636903405189,0.0035486239939928055,0.03593212030827999,0.09937256872653961,0.05,0.0,0.0,0.0,0.007201437372714281,0.0,7.201437199455541e-07,10,108|154|53,39,all_filtered,9,True,D:\Running_Place\PostGraduateProjects\Experiments\PostGraduate\backbones\PertubatedBNStatistics\BN-Affine\shot3\Seed4
PertubatedBNStatistics,Disperssion+Seg-SADG,BN-Affine,BN-Affine,Seg-SADG,BN-Affine,bn_affine,shallow,0.1,0.1,1.0,0.05,0.1,0.001,0.0001,0.001,0.05,0.5,0.05,rho0p05,new_training,3,4,175,0.04158688932657242,0.041586166620254515,0.041413940489292145,0.0034445220604538917,0.03487178087234497,0.09863963648676873,0.05,0.0,0.0,0.0,0.007233845768496394,0.0,7.233845565224328e-07,10,108|154|53,39,all_filtered,9,True,D:\Running_Place\PostGraduateProjects\Experiments\PostGraduate\backbones\PertubatedBNStatistics\BN-Affine\shot3\Seed4
PertubatedBNStatistics,Disperssion+Seg-SADG,BN-Affine,BN-Affine,Seg-SADG,BN-Affine,bn_affine,shallow,0.1,0.1,1.0,0.05,0.1,0.001,0.0001,0.001,0.05,0.5,0.05,rho0p05,new_training,3,4,176,0.04281840696930885,0.0428176824003458,0.04264429099857807,0.0034678215393796562,0.03479863926768303,0.11239867731928825,0.05,0.0,0.0,0.0,0.007247226079925895,0.0,7.247225880746555e-07,10,108|154|53,39,all_filtered,9,True,D:\Running_Place\PostGraduateProjects\Experiments\PostGraduate\backbones\PertubatedBNStatistics\BN-Affine\shot3\Seed4
PertubatedBNStatistics,Disperssion+Seg-SADG,BN-Affine,BN-Affine,Seg-SADG,BN-Affine,bn_affine,shallow,0.1,0.1,1.0,0.05,0.1,0.001,0.0001,0.001,0.05,0.5,0.05,rho0p05,new_training,3,4,177,0.042561257258057594,0.042560527473688124,0.04238707721233368,0.0034690166590735315,0.034726863540709016,0.11602336168289185,0.05,0.0,0.0,0.0,0.00729661132209003,0.0,7.296611158835731e-07,10,108|154|53,39,all_filtered,9,True,D:\Running_Place\PostGraduateProjects\Experiments\PostGraduate\backbones\PertubatedBNStatistics\BN-Affine\shot3\Seed4
PertubatedBNStatistics,Disperssion+Seg-SADG,BN-Affine,BN-Affine,Seg-SADG,BN-Affine,bn_affine,shallow,0.1,0.1,1.0,0.05,0.1,0.001,0.0001,0.001,0.05,0.5,0.05,rho0p05,new_training,3,4,178,0.05902438722550869,0.05902365669608116,0.058777062222361565,0.004931879602372647,0.04460504949092865,0.20506008714437485,0.05,0.0,0.0,0.0,0.007313341973349452,0.0,7.313341882309032e-07,10,108|154|53,39,all_filtered,9,True,D:\Running_Place\PostGraduateProjects\Experiments\PostGraduate\backbones\PertubatedBNStatistics\BN-Affine\shot3\Seed4
PertubatedBNStatistics,Disperssion+Seg-SADG,BN-Affine,BN-Affine,Seg-SADG,BN-Affine,bn_affine,shallow,0.1,0.1,1.0,0.05,0.1,0.001,0.0001,0.001,0.05,0.5,0.05,rho0p05,new_training,3,4,179,0.05799801349639892,0.057997274398803714,0.05775775052607059,0.0047904896084219216,0.04732053242623806,0.16869436502456664,0.05,0.0,0.0,0.0,0.0073881901800632475,0.0,7.388189999346651e-07,10,108|154|53,39,all_filtered,9,True,D:\Running_Place\PostGraduateProjects\Experiments\PostGraduate\backbones\PertubatedBNStatistics\BN-Affine\shot3\Seed4
PertubatedBNStatistics,Disperssion+Seg-SADG,BN-Affine,BN-Affine,Seg-SADG,BN-Affine,bn_affine,shallow,0.1,0.1,1.0,0.05,0.1,0.001,0.0001,0.001,0.05,0.5,0.05,rho0p05,new_training,3,4,180,0.051974860951304436,0.05197410956025124,0.051740437746047974,0.0046734435018152,0.04335310496389866,0.13285790383815765,0.05,0.0,0.0,0.0,0.0075133022852242,0.0,7.513302023198775e-07,10,108|154|53,39,all_filtered,9,True,D:\Running_Place\PostGraduateProjects\Experiments\PostGraduate\backbones\PertubatedBNStatistics\BN-Affine\shot3\Seed4
PertubatedBNStatistics,Disperssion+Seg-SADG,BN-Affine,BN-Affine,Seg-SADG,BN-Affine,bn_affine,shallow,0.1,0.1,1.0,0.05,0.1,0.001,0.0001,0.001,0.05,0.5,0.05,rho0p05,new_training,3,4,181,0.04947133436799049,0.04947057850658894,0.04922019727528095,0.005007621832191944,0.0405973918735981,0.1299695312976837,0.05,0.0,0.0,0.0,0.007555815577507019,0.0,7.555815329851612e-07,10,108|154|53,39,all_filtered,9,True,D:\Running_Place\PostGraduateProjects\Experiments\PostGraduate\backbones\PertubatedBNStatistics\BN-Affine\shot3\Seed4
PertubatedBNStatistics,Disperssion+Seg-SADG,BN-Affine,BN-Affine,Seg-SADG,BN-Affine,bn_affine,shallow,0.1,0.1,1.0,0.05,0.1,0.001,0.0001,0.001,0.05,0.5,0.05,rho0p05,new_training,3,4,182,0.049438994750380515,0.04943823292851448,0.04920841567218304,0.004596346872858703,0.04050959944725037,0.13583173900842666,0.05,0.0,0.0,0.0,0.007616634992882609,0.0,7.616634832174895e-07,10,108|154|53,39,all_filtered,9,True,D:\Running_Place\PostGraduateProjects\Experiments\PostGraduate\backbones\PertubatedBNStatistics\BN-Affine\shot3\Seed4
PertubatedBNStatistics,Disperssion+Seg-SADG,BN-Affine,BN-Affine,Seg-SADG,BN-Affine,bn_affine,shallow,0.1,0.1,1.0,0.05,0.1,0.001,0.0001,0.001,0.05,0.5,0.05,rho0p05,new_training,3,4,183,0.04420567899942398,0.04420491568744182,0.04402596838772297,0.003578949929215014,0.03725255727767944,0.10321122705936432,0.05,0.0,0.0,0.0,0.007627264875918627,0.0,7.627264778875542e-07,10,108|154|53,39,all_filtered,9,True,D:\Running_Place\PostGraduateProjects\Experiments\PostGraduate\backbones\PertubatedBNStatistics\BN-Affine\shot3\Seed4
PertubatedBNStatistics,Disperssion+Seg-SADG,BN-Affine,BN-Affine,Seg-SADG,BN-Affine,bn_affine,shallow,0.1,0.1,1.0,0.05,0.1,0.001,0.0001,0.001,0.05,0.5,0.05,rho0p05,new_training,3,4,184,0.042529641091823576,0.042528873309493065,0.04233643375337124,0.003848790260963142,0.0359272800385952,0.09715797081589699,0.05,0.0,0.0,0.0,0.00767531325109303,0.0,7.675313099753111e-07,10,108|154|53,39,all_filtered,9,True,D:\Running_Place\PostGraduateProjects\Experiments\PostGraduate\backbones\PertubatedBNStatistics\BN-Affine\shot3\Seed4
PertubatedBNStatistics,Disperssion+Seg-SADG,BN-Affine,BN-Affine,Seg-SADG,BN-Affine,bn_affine,shallow,0.1,0.1,1.0,0.05,0.1,0.001,0.0001,0.001,0.05,0.5,0.05,rho0p05,new_training,3,4,185,0.043223196268081666,0.04322242438793182,0.04302425570785999,0.003963379398919642,0.03548924475908279,0.11002027317881584,0.05,0.0,0.0,0.0,0.007714657392352819,0.0,7.714657328961038e-07,10,108|154|53,39,all_filtered,9,True,D:\Running_Place\PostGraduateProjects\Experiments\PostGraduate\backbones\PertubatedBNStatistics\BN-Affine\shot3\Seed4
PertubatedBNStatistics,Disperssion+Seg-SADG,BN-Affine,BN-Affine,Seg-SADG,BN-Affine,bn_affine,shallow,0.1,0.1,1.0,0.05,0.1,0.001,0.0001,0.001,0.05,0.5,0.05,rho0p05,new_training,3,4,186,0.042789049074053766,0.04278827346861362,0.042595463991165164,0.0038561951601877808,0.035096123442053796,0.11268039941787719,0.05,0.0,0.0,0.0,0.00775369331240654,0.0,7.753693125778227e-07,10,108|154|53,39,all_filtered,9,True,D:\Running_Place\PostGraduateProjects\Experiments\PostGraduate\backbones\PertubatedBNStatistics\BN-Affine\shot3\Seed4
PertubatedBNStatistics,Disperssion+Seg-SADG,BN-Affine,BN-Affine,Seg-SADG,BN-Affine,bn_affine,shallow,0.1,0.1,1.0,0.05,0.1,0.001,0.0001,0.001,0.05,0.5,0.05,rho0p05,new_training,3,4,187,0.04076777212321758,0.040766995027661325,0.04060587957501412,0.003222300414927304,0.03401710614562035,0.09631822630763054,0.05,0.0,0.0,0.0,0.0077714492101222275,0.0,7.771449020310683e-07,10,108|154|53,39,all_filtered,9,True,D:\Running_Place\PostGraduateProjects\Experiments\PostGraduate\backbones\PertubatedBNStatistics\BN-Affine\shot3\Seed4
PertubatedBNStatistics,Disperssion+Seg-SADG,BN-Affine,BN-Affine,Seg-SADG,BN-Affine,bn_affine,shallow,0.1,0.1,1.0,0.05,0.1,0.001,0.0001,0.001,0.05,0.5,0.05,rho0p05,new_training,3,4,188,0.04164108894765377,0.04164031110703945,0.04146122075617313,0.003581808041781187,0.03391327820718289,0.1103864274919033,0.05,0.0,0.0,0.0,0.007777007622644305,0.0,7.777007454023987e-07,10,108|154|53,39,all_filtered,9,True,D:\Running_Place\PostGraduateProjects\Experiments\PostGraduate\backbones\PertubatedBNStatistics\BN-Affine\shot3\Seed4
PertubatedBNStatistics,Disperssion+Seg-SADG,BN-Affine,BN-Affine,Seg-SADG,BN-Affine,bn_affine,shallow,0.1,0.1,1.0,0.05,0.1,0.001,0.0001,0.001,0.05,0.5,0.05,rho0p05,new_training,3,4,189,0.03991641663014889,0.03991563953459263,0.03975125104188919,0.003287763800472021,0.03339014314115048,0.09872564226388932,0.05,0.0,0.0,0.0,0.0077707804273813965,0.0,7.770780257487786e-07,10,108|154|53,39,all_filtered,9,True,D:\Running_Place\PostGraduateProjects\Experiments\PostGraduate\backbones\PertubatedBNStatistics\BN-Affine\shot3\Seed4
PertubatedBNStatistics,Disperssion+Seg-SADG,BN-Affine,BN-Affine,Seg-SADG,BN-Affine,bn_affine,shallow,0.1,0.1,1.0,0.05,0.1,0.001,0.0001,0.001,0.05,0.5,0.05,rho0p05,new_training,3,4,190,0.04007294923067093,0.040072168409824374,0.039901097491383555,0.0034214243525639175,0.0331478513777256,0.1029750533401966,0.05,0.0,0.0,0.0,0.007808659737929702,0.0,7.808659518104832e-07,10,108|154|53,39,all_filtered,9,True,D:\Running_Place\PostGraduateProjects\Experiments\PostGraduate\backbones\PertubatedBNStatistics\BN-Affine\shot3\Seed4
PertubatedBNStatistics,Disperssion+Seg-SADG,BN-Affine,BN-Affine,Seg-SADG,BN-Affine,bn_affine,shallow,0.1,0.1,1.0,0.05,0.1,0.001,0.0001,0.001,0.05,0.5,0.05,rho0p05,new_training,3,4,191,0.03789504170417786,0.03789425827562809,0.03773107603192329,0.003263639868237078,0.03204711154103279,0.08617284670472145,0.05,0.0,0.0,0.0,0.007836753595620393,0.0,7.836753354695248e-07,10,108|154|53,39,all_filtered,9,True,D:\Running_Place\PostGraduateProjects\Experiments\PostGraduate\backbones\PertubatedBNStatistics\BN-Affine\shot3\Seed4
PertubatedBNStatistics,Disperssion+Seg-SADG,BN-Affine,BN-Affine,Seg-SADG,BN-Affine,bn_affine,shallow,0.1,0.1,1.0,0.05,0.1,0.001,0.0001,0.001,0.05,0.5,0.05,rho0p05,new_training,3,4,192,0.039135973900556564,0.03913518637418747,0.03896873369812966,0.0033290525898337364,0.03225815389305353,0.10214839652180671,0.05,0.0,0.0,0.0,0.007875050697475672,0.0,7.875050528127759e-07,10,108|154|53,39,all_filtered,9,True,D:\Running_Place\PostGraduateProjects\Experiments\PostGraduate\backbones\PertubatedBNStatistics\BN-Affine\shot3\Seed4
PertubatedBNStatistics,Disperssion+Seg-SADG,BN-Affine,BN-Affine,Seg-SADG,BN-Affine,bn_affine,shallow,0.1,0.1,1.0,0.05,0.1,0.001,0.0001,0.001,0.05,0.5,0.05,rho0p05,new_training,3,4,193,0.03864356875419617,0.038642778247594836,0.03848429396748543,0.0031696881633251905,0.03182615339756012,0.09700188934803008,0.05,0.0,0.0,0.0,0.007907041441649198,0.0,7.907041322141594e-07,10,108|154|53,39,all_filtered,9,True,D:\Running_Place\PostGraduateProjects\Experiments\PostGraduate\backbones\PertubatedBNStatistics\BN-Affine\shot3\Seed4
PertubatedBNStatistics,Disperssion+Seg-SADG,BN-Affine,BN-Affine,Seg-SADG,BN-Affine,bn_affine,shallow,0.1,0.1,1.0,0.05,0.1,0.001,0.0001,0.001,0.05,0.5,0.05,rho0p05,new_training,3,4,194,0.03712475597858429,0.037123963981866834,0.0369700126349926,0.0030790217919275165,0.03107736725360155,0.09054173827171326,0.05,0.0,0.0,0.0,0.007917629927396775,0.0,7.917629773146473e-07,10,108|154|53,39,all_filtered,9,True,D:\Running_Place\PostGraduateProjects\Experiments\PostGraduate\backbones\PertubatedBNStatistics\BN-Affine\shot3\Seed4
PertubatedBNStatistics,Disperssion+Seg-SADG,BN-Affine,BN-Affine,Seg-SADG,BN-Affine,bn_affine,shallow,0.1,0.1,1.0,0.05,0.1,0.001,0.0001,0.001,0.05,0.5,0.05,rho0p05,new_training,3,4,195,0.03777386210858822,0.037773069366812705,0.03762243427336216,0.0030127011239528658,0.03128402847796678,0.09684994965791702,0.05,0.0,0.0,0.0,0.007929068617522716,0.0,7.929068488010671e-07,10,108|154|53,39,all_filtered,9,True,D:\Running_Place\PostGraduateProjects\Experiments\PostGraduate\backbones\PertubatedBNStatistics\BN-Affine\shot3\Seed4
PertubatedBNStatistics,Disperssion+Seg-SADG,BN-Affine,BN-Affine,Seg-SADG,BN-Affine,bn_affine,shallow,0.1,0.1,1.0,0.05,0.1,0.001,0.0001,0.001,0.05,0.5,0.05,rho0p05,new_training,3,4,196,0.0379668477922678,0.03796605318784714,0.037800483778119086,0.003311397391371429,0.031206228770315647,0.09895216152071953,0.05,0.0,0.0,0.0,0.007941329199820758,0.0,7.941329045024759e-07,10,108|154|53,39,all_filtered,9,True,D:\Running_Place\PostGraduateProjects\Experiments\PostGraduate\backbones\PertubatedBNStatistics\BN-Affine\shot3\Seed4
PertubatedBNStatistics,Disperssion+Seg-SADG,BN-Affine,BN-Affine,Seg-SADG,BN-Affine,bn_affine,shallow,0.1,0.1,1.0,0.05,0.1,0.001,0.0001,0.001,0.05,0.5,0.05,rho0p05,new_training,3,4,197,0.036920301243662836,0.03691950477659702,0.03677037768065929,0.002982532815076411,0.030595694109797476,0.09319402649998665,0.05,0.0,0.0,0.0,0.007969397585839033,0.0,7.969397358920105e-07,10,108|154|53,39,all_filtered,9,True,D:\Running_Place\PostGraduateProjects\Experiments\PostGraduate\backbones\PertubatedBNStatistics\BN-Affine\shot3\Seed4
PertubatedBNStatistics,Disperssion+Seg-SADG,BN-Affine,BN-Affine,Seg-SADG,BN-Affine,bn_affine,shallow,0.1,0.1,1.0,0.05,0.1,0.001,0.0001,0.001,0.05,0.5,0.05,rho0p05,new_training,3,4,198,0.0382647268474102,0.03826392814517021,0.03809788227081299,0.003320919303223491,0.030640132538974286,0.10702238604426384,0.05,0.0,0.0,0.0,0.007989102881401778,0.0,7.989102698502393e-07,10,108|154|53,39,all_filtered,9,True,D:\Running_Place\PostGraduateProjects\Experiments\PostGraduate\backbones\PertubatedBNStatistics\BN-Affine\shot3\Seed4
PertubatedBNStatistics,Disperssion+Seg-SADG,BN-Affine,BN-Affine,Seg-SADG,BN-Affine,bn_affine,shallow,0.1,0.1,1.0,0.05,0.1,0.001,0.0001,0.001,0.05,0.5,0.05,rho0p05,new_training,3,4,199,0.037657953426241876,0.03765715174376964,0.037497518211603166,0.003192665847018361,0.030665551498532295,0.10243621617555618,0.05,0.0,0.0,0.0,0.008017413690686226,0.0,8.017413506422599e-07,10,108|154|53,39,all_filtered,9,True,D:\Running_Place\PostGraduateProjects\Experiments\PostGraduate\backbones\PertubatedBNStatistics\BN-Affine\shot3\Seed4
PertubatedBNStatistics,Disperssion+Seg-SADG,BN-Affine,BN-Affine,Seg-SADG,BN-Affine,bn_affine,shallow,0.1,0.1,1.0,0.05,0.1,0.001,0.0001,0.001,0.05,0.5,0.05,rho0p05,new_training,3,4,200,0.03719102442264557,0.03719022423028946,0.03704447373747825,0.0029149983776733277,0.030137493275105953,0.10362213328480721,0.05,0.0,0.0,0.0,0.008006675634533167,0.0,8.006675329852441e-07,10,108|154|53,39,all_filtered,9,True,D:\Running_Place\PostGraduateProjects\Experiments\PostGraduate\backbones\PertubatedBNStatistics\BN-Affine\shot3\Seed4
