loss_mode,ablation,sadg_method,style_method,template_mode,mask_mode,style_alpha,style_rho,sadg_rho,lambda_disp,dice_weight,rho,rho_tag,sadg_rho_tag,lf_radius_h,lf_radius_w,lf_size_h,lf_size_w,checkpoint_source,shot,seed,epoch,train_loss,train_seg_loss,train_disp_loss,style_reg_loss,template_l2_loss,template_smooth_loss,epsilon_loss,sadg_grad_norm,perturb_norm,steps,train_case_ids,n_train_slices,slice_policy,num_middle_slices,filter_min_fg,output_dir,prompt_dir
Seg-SADG,Seg-SADG,Seg-SADG,LF-Fixed-Hard,fixed,hard,0.08,0.5,0.05,0.05,0.5,0.5,style_rho0p5,sadg_rho0p05,9,9,19,19,new_training,4,3,1,1.3143914838631947,1.2876839935779572,0.5341498851776123,0.0,0.0,0.0,1.1953752140204112,1.7389831840991974,0.05000000000000001,12,108|224|72|171,48,all_filtered,9,True,D:\Running_Place\PostGraduateProjects\Experiments\PostGraduate\backbones\DisperssionWithSADG_LowFreqCanonicalization\Seg-SADG\LF-Fixed-Hard\alpha0p08\style_rho0p5\sadg_rho0p05\shot4\Seed3,D:\Running_Place\PostGraduateProjects\Experiments\PostGraduate\backbones\Prompts\Seg-SADG\LF-Fixed-Hard\alpha0p08\style_rho0p5\sadg_rho0p05\shot4\Seed3
Seg-SADG,Seg-SADG,Seg-SADG,LF-Fixed-Hard,fixed,hard,0.08,0.5,0.05,0.05,0.5,0.5,style_rho0p5,sadg_rho0p05,9,9,19,19,new_training,4,3,2,0.9938861628373464,0.9832682112852732,0.2123593899110953,0.0,0.0,0.0,0.9245722144842148,1.103242148955663,0.05000000000000001,12,108|224|72|171,48,all_filtered,9,True,D:\Running_Place\PostGraduateProjects\Experiments\PostGraduate\backbones\DisperssionWithSADG_LowFreqCanonicalization\Seg-SADG\LF-Fixed-Hard\alpha0p08\style_rho0p5\sadg_rho0p05\shot4\Seed3,D:\Running_Place\PostGraduateProjects\Experiments\PostGraduate\backbones\Prompts\Seg-SADG\LF-Fixed-Hard\alpha0p08\style_rho0p5\sadg_rho0p05\shot4\Seed3
Seg-SADG,Seg-SADG,Seg-SADG,LF-Fixed-Hard,fixed,hard,0.08,0.5,0.05,0.05,0.5,0.5,style_rho0p5,sadg_rho0p05,9,9,19,19,new_training,4,3,3,0.8112482676903406,0.8041489124298096,0.14198702201247215,0.0,0.0,0.0,0.7511448214451472,0.9911831567684809,0.05000000000000001,12,108|224|72|171,48,all_filtered,9,True,D:\Running_Place\PostGraduateProjects\Experiments\PostGraduate\backbones\DisperssionWithSADG_LowFreqCanonicalization\Seg-SADG\LF-Fixed-Hard\alpha0p08\style_rho0p5\sadg_rho0p05\shot4\Seed3,D:\Running_Place\PostGraduateProjects\Experiments\PostGraduate\backbones\Prompts\Seg-SADG\LF-Fixed-Hard\alpha0p08\style_rho0p5\sadg_rho0p05\shot4\Seed3
Seg-SADG,Seg-SADG,Seg-SADG,LF-Fixed-Hard,fixed,hard,0.08,0.5,0.05,0.05,0.5,0.5,style_rho0p5,sadg_rho0p05,9,9,19,19,new_training,4,3,4,0.6615624378124872,0.6579002737998962,0.07324326441933711,0.0,0.0,0.0,0.6112622569004694,0.8563256512085596,0.05000000000000001,12,108|224|72|171,48,all_filtered,9,True,D:\Running_Place\PostGraduateProjects\Experiments\PostGraduate\backbones\DisperssionWithSADG_LowFreqCanonicalization\Seg-SADG\LF-Fixed-Hard\alpha0p08\style_rho0p5\sadg_rho0p05\shot4\Seed3,D:\Running_Place\PostGraduateProjects\Experiments\PostGraduate\backbones\Prompts\Seg-SADG\LF-Fixed-Hard\alpha0p08\style_rho0p5\sadg_rho0p05\shot4\Seed3
Seg-SADG,Seg-SADG,Seg-SADG,LF-Fixed-Hard,fixed,hard,0.08,0.5,0.05,0.05,0.5,0.5,style_rho0p5,sadg_rho0p05,9,9,19,19,new_training,4,3,5,0.5656371166308721,0.5632165869077047,0.048410667882611357,0.0,0.0,0.0,0.5227817495663961,0.7593185702959696,0.05000000000000001,12,108|224|72|171,48,all_filtered,9,True,D:\Running_Place\PostGraduateProjects\Experiments\PostGraduate\backbones\DisperssionWithSADG_LowFreqCanonicalization\Seg-SADG\LF-Fixed-Hard\alpha0p08\style_rho0p5\sadg_rho0p05\shot4\Seed3,D:\Running_Place\PostGraduateProjects\Experiments\PostGraduate\backbones\Prompts\Seg-SADG\LF-Fixed-Hard\alpha0p08\style_rho0p5\sadg_rho0p05\shot4\Seed3
Seg-SADG,Seg-SADG,Seg-SADG,LF-Fixed-Hard,fixed,hard,0.08,0.5,0.05,0.05,0.5,0.5,style_rho0p5,sadg_rho0p05,9,9,19,19,new_training,4,3,6,0.5056108434995016,0.504232386747996,0.02756908085818092,0.0,0.0,0.0,0.4668690810600917,0.6720770100752512,0.05000000000000001,12,108|224|72|171,48,all_filtered,9,True,D:\Running_Place\PostGraduateProjects\Experiments\PostGraduate\backbones\DisperssionWithSADG_LowFreqCanonicalization\Seg-SADG\LF-Fixed-Hard\alpha0p08\style_rho0p5\sadg_rho0p05\shot4\Seed3,D:\Running_Place\PostGraduateProjects\Experiments\PostGraduate\backbones\Prompts\Seg-SADG\LF-Fixed-Hard\alpha0p08\style_rho0p5\sadg_rho0p05\shot4\Seed3
Seg-SADG,Seg-SADG,Seg-SADG,LF-Fixed-Hard,fixed,hard,0.08,0.5,0.05,0.05,0.5,0.5,style_rho0p5,sadg_rho0p05,9,9,19,19,new_training,4,3,7,0.44548709442218143,0.4445532535513242,0.018676779931411147,0.0,0.0,0.0,0.41352780411640805,0.588828961054484,0.05000000000000001,12,108|224|72|171,48,all_filtered,9,True,D:\Running_Place\PostGraduateProjects\Experiments\PostGraduate\backbones\DisperssionWithSADG_LowFreqCanonicalization\Seg-SADG\LF-Fixed-Hard\alpha0p08\style_rho0p5\sadg_rho0p05\shot4\Seed3,D:\Running_Place\PostGraduateProjects\Experiments\PostGraduate\backbones\Prompts\Seg-SADG\LF-Fixed-Hard\alpha0p08\style_rho0p5\sadg_rho0p05\shot4\Seed3
Seg-SADG,Seg-SADG,Seg-SADG,LF-Fixed-Hard,fixed,hard,0.08,0.5,0.05,0.05,0.5,0.5,style_rho0p5,sadg_rho0p05,9,9,19,19,new_training,4,3,8,0.39604270954926807,0.39528770993153256,0.015100078269218406,0.0,0.0,0.0,0.36723090211550397,0.5323628907402357,0.05000000000000001,12,108|224|72|171,48,all_filtered,9,True,D:\Running_Place\PostGraduateProjects\Experiments\PostGraduate\backbones\DisperssionWithSADG_LowFreqCanonicalization\Seg-SADG\LF-Fixed-Hard\alpha0p08\style_rho0p5\sadg_rho0p05\shot4\Seed3,D:\Running_Place\PostGraduateProjects\Experiments\PostGraduate\backbones\Prompts\Seg-SADG\LF-Fixed-Hard\alpha0p08\style_rho0p5\sadg_rho0p05\shot4\Seed3
Seg-SADG,Seg-SADG,Seg-SADG,LF-Fixed-Hard,fixed,hard,0.08,0.5,0.05,0.05,0.5,0.5,style_rho0p5,sadg_rho0p05,9,9,19,19,new_training,4,3,9,0.35870156933863956,0.35805418839057285,0.01294767678094407,0.0,0.0,0.0,0.3307886893550555,0.5078573351105055,0.05000000000000001,12,108|224|72|171,48,all_filtered,9,True,D:\Running_Place\PostGraduateProjects\Experiments\PostGraduate\backbones\DisperssionWithSADG_LowFreqCanonicalization\Seg-SADG\LF-Fixed-Hard\alpha0p08\style_rho0p5\sadg_rho0p05\shot4\Seed3,D:\Running_Place\PostGraduateProjects\Experiments\PostGraduate\backbones\Prompts\Seg-SADG\LF-Fixed-Hard\alpha0p08\style_rho0p5\sadg_rho0p05\shot4\Seed3
Seg-SADG,Seg-SADG,Seg-SADG,LF-Fixed-Hard,fixed,hard,0.08,0.5,0.05,0.05,0.5,0.5,style_rho0p5,sadg_rho0p05,9,9,19,19,new_training,4,3,10,0.33573441207408905,0.3349905237555504,0.014877806378838917,0.0,0.0,0.0,0.30915284405152005,0.4792054072022438,0.05000000000000001,12,108|224|72|171,48,all_filtered,9,True,D:\Running_Place\PostGraduateProjects\Experiments\PostGraduate\backbones\DisperssionWithSADG_LowFreqCanonicalization\Seg-SADG\LF-Fixed-Hard\alpha0p08\style_rho0p5\sadg_rho0p05\shot4\Seed3,D:\Running_Place\PostGraduateProjects\Experiments\PostGraduate\backbones\Prompts\Seg-SADG\LF-Fixed-Hard\alpha0p08\style_rho0p5\sadg_rho0p05\shot4\Seed3
Seg-SADG,Seg-SADG,Seg-SADG,LF-Fixed-Hard,fixed,hard,0.08,0.5,0.05,0.05,0.5,0.5,style_rho0p5,sadg_rho0p05,9,9,19,19,new_training,4,3,11,0.3071117227276166,0.30647291988134384,0.01277606786849598,0.0,0.0,0.0,0.28207587947448093,0.44701219846804935,0.05000000000000001,12,108|224|72|171,48,all_filtered,9,True,D:\Running_Place\PostGraduateProjects\Experiments\PostGraduate\backbones\DisperssionWithSADG_LowFreqCanonicalization\Seg-SADG\LF-Fixed-Hard\alpha0p08\style_rho0p5\sadg_rho0p05\shot4\Seed3,D:\Running_Place\PostGraduateProjects\Experiments\PostGraduate\backbones\Prompts\Seg-SADG\LF-Fixed-Hard\alpha0p08\style_rho0p5\sadg_rho0p05\shot4\Seed3
Seg-SADG,Seg-SADG,Seg-SADG,LF-Fixed-Hard,fixed,hard,0.08,0.5,0.05,0.05,0.5,0.5,style_rho0p5,sadg_rho0p05,9,9,19,19,new_training,4,3,12,0.27520866443713504,0.2746902530392011,0.010368230015349885,0.0,0.0,0.0,0.25438831994930905,0.3751583695411682,0.05000000000000001,12,108|224|72|171,48,all_filtered,9,True,D:\Running_Place\PostGraduateProjects\Experiments\PostGraduate\backbones\DisperssionWithSADG_LowFreqCanonicalization\Seg-SADG\LF-Fixed-Hard\alpha0p08\style_rho0p5\sadg_rho0p05\shot4\Seed3,D:\Running_Place\PostGraduateProjects\Experiments\PostGraduate\backbones\Prompts\Seg-SADG\LF-Fixed-Hard\alpha0p08\style_rho0p5\sadg_rho0p05\shot4\Seed3
Seg-SADG,Seg-SADG,Seg-SADG,LF-Fixed-Hard,fixed,hard,0.08,0.5,0.05,0.05,0.5,0.5,style_rho0p5,sadg_rho0p05,9,9,19,19,new_training,4,3,13,0.2533298109968503,0.252825537075599,0.010085529182106256,0.0,0.0,0.0,0.23307491466403008,0.36035264531771344,0.05000000000000001,12,108|224|72|171,48,all_filtered,9,True,D:\Running_Place\PostGraduateProjects\Experiments\PostGraduate\backbones\DisperssionWithSADG_LowFreqCanonicalization\Seg-SADG\LF-Fixed-Hard\alpha0p08\style_rho0p5\sadg_rho0p05\shot4\Seed3,D:\Running_Place\PostGraduateProjects\Experiments\PostGraduate\backbones\Prompts\Seg-SADG\LF-Fixed-Hard\alpha0p08\style_rho0p5\sadg_rho0p05\shot4\Seed3
Seg-SADG,Seg-SADG,Seg-SADG,LF-Fixed-Hard,fixed,hard,0.08,0.5,0.05,0.05,0.5,0.5,style_rho0p5,sadg_rho0p05,9,9,19,19,new_training,4,3,14,0.23261084159215292,0.23211127271254858,0.009991370374336839,0.0,0.0,0.0,0.2141657074292501,0.3261532709002495,0.05000000000000001,12,108|224|72|171,48,all_filtered,9,True,D:\Running_Place\PostGraduateProjects\Experiments\PostGraduate\backbones\DisperssionWithSADG_LowFreqCanonicalization\Seg-SADG\LF-Fixed-Hard\alpha0p08\style_rho0p5\sadg_rho0p05\shot4\Seed3,D:\Running_Place\PostGraduateProjects\Experiments\PostGraduate\backbones\Prompts\Seg-SADG\LF-Fixed-Hard\alpha0p08\style_rho0p5\sadg_rho0p05\shot4\Seed3
Seg-SADG,Seg-SADG,Seg-SADG,LF-Fixed-Hard,fixed,hard,0.08,0.5,0.05,0.05,0.5,0.5,style_rho0p5,sadg_rho0p05,9,9,19,19,new_training,4,3,15,0.222883311410745,0.22231935213009515,0.011279206645364562,0.0,0.0,0.0,0.20259738340973854,0.3490537106990814,0.05000000000000001,12,108|224|72|171,48,all_filtered,9,True,D:\Running_Place\PostGraduateProjects\Experiments\PostGraduate\backbones\DisperssionWithSADG_LowFreqCanonicalization\Seg-SADG\LF-Fixed-Hard\alpha0p08\style_rho0p5\sadg_rho0p05\shot4\Seed3,D:\Running_Place\PostGraduateProjects\Experiments\PostGraduate\backbones\Prompts\Seg-SADG\LF-Fixed-Hard\alpha0p08\style_rho0p5\sadg_rho0p05\shot4\Seed3
Seg-SADG,Seg-SADG,Seg-SADG,LF-Fixed-Hard,fixed,hard,0.08,0.5,0.05,0.05,0.5,0.5,style_rho0p5,sadg_rho0p05,9,9,19,19,new_training,4,3,16,0.2112240381538868,0.21064700310428938,0.011540717949780325,0.0,0.0,0.0,0.1916161502401034,0.33242203295230865,0.05000000000000001,12,108|224|72|171,48,all_filtered,9,True,D:\Running_Place\PostGraduateProjects\Experiments\PostGraduate\backbones\DisperssionWithSADG_LowFreqCanonicalization\Seg-SADG\LF-Fixed-Hard\alpha0p08\style_rho0p5\sadg_rho0p05\shot4\Seed3,D:\Running_Place\PostGraduateProjects\Experiments\PostGraduate\backbones\Prompts\Seg-SADG\LF-Fixed-Hard\alpha0p08\style_rho0p5\sadg_rho0p05\shot4\Seed3
Seg-SADG,Seg-SADG,Seg-SADG,LF-Fixed-Hard,fixed,hard,0.08,0.5,0.05,0.05,0.5,0.5,style_rho0p5,sadg_rho0p05,9,9,19,19,new_training,4,3,17,0.19328336293498674,0.19274588177601495,0.010749634471721947,0.0,0.0,0.0,0.17721715196967125,0.2793965774277846,0.05000000000000001,12,108|224|72|171,48,all_filtered,9,True,D:\Running_Place\PostGraduateProjects\Experiments\PostGraduate\backbones\DisperssionWithSADG_LowFreqCanonicalization\Seg-SADG\LF-Fixed-Hard\alpha0p08\style_rho0p5\sadg_rho0p05\shot4\Seed3,D:\Running_Place\PostGraduateProjects\Experiments\PostGraduate\backbones\Prompts\Seg-SADG\LF-Fixed-Hard\alpha0p08\style_rho0p5\sadg_rho0p05\shot4\Seed3
Seg-SADG,Seg-SADG,Seg-SADG,LF-Fixed-Hard,fixed,hard,0.08,0.5,0.05,0.05,0.5,0.5,style_rho0p5,sadg_rho0p05,9,9,19,19,new_training,4,3,18,0.18097253516316414,0.18048185730973879,0.009813563975815972,0.0,0.0,0.0,0.16503353665272394,0.27059653773903847,0.05000000000000001,12,108|224|72|171,48,all_filtered,9,True,D:\Running_Place\PostGraduateProjects\Experiments\PostGraduate\backbones\DisperssionWithSADG_LowFreqCanonicalization\Seg-SADG\LF-Fixed-Hard\alpha0p08\style_rho0p5\sadg_rho0p05\shot4\Seed3,D:\Running_Place\PostGraduateProjects\Experiments\PostGraduate\backbones\Prompts\Seg-SADG\LF-Fixed-Hard\alpha0p08\style_rho0p5\sadg_rho0p05\shot4\Seed3
Seg-SADG,Seg-SADG,Seg-SADG,LF-Fixed-Hard,fixed,hard,0.08,0.5,0.05,0.05,0.5,0.5,style_rho0p5,sadg_rho0p05,9,9,19,19,new_training,4,3,19,0.16805381948749223,0.1675552117327849,0.00997215621949484,0.0,0.0,0.0,0.15381092578172684,0.24491165454188982,0.05000000000000001,12,108|224|72|171,48,all_filtered,9,True,D:\Running_Place\PostGraduateProjects\Experiments\PostGraduate\backbones\DisperssionWithSADG_LowFreqCanonicalization\Seg-SADG\LF-Fixed-Hard\alpha0p08\style_rho0p5\sadg_rho0p05\shot4\Seed3,D:\Running_Place\PostGraduateProjects\Experiments\PostGraduate\backbones\Prompts\Seg-SADG\LF-Fixed-Hard\alpha0p08\style_rho0p5\sadg_rho0p05\shot4\Seed3
Seg-SADG,Seg-SADG,Seg-SADG,LF-Fixed-Hard,fixed,hard,0.08,0.5,0.05,0.05,0.5,0.5,style_rho0p5,sadg_rho0p05,9,9,19,19,new_training,4,3,20,0.1597327577571074,0.15927138179540634,0.009227540305194756,0.0,0.0,0.0,0.14500723655025163,0.2446094217399756,0.05000000000000001,12,108|224|72|171,48,all_filtered,9,True,D:\Running_Place\PostGraduateProjects\Experiments\PostGraduate\backbones\DisperssionWithSADG_LowFreqCanonicalization\Seg-SADG\LF-Fixed-Hard\alpha0p08\style_rho0p5\sadg_rho0p05\shot4\Seed3,D:\Running_Place\PostGraduateProjects\Experiments\PostGraduate\backbones\Prompts\Seg-SADG\LF-Fixed-Hard\alpha0p08\style_rho0p5\sadg_rho0p05\shot4\Seed3
Seg-SADG,Seg-SADG,Seg-SADG,LF-Fixed-Hard,fixed,hard,0.08,0.5,0.05,0.05,0.5,0.5,style_rho0p5,sadg_rho0p05,9,9,19,19,new_training,4,3,21,0.15164552877346674,0.15119978661338487,0.008914851544735333,0.0,0.0,0.0,0.13722039014101028,0.24350394308567047,0.05000000000000001,12,108|224|72|171,48,all_filtered,9,True,D:\Running_Place\PostGraduateProjects\Experiments\PostGraduate\backbones\DisperssionWithSADG_LowFreqCanonicalization\Seg-SADG\LF-Fixed-Hard\alpha0p08\style_rho0p5\sadg_rho0p05\shot4\Seed3,D:\Running_Place\PostGraduateProjects\Experiments\PostGraduate\backbones\Prompts\Seg-SADG\LF-Fixed-Hard\alpha0p08\style_rho0p5\sadg_rho0p05\shot4\Seed3
Seg-SADG,Seg-SADG,Seg-SADG,LF-Fixed-Hard,fixed,hard,0.08,0.5,0.05,0.05,0.5,0.5,style_rho0p5,sadg_rho0p05,9,9,19,19,new_training,4,3,22,0.1497023031115532,0.1492788108686606,0.008469873884071907,0.0,0.0,0.0,0.13415906329949698,0.2552522545059522,0.05000000000000001,12,108|224|72|171,48,all_filtered,9,True,D:\Running_Place\PostGraduateProjects\Experiments\PostGraduate\backbones\DisperssionWithSADG_LowFreqCanonicalization\Seg-SADG\LF-Fixed-Hard\alpha0p08\style_rho0p5\sadg_rho0p05\shot4\Seed3,D:\Running_Place\PostGraduateProjects\Experiments\PostGraduate\backbones\Prompts\Seg-SADG\LF-Fixed-Hard\alpha0p08\style_rho0p5\sadg_rho0p05\shot4\Seed3
Seg-SADG,Seg-SADG,Seg-SADG,LF-Fixed-Hard,fixed,hard,0.08,0.5,0.05,0.05,0.5,0.5,style_rho0p5,sadg_rho0p05,9,9,19,19,new_training,4,3,23,0.1422781478613615,0.1418706737458706,0.008149519873162111,0.0,0.0,0.0,0.12763602348665395,0.240602545440197,0.05000000000000001,12,108|224|72|171,48,all_filtered,9,True,D:\Running_Place\PostGraduateProjects\Experiments\PostGraduate\backbones\DisperssionWithSADG_LowFreqCanonicalization\Seg-SADG\LF-Fixed-Hard\alpha0p08\style_rho0p5\sadg_rho0p05\shot4\Seed3,D:\Running_Place\PostGraduateProjects\Experiments\PostGraduate\backbones\Prompts\Seg-SADG\LF-Fixed-Hard\alpha0p08\style_rho0p5\sadg_rho0p05\shot4\Seed3
Seg-SADG,Seg-SADG,Seg-SADG,LF-Fixed-Hard,fixed,hard,0.08,0.5,0.05,0.05,0.5,0.5,style_rho0p5,sadg_rho0p05,9,9,19,19,new_training,4,3,24,0.13876229400436083,0.13834593817591667,0.00832710190055271,0.0,0.0,0.0,0.12322965947290261,0.25068798909584683,0.05000000000000001,12,108|224|72|171,48,all_filtered,9,True,D:\Running_Place\PostGraduateProjects\Experiments\PostGraduate\backbones\DisperssionWithSADG_LowFreqCanonicalization\Seg-SADG\LF-Fixed-Hard\alpha0p08\style_rho0p5\sadg_rho0p05\shot4\Seed3,D:\Running_Place\PostGraduateProjects\Experiments\PostGraduate\backbones\Prompts\Seg-SADG\LF-Fixed-Hard\alpha0p08\style_rho0p5\sadg_rho0p05\shot4\Seed3
Seg-SADG,Seg-SADG,Seg-SADG,LF-Fixed-Hard,fixed,hard,0.08,0.5,0.05,0.05,0.5,0.5,style_rho0p5,sadg_rho0p05,9,9,19,19,new_training,4,3,25,0.134364390745759,0.13390384304026762,0.009210969787091017,0.0,0.0,0.0,0.11961241190632184,0.23784244433045387,0.05000000000000001,12,108|224|72|171,48,all_filtered,9,True,D:\Running_Place\PostGraduateProjects\Experiments\PostGraduate\backbones\DisperssionWithSADG_LowFreqCanonicalization\Seg-SADG\LF-Fixed-Hard\alpha0p08\style_rho0p5\sadg_rho0p05\shot4\Seed3,D:\Running_Place\PostGraduateProjects\Experiments\PostGraduate\backbones\Prompts\Seg-SADG\LF-Fixed-Hard\alpha0p08\style_rho0p5\sadg_rho0p05\shot4\Seed3
Seg-SADG,Seg-SADG,Seg-SADG,LF-Fixed-Hard,fixed,hard,0.08,0.5,0.05,0.05,0.5,0.5,style_rho0p5,sadg_rho0p05,9,9,19,19,new_training,4,3,26,0.12751344280938307,0.1271518679956595,0.007231497826675574,0.0,0.0,0.0,0.11419336870312691,0.21767129997412363,0.05000000000000001,12,108|224|72|171,48,all_filtered,9,True,D:\Running_Place\PostGraduateProjects\Experiments\PostGraduate\backbones\DisperssionWithSADG_LowFreqCanonicalization\Seg-SADG\LF-Fixed-Hard\alpha0p08\style_rho0p5\sadg_rho0p05\shot4\Seed3,D:\Running_Place\PostGraduateProjects\Experiments\PostGraduate\backbones\Prompts\Seg-SADG\LF-Fixed-Hard\alpha0p08\style_rho0p5\sadg_rho0p05\shot4\Seed3
Seg-SADG,Seg-SADG,Seg-SADG,LF-Fixed-Hard,fixed,hard,0.08,0.5,0.05,0.05,0.5,0.5,style_rho0p5,sadg_rho0p05,9,9,19,19,new_training,4,3,27,0.12262527892986934,0.12220217535893123,0.008462078752927482,0.0,0.0,0.0,0.10970194575687249,0.20900102953116098,0.05000000000000001,12,108|224|72|171,48,all_filtered,9,True,D:\Running_Place\PostGraduateProjects\Experiments\PostGraduate\backbones\DisperssionWithSADG_LowFreqCanonicalization\Seg-SADG\LF-Fixed-Hard\alpha0p08\style_rho0p5\sadg_rho0p05\shot4\Seed3,D:\Running_Place\PostGraduateProjects\Experiments\PostGraduate\backbones\Prompts\Seg-SADG\LF-Fixed-Hard\alpha0p08\style_rho0p5\sadg_rho0p05\shot4\Seed3
Seg-SADG,Seg-SADG,Seg-SADG,LF-Fixed-Hard,fixed,hard,0.08,0.5,0.05,0.05,0.5,0.5,style_rho0p5,sadg_rho0p05,9,9,19,19,new_training,4,3,28,0.11858502154548962,0.11823289965589841,0.007042445708066225,0.0,0.0,0.0,0.1057653408497572,0.20501371721426645,0.05000000000000001,12,108|224|72|171,48,all_filtered,9,True,D:\Running_Place\PostGraduateProjects\Experiments\PostGraduate\backbones\DisperssionWithSADG_LowFreqCanonicalization\Seg-SADG\LF-Fixed-Hard\alpha0p08\style_rho0p5\sadg_rho0p05\shot4\Seed3,D:\Running_Place\PostGraduateProjects\Experiments\PostGraduate\backbones\Prompts\Seg-SADG\LF-Fixed-Hard\alpha0p08\style_rho0p5\sadg_rho0p05\shot4\Seed3
Seg-SADG,Seg-SADG,Seg-SADG,LF-Fixed-Hard,fixed,hard,0.08,0.5,0.05,0.05,0.5,0.5,style_rho0p5,sadg_rho0p05,9,9,19,19,new_training,4,3,29,0.12023313467701276,0.11977459800740083,0.009170714338930944,0.0,0.0,0.0,0.10679308449228604,0.23191610847910246,0.05000000000000001,12,108|224|72|171,48,all_filtered,9,True,D:\Running_Place\PostGraduateProjects\Experiments\PostGraduate\backbones\DisperssionWithSADG_LowFreqCanonicalization\Seg-SADG\LF-Fixed-Hard\alpha0p08\style_rho0p5\sadg_rho0p05\shot4\Seed3,D:\Running_Place\PostGraduateProjects\Experiments\PostGraduate\backbones\Prompts\Seg-SADG\LF-Fixed-Hard\alpha0p08\style_rho0p5\sadg_rho0p05\shot4\Seed3
Seg-SADG,Seg-SADG,Seg-SADG,LF-Fixed-Hard,fixed,hard,0.08,0.5,0.05,0.05,0.5,0.5,style_rho0p5,sadg_rho0p05,9,9,19,19,new_training,4,3,30,0.1162354542563359,0.1158697276065747,0.007314540833855669,0.0,0.0,0.0,0.10251509149869283,0.2143312804400921,0.05000000000000001,12,108|224|72|171,48,all_filtered,9,True,D:\Running_Place\PostGraduateProjects\Experiments\PostGraduate\backbones\DisperssionWithSADG_LowFreqCanonicalization\Seg-SADG\LF-Fixed-Hard\alpha0p08\style_rho0p5\sadg_rho0p05\shot4\Seed3,D:\Running_Place\PostGraduateProjects\Experiments\PostGraduate\backbones\Prompts\Seg-SADG\LF-Fixed-Hard\alpha0p08\style_rho0p5\sadg_rho0p05\shot4\Seed3
Seg-SADG,Seg-SADG,Seg-SADG,LF-Fixed-Hard,fixed,hard,0.08,0.5,0.05,0.05,0.5,0.5,style_rho0p5,sadg_rho0p05,9,9,19,19,new_training,4,3,31,0.11224564102788766,0.11182027061780293,0.008507401798851788,0.0,0.0,0.0,0.09963464240233104,0.204125398149093,0.05000000000000001,12,108|224|72|171,48,all_filtered,9,True,D:\Running_Place\PostGraduateProjects\Experiments\PostGraduate\backbones\DisperssionWithSADG_LowFreqCanonicalization\Seg-SADG\LF-Fixed-Hard\alpha0p08\style_rho0p5\sadg_rho0p05\shot4\Seed3,D:\Running_Place\PostGraduateProjects\Experiments\PostGraduate\backbones\Prompts\Seg-SADG\LF-Fixed-Hard\alpha0p08\style_rho0p5\sadg_rho0p05\shot4\Seed3
Seg-SADG,Seg-SADG,Seg-SADG,LF-Fixed-Hard,fixed,hard,0.08,0.5,0.05,0.05,0.5,0.5,style_rho0p5,sadg_rho0p05,9,9,19,19,new_training,4,3,32,0.10692443512380123,0.1065567967792352,0.007352757888535659,0.0,0.0,0.0,0.09503927330176036,0.1915418766438961,0.05000000000000001,12,108|224|72|171,48,all_filtered,9,True,D:\Running_Place\PostGraduateProjects\Experiments\PostGraduate\backbones\DisperssionWithSADG_LowFreqCanonicalization\Seg-SADG\LF-Fixed-Hard\alpha0p08\style_rho0p5\sadg_rho0p05\shot4\Seed3,D:\Running_Place\PostGraduateProjects\Experiments\PostGraduate\backbones\Prompts\Seg-SADG\LF-Fixed-Hard\alpha0p08\style_rho0p5\sadg_rho0p05\shot4\Seed3
Seg-SADG,Seg-SADG,Seg-SADG,LF-Fixed-Hard,fixed,hard,0.08,0.5,0.05,0.05,0.5,0.5,style_rho0p5,sadg_rho0p05,9,9,19,19,new_training,4,3,33,0.10603268009920915,0.10565145810445149,0.0076244314744447666,0.0,0.0,0.0,0.09284793771803379,0.2040409284333388,0.05000000000000001,12,108|224|72|171,48,all_filtered,9,True,D:\Running_Place\PostGraduateProjects\Experiments\PostGraduate\backbones\DisperssionWithSADG_LowFreqCanonicalization\Seg-SADG\LF-Fixed-Hard\alpha0p08\style_rho0p5\sadg_rho0p05\shot4\Seed3,D:\Running_Place\PostGraduateProjects\Experiments\PostGraduate\backbones\Prompts\Seg-SADG\LF-Fixed-Hard\alpha0p08\style_rho0p5\sadg_rho0p05\shot4\Seed3
Seg-SADG,Seg-SADG,Seg-SADG,LF-Fixed-Hard,fixed,hard,0.08,0.5,0.05,0.05,0.5,0.5,style_rho0p5,sadg_rho0p05,9,9,19,19,new_training,4,3,34,0.09856708099444707,0.09827879630029202,0.005765678710304201,0.0,0.0,0.0,0.08872929650048415,0.16225523998339972,0.05000000000000001,12,108|224|72|171,48,all_filtered,9,True,D:\Running_Place\PostGraduateProjects\Experiments\PostGraduate\backbones\DisperssionWithSADG_LowFreqCanonicalization\Seg-SADG\LF-Fixed-Hard\alpha0p08\style_rho0p5\sadg_rho0p05\shot4\Seed3,D:\Running_Place\PostGraduateProjects\Experiments\PostGraduate\backbones\Prompts\Seg-SADG\LF-Fixed-Hard\alpha0p08\style_rho0p5\sadg_rho0p05\shot4\Seed3
Seg-SADG,Seg-SADG,Seg-SADG,LF-Fixed-Hard,fixed,hard,0.08,0.5,0.05,0.05,0.5,0.5,style_rho0p5,sadg_rho0p05,9,9,19,19,new_training,4,3,35,0.09694143819312255,0.09661380325754483,0.006552697508595884,0.0,0.0,0.0,0.08625177914897601,0.16980579867959023,0.05000000000000001,12,108|224|72|171,48,all_filtered,9,True,D:\Running_Place\PostGraduateProjects\Experiments\PostGraduate\backbones\DisperssionWithSADG_LowFreqCanonicalization\Seg-SADG\LF-Fixed-Hard\alpha0p08\style_rho0p5\sadg_rho0p05\shot4\Seed3,D:\Running_Place\PostGraduateProjects\Experiments\PostGraduate\backbones\Prompts\Seg-SADG\LF-Fixed-Hard\alpha0p08\style_rho0p5\sadg_rho0p05\shot4\Seed3
Seg-SADG,Seg-SADG,Seg-SADG,LF-Fixed-Hard,fixed,hard,0.08,0.5,0.05,0.05,0.5,0.5,style_rho0p5,sadg_rho0p05,9,9,19,19,new_training,4,3,36,0.09149057666460673,0.09118758141994476,0.0060599072215457754,0.0,0.0,0.0,0.08243725759287675,0.14702140539884567,0.05000000000000001,12,108|224|72|171,48,all_filtered,9,True,D:\Running_Place\PostGraduateProjects\Experiments\PostGraduate\backbones\DisperssionWithSADG_LowFreqCanonicalization\Seg-SADG\LF-Fixed-Hard\alpha0p08\style_rho0p5\sadg_rho0p05\shot4\Seed3,D:\Running_Place\PostGraduateProjects\Experiments\PostGraduate\backbones\Prompts\Seg-SADG\LF-Fixed-Hard\alpha0p08\style_rho0p5\sadg_rho0p05\shot4\Seed3
Seg-SADG,Seg-SADG,Seg-SADG,LF-Fixed-Hard,fixed,hard,0.08,0.5,0.05,0.05,0.5,0.5,style_rho0p5,sadg_rho0p05,9,9,19,19,new_training,4,3,37,0.09435747377574444,0.09407901143034299,0.005569229872586827,0.0,0.0,0.0,0.08188075137635072,0.18946620946129164,0.05000000000000001,12,108|224|72|171,48,all_filtered,9,True,D:\Running_Place\PostGraduateProjects\Experiments\PostGraduate\backbones\DisperssionWithSADG_LowFreqCanonicalization\Seg-SADG\LF-Fixed-Hard\alpha0p08\style_rho0p5\sadg_rho0p05\shot4\Seed3,D:\Running_Place\PostGraduateProjects\Experiments\PostGraduate\backbones\Prompts\Seg-SADG\LF-Fixed-Hard\alpha0p08\style_rho0p5\sadg_rho0p05\shot4\Seed3
Seg-SADG,Seg-SADG,Seg-SADG,LF-Fixed-Hard,fixed,hard,0.08,0.5,0.05,0.05,0.5,0.5,style_rho0p5,sadg_rho0p05,9,9,19,19,new_training,4,3,38,0.09652613538006942,0.09619985645016034,0.006525564434317251,0.0,0.0,0.0,0.08361175159613292,0.20974645763635635,0.05000000000000001,12,108|224|72|171,48,all_filtered,9,True,D:\Running_Place\PostGraduateProjects\Experiments\PostGraduate\backbones\DisperssionWithSADG_LowFreqCanonicalization\Seg-SADG\LF-Fixed-Hard\alpha0p08\style_rho0p5\sadg_rho0p05\shot4\Seed3,D:\Running_Place\PostGraduateProjects\Experiments\PostGraduate\backbones\Prompts\Seg-SADG\LF-Fixed-Hard\alpha0p08\style_rho0p5\sadg_rho0p05\shot4\Seed3
Seg-SADG,Seg-SADG,Seg-SADG,LF-Fixed-Hard,fixed,hard,0.08,0.5,0.05,0.05,0.5,0.5,style_rho0p5,sadg_rho0p05,9,9,19,19,new_training,4,3,39,0.0919589251279831,0.09162987892826398,0.006580954689222078,0.0,0.0,0.0,0.08085153934856255,0.1778534265855948,0.05000000000000001,12,108|224|72|171,48,all_filtered,9,True,D:\Running_Place\PostGraduateProjects\Experiments\PostGraduate\backbones\DisperssionWithSADG_LowFreqCanonicalization\Seg-SADG\LF-Fixed-Hard\alpha0p08\style_rho0p5\sadg_rho0p05\shot4\Seed3,D:\Running_Place\PostGraduateProjects\Experiments\PostGraduate\backbones\Prompts\Seg-SADG\LF-Fixed-Hard\alpha0p08\style_rho0p5\sadg_rho0p05\shot4\Seed3
Seg-SADG,Seg-SADG,Seg-SADG,LF-Fixed-Hard,fixed,hard,0.08,0.5,0.05,0.05,0.5,0.5,style_rho0p5,sadg_rho0p05,9,9,19,19,new_training,4,3,40,0.08616169045368831,0.0859025443593661,0.00518292625201866,0.0,0.0,0.0,0.0768152258048455,0.14909409979979196,0.05000000000000001,12,108|224|72|171,48,all_filtered,9,True,D:\Running_Place\PostGraduateProjects\Experiments\PostGraduate\backbones\DisperssionWithSADG_LowFreqCanonicalization\Seg-SADG\LF-Fixed-Hard\alpha0p08\style_rho0p5\sadg_rho0p05\shot4\Seed3,D:\Running_Place\PostGraduateProjects\Experiments\PostGraduate\backbones\Prompts\Seg-SADG\LF-Fixed-Hard\alpha0p08\style_rho0p5\sadg_rho0p05\shot4\Seed3
Seg-SADG,Seg-SADG,Seg-SADG,LF-Fixed-Hard,fixed,hard,0.08,0.5,0.05,0.05,0.5,0.5,style_rho0p5,sadg_rho0p05,9,9,19,19,new_training,4,3,41,0.08460811401406924,0.08431072843571503,0.005947739506761233,0.0,0.0,0.0,0.07495892979204655,0.14747677681346735,0.05000000000000001,12,108|224|72|171,48,all_filtered,9,True,D:\Running_Place\PostGraduateProjects\Experiments\PostGraduate\backbones\DisperssionWithSADG_LowFreqCanonicalization\Seg-SADG\LF-Fixed-Hard\alpha0p08\style_rho0p5\sadg_rho0p05\shot4\Seed3,D:\Running_Place\PostGraduateProjects\Experiments\PostGraduate\backbones\Prompts\Seg-SADG\LF-Fixed-Hard\alpha0p08\style_rho0p5\sadg_rho0p05\shot4\Seed3
Seg-SADG,Seg-SADG,Seg-SADG,LF-Fixed-Hard,fixed,hard,0.08,0.5,0.05,0.05,0.5,0.5,style_rho0p5,sadg_rho0p05,9,9,19,19,new_training,4,3,42,0.07998883537948132,0.07974377522865932,0.004901208080506573,0.0,0.0,0.0,0.07158363983035088,0.13414143895109495,0.05000000000000001,12,108|224|72|171,48,all_filtered,9,True,D:\Running_Place\PostGraduateProjects\Experiments\PostGraduate\backbones\DisperssionWithSADG_LowFreqCanonicalization\Seg-SADG\LF-Fixed-Hard\alpha0p08\style_rho0p5\sadg_rho0p05\shot4\Seed3,D:\Running_Place\PostGraduateProjects\Experiments\PostGraduate\backbones\Prompts\Seg-SADG\LF-Fixed-Hard\alpha0p08\style_rho0p5\sadg_rho0p05\shot4\Seed3
Seg-SADG,Seg-SADG,Seg-SADG,LF-Fixed-Hard,fixed,hard,0.08,0.5,0.05,0.05,0.5,0.5,style_rho0p5,sadg_rho0p05,9,9,19,19,new_training,4,3,43,0.08156257991989453,0.08132437616586685,0.004764075643227746,0.0,0.0,0.0,0.07101391007502873,0.1631497380634149,0.05000000000000001,12,108|224|72|171,48,all_filtered,9,True,D:\Running_Place\PostGraduateProjects\Experiments\PostGraduate\backbones\DisperssionWithSADG_LowFreqCanonicalization\Seg-SADG\LF-Fixed-Hard\alpha0p08\style_rho0p5\sadg_rho0p05\shot4\Seed3,D:\Running_Place\PostGraduateProjects\Experiments\PostGraduate\backbones\Prompts\Seg-SADG\LF-Fixed-Hard\alpha0p08\style_rho0p5\sadg_rho0p05\shot4\Seed3
Seg-SADG,Seg-SADG,Seg-SADG,LF-Fixed-Hard,fixed,hard,0.08,0.5,0.05,0.05,0.5,0.5,style_rho0p5,sadg_rho0p05,9,9,19,19,new_training,4,3,44,0.07987094794710477,0.07963609136641026,0.004697122999156515,0.0,0.0,0.0,0.06929754341642062,0.1572868637740612,0.05000000000000001,12,108|224|72|171,48,all_filtered,9,True,D:\Running_Place\PostGraduateProjects\Experiments\PostGraduate\backbones\DisperssionWithSADG_LowFreqCanonicalization\Seg-SADG\LF-Fixed-Hard\alpha0p08\style_rho0p5\sadg_rho0p05\shot4\Seed3,D:\Running_Place\PostGraduateProjects\Experiments\PostGraduate\backbones\Prompts\Seg-SADG\LF-Fixed-Hard\alpha0p08\style_rho0p5\sadg_rho0p05\shot4\Seed3
Seg-SADG,Seg-SADG,Seg-SADG,LF-Fixed-Hard,fixed,hard,0.08,0.5,0.05,0.05,0.5,0.5,style_rho0p5,sadg_rho0p05,9,9,19,19,new_training,4,3,45,0.07626308500766754,0.07603646131853263,0.00453247126036634,0.0,0.0,0.0,0.06650170497596264,0.14618142445882162,0.05000000000000001,12,108|224|72|171,48,all_filtered,9,True,D:\Running_Place\PostGraduateProjects\Experiments\PostGraduate\backbones\DisperssionWithSADG_LowFreqCanonicalization\Seg-SADG\LF-Fixed-Hard\alpha0p08\style_rho0p5\sadg_rho0p05\shot4\Seed3,D:\Running_Place\PostGraduateProjects\Experiments\PostGraduate\backbones\Prompts\Seg-SADG\LF-Fixed-Hard\alpha0p08\style_rho0p5\sadg_rho0p05\shot4\Seed3
Seg-SADG,Seg-SADG,Seg-SADG,LF-Fixed-Hard,fixed,hard,0.08,0.5,0.05,0.05,0.5,0.5,style_rho0p5,sadg_rho0p05,9,9,19,19,new_training,4,3,46,0.07523406234880288,0.07500361899534862,0.004608869203366339,0.0,0.0,0.0,0.06544007516155641,0.14828611661990485,0.05000000000000001,12,108|224|72|171,48,all_filtered,9,True,D:\Running_Place\PostGraduateProjects\Experiments\PostGraduate\backbones\DisperssionWithSADG_LowFreqCanonicalization\Seg-SADG\LF-Fixed-Hard\alpha0p08\style_rho0p5\sadg_rho0p05\shot4\Seed3,D:\Running_Place\PostGraduateProjects\Experiments\PostGraduate\backbones\Prompts\Seg-SADG\LF-Fixed-Hard\alpha0p08\style_rho0p5\sadg_rho0p05\shot4\Seed3
Seg-SADG,Seg-SADG,Seg-SADG,LF-Fixed-Hard,fixed,hard,0.08,0.5,0.05,0.05,0.5,0.5,style_rho0p5,sadg_rho0p05,9,9,19,19,new_training,4,3,47,0.07335527675847213,0.07313622782627742,0.004380957514513284,0.0,0.0,0.0,0.06409685406833887,0.14208649843931198,0.05000000000000001,12,108|224|72|171,48,all_filtered,9,True,D:\Running_Place\PostGraduateProjects\Experiments\PostGraduate\backbones\DisperssionWithSADG_LowFreqCanonicalization\Seg-SADG\LF-Fixed-Hard\alpha0p08\style_rho0p5\sadg_rho0p05\shot4\Seed3,D:\Running_Place\PostGraduateProjects\Experiments\PostGraduate\backbones\Prompts\Seg-SADG\LF-Fixed-Hard\alpha0p08\style_rho0p5\sadg_rho0p05\shot4\Seed3
Seg-SADG,Seg-SADG,Seg-SADG,LF-Fixed-Hard,fixed,hard,0.08,0.5,0.05,0.05,0.5,0.5,style_rho0p5,sadg_rho0p05,9,9,19,19,new_training,4,3,48,0.07394715708990891,0.07373346760869026,0.00427379336906597,0.0,0.0,0.0,0.0640810988843441,0.1533125334729751,0.05000000000000001,12,108|224|72|171,48,all_filtered,9,True,D:\Running_Place\PostGraduateProjects\Experiments\PostGraduate\backbones\DisperssionWithSADG_LowFreqCanonicalization\Seg-SADG\LF-Fixed-Hard\alpha0p08\style_rho0p5\sadg_rho0p05\shot4\Seed3,D:\Running_Place\PostGraduateProjects\Experiments\PostGraduate\backbones\Prompts\Seg-SADG\LF-Fixed-Hard\alpha0p08\style_rho0p5\sadg_rho0p05\shot4\Seed3
Seg-SADG,Seg-SADG,Seg-SADG,LF-Fixed-Hard,fixed,hard,0.08,0.5,0.05,0.05,0.5,0.5,style_rho0p5,sadg_rho0p05,9,9,19,19,new_training,4,3,49,0.07276938110589981,0.07253839261829853,0.004619762107419471,0.0,0.0,0.0,0.06310115847736597,0.15432658356924853,0.05000000000000001,12,108|224|72|171,48,all_filtered,9,True,D:\Running_Place\PostGraduateProjects\Experiments\PostGraduate\backbones\DisperssionWithSADG_LowFreqCanonicalization\Seg-SADG\LF-Fixed-Hard\alpha0p08\style_rho0p5\sadg_rho0p05\shot4\Seed3,D:\Running_Place\PostGraduateProjects\Experiments\PostGraduate\backbones\Prompts\Seg-SADG\LF-Fixed-Hard\alpha0p08\style_rho0p5\sadg_rho0p05\shot4\Seed3
Seg-SADG,Seg-SADG,Seg-SADG,LF-Fixed-Hard,fixed,hard,0.08,0.5,0.05,0.05,0.5,0.5,style_rho0p5,sadg_rho0p05,9,9,19,19,new_training,4,3,50,0.0711149765799443,0.07091831353803475,0.00393325249509265,0.0,0.0,0.0,0.06162445743878683,0.14529915961126486,0.05000000000000001,12,108|224|72|171,48,all_filtered,9,True,D:\Running_Place\PostGraduateProjects\Experiments\PostGraduate\backbones\DisperssionWithSADG_LowFreqCanonicalization\Seg-SADG\LF-Fixed-Hard\alpha0p08\style_rho0p5\sadg_rho0p05\shot4\Seed3,D:\Running_Place\PostGraduateProjects\Experiments\PostGraduate\backbones\Prompts\Seg-SADG\LF-Fixed-Hard\alpha0p08\style_rho0p5\sadg_rho0p05\shot4\Seed3
Seg-SADG,Seg-SADG,Seg-SADG,LF-Fixed-Hard,fixed,hard,0.08,0.5,0.05,0.05,0.5,0.5,style_rho0p5,sadg_rho0p05,9,9,19,19,new_training,4,3,51,0.06766036773721378,0.06745800158629815,0.004047329653985798,0.0,0.0,0.0,0.058880467899143696,0.13117356970906258,0.05000000000000001,12,108|224|72|171,48,all_filtered,9,True,D:\Running_Place\PostGraduateProjects\Experiments\PostGraduate\backbones\DisperssionWithSADG_LowFreqCanonicalization\Seg-SADG\LF-Fixed-Hard\alpha0p08\style_rho0p5\sadg_rho0p05\shot4\Seed3,D:\Running_Place\PostGraduateProjects\Experiments\PostGraduate\backbones\Prompts\Seg-SADG\LF-Fixed-Hard\alpha0p08\style_rho0p5\sadg_rho0p05\shot4\Seed3
Seg-SADG,Seg-SADG,Seg-SADG,LF-Fixed-Hard,fixed,hard,0.08,0.5,0.05,0.05,0.5,0.5,style_rho0p5,sadg_rho0p05,9,9,19,19,new_training,4,3,52,0.06940976623445749,0.06921287067234516,0.0039379009588931995,0.0,0.0,0.0,0.05978791632999977,0.14913731875518957,0.05000000000000001,12,108|224|72|171,48,all_filtered,9,True,D:\Running_Place\PostGraduateProjects\Experiments\PostGraduate\backbones\DisperssionWithSADG_LowFreqCanonicalization\Seg-SADG\LF-Fixed-Hard\alpha0p08\style_rho0p5\sadg_rho0p05\shot4\Seed3,D:\Running_Place\PostGraduateProjects\Experiments\PostGraduate\backbones\Prompts\Seg-SADG\LF-Fixed-Hard\alpha0p08\style_rho0p5\sadg_rho0p05\shot4\Seed3
Seg-SADG,Seg-SADG,Seg-SADG,LF-Fixed-Hard,fixed,hard,0.08,0.5,0.05,0.05,0.5,0.5,style_rho0p5,sadg_rho0p05,9,9,19,19,new_training,4,3,53,0.06746629439294338,0.06728421399990718,0.003641610926327606,0.0,0.0,0.0,0.058711281356712185,0.13455561672647795,0.05000000000000001,12,108|224|72|171,48,all_filtered,9,True,D:\Running_Place\PostGraduateProjects\Experiments\PostGraduate\backbones\DisperssionWithSADG_LowFreqCanonicalization\Seg-SADG\LF-Fixed-Hard\alpha0p08\style_rho0p5\sadg_rho0p05\shot4\Seed3,D:\Running_Place\PostGraduateProjects\Experiments\PostGraduate\backbones\Prompts\Seg-SADG\LF-Fixed-Hard\alpha0p08\style_rho0p5\sadg_rho0p05\shot4\Seed3
Seg-SADG,Seg-SADG,Seg-SADG,LF-Fixed-Hard,fixed,hard,0.08,0.5,0.05,0.05,0.5,0.5,style_rho0p5,sadg_rho0p05,9,9,19,19,new_training,4,3,54,0.06588267907500267,0.0656834344069163,0.003984880439626674,0.0,0.0,0.0,0.0571920865525802,0.13249557030697665,0.05000000000000001,12,108|224|72|171,48,all_filtered,9,True,D:\Running_Place\PostGraduateProjects\Experiments\PostGraduate\backbones\DisperssionWithSADG_LowFreqCanonicalization\Seg-SADG\LF-Fixed-Hard\alpha0p08\style_rho0p5\sadg_rho0p05\shot4\Seed3,D:\Running_Place\PostGraduateProjects\Experiments\PostGraduate\backbones\Prompts\Seg-SADG\LF-Fixed-Hard\alpha0p08\style_rho0p5\sadg_rho0p05\shot4\Seed3
Seg-SADG,Seg-SADG,Seg-SADG,LF-Fixed-Hard,fixed,hard,0.08,0.5,0.05,0.05,0.5,0.5,style_rho0p5,sadg_rho0p05,9,9,19,19,new_training,4,3,55,0.06627262104302645,0.066104789574941,0.0033566250349394977,0.0,0.0,0.0,0.05693541560322046,0.14499220189948878,0.05000000000000001,12,108|224|72|171,48,all_filtered,9,True,D:\Running_Place\PostGraduateProjects\Experiments\PostGraduate\backbones\DisperssionWithSADG_LowFreqCanonicalization\Seg-SADG\LF-Fixed-Hard\alpha0p08\style_rho0p5\sadg_rho0p05\shot4\Seed3,D:\Running_Place\PostGraduateProjects\Experiments\PostGraduate\backbones\Prompts\Seg-SADG\LF-Fixed-Hard\alpha0p08\style_rho0p5\sadg_rho0p05\shot4\Seed3
Seg-SADG,Seg-SADG,Seg-SADG,LF-Fixed-Hard,fixed,hard,0.08,0.5,0.05,0.05,0.5,0.5,style_rho0p5,sadg_rho0p05,9,9,19,19,new_training,4,3,56,0.06467894557863474,0.06446902484943469,0.00419841807646056,0.0,0.0,0.0,0.05554145108908415,0.1377026935418447,0.05000000000000001,12,108|224|72|171,48,all_filtered,9,True,D:\Running_Place\PostGraduateProjects\Experiments\PostGraduate\backbones\DisperssionWithSADG_LowFreqCanonicalization\Seg-SADG\LF-Fixed-Hard\alpha0p08\style_rho0p5\sadg_rho0p05\shot4\Seed3,D:\Running_Place\PostGraduateProjects\Experiments\PostGraduate\backbones\Prompts\Seg-SADG\LF-Fixed-Hard\alpha0p08\style_rho0p5\sadg_rho0p05\shot4\Seed3
Seg-SADG,Seg-SADG,Seg-SADG,LF-Fixed-Hard,fixed,hard,0.08,0.5,0.05,0.05,0.5,0.5,style_rho0p5,sadg_rho0p05,9,9,19,19,new_training,4,3,57,0.06229526021828254,0.06212651326010624,0.0033749391829284527,0.0,0.0,0.0,0.05398187196503083,0.12700191015998522,0.05000000000000001,12,108|224|72|171,48,all_filtered,9,True,D:\Running_Place\PostGraduateProjects\Experiments\PostGraduate\backbones\DisperssionWithSADG_LowFreqCanonicalization\Seg-SADG\LF-Fixed-Hard\alpha0p08\style_rho0p5\sadg_rho0p05\shot4\Seed3,D:\Running_Place\PostGraduateProjects\Experiments\PostGraduate\backbones\Prompts\Seg-SADG\LF-Fixed-Hard\alpha0p08\style_rho0p5\sadg_rho0p05\shot4\Seed3
Seg-SADG,Seg-SADG,Seg-SADG,LF-Fixed-Hard,fixed,hard,0.08,0.5,0.05,0.05,0.5,0.5,style_rho0p5,sadg_rho0p05,9,9,19,19,new_training,4,3,58,0.061525704339146614,0.061353449088831745,0.0034451136210312447,0.0,0.0,0.0,0.0532280250142018,0.12770252923170725,0.05000000000000001,12,108|224|72|171,48,all_filtered,9,True,D:\Running_Place\PostGraduateProjects\Experiments\PostGraduate\backbones\DisperssionWithSADG_LowFreqCanonicalization\Seg-SADG\LF-Fixed-Hard\alpha0p08\style_rho0p5\sadg_rho0p05\shot4\Seed3,D:\Running_Place\PostGraduateProjects\Experiments\PostGraduate\backbones\Prompts\Seg-SADG\LF-Fixed-Hard\alpha0p08\style_rho0p5\sadg_rho0p05\shot4\Seed3
Seg-SADG,Seg-SADG,Seg-SADG,LF-Fixed-Hard,fixed,hard,0.08,0.5,0.05,0.05,0.5,0.5,style_rho0p5,sadg_rho0p05,9,9,19,19,new_training,4,3,59,0.06188421758512656,0.06169718069334825,0.0037407471099868417,0.0,0.0,0.0,0.05248179845511913,0.13889917358756065,0.05000000000000001,12,108|224|72|171,48,all_filtered,9,True,D:\Running_Place\PostGraduateProjects\Experiments\PostGraduate\backbones\DisperssionWithSADG_LowFreqCanonicalization\Seg-SADG\LF-Fixed-Hard\alpha0p08\style_rho0p5\sadg_rho0p05\shot4\Seed3,D:\Running_Place\PostGraduateProjects\Experiments\PostGraduate\backbones\Prompts\Seg-SADG\LF-Fixed-Hard\alpha0p08\style_rho0p5\sadg_rho0p05\shot4\Seed3
Seg-SADG,Seg-SADG,Seg-SADG,LF-Fixed-Hard,fixed,hard,0.08,0.5,0.05,0.05,0.5,0.5,style_rho0p5,sadg_rho0p05,9,9,19,19,new_training,4,3,60,0.05911040802796682,0.05895587553580602,0.0030906517252636454,0.0,0.0,0.0,0.0511703152830402,0.12229865789413452,0.05000000000000001,12,108|224|72|171,48,all_filtered,9,True,D:\Running_Place\PostGraduateProjects\Experiments\PostGraduate\backbones\DisperssionWithSADG_LowFreqCanonicalization\Seg-SADG\LF-Fixed-Hard\alpha0p08\style_rho0p5\sadg_rho0p05\shot4\Seed3,D:\Running_Place\PostGraduateProjects\Experiments\PostGraduate\backbones\Prompts\Seg-SADG\LF-Fixed-Hard\alpha0p08\style_rho0p5\sadg_rho0p05\shot4\Seed3
Seg-SADG,Seg-SADG,Seg-SADG,LF-Fixed-Hard,fixed,hard,0.08,0.5,0.05,0.05,0.5,0.5,style_rho0p5,sadg_rho0p05,9,9,19,19,new_training,4,3,61,0.057158843303720154,0.056996295849482216,0.003250952907061825,0.0,0.0,0.0,0.049688669852912426,0.11473342900474866,0.05000000000000001,12,108|224|72|171,48,all_filtered,9,True,D:\Running_Place\PostGraduateProjects\Experiments\PostGraduate\backbones\DisperssionWithSADG_LowFreqCanonicalization\Seg-SADG\LF-Fixed-Hard\alpha0p08\style_rho0p5\sadg_rho0p05\shot4\Seed3,D:\Running_Place\PostGraduateProjects\Experiments\PostGraduate\backbones\Prompts\Seg-SADG\LF-Fixed-Hard\alpha0p08\style_rho0p5\sadg_rho0p05\shot4\Seed3
Seg-SADG,Seg-SADG,Seg-SADG,LF-Fixed-Hard,fixed,hard,0.08,0.5,0.05,0.05,0.5,0.5,style_rho0p5,sadg_rho0p05,9,9,19,19,new_training,4,3,62,0.0555772352963686,0.055432877192894615,0.002887168084271252,0.0,0.0,0.0,0.04843528289347887,0.11152251375218232,0.05000000000000001,12,108|224|72|171,48,all_filtered,9,True,D:\Running_Place\PostGraduateProjects\Experiments\PostGraduate\backbones\DisperssionWithSADG_LowFreqCanonicalization\Seg-SADG\LF-Fixed-Hard\alpha0p08\style_rho0p5\sadg_rho0p05\shot4\Seed3,D:\Running_Place\PostGraduateProjects\Experiments\PostGraduate\backbones\Prompts\Seg-SADG\LF-Fixed-Hard\alpha0p08\style_rho0p5\sadg_rho0p05\shot4\Seed3
Seg-SADG,Seg-SADG,Seg-SADG,LF-Fixed-Hard,fixed,hard,0.08,0.5,0.05,0.05,0.5,0.5,style_rho0p5,sadg_rho0p05,9,9,19,19,new_training,4,3,63,0.05473592256506284,0.05458808938662211,0.002956664616552492,0.0,0.0,0.0,0.0473238422224919,0.11431552655994892,0.05000000000000001,12,108|224|72|171,48,all_filtered,9,True,D:\Running_Place\PostGraduateProjects\Experiments\PostGraduate\backbones\DisperssionWithSADG_LowFreqCanonicalization\Seg-SADG\LF-Fixed-Hard\alpha0p08\style_rho0p5\sadg_rho0p05\shot4\Seed3,D:\Running_Place\PostGraduateProjects\Experiments\PostGraduate\backbones\Prompts\Seg-SADG\LF-Fixed-Hard\alpha0p08\style_rho0p5\sadg_rho0p05\shot4\Seed3
Seg-SADG,Seg-SADG,Seg-SADG,LF-Fixed-Hard,fixed,hard,0.08,0.5,0.05,0.05,0.5,0.5,style_rho0p5,sadg_rho0p05,9,9,19,19,new_training,4,3,64,0.05530590222527584,0.055146061504880585,0.0031968123318317034,0.0,0.0,0.0,0.04724752840896448,0.12401653329531352,0.05000000000000001,12,108|224|72|171,48,all_filtered,9,True,D:\Running_Place\PostGraduateProjects\Experiments\PostGraduate\backbones\DisperssionWithSADG_LowFreqCanonicalization\Seg-SADG\LF-Fixed-Hard\alpha0p08\style_rho0p5\sadg_rho0p05\shot4\Seed3,D:\Running_Place\PostGraduateProjects\Experiments\PostGraduate\backbones\Prompts\Seg-SADG\LF-Fixed-Hard\alpha0p08\style_rho0p5\sadg_rho0p05\shot4\Seed3
Seg-SADG,Seg-SADG,Seg-SADG,LF-Fixed-Hard,fixed,hard,0.08,0.5,0.05,0.05,0.5,0.5,style_rho0p5,sadg_rho0p05,9,9,19,19,new_training,4,3,65,0.055291591522594295,0.055153586280842624,0.002760101565703129,0.0,0.0,0.0,0.04709594169010719,0.12842697463929653,0.05000000000000001,12,108|224|72|171,48,all_filtered,9,True,D:\Running_Place\PostGraduateProjects\Experiments\PostGraduate\backbones\DisperssionWithSADG_LowFreqCanonicalization\Seg-SADG\LF-Fixed-Hard\alpha0p08\style_rho0p5\sadg_rho0p05\shot4\Seed3,D:\Running_Place\PostGraduateProjects\Experiments\PostGraduate\backbones\Prompts\Seg-SADG\LF-Fixed-Hard\alpha0p08\style_rho0p5\sadg_rho0p05\shot4\Seed3
Seg-SADG,Seg-SADG,Seg-SADG,LF-Fixed-Hard,fixed,hard,0.08,0.5,0.05,0.05,0.5,0.5,style_rho0p5,sadg_rho0p05,9,9,19,19,new_training,4,3,66,0.05355916327486435,0.053416832350194454,0.0028466173098422587,0.0,0.0,0.0,0.0455156055589517,0.1206134632229805,0.05000000000000001,12,108|224|72|171,48,all_filtered,9,True,D:\Running_Place\PostGraduateProjects\Experiments\PostGraduate\backbones\DisperssionWithSADG_LowFreqCanonicalization\Seg-SADG\LF-Fixed-Hard\alpha0p08\style_rho0p5\sadg_rho0p05\shot4\Seed3,D:\Running_Place\PostGraduateProjects\Experiments\PostGraduate\backbones\Prompts\Seg-SADG\LF-Fixed-Hard\alpha0p08\style_rho0p5\sadg_rho0p05\shot4\Seed3
Seg-SADG,Seg-SADG,Seg-SADG,LF-Fixed-Hard,fixed,hard,0.08,0.5,0.05,0.05,0.5,0.5,style_rho0p5,sadg_rho0p05,9,9,19,19,new_training,4,3,67,0.05264215295513471,0.05249998097618421,0.0028434392200627676,0.0,0.0,0.0,0.045038425674041115,0.11775332999726136,0.05000000000000001,12,108|224|72|171,48,all_filtered,9,True,D:\Running_Place\PostGraduateProjects\Experiments\PostGraduate\backbones\DisperssionWithSADG_LowFreqCanonicalization\Seg-SADG\LF-Fixed-Hard\alpha0p08\style_rho0p5\sadg_rho0p05\shot4\Seed3,D:\Running_Place\PostGraduateProjects\Experiments\PostGraduate\backbones\Prompts\Seg-SADG\LF-Fixed-Hard\alpha0p08\style_rho0p5\sadg_rho0p05\shot4\Seed3
Seg-SADG,Seg-SADG,Seg-SADG,LF-Fixed-Hard,fixed,hard,0.08,0.5,0.05,0.05,0.5,0.5,style_rho0p5,sadg_rho0p05,9,9,19,19,new_training,4,3,68,0.05256210577984651,0.05240772757679224,0.0030875664961058646,0.0,0.0,0.0,0.04435103324552377,0.12623215094208717,0.05000000000000001,12,108|224|72|171,48,all_filtered,9,True,D:\Running_Place\PostGraduateProjects\Experiments\PostGraduate\backbones\DisperssionWithSADG_LowFreqCanonicalization\Seg-SADG\LF-Fixed-Hard\alpha0p08\style_rho0p5\sadg_rho0p05\shot4\Seed3,D:\Running_Place\PostGraduateProjects\Experiments\PostGraduate\backbones\Prompts\Seg-SADG\LF-Fixed-Hard\alpha0p08\style_rho0p5\sadg_rho0p05\shot4\Seed3
Seg-SADG,Seg-SADG,Seg-SADG,LF-Fixed-Hard,fixed,hard,0.08,0.5,0.05,0.05,0.5,0.5,style_rho0p5,sadg_rho0p05,9,9,19,19,new_training,4,3,69,0.05232654636104902,0.05218226214249929,0.0028856778032301613,0.0,0.0,0.0,0.04369019065052271,0.12875524535775185,0.05000000000000001,12,108|224|72|171,48,all_filtered,9,True,D:\Running_Place\PostGraduateProjects\Experiments\PostGraduate\backbones\DisperssionWithSADG_LowFreqCanonicalization\Seg-SADG\LF-Fixed-Hard\alpha0p08\style_rho0p5\sadg_rho0p05\shot4\Seed3,D:\Running_Place\PostGraduateProjects\Experiments\PostGraduate\backbones\Prompts\Seg-SADG\LF-Fixed-Hard\alpha0p08\style_rho0p5\sadg_rho0p05\shot4\Seed3
Seg-SADG,Seg-SADG,Seg-SADG,LF-Fixed-Hard,fixed,hard,0.08,0.5,0.05,0.05,0.5,0.5,style_rho0p5,sadg_rho0p05,9,9,19,19,new_training,4,3,70,0.053209186221162476,0.0530693968757987,0.002795784860306109,0.0,0.0,0.0,0.044076782340804734,0.14140944369137287,0.05000000000000001,12,108|224|72|171,48,all_filtered,9,True,D:\Running_Place\PostGraduateProjects\Experiments\PostGraduate\backbones\DisperssionWithSADG_LowFreqCanonicalization\Seg-SADG\LF-Fixed-Hard\alpha0p08\style_rho0p5\sadg_rho0p05\shot4\Seed3,D:\Running_Place\PostGraduateProjects\Experiments\PostGraduate\backbones\Prompts\Seg-SADG\LF-Fixed-Hard\alpha0p08\style_rho0p5\sadg_rho0p05\shot4\Seed3
Seg-SADG,Seg-SADG,Seg-SADG,LF-Fixed-Hard,fixed,hard,0.08,0.5,0.05,0.05,0.5,0.5,style_rho0p5,sadg_rho0p05,9,9,19,19,new_training,4,3,71,0.05178351948658625,0.05165104164431492,0.002649565266134838,0.0,0.0,0.0,0.04332632509370645,0.12869659749170145,0.05000000000000001,12,108|224|72|171,48,all_filtered,9,True,D:\Running_Place\PostGraduateProjects\Experiments\PostGraduate\backbones\DisperssionWithSADG_LowFreqCanonicalization\Seg-SADG\LF-Fixed-Hard\alpha0p08\style_rho0p5\sadg_rho0p05\shot4\Seed3,D:\Running_Place\PostGraduateProjects\Experiments\PostGraduate\backbones\Prompts\Seg-SADG\LF-Fixed-Hard\alpha0p08\style_rho0p5\sadg_rho0p05\shot4\Seed3
Seg-SADG,Seg-SADG,Seg-SADG,LF-Fixed-Hard,fixed,hard,0.08,0.5,0.05,0.05,0.5,0.5,style_rho0p5,sadg_rho0p05,9,9,19,19,new_training,4,3,72,0.05139069973180691,0.05125113514562448,0.002791296700403715,0.0,0.0,0.0,0.04260329777995745,0.13147355429828167,0.05000000000000001,12,108|224|72|171,48,all_filtered,9,True,D:\Running_Place\PostGraduateProjects\Experiments\PostGraduate\backbones\DisperssionWithSADG_LowFreqCanonicalization\Seg-SADG\LF-Fixed-Hard\alpha0p08\style_rho0p5\sadg_rho0p05\shot4\Seed3,D:\Running_Place\PostGraduateProjects\Experiments\PostGraduate\backbones\Prompts\Seg-SADG\LF-Fixed-Hard\alpha0p08\style_rho0p5\sadg_rho0p05\shot4\Seed3
Seg-SADG,Seg-SADG,Seg-SADG,LF-Fixed-Hard,fixed,hard,0.08,0.5,0.05,0.05,0.5,0.5,style_rho0p5,sadg_rho0p05,9,9,19,19,new_training,4,3,73,0.04874846494446198,0.04861754893014828,0.002618316328153014,0.0,0.0,0.0,0.04138886649161577,0.11412933841347694,0.05000000000000001,12,108|224|72|171,48,all_filtered,9,True,D:\Running_Place\PostGraduateProjects\Experiments\PostGraduate\backbones\DisperssionWithSADG_LowFreqCanonicalization\Seg-SADG\LF-Fixed-Hard\alpha0p08\style_rho0p5\sadg_rho0p05\shot4\Seed3,D:\Running_Place\PostGraduateProjects\Experiments\PostGraduate\backbones\Prompts\Seg-SADG\LF-Fixed-Hard\alpha0p08\style_rho0p5\sadg_rho0p05\shot4\Seed3
Seg-SADG,Seg-SADG,Seg-SADG,LF-Fixed-Hard,fixed,hard,0.08,0.5,0.05,0.05,0.5,0.5,style_rho0p5,sadg_rho0p05,9,9,19,19,new_training,4,3,74,0.04858437025298675,0.048464435152709484,0.0023986967280507088,0.0,0.0,0.0,0.04085861270626386,0.11787911628683408,0.05000000000000001,12,108|224|72|171,48,all_filtered,9,True,D:\Running_Place\PostGraduateProjects\Experiments\PostGraduate\backbones\DisperssionWithSADG_LowFreqCanonicalization\Seg-SADG\LF-Fixed-Hard\alpha0p08\style_rho0p5\sadg_rho0p05\shot4\Seed3,D:\Running_Place\PostGraduateProjects\Experiments\PostGraduate\backbones\Prompts\Seg-SADG\LF-Fixed-Hard\alpha0p08\style_rho0p5\sadg_rho0p05\shot4\Seed3
Seg-SADG,Seg-SADG,Seg-SADG,LF-Fixed-Hard,fixed,hard,0.08,0.5,0.05,0.05,0.5,0.5,style_rho0p5,sadg_rho0p05,9,9,19,19,new_training,4,3,75,0.04749950642387072,0.04737372975796461,0.002515532629331574,0.0,0.0,0.0,0.039843967805306114,0.11603426809112231,0.05000000000000001,12,108|224|72|171,48,all_filtered,9,True,D:\Running_Place\PostGraduateProjects\Experiments\PostGraduate\backbones\DisperssionWithSADG_LowFreqCanonicalization\Seg-SADG\LF-Fixed-Hard\alpha0p08\style_rho0p5\sadg_rho0p05\shot4\Seed3,D:\Running_Place\PostGraduateProjects\Experiments\PostGraduate\backbones\Prompts\Seg-SADG\LF-Fixed-Hard\alpha0p08\style_rho0p5\sadg_rho0p05\shot4\Seed3
Seg-SADG,Seg-SADG,Seg-SADG,LF-Fixed-Hard,fixed,hard,0.08,0.5,0.05,0.05,0.5,0.5,style_rho0p5,sadg_rho0p05,9,9,19,19,new_training,4,3,76,0.0472949535275499,0.047166708235939346,0.002564900952468937,0.0,0.0,0.0,0.039327303878962994,0.11968288322289784,0.05000000000000001,12,108|224|72|171,48,all_filtered,9,True,D:\Running_Place\PostGraduateProjects\Experiments\PostGraduate\backbones\DisperssionWithSADG_LowFreqCanonicalization\Seg-SADG\LF-Fixed-Hard\alpha0p08\style_rho0p5\sadg_rho0p05\shot4\Seed3,D:\Running_Place\PostGraduateProjects\Experiments\PostGraduate\backbones\Prompts\Seg-SADG\LF-Fixed-Hard\alpha0p08\style_rho0p5\sadg_rho0p05\shot4\Seed3
Seg-SADG,Seg-SADG,Seg-SADG,LF-Fixed-Hard,fixed,hard,0.08,0.5,0.05,0.05,0.5,0.5,style_rho0p5,sadg_rho0p05,9,9,19,19,new_training,4,3,77,0.04511193186044693,0.04499400034546852,0.002358637982979417,0.0,0.0,0.0,0.03823581803590059,0.10632286655406158,0.05000000000000001,12,108|224|72|171,48,all_filtered,9,True,D:\Running_Place\PostGraduateProjects\Experiments\PostGraduate\backbones\DisperssionWithSADG_LowFreqCanonicalization\Seg-SADG\LF-Fixed-Hard\alpha0p08\style_rho0p5\sadg_rho0p05\shot4\Seed3,D:\Running_Place\PostGraduateProjects\Experiments\PostGraduate\backbones\Prompts\Seg-SADG\LF-Fixed-Hard\alpha0p08\style_rho0p5\sadg_rho0p05\shot4\Seed3
Seg-SADG,Seg-SADG,Seg-SADG,LF-Fixed-Hard,fixed,hard,0.08,0.5,0.05,0.05,0.5,0.5,style_rho0p5,sadg_rho0p05,9,9,19,19,new_training,4,3,78,0.044245343655347824,0.04412184003740549,0.0024700674888057015,0.0,0.0,0.0,0.03729383802662293,0.10501989039282005,0.05000000000000001,12,108|224|72|171,48,all_filtered,9,True,D:\Running_Place\PostGraduateProjects\Experiments\PostGraduate\backbones\DisperssionWithSADG_LowFreqCanonicalization\Seg-SADG\LF-Fixed-Hard\alpha0p08\style_rho0p5\sadg_rho0p05\shot4\Seed3,D:\Running_Place\PostGraduateProjects\Experiments\PostGraduate\backbones\Prompts\Seg-SADG\LF-Fixed-Hard\alpha0p08\style_rho0p5\sadg_rho0p05\shot4\Seed3
Seg-SADG,Seg-SADG,Seg-SADG,LF-Fixed-Hard,fixed,hard,0.08,0.5,0.05,0.05,0.5,0.5,style_rho0p5,sadg_rho0p05,9,9,19,19,new_training,4,3,79,0.04425192158669233,0.04413577727973461,0.002322885033208877,0.0,0.0,0.0,0.036776309522489704,0.11207445090015729,0.05000000000000001,12,108|224|72|171,48,all_filtered,9,True,D:\Running_Place\PostGraduateProjects\Experiments\PostGraduate\backbones\DisperssionWithSADG_LowFreqCanonicalization\Seg-SADG\LF-Fixed-Hard\alpha0p08\style_rho0p5\sadg_rho0p05\shot4\Seed3,D:\Running_Place\PostGraduateProjects\Experiments\PostGraduate\backbones\Prompts\Seg-SADG\LF-Fixed-Hard\alpha0p08\style_rho0p5\sadg_rho0p05\shot4\Seed3
Seg-SADG,Seg-SADG,Seg-SADG,LF-Fixed-Hard,fixed,hard,0.08,0.5,0.05,0.05,0.5,0.5,style_rho0p5,sadg_rho0p05,9,9,19,19,new_training,4,3,80,0.04416387031475703,0.044052306562662125,0.0022312755463644862,0.0,0.0,0.0,0.0367337204515934,0.1119247463842233,0.05000000000000001,12,108|224|72|171,48,all_filtered,9,True,D:\Running_Place\PostGraduateProjects\Experiments\PostGraduate\backbones\DisperssionWithSADG_LowFreqCanonicalization\Seg-SADG\LF-Fixed-Hard\alpha0p08\style_rho0p5\sadg_rho0p05\shot4\Seed3,D:\Running_Place\PostGraduateProjects\Experiments\PostGraduate\backbones\Prompts\Seg-SADG\LF-Fixed-Hard\alpha0p08\style_rho0p5\sadg_rho0p05\shot4\Seed3
Seg-SADG,Seg-SADG,Seg-SADG,LF-Fixed-Hard,fixed,hard,0.08,0.5,0.05,0.05,0.5,0.5,style_rho0p5,sadg_rho0p05,9,9,19,19,new_training,4,3,81,0.04309649392962456,0.0429847032452623,0.002235813473816961,0.0,0.0,0.0,0.03611495470007261,0.10937273936967055,0.05000000000000001,12,108|224|72|171,48,all_filtered,9,True,D:\Running_Place\PostGraduateProjects\Experiments\PostGraduate\backbones\DisperssionWithSADG_LowFreqCanonicalization\Seg-SADG\LF-Fixed-Hard\alpha0p08\style_rho0p5\sadg_rho0p05\shot4\Seed3,D:\Running_Place\PostGraduateProjects\Experiments\PostGraduate\backbones\Prompts\Seg-SADG\LF-Fixed-Hard\alpha0p08\style_rho0p5\sadg_rho0p05\shot4\Seed3
Seg-SADG,Seg-SADG,Seg-SADG,LF-Fixed-Hard,fixed,hard,0.08,0.5,0.05,0.05,0.5,0.5,style_rho0p5,sadg_rho0p05,9,9,19,19,new_training,4,3,82,0.04208757262676954,0.041978931364913784,0.0021728207163202264,0.0,0.0,0.0,0.03534449295451244,0.10487441346049309,0.05000000000000001,12,108|224|72|171,48,all_filtered,9,True,D:\Running_Place\PostGraduateProjects\Experiments\PostGraduate\backbones\DisperssionWithSADG_LowFreqCanonicalization\Seg-SADG\LF-Fixed-Hard\alpha0p08\style_rho0p5\sadg_rho0p05\shot4\Seed3,D:\Running_Place\PostGraduateProjects\Experiments\PostGraduate\backbones\Prompts\Seg-SADG\LF-Fixed-Hard\alpha0p08\style_rho0p5\sadg_rho0p05\shot4\Seed3
Seg-SADG,Seg-SADG,Seg-SADG,LF-Fixed-Hard,fixed,hard,0.08,0.5,0.05,0.05,0.5,0.5,style_rho0p5,sadg_rho0p05,9,9,19,19,new_training,4,3,83,0.042379395104944706,0.042275610069433846,0.0020757085100437203,0.0,0.0,0.0,0.035129990739127,0.11093652000029881,0.05000000000000001,12,108|224|72|171,48,all_filtered,9,True,D:\Running_Place\PostGraduateProjects\Experiments\PostGraduate\backbones\DisperssionWithSADG_LowFreqCanonicalization\Seg-SADG\LF-Fixed-Hard\alpha0p08\style_rho0p5\sadg_rho0p05\shot4\Seed3,D:\Running_Place\PostGraduateProjects\Experiments\PostGraduate\backbones\Prompts\Seg-SADG\LF-Fixed-Hard\alpha0p08\style_rho0p5\sadg_rho0p05\shot4\Seed3
Seg-SADG,Seg-SADG,Seg-SADG,LF-Fixed-Hard,fixed,hard,0.08,0.5,0.05,0.05,0.5,0.5,style_rho0p5,sadg_rho0p05,9,9,19,19,new_training,4,3,84,0.04068966582417488,0.040579743683338165,0.0021984330766523876,0.0,0.0,0.0,0.03386898369838794,0.10364677384495735,0.05000000000000001,12,108|224|72|171,48,all_filtered,9,True,D:\Running_Place\PostGraduateProjects\Experiments\PostGraduate\backbones\DisperssionWithSADG_LowFreqCanonicalization\Seg-SADG\LF-Fixed-Hard\alpha0p08\style_rho0p5\sadg_rho0p05\shot4\Seed3,D:\Running_Place\PostGraduateProjects\Experiments\PostGraduate\backbones\Prompts\Seg-SADG\LF-Fixed-Hard\alpha0p08\style_rho0p5\sadg_rho0p05\shot4\Seed3
Seg-SADG,Seg-SADG,Seg-SADG,LF-Fixed-Hard,fixed,hard,0.08,0.5,0.05,0.05,0.5,0.5,style_rho0p5,sadg_rho0p05,9,9,19,19,new_training,4,3,85,0.04237275881071886,0.04226084488133589,0.0022382869016534337,0.0,0.0,0.0,0.03393946634605527,0.122281680504481,0.05000000000000001,12,108|224|72|171,48,all_filtered,9,True,D:\Running_Place\PostGraduateProjects\Experiments\PostGraduate\backbones\DisperssionWithSADG_LowFreqCanonicalization\Seg-SADG\LF-Fixed-Hard\alpha0p08\style_rho0p5\sadg_rho0p05\shot4\Seed3,D:\Running_Place\PostGraduateProjects\Experiments\PostGraduate\backbones\Prompts\Seg-SADG\LF-Fixed-Hard\alpha0p08\style_rho0p5\sadg_rho0p05\shot4\Seed3
Seg-SADG,Seg-SADG,Seg-SADG,LF-Fixed-Hard,fixed,hard,0.08,0.5,0.05,0.05,0.5,0.5,style_rho0p5,sadg_rho0p05,9,9,19,19,new_training,4,3,86,0.040433270235856376,0.04033563379198313,0.0019527236581780016,0.0,0.0,0.0,0.033161848007390894,0.10899788637955983,0.05000000000000001,12,108|224|72|171,48,all_filtered,9,True,D:\Running_Place\PostGraduateProjects\Experiments\PostGraduate\backbones\DisperssionWithSADG_LowFreqCanonicalization\Seg-SADG\LF-Fixed-Hard\alpha0p08\style_rho0p5\sadg_rho0p05\shot4\Seed3,D:\Running_Place\PostGraduateProjects\Experiments\PostGraduate\backbones\Prompts\Seg-SADG\LF-Fixed-Hard\alpha0p08\style_rho0p5\sadg_rho0p05\shot4\Seed3
Seg-SADG,Seg-SADG,Seg-SADG,LF-Fixed-Hard,fixed,hard,0.08,0.5,0.05,0.05,0.5,0.5,style_rho0p5,sadg_rho0p05,9,9,19,19,new_training,4,3,87,0.04277852922677994,0.04266921089341243,0.002186372255285581,0.0,0.0,0.0,0.03399616526439786,0.1300780326128006,0.05000000000000001,12,108|224|72|171,48,all_filtered,9,True,D:\Running_Place\PostGraduateProjects\Experiments\PostGraduate\backbones\DisperssionWithSADG_LowFreqCanonicalization\Seg-SADG\LF-Fixed-Hard\alpha0p08\style_rho0p5\sadg_rho0p05\shot4\Seed3,D:\Running_Place\PostGraduateProjects\Experiments\PostGraduate\backbones\Prompts\Seg-SADG\LF-Fixed-Hard\alpha0p08\style_rho0p5\sadg_rho0p05\shot4\Seed3
Seg-SADG,Seg-SADG,Seg-SADG,LF-Fixed-Hard,fixed,hard,0.08,0.5,0.05,0.05,0.5,0.5,style_rho0p5,sadg_rho0p05,9,9,19,19,new_training,4,3,88,0.04136870242655277,0.04126172078152498,0.0021396383817773312,0.0,0.0,0.0,0.033712305749456085,0.11826240085065365,0.05000000000000001,12,108|224|72|171,48,all_filtered,9,True,D:\Running_Place\PostGraduateProjects\Experiments\PostGraduate\backbones\DisperssionWithSADG_LowFreqCanonicalization\Seg-SADG\LF-Fixed-Hard\alpha0p08\style_rho0p5\sadg_rho0p05\shot4\Seed3,D:\Running_Place\PostGraduateProjects\Experiments\PostGraduate\backbones\Prompts\Seg-SADG\LF-Fixed-Hard\alpha0p08\style_rho0p5\sadg_rho0p05\shot4\Seed3
Seg-SADG,Seg-SADG,Seg-SADG,LF-Fixed-Hard,fixed,hard,0.08,0.5,0.05,0.05,0.5,0.5,style_rho0p5,sadg_rho0p05,9,9,19,19,new_training,4,3,89,0.040561517079671226,0.040455468309422336,0.002120976181079944,0.0,0.0,0.0,0.03308736408750216,0.1138392345358928,0.05000000000000001,12,108|224|72|171,48,all_filtered,9,True,D:\Running_Place\PostGraduateProjects\Experiments\PostGraduate\backbones\DisperssionWithSADG_LowFreqCanonicalization\Seg-SADG\LF-Fixed-Hard\alpha0p08\style_rho0p5\sadg_rho0p05\shot4\Seed3,D:\Running_Place\PostGraduateProjects\Experiments\PostGraduate\backbones\Prompts\Seg-SADG\LF-Fixed-Hard\alpha0p08\style_rho0p5\sadg_rho0p05\shot4\Seed3
Seg-SADG,Seg-SADG,Seg-SADG,LF-Fixed-Hard,fixed,hard,0.08,0.5,0.05,0.05,0.5,0.5,style_rho0p5,sadg_rho0p05,9,9,19,19,new_training,4,3,90,0.03934072144329548,0.03923908248543739,0.002032786151782299,0.0,0.0,0.0,0.03232903483634194,0.10490910646816094,0.05000000000000001,12,108|224|72|171,48,all_filtered,9,True,D:\Running_Place\PostGraduateProjects\Experiments\PostGraduate\backbones\DisperssionWithSADG_LowFreqCanonicalization\Seg-SADG\LF-Fixed-Hard\alpha0p08\style_rho0p5\sadg_rho0p05\shot4\Seed3,D:\Running_Place\PostGraduateProjects\Experiments\PostGraduate\backbones\Prompts\Seg-SADG\LF-Fixed-Hard\alpha0p08\style_rho0p5\sadg_rho0p05\shot4\Seed3
Seg-SADG,Seg-SADG,Seg-SADG,LF-Fixed-Hard,fixed,hard,0.08,0.5,0.05,0.05,0.5,0.5,style_rho0p5,sadg_rho0p05,9,9,19,19,new_training,4,3,91,0.040801740561922394,0.04070121763894955,0.0020104594877921045,0.0,0.0,0.0,0.03254316591968139,0.12241154536604881,0.05000000000000001,12,108|224|72|171,48,all_filtered,9,True,D:\Running_Place\PostGraduateProjects\Experiments\PostGraduate\backbones\DisperssionWithSADG_LowFreqCanonicalization\Seg-SADG\LF-Fixed-Hard\alpha0p08\style_rho0p5\sadg_rho0p05\shot4\Seed3,D:\Running_Place\PostGraduateProjects\Experiments\PostGraduate\backbones\Prompts\Seg-SADG\LF-Fixed-Hard\alpha0p08\style_rho0p5\sadg_rho0p05\shot4\Seed3
Seg-SADG,Seg-SADG,Seg-SADG,LF-Fixed-Hard,fixed,hard,0.08,0.5,0.05,0.05,0.5,0.5,style_rho0p5,sadg_rho0p05,9,9,19,19,new_training,4,3,92,0.0387417326370875,0.038644920413692795,0.001936227655581509,0.0,0.0,0.0,0.03160347665349642,0.10678534271816413,0.05000000000000001,12,108|224|72|171,48,all_filtered,9,True,D:\Running_Place\PostGraduateProjects\Experiments\PostGraduate\backbones\DisperssionWithSADG_LowFreqCanonicalization\Seg-SADG\LF-Fixed-Hard\alpha0p08\style_rho0p5\sadg_rho0p05\shot4\Seed3,D:\Running_Place\PostGraduateProjects\Experiments\PostGraduate\backbones\Prompts\Seg-SADG\LF-Fixed-Hard\alpha0p08\style_rho0p5\sadg_rho0p05\shot4\Seed3
Seg-SADG,Seg-SADG,Seg-SADG,LF-Fixed-Hard,fixed,hard,0.08,0.5,0.05,0.05,0.5,0.5,style_rho0p5,sadg_rho0p05,9,9,19,19,new_training,4,3,93,0.037161028012633324,0.037068555441995464,0.0018494488904252648,0.0,0.0,0.0,0.030431195472677548,0.0998188816010952,0.05000000000000001,12,108|224|72|171,48,all_filtered,9,True,D:\Running_Place\PostGraduateProjects\Experiments\PostGraduate\backbones\DisperssionWithSADG_LowFreqCanonicalization\Seg-SADG\LF-Fixed-Hard\alpha0p08\style_rho0p5\sadg_rho0p05\shot4\Seed3,D:\Running_Place\PostGraduateProjects\Experiments\PostGraduate\backbones\Prompts\Seg-SADG\LF-Fixed-Hard\alpha0p08\style_rho0p5\sadg_rho0p05\shot4\Seed3
Seg-SADG,Seg-SADG,Seg-SADG,LF-Fixed-Hard,fixed,hard,0.08,0.5,0.05,0.05,0.5,0.5,style_rho0p5,sadg_rho0p05,9,9,19,19,new_training,4,3,94,0.03712464837978283,0.037038744116822876,0.0017180886255421985,0.0,0.0,0.0,0.030086913146078587,0.10576099716126919,0.05000000000000001,12,108|224|72|171,48,all_filtered,9,True,D:\Running_Place\PostGraduateProjects\Experiments\PostGraduate\backbones\DisperssionWithSADG_LowFreqCanonicalization\Seg-SADG\LF-Fixed-Hard\alpha0p08\style_rho0p5\sadg_rho0p05\shot4\Seed3,D:\Running_Place\PostGraduateProjects\Experiments\PostGraduate\backbones\Prompts\Seg-SADG\LF-Fixed-Hard\alpha0p08\style_rho0p5\sadg_rho0p05\shot4\Seed3
Seg-SADG,Seg-SADG,Seg-SADG,LF-Fixed-Hard,fixed,hard,0.08,0.5,0.05,0.05,0.5,0.5,style_rho0p5,sadg_rho0p05,9,9,19,19,new_training,4,3,95,0.03635280330975851,0.03625488094985485,0.0019584515733489147,0.0,0.0,0.0,0.029492588868985575,0.10170445467034976,0.05000000000000001,12,108|224|72|171,48,all_filtered,9,True,D:\Running_Place\PostGraduateProjects\Experiments\PostGraduate\backbones\DisperssionWithSADG_LowFreqCanonicalization\Seg-SADG\LF-Fixed-Hard\alpha0p08\style_rho0p5\sadg_rho0p05\shot4\Seed3,D:\Running_Place\PostGraduateProjects\Experiments\PostGraduate\backbones\Prompts\Seg-SADG\LF-Fixed-Hard\alpha0p08\style_rho0p5\sadg_rho0p05\shot4\Seed3
Seg-SADG,Seg-SADG,Seg-SADG,LF-Fixed-Hard,fixed,hard,0.08,0.5,0.05,0.05,0.5,0.5,style_rho0p5,sadg_rho0p05,9,9,19,19,new_training,4,3,96,0.036845747381448746,0.03675340178112189,0.001846906418601672,0.0,0.0,0.0,0.0295521457058688,0.11104585168262322,0.05000000000000001,12,108|224|72|171,48,all_filtered,9,True,D:\Running_Place\PostGraduateProjects\Experiments\PostGraduate\backbones\DisperssionWithSADG_LowFreqCanonicalization\Seg-SADG\LF-Fixed-Hard\alpha0p08\style_rho0p5\sadg_rho0p05\shot4\Seed3,D:\Running_Place\PostGraduateProjects\Experiments\PostGraduate\backbones\Prompts\Seg-SADG\LF-Fixed-Hard\alpha0p08\style_rho0p5\sadg_rho0p05\shot4\Seed3
Seg-SADG,Seg-SADG,Seg-SADG,LF-Fixed-Hard,fixed,hard,0.08,0.5,0.05,0.05,0.5,0.5,style_rho0p5,sadg_rho0p05,9,9,19,19,new_training,4,3,97,0.037084714199105896,0.0369942095130682,0.001810097125902151,0.0,0.0,0.0,0.02914778624350826,0.11761255500217278,0.05000000000000001,12,108|224|72|171,48,all_filtered,9,True,D:\Running_Place\PostGraduateProjects\Experiments\PostGraduate\backbones\DisperssionWithSADG_LowFreqCanonicalization\Seg-SADG\LF-Fixed-Hard\alpha0p08\style_rho0p5\sadg_rho0p05\shot4\Seed3,D:\Running_Place\PostGraduateProjects\Experiments\PostGraduate\backbones\Prompts\Seg-SADG\LF-Fixed-Hard\alpha0p08\style_rho0p5\sadg_rho0p05\shot4\Seed3
Seg-SADG,Seg-SADG,Seg-SADG,LF-Fixed-Hard,fixed,hard,0.08,0.5,0.05,0.05,0.5,0.5,style_rho0p5,sadg_rho0p05,9,9,19,19,new_training,4,3,98,0.03567319052914778,0.035583287167052426,0.0017980744887609035,0.0,0.0,0.0,0.028535163961350918,0.10647066310048103,0.05000000000000001,12,108|224|72|171,48,all_filtered,9,True,D:\Running_Place\PostGraduateProjects\Experiments\PostGraduate\backbones\DisperssionWithSADG_LowFreqCanonicalization\Seg-SADG\LF-Fixed-Hard\alpha0p08\style_rho0p5\sadg_rho0p05\shot4\Seed3,D:\Running_Place\PostGraduateProjects\Experiments\PostGraduate\backbones\Prompts\Seg-SADG\LF-Fixed-Hard\alpha0p08\style_rho0p5\sadg_rho0p05\shot4\Seed3
Seg-SADG,Seg-SADG,Seg-SADG,LF-Fixed-Hard,fixed,hard,0.08,0.5,0.05,0.05,0.5,0.5,style_rho0p5,sadg_rho0p05,9,9,19,19,new_training,4,3,99,0.03498537838459015,0.03490251240630945,0.0016573175477484863,0.0,0.0,0.0,0.028168946504592896,0.10360406339168549,0.05000000000000001,12,108|224|72|171,48,all_filtered,9,True,D:\Running_Place\PostGraduateProjects\Experiments\PostGraduate\backbones\DisperssionWithSADG_LowFreqCanonicalization\Seg-SADG\LF-Fixed-Hard\alpha0p08\style_rho0p5\sadg_rho0p05\shot4\Seed3,D:\Running_Place\PostGraduateProjects\Experiments\PostGraduate\backbones\Prompts\Seg-SADG\LF-Fixed-Hard\alpha0p08\style_rho0p5\sadg_rho0p05\shot4\Seed3
Seg-SADG,Seg-SADG,Seg-SADG,LF-Fixed-Hard,fixed,hard,0.08,0.5,0.05,0.05,0.5,0.5,style_rho0p5,sadg_rho0p05,9,9,19,19,new_training,4,3,100,0.03341508905092875,0.0333411218598485,0.001479335463955067,0.0,0.0,0.0,0.02741654807080825,0.0939758929113547,0.05000000000000001,12,108|224|72|171,48,all_filtered,9,True,D:\Running_Place\PostGraduateProjects\Experiments\PostGraduate\backbones\DisperssionWithSADG_LowFreqCanonicalization\Seg-SADG\LF-Fixed-Hard\alpha0p08\style_rho0p5\sadg_rho0p05\shot4\Seed3,D:\Running_Place\PostGraduateProjects\Experiments\PostGraduate\backbones\Prompts\Seg-SADG\LF-Fixed-Hard\alpha0p08\style_rho0p5\sadg_rho0p05\shot4\Seed3
Seg-SADG,Seg-SADG,Seg-SADG,LF-Fixed-Hard,fixed,hard,0.08,0.5,0.05,0.05,0.5,0.5,style_rho0p5,sadg_rho0p05,9,9,19,19,new_training,4,3,101,0.033706478464106716,0.03361658348391453,0.001797912361022706,0.0,0.0,0.0,0.027216419111937284,0.10042631191511948,0.05000000000000001,12,108|224|72|171,48,all_filtered,9,True,D:\Running_Place\PostGraduateProjects\Experiments\PostGraduate\backbones\DisperssionWithSADG_LowFreqCanonicalization\Seg-SADG\LF-Fixed-Hard\alpha0p08\style_rho0p5\sadg_rho0p05\shot4\Seed3,D:\Running_Place\PostGraduateProjects\Experiments\PostGraduate\backbones\Prompts\Seg-SADG\LF-Fixed-Hard\alpha0p08\style_rho0p5\sadg_rho0p05\shot4\Seed3
Seg-SADG,Seg-SADG,Seg-SADG,LF-Fixed-Hard,fixed,hard,0.08,0.5,0.05,0.05,0.5,0.5,style_rho0p5,sadg_rho0p05,9,9,19,19,new_training,4,3,102,0.03343415927762786,0.033350611571222544,0.0016709397896192968,0.0,0.0,0.0,0.026962980317572754,0.10010736373563607,0.05000000000000001,12,108|224|72|171,48,all_filtered,9,True,D:\Running_Place\PostGraduateProjects\Experiments\PostGraduate\backbones\DisperssionWithSADG_LowFreqCanonicalization\Seg-SADG\LF-Fixed-Hard\alpha0p08\style_rho0p5\sadg_rho0p05\shot4\Seed3,D:\Running_Place\PostGraduateProjects\Experiments\PostGraduate\backbones\Prompts\Seg-SADG\LF-Fixed-Hard\alpha0p08\style_rho0p5\sadg_rho0p05\shot4\Seed3
Seg-SADG,Seg-SADG,Seg-SADG,LF-Fixed-Hard,fixed,hard,0.08,0.5,0.05,0.05,0.5,0.5,style_rho0p5,sadg_rho0p05,9,9,19,19,new_training,4,3,103,0.0344877092478176,0.03440919596080979,0.001570259963045828,0.0,0.0,0.0,0.027178410440683365,0.1109220553189516,0.05000000000000001,12,108|224|72|171,48,all_filtered,9,True,D:\Running_Place\PostGraduateProjects\Experiments\PostGraduate\backbones\DisperssionWithSADG_LowFreqCanonicalization\Seg-SADG\LF-Fixed-Hard\alpha0p08\style_rho0p5\sadg_rho0p05\shot4\Seed3,D:\Running_Place\PostGraduateProjects\Experiments\PostGraduate\backbones\Prompts\Seg-SADG\LF-Fixed-Hard\alpha0p08\style_rho0p5\sadg_rho0p05\shot4\Seed3
Seg-SADG,Seg-SADG,Seg-SADG,LF-Fixed-Hard,fixed,hard,0.08,0.5,0.05,0.05,0.5,0.5,style_rho0p5,sadg_rho0p05,9,9,19,19,new_training,4,3,104,0.03427032691737016,0.034184856650729976,0.001709396931498001,0.0,0.0,0.0,0.02703405466551582,0.1100649672249953,0.05000000000000001,12,108|224|72|171,48,all_filtered,9,True,D:\Running_Place\PostGraduateProjects\Experiments\PostGraduate\backbones\DisperssionWithSADG_LowFreqCanonicalization\Seg-SADG\LF-Fixed-Hard\alpha0p08\style_rho0p5\sadg_rho0p05\shot4\Seed3,D:\Running_Place\PostGraduateProjects\Experiments\PostGraduate\backbones\Prompts\Seg-SADG\LF-Fixed-Hard\alpha0p08\style_rho0p5\sadg_rho0p05\shot4\Seed3
Seg-SADG,Seg-SADG,Seg-SADG,LF-Fixed-Hard,fixed,hard,0.08,0.5,0.05,0.05,0.5,0.5,style_rho0p5,sadg_rho0p05,9,9,19,19,new_training,4,3,105,0.033169190399348736,0.03308683276797334,0.00164714462395447,0.0,0.0,0.0,0.026397263631224632,0.10209185009201367,0.05000000000000001,12,108|224|72|171,48,all_filtered,9,True,D:\Running_Place\PostGraduateProjects\Experiments\PostGraduate\backbones\DisperssionWithSADG_LowFreqCanonicalization\Seg-SADG\LF-Fixed-Hard\alpha0p08\style_rho0p5\sadg_rho0p05\shot4\Seed3,D:\Running_Place\PostGraduateProjects\Experiments\PostGraduate\backbones\Prompts\Seg-SADG\LF-Fixed-Hard\alpha0p08\style_rho0p5\sadg_rho0p05\shot4\Seed3
Seg-SADG,Seg-SADG,Seg-SADG,LF-Fixed-Hard,fixed,hard,0.08,0.5,0.05,0.05,0.5,0.5,style_rho0p5,sadg_rho0p05,9,9,19,19,new_training,4,3,106,0.03169328207150102,0.03161280648782849,0.0016095052706077695,0.0,0.0,0.0,0.02562944684177637,0.09395251671473186,0.05000000000000001,12,108|224|72|171,48,all_filtered,9,True,D:\Running_Place\PostGraduateProjects\Experiments\PostGraduate\backbones\DisperssionWithSADG_LowFreqCanonicalization\Seg-SADG\LF-Fixed-Hard\alpha0p08\style_rho0p5\sadg_rho0p05\shot4\Seed3,D:\Running_Place\PostGraduateProjects\Experiments\PostGraduate\backbones\Prompts\Seg-SADG\LF-Fixed-Hard\alpha0p08\style_rho0p5\sadg_rho0p05\shot4\Seed3
Seg-SADG,Seg-SADG,Seg-SADG,LF-Fixed-Hard,fixed,hard,0.08,0.5,0.05,0.05,0.5,0.5,style_rho0p5,sadg_rho0p05,9,9,19,19,new_training,4,3,107,0.03127950600658854,0.03120573206494252,0.001475477290417378,0.0,0.0,0.0,0.025070424036433298,0.09601397998631,0.05000000000000001,12,108|224|72|171,48,all_filtered,9,True,D:\Running_Place\PostGraduateProjects\Experiments\PostGraduate\backbones\DisperssionWithSADG_LowFreqCanonicalization\Seg-SADG\LF-Fixed-Hard\alpha0p08\style_rho0p5\sadg_rho0p05\shot4\Seed3,D:\Running_Place\PostGraduateProjects\Experiments\PostGraduate\backbones\Prompts\Seg-SADG\LF-Fixed-Hard\alpha0p08\style_rho0p5\sadg_rho0p05\shot4\Seed3
Seg-SADG,Seg-SADG,Seg-SADG,LF-Fixed-Hard,fixed,hard,0.08,0.5,0.05,0.05,0.5,0.5,style_rho0p5,sadg_rho0p05,9,9,19,19,new_training,4,3,108,0.032693220457683005,0.03261377879728874,0.0015888350511280198,0.0,0.0,0.0,0.025201852433383465,0.11054791137576103,0.05000000000000001,12,108|224|72|171,48,all_filtered,9,True,D:\Running_Place\PostGraduateProjects\Experiments\PostGraduate\backbones\DisperssionWithSADG_LowFreqCanonicalization\Seg-SADG\LF-Fixed-Hard\alpha0p08\style_rho0p5\sadg_rho0p05\shot4\Seed3,D:\Running_Place\PostGraduateProjects\Experiments\PostGraduate\backbones\Prompts\Seg-SADG\LF-Fixed-Hard\alpha0p08\style_rho0p5\sadg_rho0p05\shot4\Seed3
Seg-SADG,Seg-SADG,Seg-SADG,LF-Fixed-Hard,fixed,hard,0.08,0.5,0.05,0.05,0.5,0.5,style_rho0p5,sadg_rho0p05,9,9,19,19,new_training,4,3,109,0.05861177295446396,0.05846544851859411,0.002926500999213507,0.0,0.0,0.0,0.03950938877339164,0.1928577534854412,0.05000000000000001,12,108|224|72|171,48,all_filtered,9,True,D:\Running_Place\PostGraduateProjects\Experiments\PostGraduate\backbones\DisperssionWithSADG_LowFreqCanonicalization\Seg-SADG\LF-Fixed-Hard\alpha0p08\style_rho0p5\sadg_rho0p05\shot4\Seed3,D:\Running_Place\PostGraduateProjects\Experiments\PostGraduate\backbones\Prompts\Seg-SADG\LF-Fixed-Hard\alpha0p08\style_rho0p5\sadg_rho0p05\shot4\Seed3
Seg-SADG,Seg-SADG,Seg-SADG,LF-Fixed-Hard,fixed,hard,0.08,0.5,0.05,0.05,0.5,0.5,style_rho0p5,sadg_rho0p05,9,9,19,19,new_training,4,3,110,0.06929194089025259,0.06899491728593905,0.005940480235343178,0.0,0.0,0.0,0.055994593227903046,0.22118465105692545,0.05000000000000001,12,108|224|72|171,48,all_filtered,9,True,D:\Running_Place\PostGraduateProjects\Experiments\PostGraduate\backbones\DisperssionWithSADG_LowFreqCanonicalization\Seg-SADG\LF-Fixed-Hard\alpha0p08\style_rho0p5\sadg_rho0p05\shot4\Seed3,D:\Running_Place\PostGraduateProjects\Experiments\PostGraduate\backbones\Prompts\Seg-SADG\LF-Fixed-Hard\alpha0p08\style_rho0p5\sadg_rho0p05\shot4\Seed3
Seg-SADG,Seg-SADG,Seg-SADG,LF-Fixed-Hard,fixed,hard,0.08,0.5,0.05,0.05,0.5,0.5,style_rho0p5,sadg_rho0p05,9,9,19,19,new_training,4,3,111,0.05879103826979796,0.058491677045822144,0.005987223237752914,0.0,0.0,0.0,0.04855337552726269,0.16479945431152979,0.05000000000000001,12,108|224|72|171,48,all_filtered,9,True,D:\Running_Place\PostGraduateProjects\Experiments\PostGraduate\backbones\DisperssionWithSADG_LowFreqCanonicalization\Seg-SADG\LF-Fixed-Hard\alpha0p08\style_rho0p5\sadg_rho0p05\shot4\Seed3,D:\Running_Place\PostGraduateProjects\Experiments\PostGraduate\backbones\Prompts\Seg-SADG\LF-Fixed-Hard\alpha0p08\style_rho0p5\sadg_rho0p05\shot4\Seed3
Seg-SADG,Seg-SADG,Seg-SADG,LF-Fixed-Hard,fixed,hard,0.08,0.5,0.05,0.05,0.5,0.5,style_rho0p5,sadg_rho0p05,9,9,19,19,new_training,4,3,112,0.0489843109001716,0.04877152324964603,0.004255753903028865,0.0,0.0,0.0,0.041283924443026386,0.12180395300189654,0.05000000000000001,12,108|224|72|171,48,all_filtered,9,True,D:\Running_Place\PostGraduateProjects\Experiments\PostGraduate\backbones\DisperssionWithSADG_LowFreqCanonicalization\Seg-SADG\LF-Fixed-Hard\alpha0p08\style_rho0p5\sadg_rho0p05\shot4\Seed3,D:\Running_Place\PostGraduateProjects\Experiments\PostGraduate\backbones\Prompts\Seg-SADG\LF-Fixed-Hard\alpha0p08\style_rho0p5\sadg_rho0p05\shot4\Seed3
Seg-SADG,Seg-SADG,Seg-SADG,LF-Fixed-Hard,fixed,hard,0.08,0.5,0.05,0.05,0.5,0.5,style_rho0p5,sadg_rho0p05,9,9,19,19,new_training,4,3,113,0.04439169323692719,0.04423876634488503,0.003058539858708779,0.0,0.0,0.0,0.03688776555160681,0.11758409875134627,0.05000000000000001,12,108|224|72|171,48,all_filtered,9,True,D:\Running_Place\PostGraduateProjects\Experiments\PostGraduate\backbones\DisperssionWithSADG_LowFreqCanonicalization\Seg-SADG\LF-Fixed-Hard\alpha0p08\style_rho0p5\sadg_rho0p05\shot4\Seed3,D:\Running_Place\PostGraduateProjects\Experiments\PostGraduate\backbones\Prompts\Seg-SADG\LF-Fixed-Hard\alpha0p08\style_rho0p5\sadg_rho0p05\shot4\Seed3
Seg-SADG,Seg-SADG,Seg-SADG,LF-Fixed-Hard,fixed,hard,0.08,0.5,0.05,0.05,0.5,0.5,style_rho0p5,sadg_rho0p05,9,9,19,19,new_training,4,3,114,0.0419684120764335,0.04182349921514591,0.0028982688866866133,0.0,0.0,0.0,0.03449502649406592,0.11734725721180439,0.05000000000000001,12,108|224|72|171,48,all_filtered,9,True,D:\Running_Place\PostGraduateProjects\Experiments\PostGraduate\backbones\DisperssionWithSADG_LowFreqCanonicalization\Seg-SADG\LF-Fixed-Hard\alpha0p08\style_rho0p5\sadg_rho0p05\shot4\Seed3,D:\Running_Place\PostGraduateProjects\Experiments\PostGraduate\backbones\Prompts\Seg-SADG\LF-Fixed-Hard\alpha0p08\style_rho0p5\sadg_rho0p05\shot4\Seed3
Seg-SADG,Seg-SADG,Seg-SADG,LF-Fixed-Hard,fixed,hard,0.08,0.5,0.05,0.05,0.5,0.5,style_rho0p5,sadg_rho0p05,9,9,19,19,new_training,4,3,115,0.03935059874008099,0.039205580639342465,0.0029003596088538566,0.0,0.0,0.0,0.032362342501680054,0.10670275365312894,0.05000000000000001,12,108|224|72|171,48,all_filtered,9,True,D:\Running_Place\PostGraduateProjects\Experiments\PostGraduate\backbones\DisperssionWithSADG_LowFreqCanonicalization\Seg-SADG\LF-Fixed-Hard\alpha0p08\style_rho0p5\sadg_rho0p05\shot4\Seed3,D:\Running_Place\PostGraduateProjects\Experiments\PostGraduate\backbones\Prompts\Seg-SADG\LF-Fixed-Hard\alpha0p08\style_rho0p5\sadg_rho0p05\shot4\Seed3
Seg-SADG,Seg-SADG,Seg-SADG,LF-Fixed-Hard,fixed,hard,0.08,0.5,0.05,0.05,0.5,0.5,style_rho0p5,sadg_rho0p05,9,9,19,19,new_training,4,3,116,0.0378775509695212,0.03775928138444821,0.002365386870224029,0.0,0.0,0.0,0.03081368391091625,0.10887247137725353,0.05000000000000001,12,108|224|72|171,48,all_filtered,9,True,D:\Running_Place\PostGraduateProjects\Experiments\PostGraduate\backbones\DisperssionWithSADG_LowFreqCanonicalization\Seg-SADG\LF-Fixed-Hard\alpha0p08\style_rho0p5\sadg_rho0p05\shot4\Seed3,D:\Running_Place\PostGraduateProjects\Experiments\PostGraduate\backbones\Prompts\Seg-SADG\LF-Fixed-Hard\alpha0p08\style_rho0p5\sadg_rho0p05\shot4\Seed3
Seg-SADG,Seg-SADG,Seg-SADG,LF-Fixed-Hard,fixed,hard,0.08,0.5,0.05,0.05,0.5,0.5,style_rho0p5,sadg_rho0p05,9,9,19,19,new_training,4,3,117,0.03632057458162308,0.03620669307808081,0.002277644098891566,0.0,0.0,0.0,0.029694887188573677,0.10308187268674374,0.05000000000000001,12,108|224|72|171,48,all_filtered,9,True,D:\Running_Place\PostGraduateProjects\Experiments\PostGraduate\backbones\DisperssionWithSADG_LowFreqCanonicalization\Seg-SADG\LF-Fixed-Hard\alpha0p08\style_rho0p5\sadg_rho0p05\shot4\Seed3,D:\Running_Place\PostGraduateProjects\Experiments\PostGraduate\backbones\Prompts\Seg-SADG\LF-Fixed-Hard\alpha0p08\style_rho0p5\sadg_rho0p05\shot4\Seed3
Seg-SADG,Seg-SADG,Seg-SADG,LF-Fixed-Hard,fixed,hard,0.08,0.5,0.05,0.05,0.5,0.5,style_rho0p5,sadg_rho0p05,9,9,19,19,new_training,4,3,118,0.03460515880336364,0.034501000928382076,0.002083152784810712,0.0,0.0,0.0,0.028170887225617964,0.09719380487998326,0.05000000000000001,12,108|224|72|171,48,all_filtered,9,True,D:\Running_Place\PostGraduateProjects\Experiments\PostGraduate\backbones\DisperssionWithSADG_LowFreqCanonicalization\Seg-SADG\LF-Fixed-Hard\alpha0p08\style_rho0p5\sadg_rho0p05\shot4\Seed3,D:\Running_Place\PostGraduateProjects\Experiments\PostGraduate\backbones\Prompts\Seg-SADG\LF-Fixed-Hard\alpha0p08\style_rho0p5\sadg_rho0p05\shot4\Seed3
Seg-SADG,Seg-SADG,Seg-SADG,LF-Fixed-Hard,fixed,hard,0.08,0.5,0.05,0.05,0.5,0.5,style_rho0p5,sadg_rho0p05,9,9,19,19,new_training,4,3,119,0.032085719207922615,0.031994049437344074,0.0018333990204458435,0.0,0.0,0.0,0.026516302799185116,0.08678015383581321,0.05000000000000001,12,108|224|72|171,48,all_filtered,9,True,D:\Running_Place\PostGraduateProjects\Experiments\PostGraduate\backbones\DisperssionWithSADG_LowFreqCanonicalization\Seg-SADG\LF-Fixed-Hard\alpha0p08\style_rho0p5\sadg_rho0p05\shot4\Seed3,D:\Running_Place\PostGraduateProjects\Experiments\PostGraduate\backbones\Prompts\Seg-SADG\LF-Fixed-Hard\alpha0p08\style_rho0p5\sadg_rho0p05\shot4\Seed3
Seg-SADG,Seg-SADG,Seg-SADG,LF-Fixed-Hard,fixed,hard,0.08,0.5,0.05,0.05,0.5,0.5,style_rho0p5,sadg_rho0p05,9,9,19,19,new_training,4,3,120,0.030666160707672436,0.03058708490182956,0.0015815143124200404,0.0,0.0,0.0,0.025403292383998632,0.08190569095313549,0.05000000000000001,12,108|224|72|171,48,all_filtered,9,True,D:\Running_Place\PostGraduateProjects\Experiments\PostGraduate\backbones\DisperssionWithSADG_LowFreqCanonicalization\Seg-SADG\LF-Fixed-Hard\alpha0p08\style_rho0p5\sadg_rho0p05\shot4\Seed3,D:\Running_Place\PostGraduateProjects\Experiments\PostGraduate\backbones\Prompts\Seg-SADG\LF-Fixed-Hard\alpha0p08\style_rho0p5\sadg_rho0p05\shot4\Seed3
Seg-SADG,Seg-SADG,Seg-SADG,LF-Fixed-Hard,fixed,hard,0.08,0.5,0.05,0.05,0.5,0.5,style_rho0p5,sadg_rho0p05,9,9,19,19,new_training,4,3,121,0.03181472125773629,0.031730865904440485,0.001677112062073623,0.0,0.0,0.0,0.025125584099441767,0.10007303208112717,0.05000000000000001,12,108|224|72|171,48,all_filtered,9,True,D:\Running_Place\PostGraduateProjects\Experiments\PostGraduate\backbones\DisperssionWithSADG_LowFreqCanonicalization\Seg-SADG\LF-Fixed-Hard\alpha0p08\style_rho0p5\sadg_rho0p05\shot4\Seed3,D:\Running_Place\PostGraduateProjects\Experiments\PostGraduate\backbones\Prompts\Seg-SADG\LF-Fixed-Hard\alpha0p08\style_rho0p5\sadg_rho0p05\shot4\Seed3
Seg-SADG,Seg-SADG,Seg-SADG,LF-Fixed-Hard,fixed,hard,0.08,0.5,0.05,0.05,0.5,0.5,style_rho0p5,sadg_rho0p05,9,9,19,19,new_training,4,3,122,0.031795015248159565,0.031703890611728035,0.0018224870388318475,0.0,0.0,0.0,0.025254452135413885,0.09934105662008126,0.05000000000000001,12,108|224|72|171,48,all_filtered,9,True,D:\Running_Place\PostGraduateProjects\Experiments\PostGraduate\backbones\DisperssionWithSADG_LowFreqCanonicalization\Seg-SADG\LF-Fixed-Hard\alpha0p08\style_rho0p5\sadg_rho0p05\shot4\Seed3,D:\Running_Place\PostGraduateProjects\Experiments\PostGraduate\backbones\Prompts\Seg-SADG\LF-Fixed-Hard\alpha0p08\style_rho0p5\sadg_rho0p05\shot4\Seed3
Seg-SADG,Seg-SADG,Seg-SADG,LF-Fixed-Hard,fixed,hard,0.08,0.5,0.05,0.05,0.5,0.5,style_rho0p5,sadg_rho0p05,9,9,19,19,new_training,4,3,123,0.029576416437824566,0.029495912759254377,0.001610070699825883,0.0,0.0,0.0,0.0240232787715892,0.08583219349384308,0.05000000000000001,12,108|224|72|171,48,all_filtered,9,True,D:\Running_Place\PostGraduateProjects\Experiments\PostGraduate\backbones\DisperssionWithSADG_LowFreqCanonicalization\Seg-SADG\LF-Fixed-Hard\alpha0p08\style_rho0p5\sadg_rho0p05\shot4\Seed3,D:\Running_Place\PostGraduateProjects\Experiments\PostGraduate\backbones\Prompts\Seg-SADG\LF-Fixed-Hard\alpha0p08\style_rho0p5\sadg_rho0p05\shot4\Seed3
Seg-SADG,Seg-SADG,Seg-SADG,LF-Fixed-Hard,fixed,hard,0.08,0.5,0.05,0.05,0.5,0.5,style_rho0p5,sadg_rho0p05,9,9,19,19,new_training,4,3,124,0.0288029951043427,0.02873453451320529,0.0013692093780264258,0.0,0.0,0.0,0.02349663044636448,0.08334054270138343,0.05000000000000001,12,108|224|72|171,48,all_filtered,9,True,D:\Running_Place\PostGraduateProjects\Experiments\PostGraduate\backbones\DisperssionWithSADG_LowFreqCanonicalization\Seg-SADG\LF-Fixed-Hard\alpha0p08\style_rho0p5\sadg_rho0p05\shot4\Seed3,D:\Running_Place\PostGraduateProjects\Experiments\PostGraduate\backbones\Prompts\Seg-SADG\LF-Fixed-Hard\alpha0p08\style_rho0p5\sadg_rho0p05\shot4\Seed3
Seg-SADG,Seg-SADG,Seg-SADG,LF-Fixed-Hard,fixed,hard,0.08,0.5,0.05,0.05,0.5,0.5,style_rho0p5,sadg_rho0p05,9,9,19,19,new_training,4,3,125,0.028157616965472698,0.028086624418695767,0.0014198556503591437,0.0,0.0,0.0,0.022715400749196608,0.08382236398756504,0.05000000000000001,12,108|224|72|171,48,all_filtered,9,True,D:\Running_Place\PostGraduateProjects\Experiments\PostGraduate\backbones\DisperssionWithSADG_LowFreqCanonicalization\Seg-SADG\LF-Fixed-Hard\alpha0p08\style_rho0p5\sadg_rho0p05\shot4\Seed3,D:\Running_Place\PostGraduateProjects\Experiments\PostGraduate\backbones\Prompts\Seg-SADG\LF-Fixed-Hard\alpha0p08\style_rho0p5\sadg_rho0p05\shot4\Seed3
Seg-SADG,Seg-SADG,Seg-SADG,LF-Fixed-Hard,fixed,hard,0.08,0.5,0.05,0.05,0.5,0.5,style_rho0p5,sadg_rho0p05,9,9,19,19,new_training,4,3,126,0.028075954411178827,0.028010446733484667,0.0013101589768969764,0.0,0.0,0.0,0.02228432707488537,0.08747361041605473,0.05000000000000001,12,108|224|72|171,48,all_filtered,9,True,D:\Running_Place\PostGraduateProjects\Experiments\PostGraduate\backbones\DisperssionWithSADG_LowFreqCanonicalization\Seg-SADG\LF-Fixed-Hard\alpha0p08\style_rho0p5\sadg_rho0p05\shot4\Seed3,D:\Running_Place\PostGraduateProjects\Experiments\PostGraduate\backbones\Prompts\Seg-SADG\LF-Fixed-Hard\alpha0p08\style_rho0p5\sadg_rho0p05\shot4\Seed3
Seg-SADG,Seg-SADG,Seg-SADG,LF-Fixed-Hard,fixed,hard,0.08,0.5,0.05,0.05,0.5,0.5,style_rho0p5,sadg_rho0p05,9,9,19,19,new_training,4,3,127,0.028988479636609554,0.028919165953993797,0.0013862709747627378,0.0,0.0,0.0,0.022599173088868458,0.09694380623598893,0.05000000000000001,12,108|224|72|171,48,all_filtered,9,True,D:\Running_Place\PostGraduateProjects\Experiments\PostGraduate\backbones\DisperssionWithSADG_LowFreqCanonicalization\Seg-SADG\LF-Fixed-Hard\alpha0p08\style_rho0p5\sadg_rho0p05\shot4\Seed3,D:\Running_Place\PostGraduateProjects\Experiments\PostGraduate\backbones\Prompts\Seg-SADG\LF-Fixed-Hard\alpha0p08\style_rho0p5\sadg_rho0p05\shot4\Seed3
Seg-SADG,Seg-SADG,Seg-SADG,LF-Fixed-Hard,fixed,hard,0.08,0.5,0.05,0.05,0.5,0.5,style_rho0p5,sadg_rho0p05,9,9,19,19,new_training,4,3,128,0.02929881230617563,0.029231263635059197,0.0013509767207627494,0.0,0.0,0.0,0.02254482265561819,0.10086109923819701,0.05000000000000001,12,108|224|72|171,48,all_filtered,9,True,D:\Running_Place\PostGraduateProjects\Experiments\PostGraduate\backbones\DisperssionWithSADG_LowFreqCanonicalization\Seg-SADG\LF-Fixed-Hard\alpha0p08\style_rho0p5\sadg_rho0p05\shot4\Seed3,D:\Running_Place\PostGraduateProjects\Experiments\PostGraduate\backbones\Prompts\Seg-SADG\LF-Fixed-Hard\alpha0p08\style_rho0p5\sadg_rho0p05\shot4\Seed3
Seg-SADG,Seg-SADG,Seg-SADG,LF-Fixed-Hard,fixed,hard,0.08,0.5,0.05,0.05,0.5,0.5,style_rho0p5,sadg_rho0p05,9,9,19,19,new_training,4,3,129,0.027362276955197256,0.027293618613233168,0.0013731653210318957,0.0,0.0,0.0,0.02190120828648408,0.08697459101676941,0.05000000000000001,12,108|224|72|171,48,all_filtered,9,True,D:\Running_Place\PostGraduateProjects\Experiments\PostGraduate\backbones\DisperssionWithSADG_LowFreqCanonicalization\Seg-SADG\LF-Fixed-Hard\alpha0p08\style_rho0p5\sadg_rho0p05\shot4\Seed3,D:\Running_Place\PostGraduateProjects\Experiments\PostGraduate\backbones\Prompts\Seg-SADG\LF-Fixed-Hard\alpha0p08\style_rho0p5\sadg_rho0p05\shot4\Seed3
Seg-SADG,Seg-SADG,Seg-SADG,LF-Fixed-Hard,fixed,hard,0.08,0.5,0.05,0.05,0.5,0.5,style_rho0p5,sadg_rho0p05,9,9,19,19,new_training,4,3,130,0.027055726386606693,0.02699290309101343,0.0012564670663171758,0.0,0.0,0.0,0.021313090653469164,0.08657284950216611,0.05000000000000001,12,108|224|72|171,48,all_filtered,9,True,D:\Running_Place\PostGraduateProjects\Experiments\PostGraduate\backbones\DisperssionWithSADG_LowFreqCanonicalization\Seg-SADG\LF-Fixed-Hard\alpha0p08\style_rho0p5\sadg_rho0p05\shot4\Seed3,D:\Running_Place\PostGraduateProjects\Experiments\PostGraduate\backbones\Prompts\Seg-SADG\LF-Fixed-Hard\alpha0p08\style_rho0p5\sadg_rho0p05\shot4\Seed3
Seg-SADG,Seg-SADG,Seg-SADG,LF-Fixed-Hard,fixed,hard,0.08,0.5,0.05,0.05,0.5,0.5,style_rho0p5,sadg_rho0p05,9,9,19,19,new_training,4,3,131,0.02647010190412402,0.026406202620516222,0.0012779814132954925,0.0,0.0,0.0,0.020739734483261902,0.0867910875628392,0.05000000000000001,12,108|224|72|171,48,all_filtered,9,True,D:\Running_Place\PostGraduateProjects\Experiments\PostGraduate\backbones\DisperssionWithSADG_LowFreqCanonicalization\Seg-SADG\LF-Fixed-Hard\alpha0p08\style_rho0p5\sadg_rho0p05\shot4\Seed3,D:\Running_Place\PostGraduateProjects\Experiments\PostGraduate\backbones\Prompts\Seg-SADG\LF-Fixed-Hard\alpha0p08\style_rho0p5\sadg_rho0p05\shot4\Seed3
Seg-SADG,Seg-SADG,Seg-SADG,LF-Fixed-Hard,fixed,hard,0.08,0.5,0.05,0.05,0.5,0.5,style_rho0p5,sadg_rho0p05,9,9,19,19,new_training,4,3,132,0.026007804088294506,0.025943394750356674,0.0012881862833940734,0.0,0.0,0.0,0.020496731468786795,0.0821057880918185,0.05000000000000001,12,108|224|72|171,48,all_filtered,9,True,D:\Running_Place\PostGraduateProjects\Experiments\PostGraduate\backbones\DisperssionWithSADG_LowFreqCanonicalization\Seg-SADG\LF-Fixed-Hard\alpha0p08\style_rho0p5\sadg_rho0p05\shot4\Seed3,D:\Running_Place\PostGraduateProjects\Experiments\PostGraduate\backbones\Prompts\Seg-SADG\LF-Fixed-Hard\alpha0p08\style_rho0p5\sadg_rho0p05\shot4\Seed3
Seg-SADG,Seg-SADG,Seg-SADG,LF-Fixed-Hard,fixed,hard,0.08,0.5,0.05,0.05,0.5,0.5,style_rho0p5,sadg_rho0p05,9,9,19,19,new_training,4,3,133,0.02502992268030842,0.024971923635651667,0.001159980160688671,0.0,0.0,0.0,0.019925681874155998,0.07828283496201038,0.05000000000000001,12,108|224|72|171,48,all_filtered,9,True,D:\Running_Place\PostGraduateProjects\Experiments\PostGraduate\backbones\DisperssionWithSADG_LowFreqCanonicalization\Seg-SADG\LF-Fixed-Hard\alpha0p08\style_rho0p5\sadg_rho0p05\shot4\Seed3,D:\Running_Place\PostGraduateProjects\Experiments\PostGraduate\backbones\Prompts\Seg-SADG\LF-Fixed-Hard\alpha0p08\style_rho0p5\sadg_rho0p05\shot4\Seed3
Seg-SADG,Seg-SADG,Seg-SADG,LF-Fixed-Hard,fixed,hard,0.08,0.5,0.05,0.05,0.5,0.5,style_rho0p5,sadg_rho0p05,9,9,19,19,new_training,4,3,134,0.02526496723294258,0.02520576600606243,0.0011840244890966762,0.0,0.0,0.0,0.019832015347977478,0.08338410531481107,0.05000000000000001,12,108|224|72|171,48,all_filtered,9,True,D:\Running_Place\PostGraduateProjects\Experiments\PostGraduate\backbones\DisperssionWithSADG_LowFreqCanonicalization\Seg-SADG\LF-Fixed-Hard\alpha0p08\style_rho0p5\sadg_rho0p05\shot4\Seed3,D:\Running_Place\PostGraduateProjects\Experiments\PostGraduate\backbones\Prompts\Seg-SADG\LF-Fixed-Hard\alpha0p08\style_rho0p5\sadg_rho0p05\shot4\Seed3
Seg-SADG,Seg-SADG,Seg-SADG,LF-Fixed-Hard,fixed,hard,0.08,0.5,0.05,0.05,0.5,0.5,style_rho0p5,sadg_rho0p05,9,9,19,19,new_training,4,3,135,0.02543390340482195,0.02537348571543892,0.0012083545346589137,0.0,0.0,0.0,0.01968413234377901,0.08819866677125295,0.05000000000000001,12,108|224|72|171,48,all_filtered,9,True,D:\Running_Place\PostGraduateProjects\Experiments\PostGraduate\backbones\DisperssionWithSADG_LowFreqCanonicalization\Seg-SADG\LF-Fixed-Hard\alpha0p08\style_rho0p5\sadg_rho0p05\shot4\Seed3,D:\Running_Place\PostGraduateProjects\Experiments\PostGraduate\backbones\Prompts\Seg-SADG\LF-Fixed-Hard\alpha0p08\style_rho0p5\sadg_rho0p05\shot4\Seed3
Seg-SADG,Seg-SADG,Seg-SADG,LF-Fixed-Hard,fixed,hard,0.08,0.5,0.05,0.05,0.5,0.5,style_rho0p5,sadg_rho0p05,9,9,19,19,new_training,4,3,136,0.026091367627183597,0.026030353891352814,0.001220273023742872,0.0,0.0,0.0,0.019828645667682093,0.09399135410785675,0.05000000000000001,12,108|224|72|171,48,all_filtered,9,True,D:\Running_Place\PostGraduateProjects\Experiments\PostGraduate\backbones\DisperssionWithSADG_LowFreqCanonicalization\Seg-SADG\LF-Fixed-Hard\alpha0p08\style_rho0p5\sadg_rho0p05\shot4\Seed3,D:\Running_Place\PostGraduateProjects\Experiments\PostGraduate\backbones\Prompts\Seg-SADG\LF-Fixed-Hard\alpha0p08\style_rho0p5\sadg_rho0p05\shot4\Seed3
Seg-SADG,Seg-SADG,Seg-SADG,LF-Fixed-Hard,fixed,hard,0.08,0.5,0.05,0.05,0.5,0.5,style_rho0p5,sadg_rho0p05,9,9,19,19,new_training,4,3,137,0.025781156960874796,0.02572672658910354,0.0010886151139857247,0.0,0.0,0.0,0.01968350059663256,0.09286400737861793,0.05000000000000001,12,108|224|72|171,48,all_filtered,9,True,D:\Running_Place\PostGraduateProjects\Experiments\PostGraduate\backbones\DisperssionWithSADG_LowFreqCanonicalization\Seg-SADG\LF-Fixed-Hard\alpha0p08\style_rho0p5\sadg_rho0p05\shot4\Seed3,D:\Running_Place\PostGraduateProjects\Experiments\PostGraduate\backbones\Prompts\Seg-SADG\LF-Fixed-Hard\alpha0p08\style_rho0p5\sadg_rho0p05\shot4\Seed3
Seg-SADG,Seg-SADG,Seg-SADG,LF-Fixed-Hard,fixed,hard,0.08,0.5,0.05,0.05,0.5,0.5,style_rho0p5,sadg_rho0p05,9,9,19,19,new_training,4,3,138,0.027036648709326982,0.026973394987483818,0.0012650829933894177,0.0,0.0,0.0,0.020086074403176706,0.10576847630242507,0.05000000000000001,12,108|224|72|171,48,all_filtered,9,True,D:\Running_Place\PostGraduateProjects\Experiments\PostGraduate\backbones\DisperssionWithSADG_LowFreqCanonicalization\Seg-SADG\LF-Fixed-Hard\alpha0p08\style_rho0p5\sadg_rho0p05\shot4\Seed3,D:\Running_Place\PostGraduateProjects\Experiments\PostGraduate\backbones\Prompts\Seg-SADG\LF-Fixed-Hard\alpha0p08\style_rho0p5\sadg_rho0p05\shot4\Seed3
Seg-SADG,Seg-SADG,Seg-SADG,LF-Fixed-Hard,fixed,hard,0.08,0.5,0.05,0.05,0.5,0.5,style_rho0p5,sadg_rho0p05,9,9,19,19,new_training,4,3,139,0.02533044045170148,0.02527441472435991,0.0011205173747536417,0.0,0.0,0.0,0.019539248508711655,0.08843298504749934,0.05000000000000001,12,108|224|72|171,48,all_filtered,9,True,D:\Running_Place\PostGraduateProjects\Experiments\PostGraduate\backbones\DisperssionWithSADG_LowFreqCanonicalization\Seg-SADG\LF-Fixed-Hard\alpha0p08\style_rho0p5\sadg_rho0p05\shot4\Seed3,D:\Running_Place\PostGraduateProjects\Experiments\PostGraduate\backbones\Prompts\Seg-SADG\LF-Fixed-Hard\alpha0p08\style_rho0p5\sadg_rho0p05\shot4\Seed3
Seg-SADG,Seg-SADG,Seg-SADG,LF-Fixed-Hard,fixed,hard,0.08,0.5,0.05,0.05,0.5,0.5,style_rho0p5,sadg_rho0p05,9,9,19,19,new_training,4,3,140,0.02465574738259117,0.024597005763401587,0.0011748370113006483,0.0,0.0,0.0,0.018920961301773787,0.08869784822066624,0.05000000000000001,12,108|224|72|171,48,all_filtered,9,True,D:\Running_Place\PostGraduateProjects\Experiments\PostGraduate\backbones\DisperssionWithSADG_LowFreqCanonicalization\Seg-SADG\LF-Fixed-Hard\alpha0p08\style_rho0p5\sadg_rho0p05\shot4\Seed3,D:\Running_Place\PostGraduateProjects\Experiments\PostGraduate\backbones\Prompts\Seg-SADG\LF-Fixed-Hard\alpha0p08\style_rho0p5\sadg_rho0p05\shot4\Seed3
Seg-SADG,Seg-SADG,Seg-SADG,LF-Fixed-Hard,fixed,hard,0.08,0.5,0.05,0.05,0.5,0.5,style_rho0p5,sadg_rho0p05,9,9,19,19,new_training,4,3,141,0.023677559724698465,0.02362523367628455,0.0010465229861438274,0.0,0.0,0.0,0.018545278813689947,0.08034737842778365,0.05000000000000001,12,108|224|72|171,48,all_filtered,9,True,D:\Running_Place\PostGraduateProjects\Experiments\PostGraduate\backbones\DisperssionWithSADG_LowFreqCanonicalization\Seg-SADG\LF-Fixed-Hard\alpha0p08\style_rho0p5\sadg_rho0p05\shot4\Seed3,D:\Running_Place\PostGraduateProjects\Experiments\PostGraduate\backbones\Prompts\Seg-SADG\LF-Fixed-Hard\alpha0p08\style_rho0p5\sadg_rho0p05\shot4\Seed3
Seg-SADG,Seg-SADG,Seg-SADG,LF-Fixed-Hard,fixed,hard,0.08,0.5,0.05,0.05,0.5,0.5,style_rho0p5,sadg_rho0p05,9,9,19,19,new_training,4,3,142,0.022835816722363234,0.022777136880904436,0.001173594258337592,0.0,0.0,0.0,0.017751529657592375,0.07874184070775907,0.05000000000000001,12,108|224|72|171,48,all_filtered,9,True,D:\Running_Place\PostGraduateProjects\Experiments\PostGraduate\backbones\DisperssionWithSADG_LowFreqCanonicalization\Seg-SADG\LF-Fixed-Hard\alpha0p08\style_rho0p5\sadg_rho0p05\shot4\Seed3,D:\Running_Place\PostGraduateProjects\Experiments\PostGraduate\backbones\Prompts\Seg-SADG\LF-Fixed-Hard\alpha0p08\style_rho0p5\sadg_rho0p05\shot4\Seed3
Seg-SADG,Seg-SADG,Seg-SADG,LF-Fixed-Hard,fixed,hard,0.08,0.5,0.05,0.05,0.5,0.5,style_rho0p5,sadg_rho0p05,9,9,19,19,new_training,4,3,143,0.02464364282786846,0.024589331354945898,0.0010862234776141122,0.0,0.0,0.0,0.01838674272100131,0.09397707134485245,0.05000000000000001,12,108|224|72|171,48,all_filtered,9,True,D:\Running_Place\PostGraduateProjects\Experiments\PostGraduate\backbones\DisperssionWithSADG_LowFreqCanonicalization\Seg-SADG\LF-Fixed-Hard\alpha0p08\style_rho0p5\sadg_rho0p05\shot4\Seed3,D:\Running_Place\PostGraduateProjects\Experiments\PostGraduate\backbones\Prompts\Seg-SADG\LF-Fixed-Hard\alpha0p08\style_rho0p5\sadg_rho0p05\shot4\Seed3
Seg-SADG,Seg-SADG,Seg-SADG,LF-Fixed-Hard,fixed,hard,0.08,0.5,0.05,0.05,0.5,0.5,style_rho0p5,sadg_rho0p05,9,9,19,19,new_training,4,3,144,0.024260142041991156,0.024202409200370312,0.0011546557846789558,0.0,0.0,0.0,0.018313018915553887,0.09263511126240094,0.05000000000000001,12,108|224|72|171,48,all_filtered,9,True,D:\Running_Place\PostGraduateProjects\Experiments\PostGraduate\backbones\DisperssionWithSADG_LowFreqCanonicalization\Seg-SADG\LF-Fixed-Hard\alpha0p08\style_rho0p5\sadg_rho0p05\shot4\Seed3,D:\Running_Place\PostGraduateProjects\Experiments\PostGraduate\backbones\Prompts\Seg-SADG\LF-Fixed-Hard\alpha0p08\style_rho0p5\sadg_rho0p05\shot4\Seed3
Seg-SADG,Seg-SADG,Seg-SADG,LF-Fixed-Hard,fixed,hard,0.08,0.5,0.05,0.05,0.5,0.5,style_rho0p5,sadg_rho0p05,9,9,19,19,new_training,4,3,145,0.024701924063265324,0.024649358509729307,0.0010513107457275812,0.0,0.0,0.0,0.0183568576661249,0.0967589629193147,0.05000000000000001,12,108|224|72|171,48,all_filtered,9,True,D:\Running_Place\PostGraduateProjects\Experiments\PostGraduate\backbones\DisperssionWithSADG_LowFreqCanonicalization\Seg-SADG\LF-Fixed-Hard\alpha0p08\style_rho0p5\sadg_rho0p05\shot4\Seed3,D:\Running_Place\PostGraduateProjects\Experiments\PostGraduate\backbones\Prompts\Seg-SADG\LF-Fixed-Hard\alpha0p08\style_rho0p5\sadg_rho0p05\shot4\Seed3
Seg-SADG,Seg-SADG,Seg-SADG,LF-Fixed-Hard,fixed,hard,0.08,0.5,0.05,0.05,0.5,0.5,style_rho0p5,sadg_rho0p05,9,9,19,19,new_training,4,3,146,0.023971349311371643,0.023915930651128292,0.001108371531396794,0.0,0.0,0.0,0.01824376732110977,0.089426609997948,0.05000000000000001,12,108|224|72|171,48,all_filtered,9,True,D:\Running_Place\PostGraduateProjects\Experiments\PostGraduate\backbones\DisperssionWithSADG_LowFreqCanonicalization\Seg-SADG\LF-Fixed-Hard\alpha0p08\style_rho0p5\sadg_rho0p05\shot4\Seed3,D:\Running_Place\PostGraduateProjects\Experiments\PostGraduate\backbones\Prompts\Seg-SADG\LF-Fixed-Hard\alpha0p08\style_rho0p5\sadg_rho0p05\shot4\Seed3
Seg-SADG,Seg-SADG,Seg-SADG,LF-Fixed-Hard,fixed,hard,0.08,0.5,0.05,0.05,0.5,0.5,style_rho0p5,sadg_rho0p05,9,9,19,19,new_training,4,3,147,0.023476809728890657,0.023423933268835146,0.0010575253885084142,0.0,0.0,0.0,0.017792523838579655,0.08894601464271545,0.05000000000000001,12,108|224|72|171,48,all_filtered,9,True,D:\Running_Place\PostGraduateProjects\Experiments\PostGraduate\backbones\DisperssionWithSADG_LowFreqCanonicalization\Seg-SADG\LF-Fixed-Hard\alpha0p08\style_rho0p5\sadg_rho0p05\shot4\Seed3,D:\Running_Place\PostGraduateProjects\Experiments\PostGraduate\backbones\Prompts\Seg-SADG\LF-Fixed-Hard\alpha0p08\style_rho0p5\sadg_rho0p05\shot4\Seed3
Seg-SADG,Seg-SADG,Seg-SADG,LF-Fixed-Hard,fixed,hard,0.08,0.5,0.05,0.05,0.5,0.5,style_rho0p5,sadg_rho0p05,9,9,19,19,new_training,4,3,148,0.022629956404368084,0.022576976101845503,0.0010596062396264945,0.0,0.0,0.0,0.017239822462822,0.08269641858836015,0.05000000000000001,12,108|224|72|171,48,all_filtered,9,True,D:\Running_Place\PostGraduateProjects\Experiments\PostGraduate\backbones\DisperssionWithSADG_LowFreqCanonicalization\Seg-SADG\LF-Fixed-Hard\alpha0p08\style_rho0p5\sadg_rho0p05\shot4\Seed3,D:\Running_Place\PostGraduateProjects\Experiments\PostGraduate\backbones\Prompts\Seg-SADG\LF-Fixed-Hard\alpha0p08\style_rho0p5\sadg_rho0p05\shot4\Seed3
Seg-SADG,Seg-SADG,Seg-SADG,LF-Fixed-Hard,fixed,hard,0.08,0.5,0.05,0.05,0.5,0.5,style_rho0p5,sadg_rho0p05,9,9,19,19,new_training,4,3,149,0.023251653804133337,0.023197430030753214,0.0010844785768616323,0.0,0.0,0.0,0.017485452815890312,0.08966753197213014,0.05000000000000001,12,108|224|72|171,48,all_filtered,9,True,D:\Running_Place\PostGraduateProjects\Experiments\PostGraduate\backbones\DisperssionWithSADG_LowFreqCanonicalization\Seg-SADG\LF-Fixed-Hard\alpha0p08\style_rho0p5\sadg_rho0p05\shot4\Seed3,D:\Running_Place\PostGraduateProjects\Experiments\PostGraduate\backbones\Prompts\Seg-SADG\LF-Fixed-Hard\alpha0p08\style_rho0p5\sadg_rho0p05\shot4\Seed3
Seg-SADG,Seg-SADG,Seg-SADG,LF-Fixed-Hard,fixed,hard,0.08,0.5,0.05,0.05,0.5,0.5,style_rho0p5,sadg_rho0p05,9,9,19,19,new_training,4,3,150,0.023153651350488264,0.023103471069286268,0.001003607389672349,0.0,0.0,0.0,0.01731383427977562,0.0904270379493634,0.05000000000000001,12,108|224|72|171,48,all_filtered,9,True,D:\Running_Place\PostGraduateProjects\Experiments\PostGraduate\backbones\DisperssionWithSADG_LowFreqCanonicalization\Seg-SADG\LF-Fixed-Hard\alpha0p08\style_rho0p5\sadg_rho0p05\shot4\Seed3,D:\Running_Place\PostGraduateProjects\Experiments\PostGraduate\backbones\Prompts\Seg-SADG\LF-Fixed-Hard\alpha0p08\style_rho0p5\sadg_rho0p05\shot4\Seed3
Seg-SADG,Seg-SADG,Seg-SADG,LF-Fixed-Hard,fixed,hard,0.08,0.5,0.05,0.05,0.5,0.5,style_rho0p5,sadg_rho0p05,9,9,19,19,new_training,4,3,151,0.02253487768272559,0.022482071071863174,0.0010561306795959051,0.0,0.0,0.0,0.01719601817118625,0.08711766265332699,0.05000000000000001,12,108|224|72|171,48,all_filtered,9,True,D:\Running_Place\PostGraduateProjects\Experiments\PostGraduate\backbones\DisperssionWithSADG_LowFreqCanonicalization\Seg-SADG\LF-Fixed-Hard\alpha0p08\style_rho0p5\sadg_rho0p05\shot4\Seed3,D:\Running_Place\PostGraduateProjects\Experiments\PostGraduate\backbones\Prompts\Seg-SADG\LF-Fixed-Hard\alpha0p08\style_rho0p5\sadg_rho0p05\shot4\Seed3
Seg-SADG,Seg-SADG,Seg-SADG,LF-Fixed-Hard,fixed,hard,0.08,0.5,0.05,0.05,0.5,0.5,style_rho0p5,sadg_rho0p05,9,9,19,19,new_training,4,3,152,0.021647542249411345,0.021598846030731995,0.0009739230542133251,0.0,0.0,0.0,0.016702721438681085,0.08046768543620904,0.05000000000000001,12,108|224|72|171,48,all_filtered,9,True,D:\Running_Place\PostGraduateProjects\Experiments\PostGraduate\backbones\DisperssionWithSADG_LowFreqCanonicalization\Seg-SADG\LF-Fixed-Hard\alpha0p08\style_rho0p5\sadg_rho0p05\shot4\Seed3,D:\Running_Place\PostGraduateProjects\Experiments\PostGraduate\backbones\Prompts\Seg-SADG\LF-Fixed-Hard\alpha0p08\style_rho0p5\sadg_rho0p05\shot4\Seed3
Seg-SADG,Seg-SADG,Seg-SADG,LF-Fixed-Hard,fixed,hard,0.08,0.5,0.05,0.05,0.5,0.5,style_rho0p5,sadg_rho0p05,9,9,19,19,new_training,4,3,153,0.021290742016086977,0.021247458799431723,0.0008656640614693364,0.0,0.0,0.0,0.016415455999473732,0.07909269072115421,0.05000000000000001,12,108|224|72|171,48,all_filtered,9,True,D:\Running_Place\PostGraduateProjects\Experiments\PostGraduate\backbones\DisperssionWithSADG_LowFreqCanonicalization\Seg-SADG\LF-Fixed-Hard\alpha0p08\style_rho0p5\sadg_rho0p05\shot4\Seed3,D:\Running_Place\PostGraduateProjects\Experiments\PostGraduate\backbones\Prompts\Seg-SADG\LF-Fixed-Hard\alpha0p08\style_rho0p5\sadg_rho0p05\shot4\Seed3
Seg-SADG,Seg-SADG,Seg-SADG,LF-Fixed-Hard,fixed,hard,0.08,0.5,0.05,0.05,0.5,0.5,style_rho0p5,sadg_rho0p05,9,9,19,19,new_training,4,3,154,0.02076285472139716,0.02071533367658655,0.0009504235301089162,0.0,0.0,0.0,0.015897781200086076,0.07909231260418892,0.05000000000000001,12,108|224|72|171,48,all_filtered,9,True,D:\Running_Place\PostGraduateProjects\Experiments\PostGraduate\backbones\DisperssionWithSADG_LowFreqCanonicalization\Seg-SADG\LF-Fixed-Hard\alpha0p08\style_rho0p5\sadg_rho0p05\shot4\Seed3,D:\Running_Place\PostGraduateProjects\Experiments\PostGraduate\backbones\Prompts\Seg-SADG\LF-Fixed-Hard\alpha0p08\style_rho0p5\sadg_rho0p05\shot4\Seed3
Seg-SADG,Seg-SADG,Seg-SADG,LF-Fixed-Hard,fixed,hard,0.08,0.5,0.05,0.05,0.5,0.5,style_rho0p5,sadg_rho0p05,9,9,19,19,new_training,4,3,155,0.020882654159019392,0.020837172400206327,0.0009096411886275746,0.0,0.0,0.0,0.0157676146676143,0.0810657727221648,0.05000000000000001,12,108|224|72|171,48,all_filtered,9,True,D:\Running_Place\PostGraduateProjects\Experiments\PostGraduate\backbones\DisperssionWithSADG_LowFreqCanonicalization\Seg-SADG\LF-Fixed-Hard\alpha0p08\style_rho0p5\sadg_rho0p05\shot4\Seed3,D:\Running_Place\PostGraduateProjects\Experiments\PostGraduate\backbones\Prompts\Seg-SADG\LF-Fixed-Hard\alpha0p08\style_rho0p5\sadg_rho0p05\shot4\Seed3
Seg-SADG,Seg-SADG,Seg-SADG,LF-Fixed-Hard,fixed,hard,0.08,0.5,0.05,0.05,0.5,0.5,style_rho0p5,sadg_rho0p05,9,9,19,19,new_training,4,3,156,0.02047468504558007,0.020434971433132887,0.0007942687613346303,0.0,0.0,0.0,0.015530563037221631,0.07833999209105968,0.05000000000000001,12,108|224|72|171,48,all_filtered,9,True,D:\Running_Place\PostGraduateProjects\Experiments\PostGraduate\backbones\DisperssionWithSADG_LowFreqCanonicalization\Seg-SADG\LF-Fixed-Hard\alpha0p08\style_rho0p5\sadg_rho0p05\shot4\Seed3,D:\Running_Place\PostGraduateProjects\Experiments\PostGraduate\backbones\Prompts\Seg-SADG\LF-Fixed-Hard\alpha0p08\style_rho0p5\sadg_rho0p05\shot4\Seed3
Seg-SADG,Seg-SADG,Seg-SADG,LF-Fixed-Hard,fixed,hard,0.08,0.5,0.05,0.05,0.5,0.5,style_rho0p5,sadg_rho0p05,9,9,19,19,new_training,4,3,157,0.02057186576227347,0.020527310979863007,0.0008910957064169148,0.0,0.0,0.0,0.01533231046050787,0.08207737530271213,0.05000000000000001,12,108|224|72|171,48,all_filtered,9,True,D:\Running_Place\PostGraduateProjects\Experiments\PostGraduate\backbones\DisperssionWithSADG_LowFreqCanonicalization\Seg-SADG\LF-Fixed-Hard\alpha0p08\style_rho0p5\sadg_rho0p05\shot4\Seed3,D:\Running_Place\PostGraduateProjects\Experiments\PostGraduate\backbones\Prompts\Seg-SADG\LF-Fixed-Hard\alpha0p08\style_rho0p5\sadg_rho0p05\shot4\Seed3
Seg-SADG,Seg-SADG,Seg-SADG,LF-Fixed-Hard,fixed,hard,0.08,0.5,0.05,0.05,0.5,0.5,style_rho0p5,sadg_rho0p05,9,9,19,19,new_training,4,3,158,0.020136406645178795,0.020093869573126238,0.0008507408589745561,0.0,0.0,0.0,0.014922330078358451,0.07916009612381458,0.05000000000000001,12,108|224|72|171,48,all_filtered,9,True,D:\Running_Place\PostGraduateProjects\Experiments\PostGraduate\backbones\DisperssionWithSADG_LowFreqCanonicalization\Seg-SADG\LF-Fixed-Hard\alpha0p08\style_rho0p5\sadg_rho0p05\shot4\Seed3,D:\Running_Place\PostGraduateProjects\Experiments\PostGraduate\backbones\Prompts\Seg-SADG\LF-Fixed-Hard\alpha0p08\style_rho0p5\sadg_rho0p05\shot4\Seed3
Seg-SADG,Seg-SADG,Seg-SADG,LF-Fixed-Hard,fixed,hard,0.08,0.5,0.05,0.05,0.5,0.5,style_rho0p5,sadg_rho0p05,9,9,19,19,new_training,4,3,159,0.019847489427775145,0.019804630738993485,0.0008571758080506697,0.0,0.0,0.0,0.014747664021948973,0.07992416465034087,0.05000000000000001,12,108|224|72|171,48,all_filtered,9,True,D:\Running_Place\PostGraduateProjects\Experiments\PostGraduate\backbones\DisperssionWithSADG_LowFreqCanonicalization\Seg-SADG\LF-Fixed-Hard\alpha0p08\style_rho0p5\sadg_rho0p05\shot4\Seed3,D:\Running_Place\PostGraduateProjects\Experiments\PostGraduate\backbones\Prompts\Seg-SADG\LF-Fixed-Hard\alpha0p08\style_rho0p5\sadg_rho0p05\shot4\Seed3
Seg-SADG,Seg-SADG,Seg-SADG,LF-Fixed-Hard,fixed,hard,0.08,0.5,0.05,0.05,0.5,0.5,style_rho0p5,sadg_rho0p05,9,9,19,19,new_training,4,3,160,0.020424828864634037,0.020382329045484465,0.0008499956505450731,0.0,0.0,0.0,0.015191083230699102,0.08340735795597236,0.05000000000000001,12,108|224|72|171,48,all_filtered,9,True,D:\Running_Place\PostGraduateProjects\Experiments\PostGraduate\backbones\DisperssionWithSADG_LowFreqCanonicalization\Seg-SADG\LF-Fixed-Hard\alpha0p08\style_rho0p5\sadg_rho0p05\shot4\Seed3,D:\Running_Place\PostGraduateProjects\Experiments\PostGraduate\backbones\Prompts\Seg-SADG\LF-Fixed-Hard\alpha0p08\style_rho0p5\sadg_rho0p05\shot4\Seed3
Seg-SADG,Seg-SADG,Seg-SADG,LF-Fixed-Hard,fixed,hard,0.08,0.5,0.05,0.05,0.5,0.5,style_rho0p5,sadg_rho0p05,9,9,19,19,new_training,4,3,161,0.01979541111116608,0.019756892851243418,0.0007703707645608423,0.0,0.0,0.0,0.014681420444200436,0.07931633728245895,0.05000000000000001,12,108|224|72|171,48,all_filtered,9,True,D:\Running_Place\PostGraduateProjects\Experiments\PostGraduate\backbones\DisperssionWithSADG_LowFreqCanonicalization\Seg-SADG\LF-Fixed-Hard\alpha0p08\style_rho0p5\sadg_rho0p05\shot4\Seed3,D:\Running_Place\PostGraduateProjects\Experiments\PostGraduate\backbones\Prompts\Seg-SADG\LF-Fixed-Hard\alpha0p08\style_rho0p5\sadg_rho0p05\shot4\Seed3
Seg-SADG,Seg-SADG,Seg-SADG,LF-Fixed-Hard,fixed,hard,0.08,0.5,0.05,0.05,0.5,0.5,style_rho0p5,sadg_rho0p05,9,9,19,19,new_training,4,3,162,0.019876974790046614,0.019835024140775204,0.0008390205330215394,0.0,0.0,0.0,0.014701529173180461,0.08086500565210979,0.05000000000000001,12,108|224|72|171,48,all_filtered,9,True,D:\Running_Place\PostGraduateProjects\Experiments\PostGraduate\backbones\DisperssionWithSADG_LowFreqCanonicalization\Seg-SADG\LF-Fixed-Hard\alpha0p08\style_rho0p5\sadg_rho0p05\shot4\Seed3,D:\Running_Place\PostGraduateProjects\Experiments\PostGraduate\backbones\Prompts\Seg-SADG\LF-Fixed-Hard\alpha0p08\style_rho0p5\sadg_rho0p05\shot4\Seed3
Seg-SADG,Seg-SADG,Seg-SADG,LF-Fixed-Hard,fixed,hard,0.08,0.5,0.05,0.05,0.5,0.5,style_rho0p5,sadg_rho0p05,9,9,19,19,new_training,4,3,163,0.01989415365581711,0.019851870990047853,0.0008456579574461406,0.0,0.0,0.0,0.014549029991030693,0.08243487837413947,0.05000000000000001,12,108|224|72|171,48,all_filtered,9,True,D:\Running_Place\PostGraduateProjects\Experiments\PostGraduate\backbones\DisperssionWithSADG_LowFreqCanonicalization\Seg-SADG\LF-Fixed-Hard\alpha0p08\style_rho0p5\sadg_rho0p05\shot4\Seed3,D:\Running_Place\PostGraduateProjects\Experiments\PostGraduate\backbones\Prompts\Seg-SADG\LF-Fixed-Hard\alpha0p08\style_rho0p5\sadg_rho0p05\shot4\Seed3
Seg-SADG,Seg-SADG,Seg-SADG,LF-Fixed-Hard,fixed,hard,0.08,0.5,0.05,0.05,0.5,0.5,style_rho0p5,sadg_rho0p05,9,9,19,19,new_training,4,3,164,0.021327060957749683,0.021281615054855745,0.0009089209391580274,0.0,0.0,0.0,0.015139500765750805,0.0941869430243969,0.05000000000000001,12,108|224|72|171,48,all_filtered,9,True,D:\Running_Place\PostGraduateProjects\Experiments\PostGraduate\backbones\DisperssionWithSADG_LowFreqCanonicalization\Seg-SADG\LF-Fixed-Hard\alpha0p08\style_rho0p5\sadg_rho0p05\shot4\Seed3,D:\Running_Place\PostGraduateProjects\Experiments\PostGraduate\backbones\Prompts\Seg-SADG\LF-Fixed-Hard\alpha0p08\style_rho0p5\sadg_rho0p05\shot4\Seed3
Seg-SADG,Seg-SADG,Seg-SADG,LF-Fixed-Hard,fixed,hard,0.08,0.5,0.05,0.05,0.5,0.5,style_rho0p5,sadg_rho0p05,9,9,19,19,new_training,4,3,165,0.021781550409893196,0.02173971974601348,0.000836614669727472,0.0,0.0,0.0,0.01584960528028508,0.09378597140312195,0.05000000000000001,12,108|224|72|171,48,all_filtered,9,True,D:\Running_Place\PostGraduateProjects\Experiments\PostGraduate\backbones\DisperssionWithSADG_LowFreqCanonicalization\Seg-SADG\LF-Fixed-Hard\alpha0p08\style_rho0p5\sadg_rho0p05\shot4\Seed3,D:\Running_Place\PostGraduateProjects\Experiments\PostGraduate\backbones\Prompts\Seg-SADG\LF-Fixed-Hard\alpha0p08\style_rho0p5\sadg_rho0p05\shot4\Seed3
Seg-SADG,Seg-SADG,Seg-SADG,LF-Fixed-Hard,fixed,hard,0.08,0.5,0.05,0.05,0.5,0.5,style_rho0p5,sadg_rho0p05,9,9,19,19,new_training,4,3,166,0.02233099890872836,0.022283234788725775,0.0009552833071211353,0.0,0.0,0.0,0.015895392357682187,0.09843524731695652,0.05000000000000001,12,108|224|72|171,48,all_filtered,9,True,D:\Running_Place\PostGraduateProjects\Experiments\PostGraduate\backbones\DisperssionWithSADG_LowFreqCanonicalization\Seg-SADG\LF-Fixed-Hard\alpha0p08\style_rho0p5\sadg_rho0p05\shot4\Seed3,D:\Running_Place\PostGraduateProjects\Experiments\PostGraduate\backbones\Prompts\Seg-SADG\LF-Fixed-Hard\alpha0p08\style_rho0p5\sadg_rho0p05\shot4\Seed3
Seg-SADG,Seg-SADG,Seg-SADG,LF-Fixed-Hard,fixed,hard,0.08,0.5,0.05,0.05,0.5,0.5,style_rho0p5,sadg_rho0p05,9,9,19,19,new_training,4,3,167,0.021316146322836477,0.021268004551529884,0.0009628366436421251,0.0,0.0,0.0,0.015644765614221495,0.09091340812544028,0.05000000000000001,12,108|224|72|171,48,all_filtered,9,True,D:\Running_Place\PostGraduateProjects\Experiments\PostGraduate\backbones\DisperssionWithSADG_LowFreqCanonicalization\Seg-SADG\LF-Fixed-Hard\alpha0p08\style_rho0p5\sadg_rho0p05\shot4\Seed3,D:\Running_Place\PostGraduateProjects\Experiments\PostGraduate\backbones\Prompts\Seg-SADG\LF-Fixed-Hard\alpha0p08\style_rho0p5\sadg_rho0p05\shot4\Seed3
Seg-SADG,Seg-SADG,Seg-SADG,LF-Fixed-Hard,fixed,hard,0.08,0.5,0.05,0.05,0.5,0.5,style_rho0p5,sadg_rho0p05,9,9,19,19,new_training,4,3,168,0.01942725417514642,0.019379717918733757,0.00095072686963249,0.0,0.0,0.0,0.01447536152166625,0.07707567202548186,0.05000000000000001,12,108|224|72|171,48,all_filtered,9,True,D:\Running_Place\PostGraduateProjects\Experiments\PostGraduate\backbones\DisperssionWithSADG_LowFreqCanonicalization\Seg-SADG\LF-Fixed-Hard\alpha0p08\style_rho0p5\sadg_rho0p05\shot4\Seed3,D:\Running_Place\PostGraduateProjects\Experiments\PostGraduate\backbones\Prompts\Seg-SADG\LF-Fixed-Hard\alpha0p08\style_rho0p5\sadg_rho0p05\shot4\Seed3
Seg-SADG,Seg-SADG,Seg-SADG,LF-Fixed-Hard,fixed,hard,0.08,0.5,0.05,0.05,0.5,0.5,style_rho0p5,sadg_rho0p05,9,9,19,19,new_training,4,3,169,0.019745471111188333,0.01970038888975978,0.0009016497303188468,0.0,0.0,0.0,0.014225732845564684,0.08331047060588996,0.05000000000000001,12,108|224|72|171,48,all_filtered,9,True,D:\Running_Place\PostGraduateProjects\Experiments\PostGraduate\backbones\DisperssionWithSADG_LowFreqCanonicalization\Seg-SADG\LF-Fixed-Hard\alpha0p08\style_rho0p5\sadg_rho0p05\shot4\Seed3,D:\Running_Place\PostGraduateProjects\Experiments\PostGraduate\backbones\Prompts\Seg-SADG\LF-Fixed-Hard\alpha0p08\style_rho0p5\sadg_rho0p05\shot4\Seed3
Seg-SADG,Seg-SADG,Seg-SADG,LF-Fixed-Hard,fixed,hard,0.08,0.5,0.05,0.05,0.5,0.5,style_rho0p5,sadg_rho0p05,9,9,19,19,new_training,4,3,170,0.018926099097977083,0.018880901237328846,0.0009039542637765408,0.0,0.0,0.0,0.013858651431898275,0.07939611064891021,0.05000000000000001,12,108|224|72|171,48,all_filtered,9,True,D:\Running_Place\PostGraduateProjects\Experiments\PostGraduate\backbones\DisperssionWithSADG_LowFreqCanonicalization\Seg-SADG\LF-Fixed-Hard\alpha0p08\style_rho0p5\sadg_rho0p05\shot4\Seed3,D:\Running_Place\PostGraduateProjects\Experiments\PostGraduate\backbones\Prompts\Seg-SADG\LF-Fixed-Hard\alpha0p08\style_rho0p5\sadg_rho0p05\shot4\Seed3
Seg-SADG,Seg-SADG,Seg-SADG,LF-Fixed-Hard,fixed,hard,0.08,0.5,0.05,0.05,0.5,0.5,style_rho0p5,sadg_rho0p05,9,9,19,19,new_training,4,3,171,0.017697445504988234,0.017660380185892183,0.0007413045532302931,0.0,0.0,0.0,0.013278441814084848,0.07036567851901054,0.05000000000000001,12,108|224|72|171,48,all_filtered,9,True,D:\Running_Place\PostGraduateProjects\Experiments\PostGraduate\backbones\DisperssionWithSADG_LowFreqCanonicalization\Seg-SADG\LF-Fixed-Hard\alpha0p08\style_rho0p5\sadg_rho0p05\shot4\Seed3,D:\Running_Place\PostGraduateProjects\Experiments\PostGraduate\backbones\Prompts\Seg-SADG\LF-Fixed-Hard\alpha0p08\style_rho0p5\sadg_rho0p05\shot4\Seed3
Seg-SADG,Seg-SADG,Seg-SADG,LF-Fixed-Hard,fixed,hard,0.08,0.5,0.05,0.05,0.5,0.5,style_rho0p5,sadg_rho0p05,9,9,19,19,new_training,4,3,172,0.018099455318103235,0.018059156990299623,0.0008059642229151601,0.0,0.0,0.0,0.013321666357417902,0.07615711726248264,0.05000000000000001,12,108|224|72|171,48,all_filtered,9,True,D:\Running_Place\PostGraduateProjects\Experiments\PostGraduate\backbones\DisperssionWithSADG_LowFreqCanonicalization\Seg-SADG\LF-Fixed-Hard\alpha0p08\style_rho0p5\sadg_rho0p05\shot4\Seed3,D:\Running_Place\PostGraduateProjects\Experiments\PostGraduate\backbones\Prompts\Seg-SADG\LF-Fixed-Hard\alpha0p08\style_rho0p5\sadg_rho0p05\shot4\Seed3
Seg-SADG,Seg-SADG,Seg-SADG,LF-Fixed-Hard,fixed,hard,0.08,0.5,0.05,0.05,0.5,0.5,style_rho0p5,sadg_rho0p05,9,9,19,19,new_training,4,3,173,0.017713047564029694,0.017677688039839268,0.0007071919487013171,0.0,0.0,0.0,0.01305824836405615,0.07535715276996295,0.05000000000000001,12,108|224|72|171,48,all_filtered,9,True,D:\Running_Place\PostGraduateProjects\Experiments\PostGraduate\backbones\DisperssionWithSADG_LowFreqCanonicalization\Seg-SADG\LF-Fixed-Hard\alpha0p08\style_rho0p5\sadg_rho0p05\shot4\Seed3,D:\Running_Place\PostGraduateProjects\Experiments\PostGraduate\backbones\Prompts\Seg-SADG\LF-Fixed-Hard\alpha0p08\style_rho0p5\sadg_rho0p05\shot4\Seed3
Seg-SADG,Seg-SADG,Seg-SADG,LF-Fixed-Hard,fixed,hard,0.08,0.5,0.05,0.05,0.5,0.5,style_rho0p5,sadg_rho0p05,9,9,19,19,new_training,4,3,174,0.017277110523233812,0.01723853824660182,0.0007714456199513128,0.0,0.0,0.0,0.012772056506946683,0.07082643359899521,0.05000000000000001,12,108|224|72|171,48,all_filtered,9,True,D:\Running_Place\PostGraduateProjects\Experiments\PostGraduate\backbones\DisperssionWithSADG_LowFreqCanonicalization\Seg-SADG\LF-Fixed-Hard\alpha0p08\style_rho0p5\sadg_rho0p05\shot4\Seed3,D:\Running_Place\PostGraduateProjects\Experiments\PostGraduate\backbones\Prompts\Seg-SADG\LF-Fixed-Hard\alpha0p08\style_rho0p5\sadg_rho0p05\shot4\Seed3
Seg-SADG,Seg-SADG,Seg-SADG,LF-Fixed-Hard,fixed,hard,0.08,0.5,0.05,0.05,0.5,0.5,style_rho0p5,sadg_rho0p05,9,9,19,19,new_training,4,3,175,0.01708021853119135,0.0170460999943316,0.0006823785879532807,0.0,0.0,0.0,0.012703961149478952,0.0717733617251118,0.05000000000000001,12,108|224|72|171,48,all_filtered,9,True,D:\Running_Place\PostGraduateProjects\Experiments\PostGraduate\backbones\DisperssionWithSADG_LowFreqCanonicalization\Seg-SADG\LF-Fixed-Hard\alpha0p08\style_rho0p5\sadg_rho0p05\shot4\Seed3,D:\Running_Place\PostGraduateProjects\Experiments\PostGraduate\backbones\Prompts\Seg-SADG\LF-Fixed-Hard\alpha0p08\style_rho0p5\sadg_rho0p05\shot4\Seed3
Seg-SADG,Seg-SADG,Seg-SADG,LF-Fixed-Hard,fixed,hard,0.08,0.5,0.05,0.05,0.5,0.5,style_rho0p5,sadg_rho0p05,9,9,19,19,new_training,4,3,176,0.017199890688061714,0.017166925904651482,0.0006592969948542304,0.0,0.0,0.0,0.01256953040137887,0.07669189292937517,0.05000000000000001,12,108|224|72|171,48,all_filtered,9,True,D:\Running_Place\PostGraduateProjects\Experiments\PostGraduate\backbones\DisperssionWithSADG_LowFreqCanonicalization\Seg-SADG\LF-Fixed-Hard\alpha0p08\style_rho0p5\sadg_rho0p05\shot4\Seed3,D:\Running_Place\PostGraduateProjects\Experiments\PostGraduate\backbones\Prompts\Seg-SADG\LF-Fixed-Hard\alpha0p08\style_rho0p5\sadg_rho0p05\shot4\Seed3
Seg-SADG,Seg-SADG,Seg-SADG,LF-Fixed-Hard,fixed,hard,0.08,0.5,0.05,0.05,0.5,0.5,style_rho0p5,sadg_rho0p05,9,9,19,19,new_training,4,3,177,0.017229627817869186,0.01719382032752037,0.0007161486185699081,0.0,0.0,0.0,0.012539943835387627,0.07502347168823083,0.05000000000000001,12,108|224|72|171,48,all_filtered,9,True,D:\Running_Place\PostGraduateProjects\Experiments\PostGraduate\backbones\DisperssionWithSADG_LowFreqCanonicalization\Seg-SADG\LF-Fixed-Hard\alpha0p08\style_rho0p5\sadg_rho0p05\shot4\Seed3,D:\Running_Place\PostGraduateProjects\Experiments\PostGraduate\backbones\Prompts\Seg-SADG\LF-Fixed-Hard\alpha0p08\style_rho0p5\sadg_rho0p05\shot4\Seed3
Seg-SADG,Seg-SADG,Seg-SADG,LF-Fixed-Hard,fixed,hard,0.08,0.5,0.05,0.05,0.5,0.5,style_rho0p5,sadg_rho0p05,9,9,19,19,new_training,4,3,178,0.0171151851148655,0.017080961260944605,0.0006844772700181542,0.0,0.0,0.0,0.012417673521364728,0.07720750849694014,0.05000000000000001,12,108|224|72|171,48,all_filtered,9,True,D:\Running_Place\PostGraduateProjects\Experiments\PostGraduate\backbones\DisperssionWithSADG_LowFreqCanonicalization\Seg-SADG\LF-Fixed-Hard\alpha0p08\style_rho0p5\sadg_rho0p05\shot4\Seed3,D:\Running_Place\PostGraduateProjects\Experiments\PostGraduate\backbones\Prompts\Seg-SADG\LF-Fixed-Hard\alpha0p08\style_rho0p5\sadg_rho0p05\shot4\Seed3
Seg-SADG,Seg-SADG,Seg-SADG,LF-Fixed-Hard,fixed,hard,0.08,0.5,0.05,0.05,0.5,0.5,style_rho0p5,sadg_rho0p05,9,9,19,19,new_training,4,3,179,0.01692979224026203,0.016895409983893234,0.0006876497500343248,0.0,0.0,0.0,0.012327509466558695,0.07434522329519193,0.05000000000000001,12,108|224|72|171,48,all_filtered,9,True,D:\Running_Place\PostGraduateProjects\Experiments\PostGraduate\backbones\DisperssionWithSADG_LowFreqCanonicalization\Seg-SADG\LF-Fixed-Hard\alpha0p08\style_rho0p5\sadg_rho0p05\shot4\Seed3,D:\Running_Place\PostGraduateProjects\Experiments\PostGraduate\backbones\Prompts\Seg-SADG\LF-Fixed-Hard\alpha0p08\style_rho0p5\sadg_rho0p05\shot4\Seed3
Seg-SADG,Seg-SADG,Seg-SADG,LF-Fixed-Hard,fixed,hard,0.08,0.5,0.05,0.05,0.5,0.5,style_rho0p5,sadg_rho0p05,9,9,19,19,new_training,4,3,180,0.016963161372890074,0.016928989129761856,0.000683445953958047,0.0,0.0,0.0,0.012175821388761202,0.07785820340116818,0.05000000000000001,12,108|224|72|171,48,all_filtered,9,True,D:\Running_Place\PostGraduateProjects\Experiments\PostGraduate\backbones\DisperssionWithSADG_LowFreqCanonicalization\Seg-SADG\LF-Fixed-Hard\alpha0p08\style_rho0p5\sadg_rho0p05\shot4\Seed3,D:\Running_Place\PostGraduateProjects\Experiments\PostGraduate\backbones\Prompts\Seg-SADG\LF-Fixed-Hard\alpha0p08\style_rho0p5\sadg_rho0p05\shot4\Seed3
Seg-SADG,Seg-SADG,Seg-SADG,LF-Fixed-Hard,fixed,hard,0.08,0.5,0.05,0.05,0.5,0.5,style_rho0p5,sadg_rho0p05,9,9,19,19,new_training,4,3,181,0.017271752857292693,0.017238557028273743,0.0006639195732229078,0.0,0.0,0.0,0.012215476638327042,0.07910570191840331,0.05000000000000001,12,108|224|72|171,48,all_filtered,9,True,D:\Running_Place\PostGraduateProjects\Experiments\PostGraduate\backbones\DisperssionWithSADG_LowFreqCanonicalization\Seg-SADG\LF-Fixed-Hard\alpha0p08\style_rho0p5\sadg_rho0p05\shot4\Seed3,D:\Running_Place\PostGraduateProjects\Experiments\PostGraduate\backbones\Prompts\Seg-SADG\LF-Fixed-Hard\alpha0p08\style_rho0p5\sadg_rho0p05\shot4\Seed3
Seg-SADG,Seg-SADG,Seg-SADG,LF-Fixed-Hard,fixed,hard,0.08,0.5,0.05,0.05,0.5,0.5,style_rho0p5,sadg_rho0p05,9,9,19,19,new_training,4,3,182,0.018735141803820927,0.018695423379540443,0.0007943707751110196,0.0,0.0,0.0,0.012836366736640533,0.09281880035996437,0.05000000000000001,12,108|224|72|171,48,all_filtered,9,True,D:\Running_Place\PostGraduateProjects\Experiments\PostGraduate\backbones\DisperssionWithSADG_LowFreqCanonicalization\Seg-SADG\LF-Fixed-Hard\alpha0p08\style_rho0p5\sadg_rho0p05\shot4\Seed3,D:\Running_Place\PostGraduateProjects\Experiments\PostGraduate\backbones\Prompts\Seg-SADG\LF-Fixed-Hard\alpha0p08\style_rho0p5\sadg_rho0p05\shot4\Seed3
Seg-SADG,Seg-SADG,Seg-SADG,LF-Fixed-Hard,fixed,hard,0.08,0.5,0.05,0.05,0.5,0.5,style_rho0p5,sadg_rho0p05,9,9,19,19,new_training,4,3,183,0.018768610743184883,0.01873165105159084,0.0007391968538286164,0.0,0.0,0.0,0.013108389995371303,0.09201491437852383,0.05000000000000001,12,108|224|72|171,48,all_filtered,9,True,D:\Running_Place\PostGraduateProjects\Experiments\PostGraduate\backbones\DisperssionWithSADG_LowFreqCanonicalization\Seg-SADG\LF-Fixed-Hard\alpha0p08\style_rho0p5\sadg_rho0p05\shot4\Seed3,D:\Running_Place\PostGraduateProjects\Experiments\PostGraduate\backbones\Prompts\Seg-SADG\LF-Fixed-Hard\alpha0p08\style_rho0p5\sadg_rho0p05\shot4\Seed3
Seg-SADG,Seg-SADG,Seg-SADG,LF-Fixed-Hard,fixed,hard,0.08,0.5,0.05,0.05,0.5,0.5,style_rho0p5,sadg_rho0p05,9,9,19,19,new_training,4,3,184,0.017432334289575618,0.01739425864070654,0.0007615174205663303,0.0,0.0,0.0,0.01261751796118915,0.07988283224403858,0.05000000000000001,12,108|224|72|171,48,all_filtered,9,True,D:\Running_Place\PostGraduateProjects\Experiments\PostGraduate\backbones\DisperssionWithSADG_LowFreqCanonicalization\Seg-SADG\LF-Fixed-Hard\alpha0p08\style_rho0p5\sadg_rho0p05\shot4\Seed3,D:\Running_Place\PostGraduateProjects\Experiments\PostGraduate\backbones\Prompts\Seg-SADG\LF-Fixed-Hard\alpha0p08\style_rho0p5\sadg_rho0p05\shot4\Seed3
Seg-SADG,Seg-SADG,Seg-SADG,LF-Fixed-Hard,fixed,hard,0.08,0.5,0.05,0.05,0.5,0.5,style_rho0p5,sadg_rho0p05,9,9,19,19,new_training,4,3,185,0.01648396470894416,0.01644942187704146,0.0006908550130901858,0.0,0.0,0.0,0.0120640576351434,0.07310067241390546,0.05000000000000001,12,108|224|72|171,48,all_filtered,9,True,D:\Running_Place\PostGraduateProjects\Experiments\PostGraduate\backbones\DisperssionWithSADG_LowFreqCanonicalization\Seg-SADG\LF-Fixed-Hard\alpha0p08\style_rho0p5\sadg_rho0p05\shot4\Seed3,D:\Running_Place\PostGraduateProjects\Experiments\PostGraduate\backbones\Prompts\Seg-SADG\LF-Fixed-Hard\alpha0p08\style_rho0p5\sadg_rho0p05\shot4\Seed3
Seg-SADG,Seg-SADG,Seg-SADG,LF-Fixed-Hard,fixed,hard,0.08,0.5,0.05,0.05,0.5,0.5,style_rho0p5,sadg_rho0p05,9,9,19,19,new_training,4,3,186,0.016975252190604806,0.016937462612986565,0.0007557922120516499,0.0,0.0,0.0,0.012063331281145414,0.0795324028780063,0.05000000000000001,12,108|224|72|171,48,all_filtered,9,True,D:\Running_Place\PostGraduateProjects\Experiments\PostGraduate\backbones\DisperssionWithSADG_LowFreqCanonicalization\Seg-SADG\LF-Fixed-Hard\alpha0p08\style_rho0p5\sadg_rho0p05\shot4\Seed3,D:\Running_Place\PostGraduateProjects\Experiments\PostGraduate\backbones\Prompts\Seg-SADG\LF-Fixed-Hard\alpha0p08\style_rho0p5\sadg_rho0p05\shot4\Seed3
Seg-SADG,Seg-SADG,Seg-SADG,LF-Fixed-Hard,fixed,hard,0.08,0.5,0.05,0.05,0.5,0.5,style_rho0p5,sadg_rho0p05,9,9,19,19,new_training,4,3,187,0.017752998896564048,0.017719157893831532,0.0006768216602116203,0.0,0.0,0.0,0.012058876066779097,0.08687484512726466,0.05000000000000001,12,108|224|72|171,48,all_filtered,9,True,D:\Running_Place\PostGraduateProjects\Experiments\PostGraduate\backbones\DisperssionWithSADG_LowFreqCanonicalization\Seg-SADG\LF-Fixed-Hard\alpha0p08\style_rho0p5\sadg_rho0p05\shot4\Seed3,D:\Running_Place\PostGraduateProjects\Experiments\PostGraduate\backbones\Prompts\Seg-SADG\LF-Fixed-Hard\alpha0p08\style_rho0p5\sadg_rho0p05\shot4\Seed3
Seg-SADG,Seg-SADG,Seg-SADG,LF-Fixed-Hard,fixed,hard,0.08,0.5,0.05,0.05,0.5,0.5,style_rho0p5,sadg_rho0p05,9,9,19,19,new_training,4,3,188,0.01763476648678382,0.017598082311451435,0.0007336851898192739,0.0,0.0,0.0,0.012277529885371527,0.08563630344967048,0.05000000000000001,12,108|224|72|171,48,all_filtered,9,True,D:\Running_Place\PostGraduateProjects\Experiments\PostGraduate\backbones\DisperssionWithSADG_LowFreqCanonicalization\Seg-SADG\LF-Fixed-Hard\alpha0p08\style_rho0p5\sadg_rho0p05\shot4\Seed3,D:\Running_Place\PostGraduateProjects\Experiments\PostGraduate\backbones\Prompts\Seg-SADG\LF-Fixed-Hard\alpha0p08\style_rho0p5\sadg_rho0p05\shot4\Seed3
Seg-SADG,Seg-SADG,Seg-SADG,LF-Fixed-Hard,fixed,hard,0.08,0.5,0.05,0.05,0.5,0.5,style_rho0p5,sadg_rho0p05,9,9,19,19,new_training,4,3,189,0.017516351925830047,0.01748033131783207,0.0007204124509977797,0.0,0.0,0.0,0.012290759244933724,0.08459612975517909,0.05000000000000001,12,108|224|72|171,48,all_filtered,9,True,D:\Running_Place\PostGraduateProjects\Experiments\PostGraduate\backbones\DisperssionWithSADG_LowFreqCanonicalization\Seg-SADG\LF-Fixed-Hard\alpha0p08\style_rho0p5\sadg_rho0p05\shot4\Seed3,D:\Running_Place\PostGraduateProjects\Experiments\PostGraduate\backbones\Prompts\Seg-SADG\LF-Fixed-Hard\alpha0p08\style_rho0p5\sadg_rho0p05\shot4\Seed3
Seg-SADG,Seg-SADG,Seg-SADG,LF-Fixed-Hard,fixed,hard,0.08,0.5,0.05,0.05,0.5,0.5,style_rho0p5,sadg_rho0p05,9,9,19,19,new_training,4,3,190,0.017298753062884014,0.017262359925856192,0.0007278627575336335,0.0,0.0,0.0,0.012263278399283687,0.07997494128843148,0.05000000000000001,12,108|224|72|171,48,all_filtered,9,True,D:\Running_Place\PostGraduateProjects\Experiments\PostGraduate\backbones\DisperssionWithSADG_LowFreqCanonicalization\Seg-SADG\LF-Fixed-Hard\alpha0p08\style_rho0p5\sadg_rho0p05\shot4\Seed3,D:\Running_Place\PostGraduateProjects\Experiments\PostGraduate\backbones\Prompts\Seg-SADG\LF-Fixed-Hard\alpha0p08\style_rho0p5\sadg_rho0p05\shot4\Seed3
Seg-SADG,Seg-SADG,Seg-SADG,LF-Fixed-Hard,fixed,hard,0.08,0.5,0.05,0.05,0.5,0.5,style_rho0p5,sadg_rho0p05,9,9,19,19,new_training,4,3,191,0.016055925128360588,0.01602369314059615,0.000644638821540866,0.0,0.0,0.0,0.011624725613122186,0.07203944368908803,0.05000000000000001,12,108|224|72|171,48,all_filtered,9,True,D:\Running_Place\PostGraduateProjects\Experiments\PostGraduate\backbones\DisperssionWithSADG_LowFreqCanonicalization\Seg-SADG\LF-Fixed-Hard\alpha0p08\style_rho0p5\sadg_rho0p05\shot4\Seed3,D:\Running_Place\PostGraduateProjects\Experiments\PostGraduate\backbones\Prompts\Seg-SADG\LF-Fixed-Hard\alpha0p08\style_rho0p5\sadg_rho0p05\shot4\Seed3
Seg-SADG,Seg-SADG,Seg-SADG,LF-Fixed-Hard,fixed,hard,0.08,0.5,0.05,0.05,0.5,0.5,style_rho0p5,sadg_rho0p05,9,9,19,19,new_training,4,3,192,0.01590534035737316,0.01587175376092394,0.0006717302918938609,0.0,0.0,0.0,0.011222316650673747,0.07429107806334893,0.05000000000000001,12,108|224|72|171,48,all_filtered,9,True,D:\Running_Place\PostGraduateProjects\Experiments\PostGraduate\backbones\DisperssionWithSADG_LowFreqCanonicalization\Seg-SADG\LF-Fixed-Hard\alpha0p08\style_rho0p5\sadg_rho0p05\shot4\Seed3,D:\Running_Place\PostGraduateProjects\Experiments\PostGraduate\backbones\Prompts\Seg-SADG\LF-Fixed-Hard\alpha0p08\style_rho0p5\sadg_rho0p05\shot4\Seed3
Seg-SADG,Seg-SADG,Seg-SADG,LF-Fixed-Hard,fixed,hard,0.08,0.5,0.05,0.05,0.5,0.5,style_rho0p5,sadg_rho0p05,9,9,19,19,new_training,4,3,193,0.015423272736370564,0.015391008307536444,0.0006452868110500276,0.0,0.0,0.0,0.011024451504151026,0.072448437102139,0.05000000000000001,12,108|224|72|171,48,all_filtered,9,True,D:\Running_Place\PostGraduateProjects\Experiments\PostGraduate\backbones\DisperssionWithSADG_LowFreqCanonicalization\Seg-SADG\LF-Fixed-Hard\alpha0p08\style_rho0p5\sadg_rho0p05\shot4\Seed3,D:\Running_Place\PostGraduateProjects\Experiments\PostGraduate\backbones\Prompts\Seg-SADG\LF-Fixed-Hard\alpha0p08\style_rho0p5\sadg_rho0p05\shot4\Seed3
Seg-SADG,Seg-SADG,Seg-SADG,LF-Fixed-Hard,fixed,hard,0.08,0.5,0.05,0.05,0.5,0.5,style_rho0p5,sadg_rho0p05,9,9,19,19,new_training,4,3,194,0.015223440791790685,0.015193086971218387,0.0006070772190772308,0.0,0.0,0.0,0.010648742550984025,0.07174734212458134,0.05000000000000001,12,108|224|72|171,48,all_filtered,9,True,D:\Running_Place\PostGraduateProjects\Experiments\PostGraduate\backbones\DisperssionWithSADG_LowFreqCanonicalization\Seg-SADG\LF-Fixed-Hard\alpha0p08\style_rho0p5\sadg_rho0p05\shot4\Seed3,D:\Running_Place\PostGraduateProjects\Experiments\PostGraduate\backbones\Prompts\Seg-SADG\LF-Fixed-Hard\alpha0p08\style_rho0p5\sadg_rho0p05\shot4\Seed3
Seg-SADG,Seg-SADG,Seg-SADG,LF-Fixed-Hard,fixed,hard,0.08,0.5,0.05,0.05,0.5,0.5,style_rho0p5,sadg_rho0p05,9,9,19,19,new_training,4,3,195,0.015044547617435455,0.015016059624031186,0.0005697597686472969,0.0,0.0,0.0,0.010719647242998084,0.07026378624141216,0.05000000000000001,12,108|224|72|171,48,all_filtered,9,True,D:\Running_Place\PostGraduateProjects\Experiments\PostGraduate\backbones\DisperssionWithSADG_LowFreqCanonicalization\Seg-SADG\LF-Fixed-Hard\alpha0p08\style_rho0p5\sadg_rho0p05\shot4\Seed3,D:\Running_Place\PostGraduateProjects\Experiments\PostGraduate\backbones\Prompts\Seg-SADG\LF-Fixed-Hard\alpha0p08\style_rho0p5\sadg_rho0p05\shot4\Seed3
Seg-SADG,Seg-SADG,Seg-SADG,LF-Fixed-Hard,fixed,hard,0.08,0.5,0.05,0.05,0.5,0.5,style_rho0p5,sadg_rho0p05,9,9,19,19,new_training,4,3,196,0.01506677153520286,0.01503576997977992,0.00062002823203026,0.0,0.0,0.0,0.010665305890142918,0.07187092086921136,0.05000000000000001,12,108|224|72|171,48,all_filtered,9,True,D:\Running_Place\PostGraduateProjects\Experiments\PostGraduate\backbones\DisperssionWithSADG_LowFreqCanonicalization\Seg-SADG\LF-Fixed-Hard\alpha0p08\style_rho0p5\sadg_rho0p05\shot4\Seed3,D:\Running_Place\PostGraduateProjects\Experiments\PostGraduate\backbones\Prompts\Seg-SADG\LF-Fixed-Hard\alpha0p08\style_rho0p5\sadg_rho0p05\shot4\Seed3
Seg-SADG,Seg-SADG,Seg-SADG,LF-Fixed-Hard,fixed,hard,0.08,0.5,0.05,0.05,0.5,0.5,style_rho0p5,sadg_rho0p05,9,9,19,19,new_training,4,3,197,0.014097184408456087,0.014070104574784636,0.000541595911878782,0.0,0.0,0.0,0.010199624113738537,0.06508447664479415,0.05000000000000001,12,108|224|72|171,48,all_filtered,9,True,D:\Running_Place\PostGraduateProjects\Experiments\PostGraduate\backbones\DisperssionWithSADG_LowFreqCanonicalization\Seg-SADG\LF-Fixed-Hard\alpha0p08\style_rho0p5\sadg_rho0p05\shot4\Seed3,D:\Running_Place\PostGraduateProjects\Experiments\PostGraduate\backbones\Prompts\Seg-SADG\LF-Fixed-Hard\alpha0p08\style_rho0p5\sadg_rho0p05\shot4\Seed3
Seg-SADG,Seg-SADG,Seg-SADG,LF-Fixed-Hard,fixed,hard,0.08,0.5,0.05,0.05,0.5,0.5,style_rho0p5,sadg_rho0p05,9,9,19,19,new_training,4,3,198,0.014072894972438613,0.01404401931601266,0.0005775144575939825,0.0,0.0,0.0,0.009991898123795787,0.06571373374511798,0.05000000000000001,12,108|224|72|171,48,all_filtered,9,True,D:\Running_Place\PostGraduateProjects\Experiments\PostGraduate\backbones\DisperssionWithSADG_LowFreqCanonicalization\Seg-SADG\LF-Fixed-Hard\alpha0p08\style_rho0p5\sadg_rho0p05\shot4\Seed3,D:\Running_Place\PostGraduateProjects\Experiments\PostGraduate\backbones\Prompts\Seg-SADG\LF-Fixed-Hard\alpha0p08\style_rho0p5\sadg_rho0p05\shot4\Seed3
Seg-SADG,Seg-SADG,Seg-SADG,LF-Fixed-Hard,fixed,hard,0.08,0.5,0.05,0.05,0.5,0.5,style_rho0p5,sadg_rho0p05,9,9,19,19,new_training,4,3,199,0.015077602971966067,0.015050648789231976,0.0005390841664241938,0.0,0.0,0.0,0.0103175671150287,0.07439030893146992,0.05000000000000001,12,108|224|72|171,48,all_filtered,9,True,D:\Running_Place\PostGraduateProjects\Experiments\PostGraduate\backbones\DisperssionWithSADG_LowFreqCanonicalization\Seg-SADG\LF-Fixed-Hard\alpha0p08\style_rho0p5\sadg_rho0p05\shot4\Seed3,D:\Running_Place\PostGraduateProjects\Experiments\PostGraduate\backbones\Prompts\Seg-SADG\LF-Fixed-Hard\alpha0p08\style_rho0p5\sadg_rho0p05\shot4\Seed3
Seg-SADG,Seg-SADG,Seg-SADG,LF-Fixed-Hard,fixed,hard,0.08,0.5,0.05,0.05,0.5,0.5,style_rho0p5,sadg_rho0p05,9,9,19,19,new_training,4,3,200,0.014760227253039679,0.01473195959503452,0.0005653529588016681,0.0,0.0,0.0,0.01020200876519084,0.07400043122470379,0.05000000000000001,12,108|224|72|171,48,all_filtered,9,True,D:\Running_Place\PostGraduateProjects\Experiments\PostGraduate\backbones\DisperssionWithSADG_LowFreqCanonicalization\Seg-SADG\LF-Fixed-Hard\alpha0p08\style_rho0p5\sadg_rho0p05\shot4\Seed3,D:\Running_Place\PostGraduateProjects\Experiments\PostGraduate\backbones\Prompts\Seg-SADG\LF-Fixed-Hard\alpha0p08\style_rho0p5\sadg_rho0p05\shot4\Seed3
