loss_mode,ablation,sadg_method,style_method,template_mode,mask_mode,gate_mode,gate_num_bins,gate_rho_max,rho_bin_min,rho_bin_max,rho_bin_mean,rho_bins,style_alpha,style_rho,sadg_rho,lambda_disp,dice_weight,lambda_gate_anchor,lambda_gate_smooth,lambda_gate_mono,lambda_spectral_consistency,lambda_gate_budget,spectral_cons_eps,rho,rho_tag,sadg_rho_tag,lf_radius_h,lf_radius_w,lf_size_h,lf_size_w,checkpoint_source,shot,seed,epoch,train_loss,train_seg_loss,train_disp_loss,style_reg_loss,gate_reg_loss,gate_anchor_loss,gate_smooth_loss,gate_mono_loss,spectral_cons_loss,gate_budget_loss,spectral_style_loss,template_l2_loss,template_smooth_loss,epsilon_loss,sadg_grad_norm,perturb_norm,steps,train_case_ids,n_train_slices,slice_policy,num_middle_slices,filter_min_fg,output_dir,prompt_dir
Seg-SADG,Seg-SADG,Seg-SADG,LF-Barycenter-RadialGate-Cons,fixed,cosine,radial_cons,8,1.0,0.4978896379470825,0.5022681355476379,0.5007852911949158,0.50081319|0.50106049|0.50208861|0.50064856|0.49989167|0.50226814|0.50162172|0.49788964,0.08,0.5,0.05,0.05,0.5,0.0001,0.001,0.001,0.01,0.01,1e-06,0.5,style_rho0p5,sadg_rho0p05,9,9,19,19,new_training,5,2,1,1.4572981766292028,1.4221297076770238,0.5235164186784199,0.008992650812225682,2.1475527368324573e-09,8.499038278232871e-07,1.5581196797549118e-06,5.044425651793258e-07,0.8992647400924138,1.327257829990864e-07,0.008992648683488369,0.0,0.0,1.3224788308143616,1.9848112634250097,0.05000000000000001,14,23|31|224|171|180,56,all_filtered,9,True,D:\Running_Place\PostGraduateProjects\Experiments\PostGraduate\backbones\DisperssionWithSADG_ConstraintStyleRegularization\Seg-SADG\BaryRadGateCons\a0p08\rho0p5\gb8\sadg0p05\cons0p01\shot5\Seed2,D:\Running_Place\PostGraduateProjects\Experiments\PostGraduate\backbones\Prompts\Seg-SADG\BaryRadGateCons\a0p08\rho0p5\gb8\sadg0p05\cons0p01\shot5\Seed2
Seg-SADG,Seg-SADG,Seg-SADG,LF-Barycenter-RadialGate-Cons,fixed,cosine,radial_cons,8,1.0,0.4971575438976288,0.5033919215202332,0.5011833310127258,0.50049943|0.50255394|0.50324082|0.50097615|0.5003283|0.50339192|0.50131857|0.49715754,0.08,0.5,0.05,0.05,0.5,0.0001,0.001,0.001,0.01,0.01,1e-06,0.5,style_rho0p5,sadg_rho0p05,9,9,19,19,new_training,5,2,2,1.0208097440855843,0.99296778014728,0.3770689389535359,0.008988533102508103,6.6961520455472674e-09,3.79578484301289e-06,4.837137420768808e-06,1.4794357850535432e-06,0.8988516586167472,9.992102718570095e-07,0.008988526317157916,0.0,0.0,0.9381872500692096,1.0139582455158234,0.05000000000000001,14,23|31|224|171|180,56,all_filtered,9,True,D:\Running_Place\PostGraduateProjects\Experiments\PostGraduate\backbones\DisperssionWithSADG_ConstraintStyleRegularization\Seg-SADG\BaryRadGateCons\a0p08\rho0p5\gb8\sadg0p05\cons0p01\shot5\Seed2,D:\Running_Place\PostGraduateProjects\Experiments\PostGraduate\backbones\Prompts\Seg-SADG\BaryRadGateCons\a0p08\rho0p5\gb8\sadg0p05\cons0p01\shot5\Seed2
Seg-SADG,Seg-SADG,Seg-SADG,LF-Barycenter-RadialGate-Cons,fixed,cosine,radial_cons,8,1.0,0.49861446022987366,0.5037150979042053,0.5014232993125916,0.49861446|0.50296664|0.503708|0.50016445|0.50094086|0.5037151|0.50227374|0.4990032,0.08,0.5,0.05,0.05,0.5,0.0001,0.001,0.001,0.01,0.01,1e-06,0.5,style_rho0p5,sadg_rho0p05,9,9,19,19,new_training,5,2,3,0.8731296913964408,0.8532184404986245,0.2185829622404916,0.008982111965971333,1.029686558240428e-08,5.253995660885786e-06,6.768213032566044e-06,3.003252556611967e-06,0.8982085713318416,1.6169172210668746e-06,0.008982101721423013,0.0,0.0,0.8035281428268978,0.8590803401810783,0.05000000000000001,14,23|31|224|171|180,56,all_filtered,9,True,D:\Running_Place\PostGraduateProjects\Experiments\PostGraduate\backbones\DisperssionWithSADG_ConstraintStyleRegularization\Seg-SADG\BaryRadGateCons\a0p08\rho0p5\gb8\sadg0p05\cons0p01\shot5\Seed2,D:\Running_Place\PostGraduateProjects\Experiments\PostGraduate\backbones\Prompts\Seg-SADG\BaryRadGateCons\a0p08\rho0p5\gb8\sadg0p05\cons0p01\shot5\Seed2
Seg-SADG,Seg-SADG,Seg-SADG,LF-Barycenter-RadialGate-Cons,fixed,cosine,radial_cons,8,1.0,0.49644431471824646,0.5043438673019409,0.501814603805542,0.49644431|0.5031054|0.50434387|0.49986377|0.50171769|0.50419909|0.5038057|0.5010367,0.08,0.5,0.05,0.05,0.5,0.0001,0.001,0.001,0.01,0.01,1e-06,0.5,style_rho0p5,sadg_rho0p05,9,9,19,19,new_training,5,2,4,0.7855498918465206,0.7688040818486895,0.15515641016619547,0.00898797164804169,1.4881023270772533e-08,6.945780114619993e-06,8.89981187616026e-06,5.286632391029603e-06,0.8987932120050702,2.494163790548295e-06,0.00898795687992658,0.0,0.0,0.7272508101803916,0.7697565427848271,0.05000000000000001,14,23|31|224|171|180,56,all_filtered,9,True,D:\Running_Place\PostGraduateProjects\Experiments\PostGraduate\backbones\DisperssionWithSADG_ConstraintStyleRegularization\Seg-SADG\BaryRadGateCons\a0p08\rho0p5\gb8\sadg0p05\cons0p01\shot5\Seed2,D:\Running_Place\PostGraduateProjects\Experiments\PostGraduate\backbones\Prompts\Seg-SADG\BaryRadGateCons\a0p08\rho0p5\gb8\sadg0p05\cons0p01\shot5\Seed2
Seg-SADG,Seg-SADG,Seg-SADG,LF-Barycenter-RadialGate-Cons,fixed,cosine,radial_cons,8,1.0,0.4937629699707031,0.505202054977417,0.5023220777511597,0.49376297|0.50415224|0.50497758|0.50020367|0.50313985|0.50495189|0.50520205|0.50218636,0.08,0.5,0.05,0.05,0.5,0.0001,0.001,0.001,0.01,0.01,1e-06,0.5,style_rho0p5,sadg_rho0p05,9,9,19,19,new_training,5,2,5,0.7123818227222988,0.6967076020581382,0.13360507679837091,0.008993986661412887,2.941166066250389e-08,1.33919701771187e-05,1.6133308820696713e-05,1.1939153279984436e-05,0.899391553231648,4.180089214449774e-06,0.008993957258228744,0.0,0.0,0.6535568577902657,0.761175411088126,0.05000000000000001,14,23|31|224|171|180,56,all_filtered,9,True,D:\Running_Place\PostGraduateProjects\Experiments\PostGraduate\backbones\DisperssionWithSADG_ConstraintStyleRegularization\Seg-SADG\BaryRadGateCons\a0p08\rho0p5\gb8\sadg0p05\cons0p01\shot5\Seed2,D:\Running_Place\PostGraduateProjects\Experiments\PostGraduate\backbones\Prompts\Seg-SADG\BaryRadGateCons\a0p08\rho0p5\gb8\sadg0p05\cons0p01\shot5\Seed2
Seg-SADG,Seg-SADG,Seg-SADG,LF-Barycenter-RadialGate-Cons,fixed,cosine,radial_cons,8,1.0,0.49097785353660583,0.5068199634552002,0.5028848052024841,0.49097785|0.505162|0.50500476|0.50116551|0.50439119|0.5062229|0.50681996|0.50333405,0.08,0.5,0.05,0.05,0.5,0.0001,0.001,0.001,0.01,0.01,1e-06,0.5,style_rho0p5,sadg_rho0p05,9,9,19,19,new_training,5,2,6,0.6387641898223332,0.62601352589471,0.07525651981788022,0.008987834743623222,5.357350804250213e-08,2.4146766138853438e-05,2.7722861237374934e-05,2.343596809493777e-05,0.898771379675184,6.72918859631214e-06,0.008987781126052141,0.0,0.0,0.5831130700451987,0.72280239207404,0.05000000000000001,14,23|31|224|171|180,56,all_filtered,9,True,D:\Running_Place\PostGraduateProjects\Experiments\PostGraduate\backbones\DisperssionWithSADG_ConstraintStyleRegularization\Seg-SADG\BaryRadGateCons\a0p08\rho0p5\gb8\sadg0p05\cons0p01\shot5\Seed2,D:\Running_Place\PostGraduateProjects\Experiments\PostGraduate\backbones\Prompts\Seg-SADG\BaryRadGateCons\a0p08\rho0p5\gb8\sadg0p05\cons0p01\shot5\Seed2
Seg-SADG,Seg-SADG,Seg-SADG,LF-Barycenter-RadialGate-Cons,fixed,cosine,radial_cons,8,1.0,0.4877611994743347,0.5077701807022095,0.5032625198364258,0.4877612|0.50595462|0.50570679|0.50191784|0.50510067|0.50777018|0.50713718|0.50475192,0.08,0.5,0.05,0.05,0.5,0.0001,0.001,0.001,0.01,0.01,1e-06,0.5,style_rho0p5,sadg_rho0p05,9,9,19,19,new_training,5,2,7,0.5867771634033748,0.5748934575489589,0.05795959596123014,0.008985730021127633,8.606351187268046e-08,3.882915111067372e-05,4.284669817674772e-05,3.933389520430605e-05,0.8985550318445478,9.386864608781512e-06,0.008985643873789481,0.0,0.0,0.5350708280290876,0.7105368418352944,0.05000000000000001,14,23|31|224|171|180,56,all_filtered,9,True,D:\Running_Place\PostGraduateProjects\Experiments\PostGraduate\backbones\DisperssionWithSADG_ConstraintStyleRegularization\Seg-SADG\BaryRadGateCons\a0p08\rho0p5\gb8\sadg0p05\cons0p01\shot5\Seed2,D:\Running_Place\PostGraduateProjects\Experiments\PostGraduate\backbones\Prompts\Seg-SADG\BaryRadGateCons\a0p08\rho0p5\gb8\sadg0p05\cons0p01\shot5\Seed2
Seg-SADG,Seg-SADG,Seg-SADG,LF-Barycenter-RadialGate-Cons,fixed,cosine,radial_cons,8,1.0,0.4849698543548584,0.509666919708252,0.5037511587142944,0.48496985|0.50630337|0.50626695|0.50267768|0.50565922|0.50966692|0.50803411|0.50643098,0.08,0.5,0.05,0.05,0.5,0.0001,0.001,0.001,0.01,0.01,1e-06,0.5,style_rho0p5,sadg_rho0p05,9,9,19,19,new_training,5,2,8,0.5452741725104195,0.5339764356613159,0.0464581764702286,0.008974820774580752,1.256248535038854e-07,5.629113807767031e-05,6.137713327396861e-05,5.861860258197079e-05,0.8974575613226209,1.1985855313209218e-05,0.008974695046033179,0.0,0.0,0.4996147113186972,0.6414486680712018,0.05000000000000001,14,23|31|224|171|180,56,all_filtered,9,True,D:\Running_Place\PostGraduateProjects\Experiments\PostGraduate\backbones\DisperssionWithSADG_ConstraintStyleRegularization\Seg-SADG\BaryRadGateCons\a0p08\rho0p5\gb8\sadg0p05\cons0p01\shot5\Seed2,D:\Running_Place\PostGraduateProjects\Experiments\PostGraduate\backbones\Prompts\Seg-SADG\BaryRadGateCons\a0p08\rho0p5\gb8\sadg0p05\cons0p01\shot5\Seed2
Seg-SADG,Seg-SADG,Seg-SADG,LF-Barycenter-RadialGate-Cons,fixed,cosine,radial_cons,8,1.0,0.48201659321784973,0.5117539167404175,0.5039607882499695,0.48201659|0.50528848|0.50551766|0.50249583|0.50607961|0.51175392|0.51005602|0.50847828,0.08,0.5,0.05,0.05,0.5,0.0001,0.001,0.001,0.01,0.01,1e-06,0.5,style_rho0p5,sadg_rho0p05,9,9,19,19,new_training,5,2,9,0.5115701407194138,0.500777889575277,0.03590670706970351,0.008996918930539064,1.614182697348302e-07,7.926214675535448e-05,7.791247636695127e-05,7.557957100548915e-05,0.8996606724602836,1.5097665189906756e-05,0.00899675754564149,0.0,0.0,0.46203032561710905,0.6272180165563311,0.05000000000000001,14,23|31|224|171|180,56,all_filtered,9,True,D:\Running_Place\PostGraduateProjects\Experiments\PostGraduate\backbones\DisperssionWithSADG_ConstraintStyleRegularization\Seg-SADG\BaryRadGateCons\a0p08\rho0p5\gb8\sadg0p05\cons0p01\shot5\Seed2,D:\Running_Place\PostGraduateProjects\Experiments\PostGraduate\backbones\Prompts\Seg-SADG\BaryRadGateCons\a0p08\rho0p5\gb8\sadg0p05\cons0p01\shot5\Seed2
Seg-SADG,Seg-SADG,Seg-SADG,LF-Barycenter-RadialGate-Cons,fixed,cosine,radial_cons,8,1.0,0.4799462556838989,0.5141105651855469,0.5042003393173218,0.47994626|0.50525993|0.50498331|0.50246137|0.5059725|0.51411057|0.51159185|0.50927716,0.08,0.5,0.05,0.05,0.5,0.0001,0.001,0.001,0.01,0.01,1e-06,0.5,style_rho0p5,sadg_rho0p05,9,9,19,19,new_training,5,2,10,0.47220295667648315,0.46184716692992617,0.027530597522854805,0.008979261254093476,1.976151052320217e-07,0.00010214649747857558,9.484107431489974e-05,9.255937246572492e-05,0.8978898738111768,1.6495602851916503e-05,0.008979063614138536,0.0,0.0,0.4301638113600867,0.5676497220993042,0.05000000000000001,14,23|31|224|171|180,56,all_filtered,9,True,D:\Running_Place\PostGraduateProjects\Experiments\PostGraduate\backbones\DisperssionWithSADG_ConstraintStyleRegularization\Seg-SADG\BaryRadGateCons\a0p08\rho0p5\gb8\sadg0p05\cons0p01\shot5\Seed2,D:\Running_Place\PostGraduateProjects\Experiments\PostGraduate\backbones\Prompts\Seg-SADG\BaryRadGateCons\a0p08\rho0p5\gb8\sadg0p05\cons0p01\shot5\Seed2
Seg-SADG,Seg-SADG,Seg-SADG,LF-Barycenter-RadialGate-Cons,fixed,cosine,radial_cons,8,1.0,0.47758302092552185,0.5168425440788269,0.5044558048248291,0.47758302|0.50495714|0.50394082|0.50386906|0.50668651|0.51684254|0.51268345|0.50908387,0.08,0.5,0.05,0.05,0.5,0.0001,0.001,0.001,0.01,0.01,1e-06,0.5,style_rho0p5,sadg_rho0p05,9,9,19,19,new_training,5,2,11,0.4423205405473709,0.43210715906960623,0.024758811374860152,0.008975442232830184,2.4336267249022316e-07,0.00012819482539530976,0.0001169987023916162,0.00011354447685464817,0.8975009535040174,1.8951334953141797e-05,0.008975198825023003,0.0,0.0,0.39892527886799406,0.5503483840397426,0.05000000000000001,14,23|31|224|171|180,56,all_filtered,9,True,D:\Running_Place\PostGraduateProjects\Experiments\PostGraduate\backbones\DisperssionWithSADG_ConstraintStyleRegularization\Seg-SADG\BaryRadGateCons\a0p08\rho0p5\gb8\sadg0p05\cons0p01\shot5\Seed2,D:\Running_Place\PostGraduateProjects\Experiments\PostGraduate\backbones\Prompts\Seg-SADG\BaryRadGateCons\a0p08\rho0p5\gb8\sadg0p05\cons0p01\shot5\Seed2
Seg-SADG,Seg-SADG,Seg-SADG,LF-Barycenter-RadialGate-Cons,fixed,cosine,radial_cons,8,1.0,0.4750713109970093,0.5182820558547974,0.5045315027236938,0.47507131|0.50357598|0.50251031|0.50564581|0.50801456|0.51828206|0.51373541|0.50941694,0.08,0.5,0.05,0.05,0.5,0.0001,0.001,0.001,0.01,0.01,1e-06,0.5,style_rho0p5,sadg_rho0p05,9,9,19,19,new_training,5,2,12,0.4281794024365289,0.41778014813150677,0.028403989704591886,0.008979053569159337,2.74508435284458e-07,0.0001522037647581393,0.00013215049070173075,0.00012713755651410402,0.8978575936385563,2.032326418494839e-05,0.008978779028568949,0.0,0.0,0.3854175678321293,0.564424746802875,0.05000000000000001,14,23|31|224|171|180,56,all_filtered,9,True,D:\Running_Place\PostGraduateProjects\Experiments\PostGraduate\backbones\DisperssionWithSADG_ConstraintStyleRegularization\Seg-SADG\BaryRadGateCons\a0p08\rho0p5\gb8\sadg0p05\cons0p01\shot5\Seed2,D:\Running_Place\PostGraduateProjects\Experiments\PostGraduate\backbones\Prompts\Seg-SADG\BaryRadGateCons\a0p08\rho0p5\gb8\sadg0p05\cons0p01\shot5\Seed2
Seg-SADG,Seg-SADG,Seg-SADG,LF-Barycenter-RadialGate-Cons,fixed,cosine,radial_cons,8,1.0,0.4731999635696411,0.5202311277389526,0.5050060153007507,0.47319996|0.50251043|0.50059336|0.50733548|0.51011604|0.52023113|0.51547688|0.51058501,0.08,0.5,0.05,0.05,0.5,0.0001,0.001,0.001,0.01,0.01,1e-06,0.5,style_rho0p5,sadg_rho0p05,9,9,19,19,new_training,5,2,13,0.3967304506472179,0.38670864701271057,0.020595029262559756,0.008992052770086698,3.033186187297231e-07,0.0001857184657377989,0.0001456644479601112,0.00013908230695441098,0.8991525684084211,2.23860902873899e-05,0.008991749358496495,0.0,0.0,0.3572073387248175,0.5218060250793185,0.05000000000000001,14,23|31|224|171|180,56,all_filtered,9,True,D:\Running_Place\PostGraduateProjects\Experiments\PostGraduate\backbones\DisperssionWithSADG_ConstraintStyleRegularization\Seg-SADG\BaryRadGateCons\a0p08\rho0p5\gb8\sadg0p05\cons0p01\shot5\Seed2,D:\Running_Place\PostGraduateProjects\Experiments\PostGraduate\backbones\Prompts\Seg-SADG\BaryRadGateCons\a0p08\rho0p5\gb8\sadg0p05\cons0p01\shot5\Seed2
Seg-SADG,Seg-SADG,Seg-SADG,LF-Barycenter-RadialGate-Cons,fixed,cosine,radial_cons,8,1.0,0.47085702419281006,0.5217330455780029,0.5052750110626221,0.47085702|0.50193298|0.50026166|0.50877154|0.51222944|0.52173305|0.51568496|0.51072913,0.08,0.5,0.05,0.05,0.5,0.0001,0.001,0.001,0.01,0.01,1e-06,0.5,style_rho0p5,sadg_rho0p05,9,9,19,19,new_training,5,2,14,0.3770980217627117,0.3671119532414845,0.019859076411064183,0.0089931234584323,3.3747324477774653e-07,0.00022240404879474745,0.00016158109065145254,0.00015365172709737505,0.8992521166801453,2.6513936583277037e-05,0.008992785987045084,0.0,0.0,0.3383635346378599,0.5100276470184326,0.05000000000000001,14,23|31|224|171|180,56,all_filtered,9,True,D:\Running_Place\PostGraduateProjects\Experiments\PostGraduate\backbones\DisperssionWithSADG_ConstraintStyleRegularization\Seg-SADG\BaryRadGateCons\a0p08\rho0p5\gb8\sadg0p05\cons0p01\shot5\Seed2,D:\Running_Place\PostGraduateProjects\Experiments\PostGraduate\backbones\Prompts\Seg-SADG\BaryRadGateCons\a0p08\rho0p5\gb8\sadg0p05\cons0p01\shot5\Seed2
Seg-SADG,Seg-SADG,Seg-SADG,LF-Barycenter-RadialGate-Cons,fixed,cosine,radial_cons,8,1.0,0.4692882299423218,0.5228100419044495,0.505441427230835,0.46928823|0.50170296|0.49973568|0.50974482|0.5141108|0.52281004|0.516276|0.50986308,0.08,0.5,0.05,0.05,0.5,0.0001,0.001,0.001,0.01,0.01,1e-06,0.5,style_rho0p5,sadg_rho0p05,9,9,19,19,new_training,5,2,15,0.339875265955925,0.33014691727502005,0.015084594488143921,0.008974124078771897,3.7616206124572014e-07,0.0002513970310766516,0.00018087803099271177,0.0001701443106867373,0.8973461304392133,2.868460511048657e-05,0.008973747890974795,0.0,0.0,0.30490982106753756,0.4554652933563505,0.05000000000000001,14,23|31|224|171|180,56,all_filtered,9,True,D:\Running_Place\PostGraduateProjects\Experiments\PostGraduate\backbones\DisperssionWithSADG_ConstraintStyleRegularization\Seg-SADG\BaryRadGateCons\a0p08\rho0p5\gb8\sadg0p05\cons0p01\shot5\Seed2,D:\Running_Place\PostGraduateProjects\Experiments\PostGraduate\backbones\Prompts\Seg-SADG\BaryRadGateCons\a0p08\rho0p5\gb8\sadg0p05\cons0p01\shot5\Seed2
Seg-SADG,Seg-SADG,Seg-SADG,LF-Barycenter-RadialGate-Cons,fixed,cosine,radial_cons,8,1.0,0.4680946469306946,0.5239801406860352,0.50588059425354,0.46809465|0.50213289|0.49893379|0.51035416|0.51573604|0.52398014|0.51829737|0.5095154,0.08,0.5,0.05,0.05,0.5,0.0001,0.001,0.001,0.01,0.01,1e-06,0.5,style_rho0p5,sadg_rho0p05,9,9,19,19,new_training,5,2,16,0.30974526490483967,0.30021755397319794,0.01092118922887104,0.008981652757419007,4.1681229033331745e-07,0.00027987430803477764,0.00020162306671928882,0.0001872017715608568,0.8980923295021057,3.128689461716151e-05,0.008981235990566867,0.0,0.0,0.27627158377851757,0.4204705059528351,0.05000000000000001,14,23|31|224|171|180,56,all_filtered,9,True,D:\Running_Place\PostGraduateProjects\Experiments\PostGraduate\backbones\DisperssionWithSADG_ConstraintStyleRegularization\Seg-SADG\BaryRadGateCons\a0p08\rho0p5\gb8\sadg0p05\cons0p01\shot5\Seed2,D:\Running_Place\PostGraduateProjects\Experiments\PostGraduate\backbones\Prompts\Seg-SADG\BaryRadGateCons\a0p08\rho0p5\gb8\sadg0p05\cons0p01\shot5\Seed2
Seg-SADG,Seg-SADG,Seg-SADG,LF-Barycenter-RadialGate-Cons,fixed,cosine,radial_cons,8,1.0,0.46698737144470215,0.5250633955001831,0.5062664747238159,0.46698737|0.50233847|0.49857002|0.51189971|0.51657808|0.5250634|0.51985127|0.50884336,0.08,0.5,0.05,0.05,0.5,0.0001,0.001,0.001,0.01,0.01,1e-06,0.5,style_rho0p5,sadg_rho0p05,9,9,19,19,new_training,5,2,17,0.28845013890947613,0.2789611369371414,0.010283411114609666,0.008974826295993157,4.673067378137473e-07,0.0003126898601684453,0.00022799358287427043,0.00020804414920608645,0.8973983483655112,3.755970309222383e-05,0.008974358905106783,0.0,0.0,0.2559151149221829,0.4057673726763044,0.05000000000000001,14,23|31|224|171|180,56,all_filtered,9,True,D:\Running_Place\PostGraduateProjects\Experiments\PostGraduate\backbones\DisperssionWithSADG_ConstraintStyleRegularization\Seg-SADG\BaryRadGateCons\a0p08\rho0p5\gb8\sadg0p05\cons0p01\shot5\Seed2,D:\Running_Place\PostGraduateProjects\Experiments\PostGraduate\backbones\Prompts\Seg-SADG\BaryRadGateCons\a0p08\rho0p5\gb8\sadg0p05\cons0p01\shot5\Seed2
Seg-SADG,Seg-SADG,Seg-SADG,LF-Barycenter-RadialGate-Cons,fixed,cosine,radial_cons,8,1.0,0.46637120842933655,0.5261236429214478,0.5066585540771484,0.46637121|0.50265998|0.49891731|0.51237792|0.51759505|0.52612364|0.52091348|0.5083102,0.08,0.5,0.05,0.05,0.5,0.0001,0.001,0.001,0.01,0.01,1e-06,0.5,style_rho0p5,sadg_rho0p05,9,9,19,19,new_training,5,2,18,0.2702197858265468,0.26066090166568756,0.011575041538370507,0.008980130577193839,5.02568131618578e-07,0.00033779859326646796,0.0002473571252526848,0.00022143112541276163,0.8979212045669556,4.162051715996183e-05,0.008979627995618753,0.0,0.0,0.23857837170362473,0.3794750784124647,0.05000000000000001,14,23|31|224|171|180,56,all_filtered,9,True,D:\Running_Place\PostGraduateProjects\Experiments\PostGraduate\backbones\DisperssionWithSADG_ConstraintStyleRegularization\Seg-SADG\BaryRadGateCons\a0p08\rho0p5\gb8\sadg0p05\cons0p01\shot5\Seed2,D:\Running_Place\PostGraduateProjects\Experiments\PostGraduate\backbones\Prompts\Seg-SADG\BaryRadGateCons\a0p08\rho0p5\gb8\sadg0p05\cons0p01\shot5\Seed2
Seg-SADG,Seg-SADG,Seg-SADG,LF-Barycenter-RadialGate-Cons,fixed,cosine,radial_cons,8,1.0,0.4651072323322296,0.5272000432014465,0.5069431066513062,0.46510723|0.50312477|0.49901038|0.51367837|0.51820236|0.52720004|0.52128834|0.50793344,0.08,0.5,0.05,0.05,0.5,0.0001,0.001,0.001,0.01,0.01,1e-06,0.5,style_rho0p5,sadg_rho0p05,9,9,19,19,new_training,5,2,19,0.2545509338378906,0.245105898806027,0.009368734101631812,0.00897659980026739,5.46382068478124e-07,0.00036218445166014135,0.0002703565738296935,0.0002398070365805844,0.8975594512053898,4.591317104184002e-05,0.008976053446531296,0.0,0.0,0.22422542423009872,0.36871918610164095,0.05000000000000001,14,23|31|224|171|180,56,all_filtered,9,True,D:\Running_Place\PostGraduateProjects\Experiments\PostGraduate\backbones\DisperssionWithSADG_ConstraintStyleRegularization\Seg-SADG\BaryRadGateCons\a0p08\rho0p5\gb8\sadg0p05\cons0p01\shot5\Seed2,D:\Running_Place\PostGraduateProjects\Experiments\PostGraduate\backbones\Prompts\Seg-SADG\BaryRadGateCons\a0p08\rho0p5\gb8\sadg0p05\cons0p01\shot5\Seed2
Seg-SADG,Seg-SADG,Seg-SADG,LF-Barycenter-RadialGate-Cons,fixed,cosine,radial_cons,8,1.0,0.46470916271209717,0.5278197526931763,0.5075480341911316,0.46470916|0.50418013|0.49930704|0.51459771|0.51905519|0.52781975|0.5228942|0.50782108,0.08,0.5,0.05,0.05,0.5,0.0001,0.001,0.001,0.01,0.01,1e-06,0.5,style_rho0p5,sadg_rho0p05,9,9,19,19,new_training,5,2,20,0.24470073942627227,0.23516434218202317,0.011240645311772823,0.0089743650917496,5.962511652666893e-07,0.000385970895877108,0.00029670207628182003,0.0002609519807655098,0.8973249409879956,5.196706401225778e-05,0.008973768912255764,0.0,0.0,0.2129035730447088,0.38268657454422544,0.05000000000000001,14,23|31|224|171|180,56,all_filtered,9,True,D:\Running_Place\PostGraduateProjects\Experiments\PostGraduate\backbones\DisperssionWithSADG_ConstraintStyleRegularization\Seg-SADG\BaryRadGateCons\a0p08\rho0p5\gb8\sadg0p05\cons0p01\shot5\Seed2,D:\Running_Place\PostGraduateProjects\Experiments\PostGraduate\backbones\Prompts\Seg-SADG\BaryRadGateCons\a0p08\rho0p5\gb8\sadg0p05\cons0p01\shot5\Seed2
Seg-SADG,Seg-SADG,Seg-SADG,LF-Barycenter-RadialGate-Cons,fixed,cosine,radial_cons,8,1.0,0.46397310495376587,0.5287209153175354,0.5079076290130615,0.4639731|0.50439328|0.49957693|0.51568753|0.51988399|0.52872092|0.52373898|0.50728613,0.08,0.5,0.05,0.05,0.5,0.0001,0.001,0.001,0.01,0.01,1e-06,0.5,style_rho0p5,sadg_rho0p05,9,9,19,19,new_training,5,2,21,0.23020192980766296,0.22073057400328772,0.009752114602763737,0.008983748632350139,6.351940149735518e-07,0.0004119951481698081,0.00031785052643889297,0.00027614395159097124,0.898251610142844,5.9740718955124195e-05,0.008983113403831209,0.0,0.0,0.2000527616058077,0.3605864622763225,0.05000000000000001,14,23|31|224|171|180,56,all_filtered,9,True,D:\Running_Place\PostGraduateProjects\Experiments\PostGraduate\backbones\DisperssionWithSADG_ConstraintStyleRegularization\Seg-SADG\BaryRadGateCons\a0p08\rho0p5\gb8\sadg0p05\cons0p01\shot5\Seed2,D:\Running_Place\PostGraduateProjects\Experiments\PostGraduate\backbones\Prompts\Seg-SADG\BaryRadGateCons\a0p08\rho0p5\gb8\sadg0p05\cons0p01\shot5\Seed2
Seg-SADG,Seg-SADG,Seg-SADG,LF-Barycenter-RadialGate-Cons,fixed,cosine,radial_cons,8,1.0,0.46328485012054443,0.5296752452850342,0.5083907842636108,0.46328485|0.50526285|0.50003821|0.51653659|0.52119172|0.52967525|0.5250324|0.50610429,0.08,0.5,0.05,0.05,0.5,0.0001,0.001,0.001,0.01,0.01,1e-06,0.5,style_rho0p5,sadg_rho0p05,9,9,19,19,new_training,5,2,22,0.21395521078790938,0.20451159881693975,0.009171987917008144,0.008985011439238275,6.805969202819792e-07,0.0004387432917220784,0.0003440673172008246,0.00029265525725869726,0.8983666130474636,6.650551638033773e-05,0.008984330908528395,0.0,0.0,0.18601557505982264,0.31387136025088175,0.05000000000000001,14,23|31|224|171|180,56,all_filtered,9,True,D:\Running_Place\PostGraduateProjects\Experiments\PostGraduate\backbones\DisperssionWithSADG_ConstraintStyleRegularization\Seg-SADG\BaryRadGateCons\a0p08\rho0p5\gb8\sadg0p05\cons0p01\shot5\Seed2,D:\Running_Place\PostGraduateProjects\Experiments\PostGraduate\backbones\Prompts\Seg-SADG\BaryRadGateCons\a0p08\rho0p5\gb8\sadg0p05\cons0p01\shot5\Seed2
Seg-SADG,Seg-SADG,Seg-SADG,LF-Barycenter-RadialGate-Cons,fixed,cosine,radial_cons,8,1.0,0.4626353681087494,0.531047523021698,0.5089232921600342,0.46263537|0.50603169|0.50033182|0.51761353|0.52275884|0.53104752|0.52546918|0.50549883,0.08,0.5,0.05,0.05,0.5,0.0001,0.001,0.001,0.01,0.01,1e-06,0.5,style_rho0p5,sadg_rho0p05,9,9,19,19,new_training,5,2,23,0.20566215153251374,0.1961864626833371,0.009824227508423584,0.008984476460942201,7.37875621682958e-07,0.0004695952354398157,0.0003765272059743958,0.00031438886071555316,0.8983000985213688,7.381602491867463e-05,0.008983738720417023,0.0,0.0,0.1771718966109412,0.3116393578904016,0.05000000000000001,14,23|31|224|171|180,56,all_filtered,9,True,D:\Running_Place\PostGraduateProjects\Experiments\PostGraduate\backbones\DisperssionWithSADG_ConstraintStyleRegularization\Seg-SADG\BaryRadGateCons\a0p08\rho0p5\gb8\sadg0p05\cons0p01\shot5\Seed2,D:\Running_Place\PostGraduateProjects\Experiments\PostGraduate\backbones\Prompts\Seg-SADG\BaryRadGateCons\a0p08\rho0p5\gb8\sadg0p05\cons0p01\shot5\Seed2
Seg-SADG,Seg-SADG,Seg-SADG,LF-Barycenter-RadialGate-Cons,fixed,cosine,radial_cons,8,1.0,0.4621376097202301,0.5325183868408203,0.5094463229179382,0.46213761|0.50647259|0.50096929|0.51885992|0.5241369|0.53251839|0.52611661|0.50435936,0.08,0.5,0.05,0.05,0.5,0.0001,0.001,0.001,0.01,0.01,1e-06,0.5,style_rho0p5,sadg_rho0p05,9,9,19,19,new_training,5,2,24,0.1955275067261287,0.18612392459596908,0.00837998288417501,0.008984583030853952,7.85845884365699e-07,0.0005037347062690449,0.0004033377211141799,0.00033213465940207243,0.8982951853956495,8.455623122115088e-05,0.0089837971941701,0.0,0.0,0.1689604286636625,0.2957966945001057,0.05000000000000001,14,23|31|224|171|180,56,all_filtered,9,True,D:\Running_Place\PostGraduateProjects\Experiments\PostGraduate\backbones\DisperssionWithSADG_ConstraintStyleRegularization\Seg-SADG\BaryRadGateCons\a0p08\rho0p5\gb8\sadg0p05\cons0p01\shot5\Seed2,D:\Running_Place\PostGraduateProjects\Experiments\PostGraduate\backbones\Prompts\Seg-SADG\BaryRadGateCons\a0p08\rho0p5\gb8\sadg0p05\cons0p01\shot5\Seed2
Seg-SADG,Seg-SADG,Seg-SADG,LF-Barycenter-RadialGate-Cons,fixed,cosine,radial_cons,8,1.0,0.461151123046875,0.533892035484314,0.5095579624176025,0.46115112|0.50681466|0.5016402|0.51878053|0.52421826|0.53389204|0.52687144|0.50309521,0.08,0.5,0.05,0.05,0.5,0.0001,0.001,0.001,0.01,0.01,1e-06,0.5,style_rho0p5,sadg_rho0p05,9,9,19,19,new_training,5,2,25,0.1919158941933087,0.18250903487205505,0.008557576220482588,0.008978981524705887,8.377983208772224e-07,0.000534451096817585,0.0004347075862045001,0.00034964559017680585,0.8977242027010236,9.019798484847083e-05,0.00897814386657306,0.0,0.0,0.16349560341664723,0.3100154942699841,0.05000000000000001,14,23|31|224|171|180,56,all_filtered,9,True,D:\Running_Place\PostGraduateProjects\Experiments\PostGraduate\backbones\DisperssionWithSADG_ConstraintStyleRegularization\Seg-SADG\BaryRadGateCons\a0p08\rho0p5\gb8\sadg0p05\cons0p01\shot5\Seed2,D:\Running_Place\PostGraduateProjects\Experiments\PostGraduate\backbones\Prompts\Seg-SADG\BaryRadGateCons\a0p08\rho0p5\gb8\sadg0p05\cons0p01\shot5\Seed2
Seg-SADG,Seg-SADG,Seg-SADG,LF-Barycenter-RadialGate-Cons,fixed,cosine,radial_cons,8,1.0,0.460600346326828,0.535366415977478,0.5098186731338501,0.46060035|0.50715142|0.50213897|0.51896173|0.52505952|0.53536642|0.52757138|0.50169975,0.08,0.5,0.05,0.05,0.5,0.0001,0.001,0.001,0.01,0.01,1e-06,0.5,style_rho0p5,sadg_rho0p05,9,9,19,19,new_training,5,2,26,0.18196106063468115,0.17250955530575343,0.009423970178301846,0.008980308060667344,8.823032869388823e-07,0.0005597976643392551,0.0004627760998638613,0.0003635473840404302,0.8978493937424251,9.321573140498783e-05,0.008979425632527896,0.0,0.0,0.15578567343098776,0.27856726731572834,0.05000000000000001,14,23|31|224|171|180,56,all_filtered,9,True,D:\Running_Place\PostGraduateProjects\Experiments\PostGraduate\backbones\DisperssionWithSADG_ConstraintStyleRegularization\Seg-SADG\BaryRadGateCons\a0p08\rho0p5\gb8\sadg0p05\cons0p01\shot5\Seed2,D:\Running_Place\PostGraduateProjects\Experiments\PostGraduate\backbones\Prompts\Seg-SADG\BaryRadGateCons\a0p08\rho0p5\gb8\sadg0p05\cons0p01\shot5\Seed2
Seg-SADG,Seg-SADG,Seg-SADG,LF-Barycenter-RadialGate-Cons,fixed,cosine,radial_cons,8,1.0,0.45997458696365356,0.5371059775352478,0.5102978944778442,0.45997459|0.50753587|0.50222629|0.51998192|0.52639616|0.53710598|0.52875614|0.50040597,0.08,0.5,0.05,0.05,0.5,0.0001,0.001,0.001,0.01,0.01,1e-06,0.5,style_rho0p5,sadg_rho0p05,9,9,19,19,new_training,5,2,27,0.17342937844140188,0.16406151120151793,0.007912760600447655,0.00897222857124039,9.340571572075922e-07,0.0005959089903626591,0.0004955982356997472,0.00037886797924459515,0.8970287569931575,0.00010072238676782166,0.008971294521221094,0.0,0.0,0.14781929978302547,0.2646972281592233,0.05000000000000001,14,23|31|224|171|180,56,all_filtered,9,True,D:\Running_Place\PostGraduateProjects\Experiments\PostGraduate\backbones\DisperssionWithSADG_ConstraintStyleRegularization\Seg-SADG\BaryRadGateCons\a0p08\rho0p5\gb8\sadg0p05\cons0p01\shot5\Seed2,D:\Running_Place\PostGraduateProjects\Experiments\PostGraduate\backbones\Prompts\Seg-SADG\BaryRadGateCons\a0p08\rho0p5\gb8\sadg0p05\cons0p01\shot5\Seed2
Seg-SADG,Seg-SADG,Seg-SADG,LF-Barycenter-RadialGate-Cons,fixed,cosine,radial_cons,8,1.0,0.45983120799064636,0.5383129715919495,0.5109782218933105,0.45983121|0.50823182|0.50274152|0.5213787|0.52769262|0.53831297|0.53001541|0.49962133,0.08,0.5,0.05,0.05,0.5,0.0001,0.001,0.001,0.01,0.01,1e-06,0.5,style_rho0p5,sadg_rho0p05,9,9,19,19,new_training,5,2,28,0.17763489378350122,0.16816608820642745,0.009955427842214704,0.00897103308566979,9.94348697856497e-07,0.0006396347640215286,0.0005333463070980672,0.0003970388809518356,0.8968907637255532,0.00011311888998274558,0.008970038832298346,0.0,0.0,0.14774088029350554,0.3370100823896272,0.05000000000000001,14,23|31|224|171|180,56,all_filtered,9,True,D:\Running_Place\PostGraduateProjects\Experiments\PostGraduate\backbones\DisperssionWithSADG_ConstraintStyleRegularization\Seg-SADG\BaryRadGateCons\a0p08\rho0p5\gb8\sadg0p05\cons0p01\shot5\Seed2,D:\Running_Place\PostGraduateProjects\Experiments\PostGraduate\backbones\Prompts\Seg-SADG\BaryRadGateCons\a0p08\rho0p5\gb8\sadg0p05\cons0p01\shot5\Seed2
Seg-SADG,Seg-SADG,Seg-SADG,LF-Barycenter-RadialGate-Cons,fixed,cosine,radial_cons,8,1.0,0.459552139043808,0.5396834015846252,0.5113964676856995,0.45955214|0.50886965|0.50307524|0.52163678|0.52933037|0.5396834|0.53058362|0.49844038,0.08,0.5,0.05,0.05,0.5,0.0001,0.001,0.001,0.01,0.01,1e-06,0.5,style_rho0p5,sadg_rho0p05,9,9,19,19,new_training,5,2,29,0.17151429184845515,0.16196044747318541,0.011486021203121968,0.008979544442679201,1.0470503428093383e-06,0.0006760903758861657,0.000566934871520581,0.00041250641515944153,0.8977243389402118,0.00012540306280633167,0.00897849737001317,0.0,0.0,0.14419283611433847,0.29630858238254276,0.05000000000000001,14,23|31|224|171|180,56,all_filtered,9,True,D:\Running_Place\PostGraduateProjects\Experiments\PostGraduate\backbones\DisperssionWithSADG_ConstraintStyleRegularization\Seg-SADG\BaryRadGateCons\a0p08\rho0p5\gb8\sadg0p05\cons0p01\shot5\Seed2,D:\Running_Place\PostGraduateProjects\Experiments\PostGraduate\backbones\Prompts\Seg-SADG\BaryRadGateCons\a0p08\rho0p5\gb8\sadg0p05\cons0p01\shot5\Seed2
Seg-SADG,Seg-SADG,Seg-SADG,LF-Barycenter-RadialGate-Cons,fixed,cosine,radial_cons,8,1.0,0.4589201509952545,0.5409881472587585,0.5119399428367615,0.45892015|0.50949961|0.50380415|0.52261436|0.53084809|0.54098815|0.53200865|0.4968363,0.08,0.5,0.05,0.05,0.5,0.0001,0.001,0.001,0.01,0.01,1e-06,0.5,style_rho0p5,sadg_rho0p05,9,9,19,19,new_training,5,2,30,0.16258524038961955,0.1531800233892032,0.008349314232223801,0.008987750858068466,1.1072263613901408e-06,0.0007180694540563438,0.0006056694172522319,0.00042974995657069873,0.8985286738191333,0.00013571347517427057,0.008986643582050289,0.0,0.0,0.13666910518492972,0.27118547367198126,0.05000000000000001,14,23|31|224|171|180,56,all_filtered,9,True,D:\Running_Place\PostGraduateProjects\Experiments\PostGraduate\backbones\DisperssionWithSADG_ConstraintStyleRegularization\Seg-SADG\BaryRadGateCons\a0p08\rho0p5\gb8\sadg0p05\cons0p01\shot5\Seed2,D:\Running_Place\PostGraduateProjects\Experiments\PostGraduate\backbones\Prompts\Seg-SADG\BaryRadGateCons\a0p08\rho0p5\gb8\sadg0p05\cons0p01\shot5\Seed2
Seg-SADG,Seg-SADG,Seg-SADG,LF-Barycenter-RadialGate-Cons,fixed,cosine,radial_cons,8,1.0,0.45882728695869446,0.5421725511550903,0.5125482678413391,0.45882729|0.51005805|0.50410092|0.52376288|0.5325923|0.54217255|0.53315002|0.49572214,0.08,0.5,0.05,0.05,0.5,0.0001,0.001,0.001,0.01,0.01,1e-06,0.5,style_rho0p5,sadg_rho0p05,9,9,19,19,new_training,5,2,31,0.15546905675104686,0.1460678790296827,0.008688941597938538,0.008966732238020216,1.1768413271186416e-06,0.0007680844615346619,0.0006520922137756965,0.0004479406156211293,0.8964061566761562,0.0001493999214809654,0.008965555445424147,0.0,0.0,0.13108401532684053,0.24359473905393056,0.05000000000000001,14,23|31|224|171|180,56,all_filtered,9,True,D:\Running_Place\PostGraduateProjects\Experiments\PostGraduate\backbones\DisperssionWithSADG_ConstraintStyleRegularization\Seg-SADG\BaryRadGateCons\a0p08\rho0p5\gb8\sadg0p05\cons0p01\shot5\Seed2,D:\Running_Place\PostGraduateProjects\Experiments\PostGraduate\backbones\Prompts\Seg-SADG\BaryRadGateCons\a0p08\rho0p5\gb8\sadg0p05\cons0p01\shot5\Seed2
Seg-SADG,Seg-SADG,Seg-SADG,LF-Barycenter-RadialGate-Cons,fixed,cosine,radial_cons,8,1.0,0.45832204818725586,0.5437434315681458,0.5129911303520203,0.45832205|0.51014054|0.50531667|0.52443355|0.53439122|0.54374343|0.53369552|0.49388599,0.08,0.5,0.05,0.05,0.5,0.0001,0.001,0.001,0.01,0.01,1e-06,0.5,style_rho0p5,sadg_rho0p05,9,9,19,19,new_training,5,2,32,0.15208621961729868,0.14266703543918474,0.009024105966091156,0.008967979079378503,1.2259825276877173e-06,0.0008139473751985601,0.0006868167048586267,0.0004577710247498804,0.8965132279055459,0.00016207811651318998,0.008966752993209022,0.0,0.0,0.12730319372245244,0.24707558218921935,0.05000000000000001,14,23|31|224|171|180,56,all_filtered,9,True,D:\Running_Place\PostGraduateProjects\Experiments\PostGraduate\backbones\DisperssionWithSADG_ConstraintStyleRegularization\Seg-SADG\BaryRadGateCons\a0p08\rho0p5\gb8\sadg0p05\cons0p01\shot5\Seed2,D:\Running_Place\PostGraduateProjects\Experiments\PostGraduate\backbones\Prompts\Seg-SADG\BaryRadGateCons\a0p08\rho0p5\gb8\sadg0p05\cons0p01\shot5\Seed2
Seg-SADG,Seg-SADG,Seg-SADG,LF-Barycenter-RadialGate-Cons,fixed,cosine,radial_cons,8,1.0,0.4581548273563385,0.5451640486717224,0.513533353805542,0.45815483|0.510553|0.50640869|0.52539462|0.53573066|0.54516405|0.53470486|0.49215606,0.08,0.5,0.05,0.05,0.5,0.0001,0.001,0.001,0.01,0.01,1e-06,0.5,style_rho0p5,sadg_rho0p05,9,9,19,19,new_training,5,2,33,0.14414805812495096,0.13477851024695806,0.008140934930582131,0.008962501505655902,1.2763744296405224e-06,0.0008635797504601734,0.0007243051451431322,0.0004657112689788586,0.8959471881389618,0.00017535132168891972,0.008961225128067392,0.0,0.0,0.12117048140083041,0.21125822407858713,0.05000000000000001,14,23|31|224|171|180,56,all_filtered,9,True,D:\Running_Place\PostGraduateProjects\Experiments\PostGraduate\backbones\DisperssionWithSADG_ConstraintStyleRegularization\Seg-SADG\BaryRadGateCons\a0p08\rho0p5\gb8\sadg0p05\cons0p01\shot5\Seed2,D:\Running_Place\PostGraduateProjects\Experiments\PostGraduate\backbones\Prompts\Seg-SADG\BaryRadGateCons\a0p08\rho0p5\gb8\sadg0p05\cons0p01\shot5\Seed2
Seg-SADG,Seg-SADG,Seg-SADG,LF-Barycenter-RadialGate-Cons,fixed,cosine,radial_cons,8,1.0,0.45753011107444763,0.5461892485618591,0.5139420032501221,0.45753011|0.51095963|0.5073728|0.52635515|0.53681803|0.54618925|0.53559846|0.49071276,0.08,0.5,0.05,0.05,0.5,0.0001,0.001,0.001,0.01,0.01,1e-06,0.5,style_rho0p5,sadg_rho0p05,9,9,19,19,new_training,5,2,34,0.1404036826321057,0.13098301525626863,0.008763425218473588,0.0089824973339481,1.3387968514117737e-06,0.000912835671832519,0.0007683558755421213,0.0004791573529863464,0.8979282847472599,0.00018757981056946198,0.008981158557747091,0.0,0.0,0.11782482479299818,0.21603946813515254,0.05000000000000001,14,23|31|224|171|180,56,all_filtered,9,True,D:\Running_Place\PostGraduateProjects\Experiments\PostGraduate\backbones\DisperssionWithSADG_ConstraintStyleRegularization\Seg-SADG\BaryRadGateCons\a0p08\rho0p5\gb8\sadg0p05\cons0p01\shot5\Seed2,D:\Running_Place\PostGraduateProjects\Experiments\PostGraduate\backbones\Prompts\Seg-SADG\BaryRadGateCons\a0p08\rho0p5\gb8\sadg0p05\cons0p01\shot5\Seed2
Seg-SADG,Seg-SADG,Seg-SADG,LF-Barycenter-RadialGate-Cons,fixed,cosine,radial_cons,8,1.0,0.457234650850296,0.54729163646698,0.5144674777984619,0.45723465|0.51130414|0.50853729|0.52739024|0.53817141|0.54729164|0.53657919|0.4892315,0.08,0.5,0.05,0.05,0.5,0.0001,0.001,0.001,0.01,0.01,1e-06,0.5,style_rho0p5,sadg_rho0p05,9,9,19,19,new_training,5,2,35,0.1353334699358259,0.12596267142466136,0.008404004720172711,0.008950597074415003,1.4007797273864396e-06,0.0009622209888350751,0.0008121516896478299,0.0004924058989022992,0.8947186470031738,0.00020101014732582762,0.008949196298739739,0.0,0.0,0.11345598474144936,0.2036769443324634,0.05000000000000001,14,23|31|224|171|180,56,all_filtered,9,True,D:\Running_Place\PostGraduateProjects\Experiments\PostGraduate\backbones\DisperssionWithSADG_ConstraintStyleRegularization\Seg-SADG\BaryRadGateCons\a0p08\rho0p5\gb8\sadg0p05\cons0p01\shot5\Seed2,D:\Running_Place\PostGraduateProjects\Experiments\PostGraduate\backbones\Prompts\Seg-SADG\BaryRadGateCons\a0p08\rho0p5\gb8\sadg0p05\cons0p01\shot5\Seed2
Seg-SADG,Seg-SADG,Seg-SADG,LF-Barycenter-RadialGate-Cons,fixed,cosine,radial_cons,8,1.0,0.4566276967525482,0.5488053560256958,0.5148376226425171,0.4566277|0.5114333|0.50936639|0.52799398|0.53936487|0.54880536|0.53754061|0.48756832,0.08,0.5,0.05,0.05,0.5,0.0001,0.001,0.001,0.01,0.01,1e-06,0.5,style_rho0p5,sadg_rho0p05,9,9,19,19,new_training,5,2,36,0.13502205269677298,0.1256434858909675,0.007899744070268102,0.008983578732503312,1.4643134867193503e-06,0.0010194213828071952,0.0008592941033254777,0.0005030771759006061,0.8979960594858442,0.00021541208843700588,0.008982114427323853,0.0,0.0,0.11116981346692358,0.2221110239624977,0.05000000000000001,14,23|31|224|171|180,56,all_filtered,9,True,D:\Running_Place\PostGraduateProjects\Experiments\PostGraduate\backbones\DisperssionWithSADG_ConstraintStyleRegularization\Seg-SADG\BaryRadGateCons\a0p08\rho0p5\gb8\sadg0p05\cons0p01\shot5\Seed2,D:\Running_Place\PostGraduateProjects\Experiments\PostGraduate\backbones\Prompts\Seg-SADG\BaryRadGateCons\a0p08\rho0p5\gb8\sadg0p05\cons0p01\shot5\Seed2
Seg-SADG,Seg-SADG,Seg-SADG,LF-Barycenter-RadialGate-Cons,fixed,cosine,radial_cons,8,1.0,0.45542994141578674,0.5504555106163025,0.5150474309921265,0.45542994|0.51097244|0.51023823|0.52848357|0.54032964|0.55045551|0.53868574|0.48578447,0.08,0.5,0.05,0.05,0.5,0.0001,0.001,0.001,0.01,0.01,1e-06,0.5,style_rho0p5,sadg_rho0p05,9,9,19,19,new_training,5,2,37,0.1344131880572864,0.12506337304200446,0.007719384838960001,0.008963846069361483,1.534093574459153e-06,0.0010739884871457303,0.0009104691104896899,0.000516225554747507,0.89600927063397,0.00022192310799644993,0.008962311848465885,0.0,0.0,0.11117302786026682,0.22027201418365752,0.05000000000000001,14,23|31|224|171|180,56,all_filtered,9,True,D:\Running_Place\PostGraduateProjects\Experiments\PostGraduate\backbones\DisperssionWithSADG_ConstraintStyleRegularization\Seg-SADG\BaryRadGateCons\a0p08\rho0p5\gb8\sadg0p05\cons0p01\shot5\Seed2,D:\Running_Place\PostGraduateProjects\Experiments\PostGraduate\backbones\Prompts\Seg-SADG\BaryRadGateCons\a0p08\rho0p5\gb8\sadg0p05\cons0p01\shot5\Seed2
Seg-SADG,Seg-SADG,Seg-SADG,LF-Barycenter-RadialGate-Cons,fixed,cosine,radial_cons,8,1.0,0.45507383346557617,0.5518777370452881,0.5154772996902466,0.45507383|0.51088667|0.51075673|0.52916753|0.54160911|0.55187774|0.54036283|0.48408419,0.08,0.5,0.05,0.05,0.5,0.0001,0.001,0.001,0.01,0.01,1e-06,0.5,style_rho0p5,sadg_rho0p05,9,9,19,19,new_training,5,2,38,0.13487974075334414,0.12547293731144496,0.009226359759590455,0.00894548777224762,1.6146541789956764e-06,0.001143462340613561,0.0009721405928887959,0.0005281672887836716,0.8941538419042315,0.00023348115272321074,0.008943873124995403,0.0,0.0,0.1109512070459979,0.23005231469869614,0.05000000000000001,14,23|31|224|171|180,56,all_filtered,9,True,D:\Running_Place\PostGraduateProjects\Experiments\PostGraduate\backbones\DisperssionWithSADG_ConstraintStyleRegularization\Seg-SADG\BaryRadGateCons\a0p08\rho0p5\gb8\sadg0p05\cons0p01\shot5\Seed2,D:\Running_Place\PostGraduateProjects\Experiments\PostGraduate\backbones\Prompts\Seg-SADG\BaryRadGateCons\a0p08\rho0p5\gb8\sadg0p05\cons0p01\shot5\Seed2
Seg-SADG,Seg-SADG,Seg-SADG,LF-Barycenter-RadialGate-Cons,fixed,cosine,radial_cons,8,1.0,0.4547395706176758,0.5530271530151367,0.5158014297485352,0.45473957|0.51087254|0.51189053|0.52950096|0.54323065|0.55302715|0.54079777|0.48235217,0.08,0.5,0.05,0.05,0.5,0.0001,0.001,0.001,0.01,0.01,1e-06,0.5,style_rho0p5,sadg_rho0p05,9,9,19,19,new_training,5,2,39,0.129929463246039,0.12053679461990084,0.008698261475988798,0.008957753623170512,1.670116205332306e-06,0.0011994755727105907,0.0010191152271415507,0.0005310533535001534,0.8953640588692257,0.0002443231818948074,0.008956083628748144,0.0,0.0,0.10717234175120081,0.2098343340413911,0.05000000000000001,14,23|31|224|171|180,56,all_filtered,9,True,D:\Running_Place\PostGraduateProjects\Experiments\PostGraduate\backbones\DisperssionWithSADG_ConstraintStyleRegularization\Seg-SADG\BaryRadGateCons\a0p08\rho0p5\gb8\sadg0p05\cons0p01\shot5\Seed2,D:\Running_Place\PostGraduateProjects\Experiments\PostGraduate\backbones\Prompts\Seg-SADG\BaryRadGateCons\a0p08\rho0p5\gb8\sadg0p05\cons0p01\shot5\Seed2
Seg-SADG,Seg-SADG,Seg-SADG,LF-Barycenter-RadialGate-Cons,fixed,cosine,radial_cons,8,1.0,0.45474815368652344,0.554871678352356,0.5162279009819031,0.45474815|0.51148635|0.51249933|0.53028846|0.54464108|0.55487168|0.54085356|0.48043475,0.08,0.5,0.05,0.05,0.5,0.0001,0.001,0.001,0.01,0.01,1e-06,0.5,style_rho0p5,sadg_rho0p05,9,9,19,19,new_training,5,2,40,0.12569641215460642,0.11631018828068461,0.008420980435663037,0.008965174002306802,1.7397398356219388e-06,0.0012579826954086976,0.0010718763722772045,0.0005420651120532836,0.8960884554045541,0.0002549809765436554,0.00896343422521438,0.0,0.0,0.10389988017933709,0.20315222122839519,0.05000000000000001,14,23|31|224|171|180,56,all_filtered,9,True,D:\Running_Place\PostGraduateProjects\Experiments\PostGraduate\backbones\DisperssionWithSADG_ConstraintStyleRegularization\Seg-SADG\BaryRadGateCons\a0p08\rho0p5\gb8\sadg0p05\cons0p01\shot5\Seed2,D:\Running_Place\PostGraduateProjects\Experiments\PostGraduate\backbones\Prompts\Seg-SADG\BaryRadGateCons\a0p08\rho0p5\gb8\sadg0p05\cons0p01\shot5\Seed2
Seg-SADG,Seg-SADG,Seg-SADG,LF-Barycenter-RadialGate-Cons,fixed,cosine,radial_cons,8,1.0,0.4548986554145813,0.5562923550605774,0.5166387557983398,0.45489866|0.51255852|0.51314408|0.53048897|0.54589522|0.55629236|0.541255|0.47857741,0.08,0.5,0.05,0.05,0.5,0.0001,0.001,0.001,0.01,0.01,1e-06,0.5,style_rho0p5,sadg_rho0p05,9,9,19,19,new_training,5,2,41,0.12443049092377935,0.11499439712081637,0.009434213030285068,0.008964381712887968,1.8153794404237748e-06,0.0013137492268080159,0.0011263826662408455,0.0005576217954512686,0.895985905613218,0.00027075051496337565,0.008962566232574838,0.0,0.0,0.10150758922100067,0.21054816565343312,0.05000000000000001,14,23|31|224|171|180,56,all_filtered,9,True,D:\Running_Place\PostGraduateProjects\Experiments\PostGraduate\backbones\DisperssionWithSADG_ConstraintStyleRegularization\Seg-SADG\BaryRadGateCons\a0p08\rho0p5\gb8\sadg0p05\cons0p01\shot5\Seed2,D:\Running_Place\PostGraduateProjects\Experiments\PostGraduate\backbones\Prompts\Seg-SADG\BaryRadGateCons\a0p08\rho0p5\gb8\sadg0p05\cons0p01\shot5\Seed2
Seg-SADG,Seg-SADG,Seg-SADG,LF-Barycenter-RadialGate-Cons,fixed,cosine,radial_cons,8,1.0,0.45471298694610596,0.5576553344726562,0.5167771577835083,0.45471299|0.51295209|0.51417077|0.53098655|0.54675132|0.55765533|0.54102439|0.47596365,0.08,0.5,0.05,0.05,0.5,0.0001,0.001,0.001,0.01,0.01,1e-06,0.5,style_rho0p5,sadg_rho0p05,9,9,19,19,new_training,5,2,42,0.12339691817760468,0.11394336553556579,0.009800271264144353,0.008963539198573147,1.8984311022255236e-06,0.0013645561495130615,0.0011893199823264564,0.0005726554331236652,0.8958849353449685,0.0002791285639562245,0.008961640697504793,0.0,0.0,0.10061291179486684,0.20700925322515623,0.05000000000000001,14,23|31|224|171|180,56,all_filtered,9,True,D:\Running_Place\PostGraduateProjects\Experiments\PostGraduate\backbones\DisperssionWithSADG_ConstraintStyleRegularization\Seg-SADG\BaryRadGateCons\a0p08\rho0p5\gb8\sadg0p05\cons0p01\shot5\Seed2,D:\Running_Place\PostGraduateProjects\Experiments\PostGraduate\backbones\Prompts\Seg-SADG\BaryRadGateCons\a0p08\rho0p5\gb8\sadg0p05\cons0p01\shot5\Seed2
Seg-SADG,Seg-SADG,Seg-SADG,LF-Barycenter-RadialGate-Cons,fixed,cosine,radial_cons,8,1.0,0.45445114374160767,0.5589830875396729,0.5170872211456299,0.45445114|0.51307446|0.51498914|0.53200418|0.54810667|0.55898309|0.54140037|0.4736889,0.08,0.5,0.05,0.05,0.5,0.0001,0.001,0.001,0.01,0.01,1e-06,0.5,style_rho0p5,sadg_rho0p05,9,9,19,19,new_training,5,2,43,0.12239371453012739,0.11300810053944588,0.008501839358359575,0.008960522711277008,1.9750202519779644e-06,0.0014246763894334435,0.0012518216473316507,0.0005807308812758752,0.8955690094402858,0.0002857902353363378,0.008958547708711453,0.0,0.0,0.09946223508034434,0.2100451695067542,0.05000000000000001,14,23|31|224|171|180,56,all_filtered,9,True,D:\Running_Place\PostGraduateProjects\Experiments\PostGraduate\backbones\DisperssionWithSADG_ConstraintStyleRegularization\Seg-SADG\BaryRadGateCons\a0p08\rho0p5\gb8\sadg0p05\cons0p01\shot5\Seed2,D:\Running_Place\PostGraduateProjects\Experiments\PostGraduate\backbones\Prompts\Seg-SADG\BaryRadGateCons\a0p08\rho0p5\gb8\sadg0p05\cons0p01\shot5\Seed2
Seg-SADG,Seg-SADG,Seg-SADG,LF-Barycenter-RadialGate-Cons,fixed,cosine,radial_cons,8,1.0,0.4541494846343994,0.5598421096801758,0.5173289775848389,0.45414948|0.51360261|0.51605624|0.53265357|0.54932642|0.55984211|0.54112995|0.4718715,0.08,0.5,0.05,0.05,0.5,0.0001,0.001,0.001,0.01,0.01,1e-06,0.5,style_rho0p5,sadg_rho0p05,9,9,19,19,new_training,5,2,44,0.12041107245853969,0.11098443078143257,0.009036353190562554,0.008974824233778886,2.0521843485507167e-06,0.0014886424760334194,0.0013101617057275558,0.0005931583208231521,0.8969803963388715,0.0002968308046027752,0.008972772064485721,0.0,0.0,0.09848067749823843,0.20189941355160304,0.05000000000000001,14,23|31|224|171|180,56,all_filtered,9,True,D:\Running_Place\PostGraduateProjects\Experiments\PostGraduate\backbones\DisperssionWithSADG_ConstraintStyleRegularization\Seg-SADG\BaryRadGateCons\a0p08\rho0p5\gb8\sadg0p05\cons0p01\shot5\Seed2,D:\Running_Place\PostGraduateProjects\Experiments\PostGraduate\backbones\Prompts\Seg-SADG\BaryRadGateCons\a0p08\rho0p5\gb8\sadg0p05\cons0p01\shot5\Seed2
Seg-SADG,Seg-SADG,Seg-SADG,LF-Barycenter-RadialGate-Cons,fixed,cosine,radial_cons,8,1.0,0.4538787007331848,0.5609528422355652,0.5176119804382324,0.4538787|0.51395732|0.51736176|0.53301799|0.5509575|0.56095284|0.5412634|0.46950671,0.08,0.5,0.05,0.05,0.5,0.0001,0.001,0.001,0.01,0.01,1e-06,0.5,style_rho0p5,sadg_rho0p05,9,9,19,19,new_training,5,2,45,0.11281061438577515,0.10348144226840564,0.007640763352225933,0.00894713302009872,2.1235826384976723e-06,0.0015424440165848605,0.001363482276376869,0.0006058558896516583,0.8941963868481773,0.00030456760474148074,0.008945009338536434,0.0,0.0,0.09320591443351336,0.16277936420270375,0.05000000000000001,14,23|31|224|171|180,56,all_filtered,9,True,D:\Running_Place\PostGraduateProjects\Experiments\PostGraduate\backbones\DisperssionWithSADG_ConstraintStyleRegularization\Seg-SADG\BaryRadGateCons\a0p08\rho0p5\gb8\sadg0p05\cons0p01\shot5\Seed2,D:\Running_Place\PostGraduateProjects\Experiments\PostGraduate\backbones\Prompts\Seg-SADG\BaryRadGateCons\a0p08\rho0p5\gb8\sadg0p05\cons0p01\shot5\Seed2
Seg-SADG,Seg-SADG,Seg-SADG,LF-Barycenter-RadialGate-Cons,fixed,cosine,radial_cons,8,1.0,0.4538613557815552,0.5618192553520203,0.5178978443145752,0.45386136|0.51450658|0.51834983|0.53407449|0.55262166|0.56181926|0.54130471|0.46664456,0.08,0.5,0.05,0.05,0.5,0.0001,0.001,0.001,0.01,0.01,1e-06,0.5,style_rho0p5,sadg_rho0p05,9,9,19,19,new_training,5,2,46,0.1135345750621387,0.10414477703826767,0.008778746772025312,0.008950861037841864,2.21955666087784e-06,0.0016156920132094196,0.001440377240734441,0.0006176101035505001,0.8945499403136117,0.0003142244136792475,0.008948641430054392,0.0,0.0,0.09235587875757899,0.18790108391216823,0.05000000000000001,14,23|31|224|171|180,56,all_filtered,9,True,D:\Running_Place\PostGraduateProjects\Experiments\PostGraduate\backbones\DisperssionWithSADG_ConstraintStyleRegularization\Seg-SADG\BaryRadGateCons\a0p08\rho0p5\gb8\sadg0p05\cons0p01\shot5\Seed2,D:\Running_Place\PostGraduateProjects\Experiments\PostGraduate\backbones\Prompts\Seg-SADG\BaryRadGateCons\a0p08\rho0p5\gb8\sadg0p05\cons0p01\shot5\Seed2
Seg-SADG,Seg-SADG,Seg-SADG,LF-Barycenter-RadialGate-Cons,fixed,cosine,radial_cons,8,1.0,0.45314520597457886,0.5627949237823486,0.5181686282157898,0.45314521|0.51467758|0.51923418|0.53500813|0.55525279|0.56279492|0.54104984|0.46418631,0.08,0.5,0.05,0.05,0.5,0.0001,0.001,0.001,0.01,0.01,1e-06,0.5,style_rho0p5,sadg_rho0p05,9,9,19,19,new_training,5,2,47,0.11308054466332708,0.10369572948132243,0.008552306065601962,0.008957199286669493,2.317032242769658e-06,0.0016968812311201223,0.001515571867847549,0.0006317721272353083,0.8951627314090729,0.00032547420414630324,0.008954882089580809,0.0,0.0,0.0910133985536439,0.1999397533280509,0.05000000000000001,14,23|31|224|171|180,56,all_filtered,9,True,D:\Running_Place\PostGraduateProjects\Experiments\PostGraduate\backbones\DisperssionWithSADG_ConstraintStyleRegularization\Seg-SADG\BaryRadGateCons\a0p08\rho0p5\gb8\sadg0p05\cons0p01\shot5\Seed2,D:\Running_Place\PostGraduateProjects\Experiments\PostGraduate\backbones\Prompts\Seg-SADG\BaryRadGateCons\a0p08\rho0p5\gb8\sadg0p05\cons0p01\shot5\Seed2
Seg-SADG,Seg-SADG,Seg-SADG,LF-Barycenter-RadialGate-Cons,fixed,cosine,radial_cons,8,1.0,0.4530796408653259,0.5639659762382507,0.5183817148208618,0.45307964|0.51507998|0.52034819|0.5356921|0.55670857|0.56396598|0.54075193|0.46142718,0.08,0.5,0.05,0.05,0.5,0.0001,0.001,0.001,0.01,0.01,1e-06,0.5,style_rho0p5,sadg_rho0p05,9,9,19,19,new_training,5,2,48,0.10795529133507184,0.09860102353351456,0.00816481134721211,0.00894602813891002,2.427600406917918e-06,0.0017834961347814118,0.001595715426706842,0.0006535352773166128,0.8940265221255166,0.00033355335472151637,0.008943600513573204,0.0,0.0,0.08817796622003828,0.16321850834148272,0.05000000000000001,14,23|31|224|171|180,56,all_filtered,9,True,D:\Running_Place\PostGraduateProjects\Experiments\PostGraduate\backbones\DisperssionWithSADG_ConstraintStyleRegularization\Seg-SADG\BaryRadGateCons\a0p08\rho0p5\gb8\sadg0p05\cons0p01\shot5\Seed2,D:\Running_Place\PostGraduateProjects\Experiments\PostGraduate\backbones\Prompts\Seg-SADG\BaryRadGateCons\a0p08\rho0p5\gb8\sadg0p05\cons0p01\shot5\Seed2
Seg-SADG,Seg-SADG,Seg-SADG,LF-Barycenter-RadialGate-Cons,fixed,cosine,radial_cons,8,1.0,0.45322081446647644,0.5656229257583618,0.5189075469970703,0.45322081|0.51555634|0.5219456|0.53655475|0.55807638|0.56562293|0.54092163|0.45936212,0.08,0.5,0.05,0.05,0.5,0.0001,0.001,0.001,0.01,0.01,1e-06,0.5,style_rho0p5,sadg_rho0p05,9,9,19,19,new_training,5,2,49,0.11082526988216809,0.10152724757790565,0.00713951513171196,0.008941047026642732,2.509380546403658e-06,0.0018601509343300546,0.0016633949209270732,0.0006599704335842814,0.8935072081429618,0.00034658598139815567,0.008938537711011512,0.0,0.0,0.08913009826626096,0.1948718417968069,0.05000000000000001,14,23|31|224|171|180,56,all_filtered,9,True,D:\Running_Place\PostGraduateProjects\Experiments\PostGraduate\backbones\DisperssionWithSADG_ConstraintStyleRegularization\Seg-SADG\BaryRadGateCons\a0p08\rho0p5\gb8\sadg0p05\cons0p01\shot5\Seed2,D:\Running_Place\PostGraduateProjects\Experiments\PostGraduate\backbones\Prompts\Seg-SADG\BaryRadGateCons\a0p08\rho0p5\gb8\sadg0p05\cons0p01\shot5\Seed2
Seg-SADG,Seg-SADG,Seg-SADG,LF-Barycenter-RadialGate-Cons,fixed,cosine,radial_cons,8,1.0,0.45330125093460083,0.5674610733985901,0.5193824768066406,0.45330125|0.51592493|0.52317077|0.53750175|0.55944288|0.56746107|0.54107136|0.4571858,0.08,0.5,0.05,0.05,0.5,0.0001,0.001,0.001,0.01,0.01,1e-06,0.5,style_rho0p5,sadg_rho0p05,9,9,19,19,new_training,5,2,50,0.10524938202330045,0.09583818593195506,0.009141193935647607,0.008954137098044157,2.6046854892618806e-06,0.0019480303162708879,0.0017396188673696347,0.000670263497990423,0.8947885973112923,0.00036465991745769443,0.008951532388372081,0.0,0.0,0.08568742339100156,0.1645184595670019,0.05000000000000001,14,23|31|224|171|180,56,all_filtered,9,True,D:\Running_Place\PostGraduateProjects\Experiments\PostGraduate\backbones\DisperssionWithSADG_ConstraintStyleRegularization\Seg-SADG\BaryRadGateCons\a0p08\rho0p5\gb8\sadg0p05\cons0p01\shot5\Seed2,D:\Running_Place\PostGraduateProjects\Experiments\PostGraduate\backbones\Prompts\Seg-SADG\BaryRadGateCons\a0p08\rho0p5\gb8\sadg0p05\cons0p01\shot5\Seed2
Seg-SADG,Seg-SADG,Seg-SADG,LF-Barycenter-RadialGate-Cons,fixed,cosine,radial_cons,8,1.0,0.45360854268074036,0.5687109231948853,0.5198017954826355,0.45360854|0.51645887|0.52438343|0.53816336|0.56110477|0.56871092|0.54110456|0.45487973,0.08,0.5,0.05,0.05,0.5,0.0001,0.001,0.001,0.01,0.01,1e-06,0.5,style_rho0p5,sadg_rho0p05,9,9,19,19,new_training,5,2,51,0.10279287610735212,0.09345050794737679,0.007846764887550048,0.008950029100690569,2.6975522554753946e-06,0.0020372599828988314,0.001815096624860806,0.0006787295153896723,0.894349319594247,0.00038386653925824376,0.008947331591376237,0.0,0.0,0.08305505929248673,0.16311373934149742,0.05000000000000001,14,23|31|224|171|180,56,all_filtered,9,True,D:\Running_Place\PostGraduateProjects\Experiments\PostGraduate\backbones\DisperssionWithSADG_ConstraintStyleRegularization\Seg-SADG\BaryRadGateCons\a0p08\rho0p5\gb8\sadg0p05\cons0p01\shot5\Seed2,D:\Running_Place\PostGraduateProjects\Experiments\PostGraduate\backbones\Prompts\Seg-SADG\BaryRadGateCons\a0p08\rho0p5\gb8\sadg0p05\cons0p01\shot5\Seed2
Seg-SADG,Seg-SADG,Seg-SADG,LF-Barycenter-RadialGate-Cons,fixed,cosine,radial_cons,8,1.0,0.45249444246292114,0.5696143507957458,0.5200684070587158,0.45363674|0.51704812|0.52500403|0.53891182|0.56298482|0.56961435|0.54085273|0.45249444,0.08,0.5,0.05,0.05,0.5,0.0001,0.001,0.001,0.01,0.01,1e-06,0.5,style_rho0p5,sadg_rho0p05,9,9,19,19,new_training,5,2,52,0.0990505399448531,0.08970877208880015,0.007751829822414688,0.00895417488313147,2.796162009742277e-06,0.0021197504663307753,0.001892268765784268,0.0006919180450495332,0.8947404239858899,0.00039745299104002437,0.00895137872014727,0.0,0.0,0.08048774035913604,0.14514844971043722,0.05000000000000001,14,23|31|224|171|180,56,all_filtered,9,True,D:\Running_Place\PostGraduateProjects\Experiments\PostGraduate\backbones\DisperssionWithSADG_ConstraintStyleRegularization\Seg-SADG\BaryRadGateCons\a0p08\rho0p5\gb8\sadg0p05\cons0p01\shot5\Seed2,D:\Running_Place\PostGraduateProjects\Experiments\PostGraduate\backbones\Prompts\Seg-SADG\BaryRadGateCons\a0p08\rho0p5\gb8\sadg0p05\cons0p01\shot5\Seed2
Seg-SADG,Seg-SADG,Seg-SADG,LF-Barycenter-RadialGate-Cons,fixed,cosine,radial_cons,8,1.0,0.4503646492958069,0.5713449120521545,0.5205870866775513,0.45348239|0.51724625|0.52610397|0.53982061|0.5648911|0.57134491|0.54144257|0.45036465,0.08,0.5,0.05,0.05,0.5,0.0001,0.001,0.001,0.01,0.01,1e-06,0.5,style_rho0p5,sadg_rho0p05,9,9,19,19,new_training,5,2,53,0.09964819518583161,0.09037045974816595,0.006920552280332361,0.008931707989956652,2.9031050579370846e-06,0.002214041172659823,0.001974473499493407,0.0007072272959963552,0.8924687845366341,0.00041170575215281654,0.008928804857922452,0.0,0.0,0.07990628374474389,0.16319743916392326,0.05000000000000001,14,23|31|224|171|180,56,all_filtered,9,True,D:\Running_Place\PostGraduateProjects\Experiments\PostGraduate\backbones\DisperssionWithSADG_ConstraintStyleRegularization\Seg-SADG\BaryRadGateCons\a0p08\rho0p5\gb8\sadg0p05\cons0p01\shot5\Seed2,D:\Running_Place\PostGraduateProjects\Experiments\PostGraduate\backbones\Prompts\Seg-SADG\BaryRadGateCons\a0p08\rho0p5\gb8\sadg0p05\cons0p01\shot5\Seed2
Seg-SADG,Seg-SADG,Seg-SADG,LF-Barycenter-RadialGate-Cons,fixed,cosine,radial_cons,8,1.0,0.44771459698677063,0.5728689432144165,0.5210216045379639,0.45385048|0.51786739|0.52735347|0.54100305|0.56606454|0.57286894|0.5414505|0.4477146,0.08,0.5,0.05,0.05,0.5,0.0001,0.001,0.001,0.01,0.01,1e-06,0.5,style_rho0p5,sadg_rho0p05,9,9,19,19,new_training,5,2,54,0.09853816511375564,0.08920636613454137,0.007807858321549637,0.008941406849771738,3.018071830800701e-06,0.0023223362596971647,0.0020685423431651933,0.0007172957079352013,0.8934068254062107,0.00043207293700626385,0.008938388699399573,0.0,0.0,0.07859470322728157,0.16671116703322955,0.05000000000000001,14,23|31|224|171|180,56,all_filtered,9,True,D:\Running_Place\PostGraduateProjects\Experiments\PostGraduate\backbones\DisperssionWithSADG_ConstraintStyleRegularization\Seg-SADG\BaryRadGateCons\a0p08\rho0p5\gb8\sadg0p05\cons0p01\shot5\Seed2,D:\Running_Place\PostGraduateProjects\Experiments\PostGraduate\backbones\Prompts\Seg-SADG\BaryRadGateCons\a0p08\rho0p5\gb8\sadg0p05\cons0p01\shot5\Seed2
Seg-SADG,Seg-SADG,Seg-SADG,LF-Barycenter-RadialGate-Cons,fixed,cosine,radial_cons,8,1.0,0.44530192017555237,0.574442446231842,0.5214675664901733,0.4539685|0.51852256|0.52837557|0.54211789|0.5675655|0.57444245|0.54144645|0.44530192,0.08,0.5,0.05,0.05,0.5,0.0001,0.001,0.001,0.01,0.01,1e-06,0.5,style_rho0p5,sadg_rho0p05,9,9,19,19,new_training,5,2,55,0.09891614051801818,0.08960264814751488,0.007550800651577967,0.008935952891728707,3.1276381540530044e-06,0.0024254775905449477,0.00215839539721076,0.0007266948648196246,0.8928320748465401,0.00045046579491879257,0.008932825244430984,0.0,0.0,0.07901884030018534,0.1704480360661234,0.05000000000000001,14,23|31|224|171|180,56,all_filtered,9,True,D:\Running_Place\PostGraduateProjects\Experiments\PostGraduate\backbones\DisperssionWithSADG_ConstraintStyleRegularization\Seg-SADG\BaryRadGateCons\a0p08\rho0p5\gb8\sadg0p05\cons0p01\shot5\Seed2,D:\Running_Place\PostGraduateProjects\Experiments\PostGraduate\backbones\Prompts\Seg-SADG\BaryRadGateCons\a0p08\rho0p5\gb8\sadg0p05\cons0p01\shot5\Seed2
Seg-SADG,Seg-SADG,Seg-SADG,LF-Barycenter-RadialGate-Cons,fixed,cosine,radial_cons,8,1.0,0.44389328360557556,0.5756697058677673,0.5220131874084473,0.45362586|0.51963305|0.53037572|0.54289323|0.56884551|0.57566971|0.54116917|0.44389328,0.08,0.5,0.05,0.05,0.5,0.0001,0.001,0.001,0.01,0.01,1e-06,0.5,style_rho0p5,sadg_rho0p05,9,9,19,19,new_training,5,2,56,0.12962481964911735,0.12026776266949517,0.008724511966907553,0.008920833401914154,3.2496112193517287e-06,0.0025366247032902072,0.0022542093647643924,0.0007417392501208399,0.8912845849990845,0.000473786929173262,0.008917583618313074,0.0,0.0,0.07806857462440218,0.18753986805677414,0.05000000000000001,14,23|31|224|171|180,56,all_filtered,9,True,D:\Running_Place\PostGraduateProjects\Experiments\PostGraduate\backbones\DisperssionWithSADG_ConstraintStyleRegularization\Seg-SADG\BaryRadGateCons\a0p08\rho0p5\gb8\sadg0p05\cons0p01\shot5\Seed2,D:\Running_Place\PostGraduateProjects\Experiments\PostGraduate\backbones\Prompts\Seg-SADG\BaryRadGateCons\a0p08\rho0p5\gb8\sadg0p05\cons0p01\shot5\Seed2
Seg-SADG,Seg-SADG,Seg-SADG,LF-Barycenter-RadialGate-Cons,fixed,cosine,radial_cons,8,1.0,0.44670912623405457,0.5730250477790833,0.5214401483535767,0.44965717|0.52306098|0.53389019|0.53902078|0.56915867|0.57302505|0.53699929|0.44670913,0.08,0.5,0.05,0.05,0.5,0.0001,0.001,0.001,0.01,0.01,1e-06,0.5,style_rho0p5,sadg_rho0p05,9,9,19,19,new_training,5,2,57,0.2971703175987516,0.28473847998040064,0.0698577872743564,0.008938950153865985,3.3601398854443687e-06,0.002522636271481003,0.002262884468239333,0.0008449916328702654,0.893088276897158,0.00047075320825180303,0.008935590075062854,0.0,0.0,0.23274168797901698,0.8815553379910332,0.05000000000000001,14,23|31|224|171|180,56,all_filtered,9,True,D:\Running_Place\PostGraduateProjects\Experiments\PostGraduate\backbones\DisperssionWithSADG_ConstraintStyleRegularization\Seg-SADG\BaryRadGateCons\a0p08\rho0p5\gb8\sadg0p05\cons0p01\shot5\Seed2,D:\Running_Place\PostGraduateProjects\Experiments\PostGraduate\backbones\Prompts\Seg-SADG\BaryRadGateCons\a0p08\rho0p5\gb8\sadg0p05\cons0p01\shot5\Seed2
Seg-SADG,Seg-SADG,Seg-SADG,LF-Barycenter-RadialGate-Cons,fixed,cosine,radial_cons,8,1.0,0.4463956356048584,0.5731800198554993,0.5211158394813538,0.44639564|0.52417886|0.53448462|0.53824812|0.57011229|0.57318002|0.53561342|0.44671381,0.08,0.5,0.05,0.05,0.5,0.0001,0.001,0.001,0.01,0.01,1e-06,0.5,style_rho0p5,sadg_rho0p05,9,9,19,19,new_training,5,2,58,0.23539366573095322,0.22368978070361273,0.05537386744150093,0.00893519293250782,3.537784989150948e-06,0.002529955269502742,0.002310837253129908,0.000973952081819464,0.8927140746797834,0.00045146642618679574,0.008931655170662063,0.0,0.0,0.1983392142823764,0.4187254692826952,0.05000000000000001,14,23|31|224|171|180,56,all_filtered,9,True,D:\Running_Place\PostGraduateProjects\Experiments\PostGraduate\backbones\DisperssionWithSADG_ConstraintStyleRegularization\Seg-SADG\BaryRadGateCons\a0p08\rho0p5\gb8\sadg0p05\cons0p01\shot5\Seed2,D:\Running_Place\PostGraduateProjects\Experiments\PostGraduate\backbones\Prompts\Seg-SADG\BaryRadGateCons\a0p08\rho0p5\gb8\sadg0p05\cons0p01\shot5\Seed2
Seg-SADG,Seg-SADG,Seg-SADG,LF-Barycenter-RadialGate-Cons,fixed,cosine,radial_cons,8,1.0,0.44349178671836853,0.5742316842079163,0.5209810733795166,0.44349179|0.52466053|0.53478545|0.53808999|0.57131904|0.57423168|0.53519124|0.44607866,0.08,0.5,0.05,0.05,0.5,0.0001,0.001,0.001,0.01,0.01,1e-06,0.5,style_rho0p5,sadg_rho0p05,9,9,19,19,new_training,5,2,59,0.19613794556685857,0.18572260865143367,0.02965741657785007,0.008932467217424087,3.737675959720426e-06,0.0026002990447783043,0.0024077720840328504,0.0010698738042265177,0.8924312038081033,0.0004417672961218549,0.008928729620363032,0.0,0.0,0.16488143056631088,0.3350217193365097,0.05000000000000001,14,23|31|224|171|180,56,all_filtered,9,True,D:\Running_Place\PostGraduateProjects\Experiments\PostGraduate\backbones\DisperssionWithSADG_ConstraintStyleRegularization\Seg-SADG\BaryRadGateCons\a0p08\rho0p5\gb8\sadg0p05\cons0p01\shot5\Seed2,D:\Running_Place\PostGraduateProjects\Experiments\PostGraduate\backbones\Prompts\Seg-SADG\BaryRadGateCons\a0p08\rho0p5\gb8\sadg0p05\cons0p01\shot5\Seed2
Seg-SADG,Seg-SADG,Seg-SADG,LF-Barycenter-RadialGate-Cons,fixed,cosine,radial_cons,8,1.0,0.4422646164894104,0.5752278566360474,0.5209892988204956,0.44226462|0.5256176|0.53477311|0.53800392|0.57211864|0.57522786|0.53511953|0.44478917,0.08,0.5,0.05,0.05,0.5,0.0001,0.001,0.001,0.01,0.01,1e-06,0.5,style_rho0p5,sadg_rho0p05,9,9,19,19,new_training,5,2,60,0.18141143875462667,0.17135008318083628,0.022257840460432426,0.008948465543133872,3.928205452601625e-06,0.0026833023709644166,0.0025152852259842412,0.001144589889528496,0.8940132813794273,0.0004404568608151749,0.008944537224514144,0.0,0.0,0.15091487126691,0.3202308267354965,0.05000000000000001,14,23|31|224|171|180,56,all_filtered,9,True,D:\Running_Place\PostGraduateProjects\Experiments\PostGraduate\backbones\DisperssionWithSADG_ConstraintStyleRegularization\Seg-SADG\BaryRadGateCons\a0p08\rho0p5\gb8\sadg0p05\cons0p01\shot5\Seed2,D:\Running_Place\PostGraduateProjects\Experiments\PostGraduate\backbones\Prompts\Seg-SADG\BaryRadGateCons\a0p08\rho0p5\gb8\sadg0p05\cons0p01\shot5\Seed2
Seg-SADG,Seg-SADG,Seg-SADG,LF-Barycenter-RadialGate-Cons,fixed,cosine,radial_cons,8,1.0,0.441188782453537,0.5764665007591248,0.5208994150161743,0.44118878|0.52608436|0.53493267|0.53813702|0.57237285|0.5764665|0.53492701|0.44308606,0.08,0.5,0.05,0.05,0.5,0.0001,0.001,0.001,0.01,0.01,1e-06,0.5,style_rho0p5,sadg_rho0p05,9,9,19,19,new_training,5,2,61,0.17018830669777735,0.16036054811307363,0.017822938904698406,0.008936614596417971,4.079617740769338e-06,0.0027571782037349685,0.0026127081364393234,0.001191191524932427,0.8928150960377285,0.0004384354002208316,0.008932535070925951,0.0,0.0,0.14248173896755492,0.28807717242411207,0.05000000000000001,14,23|31|224|171|180,56,all_filtered,9,True,D:\Running_Place\PostGraduateProjects\Experiments\PostGraduate\backbones\DisperssionWithSADG_ConstraintStyleRegularization\Seg-SADG\BaryRadGateCons\a0p08\rho0p5\gb8\sadg0p05\cons0p01\shot5\Seed2,D:\Running_Place\PostGraduateProjects\Experiments\PostGraduate\backbones\Prompts\Seg-SADG\BaryRadGateCons\a0p08\rho0p5\gb8\sadg0p05\cons0p01\shot5\Seed2
Seg-SADG,Seg-SADG,Seg-SADG,LF-Barycenter-RadialGate-Cons,fixed,cosine,radial_cons,8,1.0,0.4401095509529114,0.5773434638977051,0.5208450555801392,0.44010955|0.52671105|0.53496563|0.53819919|0.57271892|0.57734346|0.53489584|0.44181669,0.08,0.5,0.05,0.05,0.5,0.0001,0.001,0.001,0.01,0.01,1e-06,0.5,style_rho0p5,sadg_rho0p05,9,9,19,19,new_training,5,2,62,0.15656578008617675,0.146810170263052,0.016121736128947566,0.00894952445690121,4.214229875287856e-06,0.0028218526858836412,0.0027012122362586005,0.0012308322225830384,0.8940950632095337,0.00043596131061869007,0.008945310222251075,0.0,0.0,0.13129090251667158,0.24293801614216395,0.05000000000000001,14,23|31|224|171|180,56,all_filtered,9,True,D:\Running_Place\PostGraduateProjects\Experiments\PostGraduate\backbones\DisperssionWithSADG_ConstraintStyleRegularization\Seg-SADG\BaryRadGateCons\a0p08\rho0p5\gb8\sadg0p05\cons0p01\shot5\Seed2,D:\Running_Place\PostGraduateProjects\Experiments\PostGraduate\backbones\Prompts\Seg-SADG\BaryRadGateCons\a0p08\rho0p5\gb8\sadg0p05\cons0p01\shot5\Seed2
Seg-SADG,Seg-SADG,Seg-SADG,LF-Barycenter-RadialGate-Cons,fixed,cosine,radial_cons,8,1.0,0.4395051598548889,0.5780231356620789,0.5209165811538696,0.43950516|0.5276078|0.53509229|0.53838813|0.57361007|0.57802314|0.53484136|0.44026473,0.08,0.5,0.05,0.05,0.5,0.0001,0.001,0.001,0.01,0.01,1e-06,0.5,style_rho0p5,sadg_rho0p05,9,9,19,19,new_training,5,2,63,0.1482808408992631,0.13855679439646856,0.015404882907335247,0.008953801954963378,4.362841244593645e-06,0.0028904745455033015,0.0027960262128285,0.0012777674876685654,0.8945081957748958,0.00043572308121448647,0.008949439174362592,0.0,0.0,0.12444885607276644,0.22343331681830542,0.05000000000000001,14,23|31|224|171|180,56,all_filtered,9,True,D:\Running_Place\PostGraduateProjects\Experiments\PostGraduate\backbones\DisperssionWithSADG_ConstraintStyleRegularization\Seg-SADG\BaryRadGateCons\a0p08\rho0p5\gb8\sadg0p05\cons0p01\shot5\Seed2,D:\Running_Place\PostGraduateProjects\Experiments\PostGraduate\backbones\Prompts\Seg-SADG\BaryRadGateCons\a0p08\rho0p5\gb8\sadg0p05\cons0p01\shot5\Seed2
Seg-SADG,Seg-SADG,Seg-SADG,LF-Barycenter-RadialGate-Cons,fixed,cosine,radial_cons,8,1.0,0.4389203190803528,0.5790609121322632,0.5209964513778687,0.43892032|0.528|0.53529018|0.53858|0.57440925|0.57906091|0.5347864|0.43892461,0.08,0.5,0.05,0.05,0.5,0.0001,0.001,0.001,0.01,0.01,1e-06,0.5,style_rho0p5,sadg_rho0p05,9,9,19,19,new_training,5,2,64,0.14465824301753724,0.13500806263514928,0.013698531747130411,0.008965252632541316,4.4874643988025904e-06,0.0029589003949825254,0.0028787406793396387,0.0013128334872557648,0.8956375249794551,0.0004390102008723521,0.008960765187761613,0.0,0.0,0.120120322065694,0.23475715411560877,0.05000000000000001,14,23|31|224|171|180,56,all_filtered,9,True,D:\Running_Place\PostGraduateProjects\Experiments\PostGraduate\backbones\DisperssionWithSADG_ConstraintStyleRegularization\Seg-SADG\BaryRadGateCons\a0p08\rho0p5\gb8\sadg0p05\cons0p01\shot5\Seed2,D:\Running_Place\PostGraduateProjects\Experiments\PostGraduate\backbones\Prompts\Seg-SADG\BaryRadGateCons\a0p08\rho0p5\gb8\sadg0p05\cons0p01\shot5\Seed2
Seg-SADG,Seg-SADG,Seg-SADG,LF-Barycenter-RadialGate-Cons,fixed,cosine,radial_cons,8,1.0,0.43776842951774597,0.5798290371894836,0.5211419463157654,0.43838966|0.52863199|0.53544593|0.53881836|0.57546073|0.57982904|0.53479153|0.43776843,0.08,0.5,0.05,0.05,0.5,0.0001,0.001,0.001,0.01,0.01,1e-06,0.5,style_rho0p5,sadg_rho0p05,9,9,19,19,new_training,5,2,65,0.14349838133369172,0.13391983242971556,0.01273369017456259,0.008941865393093653,4.610722109126593e-06,0.003032550648120897,0.002961211987505002,0.0013462548543299948,0.8932814981256213,0.00044398841522966644,0.008937254747641938,0.0,0.0,0.11722313506262642,0.25079371673720224,0.05000000000000001,14,23|31|224|171|180,56,all_filtered,9,True,D:\Running_Place\PostGraduateProjects\Experiments\PostGraduate\backbones\DisperssionWithSADG_ConstraintStyleRegularization\Seg-SADG\BaryRadGateCons\a0p08\rho0p5\gb8\sadg0p05\cons0p01\shot5\Seed2,D:\Running_Place\PostGraduateProjects\Experiments\PostGraduate\backbones\Prompts\Seg-SADG\BaryRadGateCons\a0p08\rho0p5\gb8\sadg0p05\cons0p01\shot5\Seed2
Seg-SADG,Seg-SADG,Seg-SADG,LF-Barycenter-RadialGate-Cons,fixed,cosine,radial_cons,8,1.0,0.4368731677532196,0.5805196762084961,0.5212222933769226,0.43770942|0.52901059|0.53559345|0.53904462|0.57625639|0.58051968|0.53477114|0.43687317,0.08,0.5,0.05,0.05,0.5,0.0001,0.001,0.001,0.01,0.01,1e-06,0.5,style_rho0p5,sadg_rho0p05,9,9,19,19,new_training,5,2,66,0.14199060680610792,0.13240256000842368,0.013183131348341703,0.008928889807845865,4.7216083852877744e-06,0.0030923625121691395,0.0030312922650149892,0.0013810796330549888,0.8919688165187836,0.0004480409822593044,0.008924168201961688,0.0,0.0,0.11669368083987917,0.2548264520508902,0.05000000000000001,14,23|31|224|171|180,56,all_filtered,9,True,D:\Running_Place\PostGraduateProjects\Experiments\PostGraduate\backbones\DisperssionWithSADG_ConstraintStyleRegularization\Seg-SADG\BaryRadGateCons\a0p08\rho0p5\gb8\sadg0p05\cons0p01\shot5\Seed2,D:\Running_Place\PostGraduateProjects\Experiments\PostGraduate\backbones\Prompts\Seg-SADG\BaryRadGateCons\a0p08\rho0p5\gb8\sadg0p05\cons0p01\shot5\Seed2
Seg-SADG,Seg-SADG,Seg-SADG,LF-Barycenter-RadialGate-Cons,fixed,cosine,radial_cons,8,1.0,0.4357473850250244,0.5810486078262329,0.5211576819419861,0.43720052|0.52920246|0.5356859|0.53917807|0.57655215|0.58104861|0.53464651|0.43574739,0.08,0.5,0.05,0.05,0.5,0.0001,0.001,0.001,0.01,0.01,1e-06,0.5,style_rho0p5,sadg_rho0p05,9,9,19,19,new_training,5,2,67,0.13657551045928681,0.1269544448171343,0.01345777012673872,0.008948178429688727,4.819546185379815e-06,0.0031491860447983655,0.0030950989042009625,0.0014095285358572645,0.8938862638814109,0.00044964654703757593,0.008943358901888132,0.0,0.0,0.11294420063495636,0.22018079991851533,0.05000000000000001,14,23|31|224|171|180,56,all_filtered,9,True,D:\Running_Place\PostGraduateProjects\Experiments\PostGraduate\backbones\DisperssionWithSADG_ConstraintStyleRegularization\Seg-SADG\BaryRadGateCons\a0p08\rho0p5\gb8\sadg0p05\cons0p01\shot5\Seed2,D:\Running_Place\PostGraduateProjects\Experiments\PostGraduate\backbones\Prompts\Seg-SADG\BaryRadGateCons\a0p08\rho0p5\gb8\sadg0p05\cons0p01\shot5\Seed2
Seg-SADG,Seg-SADG,Seg-SADG,LF-Barycenter-RadialGate-Cons,fixed,cosine,radial_cons,8,1.0,0.43470498919487,0.5815243721008301,0.5212762355804443,0.43660378|0.52977514|0.53588361|0.53944045|0.57769817|0.58152437|0.53457934|0.43470499,0.08,0.5,0.05,0.05,0.5,0.0001,0.001,0.001,0.01,0.01,1e-06,0.5,style_rho0p5,sadg_rho0p05,9,9,19,19,new_training,5,2,68,0.12690156059605734,0.11740417086652347,0.011273678059556655,0.00893370620906353,4.91194831348756e-06,0.0031980904916833553,0.0031558727912072626,0.0014362662332132459,0.8924294539860317,0.0004499662879555087,0.008928794280758925,0.0,0.0,0.10657021829060145,0.1813722928719861,0.05000000000000001,14,23|31|224|171|180,56,all_filtered,9,True,D:\Running_Place\PostGraduateProjects\Experiments\PostGraduate\backbones\DisperssionWithSADG_ConstraintStyleRegularization\Seg-SADG\BaryRadGateCons\a0p08\rho0p5\gb8\sadg0p05\cons0p01\shot5\Seed2,D:\Running_Place\PostGraduateProjects\Experiments\PostGraduate\backbones\Prompts\Seg-SADG\BaryRadGateCons\a0p08\rho0p5\gb8\sadg0p05\cons0p01\shot5\Seed2
Seg-SADG,Seg-SADG,Seg-SADG,LF-Barycenter-RadialGate-Cons,fixed,cosine,radial_cons,8,1.0,0.4337199032306671,0.5821660757064819,0.5214129686355591,0.43617797|0.53011012|0.5359422|0.53961098|0.57896197|0.58216608|0.53461468|0.4337199,0.08,0.5,0.05,0.05,0.5,0.0001,0.001,0.001,0.01,0.01,1e-06,0.5,style_rho0p5,sadg_rho0p05,9,9,19,19,new_training,5,2,69,0.12459073162504605,0.11512556672096252,0.010672749419297491,0.008931527047285013,5.029200175548405e-06,0.0032668466779536436,0.003229995324675526,0.0014725199434906244,0.8921945265361241,0.0004552442904761327,0.008926497772336006,0.0,0.0,0.1037547726716314,0.17758499458432198,0.05000000000000001,14,23|31|224|171|180,56,all_filtered,9,True,D:\Running_Place\PostGraduateProjects\Experiments\PostGraduate\backbones\DisperssionWithSADG_ConstraintStyleRegularization\Seg-SADG\BaryRadGateCons\a0p08\rho0p5\gb8\sadg0p05\cons0p01\shot5\Seed2,D:\Running_Place\PostGraduateProjects\Experiments\PostGraduate\backbones\Prompts\Seg-SADG\BaryRadGateCons\a0p08\rho0p5\gb8\sadg0p05\cons0p01\shot5\Seed2
Seg-SADG,Seg-SADG,Seg-SADG,LF-Barycenter-RadialGate-Cons,fixed,cosine,radial_cons,8,1.0,0.4328089654445648,0.5828889012336731,0.5215804576873779,0.43565625|0.53056133|0.5361883|0.53978199|0.58013958|0.5828889|0.5346179|0.43280897,0.08,0.5,0.05,0.05,0.5,0.0001,0.001,0.001,0.01,0.01,1e-06,0.5,style_rho0p5,sadg_rho0p05,9,9,19,19,new_training,5,2,70,0.12172544268625123,0.1122405364045075,0.011027189769915171,0.00893354695290327,5.142004186252182e-06,0.0033334144723734687,0.0033009088365361094,0.0015077536559796759,0.8923793349947248,0.0004611729569400528,0.008928404854876655,0.0,0.0,0.10087423239435468,0.18161778897047043,0.05000000000000001,14,23|31|224|171|180,56,all_filtered,9,True,D:\Running_Place\PostGraduateProjects\Experiments\PostGraduate\backbones\DisperssionWithSADG_ConstraintStyleRegularization\Seg-SADG\BaryRadGateCons\a0p08\rho0p5\gb8\sadg0p05\cons0p01\shot5\Seed2,D:\Running_Place\PostGraduateProjects\Experiments\PostGraduate\backbones\Prompts\Seg-SADG\BaryRadGateCons\a0p08\rho0p5\gb8\sadg0p05\cons0p01\shot5\Seed2
Seg-SADG,Seg-SADG,Seg-SADG,LF-Barycenter-RadialGate-Cons,fixed,cosine,radial_cons,8,1.0,0.4316047728061676,0.5841165781021118,0.5217723250389099,0.43556947|0.53094399|0.53636557|0.5399614|0.58095556|0.58411658|0.53466105|0.43160477,0.08,0.5,0.05,0.05,0.5,0.0001,0.001,0.001,0.01,0.01,1e-06,0.5,style_rho0p5,sadg_rho0p05,9,9,19,19,new_training,5,2,71,0.12430596777370997,0.11479184616889272,0.01166295592806169,0.00893097324296832,5.245921978972287e-06,0.003403147283409323,0.0033720901368984152,0.0015335169321458255,0.8921023862702506,0.0004703814878926745,0.008925727368997676,0.0,0.0,0.10059902976666178,0.21878021263650485,0.05000000000000001,14,23|31|224|171|180,56,all_filtered,9,True,D:\Running_Place\PostGraduateProjects\Experiments\PostGraduate\backbones\DisperssionWithSADG_ConstraintStyleRegularization\Seg-SADG\BaryRadGateCons\a0p08\rho0p5\gb8\sadg0p05\cons0p01\shot5\Seed2,D:\Running_Place\PostGraduateProjects\Experiments\PostGraduate\backbones\Prompts\Seg-SADG\BaryRadGateCons\a0p08\rho0p5\gb8\sadg0p05\cons0p01\shot5\Seed2
Seg-SADG,Seg-SADG,Seg-SADG,LF-Barycenter-RadialGate-Cons,fixed,cosine,radial_cons,8,1.0,0.43040522933006287,0.584947407245636,0.5218769907951355,0.43524718|0.53076243|0.53654909|0.54022062|0.58230937|0.58494741|0.53457457|0.43040523,0.08,0.5,0.05,0.05,0.5,0.0001,0.001,0.001,0.01,0.01,1e-06,0.5,style_rho0p5,sadg_rho0p05,9,9,19,19,new_training,5,2,72,0.11941693669983319,0.10990980054650988,0.01160631059402866,0.008926821539976768,5.353407979263076e-06,0.0034805403390367117,0.00344736035913229,0.001557993286821459,0.8916695926870618,0.0004772238504041785,0.008921468164771795,0.0,0.0,0.09848313831857272,0.18523174843617848,0.05000000000000001,14,23|31|224|171|180,56,all_filtered,9,True,D:\Running_Place\PostGraduateProjects\Experiments\PostGraduate\backbones\DisperssionWithSADG_ConstraintStyleRegularization\Seg-SADG\BaryRadGateCons\a0p08\rho0p5\gb8\sadg0p05\cons0p01\shot5\Seed2,D:\Running_Place\PostGraduateProjects\Experiments\PostGraduate\backbones\Prompts\Seg-SADG\BaryRadGateCons\a0p08\rho0p5\gb8\sadg0p05\cons0p01\shot5\Seed2
Seg-SADG,Seg-SADG,Seg-SADG,LF-Barycenter-RadialGate-Cons,fixed,cosine,radial_cons,8,1.0,0.42939379811286926,0.5854264497756958,0.5219615697860718,0.43490356|0.53082383|0.5367949|0.54050195|0.58324075|0.58542645|0.53460711|0.4293938,0.08,0.5,0.05,0.05,0.5,0.0001,0.001,0.001,0.01,0.01,1e-06,0.5,style_rho0p5,sadg_rho0p05,9,9,19,19,new_training,5,2,73,0.11510424209492547,0.10562118462153844,0.010795995825901628,0.008943258851234401,5.428764195260426e-06,0.003541338024660945,0.0035017390203263077,0.0015728910719709738,0.8933025853974479,0.00048043663472136747,0.008937830105423927,0.0,0.0,0.09458653522389275,0.17487079384071486,0.05000000000000001,14,23|31|224|171|180,56,all_filtered,9,True,D:\Running_Place\PostGraduateProjects\Experiments\PostGraduate\backbones\DisperssionWithSADG_ConstraintStyleRegularization\Seg-SADG\BaryRadGateCons\a0p08\rho0p5\gb8\sadg0p05\cons0p01\shot5\Seed2,D:\Running_Place\PostGraduateProjects\Experiments\PostGraduate\backbones\Prompts\Seg-SADG\BaryRadGateCons\a0p08\rho0p5\gb8\sadg0p05\cons0p01\shot5\Seed2
Seg-SADG,Seg-SADG,Seg-SADG,LF-Barycenter-RadialGate-Cons,fixed,cosine,radial_cons,8,1.0,0.4283135235309601,0.5863349437713623,0.5221364498138428,0.43448099|0.53100568|0.53702909|0.54067528|0.58461326|0.58633494|0.53463888|0.42831352,0.08,0.5,0.05,0.05,0.5,0.0001,0.001,0.001,0.01,0.01,1e-06,0.5,style_rho0p5,sadg_rho0p05,9,9,19,19,new_training,5,2,74,0.11228052686367716,0.10278794488736562,0.011102106521970459,0.008937475537615163,5.528182035569833e-06,0.00361129453605307,0.0035695695384804693,0.0015974828358074383,0.89270966393607,0.000485064964907776,0.008931947339858328,0.0,0.0,0.09134211337992124,0.17004662539277757,0.05000000000000001,14,23|31|224|171|180,56,all_filtered,9,True,D:\Running_Place\PostGraduateProjects\Experiments\PostGraduate\backbones\DisperssionWithSADG_ConstraintStyleRegularization\Seg-SADG\BaryRadGateCons\a0p08\rho0p5\gb8\sadg0p05\cons0p01\shot5\Seed2,D:\Running_Place\PostGraduateProjects\Experiments\PostGraduate\backbones\Prompts\Seg-SADG\BaryRadGateCons\a0p08\rho0p5\gb8\sadg0p05\cons0p01\shot5\Seed2
Seg-SADG,Seg-SADG,Seg-SADG,LF-Barycenter-RadialGate-Cons,fixed,cosine,radial_cons,8,1.0,0.42739325761795044,0.5872759222984314,0.5223443508148193,0.43424761|0.53150588|0.53725129|0.54078424|0.58567667|0.58727592|0.53462005|0.42739326,0.08,0.5,0.05,0.05,0.5,0.0001,0.001,0.001,0.01,0.01,1e-06,0.5,style_rho0p5,sadg_rho0p05,9,9,19,19,new_training,5,2,75,0.1102220777954374,0.10071834336434092,0.011433069161804659,0.008932079255048717,5.6484222048831204e-06,0.003688672507580902,0.0036474886583164334,0.0016320660444242613,0.8921482307570321,0.0004948844018924449,0.008926430850156717,0.0,0.0,0.09005724798355784,0.16709700439657485,0.05000000000000001,14,23|31|224|171|180,56,all_filtered,9,True,D:\Running_Place\PostGraduateProjects\Experiments\PostGraduate\backbones\DisperssionWithSADG_ConstraintStyleRegularization\Seg-SADG\BaryRadGateCons\a0p08\rho0p5\gb8\sadg0p05\cons0p01\shot5\Seed2,D:\Running_Place\PostGraduateProjects\Experiments\PostGraduate\backbones\Prompts\Seg-SADG\BaryRadGateCons\a0p08\rho0p5\gb8\sadg0p05\cons0p01\shot5\Seed2
Seg-SADG,Seg-SADG,Seg-SADG,LF-Barycenter-RadialGate-Cons,fixed,cosine,radial_cons,8,1.0,0.4265086054801941,0.588090181350708,0.522617518901825,0.43435493|0.53199828|0.53750569|0.54096824|0.58690059|0.58809018|0.53461379|0.42650861,0.08,0.5,0.05,0.05,0.5,0.0001,0.001,0.001,0.01,0.01,1e-06,0.5,style_rho0p5,sadg_rho0p05,9,9,19,19,new_training,5,2,76,0.10981262209159988,0.10034245784793581,0.010568659619561263,0.008941729486520802,5.74579556606685e-06,0.0037526924196364625,0.003713185533082911,0.0016573405508617206,0.8930939095360892,0.0005044885869470558,0.008935983824942793,0.0,0.0,0.08925773469465119,0.171240289828607,0.05000000000000001,14,23|31|224|171|180,56,all_filtered,9,True,D:\Running_Place\PostGraduateProjects\Experiments\PostGraduate\backbones\DisperssionWithSADG_ConstraintStyleRegularization\Seg-SADG\BaryRadGateCons\a0p08\rho0p5\gb8\sadg0p05\cons0p01\shot5\Seed2,D:\Running_Place\PostGraduateProjects\Experiments\PostGraduate\backbones\Prompts\Seg-SADG\BaryRadGateCons\a0p08\rho0p5\gb8\sadg0p05\cons0p01\shot5\Seed2
Seg-SADG,Seg-SADG,Seg-SADG,LF-Barycenter-RadialGate-Cons,fixed,cosine,radial_cons,8,1.0,0.4251003563404083,0.589125394821167,0.5227558016777039,0.43415475|0.532107|0.53779739|0.54119557|0.5880096|0.58912539|0.53455621|0.42510036,0.08,0.5,0.05,0.05,0.5,0.0001,0.001,0.001,0.01,0.01,1e-06,0.5,style_rho0p5,sadg_rho0p05,9,9,19,19,new_training,5,2,77,0.10826678520866803,0.0987862151648317,0.010793313217748488,0.008940903935581446,5.8512707060539725e-06,0.0038343582169285844,0.0037874779497672406,0.0016803566832095385,0.8929900910173144,0.0005151754469677274,0.00893505256889122,0.0,0.0,0.08769977252398219,0.17357707076839038,0.05000000000000001,14,23|31|224|171|180,56,all_filtered,9,True,D:\Running_Place\PostGraduateProjects\Experiments\PostGraduate\backbones\DisperssionWithSADG_ConstraintStyleRegularization\Seg-SADG\BaryRadGateCons\a0p08\rho0p5\gb8\sadg0p05\cons0p01\shot5\Seed2,D:\Running_Place\PostGraduateProjects\Experiments\PostGraduate\backbones\Prompts\Seg-SADG\BaryRadGateCons\a0p08\rho0p5\gb8\sadg0p05\cons0p01\shot5\Seed2
Seg-SADG,Seg-SADG,Seg-SADG,LF-Barycenter-RadialGate-Cons,fixed,cosine,radial_cons,8,1.0,0.42386409640312195,0.590142548084259,0.5229635238647461,0.43428817|0.53275663|0.53809714|0.54141384|0.58867717|0.59014255|0.53446889|0.4238641,0.08,0.5,0.05,0.05,0.5,0.0001,0.001,0.001,0.01,0.01,1e-06,0.5,style_rho0p5,sadg_rho0p05,9,9,19,19,new_training,5,2,78,0.11279824908290591,0.10325800254940987,0.012126453387151872,0.008933924471161194,5.949208311254292e-06,0.0039030052887808,0.0038600805647937314,0.0016988270383860385,0.8922747373580933,0.0005228360615936774,0.008927975382123674,0.0,0.0,0.08914317243865558,0.21259129792451859,0.05000000000000001,14,23|31|224|171|180,56,all_filtered,9,True,D:\Running_Place\PostGraduateProjects\Experiments\PostGraduate\backbones\DisperssionWithSADG_ConstraintStyleRegularization\Seg-SADG\BaryRadGateCons\a0p08\rho0p5\gb8\sadg0p05\cons0p01\shot5\Seed2,D:\Running_Place\PostGraduateProjects\Experiments\PostGraduate\backbones\Prompts\Seg-SADG\BaryRadGateCons\a0p08\rho0p5\gb8\sadg0p05\cons0p01\shot5\Seed2
Seg-SADG,Seg-SADG,Seg-SADG,LF-Barycenter-RadialGate-Cons,fixed,cosine,radial_cons,8,1.0,0.42269471287727356,0.5912995934486389,0.5230605602264404,0.433907|0.53281754|0.53829497|0.54158539|0.58947915|0.59129959|0.53440624|0.42269471,0.08,0.5,0.05,0.05,0.5,0.0001,0.001,0.001,0.01,0.01,1e-06,0.5,style_rho0p5,sadg_rho0p05,9,9,19,19,new_training,5,2,79,0.11170396687729019,0.10222990970526423,0.010786089380936963,0.008934753281729562,6.0548923751671935e-06,0.0039796787314116955,0.00393675548756229,0.0017201687192677387,0.8923396042415074,0.0005302541082658406,0.008928698421056782,0.0,0.0,0.0896713776247842,0.20214986588273728,0.05000000000000001,14,23|31|224|171|180,56,all_filtered,9,True,D:\Running_Place\PostGraduateProjects\Experiments\PostGraduate\backbones\DisperssionWithSADG_ConstraintStyleRegularization\Seg-SADG\BaryRadGateCons\a0p08\rho0p5\gb8\sadg0p05\cons0p01\shot5\Seed2,D:\Running_Place\PostGraduateProjects\Experiments\PostGraduate\backbones\Prompts\Seg-SADG\BaryRadGateCons\a0p08\rho0p5\gb8\sadg0p05\cons0p01\shot5\Seed2
Seg-SADG,Seg-SADG,Seg-SADG,LF-Barycenter-RadialGate-Cons,fixed,cosine,radial_cons,8,1.0,0.42162588238716125,0.5923296809196472,0.5231637358665466,0.43344551|0.53308129|0.53862822|0.54172868|0.59010822|0.59232968|0.53436238|0.42162588,0.08,0.5,0.05,0.05,0.5,0.0001,0.001,0.001,0.01,0.01,1e-06,0.5,style_rho0p5,sadg_rho0p05,9,9,19,19,new_training,5,2,80,0.10680142151457923,0.09738362740193095,0.009440937146012272,0.008945748342999391,6.166973922258226e-06,0.00405348587914237,0.004014727094077638,0.0017468980264051684,0.8934240681784493,0.0005340765471503671,0.008939581257956368,0.0,0.0,0.08621592287506376,0.17549778201750346,0.05000000000000001,14,23|31|224|171|180,56,all_filtered,9,True,D:\Running_Place\PostGraduateProjects\Experiments\PostGraduate\backbones\DisperssionWithSADG_ConstraintStyleRegularization\Seg-SADG\BaryRadGateCons\a0p08\rho0p5\gb8\sadg0p05\cons0p01\shot5\Seed2,D:\Running_Place\PostGraduateProjects\Experiments\PostGraduate\backbones\Prompts\Seg-SADG\BaryRadGateCons\a0p08\rho0p5\gb8\sadg0p05\cons0p01\shot5\Seed2
Seg-SADG,Seg-SADG,Seg-SADG,LF-Barycenter-RadialGate-Cons,fixed,cosine,radial_cons,8,1.0,0.42063042521476746,0.5930010676383972,0.5234287977218628,0.43386993|0.53373355|0.53894401|0.54191703|0.59094507|0.59300107|0.53438902|0.42063043,0.08,0.5,0.05,0.05,0.5,0.0001,0.001,0.001,0.01,0.01,1e-06,0.5,style_rho0p5,sadg_rho0p05,9,9,19,19,new_training,5,2,81,0.10428849394832339,0.09485019424131938,0.010102600324898958,0.008933169634214469,6.259436629209501e-06,0.004117069765925407,0.004082987484123025,0.0017647418758964964,0.8921494313648769,0.0005416065812044378,0.008926910148667437,0.0,0.0,0.08452815083520752,0.16338553492512023,0.05000000000000001,14,23|31|224|171|180,56,all_filtered,9,True,D:\Running_Place\PostGraduateProjects\Experiments\PostGraduate\backbones\DisperssionWithSADG_ConstraintStyleRegularization\Seg-SADG\BaryRadGateCons\a0p08\rho0p5\gb8\sadg0p05\cons0p01\shot5\Seed2,D:\Running_Place\PostGraduateProjects\Experiments\PostGraduate\backbones\Prompts\Seg-SADG\BaryRadGateCons\a0p08\rho0p5\gb8\sadg0p05\cons0p01\shot5\Seed2
Seg-SADG,Seg-SADG,Seg-SADG,LF-Barycenter-RadialGate-Cons,fixed,cosine,radial_cons,8,1.0,0.41923773288726807,0.5937395691871643,0.5235463976860046,0.433851|0.53404593|0.53927058|0.54205704|0.59180403|0.59373957|0.53436524|0.41923773,0.08,0.5,0.05,0.05,0.5,0.0001,0.001,0.001,0.01,0.01,1e-06,0.5,style_rho0p5,sadg_rho0p05,9,9,19,19,new_training,5,2,82,0.10282348947865623,0.09341640397906303,0.009631062990852765,0.008925531791257007,6.3506959447425156e-06,0.004182824099968586,0.004148600822580712,0.0017838124185800552,0.8913656941481999,0.0005524350978833224,0.008919181169143744,0.0,0.0,0.08286117709108762,0.16681713025484765,0.05000000000000001,14,23|31|224|171|180,56,all_filtered,9,True,D:\Running_Place\PostGraduateProjects\Experiments\PostGraduate\backbones\DisperssionWithSADG_ConstraintStyleRegularization\Seg-SADG\BaryRadGateCons\a0p08\rho0p5\gb8\sadg0p05\cons0p01\shot5\Seed2,D:\Running_Place\PostGraduateProjects\Experiments\PostGraduate\backbones\Prompts\Seg-SADG\BaryRadGateCons\a0p08\rho0p5\gb8\sadg0p05\cons0p01\shot5\Seed2
Seg-SADG,Seg-SADG,Seg-SADG,LF-Barycenter-RadialGate-Cons,fixed,cosine,radial_cons,8,1.0,0.4181569516658783,0.5944803953170776,0.5236731767654419,0.4340511|0.53424698|0.53943914|0.54218304|0.59250551|0.5944804|0.53432226|0.41815695,0.08,0.5,0.05,0.05,0.5,0.0001,0.001,0.001,0.01,0.01,1e-06,0.5,style_rho0p5,sadg_rho0p05,9,9,19,19,new_training,5,2,83,0.0997269403721605,0.09031304717063904,0.009732196739475642,0.008927282943789448,6.441094326094442e-06,0.0042490308239523855,0.0042187703241195,0.0017974205631097512,0.8915266607488904,0.0005575632219136294,0.00892084198338645,0.0,0.0,0.08108104392886162,0.14708514830895833,0.05000000000000001,14,23|31|224|171|180,56,all_filtered,9,True,D:\Running_Place\PostGraduateProjects\Experiments\PostGraduate\backbones\DisperssionWithSADG_ConstraintStyleRegularization\Seg-SADG\BaryRadGateCons\a0p08\rho0p5\gb8\sadg0p05\cons0p01\shot5\Seed2,D:\Running_Place\PostGraduateProjects\Experiments\PostGraduate\backbones\Prompts\Seg-SADG\BaryRadGateCons\a0p08\rho0p5\gb8\sadg0p05\cons0p01\shot5\Seed2
Seg-SADG,Seg-SADG,Seg-SADG,LF-Barycenter-RadialGate-Cons,fixed,cosine,radial_cons,8,1.0,0.4170428216457367,0.5950667262077332,0.5238050222396851,0.43410075|0.53454584|0.53952217|0.5422895|0.59365052|0.59506673|0.53422195|0.41704282,0.08,0.5,0.05,0.05,0.5,0.0001,0.001,0.001,0.01,0.01,1e-06,0.5,style_rho0p5,sadg_rho0p05,9,9,19,19,new_training,5,2,84,0.09981349163821765,0.09042988770774432,0.00904877410669412,0.008931166492402554,6.514401612938465e-06,0.004305814259818622,0.0042742666389260974,0.0018095531933275716,0.8919019145624978,0.0005633130993893636,0.008924651957516159,0.0,0.0,0.08005123904773168,0.16611797681876592,0.05000000000000001,14,23|31|224|171|180,56,all_filtered,9,True,D:\Running_Place\PostGraduateProjects\Experiments\PostGraduate\backbones\DisperssionWithSADG_ConstraintStyleRegularization\Seg-SADG\BaryRadGateCons\a0p08\rho0p5\gb8\sadg0p05\cons0p01\shot5\Seed2,D:\Running_Place\PostGraduateProjects\Experiments\PostGraduate\backbones\Prompts\Seg-SADG\BaryRadGateCons\a0p08\rho0p5\gb8\sadg0p05\cons0p01\shot5\Seed2
Seg-SADG,Seg-SADG,Seg-SADG,LF-Barycenter-RadialGate-Cons,fixed,cosine,radial_cons,8,1.0,0.4157261252403259,0.5959671139717102,0.5238857865333557,0.43419054|0.53462976|0.53957546|0.5424003|0.59441751|0.59596711|0.53417963|0.41572613,0.08,0.5,0.05,0.05,0.5,0.0001,0.001,0.001,0.01,0.01,1e-06,0.5,style_rho0p5,sadg_rho0p05,9,9,19,19,new_training,5,2,85,0.0978939522589956,0.0885085899915014,0.00900326662563852,0.008935197589120694,6.618631037521741e-06,0.0043784154778612515,0.004349770789433803,0.00183101835760421,0.8922890552452633,0.0005688487685152463,0.008928578945675067,0.0,0.0,0.07834476392183985,0.1563791691192559,0.05000000000000001,14,23|31|224|171|180,56,all_filtered,9,True,D:\Running_Place\PostGraduateProjects\Experiments\PostGraduate\backbones\DisperssionWithSADG_ConstraintStyleRegularization\Seg-SADG\BaryRadGateCons\a0p08\rho0p5\gb8\sadg0p05\cons0p01\shot5\Seed2,D:\Running_Place\PostGraduateProjects\Experiments\PostGraduate\backbones\Prompts\Seg-SADG\BaryRadGateCons\a0p08\rho0p5\gb8\sadg0p05\cons0p01\shot5\Seed2
Seg-SADG,Seg-SADG,Seg-SADG,LF-Barycenter-RadialGate-Cons,fixed,cosine,radial_cons,8,1.0,0.414588063955307,0.5968510508537292,0.5240605473518372,0.43409041|0.53473634|0.53987223|0.54257208|0.59562397|0.59685105|0.53415012|0.41458806,0.08,0.5,0.05,0.05,0.5,0.0001,0.001,0.001,0.01,0.01,1e-06,0.5,style_rho0p5,sadg_rho0p05,9,9,19,19,new_training,5,2,86,0.0980029185967786,0.08862343803048134,0.008751691385571445,0.008941896725445986,6.7077345582739715e-06,0.004449882744146245,0.004418871731364301,0.001843874276216541,0.8929448255470821,0.0005740928629945431,0.008935188941125358,0.0,0.0,0.0780637716608388,0.16491014882922173,0.05000000000000001,14,23|31|224|171|180,56,all_filtered,9,True,D:\Running_Place\PostGraduateProjects\Experiments\PostGraduate\backbones\DisperssionWithSADG_ConstraintStyleRegularization\Seg-SADG\BaryRadGateCons\a0p08\rho0p5\gb8\sadg0p05\cons0p01\shot5\Seed2,D:\Running_Place\PostGraduateProjects\Experiments\PostGraduate\backbones\Prompts\Seg-SADG\BaryRadGateCons\a0p08\rho0p5\gb8\sadg0p05\cons0p01\shot5\Seed2
Seg-SADG,Seg-SADG,Seg-SADG,LF-Barycenter-RadialGate-Cons,fixed,cosine,radial_cons,8,1.0,0.41362351179122925,0.5977551937103271,0.5242265462875366,0.43437833|0.53502125|0.53985345|0.54267865|0.59633857|0.59775519|0.53416312|0.41362351,0.08,0.5,0.05,0.05,0.5,0.0001,0.001,0.001,0.01,0.01,1e-06,0.5,style_rho0p5,sadg_rho0p05,9,9,19,19,new_training,5,2,87,0.09728691407612391,0.08791676270110267,0.008886789503906454,0.008925811387598515,6.79393253579162e-06,0.004519075155258179,0.004483864010710802,0.001858160797772663,0.891319044998714,0.0005827100456891847,0.008919017455939735,0.0,0.0,0.07763819290058953,0.15985645087701933,0.05000000000000001,14,23|31|224|171|180,56,all_filtered,9,True,D:\Running_Place\PostGraduateProjects\Experiments\PostGraduate\backbones\DisperssionWithSADG_ConstraintStyleRegularization\Seg-SADG\BaryRadGateCons\a0p08\rho0p5\gb8\sadg0p05\cons0p01\shot5\Seed2,D:\Running_Place\PostGraduateProjects\Experiments\PostGraduate\backbones\Prompts\Seg-SADG\BaryRadGateCons\a0p08\rho0p5\gb8\sadg0p05\cons0p01\shot5\Seed2
Seg-SADG,Seg-SADG,Seg-SADG,LF-Barycenter-RadialGate-Cons,fixed,cosine,radial_cons,8,1.0,0.4122534692287445,0.5984016060829163,0.524405300617218,0.43457013|0.53570575|0.54025835|0.54285783|0.59716129|0.59840161|0.53403425|0.41225347,0.08,0.5,0.05,0.05,0.5,0.0001,0.001,0.001,0.01,0.01,1e-06,0.5,style_rho0p5,sadg_rho0p05,9,9,19,19,new_training,5,2,88,0.09365326538681984,0.08431488807712283,0.008192843424954585,0.008928735407867603,6.888523232971368e-06,0.004584880512473839,0.004555506964347192,0.001874528027006558,0.891594260931015,0.0005904653350756105,0.00892184701349054,0.0,0.0,0.07535410725644656,0.1424519925245217,0.05000000000000001,14,23|31|224|171|180,56,all_filtered,9,True,D:\Running_Place\PostGraduateProjects\Experiments\PostGraduate\backbones\DisperssionWithSADG_ConstraintStyleRegularization\Seg-SADG\BaryRadGateCons\a0p08\rho0p5\gb8\sadg0p05\cons0p01\shot5\Seed2,D:\Running_Place\PostGraduateProjects\Experiments\PostGraduate\backbones\Prompts\Seg-SADG\BaryRadGateCons\a0p08\rho0p5\gb8\sadg0p05\cons0p01\shot5\Seed2
Seg-SADG,Seg-SADG,Seg-SADG,LF-Barycenter-RadialGate-Cons,fixed,cosine,radial_cons,8,1.0,0.41116636991500854,0.5991650819778442,0.5246592164039612,0.43455625|0.53612226|0.5405637|0.54305363|0.59868878|0.59916508|0.53395778|0.41116637,0.08,0.5,0.05,0.05,0.5,0.0001,0.001,0.001,0.01,0.01,1e-06,0.5,style_rho0p5,sadg_rho0p05,9,9,19,19,new_training,5,2,89,0.09392486086913518,0.08457556579794202,0.008273581508547068,0.00893561661775623,7.002621454635768e-06,0.004664640674101455,0.0046354324689933234,0.0019007246924697288,0.8922604535307203,0.0006009661758850728,0.008928614003317696,0.0,0.0,0.07467276390109744,0.15329401514359883,0.05000000000000001,14,23|31|224|171|180,56,all_filtered,9,True,D:\Running_Place\PostGraduateProjects\Experiments\PostGraduate\backbones\DisperssionWithSADG_ConstraintStyleRegularization\Seg-SADG\BaryRadGateCons\a0p08\rho0p5\gb8\sadg0p05\cons0p01\shot5\Seed2,D:\Running_Place\PostGraduateProjects\Experiments\PostGraduate\backbones\Prompts\Seg-SADG\BaryRadGateCons\a0p08\rho0p5\gb8\sadg0p05\cons0p01\shot5\Seed2
Seg-SADG,Seg-SADG,Seg-SADG,LF-Barycenter-RadialGate-Cons,fixed,cosine,radial_cons,8,1.0,0.410128116607666,0.6001296043395996,0.5249359607696533,0.43447015|0.53657043|0.5409947|0.54324532|0.6001296|0.60006231|0.53388703|0.41012812,0.08,0.5,0.05,0.05,0.5,0.0001,0.001,0.001,0.01,0.01,1e-06,0.5,style_rho0p5,sadg_rho0p05,9,9,19,19,new_training,5,2,90,0.09383652199591909,0.08451981629644122,0.007742254096748573,0.008929591958544083,7.13462827661715e-06,0.004757553106173873,0.004723013910864081,0.001935858728497156,0.8916315564087459,0.0006142008351162076,0.00892245736239212,0.0,0.0,0.07482536722506795,0.15675158905131475,0.05000000000000001,14,23|31|224|171|180,56,all_filtered,9,True,D:\Running_Place\PostGraduateProjects\Experiments\PostGraduate\backbones\DisperssionWithSADG_ConstraintStyleRegularization\Seg-SADG\BaryRadGateCons\a0p08\rho0p5\gb8\sadg0p05\cons0p01\shot5\Seed2,D:\Running_Place\PostGraduateProjects\Experiments\PostGraduate\backbones\Prompts\Seg-SADG\BaryRadGateCons\a0p08\rho0p5\gb8\sadg0p05\cons0p01\shot5\Seed2
Seg-SADG,Seg-SADG,Seg-SADG,LF-Barycenter-RadialGate-Cons,fixed,cosine,radial_cons,8,1.0,0.4087565839290619,0.6012111306190491,0.525130033493042,0.43462625|0.53706014|0.54138976|0.54336578|0.60121113|0.6007756|0.53385496|0.40875658,0.08,0.5,0.05,0.05,0.5,0.0001,0.001,0.001,0.01,0.01,1e-06,0.5,style_rho0p5,sadg_rho0p05,9,9,19,19,new_training,5,2,91,0.09135390818119049,0.0820484177342483,0.0076616315304168636,0.008922408800572157,7.260461578490711e-06,0.004845305645306196,0.004809319706899779,0.0019666110331724796,0.8908885845116207,0.0006262757025459516,0.008915148475872619,0.0,0.0,0.07273552141019277,0.1457639772977148,0.05000000000000001,14,23|31|224|171|180,56,all_filtered,9,True,D:\Running_Place\PostGraduateProjects\Experiments\PostGraduate\backbones\DisperssionWithSADG_ConstraintStyleRegularization\Seg-SADG\BaryRadGateCons\a0p08\rho0p5\gb8\sadg0p05\cons0p01\shot5\Seed2,D:\Running_Place\PostGraduateProjects\Experiments\PostGraduate\backbones\Prompts\Seg-SADG\BaryRadGateCons\a0p08\rho0p5\gb8\sadg0p05\cons0p01\shot5\Seed2
Seg-SADG,Seg-SADG,Seg-SADG,LF-Barycenter-RadialGate-Cons,fixed,cosine,radial_cons,8,1.0,0.4074647128582001,0.6018931865692139,0.5251965522766113,0.43464726|0.53708982|0.54167837|0.54355341|0.60189319|0.60142773|0.53381819|0.40746471,0.08,0.5,0.05,0.05,0.5,0.0001,0.001,0.001,0.01,0.01,1e-06,0.5,style_rho0p5,sadg_rho0p05,9,9,19,19,new_training,5,2,92,0.0906483701297215,0.08129477500915527,0.00814274768345058,0.008946458409939493,7.362605012011565e-06,0.004919412579121334,0.00488572394741433,0.001984939494702433,0.8932757292475019,0.0006338898466700422,0.00893909583932587,0.0,0.0,0.07198012327509266,0.1430769126330103,0.05000000000000001,14,23|31|224|171|180,56,all_filtered,9,True,D:\Running_Place\PostGraduateProjects\Experiments\PostGraduate\backbones\DisperssionWithSADG_ConstraintStyleRegularization\Seg-SADG\BaryRadGateCons\a0p08\rho0p5\gb8\sadg0p05\cons0p01\shot5\Seed2,D:\Running_Place\PostGraduateProjects\Experiments\PostGraduate\backbones\Prompts\Seg-SADG\BaryRadGateCons\a0p08\rho0p5\gb8\sadg0p05\cons0p01\shot5\Seed2
Seg-SADG,Seg-SADG,Seg-SADG,LF-Barycenter-RadialGate-Cons,fixed,cosine,radial_cons,8,1.0,0.40602853894233704,0.6030341386795044,0.5253354907035828,0.43475562|0.53737909|0.54189324|0.54378027|0.60303414|0.60212433|0.53368837|0.40602854,0.08,0.5,0.05,0.05,0.5,0.0001,0.001,0.001,0.01,0.01,1e-06,0.5,style_rho0p5,sadg_rho0p05,9,9,19,19,new_training,5,2,93,0.09074247043047633,0.08143552605594907,0.007556655111589602,0.008929112793079444,7.457283865213478e-06,0.004996413863929254,0.004960396925785712,0.00199724524281919,0.8915271759033203,0.000638395597759102,0.008921655560178416,0.0,0.0,0.07217833027243614,0.14970841365201132,0.05000000000000001,14,23|31|224|171|180,56,all_filtered,9,True,D:\Running_Place\PostGraduateProjects\Experiments\PostGraduate\backbones\DisperssionWithSADG_ConstraintStyleRegularization\Seg-SADG\BaryRadGateCons\a0p08\rho0p5\gb8\sadg0p05\cons0p01\shot5\Seed2,D:\Running_Place\PostGraduateProjects\Experiments\PostGraduate\backbones\Prompts\Seg-SADG\BaryRadGateCons\a0p08\rho0p5\gb8\sadg0p05\cons0p01\shot5\Seed2
Seg-SADG,Seg-SADG,Seg-SADG,LF-Barycenter-RadialGate-Cons,fixed,cosine,radial_cons,8,1.0,0.40467569231987,0.6040139198303223,0.5254642963409424,0.43474665|0.5379734|0.54208732|0.54391515|0.60401392|0.60267615|0.53362632|0.40467569,0.08,0.5,0.05,0.05,0.5,0.0001,0.001,0.001,0.01,0.01,1e-06,0.5,style_rho0p5,sadg_rho0p05,9,9,19,19,new_training,5,2,94,0.08939927763172559,0.08008117175527982,0.007802132217745695,0.008927999862602778,7.579081609167458e-06,0.0050797422882169485,0.0050482844401683125,0.002022822603716382,0.8913974038192204,0.0006447049797446068,0.0089204208260136,0.0,0.0,0.07048458818878446,0.14940902165004186,0.05000000000000001,14,23|31|224|171|180,56,all_filtered,9,True,D:\Running_Place\PostGraduateProjects\Experiments\PostGraduate\backbones\DisperssionWithSADG_ConstraintStyleRegularization\Seg-SADG\BaryRadGateCons\a0p08\rho0p5\gb8\sadg0p05\cons0p01\shot5\Seed2,D:\Running_Place\PostGraduateProjects\Experiments\PostGraduate\backbones\Prompts\Seg-SADG\BaryRadGateCons\a0p08\rho0p5\gb8\sadg0p05\cons0p01\shot5\Seed2
Seg-SADG,Seg-SADG,Seg-SADG,LF-Barycenter-RadialGate-Cons,fixed,cosine,radial_cons,8,1.0,0.40328744053840637,0.604977548122406,0.5256091356277466,0.43512288|0.53848797|0.54234523|0.54405957|0.60497755|0.60304481|0.53354758|0.40328744,0.08,0.5,0.05,0.05,0.5,0.0001,0.001,0.001,0.01,0.01,1e-06,0.5,style_rho0p5,sadg_rho0p05,9,9,19,19,new_training,5,2,95,0.08740558581692832,0.07809823804668017,0.007460829469242266,0.008934305448617254,7.699826450594368e-06,0.005155395150982908,0.005133911601400801,0.002050375017071409,0.8920085174696786,0.0006520555969992918,0.008926605672708579,0.0,0.0,0.06945740085627351,0.13561967866761343,0.05000000000000001,14,23|31|224|171|180,56,all_filtered,9,True,D:\Running_Place\PostGraduateProjects\Experiments\PostGraduate\backbones\DisperssionWithSADG_ConstraintStyleRegularization\Seg-SADG\BaryRadGateCons\a0p08\rho0p5\gb8\sadg0p05\cons0p01\shot5\Seed2,D:\Running_Place\PostGraduateProjects\Experiments\PostGraduate\backbones\Prompts\Seg-SADG\BaryRadGateCons\a0p08\rho0p5\gb8\sadg0p05\cons0p01\shot5\Seed2
Seg-SADG,Seg-SADG,Seg-SADG,LF-Barycenter-RadialGate-Cons,fixed,cosine,radial_cons,8,1.0,0.4018229842185974,0.6060237884521484,0.5258275866508484,0.43555817|0.53928733|0.5427475|0.54421562|0.60602379|0.60353023|0.53343529|0.40182298,0.08,0.5,0.05,0.05,0.5,0.0001,0.001,0.001,0.01,0.01,1e-06,0.5,style_rho0p5,sadg_rho0p05,9,9,19,19,new_training,5,2,96,0.0877697334757873,0.07845204057438034,0.008016528661495872,0.008916866832545825,7.807072766549286e-06,0.005230072486613478,0.005214612931013107,0.0020694521122745107,0.8902444967201778,0.0006615037772072745,0.008909059754971946,0.0,0.0,0.06936789649937834,0.1434790822012084,0.05000000000000001,14,23|31|224|171|180,56,all_filtered,9,True,D:\Running_Place\PostGraduateProjects\Experiments\PostGraduate\backbones\DisperssionWithSADG_ConstraintStyleRegularization\Seg-SADG\BaryRadGateCons\a0p08\rho0p5\gb8\sadg0p05\cons0p01\shot5\Seed2,D:\Running_Place\PostGraduateProjects\Experiments\PostGraduate\backbones\Prompts\Seg-SADG\BaryRadGateCons\a0p08\rho0p5\gb8\sadg0p05\cons0p01\shot5\Seed2
Seg-SADG,Seg-SADG,Seg-SADG,LF-Barycenter-RadialGate-Cons,fixed,cosine,radial_cons,8,1.0,0.4005187153816223,0.6072289347648621,0.5260264277458191,0.43582791|0.53960943|0.54290849|0.54447514|0.60722893|0.604321|0.53332192|0.40051872,0.08,0.5,0.05,0.05,0.5,0.0001,0.001,0.001,0.01,0.01,1e-06,0.5,style_rho0p5,sadg_rho0p05,9,9,19,19,new_training,5,2,97,0.08640630968979426,0.0771173435662474,0.007096459723210761,0.008934142999351025,7.924877406497086e-06,0.005315007575388465,0.005299490676926715,0.002093885642742472,0.8919496834278107,0.0006721341342199594,0.008926217976425375,0.0,0.0,0.06826797447034291,0.13951817899942398,0.05000000000000001,14,23|31|224|171|180,56,all_filtered,9,True,D:\Running_Place\PostGraduateProjects\Experiments\PostGraduate\backbones\DisperssionWithSADG_ConstraintStyleRegularization\Seg-SADG\BaryRadGateCons\a0p08\rho0p5\gb8\sadg0p05\cons0p01\shot5\Seed2,D:\Running_Place\PostGraduateProjects\Experiments\PostGraduate\backbones\Prompts\Seg-SADG\BaryRadGateCons\a0p08\rho0p5\gb8\sadg0p05\cons0p01\shot5\Seed2
Seg-SADG,Seg-SADG,Seg-SADG,LF-Barycenter-RadialGate-Cons,fixed,cosine,radial_cons,8,1.0,0.3992806673049927,0.6078750491142273,0.5262022614479065,0.43615994|0.5403946|0.54297721|0.54456574|0.60787505|0.6051113|0.53325361|0.39928067,0.08,0.5,0.05,0.05,0.5,0.0001,0.001,0.001,0.01,0.01,1e-06,0.5,style_rho0p5,sadg_rho0p05,9,9,19,19,new_training,5,2,98,0.08576137625745364,0.07647676446608134,0.007362892917756524,0.008916466629930906,8.03531455468536e-06,0.005395802902057767,0.005381772095071418,0.0021139616146683693,0.8901614078453609,0.0006817585007021469,0.008908431311803204,0.0,0.0,0.0678022988140583,0.132840419454234,0.05000000000000001,14,23|31|224|171|180,56,all_filtered,9,True,D:\Running_Place\PostGraduateProjects\Experiments\PostGraduate\backbones\DisperssionWithSADG_ConstraintStyleRegularization\Seg-SADG\BaryRadGateCons\a0p08\rho0p5\gb8\sadg0p05\cons0p01\shot5\Seed2,D:\Running_Place\PostGraduateProjects\Experiments\PostGraduate\backbones\Prompts\Seg-SADG\BaryRadGateCons\a0p08\rho0p5\gb8\sadg0p05\cons0p01\shot5\Seed2
Seg-SADG,Seg-SADG,Seg-SADG,LF-Barycenter-RadialGate-Cons,fixed,cosine,radial_cons,8,1.0,0.39777672290802,0.6089279055595398,0.526353120803833,0.43634933|0.54060006|0.54322642|0.54475236|0.60892791|0.60607785|0.53311396|0.39777672,0.08,0.5,0.05,0.05,0.5,0.0001,0.001,0.001,0.01,0.01,1e-06,0.5,style_rho0p5,sadg_rho0p05,9,9,19,19,new_training,5,2,99,0.08593791989343506,0.0766427032649517,0.0073416616568075755,0.008928134172622646,8.157789774746302e-06,0.005479529300438506,0.005474545161372849,0.002135291263195021,0.8913075072424752,0.0006901397095394454,0.008919976252530302,0.0,0.0,0.06756233237683773,0.13998001228485787,0.05000000000000001,14,23|31|224|171|180,56,all_filtered,9,True,D:\Running_Place\PostGraduateProjects\Experiments\PostGraduate\backbones\DisperssionWithSADG_ConstraintStyleRegularization\Seg-SADG\BaryRadGateCons\a0p08\rho0p5\gb8\sadg0p05\cons0p01\shot5\Seed2,D:\Running_Place\PostGraduateProjects\Experiments\PostGraduate\backbones\Prompts\Seg-SADG\BaryRadGateCons\a0p08\rho0p5\gb8\sadg0p05\cons0p01\shot5\Seed2
Seg-SADG,Seg-SADG,Seg-SADG,LF-Barycenter-RadialGate-Cons,fixed,cosine,radial_cons,8,1.0,0.39654776453971863,0.6100429892539978,0.5265699625015259,0.43645647|0.5409168|0.54358667|0.54496038|0.61004299|0.60698903|0.53305984|0.39654776,0.08,0.5,0.05,0.05,0.5,0.0001,0.001,0.001,0.01,0.01,1e-06,0.5,style_rho0p5,sadg_rho0p05,9,9,19,19,new_training,5,2,100,0.08700606173702649,0.0777051927787917,0.00746948311903647,0.008927394635975361,8.272965715150349e-06,0.005574000932808433,0.005563769622572831,0.0021517955797857474,0.8912132850715092,0.0006988990062382072,0.008919121631022011,0.0,0.0,0.06826551524656159,0.1498855943126338,0.05000000000000001,14,23|31|224|171|180,56,all_filtered,9,True,D:\Running_Place\PostGraduateProjects\Experiments\PostGraduate\backbones\DisperssionWithSADG_ConstraintStyleRegularization\Seg-SADG\BaryRadGateCons\a0p08\rho0p5\gb8\sadg0p05\cons0p01\shot5\Seed2,D:\Running_Place\PostGraduateProjects\Experiments\PostGraduate\backbones\Prompts\Seg-SADG\BaryRadGateCons\a0p08\rho0p5\gb8\sadg0p05\cons0p01\shot5\Seed2
Seg-SADG,Seg-SADG,Seg-SADG,LF-Barycenter-RadialGate-Cons,fixed,cosine,radial_cons,8,1.0,0.3953571915626526,0.6111300587654114,0.5267906188964844,0.43664458|0.54141337|0.54387689|0.54509515|0.61113006|0.6078524|0.53295517|0.39535719,0.08,0.5,0.05,0.05,0.5,0.0001,0.001,0.001,0.01,0.01,1e-06,0.5,style_rho0p5,sadg_rho0p05,9,9,19,19,new_training,5,2,101,0.084559651357787,0.07528331822582654,0.00725894484535924,0.008913385282669748,8.395830458799278e-06,0.005665853386744857,0.005652121101905193,0.0021771237287404282,0.889788133757455,0.0007108390189906848,0.00890498940965959,0.0,0.0,0.06613917968102864,0.1393087043293885,0.05000000000000001,14,23|31|224|171|180,56,all_filtered,9,True,D:\Running_Place\PostGraduateProjects\Experiments\PostGraduate\backbones\DisperssionWithSADG_ConstraintStyleRegularization\Seg-SADG\BaryRadGateCons\a0p08\rho0p5\gb8\sadg0p05\cons0p01\shot5\Seed2,D:\Running_Place\PostGraduateProjects\Experiments\PostGraduate\backbones\Prompts\Seg-SADG\BaryRadGateCons\a0p08\rho0p5\gb8\sadg0p05\cons0p01\shot5\Seed2
Seg-SADG,Seg-SADG,Seg-SADG,LF-Barycenter-RadialGate-Cons,fixed,cosine,radial_cons,8,1.0,0.3940177261829376,0.6118535995483398,0.5269167423248291,0.43679819|0.54199803|0.544195|0.54532921|0.6118536|0.60829508|0.5328474|0.39401773,0.08,0.5,0.05,0.05,0.5,0.0001,0.001,0.001,0.01,0.01,1e-06,0.5,style_rho0p5,sadg_rho0p05,9,9,19,19,new_training,5,2,102,0.08772309709872518,0.07842599440898214,0.007163898553699255,0.008938906780843223,8.51595593433428e-06,0.005750275616134916,0.005739299680239388,0.0022016282060316633,0.892317703792027,0.0007213941093401185,0.00893039076722094,0.0,0.0,0.06732579746416636,0.17162639275193214,0.05000000000000001,14,23|31|224|171|180,56,all_filtered,9,True,D:\Running_Place\PostGraduateProjects\Experiments\PostGraduate\backbones\DisperssionWithSADG_ConstraintStyleRegularization\Seg-SADG\BaryRadGateCons\a0p08\rho0p5\gb8\sadg0p05\cons0p01\shot5\Seed2,D:\Running_Place\PostGraduateProjects\Experiments\PostGraduate\backbones\Prompts\Seg-SADG\BaryRadGateCons\a0p08\rho0p5\gb8\sadg0p05\cons0p01\shot5\Seed2
Seg-SADG,Seg-SADG,Seg-SADG,LF-Barycenter-RadialGate-Cons,fixed,cosine,radial_cons,8,1.0,0.3928164541721344,0.6127193570137024,0.5270706415176392,0.43679136|0.54243332|0.54446536|0.54557842|0.61271936|0.60903251|0.5327279|0.39281645,0.08,0.5,0.05,0.05,0.5,0.0001,0.001,0.001,0.01,0.01,1e-06,0.5,style_rho0p5,sadg_rho0p05,9,9,19,19,new_training,5,2,103,0.08272199545587812,0.07343718090227672,0.006964021961071661,0.008936613132911069,8.630309301744482e-06,0.005826847328405295,0.0058235349133610725,0.0022240892950711505,0.892072822366442,0.0007254963025583752,0.008927982832704271,0.0,0.0,0.06503561458417348,0.13089163707835333,0.05000000000000001,14,23|31|224|171|180,56,all_filtered,9,True,D:\Running_Place\PostGraduateProjects\Experiments\PostGraduate\backbones\DisperssionWithSADG_ConstraintStyleRegularization\Seg-SADG\BaryRadGateCons\a0p08\rho0p5\gb8\sadg0p05\cons0p01\shot5\Seed2,D:\Running_Place\PostGraduateProjects\Experiments\PostGraduate\backbones\Prompts\Seg-SADG\BaryRadGateCons\a0p08\rho0p5\gb8\sadg0p05\cons0p01\shot5\Seed2
Seg-SADG,Seg-SADG,Seg-SADG,LF-Barycenter-RadialGate-Cons,fixed,cosine,radial_cons,8,1.0,0.3915858864784241,0.6143127083778381,0.5273804664611816,0.43711156|0.54344302|0.54455274|0.54576993|0.61431271|0.60971588|0.53255206|0.39158589,0.08,0.5,0.05,0.05,0.5,0.0001,0.001,0.001,0.01,0.01,1e-06,0.5,style_rho0p5,sadg_rho0p05,9,9,19,19,new_training,5,2,104,0.08263210792626653,0.07337915258748191,0.006629119394347072,0.008921499763216292,8.78020234397679e-06,0.00592622473569853,0.0059219050287668195,0.0022656742949038744,0.890530526638031,0.0007414543360937387,0.008912719586598021,0.0,0.0,0.06474092389856066,0.13130204432776996,0.05000000000000001,14,23|31|224|171|180,56,all_filtered,9,True,D:\Running_Place\PostGraduateProjects\Experiments\PostGraduate\backbones\DisperssionWithSADG_ConstraintStyleRegularization\Seg-SADG\BaryRadGateCons\a0p08\rho0p5\gb8\sadg0p05\cons0p01\shot5\Seed2,D:\Running_Place\PostGraduateProjects\Experiments\PostGraduate\backbones\Prompts\Seg-SADG\BaryRadGateCons\a0p08\rho0p5\gb8\sadg0p05\cons0p01\shot5\Seed2
Seg-SADG,Seg-SADG,Seg-SADG,LF-Barycenter-RadialGate-Cons,fixed,cosine,radial_cons,8,1.0,0.3903126120567322,0.6155905723571777,0.5276075005531311,0.43755215|0.54405403|0.54469508|0.54595965|0.61559057|0.61025667|0.53243923|0.39031261,0.08,0.5,0.05,0.05,0.5,0.0001,0.001,0.001,0.01,0.01,1e-06,0.5,style_rho0p5,sadg_rho0p05,9,9,19,19,new_training,5,2,105,0.08193416201642581,0.07265999247985226,0.006915599606665117,0.008928389687623297,8.928131397364528e-06,0.006023881857150367,0.00602397821577532,0.002301764491546367,0.8911904096603394,0.0007557675458623894,0.008919461497238703,0.0,0.0,0.06383411905595235,0.1344050711819104,0.05000000000000001,14,23|31|224|171|180,56,all_filtered,9,True,D:\Running_Place\PostGraduateProjects\Experiments\PostGraduate\backbones\DisperssionWithSADG_ConstraintStyleRegularization\Seg-SADG\BaryRadGateCons\a0p08\rho0p5\gb8\sadg0p05\cons0p01\shot5\Seed2,D:\Running_Place\PostGraduateProjects\Experiments\PostGraduate\backbones\Prompts\Seg-SADG\BaryRadGateCons\a0p08\rho0p5\gb8\sadg0p05\cons0p01\shot5\Seed2
Seg-SADG,Seg-SADG,Seg-SADG,LF-Barycenter-RadialGate-Cons,fixed,cosine,radial_cons,8,1.0,0.38895905017852783,0.6163440942764282,0.527737557888031,0.43779218|0.5443092|0.54498786|0.54617131|0.61634409|0.61105639|0.53228027|0.38895905,0.08,0.5,0.05,0.05,0.5,0.0001,0.001,0.001,0.01,0.01,1e-06,0.5,style_rho0p5,sadg_rho0p05,9,9,19,19,new_training,5,2,106,0.08137838914990425,0.0721483581832477,0.006245558981650642,0.00891775225422212,9.031912148722248e-06,0.006105570355430245,0.006103076672713671,0.002318277921793716,0.8901062437466213,0.00076581776374951,0.008908720354416541,0.0,0.0,0.06308043881186418,0.13912350790841238,0.05000000000000001,14,23|31|224|171|180,56,all_filtered,9,True,D:\Running_Place\PostGraduateProjects\Experiments\PostGraduate\backbones\DisperssionWithSADG_ConstraintStyleRegularization\Seg-SADG\BaryRadGateCons\a0p08\rho0p5\gb8\sadg0p05\cons0p01\shot5\Seed2,D:\Running_Place\PostGraduateProjects\Experiments\PostGraduate\backbones\Prompts\Seg-SADG\BaryRadGateCons\a0p08\rho0p5\gb8\sadg0p05\cons0p01\shot5\Seed2
Seg-SADG,Seg-SADG,Seg-SADG,LF-Barycenter-RadialGate-Cons,fixed,cosine,radial_cons,8,1.0,0.38756436109542847,0.6176617741584778,0.5278998017311096,0.43790153|0.54449898|0.54529631|0.54642713|0.61766177|0.61171055|0.53213799|0.38756436,0.08,0.5,0.05,0.05,0.5,0.0001,0.001,0.001,0.01,0.01,1e-06,0.5,style_rho0p5,sadg_rho0p05,9,9,19,19,new_training,5,2,107,0.08235811016389302,0.07309968290584427,0.006845204592017191,0.008916167342769248,9.148724659878229e-06,0.006200986249106271,0.006193689303472638,0.00233493627248598,0.8899284516062055,0.0007734469088193562,0.008907018695026636,0.0,0.0,0.06320120154746942,0.15119210364563124,0.05000000000000001,14,23|31|224|171|180,56,all_filtered,9,True,D:\Running_Place\PostGraduateProjects\Experiments\PostGraduate\backbones\DisperssionWithSADG_ConstraintStyleRegularization\Seg-SADG\BaryRadGateCons\a0p08\rho0p5\gb8\sadg0p05\cons0p01\shot5\Seed2,D:\Running_Place\PostGraduateProjects\Experiments\PostGraduate\backbones\Prompts\Seg-SADG\BaryRadGateCons\a0p08\rho0p5\gb8\sadg0p05\cons0p01\shot5\Seed2
Seg-SADG,Seg-SADG,Seg-SADG,LF-Barycenter-RadialGate-Cons,fixed,cosine,radial_cons,8,1.0,0.38597261905670166,0.6189941167831421,0.528158962726593,0.43844542|0.54482245|0.54571652|0.54662395|0.61899412|0.61264807|0.53204846|0.38597262,0.08,0.5,0.05,0.05,0.5,0.0001,0.001,0.001,0.01,0.01,1e-06,0.5,style_rho0p5,sadg_rho0p05,9,9,19,19,new_training,5,2,108,0.08008762927992004,0.07081677072814532,0.006909569326256003,0.008925381116569042,9.279415475508099e-06,0.006307376315817237,0.006292636739090085,0.0023560407238879372,0.8908261231013707,0.0007840799101229225,0.008916101684527738,0.0,0.0,0.062276459432074,0.13051220402121544,0.05000000000000001,14,23|31|224|171|180,56,all_filtered,9,True,D:\Running_Place\PostGraduateProjects\Experiments\PostGraduate\backbones\DisperssionWithSADG_ConstraintStyleRegularization\Seg-SADG\BaryRadGateCons\a0p08\rho0p5\gb8\sadg0p05\cons0p01\shot5\Seed2,D:\Running_Place\PostGraduateProjects\Experiments\PostGraduate\backbones\Prompts\Seg-SADG\BaryRadGateCons\a0p08\rho0p5\gb8\sadg0p05\cons0p01\shot5\Seed2
Seg-SADG,Seg-SADG,Seg-SADG,LF-Barycenter-RadialGate-Cons,fixed,cosine,radial_cons,8,1.0,0.384633868932724,0.6204745173454285,0.5284250974655151,0.43892241|0.54516625|0.5459938|0.54680294|0.62047452|0.61337447|0.53203255|0.38463387,0.08,0.5,0.05,0.05,0.5,0.0001,0.001,0.001,0.01,0.01,1e-06,0.5,style_rho0p5,sadg_rho0p05,9,9,19,19,new_training,5,2,109,0.08012333884835243,0.07088783968772207,0.00635381944344512,0.008917807401823146,9.411926514855753e-06,0.00641665660909244,0.0063931803950773814,0.0023770798330328296,0.8900395163467952,0.0008000477308606995,0.008908395455884082,0.0,0.0,0.062111502779381614,0.1343218380851405,0.05000000000000001,14,23|31|224|171|180,56,all_filtered,9,True,D:\Running_Place\PostGraduateProjects\Experiments\PostGraduate\backbones\DisperssionWithSADG_ConstraintStyleRegularization\Seg-SADG\BaryRadGateCons\a0p08\rho0p5\gb8\sadg0p05\cons0p01\shot5\Seed2,D:\Running_Place\PostGraduateProjects\Experiments\PostGraduate\backbones\Prompts\Seg-SADG\BaryRadGateCons\a0p08\rho0p5\gb8\sadg0p05\cons0p01\shot5\Seed2
Seg-SADG,Seg-SADG,Seg-SADG,LF-Barycenter-RadialGate-Cons,fixed,cosine,radial_cons,8,1.0,0.3829300105571747,0.6206928491592407,0.5284171104431152,0.43898252|0.54506034|0.54641664|0.54707456|0.62069285|0.61431921|0.53186083|0.38293001,0.08,0.5,0.05,0.05,0.5,0.0001,0.001,0.001,0.01,0.01,1e-06,0.5,style_rho0p5,sadg_rho0p05,9,9,19,19,new_training,5,2,110,0.07997387700847217,0.07071507456047195,0.0067922133353671855,0.008919191613261188,9.51483700971169e-06,0.006511698942631483,0.006480794599545854,0.002382872127262609,0.8901600071362087,0.000807674348054986,0.008909676689654589,0.0,0.0,0.06166944493140493,0.14011740099106515,0.05000000000000001,14,23|31|224|171|180,56,all_filtered,9,True,D:\Running_Place\PostGraduateProjects\Experiments\PostGraduate\backbones\DisperssionWithSADG_ConstraintStyleRegularization\Seg-SADG\BaryRadGateCons\a0p08\rho0p5\gb8\sadg0p05\cons0p01\shot5\Seed2,D:\Running_Place\PostGraduateProjects\Experiments\PostGraduate\backbones\Prompts\Seg-SADG\BaryRadGateCons\a0p08\rho0p5\gb8\sadg0p05\cons0p01\shot5\Seed2
Seg-SADG,Seg-SADG,Seg-SADG,LF-Barycenter-RadialGate-Cons,fixed,cosine,radial_cons,8,1.0,0.3814723789691925,0.6215642094612122,0.5285707712173462,0.43917298|0.5455218|0.54672676|0.5472247|0.62156421|0.61512458|0.53175879|0.38147238,0.08,0.5,0.05,0.05,0.5,0.0001,0.001,0.001,0.01,0.01,1e-06,0.5,style_rho0p5,sadg_rho0p05,9,9,19,19,new_training,5,2,111,0.07941756237830434,0.07020174445850509,0.006077305580090199,0.008911953108119113,9.63214675461391e-06,0.006604633427092007,0.006577258630256567,0.002394424402154982,0.8894217227186475,0.0008103830706594246,0.008902320904391152,0.0,0.0,0.06140988054020064,0.1377059854567051,0.05000000000000001,14,23|31|224|171|180,56,all_filtered,9,True,D:\Running_Place\PostGraduateProjects\Experiments\PostGraduate\backbones\DisperssionWithSADG_ConstraintStyleRegularization\Seg-SADG\BaryRadGateCons\a0p08\rho0p5\gb8\sadg0p05\cons0p01\shot5\Seed2,D:\Running_Place\PostGraduateProjects\Experiments\PostGraduate\backbones\Prompts\Seg-SADG\BaryRadGateCons\a0p08\rho0p5\gb8\sadg0p05\cons0p01\shot5\Seed2
Seg-SADG,Seg-SADG,Seg-SADG,LF-Barycenter-RadialGate-Cons,fixed,cosine,radial_cons,8,1.0,0.3798269033432007,0.6223392486572266,0.5286579132080078,0.43944976|0.54595727|0.54687828|0.54737651|0.62233925|0.61582559|0.53160977|0.3798269,0.08,0.5,0.05,0.05,0.5,0.0001,0.001,0.001,0.01,0.01,1e-06,0.5,style_rho0p5,sadg_rho0p05,9,9,19,19,new_training,5,2,112,0.07781558962804931,0.06857294216752052,0.00650972207742078,0.008917160066110747,9.764098974431232e-06,0.0067051602194884,0.006679078031863485,0.002414504348832582,0.8899207498346057,0.0008188450966762113,0.008907395880669355,0.0,0.0,0.060437356787068505,0.12789246173841612,0.05000000000000001,14,23|31|224|171|180,56,all_filtered,9,True,D:\Running_Place\PostGraduateProjects\Experiments\PostGraduate\backbones\DisperssionWithSADG_ConstraintStyleRegularization\Seg-SADG\BaryRadGateCons\a0p08\rho0p5\gb8\sadg0p05\cons0p01\shot5\Seed2,D:\Running_Place\PostGraduateProjects\Experiments\PostGraduate\backbones\Prompts\Seg-SADG\BaryRadGateCons\a0p08\rho0p5\gb8\sadg0p05\cons0p01\shot5\Seed2
Seg-SADG,Seg-SADG,Seg-SADG,LF-Barycenter-RadialGate-Cons,fixed,cosine,radial_cons,8,1.0,0.3783758282661438,0.6232117414474487,0.5287799835205078,0.43972015|0.54627204|0.54699165|0.54756904|0.62321174|0.61658639|0.53151309|0.37837583,0.08,0.5,0.05,0.05,0.5,0.0001,0.001,0.001,0.01,0.01,1e-06,0.5,style_rho0p5,sadg_rho0p05,9,9,19,19,new_training,5,2,113,0.07713653519749641,0.06791457480617932,0.006125369508351598,0.008915692567825317,9.88832490682918e-06,0.006799173641151616,0.006777768522234899,0.002430638631007501,0.8897554278373718,0.0008250113293927695,0.008905804250389338,0.0,0.0,0.05962022766470909,0.126516405493021,0.05000000000000001,14,23|31|224|171|180,56,all_filtered,9,True,D:\Running_Place\PostGraduateProjects\Experiments\PostGraduate\backbones\DisperssionWithSADG_ConstraintStyleRegularization\Seg-SADG\BaryRadGateCons\a0p08\rho0p5\gb8\sadg0p05\cons0p01\shot5\Seed2,D:\Running_Place\PostGraduateProjects\Experiments\PostGraduate\backbones\Prompts\Seg-SADG\BaryRadGateCons\a0p08\rho0p5\gb8\sadg0p05\cons0p01\shot5\Seed2
Seg-SADG,Seg-SADG,Seg-SADG,LF-Barycenter-RadialGate-Cons,fixed,cosine,radial_cons,8,1.0,0.3770248293876648,0.6245087385177612,0.5290356874465942,0.44008693|0.54683989|0.5471406|0.54781365|0.62450874|0.61745369|0.53141713|0.37702483,0.08,0.5,0.05,0.05,0.5,0.0001,0.001,0.001,0.01,0.01,1e-06,0.5,style_rho0p5,sadg_rho0p05,9,9,19,19,new_training,5,2,114,0.0768261541213308,0.06761522378240313,0.005980206021506872,0.008911920977490289,1.0025315207583065e-05,0.006904466011162315,0.006880979619121977,0.002453888433852366,0.8893545653138842,0.0008349903426798326,0.00890189562258976,0.0,0.0,0.05909003796322005,0.12956912709133966,0.05000000000000001,14,23|31|224|171|180,56,all_filtered,9,True,D:\Running_Place\PostGraduateProjects\Experiments\PostGraduate\backbones\DisperssionWithSADG_ConstraintStyleRegularization\Seg-SADG\BaryRadGateCons\a0p08\rho0p5\gb8\sadg0p05\cons0p01\shot5\Seed2,D:\Running_Place\PostGraduateProjects\Experiments\PostGraduate\backbones\Prompts\Seg-SADG\BaryRadGateCons\a0p08\rho0p5\gb8\sadg0p05\cons0p01\shot5\Seed2
Seg-SADG,Seg-SADG,Seg-SADG,LF-Barycenter-RadialGate-Cons,fixed,cosine,radial_cons,8,1.0,0.37541714310646057,0.6255008578300476,0.529213547706604,0.44041818|0.54746366|0.54729962|0.54803908|0.62550086|0.6183055|0.53126466|0.37541714,0.08,0.5,0.05,0.05,0.5,0.0001,0.001,0.001,0.01,0.01,1e-06,0.5,style_rho0p5,sadg_rho0p05,9,9,19,19,new_training,5,2,115,0.07482902386358806,0.06564519314893655,0.005482339599568929,0.008909714674311025,1.0176862295858363e-05,0.007017297869814294,0.006994799245148897,0.002480332872697285,0.8891046728406634,0.0008491469239483454,0.008899537846446037,0.0,0.0,0.05793284358722823,0.1201147809624672,0.05000000000000001,14,23|31|224|171|180,56,all_filtered,9,True,D:\Running_Place\PostGraduateProjects\Experiments\PostGraduate\backbones\DisperssionWithSADG_ConstraintStyleRegularization\Seg-SADG\BaryRadGateCons\a0p08\rho0p5\gb8\sadg0p05\cons0p01\shot5\Seed2,D:\Running_Place\PostGraduateProjects\Experiments\PostGraduate\backbones\Prompts\Seg-SADG\BaryRadGateCons\a0p08\rho0p5\gb8\sadg0p05\cons0p01\shot5\Seed2
Seg-SADG,Seg-SADG,Seg-SADG,LF-Barycenter-RadialGate-Cons,fixed,cosine,radial_cons,8,1.0,0.3738129436969757,0.626610517501831,0.5293757915496826,0.44077548|0.54804415|0.54755777|0.5481748|0.62661052|0.61887282|0.53115743|0.37381294,0.08,0.5,0.05,0.05,0.5,0.0001,0.001,0.001,0.01,0.01,1e-06,0.5,style_rho0p5,sadg_rho0p05,9,9,19,19,new_training,5,2,116,0.07551761769822665,0.06630149244197778,0.005985300987958908,0.008916858716734819,1.0322683335419112e-05,0.007120212240676794,0.0071040810684540445,0.0025065805363867965,0.8897960100855146,0.0008576182839793286,0.008906536003840821,0.0,0.0,0.05796539304511888,0.129789444484881,0.05000000000000001,14,23|31|224|171|180,56,all_filtered,9,True,D:\Running_Place\PostGraduateProjects\Experiments\PostGraduate\backbones\DisperssionWithSADG_ConstraintStyleRegularization\Seg-SADG\BaryRadGateCons\a0p08\rho0p5\gb8\sadg0p05\cons0p01\shot5\Seed2,D:\Running_Place\PostGraduateProjects\Experiments\PostGraduate\backbones\Prompts\Seg-SADG\BaryRadGateCons\a0p08\rho0p5\gb8\sadg0p05\cons0p01\shot5\Seed2
Seg-SADG,Seg-SADG,Seg-SADG,LF-Barycenter-RadialGate-Cons,fixed,cosine,radial_cons,8,1.0,0.37226495146751404,0.6277077794075012,0.5295028686523438,0.44079354|0.54862463|0.54775131|0.5483911|0.62770778|0.61943561|0.53105438|0.37226495,0.08,0.5,0.05,0.05,0.5,0.0001,0.001,0.001,0.01,0.01,1e-06,0.5,style_rho0p5,sadg_rho0p05,9,9,19,19,new_training,5,2,117,0.07566438083137784,0.06647351463990551,0.0057265794769461665,0.008904538117349148,1.0483972930939802e-05,0.007234282425737807,0.007222063540081892,0.002538480779289135,0.8885391354560852,0.000866299998181473,0.00889405415260366,0.0,0.0,0.057535425892898014,0.1328261670257364,0.05000000000000001,14,23|31|224|171|180,56,all_filtered,9,True,D:\Running_Place\PostGraduateProjects\Experiments\PostGraduate\backbones\DisperssionWithSADG_ConstraintStyleRegularization\Seg-SADG\BaryRadGateCons\a0p08\rho0p5\gb8\sadg0p05\cons0p01\shot5\Seed2,D:\Running_Place\PostGraduateProjects\Experiments\PostGraduate\backbones\Prompts\Seg-SADG\BaryRadGateCons\a0p08\rho0p5\gb8\sadg0p05\cons0p01\shot5\Seed2
Seg-SADG,Seg-SADG,Seg-SADG,LF-Barycenter-RadialGate-Cons,fixed,cosine,radial_cons,8,1.0,0.37072113156318665,0.6288038492202759,0.529650866985321,0.441136|0.54880369|0.54793143|0.54865634|0.62880385|0.62016213|0.53099257|0.37072113,0.08,0.5,0.05,0.05,0.5,0.0001,0.001,0.001,0.01,0.01,1e-06,0.5,style_rho0p5,sadg_rho0p05,9,9,19,19,new_training,5,2,118,0.07352108189037868,0.06432208817984376,0.005518398247659206,0.008923073764890432,1.0639448841435037e-05,0.007342160113954118,0.007336830753566963,0.0025684014627976076,0.8903696238994598,0.0008738181620304074,0.008912434202751942,0.0,0.0,0.05684094849441733,0.11951055590595518,0.05000000000000001,14,23|31|224|171|180,56,all_filtered,9,True,D:\Running_Place\PostGraduateProjects\Experiments\PostGraduate\backbones\DisperssionWithSADG_ConstraintStyleRegularization\Seg-SADG\BaryRadGateCons\a0p08\rho0p5\gb8\sadg0p05\cons0p01\shot5\Seed2,D:\Running_Place\PostGraduateProjects\Experiments\PostGraduate\backbones\Prompts\Seg-SADG\BaryRadGateCons\a0p08\rho0p5\gb8\sadg0p05\cons0p01\shot5\Seed2
Seg-SADG,Seg-SADG,Seg-SADG,LF-Barycenter-RadialGate-Cons,fixed,cosine,radial_cons,8,1.0,0.3692188560962677,0.6297191381454468,0.5298197865486145,0.44159457|0.54884583|0.54827094|0.54894555|0.62971914|0.62105745|0.53090578|0.36921886,0.08,0.5,0.05,0.05,0.5,0.0001,0.001,0.001,0.01,0.01,1e-06,0.5,style_rho0p5,sadg_rho0p05,9,9,19,19,new_training,5,2,119,0.07452244205134255,0.06532315563942705,0.005789986445701548,0.00890978831531746,1.0747549302842735e-05,0.007451058332143086,0.00743042368308774,0.002572019401538585,0.8890204344476972,0.0008836568491200783,0.008899040786283357,0.0,0.0,0.05692437370972974,0.1274243545319353,0.05000000000000001,14,23|31|224|171|180,56,all_filtered,9,True,D:\Running_Place\PostGraduateProjects\Experiments\PostGraduate\backbones\DisperssionWithSADG_ConstraintStyleRegularization\Seg-SADG\BaryRadGateCons\a0p08\rho0p5\gb8\sadg0p05\cons0p01\shot5\Seed2,D:\Running_Place\PostGraduateProjects\Experiments\PostGraduate\backbones\Prompts\Seg-SADG\BaryRadGateCons\a0p08\rho0p5\gb8\sadg0p05\cons0p01\shot5\Seed2
Seg-SADG,Seg-SADG,Seg-SADG,LF-Barycenter-RadialGate-Cons,fixed,cosine,radial_cons,8,1.0,0.3675684630870819,0.6305413246154785,0.5300676822662354,0.44214734|0.54967469|0.54856592|0.54919094|0.63054132|0.62212729|0.53072554|0.36756846,0.08,0.5,0.05,0.05,0.5,0.0001,0.001,0.001,0.01,0.01,1e-06,0.5,style_rho0p5,sadg_rho0p05,9,9,19,19,new_training,5,2,120,0.07299942416804177,0.06380136577146393,0.005880542864490833,0.008904029615223408,1.0875827034137078e-05,0.007561191982988801,0.007535787498844522,0.0025839199578123434,0.8884193684373584,0.0008960284633628492,0.008893153763243131,0.0,0.0,0.05583293948854719,0.12047872745565005,0.05000000000000001,14,23|31|224|171|180,56,all_filtered,9,True,D:\Running_Place\PostGraduateProjects\Experiments\PostGraduate\backbones\DisperssionWithSADG_ConstraintStyleRegularization\Seg-SADG\BaryRadGateCons\a0p08\rho0p5\gb8\sadg0p05\cons0p01\shot5\Seed2,D:\Running_Place\PostGraduateProjects\Experiments\PostGraduate\backbones\Prompts\Seg-SADG\BaryRadGateCons\a0p08\rho0p5\gb8\sadg0p05\cons0p01\shot5\Seed2
Seg-SADG,Seg-SADG,Seg-SADG,LF-Barycenter-RadialGate-Cons,fixed,cosine,radial_cons,8,1.0,0.36597639322280884,0.6315717697143555,0.5302623510360718,0.44249633|0.55014956|0.54884654|0.54954857|0.63157177|0.62291861|0.53059101|0.36597639,0.08,0.5,0.05,0.05,0.5,0.0001,0.001,0.001,0.01,0.01,1e-06,0.5,style_rho0p5,sadg_rho0p05,9,9,19,19,new_training,5,2,121,0.07493180249418531,0.06572066247463226,0.005818081687071494,0.008920235492821251,1.1034263739670028e-05,0.00768782095318394,0.007659382353137646,0.002606098972527044,0.8900093138217926,0.0009108398101359073,0.008909201316003288,0.0,0.0,0.05649766485605921,0.1400393151811191,0.05000000000000001,14,23|31|224|171|180,56,all_filtered,9,True,D:\Running_Place\PostGraduateProjects\Experiments\PostGraduate\backbones\DisperssionWithSADG_ConstraintStyleRegularization\Seg-SADG\BaryRadGateCons\a0p08\rho0p5\gb8\sadg0p05\cons0p01\shot5\Seed2,D:\Running_Place\PostGraduateProjects\Experiments\PostGraduate\backbones\Prompts\Seg-SADG\BaryRadGateCons\a0p08\rho0p5\gb8\sadg0p05\cons0p01\shot5\Seed2
Seg-SADG,Seg-SADG,Seg-SADG,LF-Barycenter-RadialGate-Cons,fixed,cosine,radial_cons,8,1.0,0.3647346496582031,0.6324988007545471,0.5303364992141724,0.44249222|0.55041075|0.54887122|0.54983217|0.6324988|0.62343532|0.53041685|0.36473465,0.08,0.5,0.05,0.05,0.5,0.0001,0.001,0.001,0.01,0.01,1e-06,0.5,style_rho0p5,sadg_rho0p05,9,9,19,19,new_training,5,2,122,0.07201791714344706,0.06281974885080542,0.00556647391723735,0.008919844936047281,1.1170024663442746e-05,0.007793429307639599,0.007760609200756464,0.002630072196812502,0.8899492493697575,0.0009182707290165126,0.008908674919179507,0.0,0.0,0.05524048688156264,0.11620411276817322,0.05000000000000001,14,23|31|224|171|180,56,all_filtered,9,True,D:\Running_Place\PostGraduateProjects\Experiments\PostGraduate\backbones\DisperssionWithSADG_ConstraintStyleRegularization\Seg-SADG\BaryRadGateCons\a0p08\rho0p5\gb8\sadg0p05\cons0p01\shot5\Seed2,D:\Running_Place\PostGraduateProjects\Experiments\PostGraduate\backbones\Prompts\Seg-SADG\BaryRadGateCons\a0p08\rho0p5\gb8\sadg0p05\cons0p01\shot5\Seed2
Seg-SADG,Seg-SADG,Seg-SADG,LF-Barycenter-RadialGate-Cons,fixed,cosine,radial_cons,8,1.0,0.36344432830810547,0.6332483291625977,0.5304760932922363,0.44279617|0.55084717|0.54908431|0.55010194|0.63324833|0.62396502|0.53032166|0.36344433,0.08,0.5,0.05,0.05,0.5,0.0001,0.001,0.001,0.01,0.01,1e-06,0.5,style_rho0p5,sadg_rho0p05,9,9,19,19,new_training,5,2,123,0.07029061977352415,0.06110638619533607,0.005391126731410623,0.008914676228804248,1.1285137134109391e-05,0.007881727801369769,0.007850902587441462,0.0026460613922349046,0.8894158346312386,0.0009232932643499225,0.008903391193598509,0.0,0.0,0.0542047635785171,0.10676454167280879,0.05000000000000001,14,23|31|224|171|180,56,all_filtered,9,True,D:\Running_Place\PostGraduateProjects\Experiments\PostGraduate\backbones\DisperssionWithSADG_ConstraintStyleRegularization\Seg-SADG\BaryRadGateCons\a0p08\rho0p5\gb8\sadg0p05\cons0p01\shot5\Seed2,D:\Running_Place\PostGraduateProjects\Experiments\PostGraduate\backbones\Prompts\Seg-SADG\BaryRadGateCons\a0p08\rho0p5\gb8\sadg0p05\cons0p01\shot5\Seed2
Seg-SADG,Seg-SADG,Seg-SADG,LF-Barycenter-RadialGate-Cons,fixed,cosine,radial_cons,8,1.0,0.3617652952671051,0.6342062950134277,0.5306169390678406,0.44303298|0.55131447|0.54932207|0.55039918|0.6342063|0.62476254|0.53013283|0.3617653,0.08,0.5,0.05,0.05,0.5,0.0001,0.001,0.001,0.01,0.01,1e-06,0.5,style_rho0p5,sadg_rho0p05,9,9,19,19,new_training,5,2,124,0.07084461195128304,0.06165659773562636,0.004935132173289146,0.008941257971205882,1.1418988378864015e-05,0.007987506288502897,0.007954520306416921,0.0026657169551721643,0.8920526291642871,0.0009312775426743818,0.00892983895859548,0.0,0.0,0.053742303646036556,0.11945881960647446,0.05000000000000001,14,23|31|224|171|180,56,all_filtered,9,True,D:\Running_Place\PostGraduateProjects\Experiments\PostGraduate\backbones\DisperssionWithSADG_ConstraintStyleRegularization\Seg-SADG\BaryRadGateCons\a0p08\rho0p5\gb8\sadg0p05\cons0p01\shot5\Seed2,D:\Running_Place\PostGraduateProjects\Experiments\PostGraduate\backbones\Prompts\Seg-SADG\BaryRadGateCons\a0p08\rho0p5\gb8\sadg0p05\cons0p01\shot5\Seed2
Seg-SADG,Seg-SADG,Seg-SADG,LF-Barycenter-RadialGate-Cons,fixed,cosine,radial_cons,8,1.0,0.36031657457351685,0.6353400945663452,0.530835747718811,0.4432919|0.55192614|0.54965889|0.55069363|0.63534009|0.62556082|0.52989775|0.36031657,0.08,0.5,0.05,0.05,0.5,0.0001,0.001,0.001,0.01,0.01,1e-06,0.5,style_rho0p5,sadg_rho0p05,9,9,19,19,new_training,5,2,125,0.07101746648550034,0.06183898129633495,0.005415516373302255,0.00890770913766963,1.157870922595196e-05,0.008112379017152957,0.008074803477419274,0.00269266711880586,0.8886690224920001,0.0009440467900796128,0.008896130469760724,0.0,0.0,0.053609447819846015,0.12474090978503227,0.05000000000000001,14,23|31|224|171|180,56,all_filtered,9,True,D:\Running_Place\PostGraduateProjects\Experiments\PostGraduate\backbones\DisperssionWithSADG_ConstraintStyleRegularization\Seg-SADG\BaryRadGateCons\a0p08\rho0p5\gb8\sadg0p05\cons0p01\shot5\Seed2,D:\Running_Place\PostGraduateProjects\Experiments\PostGraduate\backbones\Prompts\Seg-SADG\BaryRadGateCons\a0p08\rho0p5\gb8\sadg0p05\cons0p01\shot5\Seed2
Seg-SADG,Seg-SADG,Seg-SADG,LF-Barycenter-RadialGate-Cons,fixed,cosine,radial_cons,8,1.0,0.35884344577789307,0.6363292932510376,0.5309556722640991,0.44356871|0.55250031|0.54991585|0.55095279|0.63632929|0.62585914|0.5296756|0.35884345,0.08,0.5,0.05,0.05,0.5,0.0001,0.001,0.001,0.01,0.01,1e-06,0.5,style_rho0p5,sadg_rho0p05,9,9,19,19,new_training,5,2,126,0.07035409712365695,0.061170852343950956,0.005454610783739814,0.008910514414310455,1.1736165041449048e-05,0.008228875896228212,0.008190081587859563,0.0027231955069250296,0.8889229340212685,0.0009549015417828091,0.008898778219840356,0.0,0.0,0.05322005360254219,0.12057303690484591,0.05000000000000001,14,23|31|224|171|180,56,all_filtered,9,True,D:\Running_Place\PostGraduateProjects\Experiments\PostGraduate\backbones\DisperssionWithSADG_ConstraintStyleRegularization\Seg-SADG\BaryRadGateCons\a0p08\rho0p5\gb8\sadg0p05\cons0p01\shot5\Seed2,D:\Running_Place\PostGraduateProjects\Experiments\PostGraduate\backbones\Prompts\Seg-SADG\BaryRadGateCons\a0p08\rho0p5\gb8\sadg0p05\cons0p01\shot5\Seed2
Seg-SADG,Seg-SADG,Seg-SADG,LF-Barycenter-RadialGate-Cons,fixed,cosine,radial_cons,8,1.0,0.3575122654438019,0.6373802423477173,0.5310851335525513,0.44391578|0.55281162|0.55007398|0.55126423|0.63738024|0.62620777|0.52951527|0.35751227,0.08,0.5,0.05,0.05,0.5,0.0001,0.001,0.001,0.01,0.01,1e-06,0.5,style_rho0p5,sadg_rho0p05,9,9,19,19,new_training,5,2,127,0.07132307440042496,0.06214382738939354,0.005456526530906558,0.008906421384641103,1.1861443259216945e-05,0.008327691416655267,0.008285444628979479,0.0027432291036737816,0.88849390404565,0.0009621195536705532,0.008894559860761677,0.0,0.0,0.053578684638653486,0.13106905509318625,0.05000000000000001,14,23|31|224|171|180,56,all_filtered,9,True,D:\Running_Place\PostGraduateProjects\Experiments\PostGraduate\backbones\DisperssionWithSADG_ConstraintStyleRegularization\Seg-SADG\BaryRadGateCons\a0p08\rho0p5\gb8\sadg0p05\cons0p01\shot5\Seed2,D:\Running_Place\PostGraduateProjects\Experiments\PostGraduate\backbones\Prompts\Seg-SADG\BaryRadGateCons\a0p08\rho0p5\gb8\sadg0p05\cons0p01\shot5\Seed2
Seg-SADG,Seg-SADG,Seg-SADG,LF-Barycenter-RadialGate-Cons,fixed,cosine,radial_cons,8,1.0,0.3561771810054779,0.6380074620246887,0.5311505794525146,0.44405746|0.55295962|0.55039501|0.55152076|0.63800746|0.62682974|0.5292576|0.35617718,0.08,0.5,0.05,0.05,0.5,0.0001,0.001,0.001,0.01,0.01,1e-06,0.5,style_rho0p5,sadg_rho0p05,9,9,19,19,new_training,5,2,128,0.07189712167850562,0.06269789886261735,0.005431918859747904,0.008927626335727317,1.1973280054787341e-05,0.008422429141189371,0.008372798761618989,0.0027582376995789154,0.8905960278851646,0.0009693080459588341,0.008915653119661979,0.0,0.0,0.053789914452603886,0.13557398851428712,0.05000000000000001,14,23|31|224|171|180,56,all_filtered,9,True,D:\Running_Place\PostGraduateProjects\Experiments\PostGraduate\backbones\DisperssionWithSADG_ConstraintStyleRegularization\Seg-SADG\BaryRadGateCons\a0p08\rho0p5\gb8\sadg0p05\cons0p01\shot5\Seed2,D:\Running_Place\PostGraduateProjects\Experiments\PostGraduate\backbones\Prompts\Seg-SADG\BaryRadGateCons\a0p08\rho0p5\gb8\sadg0p05\cons0p01\shot5\Seed2
Seg-SADG,Seg-SADG,Seg-SADG,LF-Barycenter-RadialGate-Cons,fixed,cosine,radial_cons,8,1.0,0.3547007739543915,0.6387403011322021,0.5312406420707703,0.44439113|0.55315232|0.55046344|0.55177808|0.6387403|0.62752616|0.52917302|0.35470077,0.08,0.5,0.05,0.05,0.5,0.0001,0.001,0.001,0.01,0.01,1e-06,0.5,style_rho0p5,sadg_rho0p05,9,9,19,19,new_training,5,2,129,0.07131810140396867,0.062139617811356275,0.005258586274326912,0.008915553601192576,1.2087447820314473e-05,0.008525376274649586,0.008468788117170334,0.0027661214116960764,0.8893743370260511,0.0009723063807801477,0.008903466298111848,0.0,0.0,0.05348134785890579,0.13419502707464354,0.05000000000000001,14,23|31|224|171|180,56,all_filtered,9,True,D:\Running_Place\PostGraduateProjects\Experiments\PostGraduate\backbones\DisperssionWithSADG_ConstraintStyleRegularization\Seg-SADG\BaryRadGateCons\a0p08\rho0p5\gb8\sadg0p05\cons0p01\shot5\Seed2,D:\Running_Place\PostGraduateProjects\Experiments\PostGraduate\backbones\Prompts\Seg-SADG\BaryRadGateCons\a0p08\rho0p5\gb8\sadg0p05\cons0p01\shot5\Seed2
Seg-SADG,Seg-SADG,Seg-SADG,LF-Barycenter-RadialGate-Cons,fixed,cosine,radial_cons,8,1.0,0.35309717059135437,0.6394946575164795,0.5314344167709351,0.44491532|0.55392659|0.55074531|0.55202103|0.63949466|0.62825453|0.52902073|0.35309717,0.08,0.5,0.05,0.05,0.5,0.0001,0.001,0.001,0.01,0.01,1e-06,0.5,style_rho0p5,sadg_rho0p05,9,9,19,19,new_training,5,2,130,0.06935039508555617,0.06018657849303314,0.005340557944561754,0.008896788316113608,1.2218781453806774e-05,0.008629649677979094,0.008575413908277239,0.0027804019461785045,0.8874759078025818,0.0009810694526614888,0.008884569563503777,0.0,0.0,0.05238947910921914,0.12354604687009539,0.05000000000000001,14,23|31|224|171|180,56,all_filtered,9,True,D:\Running_Place\PostGraduateProjects\Experiments\PostGraduate\backbones\DisperssionWithSADG_ConstraintStyleRegularization\Seg-SADG\BaryRadGateCons\a0p08\rho0p5\gb8\sadg0p05\cons0p01\shot5\Seed2,D:\Running_Place\PostGraduateProjects\Experiments\PostGraduate\backbones\Prompts\Seg-SADG\BaryRadGateCons\a0p08\rho0p5\gb8\sadg0p05\cons0p01\shot5\Seed2
Seg-SADG,Seg-SADG,Seg-SADG,LF-Barycenter-RadialGate-Cons,fixed,cosine,radial_cons,8,1.0,0.351693332195282,0.6401949524879456,0.5315832495689392,0.44533792|0.55437118|0.55090714|0.55234849|0.64019495|0.62896073|0.52885205|0.35169333,0.08,0.5,0.05,0.05,0.5,0.0001,0.001,0.001,0.01,0.01,1e-06,0.5,style_rho0p5,sadg_rho0p05,9,9,19,19,new_training,5,2,131,0.06889804106737886,0.059731793722936084,0.005130769368926329,0.008909709418990783,1.2353283896767867e-05,0.008743614091404847,0.008683985697903804,0.0027949363824778368,0.8887426257133484,0.0009930071204767696,0.00889735615679196,0.0,0.0,0.051665088161826134,0.12434665432998113,0.05000000000000001,14,23|31|224|171|180,56,all_filtered,9,True,D:\Running_Place\PostGraduateProjects\Experiments\PostGraduate\backbones\DisperssionWithSADG_ConstraintStyleRegularization\Seg-SADG\BaryRadGateCons\a0p08\rho0p5\gb8\sadg0p05\cons0p01\shot5\Seed2,D:\Running_Place\PostGraduateProjects\Experiments\PostGraduate\backbones\Prompts\Seg-SADG\BaryRadGateCons\a0p08\rho0p5\gb8\sadg0p05\cons0p01\shot5\Seed2
Seg-SADG,Seg-SADG,Seg-SADG,LF-Barycenter-RadialGate-Cons,fixed,cosine,radial_cons,8,1.0,0.3498125374317169,0.6411105990409851,0.5315644145011902,0.44546977|0.55437309|0.55101484|0.55266845|0.6411106|0.62949449|0.52857172|0.34981254,0.08,0.5,0.05,0.05,0.5,0.0001,0.001,0.001,0.01,0.01,1e-06,0.5,style_rho0p5,sadg_rho0p05,9,9,19,19,new_training,5,2,132,0.06874796189367771,0.05959560376192842,0.0048295244840638974,0.008910882419773511,1.2489089125925343e-05,0.008858621186975921,0.00879261948700462,0.00281060699905668,0.8888403986181531,0.0009989828104153275,0.008898393450570958,0.0,0.0,0.05156479163893631,0.12410793879202434,0.05000000000000001,14,23|31|224|171|180,56,all_filtered,9,True,D:\Running_Place\PostGraduateProjects\Experiments\PostGraduate\backbones\DisperssionWithSADG_ConstraintStyleRegularization\Seg-SADG\BaryRadGateCons\a0p08\rho0p5\gb8\sadg0p05\cons0p01\shot5\Seed2,D:\Running_Place\PostGraduateProjects\Experiments\PostGraduate\backbones\Prompts\Seg-SADG\BaryRadGateCons\a0p08\rho0p5\gb8\sadg0p05\cons0p01\shot5\Seed2
Seg-SADG,Seg-SADG,Seg-SADG,LF-Barycenter-RadialGate-Cons,fixed,cosine,radial_cons,8,1.0,0.34817761182785034,0.6417516469955444,0.5317039489746094,0.44602054|0.55466563|0.55120718|0.55293965|0.64175165|0.63036478|0.52850425|0.34817761,0.08,0.5,0.05,0.05,0.5,0.0001,0.001,0.001,0.01,0.01,1e-06,0.5,style_rho0p5,sadg_rho0p05,9,9,19,19,new_training,5,2,133,0.06690281469907079,0.057744362258485386,0.004990144466449108,0.008908945734479598,1.2617719091524901e-05,0.008975222440702575,0.008906940397407328,0.0028132558633972493,0.8886340813977378,0.0009987311288049178,0.008896328043192625,0.0,0.0,0.050624782485621314,0.1101752163044044,0.05000000000000001,14,23|31|224|171|180,56,all_filtered,9,True,D:\Running_Place\PostGraduateProjects\Experiments\PostGraduate\backbones\DisperssionWithSADG_ConstraintStyleRegularization\Seg-SADG\BaryRadGateCons\a0p08\rho0p5\gb8\sadg0p05\cons0p01\shot5\Seed2,D:\Running_Place\PostGraduateProjects\Experiments\PostGraduate\backbones\Prompts\Seg-SADG\BaryRadGateCons\a0p08\rho0p5\gb8\sadg0p05\cons0p01\shot5\Seed2
Seg-SADG,Seg-SADG,Seg-SADG,LF-Barycenter-RadialGate-Cons,fixed,cosine,radial_cons,8,1.0,0.34689489006996155,0.6424862146377563,0.5318408608436584,0.44646692|0.55497015|0.55145758|0.55326957|0.64248621|0.63089508|0.52828658|0.34689489,0.08,0.5,0.05,0.05,0.5,0.0001,0.001,0.001,0.01,0.01,1e-06,0.5,style_rho0p5,sadg_rho0p05,9,9,19,19,new_training,5,2,134,0.06901771841304642,0.059844376519322395,0.005390459239216787,0.00890381827152201,1.2722758713477691e-05,0.009077394381165504,0.008999057247170381,0.002815961588307151,0.8881002068519592,0.0010093653607847436,0.00889109554035323,0.0,0.0,0.05112515123827117,0.13206094982368605,0.05000000000000001,14,23|31|224|171|180,56,all_filtered,9,True,D:\Running_Place\PostGraduateProjects\Experiments\PostGraduate\backbones\DisperssionWithSADG_ConstraintStyleRegularization\Seg-SADG\BaryRadGateCons\a0p08\rho0p5\gb8\sadg0p05\cons0p01\shot5\Seed2,D:\Running_Place\PostGraduateProjects\Experiments\PostGraduate\backbones\Prompts\Seg-SADG\BaryRadGateCons\a0p08\rho0p5\gb8\sadg0p05\cons0p01\shot5\Seed2
Seg-SADG,Seg-SADG,Seg-SADG,LF-Barycenter-RadialGate-Cons,fixed,cosine,radial_cons,8,1.0,0.3453734517097473,0.6433542966842651,0.5319951772689819,0.44682235|0.55536544|0.55180091|0.55363756|0.6433543|0.63145745|0.52815026|0.34537345,0.08,0.5,0.05,0.05,0.5,0.0001,0.001,0.001,0.01,0.01,1e-06,0.5,style_rho0p5,sadg_rho0p05,9,9,19,19,new_training,5,2,135,0.06907187508685249,0.05989843473902771,0.005312264082022011,0.008907826550837075,1.2837760615574162e-05,0.009183652898562806,0.009091890683131558,0.0028275042672508527,0.8884801311152322,0.0010187498410232365,0.008894988734807287,0.0,0.0,0.05109687974410398,0.13229665266616003,0.05000000000000001,14,23|31|224|171|180,56,all_filtered,9,True,D:\Running_Place\PostGraduateProjects\Experiments\PostGraduate\backbones\DisperssionWithSADG_ConstraintStyleRegularization\Seg-SADG\BaryRadGateCons\a0p08\rho0p5\gb8\sadg0p05\cons0p01\shot5\Seed2,D:\Running_Place\PostGraduateProjects\Experiments\PostGraduate\backbones\Prompts\Seg-SADG\BaryRadGateCons\a0p08\rho0p5\gb8\sadg0p05\cons0p01\shot5\Seed2
Seg-SADG,Seg-SADG,Seg-SADG,LF-Barycenter-RadialGate-Cons,fixed,cosine,radial_cons,8,1.0,0.3437337577342987,0.6440610289573669,0.5320698022842407,0.44696698|0.55555791|0.55213356|0.55400044|0.64406103|0.63210231|0.52800244|0.34373376,0.08,0.5,0.05,0.05,0.5,0.0001,0.001,0.001,0.01,0.01,1e-06,0.5,style_rho0p5,sadg_rho0p05,9,9,19,19,new_training,5,2,136,0.06850352564028331,0.05933474137314728,0.005202799902430603,0.008908644717718874,1.2969187797092932e-05,0.009302385217909302,0.009203154194567884,0.0028357947677639978,0.8885414983545031,0.0010260780358553997,0.008895675452159984,0.0,0.0,0.05075504817068577,0.12949087523988315,0.05000000000000001,14,23|31|224|171|180,56,all_filtered,9,True,D:\Running_Place\PostGraduateProjects\Experiments\PostGraduate\backbones\DisperssionWithSADG_ConstraintStyleRegularization\Seg-SADG\BaryRadGateCons\a0p08\rho0p5\gb8\sadg0p05\cons0p01\shot5\Seed2,D:\Running_Place\PostGraduateProjects\Experiments\PostGraduate\backbones\Prompts\Seg-SADG\BaryRadGateCons\a0p08\rho0p5\gb8\sadg0p05\cons0p01\shot5\Seed2
Seg-SADG,Seg-SADG,Seg-SADG,LF-Barycenter-RadialGate-Cons,fixed,cosine,radial_cons,8,1.0,0.342106431722641,0.6451761722564697,0.5323081016540527,0.44739822|0.55621392|0.55256653|0.55428982|0.64517617|0.63295072|0.52776331|0.34210643,0.08,0.5,0.05,0.05,0.5,0.0001,0.001,0.001,0.01,0.01,1e-06,0.5,style_rho0p5,sadg_rho0p05,9,9,19,19,new_training,5,2,137,0.06863704190722533,0.0594873380448137,0.004749132785946131,0.008912246142114912,1.312729214727629e-05,0.009434213196592671,0.00932668415563447,0.0028571862328265396,0.8888764892305646,0.0010354282899892756,0.008899118950856584,0.0,0.0,0.050680644011923244,0.13494718021580152,0.05000000000000001,14,23|31|224|171|180,56,all_filtered,9,True,D:\Running_Place\PostGraduateProjects\Experiments\PostGraduate\backbones\DisperssionWithSADG_ConstraintStyleRegularization\Seg-SADG\BaryRadGateCons\a0p08\rho0p5\gb8\sadg0p05\cons0p01\shot5\Seed2,D:\Running_Place\PostGraduateProjects\Experiments\PostGraduate\backbones\Prompts\Seg-SADG\BaryRadGateCons\a0p08\rho0p5\gb8\sadg0p05\cons0p01\shot5\Seed2
Seg-SADG,Seg-SADG,Seg-SADG,LF-Barycenter-RadialGate-Cons,fixed,cosine,radial_cons,8,1.0,0.3405742943286896,0.6461498141288757,0.5324821472167969,0.44767272|0.556741|0.55282152|0.55450696|0.64614981|0.63387519|0.52751589|0.34057429,0.08,0.5,0.05,0.05,0.5,0.0001,0.001,0.001,0.01,0.01,1e-06,0.5,style_rho0p5,sadg_rho0p05,9,9,19,19,new_training,5,2,138,0.06945324609322208,0.06027377822569439,0.005371978972107172,0.008910869181688343,1.3304687464759419e-05,0.009574870711990766,0.009461929156844105,0.0028852705976792742,0.8887071524347577,0.0010493234149180353,0.008897564440433468,0.0,0.0,0.0507772687290396,0.1429140173963138,0.05000000000000001,14,23|31|224|171|180,56,all_filtered,9,True,D:\Running_Place\PostGraduateProjects\Experiments\PostGraduate\backbones\DisperssionWithSADG_ConstraintStyleRegularization\Seg-SADG\BaryRadGateCons\a0p08\rho0p5\gb8\sadg0p05\cons0p01\shot5\Seed2,D:\Running_Place\PostGraduateProjects\Experiments\PostGraduate\backbones\Prompts\Seg-SADG\BaryRadGateCons\a0p08\rho0p5\gb8\sadg0p05\cons0p01\shot5\Seed2
Seg-SADG,Seg-SADG,Seg-SADG,LF-Barycenter-RadialGate-Cons,fixed,cosine,radial_cons,8,1.0,0.33887314796447754,0.6468557715415955,0.5326184034347534,0.44823065|0.55706006|0.55311626|0.55481422|0.64685577|0.63468266|0.52731425|0.33887315,0.08,0.5,0.05,0.05,0.5,0.0001,0.001,0.001,0.01,0.01,1e-06,0.5,style_rho0p5,sadg_rho0p05,9,9,19,19,new_training,5,2,139,0.06629698776773044,0.057152463123202324,0.004782961082777807,0.00890537737203496,1.3455361762940551e-05,0.00970298477581569,0.009583450787301575,0.002901611932819443,0.8881336237703051,0.00105858693963715,0.00889192195609212,0.0,0.0,0.04921465686389378,0.12203296433602061,0.05000000000000001,14,23|31|224|171|180,56,all_filtered,9,True,D:\Running_Place\PostGraduateProjects\Experiments\PostGraduate\backbones\DisperssionWithSADG_ConstraintStyleRegularization\Seg-SADG\BaryRadGateCons\a0p08\rho0p5\gb8\sadg0p05\cons0p01\shot5\Seed2,D:\Running_Place\PostGraduateProjects\Experiments\PostGraduate\backbones\Prompts\Seg-SADG\BaryRadGateCons\a0p08\rho0p5\gb8\sadg0p05\cons0p01\shot5\Seed2
Seg-SADG,Seg-SADG,Seg-SADG,LF-Barycenter-RadialGate-Cons,fixed,cosine,radial_cons,8,1.0,0.3371754288673401,0.648128092288971,0.5327914953231812,0.44883588|0.55734849|0.55339468|0.55506539|0.64812809|0.63522971|0.52715385|0.33717543,0.08,0.5,0.05,0.05,0.5,0.0001,0.001,0.001,0.01,0.01,1e-06,0.5,style_rho0p5,sadg_rho0p05,9,9,19,19,new_training,5,2,140,0.06622853662286486,0.05708531130637441,0.004818926764918225,0.008902279793151788,1.3591753551216762e-05,0.009835027291306428,0.009701375849545002,0.0029068744708118694,0.8877992587430137,0.0010695491884169833,0.008888687938451767,0.0,0.0,0.0486598363412278,0.12612257206014224,0.05000000000000001,14,23|31|224|171|180,56,all_filtered,9,True,D:\Running_Place\PostGraduateProjects\Experiments\PostGraduate\backbones\DisperssionWithSADG_ConstraintStyleRegularization\Seg-SADG\BaryRadGateCons\a0p08\rho0p5\gb8\sadg0p05\cons0p01\shot5\Seed2,D:\Running_Place\PostGraduateProjects\Experiments\PostGraduate\backbones\Prompts\Seg-SADG\BaryRadGateCons\a0p08\rho0p5\gb8\sadg0p05\cons0p01\shot5\Seed2
Seg-SADG,Seg-SADG,Seg-SADG,LF-Barycenter-RadialGate-Cons,fixed,cosine,radial_cons,8,1.0,0.3356119394302368,0.6491389870643616,0.5329412221908569,0.44921142|0.55780876|0.55379838|0.55541909|0.64913899|0.63568968|0.52685183|0.33561194,0.08,0.5,0.05,0.05,0.5,0.0001,0.001,0.001,0.01,0.01,1e-06,0.5,style_rho0p5,sadg_rho0p05,9,9,19,19,new_training,5,2,141,0.06556494400969573,0.056411748219813616,0.00497229871273573,0.008904580825141497,1.3757897834563795e-05,0.009971073629068477,0.00982775678858161,0.002933033209826265,0.8880016165120261,0.0010806998470798135,0.008890822928931032,0.0,0.0,0.04869171737560204,0.11951599004013198,0.05000000000000001,14,23|31|224|171|180,56,all_filtered,9,True,D:\Running_Place\PostGraduateProjects\Experiments\PostGraduate\backbones\DisperssionWithSADG_ConstraintStyleRegularization\Seg-SADG\BaryRadGateCons\a0p08\rho0p5\gb8\sadg0p05\cons0p01\shot5\Seed2,D:\Running_Place\PostGraduateProjects\Experiments\PostGraduate\backbones\Prompts\Seg-SADG\BaryRadGateCons\a0p08\rho0p5\gb8\sadg0p05\cons0p01\shot5\Seed2
Seg-SADG,Seg-SADG,Seg-SADG,LF-Barycenter-RadialGate-Cons,fixed,cosine,radial_cons,8,1.0,0.33412033319473267,0.6496491432189941,0.5330064296722412,0.44943795|0.55798298|0.5541079|0.55577797|0.64964914|0.63647443|0.52650106|0.33412033,0.08,0.5,0.05,0.05,0.5,0.0001,0.001,0.001,0.01,0.01,1e-06,0.5,style_rho0p5,sadg_rho0p05,9,9,19,19,new_training,5,2,142,0.0657643364476306,0.05661219411662647,0.004738801907348845,0.008915201827351536,1.3878957101301889e-05,0.01008757489866444,0.009928690735250711,0.00294150851134743,0.8890453449317387,0.0010869615445179598,0.008901322925729411,0.0,0.0,0.048445458124790876,0.12341808580926486,0.05000000000000001,14,23|31|224|171|180,56,all_filtered,9,True,D:\Running_Place\PostGraduateProjects\Experiments\PostGraduate\backbones\DisperssionWithSADG_ConstraintStyleRegularization\Seg-SADG\BaryRadGateCons\a0p08\rho0p5\gb8\sadg0p05\cons0p01\shot5\Seed2,D:\Running_Place\PostGraduateProjects\Experiments\PostGraduate\backbones\Prompts\Seg-SADG\BaryRadGateCons\a0p08\rho0p5\gb8\sadg0p05\cons0p01\shot5\Seed2
Seg-SADG,Seg-SADG,Seg-SADG,LF-Barycenter-RadialGate-Cons,fixed,cosine,radial_cons,8,1.0,0.332675576210022,0.6505910754203796,0.5331621170043945,0.44977319|0.55832267|0.55435199|0.55609071|0.65059108|0.6371547|0.52633756|0.33267558,0.08,0.5,0.05,0.05,0.5,0.0001,0.001,0.001,0.01,0.01,1e-06,0.5,style_rho0p5,sadg_rho0p05,9,9,19,19,new_training,5,2,143,0.06467448228171893,0.055530604241149764,0.004805798293091357,0.008903589099645615,1.400872192139754e-05,0.010208094692123788,0.010037855178649937,0.0029500568717984216,0.8878633975982666,0.0010946431596364295,0.008889580345047372,0.0,0.0,0.04791561354483877,0.11776107070701462,0.05000000000000001,14,23|31|224|171|180,56,all_filtered,9,True,D:\Running_Place\PostGraduateProjects\Experiments\PostGraduate\backbones\DisperssionWithSADG_ConstraintStyleRegularization\Seg-SADG\BaryRadGateCons\a0p08\rho0p5\gb8\sadg0p05\cons0p01\shot5\Seed2,D:\Running_Place\PostGraduateProjects\Experiments\PostGraduate\backbones\Prompts\Seg-SADG\BaryRadGateCons\a0p08\rho0p5\gb8\sadg0p05\cons0p01\shot5\Seed2
Seg-SADG,Seg-SADG,Seg-SADG,LF-Barycenter-RadialGate-Cons,fixed,cosine,radial_cons,8,1.0,0.3313060998916626,0.6512013673782349,0.5332924127578735,0.44999447|0.55874079|0.5545972|0.55632335|0.65120137|0.63808322|0.52609313|0.3313061,0.08,0.5,0.05,0.05,0.5,0.0001,0.001,0.001,0.01,0.01,1e-06,0.5,style_rho0p5,sadg_rho0p05,9,9,19,19,new_training,5,2,144,0.06377494281956128,0.05465463123151234,0.004355098004452884,0.008902557460325105,1.4151604578468582e-05,0.01033275734101023,0.010152059740253858,0.0029662686865776777,0.8877363332680294,0.00110426580899262,0.008888405814234699,0.0,0.0,0.04714832827448845,0.11676509891237531,0.05000000000000001,14,23|31|224|171|180,56,all_filtered,9,True,D:\Running_Place\PostGraduateProjects\Experiments\PostGraduate\backbones\DisperssionWithSADG_ConstraintStyleRegularization\Seg-SADG\BaryRadGateCons\a0p08\rho0p5\gb8\sadg0p05\cons0p01\shot5\Seed2,D:\Running_Place\PostGraduateProjects\Experiments\PostGraduate\backbones\Prompts\Seg-SADG\BaryRadGateCons\a0p08\rho0p5\gb8\sadg0p05\cons0p01\shot5\Seed2
Seg-SADG,Seg-SADG,Seg-SADG,LF-Barycenter-RadialGate-Cons,fixed,cosine,radial_cons,8,1.0,0.32957205176353455,0.6519877910614014,0.5334550738334656,0.45037547|0.55941105|0.55486786|0.55657136|0.65198779|0.63906467|0.52579015|0.32957205,0.08,0.5,0.05,0.05,0.5,0.0001,0.001,0.001,0.01,0.01,1e-06,0.5,style_rho0p5,sadg_rho0p05,9,9,19,19,new_training,5,2,145,0.06313055860144752,0.053993538820317814,0.004591112939773926,0.008907463401556015,1.43102813906028e-05,0.010460572250719582,0.010278745354818446,0.0029854782457862583,0.8882026927811759,0.0011126263083757035,0.008893153031489678,0.0,0.0,0.046413960467491834,0.11614931747317314,0.05000000000000001,14,23|31|224|171|180,56,all_filtered,9,True,D:\Running_Place\PostGraduateProjects\Experiments\PostGraduate\backbones\DisperssionWithSADG_ConstraintStyleRegularization\Seg-SADG\BaryRadGateCons\a0p08\rho0p5\gb8\sadg0p05\cons0p01\shot5\Seed2,D:\Running_Place\PostGraduateProjects\Experiments\PostGraduate\backbones\Prompts\Seg-SADG\BaryRadGateCons\a0p08\rho0p5\gb8\sadg0p05\cons0p01\shot5\Seed2
Seg-SADG,Seg-SADG,Seg-SADG,LF-Barycenter-RadialGate-Cons,fixed,cosine,radial_cons,8,1.0,0.32802721858024597,0.6530051231384277,0.5336092710494995,0.45072281|0.55971968|0.55512947|0.5568496|0.65300512|0.63985306|0.52556759|0.32802722,0.08,0.5,0.05,0.05,0.5,0.0001,0.001,0.001,0.01,0.01,1e-06,0.5,style_rho0p5,sadg_rho0p05,9,9,19,19,new_training,5,2,146,0.06365703285804816,0.05452926616583552,0.004588995644423578,0.008898316616458552,1.4499265554539826e-05,0.010614246196512665,0.010425739123352937,0.0030121011160580175,0.8872567244938442,0.0011250138049945235,0.00888381725443261,0.0,0.0,0.04668373641158853,0.1209306466792311,0.05000000000000001,14,23|31|224|171|180,56,all_filtered,9,True,D:\Running_Place\PostGraduateProjects\Experiments\PostGraduate\backbones\DisperssionWithSADG_ConstraintStyleRegularization\Seg-SADG\BaryRadGateCons\a0p08\rho0p5\gb8\sadg0p05\cons0p01\shot5\Seed2,D:\Running_Place\PostGraduateProjects\Experiments\PostGraduate\backbones\Prompts\Seg-SADG\BaryRadGateCons\a0p08\rho0p5\gb8\sadg0p05\cons0p01\shot5\Seed2
Seg-SADG,Seg-SADG,Seg-SADG,LF-Barycenter-RadialGate-Cons,fixed,cosine,radial_cons,8,1.0,0.32669350504875183,0.6540377736091614,0.5338374376296997,0.45111966|0.55993211|0.55542636|0.55722296|0.65403777|0.64094239|0.52532494|0.32669351,0.08,0.5,0.05,0.05,0.5,0.0001,0.001,0.001,0.01,0.01,1e-06,0.5,style_rho0p5,sadg_rho0p05,9,9,19,19,new_training,5,2,147,0.06285727210342884,0.053750828972884586,0.004220139235258102,0.0088954369005348,1.4637326265593792e-05,0.010748189940516437,0.010541312795664583,0.003021193768030831,0.8869449496269226,0.0011350070791585104,0.00888079943667565,0.0,0.0,0.046325113624334335,0.11485214424984795,0.05000000000000001,14,23|31|224|171|180,56,all_filtered,9,True,D:\Running_Place\PostGraduateProjects\Experiments\PostGraduate\backbones\DisperssionWithSADG_ConstraintStyleRegularization\Seg-SADG\BaryRadGateCons\a0p08\rho0p5\gb8\sadg0p05\cons0p01\shot5\Seed2,D:\Running_Place\PostGraduateProjects\Experiments\PostGraduate\backbones\Prompts\Seg-SADG\BaryRadGateCons\a0p08\rho0p5\gb8\sadg0p05\cons0p01\shot5\Seed2
Seg-SADG,Seg-SADG,Seg-SADG,LF-Barycenter-RadialGate-Cons,fixed,cosine,radial_cons,8,1.0,0.3253542184829712,0.6549096703529358,0.5339990854263306,0.45159072|0.56023234|0.55566186|0.55754399|0.65490967|0.64158612|0.52511346|0.32535422,0.08,0.5,0.05,0.05,0.5,0.0001,0.001,0.001,0.01,0.01,1e-06,0.5,style_rho0p5,sadg_rho0p05,9,9,19,19,new_training,5,2,148,0.06327377658869539,0.05413191180144038,0.004730752636013287,0.008905327745846339,1.4777967278080593e-05,0.010879918467253447,0.01065207033285073,0.0030379046054024783,0.887904669557299,0.0011503363410676165,0.008890549718801464,0.0,0.0,0.04605955258011818,0.1233111247420311,0.05000000000000001,14,23|31|224|171|180,56,all_filtered,9,True,D:\Running_Place\PostGraduateProjects\Experiments\PostGraduate\backbones\DisperssionWithSADG_ConstraintStyleRegularization\Seg-SADG\BaryRadGateCons\a0p08\rho0p5\gb8\sadg0p05\cons0p01\shot5\Seed2,D:\Running_Place\PostGraduateProjects\Experiments\PostGraduate\backbones\Prompts\Seg-SADG\BaryRadGateCons\a0p08\rho0p5\gb8\sadg0p05\cons0p01\shot5\Seed2
Seg-SADG,Seg-SADG,Seg-SADG,LF-Barycenter-RadialGate-Cons,fixed,cosine,radial_cons,8,1.0,0.32375356554985046,0.6562215685844421,0.5342016220092773,0.45216995|0.56059891|0.55595338|0.55790424|0.65622157|0.64213604|0.52487504|0.32375357,0.08,0.5,0.05,0.05,0.5,0.0001,0.001,0.001,0.01,0.01,1e-06,0.5,style_rho0p5,sadg_rho0p05,9,9,19,19,new_training,5,2,149,0.06533241325191089,0.05620297922619751,0.004516796125764293,0.008903594887150186,1.4911992496178885e-05,0.011009047805730785,0.010762328814182962,0.003048758288579328,0.887705568756376,0.0011627434453527843,0.00888868294922369,0.0,0.0,0.04742766969970295,0.13278306328824588,0.05000000000000001,14,23|31|224|171|180,56,all_filtered,9,True,D:\Running_Place\PostGraduateProjects\Experiments\PostGraduate\backbones\DisperssionWithSADG_ConstraintStyleRegularization\Seg-SADG\BaryRadGateCons\a0p08\rho0p5\gb8\sadg0p05\cons0p01\shot5\Seed2,D:\Running_Place\PostGraduateProjects\Experiments\PostGraduate\backbones\Prompts\Seg-SADG\BaryRadGateCons\a0p08\rho0p5\gb8\sadg0p05\cons0p01\shot5\Seed2
Seg-SADG,Seg-SADG,Seg-SADG,LF-Barycenter-RadialGate-Cons,fixed,cosine,radial_cons,8,1.0,0.3219109773635864,0.6574028730392456,0.5343695282936096,0.45246124|0.56097054|0.55643409|0.55826169|0.65740287|0.64285374|0.52466118|0.32191098,0.08,0.5,0.05,0.05,0.5,0.0001,0.001,0.001,0.01,0.01,1e-06,0.5,style_rho0p5,sadg_rho0p05,9,9,19,19,new_training,5,2,150,0.06551414914429188,0.05637228728405067,0.004760316905698606,0.008903846610337496,1.5094643003976671e-05,0.01116846947531615,0.010906901476638657,0.003070893996794309,0.8877004981040955,0.0011747388967445918,0.008888752066663333,0.0,0.0,0.04778458284480231,0.1349404358438083,0.05000000000000001,14,23|31|224|171|180,56,all_filtered,9,True,D:\Running_Place\PostGraduateProjects\Experiments\PostGraduate\backbones\DisperssionWithSADG_ConstraintStyleRegularization\Seg-SADG\BaryRadGateCons\a0p08\rho0p5\gb8\sadg0p05\cons0p01\shot5\Seed2,D:\Running_Place\PostGraduateProjects\Experiments\PostGraduate\backbones\Prompts\Seg-SADG\BaryRadGateCons\a0p08\rho0p5\gb8\sadg0p05\cons0p01\shot5\Seed2
Seg-SADG,Seg-SADG,Seg-SADG,LF-Barycenter-RadialGate-Cons,fixed,cosine,radial_cons,8,1.0,0.3202195465564728,0.6579855680465698,0.5344193577766418,0.45273107|0.56141847|0.55662251|0.55855387|0.65798557|0.64333624|0.52448756|0.32021955,0.08,0.5,0.05,0.05,0.5,0.0001,0.001,0.001,0.01,0.01,1e-06,0.5,style_rho0p5,sadg_rho0p05,9,9,19,19,new_training,5,2,151,0.06320797625396933,0.05407163766877992,0.004730921371706894,0.008899792829262359,1.5271346975558636e-05,0.011316944845020771,0.011046358916376318,0.003093292920051941,0.8872696842466082,0.0011824617062562279,0.008884521467345101,0.0,0.0,0.046315765008330345,0.11905628229890551,0.05000000000000001,14,23|31|224|171|180,56,all_filtered,9,True,D:\Running_Place\PostGraduateProjects\Experiments\PostGraduate\backbones\DisperssionWithSADG_ConstraintStyleRegularization\Seg-SADG\BaryRadGateCons\a0p08\rho0p5\gb8\sadg0p05\cons0p01\shot5\Seed2,D:\Running_Place\PostGraduateProjects\Experiments\PostGraduate\backbones\Prompts\Seg-SADG\BaryRadGateCons\a0p08\rho0p5\gb8\sadg0p05\cons0p01\shot5\Seed2
Seg-SADG,Seg-SADG,Seg-SADG,LF-Barycenter-RadialGate-Cons,fixed,cosine,radial_cons,8,1.0,0.31882667541503906,0.6588866710662842,0.5345785617828369,0.453118|0.56196815|0.55676138|0.5589177|0.65888667|0.64400005|0.52415013|0.31882668,0.08,0.5,0.05,0.05,0.5,0.0001,0.001,0.001,0.01,0.01,1e-06,0.5,style_rho0p5,sadg_rho0p05,9,9,19,19,new_training,5,2,152,0.061632308310696056,0.05252148636749813,0.004139318712987006,0.008903856655316693,1.5425313514632372e-05,0.011444740330002137,0.011168991149004017,0.003111847593182964,0.8876537978649139,0.0011893427332064935,0.00888843135908246,0.0,0.0,0.04526795872620174,0.11311965116432735,0.05000000000000001,14,23|31|224|171|180,56,all_filtered,9,True,D:\Running_Place\PostGraduateProjects\Experiments\PostGraduate\backbones\DisperssionWithSADG_ConstraintStyleRegularization\Seg-SADG\BaryRadGateCons\a0p08\rho0p5\gb8\sadg0p05\cons0p01\shot5\Seed2,D:\Running_Place\PostGraduateProjects\Experiments\PostGraduate\backbones\Prompts\Seg-SADG\BaryRadGateCons\a0p08\rho0p5\gb8\sadg0p05\cons0p01\shot5\Seed2
Seg-SADG,Seg-SADG,Seg-SADG,LF-Barycenter-RadialGate-Cons,fixed,cosine,radial_cons,8,1.0,0.31704193353652954,0.659461259841919,0.5346887111663818,0.45363504|0.56236935|0.5570178|0.55924374|0.65946126|0.64492828|0.52381271|0.31704193,0.08,0.5,0.05,0.05,0.5,0.0001,0.001,0.001,0.01,0.01,1e-06,0.5,style_rho0p5,sadg_rho0p05,9,9,19,19,new_training,5,2,153,0.06092530994543007,0.05180609518928187,0.004359013850002417,0.008901263853268964,1.5571859616362156e-05,0.01158080283286316,0.01129123049655131,0.0031225480904270497,0.88737034371921,0.0011988805157930724,0.008885692006775312,0.0,0.0,0.044826344187770574,0.1087806788938386,0.05000000000000001,14,23|31|224|171|180,56,all_filtered,9,True,D:\Running_Place\PostGraduateProjects\Experiments\PostGraduate\backbones\DisperssionWithSADG_ConstraintStyleRegularization\Seg-SADG\BaryRadGateCons\a0p08\rho0p5\gb8\sadg0p05\cons0p01\shot5\Seed2,D:\Running_Place\PostGraduateProjects\Experiments\PostGraduate\backbones\Prompts\Seg-SADG\BaryRadGateCons\a0p08\rho0p5\gb8\sadg0p05\cons0p01\shot5\Seed2
Seg-SADG,Seg-SADG,Seg-SADG,LF-Barycenter-RadialGate-Cons,fixed,cosine,radial_cons,8,1.0,0.3154974579811096,0.6600638031959534,0.5348386764526367,0.45407662|0.56289536|0.55724669|0.55967158|0.6600638|0.64575726|0.5235005|0.31549746,0.08,0.5,0.05,0.05,0.5,0.0001,0.001,0.001,0.01,0.01,1e-06,0.5,style_rho0p5,sadg_rho0p05,9,9,19,19,new_training,5,2,154,0.05943137300865991,0.05035554537815707,0.0037718712452000807,0.00888723401086671,1.571297148724885e-05,0.011720840220472642,0.01141530235431024,0.0031255847009431037,0.88594303386552,0.0012091058722165013,0.008871521002479963,0.0,0.0,0.04363664745220116,0.10220166242548398,0.05000000000000001,14,23|31|224|171|180,56,all_filtered,9,True,D:\Running_Place\PostGraduateProjects\Experiments\PostGraduate\backbones\DisperssionWithSADG_ConstraintStyleRegularization\Seg-SADG\BaryRadGateCons\a0p08\rho0p5\gb8\sadg0p05\cons0p01\shot5\Seed2,D:\Running_Place\PostGraduateProjects\Experiments\PostGraduate\backbones\Prompts\Seg-SADG\BaryRadGateCons\a0p08\rho0p5\gb8\sadg0p05\cons0p01\shot5\Seed2
Seg-SADG,Seg-SADG,Seg-SADG,LF-Barycenter-RadialGate-Cons,fixed,cosine,radial_cons,8,1.0,0.31397125124931335,0.6607271432876587,0.5348804593086243,0.45408008|0.5633831|0.55755162|0.56004328|0.66072714|0.64608479|0.5232023|0.31397125,0.08,0.5,0.05,0.05,0.5,0.0001,0.001,0.001,0.01,0.01,1e-06,0.5,style_rho0p5,sadg_rho0p05,9,9,19,19,new_training,5,2,155,0.0598015050802912,0.05070160302732672,0.004199353645422629,0.008889934846333094,1.5870343954052908e-05,0.011854188117597784,0.011539986157523734,0.003144938581889229,0.8861920833587646,0.0012143934311877405,0.008874064510954278,0.0,0.0,0.04360151716641018,0.11054372414946556,0.05000000000000001,14,23|31|224|171|180,56,all_filtered,9,True,D:\Running_Place\PostGraduateProjects\Experiments\PostGraduate\backbones\DisperssionWithSADG_ConstraintStyleRegularization\Seg-SADG\BaryRadGateCons\a0p08\rho0p5\gb8\sadg0p05\cons0p01\shot5\Seed2,D:\Running_Place\PostGraduateProjects\Experiments\PostGraduate\backbones\Prompts\Seg-SADG\BaryRadGateCons\a0p08\rho0p5\gb8\sadg0p05\cons0p01\shot5\Seed2
Seg-SADG,Seg-SADG,Seg-SADG,LF-Barycenter-RadialGate-Cons,fixed,cosine,radial_cons,8,1.0,0.3124827742576599,0.6615603566169739,0.535027801990509,0.45456097|0.56383878|0.5578441|0.56038731|0.66156036|0.64668387|0.52286434|0.31248277,0.08,0.5,0.05,0.05,0.5,0.0001,0.001,0.001,0.01,0.01,1e-06,0.5,style_rho0p5,sadg_rho0p05,9,9,19,19,new_training,5,2,156,0.05946456002337592,0.050347182367529185,0.004192367212713829,0.008907758497766085,1.601203114530238e-05,0.01197910581582359,0.01165414641478232,0.0031599735042878558,0.8879539753709521,0.0012206795093204295,0.008891746534832887,0.0,0.0,0.042902740250740735,0.11202155639018331,0.05000000000000001,14,23|31|224|171|180,56,all_filtered,9,True,D:\Running_Place\PostGraduateProjects\Experiments\PostGraduate\backbones\DisperssionWithSADG_ConstraintStyleRegularization\Seg-SADG\BaryRadGateCons\a0p08\rho0p5\gb8\sadg0p05\cons0p01\shot5\Seed2,D:\Running_Place\PostGraduateProjects\Experiments\PostGraduate\backbones\Prompts\Seg-SADG\BaryRadGateCons\a0p08\rho0p5\gb8\sadg0p05\cons0p01\shot5\Seed2
Seg-SADG,Seg-SADG,Seg-SADG,LF-Barycenter-RadialGate-Cons,fixed,cosine,radial_cons,8,1.0,0.31089499592781067,0.6625487804412842,0.5352268815040588,0.45534018|0.56424135|0.55807614|0.56072843|0.66254878|0.64742488|0.52256|0.310895,0.08,0.5,0.05,0.05,0.5,0.0001,0.001,0.001,0.01,0.01,1e-06,0.5,style_rho0p5,sadg_rho0p05,9,9,19,19,new_training,5,2,157,0.05961652685488973,0.050509318709373474,0.004064248076507023,0.008903995222811188,1.6155656339833513e-05,0.012121190915682487,0.011773074311869485,0.003170462291953819,0.88754945567676,0.001234511861444584,0.008887839503586292,0.0,0.0,0.04273426452917712,0.11611544553722654,0.05000000000000001,14,23|31|224|171|180,56,all_filtered,9,True,D:\Running_Place\PostGraduateProjects\Experiments\PostGraduate\backbones\DisperssionWithSADG_ConstraintStyleRegularization\Seg-SADG\BaryRadGateCons\a0p08\rho0p5\gb8\sadg0p05\cons0p01\shot5\Seed2,D:\Running_Place\PostGraduateProjects\Experiments\PostGraduate\backbones\Prompts\Seg-SADG\BaryRadGateCons\a0p08\rho0p5\gb8\sadg0p05\cons0p01\shot5\Seed2
Seg-SADG,Seg-SADG,Seg-SADG,LF-Barycenter-RadialGate-Cons,fixed,cosine,radial_cons,8,1.0,0.3094547688961029,0.6636018753051758,0.5354263782501221,0.45589131|0.56450689|0.55826181|0.56115025|0.66360188|0.64826566|0.52227879|0.30945477,0.08,0.5,0.05,0.05,0.5,0.0001,0.001,0.001,0.01,0.01,1e-06,0.5,style_rho0p5,sadg_rho0p05,9,9,19,19,new_training,5,2,158,0.05984746292233467,0.05074799433350563,0.004044998437166214,0.008897218786712204,1.629636192644414e-05,0.012264710984059743,0.011892386845179967,0.003177503090617912,0.8868452651160104,0.0012469827530107328,0.0088809223712555,0.0,0.0,0.04285720496305397,0.11874137339847428,0.05000000000000001,14,23|31|224|171|180,56,all_filtered,9,True,D:\Running_Place\PostGraduateProjects\Experiments\PostGraduate\backbones\DisperssionWithSADG_ConstraintStyleRegularization\Seg-SADG\BaryRadGateCons\a0p08\rho0p5\gb8\sadg0p05\cons0p01\shot5\Seed2,D:\Running_Place\PostGraduateProjects\Experiments\PostGraduate\backbones\Prompts\Seg-SADG\BaryRadGateCons\a0p08\rho0p5\gb8\sadg0p05\cons0p01\shot5\Seed2
Seg-SADG,Seg-SADG,Seg-SADG,LF-Barycenter-RadialGate-Cons,fixed,cosine,radial_cons,8,1.0,0.3081133961677551,0.664107620716095,0.5354945659637451,0.45594373|0.56471074|0.55862123|0.56150723|0.66410762|0.64904147|0.52191132|0.3081134,0.08,0.5,0.05,0.05,0.5,0.0001,0.001,0.001,0.01,0.01,1e-06,0.5,style_rho0p5,sadg_rho0p05,9,9,19,19,new_training,5,2,159,0.05952306331268379,0.05041492570723806,0.004039740306325257,0.008906150768910135,1.6450581175117156e-05,0.012410463100033147,0.012017203162291221,0.0031923310265743305,0.8877127553735461,0.0012572729028761387,0.008889700153044291,0.0,0.0,0.042831508974943845,0.11501604158963476,0.05000000000000001,14,23|31|224|171|180,56,all_filtered,9,True,D:\Running_Place\PostGraduateProjects\Experiments\PostGraduate\backbones\DisperssionWithSADG_ConstraintStyleRegularization\Seg-SADG\BaryRadGateCons\a0p08\rho0p5\gb8\sadg0p05\cons0p01\shot5\Seed2,D:\Running_Place\PostGraduateProjects\Experiments\PostGraduate\backbones\Prompts\Seg-SADG\BaryRadGateCons\a0p08\rho0p5\gb8\sadg0p05\cons0p01\shot5\Seed2
Seg-SADG,Seg-SADG,Seg-SADG,LF-Barycenter-RadialGate-Cons,fixed,cosine,radial_cons,8,1.0,0.3067300617694855,0.66487056016922,0.5357097387313843,0.45651683|0.56532472|0.55890435|0.56178498|0.66487056|0.65000165|0.5215444|0.30673006,0.08,0.5,0.05,0.05,0.5,0.0001,0.001,0.001,0.01,0.01,1e-06,0.5,style_rho0p5,sadg_rho0p05,9,9,19,19,new_training,5,2,160,0.060110467353037426,0.05101813056639263,0.003981934893610222,0.008893240908426898,1.6582858214470824e-05,0.012538121015365635,0.012128346865730626,0.0032006987437073675,0.8864000226770129,0.0012658046990899102,0.008876658044755459,0.0,0.0,0.04323040960090501,0.12087998273117202,0.05000000000000001,14,23|31|224|171|180,56,all_filtered,9,True,D:\Running_Place\PostGraduateProjects\Experiments\PostGraduate\backbones\DisperssionWithSADG_ConstraintStyleRegularization\Seg-SADG\BaryRadGateCons\a0p08\rho0p5\gb8\sadg0p05\cons0p01\shot5\Seed2,D:\Running_Place\PostGraduateProjects\Experiments\PostGraduate\backbones\Prompts\Seg-SADG\BaryRadGateCons\a0p08\rho0p5\gb8\sadg0p05\cons0p01\shot5\Seed2
Seg-SADG,Seg-SADG,Seg-SADG,LF-Barycenter-RadialGate-Cons,fixed,cosine,radial_cons,8,1.0,0.30517929792404175,0.6655800938606262,0.5358012914657593,0.45690277|0.56589448|0.55926132|0.56219256|0.66558009|0.65030128|0.52109843|0.3051793,0.08,0.5,0.05,0.05,0.5,0.0001,0.001,0.001,0.01,0.01,1e-06,0.5,style_rho0p5,sadg_rho0p05,9,9,19,19,new_training,5,2,161,0.057360210322907994,0.048285492828914096,0.0037678631987156613,0.008886324175234352,1.673247866814823e-05,0.012675831027861153,0.012246455930705582,0.0032184386758932044,0.8856799602508545,0.0012792281008192471,0.008869591634720564,0.0,0.0,0.04157165251672268,0.10218100994825363,0.05000000000000001,14,23|31|224|171|180,56,all_filtered,9,True,D:\Running_Place\PostGraduateProjects\Experiments\PostGraduate\backbones\DisperssionWithSADG_ConstraintStyleRegularization\Seg-SADG\BaryRadGateCons\a0p08\rho0p5\gb8\sadg0p05\cons0p01\shot5\Seed2,D:\Running_Place\PostGraduateProjects\Experiments\PostGraduate\backbones\Prompts\Seg-SADG\BaryRadGateCons\a0p08\rho0p5\gb8\sadg0p05\cons0p01\shot5\Seed2
Seg-SADG,Seg-SADG,Seg-SADG,LF-Barycenter-RadialGate-Cons,fixed,cosine,radial_cons,8,1.0,0.30376654863357544,0.6664386987686157,0.535976767539978,0.45756286|0.56627548|0.55952781|0.56257701|0.6664387|0.65094227|0.52072346|0.30376655,0.08,0.5,0.05,0.05,0.5,0.0001,0.001,0.001,0.01,0.01,1e-06,0.5,style_rho0p5,sadg_rho0p05,9,9,19,19,new_training,5,2,162,0.05900362612945693,0.04990580811032227,0.0040615575188504794,0.008894740071679865,1.687983383037915e-05,0.012816025276801415,0.012367044908127614,0.0032311855715566446,0.886498715196337,0.0012873324282866503,0.008877860249153205,0.0,0.0,0.04211568060730185,0.12079214464340891,0.05000000000000001,14,23|31|224|171|180,56,all_filtered,9,True,D:\Running_Place\PostGraduateProjects\Experiments\PostGraduate\backbones\DisperssionWithSADG_ConstraintStyleRegularization\Seg-SADG\BaryRadGateCons\a0p08\rho0p5\gb8\sadg0p05\cons0p01\shot5\Seed2,D:\Running_Place\PostGraduateProjects\Experiments\PostGraduate\backbones\Prompts\Seg-SADG\BaryRadGateCons\a0p08\rho0p5\gb8\sadg0p05\cons0p01\shot5\Seed2
Seg-SADG,Seg-SADG,Seg-SADG,LF-Barycenter-RadialGate-Cons,fixed,cosine,radial_cons,8,1.0,0.3023080825805664,0.6668925285339355,0.5361194610595703,0.45796689|0.56682259|0.55977702|0.5630365|0.66689253|0.65181208|0.52033967|0.30230808,0.08,0.5,0.05,0.05,0.5,0.0001,0.001,0.001,0.01,0.01,1e-06,0.5,style_rho0p5,sadg_rho0p05,9,9,19,19,new_training,5,2,163,0.05719430425337383,0.04811043558376176,0.0038106443493493964,0.00889333603637559,1.6998068791248704e-05,0.012947165673332555,0.01247089436011655,0.003232457275901522,0.8863349429198674,0.0012988609710841306,0.008876337869358914,0.0,0.0,0.04116878152957985,0.1099699932549681,0.05000000000000001,14,23|31|224|171|180,56,all_filtered,9,True,D:\Running_Place\PostGraduateProjects\Experiments\PostGraduate\backbones\DisperssionWithSADG_ConstraintStyleRegularization\Seg-SADG\BaryRadGateCons\a0p08\rho0p5\gb8\sadg0p05\cons0p01\shot5\Seed2,D:\Running_Place\PostGraduateProjects\Experiments\PostGraduate\backbones\Prompts\Seg-SADG\BaryRadGateCons\a0p08\rho0p5\gb8\sadg0p05\cons0p01\shot5\Seed2
Seg-SADG,Seg-SADG,Seg-SADG,LF-Barycenter-RadialGate-Cons,fixed,cosine,radial_cons,8,1.0,0.30080482363700867,0.6674079895019531,0.536217451095581,0.45852143|0.56711906|0.56001318|0.56337017|0.66740799|0.65259677|0.51990646|0.30080482,0.08,0.5,0.05,0.05,0.5,0.0001,0.001,0.001,0.01,0.01,1e-06,0.5,style_rho0p5,sadg_rho0p05,9,9,19,19,new_training,5,2,164,0.0582076579864536,0.04909092081444604,0.004025116196966597,0.00891548175630825,1.7131735928290125e-05,0.013083058409392834,0.012588491264198507,0.0032349380697788937,0.8885274486882346,0.0013075906816603883,0.008898350077548198,0.0,0.0,0.04139591913138117,0.11805233997958046,0.05000000000000001,14,23|31|224|171|180,56,all_filtered,9,True,D:\Running_Place\PostGraduateProjects\Experiments\PostGraduate\backbones\DisperssionWithSADG_ConstraintStyleRegularization\Seg-SADG\BaryRadGateCons\a0p08\rho0p5\gb8\sadg0p05\cons0p01\shot5\Seed2,D:\Running_Place\PostGraduateProjects\Experiments\PostGraduate\backbones\Prompts\Seg-SADG\BaryRadGateCons\a0p08\rho0p5\gb8\sadg0p05\cons0p01\shot5\Seed2
Seg-SADG,Seg-SADG,Seg-SADG,LF-Barycenter-RadialGate-Cons,fixed,cosine,radial_cons,8,1.0,0.2992480993270874,0.6683962345123291,0.5362697243690491,0.45870519|0.56730664|0.5602212|0.56376266|0.66839623|0.65307182|0.5194459|0.2992481,0.08,0.5,0.05,0.05,0.5,0.0001,0.001,0.001,0.01,0.01,1e-06,0.5,style_rho0p5,sadg_rho0p05,9,9,19,19,new_training,5,2,165,0.058122863726956506,0.0490442549011537,0.0039117559457996064,0.008883020774062191,1.726107997715839e-05,0.013219309970736504,0.012698545852409942,0.0032406021907393423,0.8852624084268298,0.001313575343894107,0.008865759707987309,0.0,0.0,0.04137216934135982,0.11807814240455627,0.05000000000000001,14,23|31|224|171|180,56,all_filtered,9,True,D:\Running_Place\PostGraduateProjects\Experiments\PostGraduate\backbones\DisperssionWithSADG_ConstraintStyleRegularization\Seg-SADG\BaryRadGateCons\a0p08\rho0p5\gb8\sadg0p05\cons0p01\shot5\Seed2,D:\Running_Place\PostGraduateProjects\Experiments\PostGraduate\backbones\Prompts\Seg-SADG\BaryRadGateCons\a0p08\rho0p5\gb8\sadg0p05\cons0p01\shot5\Seed2
Seg-SADG,Seg-SADG,Seg-SADG,LF-Barycenter-RadialGate-Cons,fixed,cosine,radial_cons,8,1.0,0.2977185547351837,0.6692842245101929,0.5363823771476746,0.45908335|0.56755632|0.56056494|0.5640325|0.66928422|0.65370983|0.51910949|0.29771855,0.08,0.5,0.05,0.05,0.5,0.0001,0.001,0.001,0.01,0.01,1e-06,0.5,style_rho0p5,sadg_rho0p05,9,9,19,19,new_training,5,2,166,0.05840492621064186,0.049317050725221634,0.0039400648425466245,0.008890871424227953,1.742290922785677e-05,0.013369071696485792,0.012829120603523083,0.0032568808778056075,0.8860255650111607,0.0013193088400709843,0.008873448574117251,0.0,0.0,0.04117260367742607,0.12110131021056857,0.05000000000000001,14,23|31|224|171|180,56,all_filtered,9,True,D:\Running_Place\PostGraduateProjects\Experiments\PostGraduate\backbones\DisperssionWithSADG_ConstraintStyleRegularization\Seg-SADG\BaryRadGateCons\a0p08\rho0p5\gb8\sadg0p05\cons0p01\shot5\Seed2,D:\Running_Place\PostGraduateProjects\Experiments\PostGraduate\backbones\Prompts\Seg-SADG\BaryRadGateCons\a0p08\rho0p5\gb8\sadg0p05\cons0p01\shot5\Seed2
Seg-SADG,Seg-SADG,Seg-SADG,LF-Barycenter-RadialGate-Cons,fixed,cosine,radial_cons,8,1.0,0.296089231967926,0.6700013279914856,0.5364999175071716,0.45947471|0.56810933|0.56093472|0.56430739|0.67000133|0.65434521|0.51873726|0.29608923,0.08,0.5,0.05,0.05,0.5,0.0001,0.001,0.001,0.01,0.01,1e-06,0.5,style_rho0p5,sadg_rho0p05,9,9,19,19,new_training,5,2,167,0.0563870444893837,0.047305771282741,0.00393814265927566,0.008884367067366838,1.7590026280751253e-05,0.013518229526068484,0.012963248416781425,0.0032749543731499997,0.8853501336915153,0.0013275751511433295,0.008866776911807912,0.0,0.0,0.04032827541232109,0.1064479798078537,0.05000000000000001,14,23|31|224|171|180,56,all_filtered,9,True,D:\Running_Place\PostGraduateProjects\Experiments\PostGraduate\backbones\DisperssionWithSADG_ConstraintStyleRegularization\Seg-SADG\BaryRadGateCons\a0p08\rho0p5\gb8\sadg0p05\cons0p01\shot5\Seed2,D:\Running_Place\PostGraduateProjects\Experiments\PostGraduate\backbones\Prompts\Seg-SADG\BaryRadGateCons\a0p08\rho0p5\gb8\sadg0p05\cons0p01\shot5\Seed2
Seg-SADG,Seg-SADG,Seg-SADG,LF-Barycenter-RadialGate-Cons,fixed,cosine,radial_cons,8,1.0,0.294447660446167,0.6704059839248657,0.5364798903465271,0.4597719|0.56829393|0.56107998|0.56469136|0.67040598|0.65484357|0.51830471|0.29444766,0.08,0.5,0.05,0.05,0.5,0.0001,0.001,0.001,0.01,0.01,1e-06,0.5,style_rho0p5,sadg_rho0p05,9,9,19,19,new_training,5,2,168,0.05677158305687564,0.04768430494836399,0.003950359965009349,0.008889759757689067,1.7733462300384417e-05,0.01365785686565297,0.01308650802820921,0.003281167392352862,0.8858704141208104,0.0013322455758628035,0.008872026244976692,0.0,0.0,0.04011178069881031,0.1122728128518377,0.05000000000000001,14,23|31|224|171|180,56,all_filtered,9,True,D:\Running_Place\PostGraduateProjects\Experiments\PostGraduate\backbones\DisperssionWithSADG_ConstraintStyleRegularization\Seg-SADG\BaryRadGateCons\a0p08\rho0p5\gb8\sadg0p05\cons0p01\shot5\Seed2,D:\Running_Place\PostGraduateProjects\Experiments\PostGraduate\backbones\Prompts\Seg-SADG\BaryRadGateCons\a0p08\rho0p5\gb8\sadg0p05\cons0p01\shot5\Seed2
Seg-SADG,Seg-SADG,Seg-SADG,LF-Barycenter-RadialGate-Cons,fixed,cosine,radial_cons,8,1.0,0.29300710558891296,0.6711504459381104,0.5365797877311707,0.46019098|0.56848598|0.56139481|0.56512707|0.67115045|0.65533268|0.51794922|0.29300711,0.08,0.5,0.05,0.05,0.5,0.0001,0.001,0.001,0.01,0.01,1e-06,0.5,style_rho0p5,sadg_rho0p05,9,9,19,19,new_training,5,2,169,0.05639568503413882,0.04731905460357666,0.003793194823499237,0.008886971244854587,1.7845607284730898e-05,0.013780887704342604,0.013189021298395736,0.0032784962095320225,0.8855806844575065,0.001331892064107316,0.00886912557429501,0.0,0.0,0.04001326592905181,0.11446508765220642,0.05000000000000001,14,23|31|224|171|180,56,all_filtered,9,True,D:\Running_Place\PostGraduateProjects\Experiments\PostGraduate\backbones\DisperssionWithSADG_ConstraintStyleRegularization\Seg-SADG\BaryRadGateCons\a0p08\rho0p5\gb8\sadg0p05\cons0p01\shot5\Seed2,D:\Running_Place\PostGraduateProjects\Experiments\PostGraduate\backbones\Prompts\Seg-SADG\BaryRadGateCons\a0p08\rho0p5\gb8\sadg0p05\cons0p01\shot5\Seed2
Seg-SADG,Seg-SADG,Seg-SADG,LF-Barycenter-RadialGate-Cons,fixed,cosine,radial_cons,8,1.0,0.2917010188102722,0.6722832322120667,0.5367815494537354,0.46065304|0.56891441|0.56169039|0.56553286|0.67228323|0.65588915|0.5175879|0.29170102,0.08,0.5,0.05,0.05,0.5,0.0001,0.001,0.001,0.01,0.01,1e-06,0.5,style_rho0p5,sadg_rho0p05,9,9,19,19,new_training,5,2,170,0.056538035560931475,0.04743725061416626,0.0038852464640513062,0.008906522100525243,1.799419598163305e-05,0.013929230094488178,0.013307893981358834,0.0032933783285053714,0.8875084902559008,0.001344324862917087,0.008888527884015016,0.0,0.0,0.03966425119766167,0.12007338553667068,0.05000000000000001,14,23|31|224|171|180,56,all_filtered,9,True,D:\Running_Place\PostGraduateProjects\Experiments\PostGraduate\backbones\DisperssionWithSADG_ConstraintStyleRegularization\Seg-SADG\BaryRadGateCons\a0p08\rho0p5\gb8\sadg0p05\cons0p01\shot5\Seed2,D:\Running_Place\PostGraduateProjects\Experiments\PostGraduate\backbones\Prompts\Seg-SADG\BaryRadGateCons\a0p08\rho0p5\gb8\sadg0p05\cons0p01\shot5\Seed2
Seg-SADG,Seg-SADG,Seg-SADG,LF-Barycenter-RadialGate-Cons,fixed,cosine,radial_cons,8,1.0,0.2901551425457001,0.6731960773468018,0.5369501113891602,0.46096754|0.56921917|0.56206828|0.56608814|0.67319608|0.65671438|0.51719189|0.29015514,0.08,0.5,0.05,0.05,0.5,0.0001,0.001,0.001,0.01,0.01,1e-06,0.5,style_rho0p5,sadg_rho0p05,9,9,19,19,new_training,5,2,171,0.057270877329366546,0.04817974487585681,0.003911055474808174,0.008895579925073045,1.8158662896894384e-05,0.014088675113660949,0.013436636621398585,0.0033131580899602602,0.8863837037767682,0.0013584491430914827,0.008877421330128397,0.0,0.0,0.03996228825833116,0.12326794703091894,0.05000000000000001,14,23|31|224|171|180,56,all_filtered,9,True,D:\Running_Place\PostGraduateProjects\Experiments\PostGraduate\backbones\DisperssionWithSADG_ConstraintStyleRegularization\Seg-SADG\BaryRadGateCons\a0p08\rho0p5\gb8\sadg0p05\cons0p01\shot5\Seed2,D:\Running_Place\PostGraduateProjects\Experiments\PostGraduate\backbones\Prompts\Seg-SADG\BaryRadGateCons\a0p08\rho0p5\gb8\sadg0p05\cons0p01\shot5\Seed2
Seg-SADG,Seg-SADG,Seg-SADG,LF-Barycenter-RadialGate-Cons,fixed,cosine,radial_cons,8,1.0,0.2887174189090729,0.6730679869651794,0.5370041131973267,0.46168032|0.56937957|0.56235015|0.5664978|0.67306799|0.65750009|0.51683939|0.28871742,0.08,0.5,0.05,0.05,0.5,0.0001,0.001,0.001,0.01,0.01,1e-06,0.5,style_rho0p5,sadg_rho0p05,9,9,19,19,new_training,5,2,172,0.0588380941855056,0.04974117981536048,0.003985336000498917,0.008897646662912198,1.8268985643641956e-05,0.01422977533989719,0.013545637484639883,0.003300370349149619,0.886571684053966,0.00136610512189301,0.008879377573196377,0.0,0.0,0.04094731169087546,0.13318288273044995,0.05000000000000001,14,23|31|224|171|180,56,all_filtered,9,True,D:\Running_Place\PostGraduateProjects\Experiments\PostGraduate\backbones\DisperssionWithSADG_ConstraintStyleRegularization\Seg-SADG\BaryRadGateCons\a0p08\rho0p5\gb8\sadg0p05\cons0p01\shot5\Seed2,D:\Running_Place\PostGraduateProjects\Experiments\PostGraduate\backbones\Prompts\Seg-SADG\BaryRadGateCons\a0p08\rho0p5\gb8\sadg0p05\cons0p01\shot5\Seed2
Seg-SADG,Seg-SADG,Seg-SADG,LF-Barycenter-RadialGate-Cons,fixed,cosine,radial_cons,8,1.0,0.2874409258365631,0.6737738847732544,0.5371283292770386,0.4621731|0.56976569|0.56259859|0.56687093|0.67377388|0.65798616|0.51641703|0.28744093,0.08,0.5,0.05,0.05,0.5,0.0001,0.001,0.001,0.01,0.01,1e-06,0.5,style_rho0p5,sadg_rho0p05,9,9,19,19,new_training,5,2,173,0.056594549013035636,0.04751242032008512,0.003813850261004908,0.008891435539616006,1.8352928886348048e-05,0.014344943354704551,0.01363238925114274,0.0032860446787838426,0.8859341655458722,0.0013741209238235439,0.00887308263086847,0.0,0.0,0.040361413466078896,0.11252727146659579,0.05000000000000001,14,23|31|224|171|180,56,all_filtered,9,True,D:\Running_Place\PostGraduateProjects\Experiments\PostGraduate\backbones\DisperssionWithSADG_ConstraintStyleRegularization\Seg-SADG\BaryRadGateCons\a0p08\rho0p5\gb8\sadg0p05\cons0p01\shot5\Seed2,D:\Running_Place\PostGraduateProjects\Experiments\PostGraduate\backbones\Prompts\Seg-SADG\BaryRadGateCons\a0p08\rho0p5\gb8\sadg0p05\cons0p01\shot5\Seed2
Seg-SADG,Seg-SADG,Seg-SADG,LF-Barycenter-RadialGate-Cons,fixed,cosine,radial_cons,8,1.0,0.2860281765460968,0.6741726398468018,0.5372292399406433,0.46264204|0.57003182|0.56317478|0.56715041|0.67417264|0.65868324|0.51595074|0.28602818,0.08,0.5,0.05,0.05,0.5,0.0001,0.001,0.001,0.01,0.01,1e-06,0.5,style_rho0p5,sadg_rho0p05,9,9,19,19,new_training,5,2,174,0.05673787024404321,0.04764644455696855,0.003970335819758475,0.008892909158021212,1.846739217268935e-05,0.01447449331837041,0.013733463361859322,0.0032864787915189353,0.8860629754407066,0.0013812235140773868,0.00887444189616612,0.0,0.0,0.0401654988527298,0.11598291407738413,0.05000000000000001,14,23|31|224|171|180,56,all_filtered,9,True,D:\Running_Place\PostGraduateProjects\Experiments\PostGraduate\backbones\DisperssionWithSADG_ConstraintStyleRegularization\Seg-SADG\BaryRadGateCons\a0p08\rho0p5\gb8\sadg0p05\cons0p01\shot5\Seed2,D:\Running_Place\PostGraduateProjects\Experiments\PostGraduate\backbones\Prompts\Seg-SADG\BaryRadGateCons\a0p08\rho0p5\gb8\sadg0p05\cons0p01\shot5\Seed2
Seg-SADG,Seg-SADG,Seg-SADG,LF-Barycenter-RadialGate-Cons,fixed,cosine,radial_cons,8,1.0,0.28470394015312195,0.6745485067367554,0.5373573303222656,0.46331382|0.57034552|0.56350166|0.56746513|0.67454851|0.65944153|0.51553851|0.28470394,0.08,0.5,0.05,0.05,0.5,0.0001,0.001,0.001,0.01,0.01,1e-06,0.5,style_rho0p5,sadg_rho0p05,9,9,19,19,new_training,5,2,175,0.057255041652492115,0.048153385786073546,0.00416020761310522,0.008893645634608609,1.857025693295457e-05,0.014601479217942272,0.013830608621771847,0.003279499526667808,0.8861159937722343,0.0013915678719058633,0.00887507532856294,0.0,0.0,0.04009461589157581,0.12397786815251623,0.05000000000000001,14,23|31|224|171|180,56,all_filtered,9,True,D:\Running_Place\PostGraduateProjects\Experiments\PostGraduate\backbones\DisperssionWithSADG_ConstraintStyleRegularization\Seg-SADG\BaryRadGateCons\a0p08\rho0p5\gb8\sadg0p05\cons0p01\shot5\Seed2,D:\Running_Place\PostGraduateProjects\Experiments\PostGraduate\backbones\Prompts\Seg-SADG\BaryRadGateCons\a0p08\rho0p5\gb8\sadg0p05\cons0p01\shot5\Seed2
Seg-SADG,Seg-SADG,Seg-SADG,LF-Barycenter-RadialGate-Cons,fixed,cosine,radial_cons,8,1.0,0.2831546366214752,0.67531418800354,0.5374797582626343,0.46360829|0.57086474|0.56388277|0.56782746|0.67531419|0.6599974|0.5151881|0.28315464,0.08,0.5,0.05,0.05,0.5,0.0001,0.001,0.001,0.01,0.01,1e-06,0.5,style_rho0p5,sadg_rho0p05,9,9,19,19,new_training,5,2,176,0.05503526143729687,0.0459778577621494,0.0034873623766803314,0.008883034876946892,1.870176999675875e-05,0.014736798325819629,0.013943938538432121,0.0032841506014977184,0.8850328155926296,0.0014005288747804506,0.008864333187895162,0.0,0.0,0.03909539191850594,0.10698555303471428,0.05000000000000001,14,23|31|224|171|180,56,all_filtered,9,True,D:\Running_Place\PostGraduateProjects\Experiments\PostGraduate\backbones\DisperssionWithSADG_ConstraintStyleRegularization\Seg-SADG\BaryRadGateCons\a0p08\rho0p5\gb8\sadg0p05\cons0p01\shot5\Seed2,D:\Running_Place\PostGraduateProjects\Experiments\PostGraduate\backbones\Prompts\Seg-SADG\BaryRadGateCons\a0p08\rho0p5\gb8\sadg0p05\cons0p01\shot5\Seed2
Seg-SADG,Seg-SADG,Seg-SADG,LF-Barycenter-RadialGate-Cons,fixed,cosine,radial_cons,8,1.0,0.28174272179603577,0.6763718128204346,0.5376015305519104,0.46362007|0.57125705|0.56423223|0.56823862|0.67637181|0.66052002|0.51482975|0.28174272,0.08,0.5,0.05,0.05,0.5,0.0001,0.001,0.001,0.01,0.01,1e-06,0.5,style_rho0p5,sadg_rho0p05,9,9,19,19,new_training,5,2,177,0.056133706654821126,0.04705337222133364,0.003841409326664039,0.008888263854065112,1.889664041040565e-05,0.014905488850282771,0.014092880633792706,0.003313209828255432,0.885527742760522,0.0014089910878932901,0.008869367119457041,0.0,0.0,0.039035912337047715,0.12336394456880433,0.05000000000000001,14,23|31|224|171|180,56,all_filtered,9,True,D:\Running_Place\PostGraduateProjects\Experiments\PostGraduate\backbones\DisperssionWithSADG_ConstraintStyleRegularization\Seg-SADG\BaryRadGateCons\a0p08\rho0p5\gb8\sadg0p05\cons0p01\shot5\Seed2,D:\Running_Place\PostGraduateProjects\Experiments\PostGraduate\backbones\Prompts\Seg-SADG\BaryRadGateCons\a0p08\rho0p5\gb8\sadg0p05\cons0p01\shot5\Seed2
Seg-SADG,Seg-SADG,Seg-SADG,LF-Barycenter-RadialGate-Cons,fixed,cosine,radial_cons,8,1.0,0.28042879700660706,0.677528977394104,0.537874698638916,0.46407178|0.57195199|0.56463081|0.56865281|0.67752898|0.66145998|0.51427269|0.2804288,0.08,0.5,0.05,0.05,0.5,0.0001,0.001,0.001,0.01,0.01,1e-06,0.5,style_rho0p5,sadg_rho0p05,9,9,19,19,new_training,5,2,178,0.055723220642123907,0.046635672982249944,0.00367839216986405,0.008903628215193748,1.9084884635438876e-05,0.015075910237750836,0.014233706785099847,0.003343585928502892,0.8870314146791186,0.0014229347580112517,0.008884543353425605,0.0,0.0,0.03894201213760035,0.11935054351176534,0.05000000000000001,14,23|31|224|171|180,56,all_filtered,9,True,D:\Running_Place\PostGraduateProjects\Experiments\PostGraduate\backbones\DisperssionWithSADG_ConstraintStyleRegularization\Seg-SADG\BaryRadGateCons\a0p08\rho0p5\gb8\sadg0p05\cons0p01\shot5\Seed2,D:\Running_Place\PostGraduateProjects\Experiments\PostGraduate\backbones\Prompts\Seg-SADG\BaryRadGateCons\a0p08\rho0p5\gb8\sadg0p05\cons0p01\shot5\Seed2
Seg-SADG,Seg-SADG,Seg-SADG,LF-Barycenter-RadialGate-Cons,fixed,cosine,radial_cons,8,1.0,0.2788867950439453,0.677983283996582,0.5379714369773865,0.46473771|0.57238233|0.56483465|0.56916541|0.67798328|0.66194022|0.51384097|0.2788868,0.08,0.5,0.05,0.05,0.5,0.0001,0.001,0.001,0.01,0.01,1e-06,0.5,style_rho0p5,sadg_rho0p05,9,9,19,19,new_training,5,2,179,0.05664012048925672,0.04754057792680604,0.00396186306274363,0.008901449984737806,1.923675348994688e-05,0.015232730656862259,0.01435717594410692,0.003356303437612951,0.8867821650845664,0.0014391507720574737,0.008882213051297836,0.0,0.0,0.039368215682251115,0.12704073158758028,0.05000000000000001,14,23|31|224|171|180,56,all_filtered,9,True,D:\Running_Place\PostGraduateProjects\Experiments\PostGraduate\backbones\DisperssionWithSADG_ConstraintStyleRegularization\Seg-SADG\BaryRadGateCons\a0p08\rho0p5\gb8\sadg0p05\cons0p01\shot5\Seed2,D:\Running_Place\PostGraduateProjects\Experiments\PostGraduate\backbones\Prompts\Seg-SADG\BaryRadGateCons\a0p08\rho0p5\gb8\sadg0p05\cons0p01\shot5\Seed2
Seg-SADG,Seg-SADG,Seg-SADG,LF-Barycenter-RadialGate-Cons,fixed,cosine,radial_cons,8,1.0,0.2771513760089874,0.6789585947990417,0.5380569696426392,0.46528631|0.57264471|0.56500554|0.56962568|0.67895859|0.66242033|0.5133636|0.27715138,0.08,0.5,0.05,0.05,0.5,0.0001,0.001,0.001,0.01,0.01,1e-06,0.5,style_rho0p5,sadg_rho0p05,9,9,19,19,new_training,5,2,180,0.05503210797905922,0.04593847878277302,0.003867003451367574,0.00890027911269239,1.9364296609377823e-05,0.01538685236924461,0.014475818590394087,0.003349791846371123,0.88664567896298,0.001445842274863805,0.00888091472110578,0.0,0.0,0.038405287744743485,0.11472343813095774,0.05000000000000001,14,23|31|224|171|180,56,all_filtered,9,True,D:\Running_Place\PostGraduateProjects\Experiments\PostGraduate\backbones\DisperssionWithSADG_ConstraintStyleRegularization\Seg-SADG\BaryRadGateCons\a0p08\rho0p5\gb8\sadg0p05\cons0p01\shot5\Seed2,D:\Running_Place\PostGraduateProjects\Experiments\PostGraduate\backbones\Prompts\Seg-SADG\BaryRadGateCons\a0p08\rho0p5\gb8\sadg0p05\cons0p01\shot5\Seed2
Seg-SADG,Seg-SADG,Seg-SADG,LF-Barycenter-RadialGate-Cons,fixed,cosine,radial_cons,8,1.0,0.2757842242717743,0.6800462603569031,0.538196861743927,0.46560678|0.57304293|0.56528813|0.57009125|0.68004626|0.66286069|0.51285499|0.27578422,0.08,0.5,0.05,0.05,0.5,0.0001,0.001,0.001,0.01,0.01,1e-06,0.5,style_rho0p5,sadg_rho0p05,9,9,19,19,new_training,5,2,181,0.05479515450341361,0.045715883640306335,0.0037116349641499774,0.008893689207200493,1.9534632234094067e-05,0.015548743839774812,0.014608933191214288,0.003370823771027582,0.8859622010162899,0.001453257739610438,0.00887415451662881,0.0,0.0,0.03825934364327362,0.11392181207026754,0.05000000000000001,14,23|31|224|171|180,56,all_filtered,9,True,D:\Running_Place\PostGraduateProjects\Experiments\PostGraduate\backbones\DisperssionWithSADG_ConstraintStyleRegularization\Seg-SADG\BaryRadGateCons\a0p08\rho0p5\gb8\sadg0p05\cons0p01\shot5\Seed2,D:\Running_Place\PostGraduateProjects\Experiments\PostGraduate\backbones\Prompts\Seg-SADG\BaryRadGateCons\a0p08\rho0p5\gb8\sadg0p05\cons0p01\shot5\Seed2
Seg-SADG,Seg-SADG,Seg-SADG,LF-Barycenter-RadialGate-Cons,fixed,cosine,radial_cons,8,1.0,0.2744407653808594,0.6806147694587708,0.5383545160293579,0.46604165|0.57334387|0.56570238|0.57051778|0.68061477|0.66371769|0.51245731|0.27444077,0.08,0.5,0.05,0.05,0.5,0.0001,0.001,0.001,0.01,0.01,1e-06,0.5,style_rho0p5,sadg_rho0p05,9,9,19,19,new_training,5,2,182,0.05333724564739636,0.0442553771925824,0.003657651915481048,0.008898985904774495,1.9674291512014213e-05,0.015703558788767884,0.014724809875977891,0.003379125031642616,0.8864656473909106,0.001465518376789987,0.008879311582339662,0.0,0.0,0.0372814525450979,0.10726068913936615,0.05000000000000001,14,23|31|224|171|180,56,all_filtered,9,True,D:\Running_Place\PostGraduateProjects\Experiments\PostGraduate\backbones\DisperssionWithSADG_ConstraintStyleRegularization\Seg-SADG\BaryRadGateCons\a0p08\rho0p5\gb8\sadg0p05\cons0p01\shot5\Seed2,D:\Running_Place\PostGraduateProjects\Experiments\PostGraduate\backbones\Prompts\Seg-SADG\BaryRadGateCons\a0p08\rho0p5\gb8\sadg0p05\cons0p01\shot5\Seed2
Seg-SADG,Seg-SADG,Seg-SADG,LF-Barycenter-RadialGate-Cons,fixed,cosine,radial_cons,8,1.0,0.27307844161987305,0.6814177632331848,0.5384693145751953,0.46642134|0.5733946|0.56618577|0.57095253|0.68141776|0.66423774|0.51206666|0.27307844,0.08,0.5,0.05,0.05,0.5,0.0001,0.001,0.001,0.01,0.01,1e-06,0.5,style_rho0p5,sadg_rho0p05,9,9,19,19,new_training,5,2,183,0.05198683563087668,0.042931378952094486,0.0033998002763837576,0.008885465961481844,1.9805767676319063e-05,0.01585178037307092,0.01484048313328198,0.003380105681052165,0.8850915687424796,0.001474466607240694,0.008865660122994865,0.0,0.0,0.0366243270358869,0.09939640866858619,0.05000000000000001,14,23|31|224|171|180,56,all_filtered,9,True,D:\Running_Place\PostGraduateProjects\Experiments\PostGraduate\backbones\DisperssionWithSADG_ConstraintStyleRegularization\Seg-SADG\BaryRadGateCons\a0p08\rho0p5\gb8\sadg0p05\cons0p01\shot5\Seed2,D:\Running_Place\PostGraduateProjects\Experiments\PostGraduate\backbones\Prompts\Seg-SADG\BaryRadGateCons\a0p08\rho0p5\gb8\sadg0p05\cons0p01\shot5\Seed2
Seg-SADG,Seg-SADG,Seg-SADG,LF-Barycenter-RadialGate-Cons,fixed,cosine,radial_cons,8,1.0,0.27181491255760193,0.6822562217712402,0.5385847091674805,0.46675155|0.57356536|0.56670463|0.57132846|0.68225622|0.66467249|0.51158416|0.27181491,0.08,0.5,0.05,0.05,0.5,0.0001,0.001,0.001,0.01,0.01,1e-06,0.5,style_rho0p5,sadg_rho0p05,9,9,19,19,new_training,5,2,184,0.05256998246269567,0.04351463834089892,0.003435896094223218,0.008883548767438956,1.9936790262623356e-05,0.015999581265662397,0.014948857149907522,0.003387974475377372,0.8848773794514793,0.0014838273470689143,0.008863612011607205,0.0,0.0,0.03626978290932519,0.10966109111905098,0.05000000000000001,14,23|31|224|171|180,56,all_filtered,9,True,D:\Running_Place\PostGraduateProjects\Experiments\PostGraduate\backbones\DisperssionWithSADG_ConstraintStyleRegularization\Seg-SADG\BaryRadGateCons\a0p08\rho0p5\gb8\sadg0p05\cons0p01\shot5\Seed2,D:\Running_Place\PostGraduateProjects\Experiments\PostGraduate\backbones\Prompts\Seg-SADG\BaryRadGateCons\a0p08\rho0p5\gb8\sadg0p05\cons0p01\shot5\Seed2
Seg-SADG,Seg-SADG,Seg-SADG,LF-Barycenter-RadialGate-Cons,fixed,cosine,radial_cons,8,1.0,0.2704923450946808,0.6828824281692505,0.5387139320373535,0.46706983|0.57427323|0.56706059|0.57174188|0.68288243|0.66517442|0.51101631|0.27049235,0.08,0.5,0.05,0.05,0.5,0.0001,0.001,0.001,0.01,0.01,1e-06,0.5,style_rho0p5,sadg_rho0p05,9,9,19,19,new_training,5,2,185,0.05147648922034672,0.04241158573755196,0.0034370582683810164,0.008893050652529513,2.007014739189929e-05,0.016142874423946654,0.015057590923139028,0.0033982680844409125,0.8858046957424709,0.0014933606393502227,0.008872980384954385,0.0,0.0,0.03562604689172336,0.10140497450317655,0.05000000000000001,14,23|31|224|171|180,56,all_filtered,9,True,D:\Running_Place\PostGraduateProjects\Experiments\PostGraduate\backbones\DisperssionWithSADG_ConstraintStyleRegularization\Seg-SADG\BaryRadGateCons\a0p08\rho0p5\gb8\sadg0p05\cons0p01\shot5\Seed2,D:\Running_Place\PostGraduateProjects\Experiments\PostGraduate\backbones\Prompts\Seg-SADG\BaryRadGateCons\a0p08\rho0p5\gb8\sadg0p05\cons0p01\shot5\Seed2
Seg-SADG,Seg-SADG,Seg-SADG,LF-Barycenter-RadialGate-Cons,fixed,cosine,radial_cons,8,1.0,0.26919397711753845,0.6835058927536011,0.5387834310531616,0.46730819|0.57453167|0.56734574|0.57219344|0.68350589|0.66574997|0.51043832|0.26919398,0.08,0.5,0.05,0.05,0.5,0.0001,0.001,0.001,0.01,0.01,1e-06,0.5,style_rho0p5,sadg_rho0p05,9,9,19,19,new_training,5,2,186,0.05170445915843759,0.04264952056109905,0.003336463522698198,0.008888115773775749,2.0211900976261988e-05,0.016286455360906466,0.015171340866280454,0.0034119137230196168,0.8852890474455697,0.0015013652820406215,0.008867903878646237,0.0,0.0,0.03554948605597019,0.10804797921861921,0.05000000000000001,14,23|31|224|171|180,56,all_filtered,9,True,D:\Running_Place\PostGraduateProjects\Experiments\PostGraduate\backbones\DisperssionWithSADG_ConstraintStyleRegularization\Seg-SADG\BaryRadGateCons\a0p08\rho0p5\gb8\sadg0p05\cons0p01\shot5\Seed2,D:\Running_Place\PostGraduateProjects\Experiments\PostGraduate\backbones\Prompts\Seg-SADG\BaryRadGateCons\a0p08\rho0p5\gb8\sadg0p05\cons0p01\shot5\Seed2
Seg-SADG,Seg-SADG,Seg-SADG,LF-Barycenter-RadialGate-Cons,fixed,cosine,radial_cons,8,1.0,0.2678897976875305,0.6843396425247192,0.5388759970664978,0.46780041|0.57461011|0.56742942|0.57261562|0.68433964|0.66629791|0.51002502|0.2678898,0.08,0.5,0.05,0.05,0.5,0.0001,0.001,0.001,0.01,0.01,1e-06,0.5,style_rho0p5,sadg_rho0p05,9,9,19,19,new_training,5,2,187,0.05133656944547381,0.04225161565201623,0.003457325926449682,0.008912087285092898,2.0333316829887087e-05,0.01642627881041595,0.015274968397404467,0.0034157198055514266,0.8876677581242153,0.00150764622958377,0.008891753918890442,0.0,0.0,0.035442416689225605,0.1028943902679852,0.05000000000000001,14,23|31|224|171|180,56,all_filtered,9,True,D:\Running_Place\PostGraduateProjects\Experiments\PostGraduate\backbones\DisperssionWithSADG_ConstraintStyleRegularization\Seg-SADG\BaryRadGateCons\a0p08\rho0p5\gb8\sadg0p05\cons0p01\shot5\Seed2,D:\Running_Place\PostGraduateProjects\Experiments\PostGraduate\backbones\Prompts\Seg-SADG\BaryRadGateCons\a0p08\rho0p5\gb8\sadg0p05\cons0p01\shot5\Seed2
Seg-SADG,Seg-SADG,Seg-SADG,LF-Barycenter-RadialGate-Cons,fixed,cosine,radial_cons,8,1.0,0.2666269540786743,0.6850550770759583,0.5390333533287048,0.46819898|0.57491964|0.56778884|0.57308006|0.68505508|0.667027|0.50957036|0.26662695,0.08,0.5,0.05,0.05,0.5,0.0001,0.001,0.001,0.01,0.01,1e-06,0.5,style_rho0p5,sadg_rho0p05,9,9,19,19,new_training,5,2,188,0.05326307165835585,0.04418793799621718,0.00343458991431232,0.008903403433838062,2.046543951499708e-05,0.016576583497226238,0.01538865188402789,0.0034191288286820054,0.8867765537330082,0.0015172739430064602,0.008882938152445214,0.0,0.0,0.03638242158506598,0.11976105613367898,0.05000000000000001,14,23|31|224|171|180,56,all_filtered,9,True,D:\Running_Place\PostGraduateProjects\Experiments\PostGraduate\backbones\DisperssionWithSADG_ConstraintStyleRegularization\Seg-SADG\BaryRadGateCons\a0p08\rho0p5\gb8\sadg0p05\cons0p01\shot5\Seed2,D:\Running_Place\PostGraduateProjects\Experiments\PostGraduate\backbones\Prompts\Seg-SADG\BaryRadGateCons\a0p08\rho0p5\gb8\sadg0p05\cons0p01\shot5\Seed2
Seg-SADG,Seg-SADG,Seg-SADG,LF-Barycenter-RadialGate-Cons,fixed,cosine,radial_cons,8,1.0,0.26515910029411316,0.6855341196060181,0.5391477346420288,0.46869954|0.57523298|0.56835574|0.57350427|0.68553412|0.66758364|0.50911242|0.2651591,0.08,0.5,0.05,0.05,0.5,0.0001,0.001,0.001,0.01,0.01,1e-06,0.5,style_rho0p5,sadg_rho0p05,9,9,19,19,new_training,5,2,189,0.05263535199420793,0.04356363761637892,0.0034609651691945536,0.008898665330239705,2.058986813478571e-05,0.016724170318671634,0.015498632166002477,0.003418817783572844,0.8862793275288173,0.0015282626596412488,0.008878075584237064,0.0,0.0,0.0361862951623542,0.11621467183743205,0.05000000000000001,14,23|31|224|171|180,56,all_filtered,9,True,D:\Running_Place\PostGraduateProjects\Experiments\PostGraduate\backbones\DisperssionWithSADG_ConstraintStyleRegularization\Seg-SADG\BaryRadGateCons\a0p08\rho0p5\gb8\sadg0p05\cons0p01\shot5\Seed2,D:\Running_Place\PostGraduateProjects\Experiments\PostGraduate\backbones\Prompts\Seg-SADG\BaryRadGateCons\a0p08\rho0p5\gb8\sadg0p05\cons0p01\shot5\Seed2
Seg-SADG,Seg-SADG,Seg-SADG,LF-Barycenter-RadialGate-Cons,fixed,cosine,radial_cons,8,1.0,0.2635793387889862,0.6862601041793823,0.5391860604286194,0.46883491|0.57517052|0.56879753|0.57387233|0.6862601|0.66848177|0.50849199|0.26357934,0.08,0.5,0.05,0.05,0.5,0.0001,0.001,0.001,0.01,0.01,1e-06,0.5,style_rho0p5,sadg_rho0p05,9,9,19,19,new_training,5,2,190,0.052876221016049385,0.04380839371255466,0.0033926437442590085,0.008898194879293442,2.0735854247634832e-05,0.01689006667584181,0.01562618643843702,0.00342066035539444,0.8862117145742688,0.00153419140925897,0.008877458982169628,0.0,0.0,0.03617093579045364,0.11837058141827583,0.05000000000000001,14,23|31|224|171|180,56,all_filtered,9,True,D:\Running_Place\PostGraduateProjects\Experiments\PostGraduate\backbones\DisperssionWithSADG_ConstraintStyleRegularization\Seg-SADG\BaryRadGateCons\a0p08\rho0p5\gb8\sadg0p05\cons0p01\shot5\Seed2,D:\Running_Place\PostGraduateProjects\Experiments\PostGraduate\backbones\Prompts\Seg-SADG\BaryRadGateCons\a0p08\rho0p5\gb8\sadg0p05\cons0p01\shot5\Seed2
Seg-SADG,Seg-SADG,Seg-SADG,LF-Barycenter-RadialGate-Cons,fixed,cosine,radial_cons,8,1.0,0.2622814476490021,0.6867886185646057,0.5392379760742188,0.46891898|0.57543147|0.56910199|0.57430112|0.68678862|0.66910315|0.50797737|0.26228145,0.08,0.5,0.05,0.05,0.5,0.0001,0.001,0.001,0.01,0.01,1e-06,0.5,style_rho0p5,sadg_rho0p05,9,9,19,19,new_training,5,2,191,0.05203358296837125,0.04298082632677896,0.0034512736601755023,0.008880192347403084,2.0892280190309975e-05,0.01705481018871069,0.015759487902479514,0.003427310647176845,0.8843927936894553,0.001537213642482779,0.008859300054609776,0.0,0.0,0.0356649500983102,0.11184990352817945,0.05000000000000001,14,23|31|224|171|180,56,all_filtered,9,True,D:\Running_Place\PostGraduateProjects\Experiments\PostGraduate\backbones\DisperssionWithSADG_ConstraintStyleRegularization\Seg-SADG\BaryRadGateCons\a0p08\rho0p5\gb8\sadg0p05\cons0p01\shot5\Seed2,D:\Running_Place\PostGraduateProjects\Experiments\PostGraduate\backbones\Prompts\Seg-SADG\BaryRadGateCons\a0p08\rho0p5\gb8\sadg0p05\cons0p01\shot5\Seed2
Seg-SADG,Seg-SADG,Seg-SADG,LF-Barycenter-RadialGate-Cons,fixed,cosine,radial_cons,8,1.0,0.26109492778778076,0.6875453591346741,0.5393227338790894,0.46935126|0.57561666|0.56932449|0.57467288|0.68754536|0.66949046|0.50748575|0.26109493,0.08,0.5,0.05,0.05,0.5,0.0001,0.001,0.001,0.01,0.01,1e-06,0.5,style_rho0p5,sadg_rho0p05,9,9,19,19,new_training,5,2,192,0.04999870993196964,0.04096107530806746,0.003108620327631278,0.008882203671549047,2.100874878254087e-05,0.01718538174671786,0.015855750734252588,0.0034344589969675455,0.8845765973840441,0.001542919290451599,0.008861194896910871,0.0,0.0,0.03454134666493961,0.09881664227162089,0.05000000000000001,14,23|31|224|171|180,56,all_filtered,9,True,D:\Running_Place\PostGraduateProjects\Experiments\PostGraduate\backbones\DisperssionWithSADG_ConstraintStyleRegularization\Seg-SADG\BaryRadGateCons\a0p08\rho0p5\gb8\sadg0p05\cons0p01\shot5\Seed2,D:\Running_Place\PostGraduateProjects\Experiments\PostGraduate\backbones\Prompts\Seg-SADG\BaryRadGateCons\a0p08\rho0p5\gb8\sadg0p05\cons0p01\shot5\Seed2
Seg-SADG,Seg-SADG,Seg-SADG,LF-Barycenter-RadialGate-Cons,fixed,cosine,radial_cons,8,1.0,0.25972458720207214,0.6880990266799927,0.5393879413604736,0.4695186|0.57586437|0.56971371|0.57515967|0.68809903|0.67004412|0.50697988|0.25972459,0.08,0.5,0.05,0.05,0.5,0.0001,0.001,0.001,0.01,0.01,1e-06,0.5,style_rho0p5,sadg_rho0p05,9,9,19,19,new_training,5,2,193,0.05100588846419539,0.04195674934557506,0.003165766314071204,0.008890850735562188,2.113354756667312e-05,0.01732389522450311,0.015962635965219567,0.003438521409407258,0.8854250482150486,0.001546691936839904,0.008869717097175973,0.0,0.0,0.03482637035527399,0.11056011116930417,0.05000000000000001,14,23|31|224|171|180,56,all_filtered,9,True,D:\Running_Place\PostGraduateProjects\Experiments\PostGraduate\backbones\DisperssionWithSADG_ConstraintStyleRegularization\Seg-SADG\BaryRadGateCons\a0p08\rho0p5\gb8\sadg0p05\cons0p01\shot5\Seed2,D:\Running_Place\PostGraduateProjects\Experiments\PostGraduate\backbones\Prompts\Seg-SADG\BaryRadGateCons\a0p08\rho0p5\gb8\sadg0p05\cons0p01\shot5\Seed2
Seg-SADG,Seg-SADG,Seg-SADG,LF-Barycenter-RadialGate-Cons,fixed,cosine,radial_cons,8,1.0,0.25840631127357483,0.6886091828346252,0.5395281314849854,0.47007474|0.5763514|0.57000142|0.57563233|0.68860918|0.67063075|0.5065189|0.25840631,0.08,0.5,0.05,0.05,0.5,0.0001,0.001,0.001,0.01,0.01,1e-06,0.5,style_rho0p5,sadg_rho0p05,9,9,19,19,new_training,5,2,194,0.04985840432345867,0.04081740842333862,0.003182437670017992,0.00888187371726547,2.1273544656911065e-05,0.01748125042234148,0.01608111722660916,0.003444301213936082,0.8845034624849047,0.0015565628169237503,0.00886060024744698,0.0,0.0,0.03419228656483548,0.10351301516805377,0.05000000000000001,14,23|31|224|171|180,56,all_filtered,9,True,D:\Running_Place\PostGraduateProjects\Experiments\PostGraduate\backbones\DisperssionWithSADG_ConstraintStyleRegularization\Seg-SADG\BaryRadGateCons\a0p08\rho0p5\gb8\sadg0p05\cons0p01\shot5\Seed2,D:\Running_Place\PostGraduateProjects\Experiments\PostGraduate\backbones\Prompts\Seg-SADG\BaryRadGateCons\a0p08\rho0p5\gb8\sadg0p05\cons0p01\shot5\Seed2
Seg-SADG,Seg-SADG,Seg-SADG,LF-Barycenter-RadialGate-Cons,fixed,cosine,radial_cons,8,1.0,0.25726619362831116,0.6893841028213501,0.5396813750267029,0.47057694|0.57670033|0.57021075|0.57616949|0.6893841|0.67099166|0.50615174|0.25726619,0.08,0.5,0.05,0.05,0.5,0.0001,0.001,0.001,0.01,0.01,1e-06,0.5,style_rho0p5,sadg_rho0p05,9,9,19,19,new_training,5,2,195,0.04958192285682474,0.04052568466535637,0.003272928896227053,0.00889259237529976,2.1377361398273414e-05,0.017617138235696723,0.016174961546702043,0.0034406851877325346,0.8855531130518232,0.001568409738995667,0.008871214929968119,0.0,0.0,0.03387744232480015,0.10429008358291217,0.05000000000000001,14,23|31|224|171|180,56,all_filtered,9,True,D:\Running_Place\PostGraduateProjects\Experiments\PostGraduate\backbones\DisperssionWithSADG_ConstraintStyleRegularization\Seg-SADG\BaryRadGateCons\a0p08\rho0p5\gb8\sadg0p05\cons0p01\shot5\Seed2,D:\Running_Place\PostGraduateProjects\Experiments\PostGraduate\backbones\Prompts\Seg-SADG\BaryRadGateCons\a0p08\rho0p5\gb8\sadg0p05\cons0p01\shot5\Seed2
Seg-SADG,Seg-SADG,Seg-SADG,LF-Barycenter-RadialGate-Cons,fixed,cosine,radial_cons,8,1.0,0.25599002838134766,0.6901153922080994,0.5397675037384033,0.47076073|0.57692689|0.57058042|0.57671422|0.69011539|0.67145324|0.50559866|0.25599003,0.08,0.5,0.05,0.05,0.5,0.0001,0.001,0.001,0.01,0.01,1e-06,0.5,style_rho0p5,sadg_rho0p05,9,9,19,19,new_training,5,2,196,0.04985839341367994,0.04082479594009263,0.0031360851800335304,0.008876792820436614,2.1511156774067786e-05,0.017763885536364148,0.016283809074333737,0.0034509582578071524,0.8839505783149174,0.0015775981675168233,0.008855281597269433,0.0,0.0,0.0337100654308285,0.1062959044107369,0.05000000000000001,14,23|31|224|171|180,56,all_filtered,9,True,D:\Running_Place\PostGraduateProjects\Experiments\PostGraduate\backbones\DisperssionWithSADG_ConstraintStyleRegularization\Seg-SADG\BaryRadGateCons\a0p08\rho0p5\gb8\sadg0p05\cons0p01\shot5\Seed2,D:\Running_Place\PostGraduateProjects\Experiments\PostGraduate\backbones\Prompts\Seg-SADG\BaryRadGateCons\a0p08\rho0p5\gb8\sadg0p05\cons0p01\shot5\Seed2
Seg-SADG,Seg-SADG,Seg-SADG,LF-Barycenter-RadialGate-Cons,fixed,cosine,radial_cons,8,1.0,0.25455033779144287,0.6911447644233704,0.5398615002632141,0.47094044|0.57691848|0.57101452|0.57723576|0.69114476|0.67208385|0.50500369|0.25455034,0.08,0.5,0.05,0.05,0.5,0.0001,0.001,0.001,0.01,0.01,1e-06,0.5,style_rho0p5,sadg_rho0p05,9,9,19,19,new_training,5,2,197,0.05181644989975861,0.04275852202304772,0.0033260641087378773,0.008891624598098653,2.1645317376948826e-05,0.01792460067995957,0.01639736137752022,0.003455494829852666,0.8854138467993055,0.0015840969697040106,0.008869979264480727,0.0,0.0,0.03445270285010338,0.1259526881788458,0.05000000000000001,14,23|31|224|171|180,56,all_filtered,9,True,D:\Running_Place\PostGraduateProjects\Experiments\PostGraduate\backbones\DisperssionWithSADG_ConstraintStyleRegularization\Seg-SADG\BaryRadGateCons\a0p08\rho0p5\gb8\sadg0p05\cons0p01\shot5\Seed2,D:\Running_Place\PostGraduateProjects\Experiments\PostGraduate\backbones\Prompts\Seg-SADG\BaryRadGateCons\a0p08\rho0p5\gb8\sadg0p05\cons0p01\shot5\Seed2
Seg-SADG,Seg-SADG,Seg-SADG,LF-Barycenter-RadialGate-Cons,fixed,cosine,radial_cons,8,1.0,0.25347962975502014,0.691588819026947,0.5399767756462097,0.47155485|0.57738036|0.57130879|0.57774734|0.69158882|0.67256612|0.50418836|0.25347963,0.08,0.5,0.05,0.05,0.5,0.0001,0.001,0.001,0.01,0.01,1e-06,0.5,style_rho0p5,sadg_rho0p05,9,9,19,19,new_training,5,2,198,0.053186536367450445,0.04412312167031424,0.003353409552281456,0.008895744370030505,2.177282450637514e-05,0.018081558602196828,0.016504750587046146,0.0034599172982520293,0.885805892092841,0.0015912740574484424,0.00887397157826594,0.0,0.0,0.03553431773824351,0.13145830216152327,0.05000000000000001,14,23|31|224|171|180,56,all_filtered,9,True,D:\Running_Place\PostGraduateProjects\Experiments\PostGraduate\backbones\DisperssionWithSADG_ConstraintStyleRegularization\Seg-SADG\BaryRadGateCons\a0p08\rho0p5\gb8\sadg0p05\cons0p01\shot5\Seed2,D:\Running_Place\PostGraduateProjects\Experiments\PostGraduate\backbones\Prompts\Seg-SADG\BaryRadGateCons\a0p08\rho0p5\gb8\sadg0p05\cons0p01\shot5\Seed2
Seg-SADG,Seg-SADG,Seg-SADG,LF-Barycenter-RadialGate-Cons,fixed,cosine,radial_cons,8,1.0,0.2522348463535309,0.6918138861656189,0.540144145488739,0.47227591|0.57824624|0.57171315|0.57818609|0.69181389|0.67321503|0.50346804|0.25223485,0.08,0.5,0.05,0.05,0.5,0.0001,0.001,0.001,0.01,0.01,1e-06,0.5,style_rho0p5,sadg_rho0p05,9,9,19,19,new_training,5,2,199,0.05126248220247882,0.04221153498760292,0.003384669910051993,0.008881713995443923,2.186618894484127e-05,0.018217116594314575,0.016588881744870117,0.0034555946476757526,0.884379472051348,0.0016053228589173938,0.00885984773880669,0.0,0.0,0.03464985425983157,0.11749254007424627,0.05000000000000001,14,23|31|224|171|180,56,all_filtered,9,True,D:\Running_Place\PostGraduateProjects\Experiments\PostGraduate\backbones\DisperssionWithSADG_ConstraintStyleRegularization\Seg-SADG\BaryRadGateCons\a0p08\rho0p5\gb8\sadg0p05\cons0p01\shot5\Seed2,D:\Running_Place\PostGraduateProjects\Experiments\PostGraduate\backbones\Prompts\Seg-SADG\BaryRadGateCons\a0p08\rho0p5\gb8\sadg0p05\cons0p01\shot5\Seed2
Seg-SADG,Seg-SADG,Seg-SADG,LF-Barycenter-RadialGate-Cons,fixed,cosine,radial_cons,8,1.0,0.25089043378829956,0.6923445463180542,0.5401763319969177,0.47250617|0.57835573|0.57210249|0.57863677|0.69234455|0.67371219|0.50286245|0.25089043,0.08,0.5,0.05,0.05,0.5,0.0001,0.001,0.001,0.01,0.01,1e-06,0.5,style_rho0p5,sadg_rho0p05,9,9,19,19,new_training,5,2,200,0.049743808273758204,0.04070562549999782,0.003075233244869326,0.00888442135016833,2.1984952841843812e-05,0.018361662248415605,0.01669358808015074,0.003455197688059083,0.8846305651324136,0.0016130958101712167,0.008862436416425876,0.0,0.0,0.033554812361087115,0.10838230113898005,0.05000000000000001,14,23|31|224|171|180,56,all_filtered,9,True,D:\Running_Place\PostGraduateProjects\Experiments\PostGraduate\backbones\DisperssionWithSADG_ConstraintStyleRegularization\Seg-SADG\BaryRadGateCons\a0p08\rho0p5\gb8\sadg0p05\cons0p01\shot5\Seed2,D:\Running_Place\PostGraduateProjects\Experiments\PostGraduate\backbones\Prompts\Seg-SADG\BaryRadGateCons\a0p08\rho0p5\gb8\sadg0p05\cons0p01\shot5\Seed2
