experiment,base_method,loss_mode,ablation,sadg_method,bn_method,bn_method_tag,bn_layers,bn_mu_std,bn_logvar_std,bn_adv_radius,lambda_bn_cons,lambda_bn_adv,lambda_bn_sens,lambda_bn_affine,lambda_bn_compact,lambda_disp,dice_weight,rho,rho_tag,checkpoint_source,shot,seed,epoch,train_loss,train_base_loss,train_seg_loss,train_disp_loss,epsilon_loss,sadg_grad_norm,perturb_norm,bn_cons_loss,bn_adv_loss,bn_sens_loss,bn_affine_loss,bn_compact_loss,bn_total_reg_loss,steps,train_case_ids,n_train_slices,slice_policy,num_middle_slices,filter_min_fg,output_dir
PertubatedBNStatistics,Disperssion+Seg-SADG,BN-Compact,BN-Compact,Seg-SADG,BN-Compact,bn_compact,shallow,0.1,0.1,1.0,0.05,0.1,0.001,0.0001,0.001,0.05,0.5,0.05,rho0p05,new_training,3,1,1,1.276935338973999,1.276934372054206,1.2532923883861966,0.4728397892581092,1.1619926028781467,1.82853364944458,0.05,0.0,0.0,0.0,0.0,0.0009749928722158074,9.74992919585323e-07,9,72|31|126,35,all_filtered,9,True,D:\Running_Place\PostGraduateProjects\Experiments\PostGraduate\backbones\PertubatedBNStatistics\BN-Compact\shot3\Seed1
PertubatedBNStatistics,Disperssion+Seg-SADG,BN-Compact,BN-Compact,Seg-SADG,BN-Compact,bn_compact,shallow,0.1,0.1,1.0,0.05,0.1,0.001,0.0001,0.001,0.05,0.5,0.05,rho0p05,new_training,3,1,2,0.9552097916603088,0.9552084803581238,0.9442085093922086,0.21999964118003845,0.8908823463651869,0.9903077681859335,0.05,0.0,0.0,0.0,0.0,0.0013026043565736876,1.302604434588122e-06,9,72|31|126,35,all_filtered,9,True,D:\Running_Place\PostGraduateProjects\Experiments\PostGraduate\backbones\PertubatedBNStatistics\BN-Compact\shot3\Seed1
PertubatedBNStatistics,Disperssion+Seg-SADG,BN-Compact,BN-Compact,Seg-SADG,BN-Compact,bn_compact,shallow,0.1,0.1,1.0,0.05,0.1,0.001,0.0001,0.001,0.05,0.5,0.05,rho0p05,new_training,3,1,3,0.815605448351966,0.8156040840678744,0.8093826572100321,0.12442852060000102,0.7683884369002448,0.7656073768933614,0.05,0.0,0.0,0.0,0.0,0.0013751114860901402,1.3751115501589893e-06,9,72|31|126,35,all_filtered,9,True,D:\Running_Place\PostGraduateProjects\Experiments\PostGraduate\backbones\PertubatedBNStatistics\BN-Compact\shot3\Seed1
PertubatedBNStatistics,Disperssion+Seg-SADG,BN-Compact,BN-Compact,Seg-SADG,BN-Compact,bn_compact,shallow,0.1,0.1,1.0,0.05,0.1,0.001,0.0001,0.001,0.05,0.5,0.05,rho0p05,new_training,3,1,4,0.7144524653752645,0.7144512799051073,0.7109396788809035,0.07023176012767686,0.6719611883163452,0.7287487387657166,0.05,0.0,0.0,0.0,0.0,0.001189393803037496,1.189393862609399e-06,9,72|31|126,35,all_filtered,9,True,D:\Running_Place\PostGraduateProjects\Experiments\PostGraduate\backbones\PertubatedBNStatistics\BN-Compact\shot3\Seed1
PertubatedBNStatistics,Disperssion+Seg-SADG,BN-Compact,BN-Compact,Seg-SADG,BN-Compact,bn_compact,shallow,0.1,0.1,1.0,0.05,0.1,0.001,0.0001,0.001,0.05,0.5,0.05,rho0p05,new_training,3,1,5,0.6367902954419454,0.6367889841397604,0.6344661646419101,0.046456449975570045,0.5979132652282715,0.6798601945241293,0.05,0.0,0.0,0.0,0.0,0.0012987058952502492,1.2987059423923913e-06,9,72|31|126,35,all_filtered,9,True,D:\Running_Place\PostGraduateProjects\Experiments\PostGraduate\backbones\PertubatedBNStatistics\BN-Compact\shot3\Seed1
PertubatedBNStatistics,Disperssion+Seg-SADG,BN-Compact,BN-Compact,Seg-SADG,BN-Compact,bn_compact,shallow,0.1,0.1,1.0,0.05,0.1,0.001,0.0001,0.001,0.05,0.5,0.05,rho0p05,new_training,3,1,6,0.5835082530975342,0.5835070146454705,0.5814662045902677,0.04081642048226462,0.5451624128553603,0.6440123716990153,0.05,0.0,0.0,0.0,0.0,0.0012355493187593918,1.2355493734301288e-06,9,72|31|126,35,all_filtered,9,True,D:\Running_Place\PostGraduateProjects\Experiments\PostGraduate\backbones\PertubatedBNStatistics\BN-Compact\shot3\Seed1
PertubatedBNStatistics,Disperssion+Seg-SADG,BN-Compact,BN-Compact,Seg-SADG,BN-Compact,bn_compact,shallow,0.1,0.1,1.0,0.05,0.1,0.001,0.0001,0.001,0.05,0.5,0.05,rho0p05,new_training,3,1,7,0.5360883408122592,0.53608681095971,0.5346029533280267,0.029676975061496098,0.502595474322637,0.59177299340566,0.05,0.0,0.0,0.0,0.0,0.0015300608744534354,1.5300609182607634e-06,9,72|31|126,35,all_filtered,9,True,D:\Running_Place\PostGraduateProjects\Experiments\PostGraduate\backbones\PertubatedBNStatistics\BN-Compact\shot3\Seed1
PertubatedBNStatistics,Disperssion+Seg-SADG,BN-Compact,BN-Compact,Seg-SADG,BN-Compact,bn_compact,shallow,0.1,0.1,1.0,0.05,0.1,0.001,0.0001,0.001,0.05,0.5,0.05,rho0p05,new_training,3,1,8,0.5043781730863783,0.5043767889340719,0.5030771295229594,0.02599315821296639,0.4695012635654873,0.594218287203047,0.05,0.0,0.0,0.0,0.0,0.0013803005503076646,1.3803006437582453e-06,9,72|31|126,35,all_filtered,9,True,D:\Running_Place\PostGraduateProjects\Experiments\PostGraduate\backbones\PertubatedBNStatistics\BN-Compact\shot3\Seed1
PertubatedBNStatistics,Disperssion+Seg-SADG,BN-Compact,BN-Compact,Seg-SADG,BN-Compact,bn_compact,shallow,0.1,0.1,1.0,0.05,0.1,0.001,0.0001,0.001,0.05,0.5,0.05,rho0p05,new_training,3,1,9,0.4795810414685143,0.4795794619454278,0.47821887334187824,0.027211777658926115,0.44701767298910355,0.5700235101911757,0.05,0.0,0.0,0.0,0.0,0.0015802465883704524,1.5802466337946598e-06,9,72|31|126,35,all_filtered,9,True,D:\Running_Place\PostGraduateProjects\Experiments\PostGraduate\backbones\PertubatedBNStatistics\BN-Compact\shot3\Seed1
PertubatedBNStatistics,Disperssion+Seg-SADG,BN-Compact,BN-Compact,Seg-SADG,BN-Compact,bn_compact,shallow,0.1,0.1,1.0,0.05,0.1,0.001,0.0001,0.001,0.05,0.5,0.05,rho0p05,new_training,3,1,10,0.44978224237759906,0.449780629740821,0.4488765001296997,0.01808260174261199,0.4200802875889672,0.5262075331475999,0.05,0.0,0.0,0.0,0.0,0.0016126736106040578,1.6126736884163822e-06,9,72|31|126,35,all_filtered,9,True,D:\Running_Place\PostGraduateProjects\Experiments\PostGraduate\backbones\PertubatedBNStatistics\BN-Compact\shot3\Seed1
PertubatedBNStatistics,Disperssion+Seg-SADG,BN-Compact,BN-Compact,Seg-SADG,BN-Compact,bn_compact,shallow,0.1,0.1,1.0,0.05,0.1,0.001,0.0001,0.001,0.05,0.5,0.05,rho0p05,new_training,3,1,11,0.42382051547368366,0.4238189657529195,0.42302290598551434,0.015921289204723306,0.39548663960562813,0.5053212543328603,0.05,0.0,0.0,0.0,0.0,0.0015474294131207797,1.5474294912110054e-06,9,72|31|126,35,all_filtered,9,True,D:\Running_Place\PostGraduateProjects\Experiments\PostGraduate\backbones\PertubatedBNStatistics\BN-Compact\shot3\Seed1
PertubatedBNStatistics,Disperssion+Seg-SADG,BN-Compact,BN-Compact,Seg-SADG,BN-Compact,bn_compact,shallow,0.1,0.1,1.0,0.05,0.1,0.001,0.0001,0.001,0.05,0.5,0.05,rho0p05,new_training,3,1,12,0.4039902885754903,0.4039890832371182,0.40322282248073155,0.015325171976453729,0.3744307888878716,0.5164598325888315,0.05,0.0,0.0,0.0,0.0,0.0012055140169751313,1.205514062500394e-06,9,72|31|126,35,all_filtered,9,True,D:\Running_Place\PostGraduateProjects\Experiments\PostGraduate\backbones\PertubatedBNStatistics\BN-Compact\shot3\Seed1
PertubatedBNStatistics,Disperssion+Seg-SADG,BN-Compact,BN-Compact,Seg-SADG,BN-Compact,bn_compact,shallow,0.1,0.1,1.0,0.05,0.1,0.001,0.0001,0.001,0.05,0.5,0.05,rho0p05,new_training,3,1,13,0.38591410054100883,0.38591257399982876,0.38537755277421737,0.010700460109445784,0.35806843307283187,0.47426923116048175,0.05,0.0,0.0,0.0,0.0,0.0015253274598055417,1.5253275288766115e-06,9,72|31|126,35,all_filtered,9,True,D:\Running_Place\PostGraduateProjects\Experiments\PostGraduate\backbones\PertubatedBNStatistics\BN-Compact\shot3\Seed1
PertubatedBNStatistics,Disperssion+Seg-SADG,BN-Compact,BN-Compact,Seg-SADG,BN-Compact,bn_compact,shallow,0.1,0.1,1.0,0.05,0.1,0.001,0.0001,0.001,0.05,0.5,0.05,rho0p05,new_training,3,1,14,0.37398767471313477,0.37398626406987506,0.3731848994890849,0.016027261399560504,0.3453505105442471,0.49509508742226493,0.05,0.0,0.0,0.0,0.0,0.0014120220633534093,1.4120221231274222e-06,9,72|31|126,35,all_filtered,9,True,D:\Running_Place\PostGraduateProjects\Experiments\PostGraduate\backbones\PertubatedBNStatistics\BN-Compact\shot3\Seed1
PertubatedBNStatistics,Disperssion+Seg-SADG,BN-Compact,BN-Compact,Seg-SADG,BN-Compact,bn_compact,shallow,0.1,0.1,1.0,0.05,0.1,0.001,0.0001,0.001,0.05,0.5,0.05,rho0p05,new_training,3,1,15,0.3473324378331502,0.3473311762015025,0.34671907292471993,0.012242068847020468,0.3232079777452681,0.43626214729415047,0.05,0.0,0.0,0.0,0.0,0.0012636959242324035,1.263695998608859e-06,9,72|31|126,35,all_filtered,9,True,D:\Running_Place\PostGraduateProjects\Experiments\PostGraduate\backbones\PertubatedBNStatistics\BN-Compact\shot3\Seed1
PertubatedBNStatistics,Disperssion+Seg-SADG,BN-Compact,BN-Compact,Seg-SADG,BN-Compact,bn_compact,shallow,0.1,0.1,1.0,0.05,0.1,0.001,0.0001,0.001,0.05,0.5,0.05,rho0p05,new_training,3,1,16,0.32701589001549614,0.32701460851563346,0.3264617423216502,0.011057417839765549,0.30221505959828693,0.43047991394996643,0.05,0.0,0.0,0.0,0.0,0.0012859292522383232,1.2859292976625309e-06,9,72|31|126,35,all_filtered,9,True,D:\Running_Place\PostGraduateProjects\Experiments\PostGraduate\backbones\PertubatedBNStatistics\BN-Compact\shot3\Seed1
PertubatedBNStatistics,Disperssion+Seg-SADG,BN-Compact,BN-Compact,Seg-SADG,BN-Compact,bn_compact,shallow,0.1,0.1,1.0,0.05,0.1,0.001,0.0001,0.001,0.05,0.5,0.05,rho0p05,new_training,3,1,17,0.3080773850282033,0.30807580881648594,0.3076470130019718,0.008575978533675274,0.28645233975516426,0.3985547622044881,0.05,0.0,0.0,0.0,0.0,0.0015800056021867527,1.5800056934899153e-06,9,72|31|126,35,all_filtered,9,True,D:\Running_Place\PostGraduateProjects\Experiments\PostGraduate\backbones\PertubatedBNStatistics\BN-Compact\shot3\Seed1
PertubatedBNStatistics,Disperssion+Seg-SADG,BN-Compact,BN-Compact,Seg-SADG,BN-Compact,bn_compact,shallow,0.1,0.1,1.0,0.05,0.1,0.001,0.0001,0.001,0.05,0.5,0.05,rho0p05,new_training,3,1,18,0.2970826327800751,0.29708126187324524,0.29664931694666546,0.008638979660140144,0.27378010749816895,0.41918448275989956,0.05,0.0,0.0,0.0,0.0,0.0013769508740450772,1.3769509463499062e-06,9,72|31|126,35,all_filtered,9,True,D:\Running_Place\PostGraduateProjects\Experiments\PostGraduate\backbones\PertubatedBNStatistics\BN-Compact\shot3\Seed1
PertubatedBNStatistics,Disperssion+Seg-SADG,BN-Compact,BN-Compact,Seg-SADG,BN-Compact,bn_compact,shallow,0.1,0.1,1.0,0.05,0.1,0.001,0.0001,0.001,0.05,0.5,0.05,rho0p05,new_training,3,1,19,0.2794814672735002,0.27947987781630623,0.27902572022544014,0.009083196055144072,0.2574678063392639,0.3931630386246575,0.05,0.0,0.0,0.0,0.0,0.0015861511023508178,1.5861511870854074e-06,9,72|31|126,35,all_filtered,9,True,D:\Running_Place\PostGraduateProjects\Experiments\PostGraduate\backbones\PertubatedBNStatistics\BN-Compact\shot3\Seed1
PertubatedBNStatistics,Disperssion+Seg-SADG,BN-Compact,BN-Compact,Seg-SADG,BN-Compact,bn_compact,shallow,0.1,0.1,1.0,0.05,0.1,0.001,0.0001,0.001,0.05,0.5,0.05,rho0p05,new_training,3,1,20,0.26531534393628436,0.26531394322713214,0.2648937735292647,0.008403307551311122,0.24395597146617043,0.380464149845971,0.05,0.0,0.0,0.0,0.0,0.0013984354898437029,1.3984355607337623e-06,9,72|31|126,35,all_filtered,9,True,D:\Running_Place\PostGraduateProjects\Experiments\PostGraduate\backbones\PertubatedBNStatistics\BN-Compact\shot3\Seed1
PertubatedBNStatistics,Disperssion+Seg-SADG,BN-Compact,BN-Compact,Seg-SADG,BN-Compact,bn_compact,shallow,0.1,0.1,1.0,0.05,0.1,0.001,0.0001,0.001,0.05,0.5,0.05,rho0p05,new_training,3,1,21,0.2517802764972051,0.25177884929709965,0.25139157970746356,0.007745369803160429,0.23183535867267185,0.35695068372620475,0.05,0.0,0.0,0.0,0.0,0.0014274117743803395,1.4274118282426368e-06,9,72|31|126,35,all_filtered,9,True,D:\Running_Place\PostGraduateProjects\Experiments\PostGraduate\backbones\PertubatedBNStatistics\BN-Compact\shot3\Seed1
PertubatedBNStatistics,Disperssion+Seg-SADG,BN-Compact,BN-Compact,Seg-SADG,BN-Compact,bn_compact,shallow,0.1,0.1,1.0,0.05,0.1,0.001,0.0001,0.001,0.05,0.5,0.05,rho0p05,new_training,3,1,22,0.23554893169138166,0.23554763032330406,0.23519390987025368,0.007074414028061761,0.2175442311498854,0.3244861397478316,0.05,0.0,0.0,0.0,0.0,0.0013009071861031568,1.3009072290515178e-06,9,72|31|126,35,all_filtered,9,True,D:\Running_Place\PostGraduateProjects\Experiments\PostGraduate\backbones\PertubatedBNStatistics\BN-Compact\shot3\Seed1
PertubatedBNStatistics,Disperssion+Seg-SADG,BN-Compact,BN-Compact,Seg-SADG,BN-Compact,bn_compact,shallow,0.1,0.1,1.0,0.05,0.1,0.001,0.0001,0.001,0.05,0.5,0.05,rho0p05,new_training,3,1,23,0.22560896972815195,0.22560768988397387,0.22524307668209076,0.007292247015155024,0.20746677617232004,0.323463820748859,0.05,0.0,0.0,0.0,0.0,0.001277243530946887,1.2772435853649868e-06,9,72|31|126,35,all_filtered,9,True,D:\Running_Place\PostGraduateProjects\Experiments\PostGraduate\backbones\PertubatedBNStatistics\BN-Compact\shot3\Seed1
PertubatedBNStatistics,Disperssion+Seg-SADG,BN-Compact,BN-Compact,Seg-SADG,BN-Compact,bn_compact,shallow,0.1,0.1,1.0,0.05,0.1,0.001,0.0001,0.001,0.05,0.5,0.05,rho0p05,new_training,3,1,24,0.21672372023264566,0.21672256456481087,0.21635777917173174,0.007295714949982034,0.19807862407631344,0.3288277056482103,0.05,0.0,0.0,0.0,0.0,0.001156165762545748,1.1561658336884445e-06,9,72|31|126,35,all_filtered,9,True,D:\Running_Place\PostGraduateProjects\Experiments\PostGraduate\backbones\PertubatedBNStatistics\BN-Compact\shot3\Seed1
PertubatedBNStatistics,Disperssion+Seg-SADG,BN-Compact,BN-Compact,Seg-SADG,BN-Compact,bn_compact,shallow,0.1,0.1,1.0,0.05,0.1,0.001,0.0001,0.001,0.05,0.5,0.05,rho0p05,new_training,3,1,25,0.20862402021884918,0.2086229059431288,0.2082473122411304,0.00751181086525321,0.19020366999838087,0.32416635751724243,0.05,0.0,0.0,0.0,0.0,0.0011174350058556432,1.1174350554988955e-06,9,72|31|126,35,all_filtered,9,True,D:\Running_Place\PostGraduateProjects\Experiments\PostGraduate\backbones\PertubatedBNStatistics\BN-Compact\shot3\Seed1
PertubatedBNStatistics,Disperssion+Seg-SADG,BN-Compact,BN-Compact,Seg-SADG,BN-Compact,bn_compact,shallow,0.1,0.1,1.0,0.05,0.1,0.001,0.0001,0.001,0.05,0.5,0.05,rho0p05,new_training,3,1,26,0.1989547097020679,0.19895348780685002,0.19860591491063437,0.006951460459580024,0.18111807935767704,0.3066125578350491,0.05,0.0,0.0,0.0,0.0,0.0012213739747595456,1.221374033219844e-06,9,72|31|126,35,all_filtered,9,True,D:\Running_Place\PostGraduateProjects\Experiments\PostGraduate\backbones\PertubatedBNStatistics\BN-Compact\shot3\Seed1
PertubatedBNStatistics,Disperssion+Seg-SADG,BN-Compact,BN-Compact,Seg-SADG,BN-Compact,bn_compact,shallow,0.1,0.1,1.0,0.05,0.1,0.001,0.0001,0.001,0.05,0.5,0.05,rho0p05,new_training,3,1,27,0.1886917981836531,0.18869058456685808,0.18841096427705553,0.005592406934334172,0.17280814382765028,0.28245988488197327,0.05,0.0,0.0,0.0,0.0,0.0012140927461182906,1.2140928081155128e-06,9,72|31|126,35,all_filtered,9,True,D:\Running_Place\PostGraduateProjects\Experiments\PostGraduate\backbones\PertubatedBNStatistics\BN-Compact\shot3\Seed1
PertubatedBNStatistics,Disperssion+Seg-SADG,BN-Compact,BN-Compact,Seg-SADG,BN-Compact,bn_compact,shallow,0.1,0.1,1.0,0.05,0.1,0.001,0.0001,0.001,0.05,0.5,0.05,rho0p05,new_training,3,1,28,0.18340512116750082,0.1834036194615894,0.18310423692067465,0.005987613875832822,0.1657870908578237,0.299437940120697,0.05,0.0,0.0,0.0,0.0,0.0015025004459958938,1.50250052557668e-06,9,72|31|126,35,all_filtered,9,True,D:\Running_Place\PostGraduateProjects\Experiments\PostGraduate\backbones\PertubatedBNStatistics\BN-Compact\shot3\Seed1
PertubatedBNStatistics,Disperssion+Seg-SADG,BN-Compact,BN-Compact,Seg-SADG,BN-Compact,bn_compact,shallow,0.1,0.1,1.0,0.05,0.1,0.001,0.0001,0.001,0.05,0.5,0.05,rho0p05,new_training,3,1,29,0.17883457077874076,0.1788332760334015,0.1785028576850891,0.006608398165553808,0.16113323635525173,0.2972290813922882,0.05,0.0,0.0,0.0,0.0,0.0012951929109274512,1.29519296857931e-06,9,72|31|126,35,all_filtered,9,True,D:\Running_Place\PostGraduateProjects\Experiments\PostGraduate\backbones\PertubatedBNStatistics\BN-Compact\shot3\Seed1
PertubatedBNStatistics,Disperssion+Seg-SADG,BN-Compact,BN-Compact,Seg-SADG,BN-Compact,bn_compact,shallow,0.1,0.1,1.0,0.05,0.1,0.001,0.0001,0.001,0.05,0.5,0.05,rho0p05,new_training,3,1,30,0.16832766599125332,0.16832629674010807,0.16800739533371395,0.00637803247405423,0.15347497661908469,0.2552559839354621,0.05,0.0,0.0,0.0,0.0,0.0013688731641094717,1.368873243892368e-06,9,72|31|126,35,all_filtered,9,True,D:\Running_Place\PostGraduateProjects\Experiments\PostGraduate\backbones\PertubatedBNStatistics\BN-Compact\shot3\Seed1
PertubatedBNStatistics,Disperssion+Seg-SADG,BN-Compact,BN-Compact,Seg-SADG,BN-Compact,bn_compact,shallow,0.1,0.1,1.0,0.05,0.1,0.001,0.0001,0.001,0.05,0.5,0.05,rho0p05,new_training,3,1,31,0.16340827776326072,0.163407059179412,0.16310333046648237,0.006074585667293932,0.14769991404480404,0.2613958285914527,0.05,0.0,0.0,0.0,0.0,0.0012183411033927566,1.2183411589224609e-06,9,72|31|126,35,all_filtered,9,True,D:\Running_Place\PostGraduateProjects\Experiments\PostGraduate\backbones\PertubatedBNStatistics\BN-Compact\shot3\Seed1
PertubatedBNStatistics,Disperssion+Seg-SADG,BN-Compact,BN-Compact,Seg-SADG,BN-Compact,bn_compact,shallow,0.1,0.1,1.0,0.05,0.1,0.001,0.0001,0.001,0.05,0.5,0.05,rho0p05,new_training,3,1,32,0.16060428818066916,0.16060290237267813,0.16029625799920824,0.006132887314177222,0.14481649465031093,0.2629750354422463,0.05,0.0,0.0,0.0,0.0,0.0013842962216585875,1.3842962781988415e-06,9,72|31|126,35,all_filtered,9,True,D:\Running_Place\PostGraduateProjects\Experiments\PostGraduate\backbones\PertubatedBNStatistics\BN-Compact\shot3\Seed1
PertubatedBNStatistics,Disperssion+Seg-SADG,BN-Compact,BN-Compact,Seg-SADG,BN-Compact,bn_compact,shallow,0.1,0.1,1.0,0.05,0.1,0.001,0.0001,0.001,0.05,0.5,0.05,rho0p05,new_training,3,1,33,0.1555885672569275,0.15558734205034044,0.155261120862431,0.006524390230576198,0.14003233114878336,0.25529493557082283,0.05,0.0,0.0,0.0,0.0,0.0012268036371096969,1.2268036913256865e-06,9,72|31|126,35,all_filtered,9,True,D:\Running_Place\PostGraduateProjects\Experiments\PostGraduate\backbones\PertubatedBNStatistics\BN-Compact\shot3\Seed1
PertubatedBNStatistics,Disperssion+Seg-SADG,BN-Compact,BN-Compact,Seg-SADG,BN-Compact,bn_compact,shallow,0.1,0.1,1.0,0.05,0.1,0.001,0.0001,0.001,0.05,0.5,0.05,rho0p05,new_training,3,1,34,0.14665617379877302,0.14665492375691733,0.1463362673918406,0.006373127146313588,0.1332296695974138,0.22615488204691145,0.05,0.0,0.0,0.0,0.0,0.001252094337057012,1.2520943815590929e-06,9,72|31|126,35,all_filtered,9,True,D:\Running_Place\PostGraduateProjects\Experiments\PostGraduate\backbones\PertubatedBNStatistics\BN-Compact\shot3\Seed1
PertubatedBNStatistics,Disperssion+Seg-SADG,BN-Compact,BN-Compact,Seg-SADG,BN-Compact,bn_compact,shallow,0.1,0.1,1.0,0.05,0.1,0.001,0.0001,0.001,0.05,0.5,0.05,rho0p05,new_training,3,1,35,0.14045479396979013,0.14045368631680807,0.14019429021411473,0.0051879301770693725,0.12803805702262455,0.212016299366951,0.05,0.0,0.0,0.0,0.0,0.0011078297264046138,1.1078297966883433e-06,9,72|31|126,35,all_filtered,9,True,D:\Running_Place\PostGraduateProjects\Experiments\PostGraduate\backbones\PertubatedBNStatistics\BN-Compact\shot3\Seed1
PertubatedBNStatistics,Disperssion+Seg-SADG,BN-Compact,BN-Compact,Seg-SADG,BN-Compact,bn_compact,shallow,0.1,0.1,1.0,0.05,0.1,0.001,0.0001,0.001,0.05,0.5,0.05,rho0p05,new_training,3,1,36,0.13517739375432333,0.1351761685477363,0.1349125305811564,0.005272766264776389,0.12291982273260753,0.2113593187597063,0.05,0.0,0.0,0.0,0.0,0.0012258280961153407,1.2258281508871328e-06,9,72|31|126,35,all_filtered,9,True,D:\Running_Place\PostGraduateProjects\Experiments\PostGraduate\backbones\PertubatedBNStatistics\BN-Compact\shot3\Seed1
PertubatedBNStatistics,Disperssion+Seg-SADG,BN-Compact,BN-Compact,Seg-SADG,BN-Compact,bn_compact,shallow,0.1,0.1,1.0,0.05,0.1,0.001,0.0001,0.001,0.05,0.5,0.05,rho0p05,new_training,3,1,37,0.13117315537399715,0.13117176045974097,0.13090350147750643,0.005365193692139453,0.1187467450896899,0.20193523168563843,0.05,0.0,0.0,0.0,0.0,0.001395274432272547,1.3952744855790418e-06,9,72|31|126,35,all_filtered,9,True,D:\Running_Place\PostGraduateProjects\Experiments\PostGraduate\backbones\PertubatedBNStatistics\BN-Compact\shot3\Seed1
PertubatedBNStatistics,Disperssion+Seg-SADG,BN-Compact,BN-Compact,Seg-SADG,BN-Compact,bn_compact,shallow,0.1,0.1,1.0,0.05,0.1,0.001,0.0001,0.001,0.05,0.5,0.05,rho0p05,new_training,3,1,38,0.13145268542899025,0.1314514602224032,0.13114841861857307,0.006060851453286078,0.11787962251239353,0.22051902777618831,0.05,0.0,0.0,0.0,0.0,0.001224075256484664,1.2240753209072054e-06,9,72|31|126,35,all_filtered,9,True,D:\Running_Place\PostGraduateProjects\Experiments\PostGraduate\backbones\PertubatedBNStatistics\BN-Compact\shot3\Seed1
PertubatedBNStatistics,Disperssion+Seg-SADG,BN-Compact,BN-Compact,Seg-SADG,BN-Compact,bn_compact,shallow,0.1,0.1,1.0,0.05,0.1,0.001,0.0001,0.001,0.05,0.5,0.05,rho0p05,new_training,3,1,39,0.1257319243417846,0.12573076039552689,0.12543153514464697,0.005984539838714732,0.11325255615843667,0.2064365347226461,0.05,0.0,0.0,0.0,0.0,0.0011634078627038333,1.1634079252568579e-06,9,72|31|126,35,all_filtered,9,True,D:\Running_Place\PostGraduateProjects\Experiments\PostGraduate\backbones\PertubatedBNStatistics\BN-Compact\shot3\Seed1
PertubatedBNStatistics,Disperssion+Seg-SADG,BN-Compact,BN-Compact,Seg-SADG,BN-Compact,bn_compact,shallow,0.1,0.1,1.0,0.05,0.1,0.001,0.0001,0.001,0.05,0.5,0.05,rho0p05,new_training,3,1,40,0.12241013762023714,0.12240900595982869,0.1221119612455368,0.005940878763794899,0.10992250757084952,0.19853215250704023,0.05,0.0,0.0,0.0,0.0,0.0011304853768605324,1.1304854265543124e-06,9,72|31|126,35,all_filtered,9,True,D:\Running_Place\PostGraduateProjects\Experiments\PostGraduate\backbones\PertubatedBNStatistics\BN-Compact\shot3\Seed1
PertubatedBNStatistics,Disperssion+Seg-SADG,BN-Compact,BN-Compact,Seg-SADG,BN-Compact,bn_compact,shallow,0.1,0.1,1.0,0.05,0.1,0.001,0.0001,0.001,0.05,0.5,0.05,rho0p05,new_training,3,1,41,0.11729289425743951,0.117291825513045,0.11705346488290364,0.004767198581248522,0.1061092648241255,0.18126883606115976,0.05,0.0,0.0,0.0,0.0,0.0010682587097916338,1.068258790660871e-06,9,72|31|126,35,all_filtered,9,True,D:\Running_Place\PostGraduateProjects\Experiments\PostGraduate\backbones\PertubatedBNStatistics\BN-Compact\shot3\Seed1
PertubatedBNStatistics,Disperssion+Seg-SADG,BN-Compact,BN-Compact,Seg-SADG,BN-Compact,bn_compact,shallow,0.1,0.1,1.0,0.05,0.1,0.001,0.0001,0.001,0.05,0.5,0.05,rho0p05,new_training,3,1,42,0.11348874701393975,0.11348769317070644,0.11319180412424935,0.00591777829039428,0.10223062915934457,0.1801210410065121,0.05,0.0,0.0,0.0,0.0,0.0010545782246885614,1.0545782660958341e-06,9,72|31|126,35,all_filtered,9,True,D:\Running_Place\PostGraduateProjects\Experiments\PostGraduate\backbones\PertubatedBNStatistics\BN-Compact\shot3\Seed1
PertubatedBNStatistics,Disperssion+Seg-SADG,BN-Compact,BN-Compact,Seg-SADG,BN-Compact,bn_compact,shallow,0.1,0.1,1.0,0.05,0.1,0.001,0.0001,0.001,0.05,0.5,0.05,rho0p05,new_training,3,1,43,0.11201979137129253,0.11201843619346619,0.11173549542824428,0.005658784415572882,0.10019716372092564,0.18641920553313363,0.05,0.0,0.0,0.0,0.0,0.0013546996439496677,1.3546997226714868e-06,9,72|31|126,35,all_filtered,9,True,D:\Running_Place\PostGraduateProjects\Experiments\PostGraduate\backbones\PertubatedBNStatistics\BN-Compact\shot3\Seed1
PertubatedBNStatistics,Disperssion+Seg-SADG,BN-Compact,BN-Compact,Seg-SADG,BN-Compact,bn_compact,shallow,0.1,0.1,1.0,0.05,0.1,0.001,0.0001,0.001,0.05,0.5,0.05,rho0p05,new_training,3,1,44,0.11120334515968959,0.11120207111040752,0.11092516697115368,0.005538103998535209,0.0983709187971221,0.20173108246591356,0.05,0.0,0.0,0.0,0.0,0.0012730287400902146,1.273028787965005e-06,9,72|31|126,35,all_filtered,9,True,D:\Running_Place\PostGraduateProjects\Experiments\PostGraduate\backbones\PertubatedBNStatistics\BN-Compact\shot3\Seed1
PertubatedBNStatistics,Disperssion+Seg-SADG,BN-Compact,BN-Compact,Seg-SADG,BN-Compact,bn_compact,shallow,0.1,0.1,1.0,0.05,0.1,0.001,0.0001,0.001,0.05,0.5,0.05,rho0p05,new_training,3,1,45,0.1075090186463462,0.10750765105088551,0.10721013446648915,0.005950334844075971,0.09545626077387068,0.19137483007378048,0.05,0.0,0.0,0.0,0.0,0.0013679212877630359,1.367921344000125e-06,9,72|31|126,35,all_filtered,9,True,D:\Running_Place\PostGraduateProjects\Experiments\PostGraduate\backbones\PertubatedBNStatistics\BN-Compact\shot3\Seed1
PertubatedBNStatistics,Disperssion+Seg-SADG,BN-Compact,BN-Compact,Seg-SADG,BN-Compact,bn_compact,shallow,0.1,0.1,1.0,0.05,0.1,0.001,0.0001,0.001,0.05,0.5,0.05,rho0p05,new_training,3,1,46,0.10339787188503477,0.1033964388900333,0.10312055630816354,0.005517631484609511,0.09281440161996418,0.17258749736679924,0.05,0.0,0.0,0.0,0.0,0.0014324706280604005,1.4324707093591214e-06,9,72|31|126,35,all_filtered,9,True,D:\Running_Place\PostGraduateProjects\Experiments\PostGraduate\backbones\PertubatedBNStatistics\BN-Compact\shot3\Seed1
PertubatedBNStatistics,Disperssion+Seg-SADG,BN-Compact,BN-Compact,Seg-SADG,BN-Compact,bn_compact,shallow,0.1,0.1,1.0,0.05,0.1,0.001,0.0001,0.001,0.05,0.5,0.05,rho0p05,new_training,3,1,47,0.09783036427365409,0.09782919618818495,0.0975501545601421,0.005580857033944792,0.08848783870538075,0.15417864587571886,0.05,0.0,0.0,0.0,0.0,0.0011683448909833613,1.168344943557208e-06,9,72|31|126,35,all_filtered,9,True,D:\Running_Place\PostGraduateProjects\Experiments\PostGraduate\backbones\PertubatedBNStatistics\BN-Compact\shot3\Seed1
PertubatedBNStatistics,Disperssion+Seg-SADG,BN-Compact,BN-Compact,Seg-SADG,BN-Compact,bn_compact,shallow,0.1,0.1,1.0,0.05,0.1,0.001,0.0001,0.001,0.05,0.5,0.05,rho0p05,new_training,3,1,48,0.09484937869840199,0.09484818412197961,0.09461140384276708,0.004735608274737994,0.08516062713331646,0.15406434237957,0.05,0.0,0.0,0.0,0.0,0.0011951681355842287,1.1951681781536333e-06,9,72|31|126,35,all_filtered,9,True,D:\Running_Place\PostGraduateProjects\Experiments\PostGraduate\backbones\PertubatedBNStatistics\BN-Compact\shot3\Seed1
PertubatedBNStatistics,Disperssion+Seg-SADG,BN-Compact,BN-Compact,Seg-SADG,BN-Compact,bn_compact,shallow,0.1,0.1,1.0,0.05,0.1,0.001,0.0001,0.001,0.05,0.5,0.05,rho0p05,new_training,3,1,49,0.0950762935810619,0.09507514205243853,0.09483984195523792,0.00470600002962682,0.0839297514822748,0.17399521585967806,0.05,0.0,0.0,0.0,0.0,0.0011505527654662728,1.1505528050292924e-06,9,72|31|126,35,all_filtered,9,True,D:\Running_Place\PostGraduateProjects\Experiments\PostGraduate\backbones\PertubatedBNStatistics\BN-Compact\shot3\Seed1
PertubatedBNStatistics,Disperssion+Seg-SADG,BN-Compact,BN-Compact,Seg-SADG,BN-Compact,bn_compact,shallow,0.1,0.1,1.0,0.05,0.1,0.001,0.0001,0.001,0.05,0.5,0.05,rho0p05,new_training,3,1,50,0.09287003758880827,0.09286888523234262,0.09261928995450337,0.004991894432653983,0.08206394645902845,0.16541507177882725,0.05,0.0,0.0,0.0,0.0,0.0011524793581985352,1.1524794021827095e-06,9,72|31|126,35,all_filtered,9,True,D:\Running_Place\PostGraduateProjects\Experiments\PostGraduate\backbones\PertubatedBNStatistics\BN-Compact\shot3\Seed1
PertubatedBNStatistics,Disperssion+Seg-SADG,BN-Compact,BN-Compact,Seg-SADG,BN-Compact,bn_compact,shallow,0.1,0.1,1.0,0.05,0.1,0.001,0.0001,0.001,0.05,0.5,0.05,rho0p05,new_training,3,1,51,0.08739450656705433,0.08739325983656777,0.08714109328058031,0.005043321289122105,0.07864026145802604,0.14116544524828592,0.05,0.0,0.0,0.0,0.0,0.00124615653961276,1.246156595395102e-06,9,72|31|126,35,all_filtered,9,True,D:\Running_Place\PostGraduateProjects\Experiments\PostGraduate\backbones\PertubatedBNStatistics\BN-Compact\shot3\Seed1
PertubatedBNStatistics,Disperssion+Seg-SADG,BN-Compact,BN-Compact,Seg-SADG,BN-Compact,bn_compact,shallow,0.1,0.1,1.0,0.05,0.1,0.001,0.0001,0.001,0.05,0.5,0.05,rho0p05,new_training,3,1,52,0.08746165037155151,0.08746040446890725,0.08721756521198484,0.004856814294018679,0.07763637436760797,0.15409950580861834,0.05,0.0,0.0,0.0,0.0,0.0012454528607324595,1.2454529117652176e-06,9,72|31|126,35,all_filtered,9,True,D:\Running_Place\PostGraduateProjects\Experiments\PostGraduate\backbones\PertubatedBNStatistics\BN-Compact\shot3\Seed1
PertubatedBNStatistics,Disperssion+Seg-SADG,BN-Compact,BN-Compact,Seg-SADG,BN-Compact,bn_compact,shallow,0.1,0.1,1.0,0.05,0.1,0.001,0.0001,0.001,0.05,0.5,0.05,rho0p05,new_training,3,1,53,0.08321863743993971,0.0832175546222263,0.08296593278646469,0.005032430816855695,0.07440271973609924,0.13814613305860096,0.05,0.0,0.0,0.0,0.0,0.0010833509538012247,1.0833510057434776e-06,9,72|31|126,35,all_filtered,9,True,D:\Running_Place\PostGraduateProjects\Experiments\PostGraduate\backbones\PertubatedBNStatistics\BN-Compact\shot3\Seed1
PertubatedBNStatistics,Disperssion+Seg-SADG,BN-Compact,BN-Compact,Seg-SADG,BN-Compact,bn_compact,shallow,0.1,0.1,1.0,0.05,0.1,0.001,0.0001,0.001,0.05,0.5,0.05,rho0p05,new_training,3,1,54,0.08092675606409709,0.0809255912899971,0.08072511272297965,0.004009591415524483,0.07251046929094526,0.1349290195438597,0.05,0.0,0.0,0.0,0.0,0.001164186603596641,1.1641866706213477e-06,9,72|31|126,35,all_filtered,9,True,D:\Running_Place\PostGraduateProjects\Experiments\PostGraduate\backbones\PertubatedBNStatistics\BN-Compact\shot3\Seed1
PertubatedBNStatistics,Disperssion+Seg-SADG,BN-Compact,BN-Compact,Seg-SADG,BN-Compact,bn_compact,shallow,0.1,0.1,1.0,0.05,0.1,0.001,0.0001,0.001,0.05,0.5,0.05,rho0p05,new_training,3,1,55,0.08418623192442788,0.08418503155310948,0.08392186876800325,0.005263244733214378,0.07205733905235927,0.18084725903140175,0.05,0.0,0.0,0.0,0.0,0.0011994059508045514,1.1994060192440277e-06,9,72|31|126,35,all_filtered,9,True,D:\Running_Place\PostGraduateProjects\Experiments\PostGraduate\backbones\PertubatedBNStatistics\BN-Compact\shot3\Seed1
PertubatedBNStatistics,Disperssion+Seg-SADG,BN-Compact,BN-Compact,Seg-SADG,BN-Compact,bn_compact,shallow,0.1,0.1,1.0,0.05,0.1,0.001,0.0001,0.001,0.05,0.5,0.05,rho0p05,new_training,3,1,56,0.08002529458867179,0.08002394768926832,0.07977760086456935,0.004926945548504591,0.07029572708739175,0.14742526991499794,0.05,0.0,0.0,0.0,0.0,0.0013470429952980743,1.3470430625754186e-06,9,72|31|126,35,all_filtered,9,True,D:\Running_Place\PostGraduateProjects\Experiments\PostGraduate\backbones\PertubatedBNStatistics\BN-Compact\shot3\Seed1
PertubatedBNStatistics,Disperssion+Seg-SADG,BN-Compact,BN-Compact,Seg-SADG,BN-Compact,bn_compact,shallow,0.1,0.1,1.0,0.05,0.1,0.001,0.0001,0.001,0.05,0.5,0.05,rho0p05,new_training,3,1,57,0.08286308248837788,0.08286178691519631,0.08259247657325533,0.005386209348216653,0.07107903146081501,0.1764686041408115,0.05,0.0,0.0,0.0,0.0,0.0012965078090524508,1.2965078547545595e-06,9,72|31|126,35,all_filtered,9,True,D:\Running_Place\PostGraduateProjects\Experiments\PostGraduate\backbones\PertubatedBNStatistics\BN-Compact\shot3\Seed1
PertubatedBNStatistics,Disperssion+Seg-SADG,BN-Compact,BN-Compact,Seg-SADG,BN-Compact,bn_compact,shallow,0.1,0.1,1.0,0.05,0.1,0.001,0.0001,0.001,0.05,0.5,0.05,rho0p05,new_training,3,1,58,0.08114058027664821,0.0811395686533716,0.08090834981865352,0.004624402590302957,0.07032923400402069,0.16555034203661811,0.05,0.0,0.0,0.0,0.0,0.001013164460245106,1.0131645132736999e-06,9,72|31|126,35,all_filtered,9,True,D:\Running_Place\PostGraduateProjects\Experiments\PostGraduate\backbones\PertubatedBNStatistics\BN-Compact\shot3\Seed1
PertubatedBNStatistics,Disperssion+Seg-SADG,BN-Compact,BN-Compact,Seg-SADG,BN-Compact,bn_compact,shallow,0.1,0.1,1.0,0.05,0.1,0.001,0.0001,0.001,0.05,0.5,0.05,rho0p05,new_training,3,1,59,0.07733878162172106,0.07733756634924147,0.07710799905988905,0.004591362421504325,0.06799220790465672,0.14647940463489956,0.05,0.0,0.0,0.0,0.0,0.0012149488288236575,1.214948885793395e-06,9,72|31|126,35,all_filtered,9,True,D:\Running_Place\PostGraduateProjects\Experiments\PostGraduate\backbones\PertubatedBNStatistics\BN-Compact\shot3\Seed1
PertubatedBNStatistics,Disperssion+Seg-SADG,BN-Compact,BN-Compact,Seg-SADG,BN-Compact,bn_compact,shallow,0.1,0.1,1.0,0.05,0.1,0.001,0.0001,0.001,0.05,0.5,0.05,rho0p05,new_training,3,1,60,0.07785075571801928,0.07784960584508048,0.07759711808628506,0.005049761850386858,0.06762108703454335,0.1591491914457745,0.05,0.0,0.0,0.0,0.0,0.0011505542206577957,1.150554257694441e-06,9,72|31|126,35,all_filtered,9,True,D:\Running_Place\PostGraduateProjects\Experiments\PostGraduate\backbones\PertubatedBNStatistics\BN-Compact\shot3\Seed1
PertubatedBNStatistics,Disperssion+Seg-SADG,BN-Compact,BN-Compact,Seg-SADG,BN-Compact,bn_compact,shallow,0.1,0.1,1.0,0.05,0.1,0.001,0.0001,0.001,0.05,0.5,0.05,rho0p05,new_training,3,1,61,0.0783240654402309,0.07832301573620902,0.07805622617403667,0.0053357926404310595,0.06776029244065285,0.1625821673207813,0.05,0.0,0.0,0.0,0.0,0.0010495168519102866,1.0495168996587583e-06,9,72|31|126,35,all_filtered,9,True,D:\Running_Place\PostGraduateProjects\Experiments\PostGraduate\backbones\PertubatedBNStatistics\BN-Compact\shot3\Seed1
PertubatedBNStatistics,Disperssion+Seg-SADG,BN-Compact,BN-Compact,Seg-SADG,BN-Compact,bn_compact,shallow,0.1,0.1,1.0,0.05,0.1,0.001,0.0001,0.001,0.05,0.5,0.05,rho0p05,new_training,3,1,62,0.07299342420366076,0.07299218989080852,0.07274885475635529,0.00486671081226733,0.06408555929859479,0.13690568837854597,0.05,0.0,0.0,0.0,0.0,0.0012350478468255864,1.235047919736745e-06,9,72|31|126,35,all_filtered,9,True,D:\Running_Place\PostGraduateProjects\Experiments\PostGraduate\backbones\PertubatedBNStatistics\BN-Compact\shot3\Seed1
PertubatedBNStatistics,Disperssion+Seg-SADG,BN-Compact,BN-Compact,Seg-SADG,BN-Compact,bn_compact,shallow,0.1,0.1,1.0,0.05,0.1,0.001,0.0001,0.001,0.05,0.5,0.05,rho0p05,new_training,3,1,63,0.07155667824877633,0.07155570553408729,0.07134955459170872,0.004123033981563317,0.06222603345910708,0.13985503051016066,0.05,0.0,0.0,0.0,0.0,0.0009724501287564635,9.724501808250352e-07,9,72|31|126,35,all_filtered,9,True,D:\Running_Place\PostGraduateProjects\Experiments\PostGraduate\backbones\PertubatedBNStatistics\BN-Compact\shot3\Seed1
PertubatedBNStatistics,Disperssion+Seg-SADG,BN-Compact,BN-Compact,Seg-SADG,BN-Compact,bn_compact,shallow,0.1,0.1,1.0,0.05,0.1,0.001,0.0001,0.001,0.05,0.5,0.05,rho0p05,new_training,3,1,64,0.07148806171284781,0.07148684230115679,0.07125226656595866,0.004691500113242202,0.06166985755165418,0.15224726249774298,0.05,0.0,0.0,0.0,0.0,0.0012203730293549597,1.2203730585093176e-06,9,72|31|126,35,all_filtered,9,True,D:\Running_Place\PostGraduateProjects\Experiments\PostGraduate\backbones\PertubatedBNStatistics\BN-Compact\shot3\Seed1
PertubatedBNStatistics,Disperssion+Seg-SADG,BN-Compact,BN-Compact,Seg-SADG,BN-Compact,bn_compact,shallow,0.1,0.1,1.0,0.05,0.1,0.001,0.0001,0.001,0.05,0.5,0.05,rho0p05,new_training,3,1,65,0.06863305966059367,0.06863193545076582,0.06840652061833276,0.004508323708756102,0.059593689938386284,0.1344368209441503,0.05,0.0,0.0,0.0,0.0,0.0011243241218229134,1.1243241715419572e-06,9,72|31|126,35,all_filtered,9,True,D:\Running_Place\PostGraduateProjects\Experiments\PostGraduate\backbones\PertubatedBNStatistics\BN-Compact\shot3\Seed1
PertubatedBNStatistics,Disperssion+Seg-SADG,BN-Compact,BN-Compact,Seg-SADG,BN-Compact,bn_compact,shallow,0.1,0.1,1.0,0.05,0.1,0.001,0.0001,0.001,0.05,0.5,0.05,rho0p05,new_training,3,1,66,0.06718572518891758,0.06718457366029422,0.06697867562373479,0.004117953901489575,0.05893425229522917,0.13258046905199686,0.05,0.0,0.0,0.0,0.0,0.0011515512984866898,1.151551341788743e-06,9,72|31|126,35,all_filtered,9,True,D:\Running_Place\PostGraduateProjects\Experiments\PostGraduate\backbones\PertubatedBNStatistics\BN-Compact\shot3\Seed1
PertubatedBNStatistics,Disperssion+Seg-SADG,BN-Compact,BN-Compact,Seg-SADG,BN-Compact,bn_compact,shallow,0.1,0.1,1.0,0.05,0.1,0.001,0.0001,0.001,0.05,0.5,0.05,rho0p05,new_training,3,1,67,0.06404301234417492,0.06404188813434707,0.06384738203552034,0.003890110076301628,0.05666391054789225,0.11326783729924096,0.05,0.0,0.0,0.0,0.0,0.001123733090935275,1.1237331484102874e-06,9,72|31|126,35,all_filtered,9,True,D:\Running_Place\PostGraduateProjects\Experiments\PostGraduate\backbones\PertubatedBNStatistics\BN-Compact\shot3\Seed1
PertubatedBNStatistics,Disperssion+Seg-SADG,BN-Compact,BN-Compact,Seg-SADG,BN-Compact,bn_compact,shallow,0.1,0.1,1.0,0.05,0.1,0.001,0.0001,0.001,0.05,0.5,0.05,rho0p05,new_training,3,1,68,0.0636344204346339,0.06363335251808167,0.06343110154072444,0.004045023375915157,0.05533808966477712,0.12058787213431464,0.05,0.0,0.0,0.0,0.0,0.0010698841975277497,1.0698842440130345e-06,9,72|31|126,35,all_filtered,9,True,D:\Running_Place\PostGraduateProjects\Experiments\PostGraduate\backbones\PertubatedBNStatistics\BN-Compact\shot3\Seed1
PertubatedBNStatistics,Disperssion+Seg-SADG,BN-Compact,BN-Compact,Seg-SADG,BN-Compact,bn_compact,shallow,0.1,0.1,1.0,0.05,0.1,0.001,0.0001,0.001,0.05,0.5,0.05,rho0p05,new_training,3,1,69,0.06378963962197304,0.06378840572304195,0.06356265561448203,0.004515018572823869,0.055053592969973884,0.12810786565144858,0.05,0.0,0.0,0.0,0.0,0.0012346748780045244,1.234674929012019e-06,9,72|31|126,35,all_filtered,9,True,D:\Running_Place\PostGraduateProjects\Experiments\PostGraduate\backbones\PertubatedBNStatistics\BN-Compact\shot3\Seed1
PertubatedBNStatistics,Disperssion+Seg-SADG,BN-Compact,BN-Compact,Seg-SADG,BN-Compact,bn_compact,shallow,0.1,0.1,1.0,0.05,0.1,0.001,0.0001,0.001,0.05,0.5,0.05,rho0p05,new_training,3,1,70,0.06407637149095535,0.06407512889968024,0.06383924765719308,0.0047176361290944945,0.05429669428202841,0.14275645299090278,0.05,0.0,0.0,0.0,0.0,0.0012426996254362166,1.2426996881408236e-06,9,72|31|126,35,all_filtered,9,True,D:\Running_Place\PostGraduateProjects\Experiments\PostGraduate\backbones\PertubatedBNStatistics\BN-Compact\shot3\Seed1
PertubatedBNStatistics,Disperssion+Seg-SADG,BN-Compact,BN-Compact,Seg-SADG,BN-Compact,bn_compact,shallow,0.1,0.1,1.0,0.05,0.1,0.001,0.0001,0.001,0.05,0.5,0.05,rho0p05,new_training,3,1,71,0.06522214661041896,0.06522099094258414,0.06496129184961319,0.005193959404197004,0.05457720201876429,0.16025746530956692,0.05,0.0,0.0,0.0,0.0,0.001155783729498378,1.1557837922282488e-06,9,72|31|126,35,all_filtered,9,True,D:\Running_Place\PostGraduateProjects\Experiments\PostGraduate\backbones\PertubatedBNStatistics\BN-Compact\shot3\Seed1
PertubatedBNStatistics,Disperssion+Seg-SADG,BN-Compact,BN-Compact,Seg-SADG,BN-Compact,bn_compact,shallow,0.1,0.1,1.0,0.05,0.1,0.001,0.0001,0.001,0.05,0.5,0.05,rho0p05,new_training,3,1,72,0.06405058006445567,0.0640494864847925,0.06381603413157994,0.004669043209610714,0.054530083719227046,0.1462345818678538,0.05,0.0,0.0,0.0,0.0,0.0010932582404671444,1.0932583020601467e-06,9,72|31|126,35,all_filtered,9,True,D:\Running_Place\PostGraduateProjects\Experiments\PostGraduate\backbones\PertubatedBNStatistics\BN-Compact\shot3\Seed1
PertubatedBNStatistics,Disperssion+Seg-SADG,BN-Compact,BN-Compact,Seg-SADG,BN-Compact,bn_compact,shallow,0.1,0.1,1.0,0.05,0.1,0.001,0.0001,0.001,0.05,0.5,0.05,rho0p05,new_training,3,1,73,0.06177447860439619,0.06177316771613227,0.06152109056711197,0.005041549034002755,0.053121593677335315,0.12992014984289804,0.05,0.0,0.0,0.0,0.0,0.0013105104121172593,1.3105104825525714e-06,9,72|31|126,35,all_filtered,9,True,D:\Running_Place\PostGraduateProjects\Experiments\PostGraduate\backbones\PertubatedBNStatistics\BN-Compact\shot3\Seed1
PertubatedBNStatistics,Disperssion+Seg-SADG,BN-Compact,BN-Compact,Seg-SADG,BN-Compact,bn_compact,shallow,0.1,0.1,1.0,0.05,0.1,0.001,0.0001,0.001,0.05,0.5,0.05,rho0p05,new_training,3,1,74,0.05993471211857266,0.059933493534723915,0.05968233280711704,0.005023205549352699,0.05173798774679502,0.12323389864630169,0.05,0.0,0.0,0.0,0.0,0.0012183205528546954,1.2183206100265427e-06,9,72|31|126,35,all_filtered,9,True,D:\Running_Place\PostGraduateProjects\Experiments\PostGraduate\backbones\PertubatedBNStatistics\BN-Compact\shot3\Seed1
PertubatedBNStatistics,Disperssion+Seg-SADG,BN-Compact,BN-Compact,Seg-SADG,BN-Compact,bn_compact,shallow,0.1,0.1,1.0,0.05,0.1,0.001,0.0001,0.001,0.05,0.5,0.05,rho0p05,new_training,3,1,75,0.058765766935216054,0.05876475158664915,0.058525897562503815,0.004777070910980304,0.05055804757608308,0.12573404444588554,0.05,0.0,0.0,0.0,0.0,0.0010153768428911765,1.0153768717676333e-06,9,72|31|126,35,all_filtered,9,True,D:\Running_Place\PostGraduateProjects\Experiments\PostGraduate\backbones\PertubatedBNStatistics\BN-Compact\shot3\Seed1
PertubatedBNStatistics,Disperssion+Seg-SADG,BN-Compact,BN-Compact,Seg-SADG,BN-Compact,bn_compact,shallow,0.1,0.1,1.0,0.05,0.1,0.001,0.0001,0.001,0.05,0.5,0.05,rho0p05,new_training,3,1,76,0.0599860946337382,0.05998478043410513,0.05973996967077255,0.004896213869667715,0.05048899269766278,0.14261689202653038,0.05,0.0,0.0,0.0,0.0,0.001313589642652207,1.3135897189739708e-06,9,72|31|126,35,all_filtered,9,True,D:\Running_Place\PostGraduateProjects\Experiments\PostGraduate\backbones\PertubatedBNStatistics\BN-Compact\shot3\Seed1
PertubatedBNStatistics,Disperssion+Seg-SADG,BN-Compact,BN-Compact,Seg-SADG,BN-Compact,bn_compact,shallow,0.1,0.1,1.0,0.05,0.1,0.001,0.0001,0.001,0.05,0.5,0.05,rho0p05,new_training,3,1,77,0.05757951281136937,0.05757817129294077,0.05733156576752663,0.004932114492273993,0.04891477980547481,0.1278812446528011,0.05,0.0,0.0,0.0,0.0,0.001341176672010786,1.341176723851984e-06,9,72|31|126,35,all_filtered,9,True,D:\Running_Place\PostGraduateProjects\Experiments\PostGraduate\backbones\PertubatedBNStatistics\BN-Compact\shot3\Seed1
PertubatedBNStatistics,Disperssion+Seg-SADG,BN-Compact,BN-Compact,Seg-SADG,BN-Compact,bn_compact,shallow,0.1,0.1,1.0,0.05,0.1,0.001,0.0001,0.001,0.05,0.5,0.05,rho0p05,new_training,3,1,78,0.056803702066342034,0.056802561713589564,0.05657718827327093,0.004507454810664058,0.04814237438970142,0.12612471481164297,0.05,0.0,0.0,0.0,0.0,0.0011404432071786788,1.140443244038478e-06,9,72|31|126,35,all_filtered,9,True,D:\Running_Place\PostGraduateProjects\Experiments\PostGraduate\backbones\PertubatedBNStatistics\BN-Compact\shot3\Seed1
PertubatedBNStatistics,Disperssion+Seg-SADG,BN-Compact,BN-Compact,Seg-SADG,BN-Compact,bn_compact,shallow,0.1,0.1,1.0,0.05,0.1,0.001,0.0001,0.001,0.05,0.5,0.05,rho0p05,new_training,3,1,79,0.053665378441413246,0.0536641308830844,0.05346082399288813,0.0040661477897730135,0.046342883259058,0.11005701373020808,0.05,0.0,0.0,0.0,0.0,0.0012475098547939626,1.2475099045635336e-06,9,72|31|126,35,all_filtered,9,True,D:\Running_Place\PostGraduateProjects\Experiments\PostGraduate\backbones\PertubatedBNStatistics\BN-Compact\shot3\Seed1
PertubatedBNStatistics,Disperssion+Seg-SADG,BN-Compact,BN-Compact,Seg-SADG,BN-Compact,bn_compact,shallow,0.1,0.1,1.0,0.05,0.1,0.001,0.0001,0.001,0.05,0.5,0.05,rho0p05,new_training,3,1,80,0.05361263702313105,0.0536115099158552,0.05336787054936091,0.004872776309235228,0.04572488905655013,0.11727272056870991,0.05,0.0,0.0,0.0,0.0,0.0011271461779769096,1.1271462230726886e-06,9,72|31|126,35,all_filtered,9,True,D:\Running_Place\PostGraduateProjects\Experiments\PostGraduate\backbones\PertubatedBNStatistics\BN-Compact\shot3\Seed1
PertubatedBNStatistics,Disperssion+Seg-SADG,BN-Compact,BN-Compact,Seg-SADG,BN-Compact,bn_compact,shallow,0.1,0.1,1.0,0.05,0.1,0.001,0.0001,0.001,0.05,0.5,0.05,rho0p05,new_training,3,1,81,0.05342172417375776,0.05342058547668987,0.05321564980679088,0.00409870237732927,0.04560020938515663,0.12058640685346392,0.05,0.0,0.0,0.0,0.0,0.001138712990925544,1.1387130472131603e-06,9,72|31|126,35,all_filtered,9,True,D:\Running_Place\PostGraduateProjects\Experiments\PostGraduate\backbones\PertubatedBNStatistics\BN-Compact\shot3\Seed1
PertubatedBNStatistics,Disperssion+Seg-SADG,BN-Compact,BN-Compact,Seg-SADG,BN-Compact,bn_compact,shallow,0.1,0.1,1.0,0.05,0.1,0.001,0.0001,0.001,0.05,0.5,0.05,rho0p05,new_training,3,1,82,0.0529538347489304,0.05295260871450106,0.05273132440116671,0.004425689034784834,0.045072598175870046,0.12058794167306688,0.05,0.0,0.0,0.0,0.0,0.0012256805623312378,1.2256806137934796e-06,9,72|31|126,35,all_filtered,9,True,D:\Running_Place\PostGraduateProjects\Experiments\PostGraduate\backbones\PertubatedBNStatistics\BN-Compact\shot3\Seed1
PertubatedBNStatistics,Disperssion+Seg-SADG,BN-Compact,BN-Compact,Seg-SADG,BN-Compact,bn_compact,shallow,0.1,0.1,1.0,0.05,0.1,0.001,0.0001,0.001,0.05,0.5,0.05,rho0p05,new_training,3,1,83,0.05046944278809759,0.0504680834710598,0.0502506076461739,0.004349522784145342,0.04317859643035465,0.10705730319023132,0.05,0.0,0.0,0.0,0.0,0.0013598550091652821,1.3598550733857135e-06,9,72|31|126,35,all_filtered,9,True,D:\Running_Place\PostGraduateProjects\Experiments\PostGraduate\backbones\PertubatedBNStatistics\BN-Compact\shot3\Seed1
PertubatedBNStatistics,Disperssion+Seg-SADG,BN-Compact,BN-Compact,Seg-SADG,BN-Compact,bn_compact,shallow,0.1,0.1,1.0,0.05,0.1,0.001,0.0001,0.001,0.05,0.5,0.05,rho0p05,new_training,3,1,84,0.05203794687986374,0.05203698409928216,0.05182368059953054,0.004266064691667755,0.043514701227347054,0.13255901800261605,0.05,0.0,0.0,0.0,0.0,0.000962737139262673,9.627371816299678e-07,9,72|31|126,35,all_filtered,9,True,D:\Running_Place\PostGraduateProjects\Experiments\PostGraduate\backbones\PertubatedBNStatistics\BN-Compact\shot3\Seed1
PertubatedBNStatistics,Disperssion+Seg-SADG,BN-Compact,BN-Compact,Seg-SADG,BN-Compact,bn_compact,shallow,0.1,0.1,1.0,0.05,0.1,0.001,0.0001,0.001,0.05,0.5,0.05,rho0p05,new_training,3,1,85,0.05146587019165357,0.051464791927072734,0.05125008233719402,0.004294198549663027,0.04278696411185794,0.12690000236034393,0.05,0.0,0.0,0.0,0.0,0.0010776044121788193,1.0776044645252923e-06,9,72|31|126,35,all_filtered,9,True,D:\Running_Place\PostGraduateProjects\Experiments\PostGraduate\backbones\PertubatedBNStatistics\BN-Compact\shot3\Seed1
PertubatedBNStatistics,Disperssion+Seg-SADG,BN-Compact,BN-Compact,Seg-SADG,BN-Compact,bn_compact,shallow,0.1,0.1,1.0,0.05,0.1,0.001,0.0001,0.001,0.05,0.5,0.05,rho0p05,new_training,3,1,86,0.05564450265632735,0.05564346743954553,0.055391491701205574,0.00503949670948916,0.04447759853469001,0.16393854055139753,0.05,0.0,0.0,0.0,0.0,0.0010353061952628195,1.03530624705349e-06,9,72|31|126,35,all_filtered,9,True,D:\Running_Place\PostGraduateProjects\Experiments\PostGraduate\backbones\PertubatedBNStatistics\BN-Compact\shot3\Seed1
PertubatedBNStatistics,Disperssion+Seg-SADG,BN-Compact,BN-Compact,Seg-SADG,BN-Compact,bn_compact,shallow,0.1,0.1,1.0,0.05,0.1,0.001,0.0001,0.001,0.05,0.5,0.05,rho0p05,new_training,3,1,87,0.053171631362703115,0.053170543164014816,0.05292891628212399,0.004832537999997537,0.04410994135671192,0.13939393642875883,0.05,0.0,0.0,0.0,0.0,0.001088489765404827,1.0884897929170418e-06,9,72|31|126,35,all_filtered,9,True,D:\Running_Place\PostGraduateProjects\Experiments\PostGraduate\backbones\PertubatedBNStatistics\BN-Compact\shot3\Seed1
PertubatedBNStatistics,Disperssion+Seg-SADG,BN-Compact,BN-Compact,Seg-SADG,BN-Compact,bn_compact,shallow,0.1,0.1,1.0,0.05,0.1,0.001,0.0001,0.001,0.05,0.5,0.05,rho0p05,new_training,3,1,88,0.0509821226199468,0.05098085436556074,0.05074041916264428,0.004808701730022828,0.042847072084744774,0.12335089511341518,0.05,0.0,0.0,0.0,0.0,0.0012688761085478796,1.2688761646333862e-06,9,72|31|126,35,all_filtered,9,True,D:\Running_Place\PostGraduateProjects\Experiments\PostGraduate\backbones\PertubatedBNStatistics\BN-Compact\shot3\Seed1
PertubatedBNStatistics,Disperssion+Seg-SADG,BN-Compact,BN-Compact,Seg-SADG,BN-Compact,bn_compact,shallow,0.1,0.1,1.0,0.05,0.1,0.001,0.0001,0.001,0.05,0.5,0.05,rho0p05,new_training,3,1,89,0.04737138872345289,0.04737014282080862,0.04715028446581629,0.004397158045321703,0.040836188942193985,0.10110253343979518,0.05,0.0,0.0,0.0,0.0,0.0012459549422298248,1.2459549875782411e-06,9,72|31|126,35,all_filtered,9,True,D:\Running_Place\PostGraduateProjects\Experiments\PostGraduate\backbones\PertubatedBNStatistics\BN-Compact\shot3\Seed1
PertubatedBNStatistics,Disperssion+Seg-SADG,BN-Compact,BN-Compact,Seg-SADG,BN-Compact,bn_compact,shallow,0.1,0.1,1.0,0.05,0.1,0.001,0.0001,0.001,0.05,0.5,0.05,rho0p05,new_training,3,1,90,0.04704442744453748,0.04704313683840963,0.046828977349731654,0.00428317083666722,0.039725575182172984,0.1066927851902114,0.05,0.0,0.0,0.0,0.0,0.0012902169772941205,1.2902170567485882e-06,9,72|31|126,35,all_filtered,9,True,D:\Running_Place\PostGraduateProjects\Experiments\PostGraduate\backbones\PertubatedBNStatistics\BN-Compact\shot3\Seed1
PertubatedBNStatistics,Disperssion+Seg-SADG,BN-Compact,BN-Compact,Seg-SADG,BN-Compact,bn_compact,shallow,0.1,0.1,1.0,0.05,0.1,0.001,0.0001,0.001,0.05,0.5,0.05,rho0p05,new_training,3,1,91,0.04537596843308873,0.0453749145898554,0.045176168696747884,0.0039749246142390705,0.03842456266283989,0.10327394389443928,0.05,0.0,0.0,0.0,0.0,0.001054281886253092,1.0542819413533127e-06,9,72|31|126,35,all_filtered,9,True,D:\Running_Place\PostGraduateProjects\Experiments\PostGraduate\backbones\PertubatedBNStatistics\BN-Compact\shot3\Seed1
PertubatedBNStatistics,Disperssion+Seg-SADG,BN-Compact,BN-Compact,Seg-SADG,BN-Compact,bn_compact,shallow,0.1,0.1,1.0,0.05,0.1,0.001,0.0001,0.001,0.05,0.5,0.05,rho0p05,new_training,3,1,92,0.04685405186480946,0.04685272193617291,0.04664123389456007,0.004229766756503118,0.03816403779718611,0.12209628439611858,0.05,0.0,0.0,0.0,0.0,0.001330320959419219,1.3303210361452027e-06,9,72|31|126,35,all_filtered,9,True,D:\Running_Place\PostGraduateProjects\Experiments\PostGraduate\backbones\PertubatedBNStatistics\BN-Compact\shot3\Seed1
PertubatedBNStatistics,Disperssion+Seg-SADG,BN-Compact,BN-Compact,Seg-SADG,BN-Compact,bn_compact,shallow,0.1,0.1,1.0,0.05,0.1,0.001,0.0001,0.001,0.05,0.5,0.05,rho0p05,new_training,3,1,93,0.046067487034532756,0.04606631605161561,0.04586173345645269,0.004091663286089897,0.03799970613585578,0.11786958161327574,0.05,0.0,0.0,0.0,0.0,0.0011709455963379394,1.170945659446766e-06,9,72|31|126,35,all_filtered,9,True,D:\Running_Place\PostGraduateProjects\Experiments\PostGraduate\backbones\PertubatedBNStatistics\BN-Compact\shot3\Seed1
PertubatedBNStatistics,Disperssion+Seg-SADG,BN-Compact,BN-Compact,Seg-SADG,BN-Compact,bn_compact,shallow,0.1,0.1,1.0,0.05,0.1,0.001,0.0001,0.001,0.05,0.5,0.05,rho0p05,new_training,3,1,94,0.04472059301204152,0.04471937401427163,0.044512307892243065,0.0041413156367424465,0.03676303269134627,0.11135431461864048,0.05,0.0,0.0,0.0,0.0,0.0012189629875744383,1.2189630511885398e-06,9,72|31|126,35,all_filtered,9,True,D:\Running_Place\PostGraduateProjects\Experiments\PostGraduate\backbones\PertubatedBNStatistics\BN-Compact\shot3\Seed1
PertubatedBNStatistics,Disperssion+Seg-SADG,BN-Compact,BN-Compact,Seg-SADG,BN-Compact,bn_compact,shallow,0.1,0.1,1.0,0.05,0.1,0.001,0.0001,0.001,0.05,0.5,0.05,rho0p05,new_training,3,1,95,0.0462632460726632,0.04626208667953809,0.04605175885889265,0.004206548212096095,0.03732095369034343,0.12883040226168102,0.05,0.0,0.0,0.0,0.0,0.0011590711267975469,1.1590711892495165e-06,9,72|31|126,35,all_filtered,9,True,D:\Running_Place\PostGraduateProjects\Experiments\PostGraduate\backbones\PertubatedBNStatistics\BN-Compact\shot3\Seed1
PertubatedBNStatistics,Disperssion+Seg-SADG,BN-Compact,BN-Compact,Seg-SADG,BN-Compact,bn_compact,shallow,0.1,0.1,1.0,0.05,0.1,0.001,0.0001,0.001,0.05,0.5,0.05,rho0p05,new_training,3,1,96,0.04354917878905932,0.04354807775881556,0.043364601830641426,0.0036695128203266198,0.03615626982516713,0.11006245927678214,0.05,0.0,0.0,0.0,0.0,0.001101033425786429,1.1010334838425074e-06,9,72|31|126,35,all_filtered,9,True,D:\Running_Place\PostGraduateProjects\Experiments\PostGraduate\backbones\PertubatedBNStatistics\BN-Compact\shot3\Seed1
PertubatedBNStatistics,Disperssion+Seg-SADG,BN-Compact,BN-Compact,Seg-SADG,BN-Compact,bn_compact,shallow,0.1,0.1,1.0,0.05,0.1,0.001,0.0001,0.001,0.05,0.5,0.05,rho0p05,new_training,3,1,97,0.04423965389529864,0.044238546242316566,0.04404816569553481,0.0038076110649853945,0.036259979837470584,0.11660752445459366,0.05,0.0,0.0,0.0,0.0,0.001107443201666077,1.1074432551241544e-06,9,72|31|126,35,all_filtered,9,True,D:\Running_Place\PostGraduateProjects\Experiments\PostGraduate\backbones\PertubatedBNStatistics\BN-Compact\shot3\Seed1
PertubatedBNStatistics,Disperssion+Seg-SADG,BN-Compact,BN-Compact,Seg-SADG,BN-Compact,bn_compact,shallow,0.1,0.1,1.0,0.05,0.1,0.001,0.0001,0.001,0.05,0.5,0.05,rho0p05,new_training,3,1,98,0.042534001999431185,0.042532888137631945,0.042329425199164286,0.00406925636343658,0.035329031033648386,0.10723109957244661,0.05,0.0,0.0,0.0,0.0,0.0011134489517038066,1.1134490212801513e-06,9,72|31|126,35,all_filtered,9,True,D:\Running_Place\PostGraduateProjects\Experiments\PostGraduate\backbones\PertubatedBNStatistics\BN-Compact\shot3\Seed1
PertubatedBNStatistics,Disperssion+Seg-SADG,BN-Compact,BN-Compact,Seg-SADG,BN-Compact,bn_compact,shallow,0.1,0.1,1.0,0.05,0.1,0.001,0.0001,0.001,0.05,0.5,0.05,rho0p05,new_training,3,1,99,0.04328959849145678,0.04328855499625206,0.043091716451777354,0.003936776503299673,0.03584846150543955,0.11520721763372421,0.05,0.0,0.0,0.0,0.0,0.0010431872150446805,1.0431872618078664e-06,9,72|31|126,35,all_filtered,9,True,D:\Running_Place\PostGraduateProjects\Experiments\PostGraduate\backbones\PertubatedBNStatistics\BN-Compact\shot3\Seed1
PertubatedBNStatistics,Disperssion+Seg-SADG,BN-Compact,BN-Compact,Seg-SADG,BN-Compact,bn_compact,shallow,0.1,0.1,1.0,0.05,0.1,0.001,0.0001,0.001,0.05,0.5,0.05,rho0p05,new_training,3,1,100,0.04185626986953947,0.041855057080586754,0.04167893570330408,0.003522455614681045,0.03455500304698944,0.10605917953782612,0.05,0.0,0.0,0.0,0.0,0.0012129778786200201,1.2129779412993635e-06,9,72|31|126,35,all_filtered,9,True,D:\Running_Place\PostGraduateProjects\Experiments\PostGraduate\backbones\PertubatedBNStatistics\BN-Compact\shot3\Seed1
PertubatedBNStatistics,Disperssion+Seg-SADG,BN-Compact,BN-Compact,Seg-SADG,BN-Compact,bn_compact,shallow,0.1,0.1,1.0,0.05,0.1,0.001,0.0001,0.001,0.05,0.5,0.05,rho0p05,new_training,3,1,101,0.04188409696022669,0.0418829255633884,0.041688330471515656,0.0038918988623966775,0.034027321057187185,0.11311984476115969,0.05,0.0,0.0,0.0,0.0,0.0011716523569905097,1.1716523936734625e-06,9,72|31|126,35,all_filtered,9,True,D:\Running_Place\PostGraduateProjects\Experiments\PostGraduate\backbones\PertubatedBNStatistics\BN-Compact\shot3\Seed1
PertubatedBNStatistics,Disperssion+Seg-SADG,BN-Compact,BN-Compact,Seg-SADG,BN-Compact,bn_compact,shallow,0.1,0.1,1.0,0.05,0.1,0.001,0.0001,0.001,0.05,0.5,0.05,rho0p05,new_training,3,1,102,0.042084952609406576,0.04208398858706156,0.041884812215964,0.003983522842948635,0.03389305083288087,0.1200217314892345,0.05,0.0,0.0,0.0,0.0,0.0009633505380608969,9.63350597910701e-07,9,72|31|126,35,all_filtered,9,True,D:\Running_Place\PostGraduateProjects\Experiments\PostGraduate\backbones\PertubatedBNStatistics\BN-Compact\shot3\Seed1
PertubatedBNStatistics,Disperssion+Seg-SADG,BN-Compact,BN-Compact,Seg-SADG,BN-Compact,bn_compact,shallow,0.1,0.1,1.0,0.05,0.1,0.001,0.0001,0.001,0.05,0.5,0.05,rho0p05,new_training,3,1,103,0.04323957653509246,0.0432382904820972,0.04304701586564382,0.003825493519090944,0.03442568787270122,0.13343823618359035,0.05,0.0,0.0,0.0,0.0,0.0012861420691478997,1.286142138370552e-06,9,72|31|126,35,all_filtered,9,True,D:\Running_Place\PostGraduateProjects\Experiments\PostGraduate\backbones\PertubatedBNStatistics\BN-Compact\shot3\Seed1
PertubatedBNStatistics,Disperssion+Seg-SADG,BN-Compact,BN-Compact,Seg-SADG,BN-Compact,bn_compact,shallow,0.1,0.1,1.0,0.05,0.1,0.001,0.0001,0.001,0.05,0.5,0.05,rho0p05,new_training,3,1,104,0.04107655957341194,0.04107534388701121,0.04088240365187327,0.0038588121792094577,0.03340576630499628,0.11404209004508124,0.05,0.0,0.0,0.0,0.0,0.001215985736861411,1.2159858076504154e-06,9,72|31|126,35,all_filtered,9,True,D:\Running_Place\PostGraduateProjects\Experiments\PostGraduate\backbones\PertubatedBNStatistics\BN-Compact\shot3\Seed1
PertubatedBNStatistics,Disperssion+Seg-SADG,BN-Compact,BN-Compact,Seg-SADG,BN-Compact,bn_compact,shallow,0.1,0.1,1.0,0.05,0.1,0.001,0.0001,0.001,0.05,0.5,0.05,rho0p05,new_training,3,1,105,0.03895740376578437,0.038956445538335376,0.03877058873573939,0.003717138276745876,0.031922085831562676,0.10192825065718757,0.05,0.0,0.0,0.0,0.0,0.0009585224939251526,9.58522538970404e-07,9,72|31|126,35,all_filtered,9,True,D:\Running_Place\PostGraduateProjects\Experiments\PostGraduate\backbones\PertubatedBNStatistics\BN-Compact\shot3\Seed1
PertubatedBNStatistics,Disperssion+Seg-SADG,BN-Compact,BN-Compact,Seg-SADG,BN-Compact,bn_compact,shallow,0.1,0.1,1.0,0.05,0.1,0.001,0.0001,0.001,0.05,0.5,0.05,rho0p05,new_training,3,1,106,0.03931437018844816,0.039313083307610616,0.039130436877409615,0.003652936520261897,0.03186817715565363,0.10942232774363624,0.05,0.0,0.0,0.0,0.0,0.0012866168916742834,1.2866169609221995e-06,9,72|31|126,35,all_filtered,9,True,D:\Running_Place\PostGraduateProjects\Experiments\PostGraduate\backbones\PertubatedBNStatistics\BN-Compact\shot3\Seed1
PertubatedBNStatistics,Disperssion+Seg-SADG,BN-Compact,BN-Compact,Seg-SADG,BN-Compact,bn_compact,shallow,0.1,0.1,1.0,0.05,0.1,0.001,0.0001,0.001,0.05,0.5,0.05,rho0p05,new_training,3,1,107,0.038102798577811986,0.03810172528028488,0.03792414772841665,0.003551553650241759,0.03120634187426832,0.10246162116527557,0.05,0.0,0.0,0.0,0.0,0.0010731118608317855,1.0731119049170147e-06,9,72|31|126,35,all_filtered,9,True,D:\Running_Place\PostGraduateProjects\Experiments\PostGraduate\backbones\PertubatedBNStatistics\BN-Compact\shot3\Seed1
PertubatedBNStatistics,Disperssion+Seg-SADG,BN-Compact,BN-Compact,Seg-SADG,BN-Compact,bn_compact,shallow,0.1,0.1,1.0,0.05,0.1,0.001,0.0001,0.001,0.05,0.5,0.05,rho0p05,new_training,3,1,108,0.038424980309274465,0.038423847407102585,0.0382545395857758,0.0033861634373250934,0.031081295675701566,0.11670095639096366,0.05,0.0,0.0,0.0,0.0,0.0011324413903316276,1.1324414433349577e-06,9,72|31|126,35,all_filtered,9,True,D:\Running_Place\PostGraduateProjects\Experiments\PostGraduate\backbones\PertubatedBNStatistics\BN-Compact\shot3\Seed1
PertubatedBNStatistics,Disperssion+Seg-SADG,BN-Compact,BN-Compact,Seg-SADG,BN-Compact,bn_compact,shallow,0.1,0.1,1.0,0.05,0.1,0.001,0.0001,0.001,0.05,0.5,0.05,rho0p05,new_training,3,1,109,0.03819626486963696,0.03819501565562354,0.03802198585536745,0.0034605864331954056,0.030614174695478544,0.11324460224972831,0.05,0.0,0.0,0.0,0.0,0.0012495890550781041,1.2495890947169148e-06,9,72|31|126,35,all_filtered,9,True,D:\Running_Place\PostGraduateProjects\Experiments\PostGraduate\backbones\PertubatedBNStatistics\BN-Compact\shot3\Seed1
PertubatedBNStatistics,Disperssion+Seg-SADG,BN-Compact,BN-Compact,Seg-SADG,BN-Compact,bn_compact,shallow,0.1,0.1,1.0,0.05,0.1,0.001,0.0001,0.001,0.05,0.5,0.05,rho0p05,new_training,3,1,110,0.0375234116282728,0.03752215372191535,0.03735432277123133,0.0033566235409428677,0.03046208206150267,0.10424671570460002,0.05,0.0,0.0,0.0,0.0,0.0012583963560043937,1.2583964171931762e-06,9,72|31|126,35,all_filtered,9,True,D:\Running_Place\PostGraduateProjects\Experiments\PostGraduate\backbones\PertubatedBNStatistics\BN-Compact\shot3\Seed1
PertubatedBNStatistics,Disperssion+Seg-SADG,BN-Compact,BN-Compact,Seg-SADG,BN-Compact,bn_compact,shallow,0.1,0.1,1.0,0.05,0.1,0.001,0.0001,0.001,0.05,0.5,0.05,rho0p05,new_training,3,1,111,0.038980083333121404,0.03897911806901296,0.03881222216619386,0.003337902637819449,0.030458398991160922,0.10914491365353267,0.05,0.0,0.0,0.0,0.0,0.0009653060373643206,9.653060715208994e-07,9,72|31|126,35,all_filtered,9,True,D:\Running_Place\PostGraduateProjects\Experiments\PostGraduate\backbones\PertubatedBNStatistics\BN-Compact\shot3\Seed1
PertubatedBNStatistics,Disperssion+Seg-SADG,BN-Compact,BN-Compact,Seg-SADG,BN-Compact,bn_compact,shallow,0.1,0.1,1.0,0.05,0.1,0.001,0.0001,0.001,0.05,0.5,0.05,rho0p05,new_training,3,1,112,0.1057983934879303,0.10579720387856166,0.10539321435822381,0.00807978781974978,0.0731458498371972,0.41897832685046726,0.05,0.0,0.0,0.0,0.0,0.0011897406139824954,1.1897406895716106e-06,9,72|31|126,35,all_filtered,9,True,D:\Running_Place\PostGraduateProjects\Experiments\PostGraduate\backbones\PertubatedBNStatistics\BN-Compact\shot3\Seed1
PertubatedBNStatistics,Disperssion+Seg-SADG,BN-Compact,BN-Compact,Seg-SADG,BN-Compact,bn_compact,shallow,0.1,0.1,1.0,0.05,0.1,0.001,0.0001,0.001,0.05,0.5,0.05,rho0p05,new_training,3,1,113,0.0971939033932156,0.09719282719824049,0.09667431977060106,0.010370148449308343,0.08007243110073937,0.2869008647070991,0.05,0.0,0.0,0.0,0.0,0.0010769351760649846,1.0769352216913021e-06,9,72|31|126,35,all_filtered,9,True,D:\Running_Place\PostGraduateProjects\Experiments\PostGraduate\backbones\PertubatedBNStatistics\BN-Compact\shot3\Seed1
PertubatedBNStatistics,Disperssion+Seg-SADG,BN-Compact,BN-Compact,Seg-SADG,BN-Compact,bn_compact,shallow,0.1,0.1,1.0,0.05,0.1,0.001,0.0001,0.001,0.05,0.5,0.05,rho0p05,new_training,3,1,114,0.08010402652952406,0.08010271688302358,0.07969376610385047,0.00817901020248731,0.06882686250739628,0.1878934403260549,0.05,0.0,0.0,0.0,0.0,0.0013100710994977918,1.3100711587160024e-06,9,72|31|126,35,all_filtered,9,True,D:\Running_Place\PostGraduateProjects\Experiments\PostGraduate\backbones\PertubatedBNStatistics\BN-Compact\shot3\Seed1
PertubatedBNStatistics,Disperssion+Seg-SADG,BN-Compact,BN-Compact,Seg-SADG,BN-Compact,bn_compact,shallow,0.1,0.1,1.0,0.05,0.1,0.001,0.0001,0.001,0.05,0.5,0.05,rho0p05,new_training,3,1,115,0.06644224292702144,0.06644092376033466,0.06613923981785774,0.0060336823678678935,0.05715308835109075,0.14261224369208017,0.05,0.0,0.0,0.0,0.0,0.0013188667475737424,1.3188668109225748e-06,9,72|31|126,35,all_filtered,9,True,D:\Running_Place\PostGraduateProjects\Experiments\PostGraduate\backbones\PertubatedBNStatistics\BN-Compact\shot3\Seed1
PertubatedBNStatistics,Disperssion+Seg-SADG,BN-Compact,BN-Compact,Seg-SADG,BN-Compact,bn_compact,shallow,0.1,0.1,1.0,0.05,0.1,0.001,0.0001,0.001,0.05,0.5,0.05,rho0p05,new_training,3,1,116,0.06151835454834832,0.061517246067523956,0.0612197762562169,0.0059493898621035945,0.052414449552694954,0.14444327188862693,0.05,0.0,0.0,0.0,0.0,0.0011076798481452796,1.1076799005928074e-06,9,72|31|126,35,all_filtered,9,True,D:\Running_Place\PostGraduateProjects\Experiments\PostGraduate\backbones\PertubatedBNStatistics\BN-Compact\shot3\Seed1
PertubatedBNStatistics,Disperssion+Seg-SADG,BN-Compact,BN-Compact,Seg-SADG,BN-Compact,bn_compact,shallow,0.1,0.1,1.0,0.05,0.1,0.001,0.0001,0.001,0.05,0.5,0.05,rho0p05,new_training,3,1,117,0.05807174576653375,0.0580705963075161,0.05778094339701864,0.005793062504380941,0.04877194927798377,0.1463817117942704,0.05,0.0,0.0,0.0,0.0,0.0011499040475529102,1.1499041205651238e-06,9,72|31|126,35,all_filtered,9,True,D:\Running_Place\PostGraduateProjects\Experiments\PostGraduate\backbones\PertubatedBNStatistics\BN-Compact\shot3\Seed1
PertubatedBNStatistics,Disperssion+Seg-SADG,BN-Compact,BN-Compact,Seg-SADG,BN-Compact,bn_compact,shallow,0.1,0.1,1.0,0.05,0.1,0.001,0.0001,0.001,0.05,0.5,0.05,rho0p05,new_training,3,1,118,0.051622842335038714,0.05162159519063102,0.05135255306959152,0.005380834142367045,0.043873927659458585,0.12227358834611045,0.05,0.0,0.0,0.0,0.0,0.0012463196439461575,1.2463196917956843e-06,9,72|31|126,35,all_filtered,9,True,D:\Running_Place\PostGraduateProjects\Experiments\PostGraduate\backbones\PertubatedBNStatistics\BN-Compact\shot3\Seed1
PertubatedBNStatistics,Disperssion+Seg-SADG,BN-Compact,BN-Compact,Seg-SADG,BN-Compact,bn_compact,shallow,0.1,0.1,1.0,0.05,0.1,0.001,0.0001,0.001,0.05,0.5,0.05,rho0p05,new_training,3,1,119,0.046969021360079445,0.04696782926718394,0.046696932779418096,0.005417939741164446,0.03983494142691294,0.10548032323519389,0.05,0.0,0.0,0.0,0.0,0.0011924517586723799,1.1924518301182413e-06,9,72|31|126,35,all_filtered,9,True,D:\Running_Place\PostGraduateProjects\Experiments\PostGraduate\backbones\PertubatedBNStatistics\BN-Compact\shot3\Seed1
PertubatedBNStatistics,Disperssion+Seg-SADG,BN-Compact,BN-Compact,Seg-SADG,BN-Compact,bn_compact,shallow,0.1,0.1,1.0,0.05,0.1,0.001,0.0001,0.001,0.05,0.5,0.05,rho0p05,new_training,3,1,120,0.04561507536305322,0.04561366430587239,0.045375103337897196,0.004771222024121218,0.0381712524427308,0.11021608693732156,0.05,0.0,0.0,0.0,0.0,0.0014116038348422283,1.4116038818833153e-06,9,72|31|126,35,all_filtered,9,True,D:\Running_Place\PostGraduateProjects\Experiments\PostGraduate\backbones\PertubatedBNStatistics\BN-Compact\shot3\Seed1
PertubatedBNStatistics,Disperssion+Seg-SADG,BN-Compact,BN-Compact,Seg-SADG,BN-Compact,bn_compact,shallow,0.1,0.1,1.0,0.05,0.1,0.001,0.0001,0.001,0.05,0.5,0.05,rho0p05,new_training,3,1,121,0.04408716865711742,0.0440861148138841,0.043860395749409996,0.004514383203867409,0.036856715463929705,0.1078981136282285,0.05,0.0,0.0,0.0,0.0,0.001053740438591275,1.0537405046306958e-06,9,72|31|126,35,all_filtered,9,True,D:\Running_Place\PostGraduateProjects\Experiments\PostGraduate\backbones\PertubatedBNStatistics\BN-Compact\shot3\Seed1
PertubatedBNStatistics,Disperssion+Seg-SADG,BN-Compact,BN-Compact,Seg-SADG,BN-Compact,bn_compact,shallow,0.1,0.1,1.0,0.05,0.1,0.001,0.0001,0.001,0.05,0.5,0.05,rho0p05,new_training,3,1,122,0.043059116850296654,0.04305815282795164,0.042828994078768626,0.004583164532151487,0.035578610168562994,0.1104882409175237,0.05,0.0,0.0,0.0,0.0,0.0009639039376957549,9.639039622773755e-07,9,72|31|126,35,all_filtered,9,True,D:\Running_Place\PostGraduateProjects\Experiments\PostGraduate\backbones\PertubatedBNStatistics\BN-Compact\shot3\Seed1
PertubatedBNStatistics,Disperssion+Seg-SADG,BN-Compact,BN-Compact,Seg-SADG,BN-Compact,bn_compact,shallow,0.1,0.1,1.0,0.05,0.1,0.001,0.0001,0.001,0.05,0.5,0.05,rho0p05,new_training,3,1,123,0.041893465237485036,0.04189250245690346,0.04166891715592808,0.004471712512895465,0.03462424005071322,0.11060039285156462,0.05,0.0,0.0,0.0,0.0,0.000963121031721433,9.631210799751798e-07,9,72|31|126,35,all_filtered,9,True,D:\Running_Place\PostGraduateProjects\Experiments\PostGraduate\backbones\PertubatedBNStatistics\BN-Compact\shot3\Seed1
PertubatedBNStatistics,Disperssion+Seg-SADG,BN-Compact,BN-Compact,Seg-SADG,BN-Compact,bn_compact,shallow,0.1,0.1,1.0,0.05,0.1,0.001,0.0001,0.001,0.05,0.5,0.05,rho0p05,new_training,3,1,124,0.041278536121050514,0.041277299324671425,0.04107316459218661,0.004082689915473263,0.03374958183202478,0.11261685027016534,0.05,0.0,0.0,0.0,0.0,0.0012371598729967242,1.2371599369645182e-06,9,72|31|126,35,all_filtered,9,True,D:\Running_Place\PostGraduateProjects\Experiments\PostGraduate\backbones\PertubatedBNStatistics\BN-Compact\shot3\Seed1
PertubatedBNStatistics,Disperssion+Seg-SADG,BN-Compact,BN-Compact,Seg-SADG,BN-Compact,bn_compact,shallow,0.1,0.1,1.0,0.05,0.1,0.001,0.0001,0.001,0.05,0.5,0.05,rho0p05,new_training,3,1,125,0.03800442400905821,0.03800318928228484,0.03781032934784889,0.003857200706584586,0.03212258447375563,0.09283786846531762,0.05,0.0,0.0,0.0,0.0,0.0012357188518055612,1.2357189057689134e-06,9,72|31|126,35,all_filtered,9,True,D:\Running_Place\PostGraduateProjects\Experiments\PostGraduate\backbones\PertubatedBNStatistics\BN-Compact\shot3\Seed1
PertubatedBNStatistics,Disperssion+Seg-SADG,BN-Compact,BN-Compact,Seg-SADG,BN-Compact,bn_compact,shallow,0.1,0.1,1.0,0.05,0.1,0.001,0.0001,0.001,0.05,0.5,0.05,rho0p05,new_training,3,1,126,0.0376345490415891,0.03763332673245006,0.03744286257359716,0.003809283513368832,0.031202508964472346,0.09525822103023529,0.05,0.0,0.0,0.0,0.0,0.0012224399445888896,1.2224399862740636e-06,9,72|31|126,35,all_filtered,9,True,D:\Running_Place\PostGraduateProjects\Experiments\PostGraduate\backbones\PertubatedBNStatistics\BN-Compact\shot3\Seed1
PertubatedBNStatistics,Disperssion+Seg-SADG,BN-Compact,BN-Compact,Seg-SADG,BN-Compact,bn_compact,shallow,0.1,0.1,1.0,0.05,0.1,0.001,0.0001,0.001,0.05,0.5,0.05,rho0p05,new_training,3,1,127,0.036878919021950826,0.036877724445528455,0.036689095199108124,0.00377259755300151,0.03009368644820319,0.09868372480074565,0.05,0.0,0.0,0.0,0.0,0.0011942440760321915,1.194244109430858e-06,9,72|31|126,35,all_filtered,9,True,D:\Running_Place\PostGraduateProjects\Experiments\PostGraduate\backbones\PertubatedBNStatistics\BN-Compact\shot3\Seed1
PertubatedBNStatistics,Disperssion+Seg-SADG,BN-Compact,BN-Compact,Seg-SADG,BN-Compact,bn_compact,shallow,0.1,0.1,1.0,0.05,0.1,0.001,0.0001,0.001,0.05,0.5,0.05,rho0p05,new_training,3,1,128,0.03596688061952591,0.03596577296654383,0.0358037832710478,0.0032397903398507172,0.029855012686716184,0.09291720887025197,0.05,0.0,0.0,0.0,0.0,0.0011072903936211434,1.1072904347505148e-06,9,72|31|126,35,all_filtered,9,True,D:\Running_Place\PostGraduateProjects\Experiments\PostGraduate\backbones\PertubatedBNStatistics\BN-Compact\shot3\Seed1
PertubatedBNStatistics,Disperssion+Seg-SADG,BN-Compact,BN-Compact,Seg-SADG,BN-Compact,bn_compact,shallow,0.1,0.1,1.0,0.05,0.1,0.001,0.0001,0.001,0.05,0.5,0.05,rho0p05,new_training,3,1,129,0.03525885318716367,0.035257509185208216,0.03508496325876978,0.003450923858003484,0.028882813536458544,0.09549173629946178,0.05,0.0,0.0,0.0,0.0,0.0013438554661762384,1.3438555457570246e-06,9,72|31|126,35,all_filtered,9,True,D:\Running_Place\PostGraduateProjects\Experiments\PostGraduate\backbones\PertubatedBNStatistics\BN-Compact\shot3\Seed1
PertubatedBNStatistics,Disperssion+Seg-SADG,BN-Compact,BN-Compact,Seg-SADG,BN-Compact,bn_compact,shallow,0.1,0.1,1.0,0.05,0.1,0.001,0.0001,0.001,0.05,0.5,0.05,rho0p05,new_training,3,1,130,0.035774399215976395,0.03577313447992007,0.03559617160095109,0.0035392614857604108,0.028956503917773564,0.10220609274175432,0.05,0.0,0.0,0.0,0.0,0.0012651239521801472,1.2651240189774803e-06,9,72|31|126,35,all_filtered,9,True,D:\Running_Place\PostGraduateProjects\Experiments\PostGraduate\backbones\PertubatedBNStatistics\BN-Compact\shot3\Seed1
PertubatedBNStatistics,Disperssion+Seg-SADG,BN-Compact,BN-Compact,Seg-SADG,BN-Compact,bn_compact,shallow,0.1,0.1,1.0,0.05,0.1,0.001,0.0001,0.001,0.05,0.5,0.05,rho0p05,new_training,3,1,131,0.03528336932261785,0.0352822235888905,0.035111475735902786,0.0034149537483851113,0.02828326842023267,0.10179982168806924,0.05,0.0,0.0,0.0,0.0,0.0011458171841998894,1.1458172429633528e-06,9,72|31|126,35,all_filtered,9,True,D:\Running_Place\PostGraduateProjects\Experiments\PostGraduate\backbones\PertubatedBNStatistics\BN-Compact\shot3\Seed1
PertubatedBNStatistics,Disperssion+Seg-SADG,BN-Compact,BN-Compact,Seg-SADG,BN-Compact,bn_compact,shallow,0.1,0.1,1.0,0.05,0.1,0.001,0.0001,0.001,0.05,0.5,0.05,rho0p05,new_training,3,1,132,0.03362585645582941,0.033624609725342855,0.03346833338340124,0.0031255195434722635,0.027486483049061563,0.09224950604968601,0.05,0.0,0.0,0.0,0.0,0.0012470085186780328,1.2470085645569877e-06,9,72|31|126,35,all_filtered,9,True,D:\Running_Place\PostGraduateProjects\Experiments\PostGraduate\backbones\PertubatedBNStatistics\BN-Compact\shot3\Seed1
PertubatedBNStatistics,Disperssion+Seg-SADG,BN-Compact,BN-Compact,Seg-SADG,BN-Compact,bn_compact,shallow,0.1,0.1,1.0,0.05,0.1,0.001,0.0001,0.001,0.05,0.5,0.05,rho0p05,new_training,3,1,133,0.03257211194270187,0.032570921505490937,0.032413954122198954,0.0031393519861416686,0.026690743242700894,0.08727984875440598,0.05,0.0,0.0,0.0,0.0,0.001189998790828718,1.1899988565902377e-06,9,72|31|126,35,all_filtered,9,True,D:\Running_Place\PostGraduateProjects\Experiments\PostGraduate\backbones\PertubatedBNStatistics\BN-Compact\shot3\Seed1
PertubatedBNStatistics,Disperssion+Seg-SADG,BN-Compact,BN-Compact,Seg-SADG,BN-Compact,bn_compact,shallow,0.1,0.1,1.0,0.05,0.1,0.001,0.0001,0.001,0.05,0.5,0.05,rho0p05,new_training,3,1,134,0.03298002481460571,0.032978797952334084,0.0328309146894349,0.002957672475733691,0.026164244032568403,0.09675653568572468,0.05,0.0,0.0,0.0,0.0,0.0012264626566320658,1.2264627192356177e-06,9,72|31|126,35,all_filtered,9,True,D:\Running_Place\PostGraduateProjects\Experiments\PostGraduate\backbones\PertubatedBNStatistics\BN-Compact\shot3\Seed1
PertubatedBNStatistics,Disperssion+Seg-SADG,BN-Compact,BN-Compact,Seg-SADG,BN-Compact,bn_compact,shallow,0.1,0.1,1.0,0.05,0.1,0.001,0.0001,0.001,0.05,0.5,0.05,rho0p05,new_training,3,1,135,0.03361624706950453,0.033614835805363126,0.03346729071603881,0.002950898552727368,0.026060887715882726,0.1082365032699373,0.05,0.0,0.0,0.0,0.0,0.001411678531439975,1.4116786025574079e-06,9,72|31|126,35,all_filtered,9,True,D:\Running_Place\PostGraduateProjects\Experiments\PostGraduate\backbones\PertubatedBNStatistics\BN-Compact\shot3\Seed1
PertubatedBNStatistics,Disperssion+Seg-SADG,BN-Compact,BN-Compact,Seg-SADG,BN-Compact,bn_compact,shallow,0.1,0.1,1.0,0.05,0.1,0.001,0.0001,0.001,0.05,0.5,0.05,rho0p05,new_training,3,1,136,0.03137681902282768,0.03137563872668478,0.031231520076592762,0.0028823689661092227,0.02545235078367922,0.08778243760267894,0.05,0.0,0.0,0.0,0.0,0.0011799073803962932,1.1799074475978462e-06,9,72|31|126,35,all_filtered,9,True,D:\Running_Place\PostGraduateProjects\Experiments\PostGraduate\backbones\PertubatedBNStatistics\BN-Compact\shot3\Seed1
PertubatedBNStatistics,Disperssion+Seg-SADG,BN-Compact,BN-Compact,Seg-SADG,BN-Compact,bn_compact,shallow,0.1,0.1,1.0,0.05,0.1,0.001,0.0001,0.001,0.05,0.5,0.05,rho0p05,new_training,3,1,137,0.030725474158922832,0.030724239846070606,0.030589501683910687,0.0026947596731285253,0.024831782198614545,0.08786070181263818,0.05,0.0,0.0,0.0,0.0,0.00123484735053757,1.2348473856289072e-06,9,72|31|126,35,all_filtered,9,True,D:\Running_Place\PostGraduateProjects\Experiments\PostGraduate\backbones\PertubatedBNStatistics\BN-Compact\shot3\Seed1
PertubatedBNStatistics,Disperssion+Seg-SADG,BN-Compact,BN-Compact,Seg-SADG,BN-Compact,bn_compact,shallow,0.1,0.1,1.0,0.05,0.1,0.001,0.0001,0.001,0.05,0.5,0.05,rho0p05,new_training,3,1,138,0.02917086746957567,0.029169678481088743,0.029046776394049328,0.002458044767586721,0.024202080443501472,0.07697068568733004,0.05,0.0,0.0,0.0,0.0,0.0011894377271851732,1.189437783624372e-06,9,72|31|126,35,all_filtered,9,True,D:\Running_Place\PostGraduateProjects\Experiments\PostGraduate\backbones\PertubatedBNStatistics\BN-Compact\shot3\Seed1
PertubatedBNStatistics,Disperssion+Seg-SADG,BN-Compact,BN-Compact,Seg-SADG,BN-Compact,bn_compact,shallow,0.1,0.1,1.0,0.05,0.1,0.001,0.0001,0.001,0.05,0.5,0.05,rho0p05,new_training,3,1,139,0.029304668514264956,0.02930348138842318,0.0291686931418048,0.0026957651134580374,0.023553490845693484,0.08538022057877646,0.05,0.0,0.0,0.0,0.0,0.0011870091806890236,1.1870092306607048e-06,9,72|31|126,35,all_filtered,9,True,D:\Running_Place\PostGraduateProjects\Experiments\PostGraduate\backbones\PertubatedBNStatistics\BN-Compact\shot3\Seed1
PertubatedBNStatistics,Disperssion+Seg-SADG,BN-Compact,BN-Compact,Seg-SADG,BN-Compact,bn_compact,shallow,0.1,0.1,1.0,0.05,0.1,0.001,0.0001,0.001,0.05,0.5,0.05,rho0p05,new_training,3,1,140,0.029959490315781698,0.029958376453982458,0.02983317793243461,0.0025039737552611362,0.023514125703109637,0.09174303793244892,0.05,0.0,0.0,0.0,0.0,0.0011131545276536297,1.113154588160291e-06,9,72|31|126,35,all_filtered,9,True,D:\Running_Place\PostGraduateProjects\Experiments\PostGraduate\backbones\PertubatedBNStatistics\BN-Compact\shot3\Seed1
PertubatedBNStatistics,Disperssion+Seg-SADG,BN-Compact,BN-Compact,Seg-SADG,BN-Compact,bn_compact,shallow,0.1,0.1,1.0,0.05,0.1,0.001,0.0001,0.001,0.05,0.5,0.05,rho0p05,new_training,3,1,141,0.03258564571539561,0.03258430274824301,0.03245642015503512,0.002557657995364732,0.024393239575955603,0.11668896261188719,0.05,0.0,0.0,0.0,0.0,0.0013432016130536795,1.3432016822258042e-06,9,72|31|126,35,all_filtered,9,True,D:\Running_Place\PostGraduateProjects\Experiments\PostGraduate\backbones\PertubatedBNStatistics\BN-Compact\shot3\Seed1
PertubatedBNStatistics,Disperssion+Seg-SADG,BN-Compact,BN-Compact,Seg-SADG,BN-Compact,bn_compact,shallow,0.1,0.1,1.0,0.05,0.1,0.001,0.0001,0.001,0.05,0.5,0.05,rho0p05,new_training,3,1,142,0.03026882724629508,0.030267472482389875,0.030127149489190843,0.002806456061080098,0.023435280347863834,0.09736134029097027,0.05,0.0,0.0,0.0,0.0,0.0013552251491799122,1.3552252211310488e-06,9,72|31|126,35,all_filtered,9,True,D:\Running_Place\PostGraduateProjects\Experiments\PostGraduate\backbones\PertubatedBNStatistics\BN-Compact\shot3\Seed1
PertubatedBNStatistics,Disperssion+Seg-SADG,BN-Compact,BN-Compact,Seg-SADG,BN-Compact,bn_compact,shallow,0.1,0.1,1.0,0.05,0.1,0.001,0.0001,0.001,0.05,0.5,0.05,rho0p05,new_training,3,1,143,0.028841635212302208,0.02884024650686317,0.02871599876218372,0.002484959912382894,0.023080884996387694,0.08691812389426762,0.05,0.0,0.0,0.0,0.0,0.0013888667939075579,1.3888668617154408e-06,9,72|31|126,35,all_filtered,9,True,D:\Running_Place\PostGraduateProjects\Experiments\PostGraduate\backbones\PertubatedBNStatistics\BN-Compact\shot3\Seed1
PertubatedBNStatistics,Disperssion+Seg-SADG,BN-Compact,BN-Compact,Seg-SADG,BN-Compact,bn_compact,shallow,0.1,0.1,1.0,0.05,0.1,0.001,0.0001,0.001,0.05,0.5,0.05,rho0p05,new_training,3,1,144,0.027660333654946752,0.02765880421631866,0.027534708173738584,0.0024819158328076205,0.022145537038644154,0.08090631374054486,0.05,0.0,0.0,0.0,0.0,0.0015294892525869524,1.5294893197885055e-06,9,72|31|126,35,all_filtered,9,True,D:\Running_Place\PostGraduateProjects\Experiments\PostGraduate\backbones\PertubatedBNStatistics\BN-Compact\shot3\Seed1
PertubatedBNStatistics,Disperssion+Seg-SADG,BN-Compact,BN-Compact,Seg-SADG,BN-Compact,bn_compact,shallow,0.1,0.1,1.0,0.05,0.1,0.001,0.0001,0.001,0.05,0.5,0.05,rho0p05,new_training,3,1,145,0.02640787015358607,0.026406553263465565,0.026285588534341917,0.002419297376440631,0.02151064057317045,0.07396562563048469,0.05,0.0,0.0,0.0,0.0,0.0013166846215931906,1.3166846757586527e-06,9,72|31|126,35,all_filtered,9,True,D:\Running_Place\PostGraduateProjects\Experiments\PostGraduate\backbones\PertubatedBNStatistics\BN-Compact\shot3\Seed1
PertubatedBNStatistics,Disperssion+Seg-SADG,BN-Compact,BN-Compact,Seg-SADG,BN-Compact,bn_compact,shallow,0.1,0.1,1.0,0.05,0.1,0.001,0.0001,0.001,0.05,0.5,0.05,rho0p05,new_training,3,1,146,0.026396749748124018,0.02639560422135724,0.026281199935409758,0.0022880883059567874,0.02126617833144135,0.07721034106281069,0.05,0.0,0.0,0.0,0.0,0.001145538214283685,1.1455382744113901e-06,9,72|31|126,35,all_filtered,9,True,D:\Running_Place\PostGraduateProjects\Experiments\PostGraduate\backbones\PertubatedBNStatistics\BN-Compact\shot3\Seed1
PertubatedBNStatistics,Disperssion+Seg-SADG,BN-Compact,BN-Compact,Seg-SADG,BN-Compact,bn_compact,shallow,0.1,0.1,1.0,0.05,0.1,0.001,0.0001,0.001,0.05,0.5,0.05,rho0p05,new_training,3,1,147,0.026353718919886485,0.026352439282668963,0.02623622678220272,0.002324255338559548,0.021027217101719644,0.08212373488479191,0.05,0.0,0.0,0.0,0.0,0.001279814825263909,1.2798149100490264e-06,9,72|31|126,35,all_filtered,9,True,D:\Running_Place\PostGraduateProjects\Experiments\PostGraduate\backbones\PertubatedBNStatistics\BN-Compact\shot3\Seed1
PertubatedBNStatistics,Disperssion+Seg-SADG,BN-Compact,BN-Compact,Seg-SADG,BN-Compact,bn_compact,shallow,0.1,0.1,1.0,0.05,0.1,0.001,0.0001,0.001,0.05,0.5,0.05,rho0p05,new_training,3,1,148,0.026631495190991297,0.026630059712462954,0.02651661593053076,0.002268879156973627,0.02055054861638281,0.08493989457686742,0.05,0.0,0.0,0.0,0.0,0.0014353354409750965,1.4353355039828684e-06,9,72|31|126,35,all_filtered,9,True,D:\Running_Place\PostGraduateProjects\Experiments\PostGraduate\backbones\PertubatedBNStatistics\BN-Compact\shot3\Seed1
PertubatedBNStatistics,Disperssion+Seg-SADG,BN-Compact,BN-Compact,Seg-SADG,BN-Compact,bn_compact,shallow,0.1,0.1,1.0,0.05,0.1,0.001,0.0001,0.001,0.05,0.5,0.05,rho0p05,new_training,3,1,149,0.026257302198145125,0.026255943295028474,0.026150058541033003,0.002117696412218114,0.020625627289215725,0.08216863125562668,0.05,0.0,0.0,0.0,0.0,0.001359232280972517,1.3592323284683516e-06,9,72|31|126,35,all_filtered,9,True,D:\Running_Place\PostGraduateProjects\Experiments\PostGraduate\backbones\PertubatedBNStatistics\BN-Compact\shot3\Seed1
PertubatedBNStatistics,Disperssion+Seg-SADG,BN-Compact,BN-Compact,Seg-SADG,BN-Compact,bn_compact,shallow,0.1,0.1,1.0,0.05,0.1,0.001,0.0001,0.001,0.05,0.5,0.05,rho0p05,new_training,3,1,150,0.02733373103870286,0.027332599378294416,0.02721642640729745,0.0023234577383846045,0.02084390674200323,0.09362625082333882,0.05,0.0,0.0,0.0,0.0,0.0011316853730628889,1.1316854321800445e-06,9,72|31|126,35,all_filtered,9,True,D:\Running_Place\PostGraduateProjects\Experiments\PostGraduate\backbones\PertubatedBNStatistics\BN-Compact\shot3\Seed1
PertubatedBNStatistics,Disperssion+Seg-SADG,BN-Compact,BN-Compact,Seg-SADG,BN-Compact,bn_compact,shallow,0.1,0.1,1.0,0.05,0.1,0.001,0.0001,0.001,0.05,0.5,0.05,rho0p05,new_training,3,1,151,0.026631942432787683,0.02663072943687439,0.026518157165911462,0.002251449791300628,0.02031734772026539,0.08947433862421247,0.05,0.0,0.0,0.0,0.0,0.0012130022643961841,1.2130023050202808e-06,9,72|31|126,35,all_filtered,9,True,D:\Running_Place\PostGraduateProjects\Experiments\PostGraduate\backbones\PertubatedBNStatistics\BN-Compact\shot3\Seed1
PertubatedBNStatistics,Disperssion+Seg-SADG,BN-Compact,BN-Compact,Seg-SADG,BN-Compact,bn_compact,shallow,0.1,0.1,1.0,0.05,0.1,0.001,0.0001,0.001,0.05,0.5,0.05,rho0p05,new_training,3,1,152,0.02474686151577367,0.02474572654399607,0.02464598396586047,0.001994854861146046,0.019904421435462102,0.0757942216263877,0.05,0.0,0.0,0.0,0.0,0.001135254207636333,1.135254270441995e-06,9,72|31|126,35,all_filtered,9,True,D:\Running_Place\PostGraduateProjects\Experiments\PostGraduate\backbones\PertubatedBNStatistics\BN-Compact\shot3\Seed1
PertubatedBNStatistics,Disperssion+Seg-SADG,BN-Compact,BN-Compact,Seg-SADG,BN-Compact,bn_compact,shallow,0.1,0.1,1.0,0.05,0.1,0.001,0.0001,0.001,0.05,0.5,0.05,rho0p05,new_training,3,1,153,0.024663786093393963,0.024662573718362384,0.024558027999268636,0.0020909117301926017,0.01929395438896285,0.07753677128089799,0.05,0.0,0.0,0.0,0.0,0.00121208993692158,1.212089987095371e-06,9,72|31|126,35,all_filtered,9,True,D:\Running_Place\PostGraduateProjects\Experiments\PostGraduate\backbones\PertubatedBNStatistics\BN-Compact\shot3\Seed1
PertubatedBNStatistics,Disperssion+Seg-SADG,BN-Compact,BN-Compact,Seg-SADG,BN-Compact,bn_compact,shallow,0.1,0.1,1.0,0.05,0.1,0.001,0.0001,0.001,0.05,0.5,0.05,rho0p05,new_training,3,1,154,0.024431916574637096,0.024430675639046565,0.024319191152850788,0.0022296880811659824,0.019124968184365168,0.08053730676571529,0.05,0.0,0.0,0.0,0.0,0.0012414424499082896,1.2414424885618146e-06,9,72|31|126,35,all_filtered,9,True,D:\Running_Place\PostGraduateProjects\Experiments\PostGraduate\backbones\PertubatedBNStatistics\BN-Compact\shot3\Seed1
PertubatedBNStatistics,Disperssion+Seg-SADG,BN-Compact,BN-Compact,Seg-SADG,BN-Compact,bn_compact,shallow,0.1,0.1,1.0,0.05,0.1,0.001,0.0001,0.001,0.05,0.5,0.05,rho0p05,new_training,3,1,155,0.02469905631409751,0.024697903129789565,0.02459788674281703,0.0020003291752396356,0.019072142533130117,0.08374936795896953,0.05,0.0,0.0,0.0,0.0,0.0011531613159200384,1.1531613526787826e-06,9,72|31|126,35,all_filtered,9,True,D:\Running_Place\PostGraduateProjects\Experiments\PostGraduate\backbones\PertubatedBNStatistics\BN-Compact\shot3\Seed1
PertubatedBNStatistics,Disperssion+Seg-SADG,BN-Compact,BN-Compact,Seg-SADG,BN-Compact,bn_compact,shallow,0.1,0.1,1.0,0.05,0.1,0.001,0.0001,0.001,0.05,0.5,0.05,rho0p05,new_training,3,1,156,0.025111487342251673,0.025110135475794475,0.025007620867755678,0.0020502913329336378,0.01901059038937092,0.09038346923059887,0.05,0.0,0.0,0.0,0.0,0.001352293116118138,1.3522931649529507e-06,9,72|31|126,35,all_filtered,9,True,D:\Running_Place\PostGraduateProjects\Experiments\PostGraduate\backbones\PertubatedBNStatistics\BN-Compact\shot3\Seed1
PertubatedBNStatistics,Disperssion+Seg-SADG,BN-Compact,BN-Compact,Seg-SADG,BN-Compact,bn_compact,shallow,0.1,0.1,1.0,0.05,0.1,0.001,0.0001,0.001,0.05,0.5,0.05,rho0p05,new_training,3,1,157,0.024227012569705646,0.02422573065592183,0.02412421939273675,0.0020302240090030762,0.018694321521454386,0.08485635535584556,0.05,0.0,0.0,0.0,0.0,0.0012819841956823235,1.2819842412328499e-06,9,72|31|126,35,all_filtered,9,True,D:\Running_Place\PostGraduateProjects\Experiments\PostGraduate\backbones\PertubatedBNStatistics\BN-Compact\shot3\Seed1
PertubatedBNStatistics,Disperssion+Seg-SADG,BN-Compact,BN-Compact,Seg-SADG,BN-Compact,bn_compact,shallow,0.1,0.1,1.0,0.05,0.1,0.001,0.0001,0.001,0.05,0.5,0.05,rho0p05,new_training,3,1,158,0.025287485577993922,0.025286262647973165,0.025176783609721396,0.002189585654478934,0.01888050428695149,0.09328672952122158,0.05,0.0,0.0,0.0,0.0,0.0012233351008035243,1.2233351374864772e-06,9,72|31|126,35,all_filtered,9,True,D:\Running_Place\PostGraduateProjects\Experiments\PostGraduate\backbones\PertubatedBNStatistics\BN-Compact\shot3\Seed1
PertubatedBNStatistics,Disperssion+Seg-SADG,BN-Compact,BN-Compact,Seg-SADG,BN-Compact,bn_compact,shallow,0.1,0.1,1.0,0.05,0.1,0.001,0.0001,0.001,0.05,0.5,0.05,rho0p05,new_training,3,1,159,0.024307979891697567,0.02430671143035094,0.024204900902178552,0.0020362051695378292,0.018476286489102576,0.08371873199939728,0.05,0.0,0.0,0.0,0.0,0.0012680564023968247,1.2680564383218653e-06,9,72|31|126,35,all_filtered,9,True,D:\Running_Place\PostGraduateProjects\Experiments\PostGraduate\backbones\PertubatedBNStatistics\BN-Compact\shot3\Seed1
PertubatedBNStatistics,Disperssion+Seg-SADG,BN-Compact,BN-Compact,Seg-SADG,BN-Compact,bn_compact,shallow,0.1,0.1,1.0,0.05,0.1,0.001,0.0001,0.001,0.05,0.5,0.05,rho0p05,new_training,3,1,160,0.023005832607547443,0.02300450847380691,0.022905539721250534,0.001979370911916097,0.017999406283100445,0.07550493462218179,0.05,0.0,0.0,0.0,0.0,0.001324102599432485,1.3241026598128276e-06,9,72|31|126,35,all_filtered,9,True,D:\Running_Place\PostGraduateProjects\Experiments\PostGraduate\backbones\PertubatedBNStatistics\BN-Compact\shot3\Seed1
PertubatedBNStatistics,Disperssion+Seg-SADG,BN-Compact,BN-Compact,Seg-SADG,BN-Compact,bn_compact,shallow,0.1,0.1,1.0,0.05,0.1,0.001,0.0001,0.001,0.05,0.5,0.05,rho0p05,new_training,3,1,161,0.024004184537463717,0.02400284157031112,0.02390013862815168,0.0020540564502072004,0.017905686050653458,0.08881033543083403,0.05,0.0,0.0,0.0,0.0,0.0013429352871349289,1.3429353471236836e-06,9,72|31|126,35,all_filtered,9,True,D:\Running_Place\PostGraduateProjects\Experiments\PostGraduate\backbones\PertubatedBNStatistics\BN-Compact\shot3\Seed1
PertubatedBNStatistics,Disperssion+Seg-SADG,BN-Compact,BN-Compact,Seg-SADG,BN-Compact,bn_compact,shallow,0.1,0.1,1.0,0.05,0.1,0.001,0.0001,0.001,0.05,0.5,0.05,rho0p05,new_training,3,1,162,0.024062883315814868,0.024061523377895355,0.023962617127431765,0.0019781261863600877,0.017934007984068658,0.08880488574504852,0.05,0.0,0.0,0.0,0.0,0.0013597447476867172,1.3597448066270267e-06,9,72|31|126,35,all_filtered,9,True,D:\Running_Place\PostGraduateProjects\Experiments\PostGraduate\backbones\PertubatedBNStatistics\BN-Compact\shot3\Seed1
PertubatedBNStatistics,Disperssion+Seg-SADG,BN-Compact,BN-Compact,Seg-SADG,BN-Compact,bn_compact,shallow,0.1,0.1,1.0,0.05,0.1,0.001,0.0001,0.001,0.05,0.5,0.05,rho0p05,new_training,3,1,163,0.02440025947160191,0.024398950445983145,0.02429754493965043,0.0020281084450996583,0.018000129610300064,0.09403516517745124,0.05,0.0,0.0,0.0,0.0,0.001308878356616737,1.3088784101000783e-06,9,72|31|126,35,all_filtered,9,True,D:\Running_Place\PostGraduateProjects\Experiments\PostGraduate\backbones\PertubatedBNStatistics\BN-Compact\shot3\Seed1
PertubatedBNStatistics,Disperssion+Seg-SADG,BN-Compact,BN-Compact,Seg-SADG,BN-Compact,bn_compact,shallow,0.1,0.1,1.0,0.05,0.1,0.001,0.0001,0.001,0.05,0.5,0.05,rho0p05,new_training,3,1,164,0.022858659012450114,0.02285731045736207,0.02275970226360692,0.0019521633188964592,0.017437245282861922,0.0807787101301882,0.05,0.0,0.0,0.0,0.0,0.0013487953822024995,1.3487954535978336e-06,9,72|31|126,35,all_filtered,9,True,D:\Running_Place\PostGraduateProjects\Experiments\PostGraduate\backbones\PertubatedBNStatistics\BN-Compact\shot3\Seed1
PertubatedBNStatistics,Disperssion+Seg-SADG,BN-Compact,BN-Compact,Seg-SADG,BN-Compact,bn_compact,shallow,0.1,0.1,1.0,0.05,0.1,0.001,0.0001,0.001,0.05,0.5,0.05,rho0p05,new_training,3,1,165,0.022572815418243408,0.022571442855729,0.02248239599996143,0.001780934166163206,0.01725211325618956,0.07932110379139583,0.05,0.0,0.0,0.0,0.0,0.0013723453416282104,1.3723453914988365e-06,9,72|31|126,35,all_filtered,9,True,D:\Running_Place\PostGraduateProjects\Experiments\PostGraduate\backbones\PertubatedBNStatistics\BN-Compact\shot3\Seed1
PertubatedBNStatistics,Disperssion+Seg-SADG,BN-Compact,BN-Compact,Seg-SADG,BN-Compact,bn_compact,shallow,0.1,0.1,1.0,0.05,0.1,0.001,0.0001,0.001,0.05,0.5,0.05,rho0p05,new_training,3,1,166,0.022123456622163456,0.022122426372435357,0.022027935625778303,0.0018898170286168654,0.016995731327268813,0.07926887977454397,0.05,0.0,0.0,0.0,0.0,0.0010302860787810965,1.0302861299907008e-06,9,72|31|126,35,all_filtered,9,True,D:\Running_Place\PostGraduateProjects\Experiments\PostGraduate\backbones\PertubatedBNStatistics\BN-Compact\shot3\Seed1
PertubatedBNStatistics,Disperssion+Seg-SADG,BN-Compact,BN-Compact,Seg-SADG,BN-Compact,bn_compact,shallow,0.1,0.1,1.0,0.05,0.1,0.001,0.0001,0.001,0.05,0.5,0.05,rho0p05,new_training,3,1,167,0.0218653024898635,0.02186407604151302,0.021773004076547094,0.0018214332845268978,0.016781261811653774,0.0781461973157194,0.05,0.0,0.0,0.0,0.0,0.0012261417028235479,1.2261417718188266e-06,9,72|31|126,35,all_filtered,9,True,D:\Running_Place\PostGraduateProjects\Experiments\PostGraduate\backbones\PertubatedBNStatistics\BN-Compact\shot3\Seed1
PertubatedBNStatistics,Disperssion+Seg-SADG,BN-Compact,BN-Compact,Seg-SADG,BN-Compact,bn_compact,shallow,0.1,0.1,1.0,0.05,0.1,0.001,0.0001,0.001,0.05,0.5,0.05,rho0p05,new_training,3,1,168,0.021662455673019092,0.02166106758846177,0.021571467941006024,0.0017919884994626045,0.016279411191741627,0.07828154000971052,0.05,0.0,0.0,0.0,0.0,0.0013879246996819144,1.3879247704709187e-06,9,72|31|126,35,all_filtered,9,True,D:\Running_Place\PostGraduateProjects\Experiments\PostGraduate\backbones\PertubatedBNStatistics\BN-Compact\shot3\Seed1
PertubatedBNStatistics,Disperssion+Seg-SADG,BN-Compact,BN-Compact,Seg-SADG,BN-Compact,bn_compact,shallow,0.1,0.1,1.0,0.05,0.1,0.001,0.0001,0.001,0.05,0.5,0.05,rho0p05,new_training,3,1,169,0.020483561067117587,0.020482347450322576,0.02039482817053795,0.001750378714253505,0.0156653823537959,0.07064228587680393,0.05,0.0,0.0,0.0,0.0,0.0012137417409879465,1.213741812635918e-06,9,72|31|126,35,all_filtered,9,True,D:\Running_Place\PostGraduateProjects\Experiments\PostGraduate\backbones\PertubatedBNStatistics\BN-Compact\shot3\Seed1
PertubatedBNStatistics,Disperssion+Seg-SADG,BN-Compact,BN-Compact,Seg-SADG,BN-Compact,bn_compact,shallow,0.1,0.1,1.0,0.05,0.1,0.001,0.0001,0.001,0.05,0.5,0.05,rho0p05,new_training,3,1,170,0.021016790221134823,0.02101544187300735,0.020932693034410477,0.0016549727232712838,0.015645144403808646,0.07779554857148065,0.05,0.0,0.0,0.0,0.0,0.0013485960856390495,1.3485961416235013e-06,9,72|31|126,35,all_filtered,9,True,D:\Running_Place\PostGraduateProjects\Experiments\PostGraduate\backbones\PertubatedBNStatistics\BN-Compact\shot3\Seed1
PertubatedBNStatistics,Disperssion+Seg-SADG,BN-Compact,BN-Compact,Seg-SADG,BN-Compact,bn_compact,shallow,0.1,0.1,1.0,0.05,0.1,0.001,0.0001,0.001,0.05,0.5,0.05,rho0p05,new_training,3,1,171,0.021191711847980816,0.02119060481588046,0.02111036226981216,0.001604855202862786,0.015624882653355598,0.08050817913479275,0.05,0.0,0.0,0.0,0.0,0.0011069525628247196,1.106952614312225e-06,9,72|31|126,35,all_filtered,9,True,D:\Running_Place\PostGraduateProjects\Experiments\PostGraduate\backbones\PertubatedBNStatistics\BN-Compact\shot3\Seed1
PertubatedBNStatistics,Disperssion+Seg-SADG,BN-Compact,BN-Compact,Seg-SADG,BN-Compact,bn_compact,shallow,0.1,0.1,1.0,0.05,0.1,0.001,0.0001,0.001,0.05,0.5,0.05,rho0p05,new_training,3,1,172,0.02022757339808676,0.020226324391033914,0.020152231885327235,0.0014818541110596722,0.015590701148741774,0.07364225718710157,0.05,0.0,0.0,0.0,0.0,0.0012489322042610082,1.2489322532221397e-06,9,72|31|126,35,all_filtered,9,True,D:\Running_Place\PostGraduateProjects\Experiments\PostGraduate\backbones\PertubatedBNStatistics\BN-Compact\shot3\Seed1
PertubatedBNStatistics,Disperssion+Seg-SADG,BN-Compact,BN-Compact,Seg-SADG,BN-Compact,bn_compact,shallow,0.1,0.1,1.0,0.05,0.1,0.001,0.0001,0.001,0.05,0.5,0.05,rho0p05,new_training,3,1,173,0.021907501957482763,0.02190625129474534,0.02182175177666876,0.0016899937246408728,0.015801257453858852,0.09057873487472534,0.05,0.0,0.0,0.0,0.0,0.0012505327661832173,1.2505328249466806e-06,9,72|31|126,35,all_filtered,9,True,D:\Running_Place\PostGraduateProjects\Experiments\PostGraduate\backbones\PertubatedBNStatistics\BN-Compact\shot3\Seed1
PertubatedBNStatistics,Disperssion+Seg-SADG,BN-Compact,BN-Compact,Seg-SADG,BN-Compact,bn_compact,shallow,0.1,0.1,1.0,0.05,0.1,0.001,0.0001,0.001,0.05,0.5,0.05,rho0p05,new_training,3,1,174,0.021992358275585704,0.021991088365515072,0.02190553169283602,0.0017111320954023136,0.016101908042199083,0.0877427173157533,0.05,0.0,0.0,0.0,0.0,0.0012697936811794837,1.2697937405745406e-06,9,72|31|126,35,all_filtered,9,True,D:\Running_Place\PostGraduateProjects\Experiments\PostGraduate\backbones\PertubatedBNStatistics\BN-Compact\shot3\Seed1
PertubatedBNStatistics,Disperssion+Seg-SADG,BN-Compact,BN-Compact,Seg-SADG,BN-Compact,bn_compact,shallow,0.1,0.1,1.0,0.05,0.1,0.001,0.0001,0.001,0.05,0.5,0.05,rho0p05,new_training,3,1,175,0.02103255440791448,0.02103123317162196,0.020946328217784565,0.0016980989085924295,0.015610494547420077,0.08234293924437629,0.05,0.0,0.0,0.0,0.0,0.001321033778367564,1.321033835210983e-06,9,72|31|126,35,all_filtered,9,True,D:\Running_Place\PostGraduateProjects\Experiments\PostGraduate\backbones\PertubatedBNStatistics\BN-Compact\shot3\Seed1
PertubatedBNStatistics,Disperssion+Seg-SADG,BN-Compact,BN-Compact,Seg-SADG,BN-Compact,bn_compact,shallow,0.1,0.1,1.0,0.05,0.1,0.001,0.0001,0.001,0.05,0.5,0.05,rho0p05,new_training,3,1,176,0.02078148453599877,0.020780272367927764,0.02069846706257926,0.0016361067795919047,0.015408162855439715,0.08175278744763798,0.05,0.0,0.0,0.0,0.0,0.0012123169985392855,1.2123170386581073e-06,9,72|31|126,35,all_filtered,9,True,D:\Running_Place\PostGraduateProjects\Experiments\PostGraduate\backbones\PertubatedBNStatistics\BN-Compact\shot3\Seed1
PertubatedBNStatistics,Disperssion+Seg-SADG,BN-Compact,BN-Compact,Seg-SADG,BN-Compact,bn_compact,shallow,0.1,0.1,1.0,0.05,0.1,0.001,0.0001,0.001,0.05,0.5,0.05,rho0p05,new_training,3,1,177,0.02007161867287424,0.020070517021748755,0.019996487639016576,0.0014805843562094702,0.015193775192730956,0.07638950273394585,0.05,0.0,0.0,0.0,0.0,0.0011016953891764085,1.1016954380870125e-06,9,72|31|126,35,all_filtered,9,True,D:\Running_Place\PostGraduateProjects\Experiments\PostGraduate\backbones\PertubatedBNStatistics\BN-Compact\shot3\Seed1
PertubatedBNStatistics,Disperssion+Seg-SADG,BN-Compact,BN-Compact,Seg-SADG,BN-Compact,bn_compact,shallow,0.1,0.1,1.0,0.05,0.1,0.001,0.0001,0.001,0.05,0.5,0.05,rho0p05,new_training,3,1,178,0.020369077515270975,0.02036769998570283,0.020285991951823235,0.0016341557752134071,0.014802548413475355,0.08017254496614139,0.05,0.0,0.0,0.0,0.0,0.0013774276141905123,1.3774276668401499e-06,9,72|31|126,35,all_filtered,9,True,D:\Running_Place\PostGraduateProjects\Experiments\PostGraduate\backbones\PertubatedBNStatistics\BN-Compact\shot3\Seed1
PertubatedBNStatistics,Disperssion+Seg-SADG,BN-Compact,BN-Compact,Seg-SADG,BN-Compact,bn_compact,shallow,0.1,0.1,1.0,0.05,0.1,0.001,0.0001,0.001,0.05,0.5,0.05,rho0p05,new_training,3,1,179,0.02127251194583045,0.021271173945731588,0.021191247428456943,0.0015985295693907472,0.015108295612865023,0.08799073100090027,0.05,0.0,0.0,0.0,0.0,0.0013377155313113083,1.3377156070267422e-06,9,72|31|126,35,all_filtered,9,True,D:\Running_Place\PostGraduateProjects\Experiments\PostGraduate\backbones\PertubatedBNStatistics\BN-Compact\shot3\Seed1
PertubatedBNStatistics,Disperssion+Seg-SADG,BN-Compact,BN-Compact,Seg-SADG,BN-Compact,bn_compact,shallow,0.1,0.1,1.0,0.05,0.1,0.001,0.0001,0.001,0.05,0.5,0.05,rho0p05,new_training,3,1,180,0.0205693319439888,0.020567956277065806,0.020489706968267758,0.0015649921260774136,0.014985776402884059,0.08427965641021729,0.05,0.0,0.0,0.0,0.0,0.0013753555443448324,1.3753556105358357e-06,9,72|31|126,35,all_filtered,9,True,D:\Running_Place\PostGraduateProjects\Experiments\PostGraduate\backbones\PertubatedBNStatistics\BN-Compact\shot3\Seed1
PertubatedBNStatistics,Disperssion+Seg-SADG,BN-Compact,BN-Compact,Seg-SADG,BN-Compact,bn_compact,shallow,0.1,0.1,1.0,0.05,0.1,0.001,0.0001,0.001,0.05,0.5,0.05,rho0p05,new_training,3,1,181,0.01949417529006799,0.019493020036154322,0.01941835404270225,0.0014933248619652456,0.014619373509453403,0.07504593746529685,0.05,0.0,0.0,0.0,0.0,0.0011551318910076385,1.1551319655862042e-06,9,72|31|126,35,all_filtered,9,True,D:\Running_Place\PostGraduateProjects\Experiments\PostGraduate\backbones\PertubatedBNStatistics\BN-Compact\shot3\Seed1
PertubatedBNStatistics,Disperssion+Seg-SADG,BN-Compact,BN-Compact,Seg-SADG,BN-Compact,bn_compact,shallow,0.1,0.1,1.0,0.05,0.1,0.001,0.0001,0.001,0.05,0.5,0.05,rho0p05,new_training,3,1,182,0.02089958782825205,0.020898328059249453,0.020817680698302057,0.0016129482408157652,0.01484795928829246,0.08678936709960301,0.05,0.0,0.0,0.0,0.0,0.0012597788461587494,1.2597789059832899e-06,9,72|31|126,35,all_filtered,9,True,D:\Running_Place\PostGraduateProjects\Experiments\PostGraduate\backbones\PertubatedBNStatistics\BN-Compact\shot3\Seed1
PertubatedBNStatistics,Disperssion+Seg-SADG,BN-Compact,BN-Compact,Seg-SADG,BN-Compact,bn_compact,shallow,0.1,0.1,1.0,0.05,0.1,0.001,0.0001,0.001,0.05,0.5,0.05,rho0p05,new_training,3,1,183,0.020701544566286936,0.020700274656216305,0.02062353574567371,0.0015347875499476988,0.015348394711812338,0.08653442478842205,0.05,0.0,0.0,0.0,0.0,0.0012700908830285901,1.2700909463900543e-06,9,72|31|126,35,all_filtered,9,True,D:\Running_Place\PostGraduateProjects\Experiments\PostGraduate\backbones\PertubatedBNStatistics\BN-Compact\shot3\Seed1
PertubatedBNStatistics,Disperssion+Seg-SADG,BN-Compact,BN-Compact,Seg-SADG,BN-Compact,bn_compact,shallow,0.1,0.1,1.0,0.05,0.1,0.001,0.0001,0.001,0.05,0.5,0.05,rho0p05,new_training,3,1,184,0.020451986127429538,0.020450777270727687,0.020373897006114323,0.0015376075429634915,0.014999119564890862,0.08593135078748067,0.05,0.0,0.0,0.0,0.0,0.0012087182969682747,1.2087183670751579e-06,9,72|31|126,35,all_filtered,9,True,D:\Running_Place\PostGraduateProjects\Experiments\PostGraduate\backbones\PertubatedBNStatistics\BN-Compact\shot3\Seed1
PertubatedBNStatistics,Disperssion+Seg-SADG,BN-Compact,BN-Compact,Seg-SADG,BN-Compact,bn_compact,shallow,0.1,0.1,1.0,0.05,0.1,0.001,0.0001,0.001,0.05,0.5,0.05,rho0p05,new_training,3,1,185,0.01945018975271119,0.01944882484773795,0.019370820373296738,0.001560090006225639,0.01437168237235811,0.08024935175975163,0.05,0.0,0.0,0.0,0.0,0.0013648697446721296,1.364869812429485e-06,9,72|31|126,35,all_filtered,9,True,D:\Running_Place\PostGraduateProjects\Experiments\PostGraduate\backbones\PertubatedBNStatistics\BN-Compact\shot3\Seed1
PertubatedBNStatistics,Disperssion+Seg-SADG,BN-Compact,BN-Compact,Seg-SADG,BN-Compact,bn_compact,shallow,0.1,0.1,1.0,0.05,0.1,0.001,0.0001,0.001,0.05,0.5,0.05,rho0p05,new_training,3,1,186,0.018979037801424663,0.018977611429161496,0.01891001769238048,0.0013518735714670685,0.014156261976394389,0.07516765967011452,0.05,0.0,0.0,0.0,0.0,0.001426241787460943,1.4262418769956437e-06,9,72|31|126,35,all_filtered,9,True,D:\Running_Place\PostGraduateProjects\Experiments\PostGraduate\backbones\PertubatedBNStatistics\BN-Compact\shot3\Seed1
PertubatedBNStatistics,Disperssion+Seg-SADG,BN-Compact,BN-Compact,Seg-SADG,BN-Compact,bn_compact,shallow,0.1,0.1,1.0,0.05,0.1,0.001,0.0001,0.001,0.05,0.5,0.05,rho0p05,new_training,3,1,187,0.01931244010726611,0.019311298098829057,0.019236281514167786,0.001500335703086522,0.014039044061468707,0.080964176191224,0.05,0.0,0.0,0.0,0.0,0.001141837434261106,1.141837486784425e-06,9,72|31|126,35,all_filtered,9,True,D:\Running_Place\PostGraduateProjects\Experiments\PostGraduate\backbones\PertubatedBNStatistics\BN-Compact\shot3\Seed1
PertubatedBNStatistics,Disperssion+Seg-SADG,BN-Compact,BN-Compact,Seg-SADG,BN-Compact,bn_compact,shallow,0.1,0.1,1.0,0.05,0.1,0.001,0.0001,0.001,0.05,0.5,0.05,rho0p05,new_training,3,1,188,0.01866187072462506,0.01866052196257644,0.018588156749804814,0.0014472991460934281,0.013754641430245506,0.07465642276737425,0.05,0.0,0.0,0.0,0.0,0.0013490257745919128,1.3490258510273634e-06,9,72|31|126,35,all_filtered,9,True,D:\Running_Place\PostGraduateProjects\Experiments\PostGraduate\backbones\PertubatedBNStatistics\BN-Compact\shot3\Seed1
PertubatedBNStatistics,Disperssion+Seg-SADG,BN-Compact,BN-Compact,Seg-SADG,BN-Compact,bn_compact,shallow,0.1,0.1,1.0,0.05,0.1,0.001,0.0001,0.001,0.05,0.5,0.05,rho0p05,new_training,3,1,189,0.0188043090618319,0.0188030656427145,0.01872950130038791,0.0014712817113225658,0.013765902568896612,0.07837264902061886,0.05,0.0,0.0,0.0,0.0,0.0012433616340988213,1.2433616897548443e-06,9,72|31|126,35,all_filtered,9,True,D:\Running_Place\PostGraduateProjects\Experiments\PostGraduate\backbones\PertubatedBNStatistics\BN-Compact\shot3\Seed1
PertubatedBNStatistics,Disperssion+Seg-SADG,BN-Compact,BN-Compact,Seg-SADG,BN-Compact,bn_compact,shallow,0.1,0.1,1.0,0.05,0.1,0.001,0.0001,0.001,0.05,0.5,0.05,rho0p05,new_training,3,1,190,0.018590513409839735,0.018589202521575823,0.018521914465559855,0.001345755351293418,0.013455650872654386,0.0730398255917761,0.05,0.0,0.0,0.0,0.0,0.0013105842388338512,1.3105843000478974e-06,9,72|31|126,35,all_filtered,9,True,D:\Running_Place\PostGraduateProjects\Experiments\PostGraduate\backbones\PertubatedBNStatistics\BN-Compact\shot3\Seed1
PertubatedBNStatistics,Disperssion+Seg-SADG,BN-Compact,BN-Compact,Seg-SADG,BN-Compact,bn_compact,shallow,0.1,0.1,1.0,0.05,0.1,0.001,0.0001,0.001,0.05,0.5,0.05,rho0p05,new_training,3,1,191,0.01894677761528227,0.01894541208942731,0.01887737090388934,0.0013608229346573353,0.01324468157771561,0.08036115268866222,0.05,0.0,0.0,0.0,0.0,0.0013657982474089498,1.365798327570802e-06,9,72|31|126,35,all_filtered,9,True,D:\Running_Place\PostGraduateProjects\Experiments\PostGraduate\backbones\PertubatedBNStatistics\BN-Compact\shot3\Seed1
PertubatedBNStatistics,Disperssion+Seg-SADG,BN-Compact,BN-Compact,Seg-SADG,BN-Compact,bn_compact,shallow,0.1,0.1,1.0,0.05,0.1,0.001,0.0001,0.001,0.05,0.5,0.05,rho0p05,new_training,3,1,192,0.01878743763599131,0.01878625527024269,0.018716854146785207,0.001388030805780242,0.01346840833624204,0.0775551704896821,0.05,0.0,0.0,0.0,0.0,0.0011822755138079326,1.182275550743523e-06,9,72|31|126,35,all_filtered,9,True,D:\Running_Place\PostGraduateProjects\Experiments\PostGraduate\backbones\PertubatedBNStatistics\BN-Compact\shot3\Seed1
PertubatedBNStatistics,Disperssion+Seg-SADG,BN-Compact,BN-Compact,Seg-SADG,BN-Compact,bn_compact,shallow,0.1,0.1,1.0,0.05,0.1,0.001,0.0001,0.001,0.05,0.5,0.05,rho0p05,new_training,3,1,193,0.01800479708860318,0.01800355635997322,0.017932556776536837,0.001419987542451256,0.013128963713016775,0.07354506684674157,0.05,0.0,0.0,0.0,0.0,0.0012407586263078782,1.2407586906546285e-06,9,72|31|126,35,all_filtered,9,True,D:\Running_Place\PostGraduateProjects\Experiments\PostGraduate\backbones\PertubatedBNStatistics\BN-Compact\shot3\Seed1
PertubatedBNStatistics,Disperssion+Seg-SADG,BN-Compact,BN-Compact,Seg-SADG,BN-Compact,bn_compact,shallow,0.1,0.1,1.0,0.05,0.1,0.001,0.0001,0.001,0.05,0.5,0.05,rho0p05,new_training,3,1,194,0.018094550611244306,0.018093374247352283,0.018020126761661634,0.0014649472690911756,0.012975475957824124,0.07390655742751227,0.05,0.0,0.0,0.0,0.0,0.0011762676165542668,1.1762676529593186e-06,9,72|31|126,35,all_filtered,9,True,D:\Running_Place\PostGraduateProjects\Experiments\PostGraduate\backbones\PertubatedBNStatistics\BN-Compact\shot3\Seed1
PertubatedBNStatistics,Disperssion+Seg-SADG,BN-Compact,BN-Compact,Seg-SADG,BN-Compact,bn_compact,shallow,0.1,0.1,1.0,0.05,0.1,0.001,0.0001,0.001,0.05,0.5,0.05,rho0p05,new_training,3,1,195,0.01751728645629353,0.017516065388917923,0.01744725617269675,0.0013761860059781207,0.012885872688558366,0.07200844585895538,0.05,0.0,0.0,0.0,0.0,0.0012213232629518542,1.2213233099424137e-06,9,72|31|126,35,all_filtered,9,True,D:\Running_Place\PostGraduateProjects\Experiments\PostGraduate\backbones\PertubatedBNStatistics\BN-Compact\shot3\Seed1
PertubatedBNStatistics,Disperssion+Seg-SADG,BN-Compact,BN-Compact,Seg-SADG,BN-Compact,bn_compact,shallow,0.1,0.1,1.0,0.05,0.1,0.001,0.0001,0.001,0.05,0.5,0.05,rho0p05,new_training,3,1,196,0.0168781578540802,0.01687700404889054,0.016808709854053125,0.0013658837027226884,0.01235817600455549,0.06992001624570952,0.05,0.0,0.0,0.0,0.0,0.0011537347777953579,1.15373485856354e-06,9,72|31|126,35,all_filtered,9,True,D:\Running_Place\PostGraduateProjects\Experiments\PostGraduate\backbones\PertubatedBNStatistics\BN-Compact\shot3\Seed1
PertubatedBNStatistics,Disperssion+Seg-SADG,BN-Compact,BN-Compact,Seg-SADG,BN-Compact,bn_compact,shallow,0.1,0.1,1.0,0.05,0.1,0.001,0.0001,0.001,0.05,0.5,0.05,rho0p05,new_training,3,1,197,0.01692178938537836,0.016920575147701636,0.016860806072751682,0.0011953795458086664,0.01208243208626906,0.0698849434653918,0.05,0.0,0.0,0.0,0.0,0.001214338679953168,1.214338763272988e-06,9,72|31|126,35,all_filtered,9,True,D:\Running_Place\PostGraduateProjects\Experiments\PostGraduate\backbones\PertubatedBNStatistics\BN-Compact\shot3\Seed1
PertubatedBNStatistics,Disperssion+Seg-SADG,BN-Compact,BN-Compact,Seg-SADG,BN-Compact,bn_compact,shallow,0.1,0.1,1.0,0.05,0.1,0.001,0.0001,0.001,0.05,0.5,0.05,rho0p05,new_training,3,1,198,0.017324450529283948,0.017323237533370655,0.017263225590189297,0.0012002389800424378,0.012409657757315371,0.07502798322174284,0.05,0.0,0.0,0.0,0.0,0.0012129777169320732,1.2129777676111391e-06,9,72|31|126,35,all_filtered,9,True,D:\Running_Place\PostGraduateProjects\Experiments\PostGraduate\backbones\PertubatedBNStatistics\BN-Compact\shot3\Seed1
PertubatedBNStatistics,Disperssion+Seg-SADG,BN-Compact,BN-Compact,Seg-SADG,BN-Compact,bn_compact,shallow,0.1,0.1,1.0,0.05,0.1,0.001,0.0001,0.001,0.05,0.5,0.05,rho0p05,new_training,3,1,199,0.01840069517493248,0.018399659544229507,0.018338658432993624,0.0012200203103323777,0.012732328640090095,0.08562142070796755,0.05,0.0,0.0,0.0,0.0,0.001035543714856936,1.0355437641212322e-06,9,72|31|126,35,all_filtered,9,True,D:\Running_Place\PostGraduateProjects\Experiments\PostGraduate\backbones\PertubatedBNStatistics\BN-Compact\shot3\Seed1
PertubatedBNStatistics,Disperssion+Seg-SADG,BN-Compact,BN-Compact,Seg-SADG,BN-Compact,bn_compact,shallow,0.1,0.1,1.0,0.05,0.1,0.001,0.0001,0.001,0.05,0.5,0.05,rho0p05,new_training,3,1,200,0.018904544827010896,0.018903199583292007,0.01883806371026569,0.0013027164451260534,0.013006394729018211,0.0908835877974828,0.05,0.0,0.0,0.0,0.0,0.0013451362675469783,1.3451363069331517e-06,9,72|31|126,35,all_filtered,9,True,D:\Running_Place\PostGraduateProjects\Experiments\PostGraduate\backbones\PertubatedBNStatistics\BN-Compact\shot3\Seed1
