loss_mode,ablation,sadg_method,style_method,template_mode,mask_mode,gate_mode,gate_num_bins,gate_rho_max,rho_bin_min,rho_bin_max,rho_bin_mean,rho_bins,style_alpha,style_rho,sadg_rho,lambda_disp,dice_weight,lambda_gate_anchor,lambda_gate_smooth,lambda_gate_mono,lambda_spectral_consistency,lambda_gate_budget,spectral_cons_eps,rho,rho_tag,sadg_rho_tag,lf_radius_h,lf_radius_w,lf_size_h,lf_size_w,checkpoint_source,shot,seed,epoch,train_loss,train_seg_loss,train_disp_loss,style_reg_loss,gate_reg_loss,gate_anchor_loss,gate_smooth_loss,gate_mono_loss,spectral_cons_loss,gate_budget_loss,spectral_style_loss,template_l2_loss,template_smooth_loss,epsilon_loss,sadg_grad_norm,perturb_norm,steps,train_case_ids,n_train_slices,slice_policy,num_middle_slices,filter_min_fg,output_dir,prompt_dir
Seg-SADG,Seg-SADG,Seg-SADG,LF-Barycenter-Fixed-Cosine,fixed,cosine,fixed,8,1.0,0.5,0.5,0.5,0.5|0.5|0.5|0.5|0.5|0.5|0.5|0.5,0.08,0.5,0.05,0.05,0.5,0.0001,0.001,0.001,0.01,0.01,1e-06,0.5,style_rho0p5,sadg_rho0p05,9,9,19,19,new_training,5,2,1,1.4481940014021737,1.4220174551010132,0.5235305918114526,0.0,0.0,0.0,0.0,0.0,0.0,0.0,0.0,0.0,0.0,1.322378967489515,1.985168022768838,0.05000000000000001,14,23|31|224|171|180,56,all_filtered,9,True,D:\Running_Place\PostGraduateProjects\Experiments\PostGraduate\backbones\DisperssionWithSADG_ConstraintStyleRegularization\Seg-SADG\BaryFixedCos\a0p08\rho0p5\gb8\sadg0p05\nocons\shot5\Seed2,D:\Running_Place\PostGraduateProjects\Experiments\PostGraduate\backbones\Prompts\Seg-SADG\BaryFixedCos\a0p08\rho0p5\gb8\sadg0p05\nocons\shot5\Seed2
Seg-SADG,Seg-SADG,Seg-SADG,LF-Barycenter-Fixed-Cosine,fixed,cosine,fixed,8,1.0,0.5,0.5,0.5,0.5|0.5|0.5|0.5|0.5|0.5|0.5|0.5,0.08,0.5,0.05,0.05,0.5,0.0001,0.001,0.001,0.01,0.01,1e-06,0.5,style_rho0p5,sadg_rho0p05,9,9,19,19,new_training,5,2,2,1.010804487126214,0.9920478292873928,0.3751331738063267,0.0,0.0,0.0,0.0,0.0,0.0,0.0,0.0,0.0,0.0,0.9375512940543038,1.0105181804725103,0.05000000000000001,14,23|31|224|171|180,56,all_filtered,9,True,D:\Running_Place\PostGraduateProjects\Experiments\PostGraduate\backbones\DisperssionWithSADG_ConstraintStyleRegularization\Seg-SADG\BaryFixedCos\a0p08\rho0p5\gb8\sadg0p05\nocons\shot5\Seed2,D:\Running_Place\PostGraduateProjects\Experiments\PostGraduate\backbones\Prompts\Seg-SADG\BaryFixedCos\a0p08\rho0p5\gb8\sadg0p05\nocons\shot5\Seed2
Seg-SADG,Seg-SADG,Seg-SADG,LF-Barycenter-Fixed-Cosine,fixed,cosine,fixed,8,1.0,0.5,0.5,0.5,0.5|0.5|0.5|0.5|0.5|0.5|0.5|0.5,0.08,0.5,0.05,0.05,0.5,0.0001,0.001,0.001,0.01,0.01,1e-06,0.5,style_rho0p5,sadg_rho0p05,9,9,19,19,new_training,5,2,3,0.8705754620688302,0.859859756061009,0.2143141148345811,0.0,0.0,0.0,0.0,0.0,0.0,0.0,0.0,0.0,0.0,0.8004346234457833,0.8696599389825549,0.05000000000000001,14,23|31|224|171|180,56,all_filtered,9,True,D:\Running_Place\PostGraduateProjects\Experiments\PostGraduate\backbones\DisperssionWithSADG_ConstraintStyleRegularization\Seg-SADG\BaryFixedCos\a0p08\rho0p5\gb8\sadg0p05\nocons\shot5\Seed2,D:\Running_Place\PostGraduateProjects\Experiments\PostGraduate\backbones\Prompts\Seg-SADG\BaryFixedCos\a0p08\rho0p5\gb8\sadg0p05\nocons\shot5\Seed2
Seg-SADG,Seg-SADG,Seg-SADG,LF-Barycenter-Fixed-Cosine,fixed,cosine,fixed,8,1.0,0.5,0.5,0.5,0.5|0.5|0.5|0.5|0.5|0.5|0.5|0.5,0.08,0.5,0.05,0.05,0.5,0.0001,0.001,0.001,0.01,0.01,1e-06,0.5,style_rho0p5,sadg_rho0p05,9,9,19,19,new_training,5,2,4,0.7887440068381173,0.7807543320315224,0.1597935344491686,0.0,0.0,0.0,0.0,0.0,0.0,0.0,0.0,0.0,0.0,0.7384832160813468,0.7773386325154986,0.05000000000000001,14,23|31|224|171|180,56,all_filtered,9,True,D:\Running_Place\PostGraduateProjects\Experiments\PostGraduate\backbones\DisperssionWithSADG_ConstraintStyleRegularization\Seg-SADG\BaryFixedCos\a0p08\rho0p5\gb8\sadg0p05\nocons\shot5\Seed2,D:\Running_Place\PostGraduateProjects\Experiments\PostGraduate\backbones\Prompts\Seg-SADG\BaryFixedCos\a0p08\rho0p5\gb8\sadg0p05\nocons\shot5\Seed2
Seg-SADG,Seg-SADG,Seg-SADG,LF-Barycenter-Fixed-Cosine,fixed,cosine,fixed,8,1.0,0.5,0.5,0.5,0.5|0.5|0.5|0.5|0.5|0.5|0.5|0.5,0.08,0.5,0.05,0.05,0.5,0.0001,0.001,0.001,0.01,0.01,1e-06,0.5,style_rho0p5,sadg_rho0p05,9,9,19,19,new_training,5,2,5,0.7119962913649422,0.7051130490643638,0.13766469433903694,0.0,0.0,0.0,0.0,0.0,0.0,0.0,0.0,0.0,0.0,0.6608862110546657,0.7623800167015621,0.05000000000000001,14,23|31|224|171|180,56,all_filtered,9,True,D:\Running_Place\PostGraduateProjects\Experiments\PostGraduate\backbones\DisperssionWithSADG_ConstraintStyleRegularization\Seg-SADG\BaryFixedCos\a0p08\rho0p5\gb8\sadg0p05\nocons\shot5\Seed2,D:\Running_Place\PostGraduateProjects\Experiments\PostGraduate\backbones\Prompts\Seg-SADG\BaryFixedCos\a0p08\rho0p5\gb8\sadg0p05\nocons\shot5\Seed2
Seg-SADG,Seg-SADG,Seg-SADG,LF-Barycenter-Fixed-Cosine,fixed,cosine,fixed,8,1.0,0.5,0.5,0.5,0.5|0.5|0.5|0.5|0.5|0.5|0.5|0.5,0.08,0.5,0.05,0.05,0.5,0.0001,0.001,0.001,0.01,0.01,1e-06,0.5,style_rho0p5,sadg_rho0p05,9,9,19,19,new_training,5,2,6,0.6442062897341592,0.6396446781499046,0.091232405975461,0.0,0.0,0.0,0.0,0.0,0.0,0.0,0.0,0.0,0.0,0.6018160326140267,0.7019913920334407,0.05000000000000001,14,23|31|224|171|180,56,all_filtered,9,True,D:\Running_Place\PostGraduateProjects\Experiments\PostGraduate\backbones\DisperssionWithSADG_ConstraintStyleRegularization\Seg-SADG\BaryFixedCos\a0p08\rho0p5\gb8\sadg0p05\nocons\shot5\Seed2,D:\Running_Place\PostGraduateProjects\Experiments\PostGraduate\backbones\Prompts\Seg-SADG\BaryFixedCos\a0p08\rho0p5\gb8\sadg0p05\nocons\shot5\Seed2
Seg-SADG,Seg-SADG,Seg-SADG,LF-Barycenter-Fixed-Cosine,fixed,cosine,fixed,8,1.0,0.5,0.5,0.5,0.5|0.5|0.5|0.5|0.5|0.5|0.5|0.5,0.08,0.5,0.05,0.05,0.5,0.0001,0.001,0.001,0.01,0.01,1e-06,0.5,style_rho0p5,sadg_rho0p05,9,9,19,19,new_training,5,2,7,0.5778253078460693,0.5752370314938682,0.05176551826298237,0.0,0.0,0.0,0.0,0.0,0.0,0.0,0.0,0.0,0.0,0.5372195073536464,0.683541647025517,0.05000000000000001,14,23|31|224|171|180,56,all_filtered,9,True,D:\Running_Place\PostGraduateProjects\Experiments\PostGraduate\backbones\DisperssionWithSADG_ConstraintStyleRegularization\Seg-SADG\BaryFixedCos\a0p08\rho0p5\gb8\sadg0p05\nocons\shot5\Seed2,D:\Running_Place\PostGraduateProjects\Experiments\PostGraduate\backbones\Prompts\Seg-SADG\BaryFixedCos\a0p08\rho0p5\gb8\sadg0p05\nocons\shot5\Seed2
Seg-SADG,Seg-SADG,Seg-SADG,LF-Barycenter-Fixed-Cosine,fixed,cosine,fixed,8,1.0,0.5,0.5,0.5,0.5|0.5|0.5|0.5|0.5|0.5|0.5|0.5,0.08,0.5,0.05,0.05,0.5,0.0001,0.001,0.001,0.01,0.01,1e-06,0.5,style_rho0p5,sadg_rho0p05,9,9,19,19,new_training,5,2,8,0.5281799627201897,0.526113680430821,0.041325660688536506,0.0,0.0,0.0,0.0,0.0,0.0,0.0,0.0,0.0,0.0,0.49005451585565296,0.6360819297177451,0.05000000000000001,14,23|31|224|171|180,56,all_filtered,9,True,D:\Running_Place\PostGraduateProjects\Experiments\PostGraduate\backbones\DisperssionWithSADG_ConstraintStyleRegularization\Seg-SADG\BaryFixedCos\a0p08\rho0p5\gb8\sadg0p05\nocons\shot5\Seed2,D:\Running_Place\PostGraduateProjects\Experiments\PostGraduate\backbones\Prompts\Seg-SADG\BaryFixedCos\a0p08\rho0p5\gb8\sadg0p05\nocons\shot5\Seed2
Seg-SADG,Seg-SADG,Seg-SADG,LF-Barycenter-Fixed-Cosine,fixed,cosine,fixed,8,1.0,0.5,0.5,0.5,0.5|0.5|0.5|0.5|0.5|0.5|0.5|0.5,0.08,0.5,0.05,0.05,0.5,0.0001,0.001,0.001,0.01,0.01,1e-06,0.5,style_rho0p5,sadg_rho0p05,9,9,19,19,new_training,5,2,9,0.4993573022740228,0.4976407949413572,0.03433006749089275,0.0,0.0,0.0,0.0,0.0,0.0,0.0,0.0,0.0,0.0,0.46515712567738127,0.6149060555866787,0.05000000000000001,14,23|31|224|171|180,56,all_filtered,9,True,D:\Running_Place\PostGraduateProjects\Experiments\PostGraduate\backbones\DisperssionWithSADG_ConstraintStyleRegularization\Seg-SADG\BaryFixedCos\a0p08\rho0p5\gb8\sadg0p05\nocons\shot5\Seed2,D:\Running_Place\PostGraduateProjects\Experiments\PostGraduate\backbones\Prompts\Seg-SADG\BaryFixedCos\a0p08\rho0p5\gb8\sadg0p05\nocons\shot5\Seed2
Seg-SADG,Seg-SADG,Seg-SADG,LF-Barycenter-Fixed-Cosine,fixed,cosine,fixed,8,1.0,0.5,0.5,0.5,0.5|0.5|0.5|0.5|0.5|0.5|0.5|0.5,0.08,0.5,0.05,0.05,0.5,0.0001,0.001,0.001,0.01,0.01,1e-06,0.5,style_rho0p5,sadg_rho0p05,9,9,19,19,new_training,5,2,10,0.46451807234968456,0.46303477244717733,0.02966601201998336,0.0,0.0,0.0,0.0,0.0,0.0,0.0,0.0,0.0,0.0,0.4295762138707297,0.6161702743598393,0.05000000000000001,14,23|31|224|171|180,56,all_filtered,9,True,D:\Running_Place\PostGraduateProjects\Experiments\PostGraduate\backbones\DisperssionWithSADG_ConstraintStyleRegularization\Seg-SADG\BaryFixedCos\a0p08\rho0p5\gb8\sadg0p05\nocons\shot5\Seed2,D:\Running_Place\PostGraduateProjects\Experiments\PostGraduate\backbones\Prompts\Seg-SADG\BaryFixedCos\a0p08\rho0p5\gb8\sadg0p05\nocons\shot5\Seed2
Seg-SADG,Seg-SADG,Seg-SADG,LF-Barycenter-Fixed-Cosine,fixed,cosine,fixed,8,1.0,0.5,0.5,0.5,0.5|0.5|0.5|0.5|0.5|0.5|0.5|0.5,0.08,0.5,0.05,0.05,0.5,0.0001,0.001,0.001,0.01,0.01,1e-06,0.5,style_rho0p5,sadg_rho0p05,9,9,19,19,new_training,5,2,11,0.42905629745551516,0.42796315465654644,0.021862910262175968,0.0,0.0,0.0,0.0,0.0,0.0,0.0,0.0,0.0,0.0,0.3966845933880125,0.571922996214458,0.05000000000000001,14,23|31|224|171|180,56,all_filtered,9,True,D:\Running_Place\PostGraduateProjects\Experiments\PostGraduate\backbones\DisperssionWithSADG_ConstraintStyleRegularization\Seg-SADG\BaryFixedCos\a0p08\rho0p5\gb8\sadg0p05\nocons\shot5\Seed2,D:\Running_Place\PostGraduateProjects\Experiments\PostGraduate\backbones\Prompts\Seg-SADG\BaryFixedCos\a0p08\rho0p5\gb8\sadg0p05\nocons\shot5\Seed2
Seg-SADG,Seg-SADG,Seg-SADG,LF-Barycenter-Fixed-Cosine,fixed,cosine,fixed,8,1.0,0.5,0.5,0.5,0.5|0.5|0.5|0.5|0.5|0.5|0.5|0.5,0.08,0.5,0.05,0.05,0.5,0.0001,0.001,0.001,0.01,0.01,1e-06,0.5,style_rho0p5,sadg_rho0p05,9,9,19,19,new_training,5,2,12,0.39455798481191906,0.39373532363346647,0.016453307920268605,0.0,0.0,0.0,0.0,0.0,0.0,0.0,0.0,0.0,0.0,0.3646459025996072,0.5318377890757152,0.05000000000000001,14,23|31|224|171|180,56,all_filtered,9,True,D:\Running_Place\PostGraduateProjects\Experiments\PostGraduate\backbones\DisperssionWithSADG_ConstraintStyleRegularization\Seg-SADG\BaryFixedCos\a0p08\rho0p5\gb8\sadg0p05\nocons\shot5\Seed2,D:\Running_Place\PostGraduateProjects\Experiments\PostGraduate\backbones\Prompts\Seg-SADG\BaryFixedCos\a0p08\rho0p5\gb8\sadg0p05\nocons\shot5\Seed2
Seg-SADG,Seg-SADG,Seg-SADG,LF-Barycenter-Fixed-Cosine,fixed,cosine,fixed,8,1.0,0.5,0.5,0.5,0.5|0.5|0.5|0.5|0.5|0.5|0.5|0.5,0.08,0.5,0.05,0.05,0.5,0.0001,0.001,0.001,0.01,0.01,1e-06,0.5,style_rho0p5,sadg_rho0p05,9,9,19,19,new_training,5,2,13,0.3651330385889326,0.3645017168351582,0.012626408499532513,0.0,0.0,0.0,0.0,0.0,0.0,0.0,0.0,0.0,0.0,0.33674659047807964,0.5023295134305954,0.05000000000000001,14,23|31|224|171|180,56,all_filtered,9,True,D:\Running_Place\PostGraduateProjects\Experiments\PostGraduate\backbones\DisperssionWithSADG_ConstraintStyleRegularization\Seg-SADG\BaryFixedCos\a0p08\rho0p5\gb8\sadg0p05\nocons\shot5\Seed2,D:\Running_Place\PostGraduateProjects\Experiments\PostGraduate\backbones\Prompts\Seg-SADG\BaryFixedCos\a0p08\rho0p5\gb8\sadg0p05\nocons\shot5\Seed2
Seg-SADG,Seg-SADG,Seg-SADG,LF-Barycenter-Fixed-Cosine,fixed,cosine,fixed,8,1.0,0.5,0.5,0.5,0.5|0.5|0.5|0.5|0.5|0.5|0.5|0.5,0.08,0.5,0.05,0.05,0.5,0.0001,0.001,0.001,0.01,0.01,1e-06,0.5,style_rho0p5,sadg_rho0p05,9,9,19,19,new_training,5,2,14,0.35108146497181486,0.35031598806381226,0.015309506827699286,0.0,0.0,0.0,0.0,0.0,0.0,0.0,0.0,0.0,0.0,0.3194122186728886,0.5514277070760727,0.05000000000000001,14,23|31|224|171|180,56,all_filtered,9,True,D:\Running_Place\PostGraduateProjects\Experiments\PostGraduate\backbones\DisperssionWithSADG_ConstraintStyleRegularization\Seg-SADG\BaryFixedCos\a0p08\rho0p5\gb8\sadg0p05\nocons\shot5\Seed2,D:\Running_Place\PostGraduateProjects\Experiments\PostGraduate\backbones\Prompts\Seg-SADG\BaryFixedCos\a0p08\rho0p5\gb8\sadg0p05\nocons\shot5\Seed2
Seg-SADG,Seg-SADG,Seg-SADG,LF-Barycenter-Fixed-Cosine,fixed,cosine,fixed,8,1.0,0.5,0.5,0.5,0.5|0.5|0.5|0.5|0.5|0.5|0.5|0.5,0.08,0.5,0.05,0.05,0.5,0.0001,0.001,0.001,0.01,0.01,1e-06,0.5,style_rho0p5,sadg_rho0p05,9,9,19,19,new_training,5,2,15,0.32246664805071695,0.32184032670089174,0.012526409168328558,0.0,0.0,0.0,0.0,0.0,0.0,0.0,0.0,0.0,0.0,0.29510994042669025,0.4808995702436992,0.05000000000000001,14,23|31|224|171|180,56,all_filtered,9,True,D:\Running_Place\PostGraduateProjects\Experiments\PostGraduate\backbones\DisperssionWithSADG_ConstraintStyleRegularization\Seg-SADG\BaryFixedCos\a0p08\rho0p5\gb8\sadg0p05\nocons\shot5\Seed2,D:\Running_Place\PostGraduateProjects\Experiments\PostGraduate\backbones\Prompts\Seg-SADG\BaryFixedCos\a0p08\rho0p5\gb8\sadg0p05\nocons\shot5\Seed2
Seg-SADG,Seg-SADG,Seg-SADG,LF-Barycenter-Fixed-Cosine,fixed,cosine,fixed,8,1.0,0.5,0.5,0.5,0.5|0.5|0.5|0.5|0.5|0.5|0.5|0.5,0.08,0.5,0.05,0.05,0.5,0.0001,0.001,0.001,0.01,0.01,1e-06,0.5,style_rho0p5,sadg_rho0p05,9,9,19,19,new_training,5,2,16,0.2945915332862309,0.2940410588468824,0.011009483365342021,0.0,0.0,0.0,0.0,0.0,0.0,0.0,0.0,0.0,0.0,0.26842046422617777,0.45365919172763824,0.05000000000000001,14,23|31|224|171|180,56,all_filtered,9,True,D:\Running_Place\PostGraduateProjects\Experiments\PostGraduate\backbones\DisperssionWithSADG_ConstraintStyleRegularization\Seg-SADG\BaryFixedCos\a0p08\rho0p5\gb8\sadg0p05\nocons\shot5\Seed2,D:\Running_Place\PostGraduateProjects\Experiments\PostGraduate\backbones\Prompts\Seg-SADG\BaryFixedCos\a0p08\rho0p5\gb8\sadg0p05\nocons\shot5\Seed2
Seg-SADG,Seg-SADG,Seg-SADG,LF-Barycenter-Fixed-Cosine,fixed,cosine,fixed,8,1.0,0.5,0.5,0.5,0.5|0.5|0.5|0.5|0.5|0.5|0.5|0.5,0.08,0.5,0.05,0.05,0.5,0.0001,0.001,0.001,0.01,0.01,1e-06,0.5,style_rho0p5,sadg_rho0p05,9,9,19,19,new_training,5,2,17,0.27699508730854305,0.27651533271585194,0.009595113340765238,0.0,0.0,0.0,0.0,0.0,0.0,0.0,0.0,0.0,0.0,0.2517252787947655,0.4360708232436861,0.05000000000000001,14,23|31|224|171|180,56,all_filtered,9,True,D:\Running_Place\PostGraduateProjects\Experiments\PostGraduate\backbones\DisperssionWithSADG_ConstraintStyleRegularization\Seg-SADG\BaryFixedCos\a0p08\rho0p5\gb8\sadg0p05\nocons\shot5\Seed2,D:\Running_Place\PostGraduateProjects\Experiments\PostGraduate\backbones\Prompts\Seg-SADG\BaryFixedCos\a0p08\rho0p5\gb8\sadg0p05\nocons\shot5\Seed2
Seg-SADG,Seg-SADG,Seg-SADG,LF-Barycenter-Fixed-Cosine,fixed,cosine,fixed,8,1.0,0.5,0.5,0.5,0.5|0.5|0.5|0.5|0.5|0.5|0.5|0.5,0.08,0.5,0.05,0.05,0.5,0.0001,0.001,0.001,0.01,0.01,1e-06,0.5,style_rho0p5,sadg_rho0p05,9,9,19,19,new_training,5,2,18,0.2559804192611149,0.25549379949058804,0.009732369666120835,0.0,0.0,0.0,0.0,0.0,0.0,0.0,0.0,0.0,0.0,0.23323490470647812,0.3905694718871798,0.05000000000000001,14,23|31|224|171|180,56,all_filtered,9,True,D:\Running_Place\PostGraduateProjects\Experiments\PostGraduate\backbones\DisperssionWithSADG_ConstraintStyleRegularization\Seg-SADG\BaryFixedCos\a0p08\rho0p5\gb8\sadg0p05\nocons\shot5\Seed2,D:\Running_Place\PostGraduateProjects\Experiments\PostGraduate\backbones\Prompts\Seg-SADG\BaryFixedCos\a0p08\rho0p5\gb8\sadg0p05\nocons\shot5\Seed2
Seg-SADG,Seg-SADG,Seg-SADG,LF-Barycenter-Fixed-Cosine,fixed,cosine,fixed,8,1.0,0.5,0.5,0.5,0.5|0.5|0.5|0.5|0.5|0.5|0.5|0.5,0.08,0.5,0.05,0.05,0.5,0.0001,0.001,0.001,0.01,0.01,1e-06,0.5,style_rho0p5,sadg_rho0p05,9,9,19,19,new_training,5,2,19,0.24097353432859694,0.2405799095119749,0.007872477473158921,0.0,0.0,0.0,0.0,0.0,0.0,0.0,0.0,0.0,0.0,0.21994258569819586,0.3663341573306492,0.05000000000000001,14,23|31|224|171|180,56,all_filtered,9,True,D:\Running_Place\PostGraduateProjects\Experiments\PostGraduate\backbones\DisperssionWithSADG_ConstraintStyleRegularization\Seg-SADG\BaryFixedCos\a0p08\rho0p5\gb8\sadg0p05\nocons\shot5\Seed2,D:\Running_Place\PostGraduateProjects\Experiments\PostGraduate\backbones\Prompts\Seg-SADG\BaryFixedCos\a0p08\rho0p5\gb8\sadg0p05\nocons\shot5\Seed2
Seg-SADG,Seg-SADG,Seg-SADG,LF-Barycenter-Fixed-Cosine,fixed,cosine,fixed,8,1.0,0.5,0.5,0.5,0.5|0.5|0.5|0.5|0.5|0.5|0.5|0.5,0.08,0.5,0.05,0.05,0.5,0.0001,0.001,0.001,0.01,0.01,1e-06,0.5,style_rho0p5,sadg_rho0p05,9,9,19,19,new_training,5,2,20,0.2262058343206133,0.22581464371510915,0.007823810480268938,0.0,0.0,0.0,0.0,0.0,0.0,0.0,0.0,0.0,0.0,0.205226155264037,0.35592144301959444,0.05000000000000001,14,23|31|224|171|180,56,all_filtered,9,True,D:\Running_Place\PostGraduateProjects\Experiments\PostGraduate\backbones\DisperssionWithSADG_ConstraintStyleRegularization\Seg-SADG\BaryFixedCos\a0p08\rho0p5\gb8\sadg0p05\nocons\shot5\Seed2,D:\Running_Place\PostGraduateProjects\Experiments\PostGraduate\backbones\Prompts\Seg-SADG\BaryFixedCos\a0p08\rho0p5\gb8\sadg0p05\nocons\shot5\Seed2
Seg-SADG,Seg-SADG,Seg-SADG,LF-Barycenter-Fixed-Cosine,fixed,cosine,fixed,8,1.0,0.5,0.5,0.5,0.5|0.5|0.5|0.5|0.5|0.5|0.5|0.5,0.08,0.5,0.05,0.05,0.5,0.0001,0.001,0.001,0.01,0.01,1e-06,0.5,style_rho0p5,sadg_rho0p05,9,9,19,19,new_training,5,2,21,0.2142541887504714,0.2138249831540244,0.008584100121100034,0.0,0.0,0.0,0.0,0.0,0.0,0.0,0.0,0.0,0.0,0.19287953525781631,0.35562646814755033,0.05000000000000001,14,23|31|224|171|180,56,all_filtered,9,True,D:\Running_Place\PostGraduateProjects\Experiments\PostGraduate\backbones\DisperssionWithSADG_ConstraintStyleRegularization\Seg-SADG\BaryFixedCos\a0p08\rho0p5\gb8\sadg0p05\nocons\shot5\Seed2,D:\Running_Place\PostGraduateProjects\Experiments\PostGraduate\backbones\Prompts\Seg-SADG\BaryFixedCos\a0p08\rho0p5\gb8\sadg0p05\nocons\shot5\Seed2
Seg-SADG,Seg-SADG,Seg-SADG,LF-Barycenter-Fixed-Cosine,fixed,cosine,fixed,8,1.0,0.5,0.5,0.5,0.5|0.5|0.5|0.5|0.5|0.5|0.5|0.5,0.08,0.5,0.05,0.05,0.5,0.0001,0.001,0.001,0.01,0.01,1e-06,0.5,style_rho0p5,sadg_rho0p05,9,9,19,19,new_training,5,2,22,0.20449940328087127,0.20406392216682434,0.008709631228287305,0.0,0.0,0.0,0.0,0.0,0.0,0.0,0.0,0.0,0.0,0.18423134514263698,0.33057584932872225,0.05000000000000001,14,23|31|224|171|180,56,all_filtered,9,True,D:\Running_Place\PostGraduateProjects\Experiments\PostGraduate\backbones\DisperssionWithSADG_ConstraintStyleRegularization\Seg-SADG\BaryFixedCos\a0p08\rho0p5\gb8\sadg0p05\nocons\shot5\Seed2,D:\Running_Place\PostGraduateProjects\Experiments\PostGraduate\backbones\Prompts\Seg-SADG\BaryFixedCos\a0p08\rho0p5\gb8\sadg0p05\nocons\shot5\Seed2
Seg-SADG,Seg-SADG,Seg-SADG,LF-Barycenter-Fixed-Cosine,fixed,cosine,fixed,8,1.0,0.5,0.5,0.5,0.5|0.5|0.5|0.5|0.5|0.5|0.5|0.5,0.08,0.5,0.05,0.05,0.5,0.0001,0.001,0.001,0.01,0.01,1e-06,0.5,style_rho0p5,sadg_rho0p05,9,9,19,19,new_training,5,2,23,0.20453726074525289,0.20409612676927022,0.008822672102334244,0.0,0.0,0.0,0.0,0.0,0.0,0.0,0.0,0.0,0.0,0.18022333617721284,0.3733647359269006,0.05000000000000001,14,23|31|224|171|180,56,all_filtered,9,True,D:\Running_Place\PostGraduateProjects\Experiments\PostGraduate\backbones\DisperssionWithSADG_ConstraintStyleRegularization\Seg-SADG\BaryFixedCos\a0p08\rho0p5\gb8\sadg0p05\nocons\shot5\Seed2,D:\Running_Place\PostGraduateProjects\Experiments\PostGraduate\backbones\Prompts\Seg-SADG\BaryFixedCos\a0p08\rho0p5\gb8\sadg0p05\nocons\shot5\Seed2
Seg-SADG,Seg-SADG,Seg-SADG,LF-Barycenter-Fixed-Cosine,fixed,cosine,fixed,8,1.0,0.5,0.5,0.5,0.5|0.5|0.5|0.5|0.5|0.5|0.5|0.5,0.08,0.5,0.05,0.05,0.5,0.0001,0.001,0.001,0.01,0.01,1e-06,0.5,style_rho0p5,sadg_rho0p05,9,9,19,19,new_training,5,2,24,0.19751249147312983,0.19706658593245915,0.00891809385003788,0.0,0.0,0.0,0.0,0.0,0.0,0.0,0.0,0.0,0.0,0.17752885073423386,0.32807654568127226,0.05000000000000001,14,23|31|224|171|180,56,all_filtered,9,True,D:\Running_Place\PostGraduateProjects\Experiments\PostGraduate\backbones\DisperssionWithSADG_ConstraintStyleRegularization\Seg-SADG\BaryFixedCos\a0p08\rho0p5\gb8\sadg0p05\nocons\shot5\Seed2,D:\Running_Place\PostGraduateProjects\Experiments\PostGraduate\backbones\Prompts\Seg-SADG\BaryFixedCos\a0p08\rho0p5\gb8\sadg0p05\nocons\shot5\Seed2
Seg-SADG,Seg-SADG,Seg-SADG,LF-Barycenter-Fixed-Cosine,fixed,cosine,fixed,8,1.0,0.5,0.5,0.5,0.5|0.5|0.5|0.5|0.5|0.5|0.5|0.5,0.08,0.5,0.05,0.05,0.5,0.0001,0.001,0.001,0.01,0.01,1e-06,0.5,style_rho0p5,sadg_rho0p05,9,9,19,19,new_training,5,2,25,0.18373623809644155,0.18334901013544627,0.007744562146919114,0.0,0.0,0.0,0.0,0.0,0.0,0.0,0.0,0.0,0.0,0.16511957666703633,0.3040056675672531,0.05000000000000001,14,23|31|224|171|180,56,all_filtered,9,True,D:\Running_Place\PostGraduateProjects\Experiments\PostGraduate\backbones\DisperssionWithSADG_ConstraintStyleRegularization\Seg-SADG\BaryFixedCos\a0p08\rho0p5\gb8\sadg0p05\nocons\shot5\Seed2,D:\Running_Place\PostGraduateProjects\Experiments\PostGraduate\backbones\Prompts\Seg-SADG\BaryFixedCos\a0p08\rho0p5\gb8\sadg0p05\nocons\shot5\Seed2
Seg-SADG,Seg-SADG,Seg-SADG,LF-Barycenter-Fixed-Cosine,fixed,cosine,fixed,8,1.0,0.5,0.5,0.5,0.5|0.5|0.5|0.5|0.5|0.5|0.5|0.5,0.08,0.5,0.05,0.05,0.5,0.0001,0.001,0.001,0.01,0.01,1e-06,0.5,style_rho0p5,sadg_rho0p05,9,9,19,19,new_training,5,2,26,0.1700014312352453,0.16961879283189774,0.0076527103249515805,0.0,0.0,0.0,0.0,0.0,0.0,0.0,0.0,0.0,0.0,0.15369160899094172,0.2673991939851216,0.05000000000000001,14,23|31|224|171|180,56,all_filtered,9,True,D:\Running_Place\PostGraduateProjects\Experiments\PostGraduate\backbones\DisperssionWithSADG_ConstraintStyleRegularization\Seg-SADG\BaryFixedCos\a0p08\rho0p5\gb8\sadg0p05\nocons\shot5\Seed2,D:\Running_Place\PostGraduateProjects\Experiments\PostGraduate\backbones\Prompts\Seg-SADG\BaryFixedCos\a0p08\rho0p5\gb8\sadg0p05\nocons\shot5\Seed2
Seg-SADG,Seg-SADG,Seg-SADG,LF-Barycenter-Fixed-Cosine,fixed,cosine,fixed,8,1.0,0.5,0.5,0.5,0.5|0.5|0.5|0.5|0.5|0.5|0.5|0.5,0.08,0.5,0.05,0.05,0.5,0.0001,0.001,0.001,0.01,0.01,1e-06,0.5,style_rho0p5,sadg_rho0p05,9,9,19,19,new_training,5,2,27,0.16139038439307893,0.16105261551482336,0.006755354864123676,0.0,0.0,0.0,0.0,0.0,0.0,0.0,0.0,0.0,0.0,0.1455150448850223,0.2570773128952299,0.05000000000000001,14,23|31|224|171|180,56,all_filtered,9,True,D:\Running_Place\PostGraduateProjects\Experiments\PostGraduate\backbones\DisperssionWithSADG_ConstraintStyleRegularization\Seg-SADG\BaryFixedCos\a0p08\rho0p5\gb8\sadg0p05\nocons\shot5\Seed2,D:\Running_Place\PostGraduateProjects\Experiments\PostGraduate\backbones\Prompts\Seg-SADG\BaryFixedCos\a0p08\rho0p5\gb8\sadg0p05\nocons\shot5\Seed2
Seg-SADG,Seg-SADG,Seg-SADG,LF-Barycenter-Fixed-Cosine,fixed,cosine,fixed,8,1.0,0.5,0.5,0.5,0.5|0.5|0.5|0.5|0.5|0.5|0.5|0.5,0.08,0.5,0.05,0.05,0.5,0.0001,0.001,0.001,0.01,0.01,1e-06,0.5,style_rho0p5,sadg_rho0p05,9,9,19,19,new_training,5,2,28,0.16023525489228113,0.15982657883848464,0.008173514789502536,0.0,0.0,0.0,0.0,0.0,0.0,0.0,0.0,0.0,0.0,0.1425964811018535,0.2805368261677878,0.05000000000000001,14,23|31|224|171|180,56,all_filtered,9,True,D:\Running_Place\PostGraduateProjects\Experiments\PostGraduate\backbones\DisperssionWithSADG_ConstraintStyleRegularization\Seg-SADG\BaryFixedCos\a0p08\rho0p5\gb8\sadg0p05\nocons\shot5\Seed2,D:\Running_Place\PostGraduateProjects\Experiments\PostGraduate\backbones\Prompts\Seg-SADG\BaryFixedCos\a0p08\rho0p5\gb8\sadg0p05\nocons\shot5\Seed2
Seg-SADG,Seg-SADG,Seg-SADG,LF-Barycenter-Fixed-Cosine,fixed,cosine,fixed,8,1.0,0.5,0.5,0.5,0.5|0.5|0.5|0.5|0.5|0.5|0.5|0.5,0.08,0.5,0.05,0.05,0.5,0.0001,0.001,0.001,0.01,0.01,1e-06,0.5,style_rho0p5,sadg_rho0p05,9,9,19,19,new_training,5,2,29,0.15614560140030725,0.15565927752426692,0.009726453007065825,0.0,0.0,0.0,0.0,0.0,0.0,0.0,0.0,0.0,0.0,0.1382272637316159,0.28067610412836075,0.05000000000000001,14,23|31|224|171|180,56,all_filtered,9,True,D:\Running_Place\PostGraduateProjects\Experiments\PostGraduate\backbones\DisperssionWithSADG_ConstraintStyleRegularization\Seg-SADG\BaryFixedCos\a0p08\rho0p5\gb8\sadg0p05\nocons\shot5\Seed2,D:\Running_Place\PostGraduateProjects\Experiments\PostGraduate\backbones\Prompts\Seg-SADG\BaryFixedCos\a0p08\rho0p5\gb8\sadg0p05\nocons\shot5\Seed2
Seg-SADG,Seg-SADG,Seg-SADG,LF-Barycenter-Fixed-Cosine,fixed,cosine,fixed,8,1.0,0.5,0.5,0.5,0.5|0.5|0.5|0.5|0.5|0.5|0.5|0.5,0.08,0.5,0.05,0.05,0.5,0.0001,0.001,0.001,0.01,0.01,1e-06,0.5,style_rho0p5,sadg_rho0p05,9,9,19,19,new_training,5,2,30,0.15028989208596094,0.14993849928889955,0.00702785753778049,0.0,0.0,0.0,0.0,0.0,0.0,0.0,0.0,0.0,0.0,0.1334183391715799,0.26723823909248623,0.05000000000000001,14,23|31|224|171|180,56,all_filtered,9,True,D:\Running_Place\PostGraduateProjects\Experiments\PostGraduate\backbones\DisperssionWithSADG_ConstraintStyleRegularization\Seg-SADG\BaryFixedCos\a0p08\rho0p5\gb8\sadg0p05\nocons\shot5\Seed2,D:\Running_Place\PostGraduateProjects\Experiments\PostGraduate\backbones\Prompts\Seg-SADG\BaryFixedCos\a0p08\rho0p5\gb8\sadg0p05\nocons\shot5\Seed2
Seg-SADG,Seg-SADG,Seg-SADG,LF-Barycenter-Fixed-Cosine,fixed,cosine,fixed,8,1.0,0.5,0.5,0.5,0.5|0.5|0.5|0.5|0.5|0.5|0.5|0.5,0.08,0.5,0.05,0.05,0.5,0.0001,0.001,0.001,0.01,0.01,1e-06,0.5,style_rho0p5,sadg_rho0p05,9,9,19,19,new_training,5,2,31,0.1431563166635377,0.14276964962482452,0.007733339344018272,0.0,0.0,0.0,0.0,0.0,0.0,0.0,0.0,0.0,0.0,0.12831066389169013,0.23439574241638184,0.05000000000000001,14,23|31|224|171|180,56,all_filtered,9,True,D:\Running_Place\PostGraduateProjects\Experiments\PostGraduate\backbones\DisperssionWithSADG_ConstraintStyleRegularization\Seg-SADG\BaryFixedCos\a0p08\rho0p5\gb8\sadg0p05\nocons\shot5\Seed2,D:\Running_Place\PostGraduateProjects\Experiments\PostGraduate\backbones\Prompts\Seg-SADG\BaryFixedCos\a0p08\rho0p5\gb8\sadg0p05\nocons\shot5\Seed2
Seg-SADG,Seg-SADG,Seg-SADG,LF-Barycenter-Fixed-Cosine,fixed,cosine,fixed,8,1.0,0.5,0.5,0.5,0.5|0.5|0.5|0.5|0.5|0.5|0.5|0.5,0.08,0.5,0.05,0.05,0.5,0.0001,0.001,0.001,0.01,0.01,1e-06,0.5,style_rho0p5,sadg_rho0p05,9,9,19,19,new_training,5,2,32,0.13761199318936893,0.13725762973938668,0.007087235804647207,0.0,0.0,0.0,0.0,0.0,0.0,0.0,0.0,0.0,0.0,0.12340489189539637,0.22433229855128697,0.05000000000000001,14,23|31|224|171|180,56,all_filtered,9,True,D:\Running_Place\PostGraduateProjects\Experiments\PostGraduate\backbones\DisperssionWithSADG_ConstraintStyleRegularization\Seg-SADG\BaryFixedCos\a0p08\rho0p5\gb8\sadg0p05\nocons\shot5\Seed2,D:\Running_Place\PostGraduateProjects\Experiments\PostGraduate\backbones\Prompts\Seg-SADG\BaryFixedCos\a0p08\rho0p5\gb8\sadg0p05\nocons\shot5\Seed2
Seg-SADG,Seg-SADG,Seg-SADG,LF-Barycenter-Fixed-Cosine,fixed,cosine,fixed,8,1.0,0.5,0.5,0.5,0.5|0.5|0.5|0.5|0.5|0.5|0.5|0.5,0.08,0.5,0.05,0.05,0.5,0.0001,0.001,0.001,0.01,0.01,1e-06,0.5,style_rho0p5,sadg_rho0p05,9,9,19,19,new_training,5,2,33,0.13379432473863875,0.1333998143672943,0.007890207559934683,0.0,0.0,0.0,0.0,0.0,0.0,0.0,0.0,0.0,0.0,0.11909209511109761,0.2253129780292511,0.05000000000000001,14,23|31|224|171|180,56,all_filtered,9,True,D:\Running_Place\PostGraduateProjects\Experiments\PostGraduate\backbones\DisperssionWithSADG_ConstraintStyleRegularization\Seg-SADG\BaryFixedCos\a0p08\rho0p5\gb8\sadg0p05\nocons\shot5\Seed2,D:\Running_Place\PostGraduateProjects\Experiments\PostGraduate\backbones\Prompts\Seg-SADG\BaryFixedCos\a0p08\rho0p5\gb8\sadg0p05\nocons\shot5\Seed2
Seg-SADG,Seg-SADG,Seg-SADG,LF-Barycenter-Fixed-Cosine,fixed,cosine,fixed,8,1.0,0.5,0.5,0.5,0.5|0.5|0.5|0.5|0.5|0.5|0.5|0.5,0.08,0.5,0.05,0.05,0.5,0.0001,0.001,0.001,0.01,0.01,1e-06,0.5,style_rho0p5,sadg_rho0p05,9,9,19,19,new_training,5,2,34,0.12951641263706343,0.12915924510785512,0.0071433423020477805,0.0,0.0,0.0,0.0,0.0,0.0,0.0,0.0,0.0,0.0,0.11584776267409325,0.2205054068139621,0.05000000000000001,14,23|31|224|171|180,56,all_filtered,9,True,D:\Running_Place\PostGraduateProjects\Experiments\PostGraduate\backbones\DisperssionWithSADG_ConstraintStyleRegularization\Seg-SADG\BaryFixedCos\a0p08\rho0p5\gb8\sadg0p05\nocons\shot5\Seed2,D:\Running_Place\PostGraduateProjects\Experiments\PostGraduate\backbones\Prompts\Seg-SADG\BaryFixedCos\a0p08\rho0p5\gb8\sadg0p05\nocons\shot5\Seed2
Seg-SADG,Seg-SADG,Seg-SADG,LF-Barycenter-Fixed-Cosine,fixed,cosine,fixed,8,1.0,0.5,0.5,0.5,0.5|0.5|0.5|0.5|0.5|0.5|0.5|0.5,0.08,0.5,0.05,0.05,0.5,0.0001,0.001,0.001,0.01,0.01,1e-06,0.5,style_rho0p5,sadg_rho0p05,9,9,19,19,new_training,5,2,35,0.1256574903215681,0.12526982171194895,0.007753393812371152,0.0,0.0,0.0,0.0,0.0,0.0,0.0,0.0,0.0,0.0,0.11255558686597007,0.2104940116405487,0.05000000000000001,14,23|31|224|171|180,56,all_filtered,9,True,D:\Running_Place\PostGraduateProjects\Experiments\PostGraduate\backbones\DisperssionWithSADG_ConstraintStyleRegularization\Seg-SADG\BaryFixedCos\a0p08\rho0p5\gb8\sadg0p05\nocons\shot5\Seed2,D:\Running_Place\PostGraduateProjects\Experiments\PostGraduate\backbones\Prompts\Seg-SADG\BaryFixedCos\a0p08\rho0p5\gb8\sadg0p05\nocons\shot5\Seed2
Seg-SADG,Seg-SADG,Seg-SADG,LF-Barycenter-Fixed-Cosine,fixed,cosine,fixed,8,1.0,0.5,0.5,0.5,0.5|0.5|0.5|0.5|0.5|0.5|0.5|0.5,0.08,0.5,0.05,0.05,0.5,0.0001,0.001,0.001,0.01,0.01,1e-06,0.5,style_rho0p5,sadg_rho0p05,9,9,19,19,new_training,5,2,36,0.12199537402817182,0.12164113830242838,0.007084720734772938,0.0,0.0,0.0,0.0,0.0,0.0,0.0,0.0,0.0,0.0,0.10854094315852438,0.2070408080305372,0.05000000000000001,14,23|31|224|171|180,56,all_filtered,9,True,D:\Running_Place\PostGraduateProjects\Experiments\PostGraduate\backbones\DisperssionWithSADG_ConstraintStyleRegularization\Seg-SADG\BaryFixedCos\a0p08\rho0p5\gb8\sadg0p05\nocons\shot5\Seed2,D:\Running_Place\PostGraduateProjects\Experiments\PostGraduate\backbones\Prompts\Seg-SADG\BaryFixedCos\a0p08\rho0p5\gb8\sadg0p05\nocons\shot5\Seed2
Seg-SADG,Seg-SADG,Seg-SADG,LF-Barycenter-Fixed-Cosine,fixed,cosine,fixed,8,1.0,0.5,0.5,0.5,0.5|0.5|0.5|0.5|0.5|0.5|0.5|0.5,0.08,0.5,0.05,0.05,0.5,0.0001,0.001,0.001,0.01,0.01,1e-06,0.5,style_rho0p5,sadg_rho0p05,9,9,19,19,new_training,5,2,37,0.12010943091341428,0.11974858013646943,0.007217029242643288,0.0,0.0,0.0,0.0,0.0,0.0,0.0,0.0,0.0,0.0,0.1064874923654965,0.20829603182418005,0.05000000000000001,14,23|31|224|171|180,56,all_filtered,9,True,D:\Running_Place\PostGraduateProjects\Experiments\PostGraduate\backbones\DisperssionWithSADG_ConstraintStyleRegularization\Seg-SADG\BaryFixedCos\a0p08\rho0p5\gb8\sadg0p05\nocons\shot5\Seed2,D:\Running_Place\PostGraduateProjects\Experiments\PostGraduate\backbones\Prompts\Seg-SADG\BaryFixedCos\a0p08\rho0p5\gb8\sadg0p05\nocons\shot5\Seed2
Seg-SADG,Seg-SADG,Seg-SADG,LF-Barycenter-Fixed-Cosine,fixed,cosine,fixed,8,1.0,0.5,0.5,0.5,0.5|0.5|0.5|0.5|0.5|0.5|0.5|0.5,0.08,0.5,0.05,0.05,0.5,0.0001,0.001,0.001,0.01,0.01,1e-06,0.5,style_rho0p5,sadg_rho0p05,9,9,19,19,new_training,5,2,38,0.1262716560491494,0.1258135810494423,0.009161484494273151,0.0,0.0,0.0,0.0,0.0,0.0,0.0,0.0,0.0,0.0,0.11016037581222397,0.25292543534721645,0.05000000000000001,14,23|31|224|171|180,56,all_filtered,9,True,D:\Running_Place\PostGraduateProjects\Experiments\PostGraduate\backbones\DisperssionWithSADG_ConstraintStyleRegularization\Seg-SADG\BaryFixedCos\a0p08\rho0p5\gb8\sadg0p05\nocons\shot5\Seed2,D:\Running_Place\PostGraduateProjects\Experiments\PostGraduate\backbones\Prompts\Seg-SADG\BaryFixedCos\a0p08\rho0p5\gb8\sadg0p05\nocons\shot5\Seed2
Seg-SADG,Seg-SADG,Seg-SADG,LF-Barycenter-Fixed-Cosine,fixed,cosine,fixed,8,1.0,0.5,0.5,0.5,0.5|0.5|0.5|0.5|0.5|0.5|0.5|0.5,0.08,0.5,0.05,0.05,0.5,0.0001,0.001,0.001,0.01,0.01,1e-06,0.5,style_rho0p5,sadg_rho0p05,9,9,19,19,new_training,5,2,39,0.12253042683005333,0.1221004490341459,0.008599537524527736,0.0,0.0,0.0,0.0,0.0,0.0,0.0,0.0,0.0,0.0,0.10702990687319211,0.23688463547400065,0.05000000000000001,14,23|31|224|171|180,56,all_filtered,9,True,D:\Running_Place\PostGraduateProjects\Experiments\PostGraduate\backbones\DisperssionWithSADG_ConstraintStyleRegularization\Seg-SADG\BaryFixedCos\a0p08\rho0p5\gb8\sadg0p05\nocons\shot5\Seed2,D:\Running_Place\PostGraduateProjects\Experiments\PostGraduate\backbones\Prompts\Seg-SADG\BaryFixedCos\a0p08\rho0p5\gb8\sadg0p05\nocons\shot5\Seed2
Seg-SADG,Seg-SADG,Seg-SADG,LF-Barycenter-Fixed-Cosine,fixed,cosine,fixed,8,1.0,0.5,0.5,0.5,0.5|0.5|0.5|0.5|0.5|0.5|0.5|0.5,0.08,0.5,0.05,0.05,0.5,0.0001,0.001,0.001,0.01,0.01,1e-06,0.5,style_rho0p5,sadg_rho0p05,9,9,19,19,new_training,5,2,40,0.11747997626662254,0.11707692007933344,0.008061095207397426,0.0,0.0,0.0,0.0,0.0,0.0,0.0,0.0,0.0,0.0,0.10415003661598478,0.2113867008260318,0.05000000000000001,14,23|31|224|171|180,56,all_filtered,9,True,D:\Running_Place\PostGraduateProjects\Experiments\PostGraduate\backbones\DisperssionWithSADG_ConstraintStyleRegularization\Seg-SADG\BaryFixedCos\a0p08\rho0p5\gb8\sadg0p05\nocons\shot5\Seed2,D:\Running_Place\PostGraduateProjects\Experiments\PostGraduate\backbones\Prompts\Seg-SADG\BaryFixedCos\a0p08\rho0p5\gb8\sadg0p05\nocons\shot5\Seed2
Seg-SADG,Seg-SADG,Seg-SADG,LF-Barycenter-Fixed-Cosine,fixed,cosine,fixed,8,1.0,0.5,0.5,0.5,0.5|0.5|0.5|0.5|0.5|0.5|0.5|0.5,0.08,0.5,0.05,0.05,0.5,0.0001,0.001,0.001,0.01,0.01,1e-06,0.5,style_rho0p5,sadg_rho0p05,9,9,19,19,new_training,5,2,41,0.11358843956674848,0.1131497115961143,0.008774554822593927,0.0,0.0,0.0,0.0,0.0,0.0,0.0,0.0,0.0,0.0,0.09988129405038697,0.20910864536251342,0.05000000000000001,14,23|31|224|171|180,56,all_filtered,9,True,D:\Running_Place\PostGraduateProjects\Experiments\PostGraduate\backbones\DisperssionWithSADG_ConstraintStyleRegularization\Seg-SADG\BaryFixedCos\a0p08\rho0p5\gb8\sadg0p05\nocons\shot5\Seed2,D:\Running_Place\PostGraduateProjects\Experiments\PostGraduate\backbones\Prompts\Seg-SADG\BaryFixedCos\a0p08\rho0p5\gb8\sadg0p05\nocons\shot5\Seed2
Seg-SADG,Seg-SADG,Seg-SADG,LF-Barycenter-Fixed-Cosine,fixed,cosine,fixed,8,1.0,0.5,0.5,0.5,0.5|0.5|0.5|0.5|0.5|0.5|0.5|0.5,0.08,0.5,0.05,0.05,0.5,0.0001,0.001,0.001,0.01,0.01,1e-06,0.5,style_rho0p5,sadg_rho0p05,9,9,19,19,new_training,5,2,42,0.11197081474321229,0.11155229700463158,0.008370365415300642,0.0,0.0,0.0,0.0,0.0,0.0,0.0,0.0,0.0,0.0,0.09866566477077347,0.19966242143086024,0.05000000000000001,14,23|31|224|171|180,56,all_filtered,9,True,D:\Running_Place\PostGraduateProjects\Experiments\PostGraduate\backbones\DisperssionWithSADG_ConstraintStyleRegularization\Seg-SADG\BaryFixedCos\a0p08\rho0p5\gb8\sadg0p05\nocons\shot5\Seed2,D:\Running_Place\PostGraduateProjects\Experiments\PostGraduate\backbones\Prompts\Seg-SADG\BaryFixedCos\a0p08\rho0p5\gb8\sadg0p05\nocons\shot5\Seed2
Seg-SADG,Seg-SADG,Seg-SADG,LF-Barycenter-Fixed-Cosine,fixed,cosine,fixed,8,1.0,0.5,0.5,0.5,0.5|0.5|0.5|0.5|0.5|0.5|0.5|0.5,0.08,0.5,0.05,0.05,0.5,0.0001,0.001,0.001,0.01,0.01,1e-06,0.5,style_rho0p5,sadg_rho0p05,9,9,19,19,new_training,5,2,43,0.10766558987753731,0.10733039411050933,0.006703921327633517,0.0,0.0,0.0,0.0,0.0,0.0,0.0,0.0,0.0,0.0,0.09512969691838537,0.19537656541381562,0.05000000000000001,14,23|31|224|171|180,56,all_filtered,9,True,D:\Running_Place\PostGraduateProjects\Experiments\PostGraduate\backbones\DisperssionWithSADG_ConstraintStyleRegularization\Seg-SADG\BaryFixedCos\a0p08\rho0p5\gb8\sadg0p05\nocons\shot5\Seed2,D:\Running_Place\PostGraduateProjects\Experiments\PostGraduate\backbones\Prompts\Seg-SADG\BaryFixedCos\a0p08\rho0p5\gb8\sadg0p05\nocons\shot5\Seed2
Seg-SADG,Seg-SADG,Seg-SADG,LF-Barycenter-Fixed-Cosine,fixed,cosine,fixed,8,1.0,0.5,0.5,0.5,0.5|0.5|0.5|0.5|0.5|0.5|0.5|0.5,0.08,0.5,0.05,0.05,0.5,0.0001,0.001,0.001,0.01,0.01,1e-06,0.5,style_rho0p5,sadg_rho0p05,9,9,19,19,new_training,5,2,44,0.10511839283364159,0.10473113666687693,0.007745125464030674,0.0,0.0,0.0,0.0,0.0,0.0,0.0,0.0,0.0,0.0,0.09295974884714399,0.1883398454104151,0.05000000000000001,14,23|31|224|171|180,56,all_filtered,9,True,D:\Running_Place\PostGraduateProjects\Experiments\PostGraduate\backbones\DisperssionWithSADG_ConstraintStyleRegularization\Seg-SADG\BaryFixedCos\a0p08\rho0p5\gb8\sadg0p05\nocons\shot5\Seed2,D:\Running_Place\PostGraduateProjects\Experiments\PostGraduate\backbones\Prompts\Seg-SADG\BaryFixedCos\a0p08\rho0p5\gb8\sadg0p05\nocons\shot5\Seed2
Seg-SADG,Seg-SADG,Seg-SADG,LF-Barycenter-Fixed-Cosine,fixed,cosine,fixed,8,1.0,0.5,0.5,0.5,0.5|0.5|0.5|0.5|0.5|0.5|0.5|0.5,0.08,0.5,0.05,0.05,0.5,0.0001,0.001,0.001,0.01,0.01,1e-06,0.5,style_rho0p5,sadg_rho0p05,9,9,19,19,new_training,5,2,45,0.0984035384442125,0.09806248385991369,0.006821092417729753,0.0,0.0,0.0,0.0,0.0,0.0,0.0,0.0,0.0,0.0,0.08859629556536674,0.1520834799323763,0.05000000000000001,14,23|31|224|171|180,56,all_filtered,9,True,D:\Running_Place\PostGraduateProjects\Experiments\PostGraduate\backbones\DisperssionWithSADG_ConstraintStyleRegularization\Seg-SADG\BaryFixedCos\a0p08\rho0p5\gb8\sadg0p05\nocons\shot5\Seed2,D:\Running_Place\PostGraduateProjects\Experiments\PostGraduate\backbones\Prompts\Seg-SADG\BaryFixedCos\a0p08\rho0p5\gb8\sadg0p05\nocons\shot5\Seed2
Seg-SADG,Seg-SADG,Seg-SADG,LF-Barycenter-Fixed-Cosine,fixed,cosine,fixed,8,1.0,0.5,0.5,0.5,0.5|0.5|0.5|0.5|0.5|0.5|0.5|0.5,0.08,0.5,0.05,0.05,0.5,0.0001,0.001,0.001,0.01,0.01,1e-06,0.5,style_rho0p5,sadg_rho0p05,9,9,19,19,new_training,5,2,46,0.09904504673821586,0.09867825731635094,0.007335784911577191,0.0,0.0,0.0,0.0,0.0,0.0,0.0,0.0,0.0,0.0,0.08713340599622045,0.18262094844664847,0.05000000000000001,14,23|31|224|171|180,56,all_filtered,9,True,D:\Running_Place\PostGraduateProjects\Experiments\PostGraduate\backbones\DisperssionWithSADG_ConstraintStyleRegularization\Seg-SADG\BaryFixedCos\a0p08\rho0p5\gb8\sadg0p05\nocons\shot5\Seed2,D:\Running_Place\PostGraduateProjects\Experiments\PostGraduate\backbones\Prompts\Seg-SADG\BaryFixedCos\a0p08\rho0p5\gb8\sadg0p05\nocons\shot5\Seed2
Seg-SADG,Seg-SADG,Seg-SADG,LF-Barycenter-Fixed-Cosine,fixed,cosine,fixed,8,1.0,0.5,0.5,0.5,0.5|0.5|0.5|0.5|0.5|0.5|0.5|0.5,0.08,0.5,0.05,0.05,0.5,0.0001,0.001,0.001,0.01,0.01,1e-06,0.5,style_rho0p5,sadg_rho0p05,9,9,19,19,new_training,5,2,47,0.10186680406332016,0.1014556490949222,0.008223088957103235,0.0,0.0,0.0,0.0,0.0,0.0,0.0,0.0,0.0,0.0,0.0881274619272777,0.20496653552566255,0.05000000000000001,14,23|31|224|171|180,56,all_filtered,9,True,D:\Running_Place\PostGraduateProjects\Experiments\PostGraduate\backbones\DisperssionWithSADG_ConstraintStyleRegularization\Seg-SADG\BaryFixedCos\a0p08\rho0p5\gb8\sadg0p05\nocons\shot5\Seed2,D:\Running_Place\PostGraduateProjects\Experiments\PostGraduate\backbones\Prompts\Seg-SADG\BaryFixedCos\a0p08\rho0p5\gb8\sadg0p05\nocons\shot5\Seed2
Seg-SADG,Seg-SADG,Seg-SADG,LF-Barycenter-Fixed-Cosine,fixed,cosine,fixed,8,1.0,0.5,0.5,0.5,0.5|0.5|0.5|0.5|0.5|0.5|0.5|0.5,0.08,0.5,0.05,0.05,0.5,0.0001,0.001,0.001,0.01,0.01,1e-06,0.5,style_rho0p5,sadg_rho0p05,9,9,19,19,new_training,5,2,48,0.10422995792967933,0.1038199279989515,0.00820060506729143,0.0,0.0,0.0,0.0,0.0,0.0,0.0,0.0,0.0,0.0,0.08771551666515214,0.1916890468980585,0.05000000000000001,14,23|31|224|171|180,56,all_filtered,9,True,D:\Running_Place\PostGraduateProjects\Experiments\PostGraduate\backbones\DisperssionWithSADG_ConstraintStyleRegularization\Seg-SADG\BaryFixedCos\a0p08\rho0p5\gb8\sadg0p05\nocons\shot5\Seed2,D:\Running_Place\PostGraduateProjects\Experiments\PostGraduate\backbones\Prompts\Seg-SADG\BaryFixedCos\a0p08\rho0p5\gb8\sadg0p05\nocons\shot5\Seed2
Seg-SADG,Seg-SADG,Seg-SADG,LF-Barycenter-Fixed-Cosine,fixed,cosine,fixed,8,1.0,0.5,0.5,0.5,0.5|0.5|0.5|0.5|0.5|0.5|0.5|0.5,0.08,0.5,0.05,0.05,0.5,0.0001,0.001,0.001,0.01,0.01,1e-06,0.5,style_rho0p5,sadg_rho0p05,9,9,19,19,new_training,5,2,49,0.1141523692224707,0.11366217423762594,0.009803911870611566,0.0,0.0,0.0,0.0,0.0,0.0,0.0,0.0,0.0,0.0,0.09629417370472636,0.2710099369287491,0.05000000000000001,14,23|31|224|171|180,56,all_filtered,9,True,D:\Running_Place\PostGraduateProjects\Experiments\PostGraduate\backbones\DisperssionWithSADG_ConstraintStyleRegularization\Seg-SADG\BaryFixedCos\a0p08\rho0p5\gb8\sadg0p05\nocons\shot5\Seed2,D:\Running_Place\PostGraduateProjects\Experiments\PostGraduate\backbones\Prompts\Seg-SADG\BaryFixedCos\a0p08\rho0p5\gb8\sadg0p05\nocons\shot5\Seed2
Seg-SADG,Seg-SADG,Seg-SADG,LF-Barycenter-Fixed-Cosine,fixed,cosine,fixed,8,1.0,0.5,0.5,0.5,0.5|0.5|0.5|0.5|0.5|0.5|0.5|0.5,0.08,0.5,0.05,0.05,0.5,0.0001,0.001,0.001,0.01,0.01,1e-06,0.5,style_rho0p5,sadg_rho0p05,9,9,19,19,new_training,5,2,50,0.10553833842277527,0.10505401183451925,0.00968653948179313,0.0,0.0,0.0,0.0,0.0,0.0,0.0,0.0,0.0,0.0,0.09167258760758809,0.20932203850575856,0.05000000000000001,14,23|31|224|171|180,56,all_filtered,9,True,D:\Running_Place\PostGraduateProjects\Experiments\PostGraduate\backbones\DisperssionWithSADG_ConstraintStyleRegularization\Seg-SADG\BaryFixedCos\a0p08\rho0p5\gb8\sadg0p05\nocons\shot5\Seed2,D:\Running_Place\PostGraduateProjects\Experiments\PostGraduate\backbones\Prompts\Seg-SADG\BaryFixedCos\a0p08\rho0p5\gb8\sadg0p05\nocons\shot5\Seed2
Seg-SADG,Seg-SADG,Seg-SADG,LF-Barycenter-Fixed-Cosine,fixed,cosine,fixed,8,1.0,0.5,0.5,0.5,0.5|0.5|0.5|0.5|0.5|0.5|0.5|0.5,0.08,0.5,0.05,0.05,0.5,0.0001,0.001,0.001,0.01,0.01,1e-06,0.5,style_rho0p5,sadg_rho0p05,9,9,19,19,new_training,5,2,51,0.10078761566962514,0.10031278218541827,0.00949669606052339,0.0,0.0,0.0,0.0,0.0,0.0,0.0,0.0,0.0,0.0,0.08793102843420846,0.19548706923212325,0.05000000000000001,14,23|31|224|171|180,56,all_filtered,9,True,D:\Running_Place\PostGraduateProjects\Experiments\PostGraduate\backbones\DisperssionWithSADG_ConstraintStyleRegularization\Seg-SADG\BaryFixedCos\a0p08\rho0p5\gb8\sadg0p05\nocons\shot5\Seed2,D:\Running_Place\PostGraduateProjects\Experiments\PostGraduate\backbones\Prompts\Seg-SADG\BaryFixedCos\a0p08\rho0p5\gb8\sadg0p05\nocons\shot5\Seed2
Seg-SADG,Seg-SADG,Seg-SADG,LF-Barycenter-Fixed-Cosine,fixed,cosine,fixed,8,1.0,0.5,0.5,0.5,0.5|0.5|0.5|0.5|0.5|0.5|0.5|0.5,0.08,0.5,0.05,0.05,0.5,0.0001,0.001,0.001,0.01,0.01,1e-06,0.5,style_rho0p5,sadg_rho0p05,9,9,19,19,new_training,5,2,52,0.09381553530693054,0.0933983347245625,0.008343998076660293,0.0,0.0,0.0,0.0,0.0,0.0,0.0,0.0,0.0,0.0,0.08286328720194953,0.1645973782454218,0.05000000000000001,14,23|31|224|171|180,56,all_filtered,9,True,D:\Running_Place\PostGraduateProjects\Experiments\PostGraduate\backbones\DisperssionWithSADG_ConstraintStyleRegularization\Seg-SADG\BaryFixedCos\a0p08\rho0p5\gb8\sadg0p05\nocons\shot5\Seed2,D:\Running_Place\PostGraduateProjects\Experiments\PostGraduate\backbones\Prompts\Seg-SADG\BaryFixedCos\a0p08\rho0p5\gb8\sadg0p05\nocons\shot5\Seed2
Seg-SADG,Seg-SADG,Seg-SADG,LF-Barycenter-Fixed-Cosine,fixed,cosine,fixed,8,1.0,0.5,0.5,0.5,0.5|0.5|0.5|0.5|0.5|0.5|0.5|0.5,0.08,0.5,0.05,0.05,0.5,0.0001,0.001,0.001,0.01,0.01,1e-06,0.5,style_rho0p5,sadg_rho0p05,9,9,19,19,new_training,5,2,53,0.09095101111701556,0.09058988466858864,0.007222521684265563,0.0,0.0,0.0,0.0,0.0,0.0,0.0,0.0,0.0,0.0,0.08067617884704045,0.15741493925452232,0.05000000000000001,14,23|31|224|171|180,56,all_filtered,9,True,D:\Running_Place\PostGraduateProjects\Experiments\PostGraduate\backbones\DisperssionWithSADG_ConstraintStyleRegularization\Seg-SADG\BaryFixedCos\a0p08\rho0p5\gb8\sadg0p05\nocons\shot5\Seed2,D:\Running_Place\PostGraduateProjects\Experiments\PostGraduate\backbones\Prompts\Seg-SADG\BaryFixedCos\a0p08\rho0p5\gb8\sadg0p05\nocons\shot5\Seed2
Seg-SADG,Seg-SADG,Seg-SADG,LF-Barycenter-Fixed-Cosine,fixed,cosine,fixed,8,1.0,0.5,0.5,0.5,0.5|0.5|0.5|0.5|0.5|0.5|0.5|0.5,0.08,0.5,0.05,0.05,0.5,0.0001,0.001,0.001,0.01,0.01,1e-06,0.5,style_rho0p5,sadg_rho0p05,9,9,19,19,new_training,5,2,54,0.08848713710904121,0.08808203786611557,0.008101974680487598,0.0,0.0,0.0,0.0,0.0,0.0,0.0,0.0,0.0,0.0,0.07873123990637916,0.1503218151628971,0.05000000000000001,14,23|31|224|171|180,56,all_filtered,9,True,D:\Running_Place\PostGraduateProjects\Experiments\PostGraduate\backbones\DisperssionWithSADG_ConstraintStyleRegularization\Seg-SADG\BaryFixedCos\a0p08\rho0p5\gb8\sadg0p05\nocons\shot5\Seed2,D:\Running_Place\PostGraduateProjects\Experiments\PostGraduate\backbones\Prompts\Seg-SADG\BaryFixedCos\a0p08\rho0p5\gb8\sadg0p05\nocons\shot5\Seed2
Seg-SADG,Seg-SADG,Seg-SADG,LF-Barycenter-Fixed-Cosine,fixed,cosine,fixed,8,1.0,0.5,0.5,0.5,0.5|0.5|0.5|0.5|0.5|0.5|0.5|0.5,0.08,0.5,0.05,0.05,0.5,0.0001,0.001,0.001,0.01,0.01,1e-06,0.5,style_rho0p5,sadg_rho0p05,9,9,19,19,new_training,5,2,55,0.08768142919455256,0.08731893343584878,0.007249936927109957,0.0,0.0,0.0,0.0,0.0,0.0,0.0,0.0,0.0,0.0,0.0771244445017406,0.15557796082326344,0.05000000000000001,14,23|31|224|171|180,56,all_filtered,9,True,D:\Running_Place\PostGraduateProjects\Experiments\PostGraduate\backbones\DisperssionWithSADG_ConstraintStyleRegularization\Seg-SADG\BaryFixedCos\a0p08\rho0p5\gb8\sadg0p05\nocons\shot5\Seed2,D:\Running_Place\PostGraduateProjects\Experiments\PostGraduate\backbones\Prompts\Seg-SADG\BaryFixedCos\a0p08\rho0p5\gb8\sadg0p05\nocons\shot5\Seed2
Seg-SADG,Seg-SADG,Seg-SADG,LF-Barycenter-Fixed-Cosine,fixed,cosine,fixed,8,1.0,0.5,0.5,0.5,0.5|0.5|0.5|0.5|0.5|0.5|0.5|0.5,0.08,0.5,0.05,0.05,0.5,0.0001,0.001,0.001,0.01,0.01,1e-06,0.5,style_rho0p5,sadg_rho0p05,9,9,19,19,new_training,5,2,56,0.086013846631561,0.08563985409481185,0.00747984873929194,0.0,0.0,0.0,0.0,0.0,0.0,0.0,0.0,0.0,0.0,0.07565255942089218,0.15845622920564242,0.05000000000000001,14,23|31|224|171|180,56,all_filtered,9,True,D:\Running_Place\PostGraduateProjects\Experiments\PostGraduate\backbones\DisperssionWithSADG_ConstraintStyleRegularization\Seg-SADG\BaryFixedCos\a0p08\rho0p5\gb8\sadg0p05\nocons\shot5\Seed2,D:\Running_Place\PostGraduateProjects\Experiments\PostGraduate\backbones\Prompts\Seg-SADG\BaryFixedCos\a0p08\rho0p5\gb8\sadg0p05\nocons\shot5\Seed2
Seg-SADG,Seg-SADG,Seg-SADG,LF-Barycenter-Fixed-Cosine,fixed,cosine,fixed,8,1.0,0.5,0.5,0.5,0.5|0.5|0.5|0.5|0.5|0.5|0.5|0.5,0.08,0.5,0.05,0.05,0.5,0.0001,0.001,0.001,0.01,0.01,1e-06,0.5,style_rho0p5,sadg_rho0p05,9,9,19,19,new_training,5,2,57,0.08405229928238052,0.08368889295629092,0.007268133939110807,0.0,0.0,0.0,0.0,0.0,0.0,0.0,0.0,0.0,0.0,0.07447452044912747,0.15102981882435934,0.05000000000000001,14,23|31|224|171|180,56,all_filtered,9,True,D:\Running_Place\PostGraduateProjects\Experiments\PostGraduate\backbones\DisperssionWithSADG_ConstraintStyleRegularization\Seg-SADG\BaryFixedCos\a0p08\rho0p5\gb8\sadg0p05\nocons\shot5\Seed2,D:\Running_Place\PostGraduateProjects\Experiments\PostGraduate\backbones\Prompts\Seg-SADG\BaryFixedCos\a0p08\rho0p5\gb8\sadg0p05\nocons\shot5\Seed2
Seg-SADG,Seg-SADG,Seg-SADG,LF-Barycenter-Fixed-Cosine,fixed,cosine,fixed,8,1.0,0.5,0.5,0.5,0.5|0.5|0.5|0.5|0.5|0.5|0.5|0.5,0.08,0.5,0.05,0.05,0.5,0.0001,0.001,0.001,0.01,0.01,1e-06,0.5,style_rho0p5,sadg_rho0p05,9,9,19,19,new_training,5,2,58,0.08292643193687711,0.08256891050509044,0.007150433458653944,0.0,0.0,0.0,0.0,0.0,0.0,0.0,0.0,0.0,0.0,0.07273609883018903,0.1491945327392646,0.05000000000000001,14,23|31|224|171|180,56,all_filtered,9,True,D:\Running_Place\PostGraduateProjects\Experiments\PostGraduate\backbones\DisperssionWithSADG_ConstraintStyleRegularization\Seg-SADG\BaryFixedCos\a0p08\rho0p5\gb8\sadg0p05\nocons\shot5\Seed2,D:\Running_Place\PostGraduateProjects\Experiments\PostGraduate\backbones\Prompts\Seg-SADG\BaryFixedCos\a0p08\rho0p5\gb8\sadg0p05\nocons\shot5\Seed2
Seg-SADG,Seg-SADG,Seg-SADG,LF-Barycenter-Fixed-Cosine,fixed,cosine,fixed,8,1.0,0.5,0.5,0.5,0.5|0.5|0.5|0.5|0.5|0.5|0.5|0.5,0.08,0.5,0.05,0.05,0.5,0.0001,0.001,0.001,0.01,0.01,1e-06,0.5,style_rho0p5,sadg_rho0p05,9,9,19,19,new_training,5,2,59,0.08455117579017367,0.08418716383831841,0.0072802310543400904,0.0,0.0,0.0,0.0,0.0,0.0,0.0,0.0,0.0,0.0,0.07284904377801078,0.17352856961744173,0.05000000000000001,14,23|31|224|171|180,56,all_filtered,9,True,D:\Running_Place\PostGraduateProjects\Experiments\PostGraduate\backbones\DisperssionWithSADG_ConstraintStyleRegularization\Seg-SADG\BaryFixedCos\a0p08\rho0p5\gb8\sadg0p05\nocons\shot5\Seed2,D:\Running_Place\PostGraduateProjects\Experiments\PostGraduate\backbones\Prompts\Seg-SADG\BaryFixedCos\a0p08\rho0p5\gb8\sadg0p05\nocons\shot5\Seed2
Seg-SADG,Seg-SADG,Seg-SADG,LF-Barycenter-Fixed-Cosine,fixed,cosine,fixed,8,1.0,0.5,0.5,0.5,0.5|0.5|0.5|0.5|0.5|0.5|0.5|0.5,0.08,0.5,0.05,0.05,0.5,0.0001,0.001,0.001,0.01,0.01,1e-06,0.5,style_rho0p5,sadg_rho0p05,9,9,19,19,new_training,5,2,60,0.09342850265758378,0.09299218920724732,0.00872625709910478,0.0,0.0,0.0,0.0,0.0,0.0,0.0,0.0,0.0,0.0,0.07241482846438885,0.19275138899683952,0.05000000000000001,14,23|31|224|171|180,56,all_filtered,9,True,D:\Running_Place\PostGraduateProjects\Experiments\PostGraduate\backbones\DisperssionWithSADG_ConstraintStyleRegularization\Seg-SADG\BaryFixedCos\a0p08\rho0p5\gb8\sadg0p05\nocons\shot5\Seed2,D:\Running_Place\PostGraduateProjects\Experiments\PostGraduate\backbones\Prompts\Seg-SADG\BaryFixedCos\a0p08\rho0p5\gb8\sadg0p05\nocons\shot5\Seed2
Seg-SADG,Seg-SADG,Seg-SADG,LF-Barycenter-Fixed-Cosine,fixed,cosine,fixed,8,1.0,0.5,0.5,0.5,0.5|0.5|0.5|0.5|0.5|0.5|0.5|0.5,0.08,0.5,0.05,0.05,0.5,0.0001,0.001,0.001,0.01,0.01,1e-06,0.5,style_rho0p5,sadg_rho0p05,9,9,19,19,new_training,5,2,61,0.19663143157958984,0.1951107042176383,0.030414522093321596,0.0,0.0,0.0,0.0,0.0,0.0,0.0,0.0,0.0,0.0,0.15630640728133066,0.6867140595402036,0.05000000000000001,14,23|31|224|171|180,56,all_filtered,9,True,D:\Running_Place\PostGraduateProjects\Experiments\PostGraduate\backbones\DisperssionWithSADG_ConstraintStyleRegularization\Seg-SADG\BaryFixedCos\a0p08\rho0p5\gb8\sadg0p05\nocons\shot5\Seed2,D:\Running_Place\PostGraduateProjects\Experiments\PostGraduate\backbones\Prompts\Seg-SADG\BaryFixedCos\a0p08\rho0p5\gb8\sadg0p05\nocons\shot5\Seed2
Seg-SADG,Seg-SADG,Seg-SADG,LF-Barycenter-Fixed-Cosine,fixed,cosine,fixed,8,1.0,0.5,0.5,0.5,0.5|0.5|0.5|0.5|0.5|0.5|0.5|0.5,0.08,0.5,0.05,0.05,0.5,0.0001,0.001,0.001,0.01,0.01,1e-06,0.5,style_rho0p5,sadg_rho0p05,9,9,19,19,new_training,5,2,62,0.15824216391359056,0.15706944572074072,0.02345436911231705,0.0,0.0,0.0,0.0,0.0,0.0,0.0,0.0,0.0,0.0,0.135116952338389,0.353515978370394,0.05000000000000001,14,23|31|224|171|180,56,all_filtered,9,True,D:\Running_Place\PostGraduateProjects\Experiments\PostGraduate\backbones\DisperssionWithSADG_ConstraintStyleRegularization\Seg-SADG\BaryFixedCos\a0p08\rho0p5\gb8\sadg0p05\nocons\shot5\Seed2,D:\Running_Place\PostGraduateProjects\Experiments\PostGraduate\backbones\Prompts\Seg-SADG\BaryFixedCos\a0p08\rho0p5\gb8\sadg0p05\nocons\shot5\Seed2
Seg-SADG,Seg-SADG,Seg-SADG,LF-Barycenter-Fixed-Cosine,fixed,cosine,fixed,8,1.0,0.5,0.5,0.5,0.5|0.5|0.5|0.5|0.5|0.5|0.5|0.5,0.08,0.5,0.05,0.05,0.5,0.0001,0.001,0.001,0.01,0.01,1e-06,0.5,style_rho0p5,sadg_rho0p05,9,9,19,19,new_training,5,2,63,0.12703676042812212,0.12626010392393386,0.015533140860497952,0.0,0.0,0.0,0.0,0.0,0.0,0.0,0.0,0.0,0.0,0.11304117047360965,0.21899238441671645,0.05000000000000001,14,23|31|224|171|180,56,all_filtered,9,True,D:\Running_Place\PostGraduateProjects\Experiments\PostGraduate\backbones\DisperssionWithSADG_ConstraintStyleRegularization\Seg-SADG\BaryFixedCos\a0p08\rho0p5\gb8\sadg0p05\nocons\shot5\Seed2,D:\Running_Place\PostGraduateProjects\Experiments\PostGraduate\backbones\Prompts\Seg-SADG\BaryFixedCos\a0p08\rho0p5\gb8\sadg0p05\nocons\shot5\Seed2
Seg-SADG,Seg-SADG,Seg-SADG,LF-Barycenter-Fixed-Cosine,fixed,cosine,fixed,8,1.0,0.5,0.5,0.5,0.5|0.5|0.5|0.5|0.5|0.5|0.5|0.5,0.08,0.5,0.05,0.05,0.5,0.0001,0.001,0.001,0.01,0.01,1e-06,0.5,style_rho0p5,sadg_rho0p05,9,9,19,19,new_training,5,2,64,0.11274816628013339,0.1121396901352065,0.012169529018657548,0.0,0.0,0.0,0.0,0.0,0.0,0.0,0.0,0.0,0.0,0.10056672617793083,0.1868836400764329,0.05000000000000001,14,23|31|224|171|180,56,all_filtered,9,True,D:\Running_Place\PostGraduateProjects\Experiments\PostGraduate\backbones\DisperssionWithSADG_ConstraintStyleRegularization\Seg-SADG\BaryFixedCos\a0p08\rho0p5\gb8\sadg0p05\nocons\shot5\Seed2,D:\Running_Place\PostGraduateProjects\Experiments\PostGraduate\backbones\Prompts\Seg-SADG\BaryFixedCos\a0p08\rho0p5\gb8\sadg0p05\nocons\shot5\Seed2
Seg-SADG,Seg-SADG,Seg-SADG,LF-Barycenter-Fixed-Cosine,fixed,cosine,fixed,8,1.0,0.5,0.5,0.5,0.5|0.5|0.5|0.5|0.5|0.5|0.5|0.5,0.08,0.5,0.05,0.05,0.5,0.0001,0.001,0.001,0.01,0.01,1e-06,0.5,style_rho0p5,sadg_rho0p05,9,9,19,19,new_training,5,2,65,0.1115650859262262,0.11098157986998558,0.011670116800814867,0.0,0.0,0.0,0.0,0.0,0.0,0.0,0.0,0.0,0.0,0.09748188885194915,0.2182082406112126,0.05000000000000001,14,23|31|224|171|180,56,all_filtered,9,True,D:\Running_Place\PostGraduateProjects\Experiments\PostGraduate\backbones\DisperssionWithSADG_ConstraintStyleRegularization\Seg-SADG\BaryFixedCos\a0p08\rho0p5\gb8\sadg0p05\nocons\shot5\Seed2,D:\Running_Place\PostGraduateProjects\Experiments\PostGraduate\backbones\Prompts\Seg-SADG\BaryFixedCos\a0p08\rho0p5\gb8\sadg0p05\nocons\shot5\Seed2
Seg-SADG,Seg-SADG,Seg-SADG,LF-Barycenter-Fixed-Cosine,fixed,cosine,fixed,8,1.0,0.5,0.5,0.5,0.5|0.5|0.5|0.5|0.5|0.5|0.5|0.5,0.08,0.5,0.05,0.05,0.5,0.0001,0.001,0.001,0.01,0.01,1e-06,0.5,style_rho0p5,sadg_rho0p05,9,9,19,19,new_training,5,2,66,0.10454653363142695,0.10401673082794462,0.010596075560897589,0.0,0.0,0.0,0.0,0.0,0.0,0.0,0.0,0.0,0.0,0.09167759333338056,0.19586696582181112,0.05000000000000001,14,23|31|224|171|180,56,all_filtered,9,True,D:\Running_Place\PostGraduateProjects\Experiments\PostGraduate\backbones\DisperssionWithSADG_ConstraintStyleRegularization\Seg-SADG\BaryFixedCos\a0p08\rho0p5\gb8\sadg0p05\nocons\shot5\Seed2,D:\Running_Place\PostGraduateProjects\Experiments\PostGraduate\backbones\Prompts\Seg-SADG\BaryFixedCos\a0p08\rho0p5\gb8\sadg0p05\nocons\shot5\Seed2
Seg-SADG,Seg-SADG,Seg-SADG,LF-Barycenter-Fixed-Cosine,fixed,cosine,fixed,8,1.0,0.5,0.5,0.5,0.5|0.5|0.5|0.5|0.5|0.5|0.5|0.5,0.08,0.5,0.05,0.05,0.5,0.0001,0.001,0.001,0.01,0.01,1e-06,0.5,style_rho0p5,sadg_rho0p05,9,9,19,19,new_training,5,2,67,0.09835868594901902,0.09782040119171143,0.010765686864033341,0.0,0.0,0.0,0.0,0.0,0.0,0.0,0.0,0.0,0.0,0.08744182224784579,0.17008418909140996,0.05000000000000001,14,23|31|224|171|180,56,all_filtered,9,True,D:\Running_Place\PostGraduateProjects\Experiments\PostGraduate\backbones\DisperssionWithSADG_ConstraintStyleRegularization\Seg-SADG\BaryFixedCos\a0p08\rho0p5\gb8\sadg0p05\nocons\shot5\Seed2,D:\Running_Place\PostGraduateProjects\Experiments\PostGraduate\backbones\Prompts\Seg-SADG\BaryFixedCos\a0p08\rho0p5\gb8\sadg0p05\nocons\shot5\Seed2
Seg-SADG,Seg-SADG,Seg-SADG,LF-Barycenter-Fixed-Cosine,fixed,cosine,fixed,8,1.0,0.5,0.5,0.5,0.5|0.5|0.5|0.5|0.5|0.5|0.5|0.5,0.08,0.5,0.05,0.05,0.5,0.0001,0.001,0.001,0.01,0.01,1e-06,0.5,style_rho0p5,sadg_rho0p05,9,9,19,19,new_training,5,2,68,0.09126371198466846,0.09085849193590027,0.008104419402245964,0.0,0.0,0.0,0.0,0.0,0.0,0.0,0.0,0.0,0.0,0.08203329518437386,0.14324602697576796,0.05000000000000001,14,23|31|224|171|180,56,all_filtered,9,True,D:\Running_Place\PostGraduateProjects\Experiments\PostGraduate\backbones\DisperssionWithSADG_ConstraintStyleRegularization\Seg-SADG\BaryFixedCos\a0p08\rho0p5\gb8\sadg0p05\nocons\shot5\Seed2,D:\Running_Place\PostGraduateProjects\Experiments\PostGraduate\backbones\Prompts\Seg-SADG\BaryFixedCos\a0p08\rho0p5\gb8\sadg0p05\nocons\shot5\Seed2
Seg-SADG,Seg-SADG,Seg-SADG,LF-Barycenter-Fixed-Cosine,fixed,cosine,fixed,8,1.0,0.5,0.5,0.5,0.5|0.5|0.5|0.5|0.5|0.5|0.5|0.5,0.08,0.5,0.05,0.05,0.5,0.0001,0.001,0.001,0.01,0.01,1e-06,0.5,style_rho0p5,sadg_rho0p05,9,9,19,19,new_training,5,2,69,0.08936409865106855,0.08894112227218491,0.008459520991891623,0.0,0.0,0.0,0.0,0.0,0.0,0.0,0.0,0.0,0.0,0.0797289599265371,0.14651663015995706,0.05000000000000001,14,23|31|224|171|180,56,all_filtered,9,True,D:\Running_Place\PostGraduateProjects\Experiments\PostGraduate\backbones\DisperssionWithSADG_ConstraintStyleRegularization\Seg-SADG\BaryFixedCos\a0p08\rho0p5\gb8\sadg0p05\nocons\shot5\Seed2,D:\Running_Place\PostGraduateProjects\Experiments\PostGraduate\backbones\Prompts\Seg-SADG\BaryFixedCos\a0p08\rho0p5\gb8\sadg0p05\nocons\shot5\Seed2
Seg-SADG,Seg-SADG,Seg-SADG,LF-Barycenter-Fixed-Cosine,fixed,cosine,fixed,8,1.0,0.5,0.5,0.5,0.5|0.5|0.5|0.5|0.5|0.5|0.5|0.5,0.08,0.5,0.05,0.05,0.5,0.0001,0.001,0.001,0.01,0.01,1e-06,0.5,style_rho0p5,sadg_rho0p05,9,9,19,19,new_training,5,2,70,0.08693184011748858,0.08653412439993449,0.007954324229753442,0.0,0.0,0.0,0.0,0.0,0.0,0.0,0.0,0.0,0.0,0.07726757281592914,0.14747720371399606,0.05000000000000001,14,23|31|224|171|180,56,all_filtered,9,True,D:\Running_Place\PostGraduateProjects\Experiments\PostGraduate\backbones\DisperssionWithSADG_ConstraintStyleRegularization\Seg-SADG\BaryFixedCos\a0p08\rho0p5\gb8\sadg0p05\nocons\shot5\Seed2,D:\Running_Place\PostGraduateProjects\Experiments\PostGraduate\backbones\Prompts\Seg-SADG\BaryFixedCos\a0p08\rho0p5\gb8\sadg0p05\nocons\shot5\Seed2
Seg-SADG,Seg-SADG,Seg-SADG,LF-Barycenter-Fixed-Cosine,fixed,cosine,fixed,8,1.0,0.5,0.5,0.5,0.5|0.5|0.5|0.5|0.5|0.5|0.5|0.5,0.08,0.5,0.05,0.05,0.5,0.0001,0.001,0.001,0.01,0.01,1e-06,0.5,style_rho0p5,sadg_rho0p05,9,9,19,19,new_training,5,2,71,0.08777148436222758,0.08734749683312007,0.008479760294514043,0.0,0.0,0.0,0.0,0.0,0.0,0.0,0.0,0.0,0.0,0.07702534645795822,0.1670712653015341,0.05000000000000001,14,23|31|224|171|180,56,all_filtered,9,True,D:\Running_Place\PostGraduateProjects\Experiments\PostGraduate\backbones\DisperssionWithSADG_ConstraintStyleRegularization\Seg-SADG\BaryFixedCos\a0p08\rho0p5\gb8\sadg0p05\nocons\shot5\Seed2,D:\Running_Place\PostGraduateProjects\Experiments\PostGraduate\backbones\Prompts\Seg-SADG\BaryFixedCos\a0p08\rho0p5\gb8\sadg0p05\nocons\shot5\Seed2
Seg-SADG,Seg-SADG,Seg-SADG,LF-Barycenter-Fixed-Cosine,fixed,cosine,fixed,8,1.0,0.5,0.5,0.5,0.5|0.5|0.5|0.5|0.5|0.5|0.5|0.5,0.08,0.5,0.05,0.05,0.5,0.0001,0.001,0.001,0.01,0.01,1e-06,0.5,style_rho0p5,sadg_rho0p05,9,9,19,19,new_training,5,2,72,0.08326225248830658,0.08287369992051806,0.007771055313891598,0.0,0.0,0.0,0.0,0.0,0.0,0.0,0.0,0.0,0.0,0.07408484816551208,0.13877982167260988,0.05000000000000001,14,23|31|224|171|180,56,all_filtered,9,True,D:\Running_Place\PostGraduateProjects\Experiments\PostGraduate\backbones\DisperssionWithSADG_ConstraintStyleRegularization\Seg-SADG\BaryFixedCos\a0p08\rho0p5\gb8\sadg0p05\nocons\shot5\Seed2,D:\Running_Place\PostGraduateProjects\Experiments\PostGraduate\backbones\Prompts\Seg-SADG\BaryFixedCos\a0p08\rho0p5\gb8\sadg0p05\nocons\shot5\Seed2
Seg-SADG,Seg-SADG,Seg-SADG,LF-Barycenter-Fixed-Cosine,fixed,cosine,fixed,8,1.0,0.5,0.5,0.5,0.5|0.5|0.5|0.5|0.5|0.5|0.5|0.5,0.08,0.5,0.05,0.05,0.5,0.0001,0.001,0.001,0.01,0.01,1e-06,0.5,style_rho0p5,sadg_rho0p05,9,9,19,19,new_training,5,2,73,0.08197448189769473,0.0815701074898243,0.00808748569605606,0.0,0.0,0.0,0.0,0.0,0.0,0.0,0.0,0.0,0.0,0.07234390718596322,0.14789421803184918,0.05000000000000001,14,23|31|224|171|180,56,all_filtered,9,True,D:\Running_Place\PostGraduateProjects\Experiments\PostGraduate\backbones\DisperssionWithSADG_ConstraintStyleRegularization\Seg-SADG\BaryFixedCos\a0p08\rho0p5\gb8\sadg0p05\nocons\shot5\Seed2,D:\Running_Place\PostGraduateProjects\Experiments\PostGraduate\backbones\Prompts\Seg-SADG\BaryFixedCos\a0p08\rho0p5\gb8\sadg0p05\nocons\shot5\Seed2
Seg-SADG,Seg-SADG,Seg-SADG,LF-Barycenter-Fixed-Cosine,fixed,cosine,fixed,8,1.0,0.5,0.5,0.5,0.5|0.5|0.5|0.5|0.5|0.5|0.5|0.5,0.08,0.5,0.05,0.05,0.5,0.0001,0.001,0.001,0.01,0.01,1e-06,0.5,style_rho0p5,sadg_rho0p05,9,9,19,19,new_training,5,2,74,0.07893616333603859,0.07856934783714158,0.007336315100214311,0.0,0.0,0.0,0.0,0.0,0.0,0.0,0.0,0.0,0.0,0.06994323379227094,0.13375004168067658,0.05000000000000001,14,23|31|224|171|180,56,all_filtered,9,True,D:\Running_Place\PostGraduateProjects\Experiments\PostGraduate\backbones\DisperssionWithSADG_ConstraintStyleRegularization\Seg-SADG\BaryFixedCos\a0p08\rho0p5\gb8\sadg0p05\nocons\shot5\Seed2,D:\Running_Place\PostGraduateProjects\Experiments\PostGraduate\backbones\Prompts\Seg-SADG\BaryFixedCos\a0p08\rho0p5\gb8\sadg0p05\nocons\shot5\Seed2
Seg-SADG,Seg-SADG,Seg-SADG,LF-Barycenter-Fixed-Cosine,fixed,cosine,fixed,8,1.0,0.5,0.5,0.5,0.5|0.5|0.5|0.5|0.5|0.5|0.5|0.5,0.08,0.5,0.05,0.05,0.5,0.0001,0.001,0.001,0.01,0.01,1e-06,0.5,style_rho0p5,sadg_rho0p05,9,9,19,19,new_training,5,2,75,0.07768236632858004,0.07732253628117698,0.007196609230179872,0.0,0.0,0.0,0.0,0.0,0.0,0.0,0.0,0.0,0.0,0.06868233904242516,0.13318344524928502,0.05000000000000001,14,23|31|224|171|180,56,all_filtered,9,True,D:\Running_Place\PostGraduateProjects\Experiments\PostGraduate\backbones\DisperssionWithSADG_ConstraintStyleRegularization\Seg-SADG\BaryFixedCos\a0p08\rho0p5\gb8\sadg0p05\nocons\shot5\Seed2,D:\Running_Place\PostGraduateProjects\Experiments\PostGraduate\backbones\Prompts\Seg-SADG\BaryFixedCos\a0p08\rho0p5\gb8\sadg0p05\nocons\shot5\Seed2
Seg-SADG,Seg-SADG,Seg-SADG,LF-Barycenter-Fixed-Cosine,fixed,cosine,fixed,8,1.0,0.5,0.5,0.5,0.5|0.5|0.5|0.5|0.5|0.5|0.5|0.5,0.08,0.5,0.05,0.05,0.5,0.0001,0.001,0.001,0.01,0.01,1e-06,0.5,style_rho0p5,sadg_rho0p05,9,9,19,19,new_training,5,2,76,0.07676833069750241,0.07641756321702685,0.007015358523598739,0.0,0.0,0.0,0.0,0.0,0.0,0.0,0.0,0.0,0.0,0.06781754243586745,0.13432272523641586,0.05000000000000001,14,23|31|224|171|180,56,all_filtered,9,True,D:\Running_Place\PostGraduateProjects\Experiments\PostGraduate\backbones\DisperssionWithSADG_ConstraintStyleRegularization\Seg-SADG\BaryFixedCos\a0p08\rho0p5\gb8\sadg0p05\nocons\shot5\Seed2,D:\Running_Place\PostGraduateProjects\Experiments\PostGraduate\backbones\Prompts\Seg-SADG\BaryFixedCos\a0p08\rho0p5\gb8\sadg0p05\nocons\shot5\Seed2
Seg-SADG,Seg-SADG,Seg-SADG,LF-Barycenter-Fixed-Cosine,fixed,cosine,fixed,8,1.0,0.5,0.5,0.5,0.5|0.5|0.5|0.5|0.5|0.5|0.5|0.5,0.08,0.5,0.05,0.05,0.5,0.0001,0.001,0.001,0.01,0.01,1e-06,0.5,style_rho0p5,sadg_rho0p05,9,9,19,19,new_training,5,2,77,0.07502165702836854,0.07467414917690414,0.0069501811106290135,0.0,0.0,0.0,0.0,0.0,0.0,0.0,0.0,0.0,0.0,0.06663317339760917,0.12695062426584108,0.05000000000000001,14,23|31|224|171|180,56,all_filtered,9,True,D:\Running_Place\PostGraduateProjects\Experiments\PostGraduate\backbones\DisperssionWithSADG_ConstraintStyleRegularization\Seg-SADG\BaryFixedCos\a0p08\rho0p5\gb8\sadg0p05\nocons\shot5\Seed2,D:\Running_Place\PostGraduateProjects\Experiments\PostGraduate\backbones\Prompts\Seg-SADG\BaryFixedCos\a0p08\rho0p5\gb8\sadg0p05\nocons\shot5\Seed2
Seg-SADG,Seg-SADG,Seg-SADG,LF-Barycenter-Fixed-Cosine,fixed,cosine,fixed,8,1.0,0.5,0.5,0.5,0.5|0.5|0.5|0.5|0.5|0.5|0.5|0.5,0.08,0.5,0.05,0.05,0.5,0.0001,0.001,0.001,0.01,0.01,1e-06,0.5,style_rho0p5,sadg_rho0p05,9,9,19,19,new_training,5,2,78,0.07795621774026326,0.07754534749048096,0.008217414109302419,0.0,0.0,0.0,0.0,0.0,0.0,0.0,0.0,0.0,0.0,0.06740070187619754,0.15731591624873026,0.05000000000000001,14,23|31|224|171|180,56,all_filtered,9,True,D:\Running_Place\PostGraduateProjects\Experiments\PostGraduate\backbones\DisperssionWithSADG_ConstraintStyleRegularization\Seg-SADG\BaryFixedCos\a0p08\rho0p5\gb8\sadg0p05\nocons\shot5\Seed2,D:\Running_Place\PostGraduateProjects\Experiments\PostGraduate\backbones\Prompts\Seg-SADG\BaryFixedCos\a0p08\rho0p5\gb8\sadg0p05\nocons\shot5\Seed2
Seg-SADG,Seg-SADG,Seg-SADG,LF-Barycenter-Fixed-Cosine,fixed,cosine,fixed,8,1.0,0.5,0.5,0.5,0.5|0.5|0.5|0.5|0.5|0.5|0.5|0.5,0.08,0.5,0.05,0.05,0.5,0.0001,0.001,0.001,0.01,0.01,1e-06,0.5,style_rho0p5,sadg_rho0p05,9,9,19,19,new_training,5,2,79,0.07635819273335594,0.07601288333535194,0.006906185897865466,0.0,0.0,0.0,0.0,0.0,0.0,0.0,0.0,0.0,0.0,0.06632090785673686,0.15154029056429863,0.05000000000000001,14,23|31|224|171|180,56,all_filtered,9,True,D:\Running_Place\PostGraduateProjects\Experiments\PostGraduate\backbones\DisperssionWithSADG_ConstraintStyleRegularization\Seg-SADG\BaryFixedCos\a0p08\rho0p5\gb8\sadg0p05\nocons\shot5\Seed2,D:\Running_Place\PostGraduateProjects\Experiments\PostGraduate\backbones\Prompts\Seg-SADG\BaryFixedCos\a0p08\rho0p5\gb8\sadg0p05\nocons\shot5\Seed2
Seg-SADG,Seg-SADG,Seg-SADG,LF-Barycenter-Fixed-Cosine,fixed,cosine,fixed,8,1.0,0.5,0.5,0.5,0.5|0.5|0.5|0.5|0.5|0.5|0.5|0.5,0.08,0.5,0.05,0.05,0.5,0.0001,0.001,0.001,0.01,0.01,1e-06,0.5,style_rho0p5,sadg_rho0p05,9,9,19,19,new_training,5,2,80,0.07417424236025129,0.07382798407758985,0.006925154044958097,0.0,0.0,0.0,0.0,0.0,0.0,0.0,0.0,0.0,0.0,0.06511605770460197,0.1381444265799863,0.05000000000000001,14,23|31|224|171|180,56,all_filtered,9,True,D:\Running_Place\PostGraduateProjects\Experiments\PostGraduate\backbones\DisperssionWithSADG_ConstraintStyleRegularization\Seg-SADG\BaryFixedCos\a0p08\rho0p5\gb8\sadg0p05\nocons\shot5\Seed2,D:\Running_Place\PostGraduateProjects\Experiments\PostGraduate\backbones\Prompts\Seg-SADG\BaryFixedCos\a0p08\rho0p5\gb8\sadg0p05\nocons\shot5\Seed2
Seg-SADG,Seg-SADG,Seg-SADG,LF-Barycenter-Fixed-Cosine,fixed,cosine,fixed,8,1.0,0.5,0.5,0.5,0.5|0.5|0.5|0.5|0.5|0.5|0.5|0.5,0.08,0.5,0.05,0.05,0.5,0.0001,0.001,0.001,0.01,0.01,1e-06,0.5,style_rho0p5,sadg_rho0p05,9,9,19,19,new_training,5,2,81,0.07127308260117259,0.07093316742352077,0.006798323609733156,0.0,0.0,0.0,0.0,0.0,0.0,0.0,0.0,0.0,0.0,0.06298807077109814,0.12144375858562333,0.05000000000000001,14,23|31|224|171|180,56,all_filtered,9,True,D:\Running_Place\PostGraduateProjects\Experiments\PostGraduate\backbones\DisperssionWithSADG_ConstraintStyleRegularization\Seg-SADG\BaryFixedCos\a0p08\rho0p5\gb8\sadg0p05\nocons\shot5\Seed2,D:\Running_Place\PostGraduateProjects\Experiments\PostGraduate\backbones\Prompts\Seg-SADG\BaryFixedCos\a0p08\rho0p5\gb8\sadg0p05\nocons\shot5\Seed2
Seg-SADG,Seg-SADG,Seg-SADG,LF-Barycenter-Fixed-Cosine,fixed,cosine,fixed,8,1.0,0.5,0.5,0.5,0.5|0.5|0.5|0.5|0.5|0.5|0.5|0.5,0.08,0.5,0.05,0.05,0.5,0.0001,0.001,0.001,0.01,0.01,1e-06,0.5,style_rho0p5,sadg_rho0p05,9,9,19,19,new_training,5,2,82,0.06997339933046273,0.06966152015541281,0.00623757711478642,0.0,0.0,0.0,0.0,0.0,0.0,0.0,0.0,0.0,0.0,0.06208712235093117,0.11768349100436483,0.05000000000000001,14,23|31|224|171|180,56,all_filtered,9,True,D:\Running_Place\PostGraduateProjects\Experiments\PostGraduate\backbones\DisperssionWithSADG_ConstraintStyleRegularization\Seg-SADG\BaryFixedCos\a0p08\rho0p5\gb8\sadg0p05\nocons\shot5\Seed2,D:\Running_Place\PostGraduateProjects\Experiments\PostGraduate\backbones\Prompts\Seg-SADG\BaryFixedCos\a0p08\rho0p5\gb8\sadg0p05\nocons\shot5\Seed2
Seg-SADG,Seg-SADG,Seg-SADG,LF-Barycenter-Fixed-Cosine,fixed,cosine,fixed,8,1.0,0.5,0.5,0.5,0.5|0.5|0.5|0.5|0.5|0.5|0.5|0.5,0.08,0.5,0.05,0.05,0.5,0.0001,0.001,0.001,0.01,0.01,1e-06,0.5,style_rho0p5,sadg_rho0p05,9,9,19,19,new_training,5,2,83,0.06887384610516685,0.0685578209481069,0.006320520769804716,0.0,0.0,0.0,0.0,0.0,0.0,0.0,0.0,0.0,0.0,0.060655876461948664,0.12187250863228526,0.05000000000000001,14,23|31|224|171|180,56,all_filtered,9,True,D:\Running_Place\PostGraduateProjects\Experiments\PostGraduate\backbones\DisperssionWithSADG_ConstraintStyleRegularization\Seg-SADG\BaryFixedCos\a0p08\rho0p5\gb8\sadg0p05\nocons\shot5\Seed2,D:\Running_Place\PostGraduateProjects\Experiments\PostGraduate\backbones\Prompts\Seg-SADG\BaryFixedCos\a0p08\rho0p5\gb8\sadg0p05\nocons\shot5\Seed2
Seg-SADG,Seg-SADG,Seg-SADG,LF-Barycenter-Fixed-Cosine,fixed,cosine,fixed,8,1.0,0.5,0.5,0.5,0.5|0.5|0.5|0.5|0.5|0.5|0.5|0.5,0.08,0.5,0.05,0.05,0.5,0.0001,0.001,0.001,0.01,0.01,1e-06,0.5,style_rho0p5,sadg_rho0p05,9,9,19,19,new_training,5,2,84,0.06871732590453965,0.06838582562548774,0.006630006545622434,0.0,0.0,0.0,0.0,0.0,0.0,0.0,0.0,0.0,0.0,0.060078752892357964,0.127142250005688,0.05000000000000001,14,23|31|224|171|180,56,all_filtered,9,True,D:\Running_Place\PostGraduateProjects\Experiments\PostGraduate\backbones\DisperssionWithSADG_ConstraintStyleRegularization\Seg-SADG\BaryFixedCos\a0p08\rho0p5\gb8\sadg0p05\nocons\shot5\Seed2,D:\Running_Place\PostGraduateProjects\Experiments\PostGraduate\backbones\Prompts\Seg-SADG\BaryFixedCos\a0p08\rho0p5\gb8\sadg0p05\nocons\shot5\Seed2
Seg-SADG,Seg-SADG,Seg-SADG,LF-Barycenter-Fixed-Cosine,fixed,cosine,fixed,8,1.0,0.5,0.5,0.5,0.5|0.5|0.5|0.5|0.5|0.5|0.5|0.5,0.08,0.5,0.05,0.05,0.5,0.0001,0.001,0.001,0.01,0.01,1e-06,0.5,style_rho0p5,sadg_rho0p05,9,9,19,19,new_training,5,2,85,0.0680156552365848,0.06770626455545425,0.006187811626919678,0.0,0.0,0.0,0.0,0.0,0.0,0.0,0.0,0.0,0.0,0.05943596309849194,0.13014233325208938,0.05000000000000001,14,23|31|224|171|180,56,all_filtered,9,True,D:\Running_Place\PostGraduateProjects\Experiments\PostGraduate\backbones\DisperssionWithSADG_ConstraintStyleRegularization\Seg-SADG\BaryFixedCos\a0p08\rho0p5\gb8\sadg0p05\nocons\shot5\Seed2,D:\Running_Place\PostGraduateProjects\Experiments\PostGraduate\backbones\Prompts\Seg-SADG\BaryFixedCos\a0p08\rho0p5\gb8\sadg0p05\nocons\shot5\Seed2
Seg-SADG,Seg-SADG,Seg-SADG,LF-Barycenter-Fixed-Cosine,fixed,cosine,fixed,8,1.0,0.5,0.5,0.5,0.5|0.5|0.5|0.5|0.5|0.5|0.5|0.5,0.08,0.5,0.05,0.05,0.5,0.0001,0.001,0.001,0.01,0.01,1e-06,0.5,style_rho0p5,sadg_rho0p05,9,9,19,19,new_training,5,2,86,0.06702735860432897,0.06672594909157072,0.0060281942465475625,0.0,0.0,0.0,0.0,0.0,0.0,0.0,0.0,0.0,0.0,0.05879374832979271,0.12333068038736071,0.05000000000000001,14,23|31|224|171|180,56,all_filtered,9,True,D:\Running_Place\PostGraduateProjects\Experiments\PostGraduate\backbones\DisperssionWithSADG_ConstraintStyleRegularization\Seg-SADG\BaryFixedCos\a0p08\rho0p5\gb8\sadg0p05\nocons\shot5\Seed2,D:\Running_Place\PostGraduateProjects\Experiments\PostGraduate\backbones\Prompts\Seg-SADG\BaryFixedCos\a0p08\rho0p5\gb8\sadg0p05\nocons\shot5\Seed2
Seg-SADG,Seg-SADG,Seg-SADG,LF-Barycenter-Fixed-Cosine,fixed,cosine,fixed,8,1.0,0.5,0.5,0.5,0.5|0.5|0.5|0.5|0.5|0.5|0.5|0.5,0.08,0.5,0.05,0.05,0.5,0.0001,0.001,0.001,0.01,0.01,1e-06,0.5,style_rho0p5,sadg_rho0p05,9,9,19,19,new_training,5,2,87,0.06631960746433053,0.06601236973490034,0.006144760675462229,0.0,0.0,0.0,0.0,0.0,0.0,0.0,0.0,0.0,0.0,0.0581845436245203,0.12280366889068059,0.05000000000000001,14,23|31|224|171|180,56,all_filtered,9,True,D:\Running_Place\PostGraduateProjects\Experiments\PostGraduate\backbones\DisperssionWithSADG_ConstraintStyleRegularization\Seg-SADG\BaryFixedCos\a0p08\rho0p5\gb8\sadg0p05\nocons\shot5\Seed2,D:\Running_Place\PostGraduateProjects\Experiments\PostGraduate\backbones\Prompts\Seg-SADG\BaryFixedCos\a0p08\rho0p5\gb8\sadg0p05\nocons\shot5\Seed2
Seg-SADG,Seg-SADG,Seg-SADG,LF-Barycenter-Fixed-Cosine,fixed,cosine,fixed,8,1.0,0.5,0.5,0.5,0.5|0.5|0.5|0.5|0.5|0.5|0.5|0.5,0.08,0.5,0.05,0.05,0.5,0.0001,0.001,0.001,0.01,0.01,1e-06,0.5,style_rho0p5,sadg_rho0p05,9,9,19,19,new_training,5,2,88,0.06507523597351142,0.06476514653435775,0.006201794637101037,0.0,0.0,0.0,0.0,0.0,0.0,0.0,0.0,0.0,0.0,0.05711496062576771,0.11854982429317065,0.05000000000000001,14,23|31|224|171|180,56,all_filtered,9,True,D:\Running_Place\PostGraduateProjects\Experiments\PostGraduate\backbones\DisperssionWithSADG_ConstraintStyleRegularization\Seg-SADG\BaryFixedCos\a0p08\rho0p5\gb8\sadg0p05\nocons\shot5\Seed2,D:\Running_Place\PostGraduateProjects\Experiments\PostGraduate\backbones\Prompts\Seg-SADG\BaryFixedCos\a0p08\rho0p5\gb8\sadg0p05\nocons\shot5\Seed2
Seg-SADG,Seg-SADG,Seg-SADG,LF-Barycenter-Fixed-Cosine,fixed,cosine,fixed,8,1.0,0.5,0.5,0.5,0.5|0.5|0.5|0.5|0.5|0.5|0.5|0.5,0.08,0.5,0.05,0.05,0.5,0.0001,0.001,0.001,0.01,0.01,1e-06,0.5,style_rho0p5,sadg_rho0p05,9,9,19,19,new_training,5,2,89,0.06468066307050842,0.06435734725424222,0.006466322013043931,0.0,0.0,0.0,0.0,0.0,0.0,0.0,0.0,0.0,0.0,0.05635974822299821,0.12305967509746552,0.05000000000000001,14,23|31|224|171|180,56,all_filtered,9,True,D:\Running_Place\PostGraduateProjects\Experiments\PostGraduate\backbones\DisperssionWithSADG_ConstraintStyleRegularization\Seg-SADG\BaryFixedCos\a0p08\rho0p5\gb8\sadg0p05\nocons\shot5\Seed2,D:\Running_Place\PostGraduateProjects\Experiments\PostGraduate\backbones\Prompts\Seg-SADG\BaryFixedCos\a0p08\rho0p5\gb8\sadg0p05\nocons\shot5\Seed2
Seg-SADG,Seg-SADG,Seg-SADG,LF-Barycenter-Fixed-Cosine,fixed,cosine,fixed,8,1.0,0.5,0.5,0.5,0.5|0.5|0.5|0.5|0.5|0.5|0.5|0.5,0.08,0.5,0.05,0.05,0.5,0.0001,0.001,0.001,0.01,0.01,1e-06,0.5,style_rho0p5,sadg_rho0p05,9,9,19,19,new_training,5,2,90,0.06635662141655173,0.0660587027668953,0.0059583459016201755,0.0,0.0,0.0,0.0,0.0,0.0,0.0,0.0,0.0,0.0,0.05732958471136434,0.13560991787484714,0.05000000000000001,14,23|31|224|171|180,56,all_filtered,9,True,D:\Running_Place\PostGraduateProjects\Experiments\PostGraduate\backbones\DisperssionWithSADG_ConstraintStyleRegularization\Seg-SADG\BaryFixedCos\a0p08\rho0p5\gb8\sadg0p05\nocons\shot5\Seed2,D:\Running_Place\PostGraduateProjects\Experiments\PostGraduate\backbones\Prompts\Seg-SADG\BaryFixedCos\a0p08\rho0p5\gb8\sadg0p05\nocons\shot5\Seed2
Seg-SADG,Seg-SADG,Seg-SADG,LF-Barycenter-Fixed-Cosine,fixed,cosine,fixed,8,1.0,0.5,0.5,0.5,0.5|0.5|0.5|0.5|0.5|0.5|0.5|0.5,0.08,0.5,0.05,0.05,0.5,0.0001,0.001,0.001,0.01,0.01,1e-06,0.5,style_rho0p5,sadg_rho0p05,9,9,19,19,new_training,5,2,91,0.0641555240643876,0.06386444212070533,0.005821641900443605,0.0,0.0,0.0,0.0,0.0,0.0,0.0,0.0,0.0,0.0,0.055536416226199696,0.12690738748226846,0.05000000000000001,14,23|31|224|171|180,56,all_filtered,9,True,D:\Running_Place\PostGraduateProjects\Experiments\PostGraduate\backbones\DisperssionWithSADG_ConstraintStyleRegularization\Seg-SADG\BaryFixedCos\a0p08\rho0p5\gb8\sadg0p05\nocons\shot5\Seed2,D:\Running_Place\PostGraduateProjects\Experiments\PostGraduate\backbones\Prompts\Seg-SADG\BaryFixedCos\a0p08\rho0p5\gb8\sadg0p05\nocons\shot5\Seed2
Seg-SADG,Seg-SADG,Seg-SADG,LF-Barycenter-Fixed-Cosine,fixed,cosine,fixed,8,1.0,0.5,0.5,0.5,0.5|0.5|0.5|0.5|0.5|0.5|0.5|0.5,0.08,0.5,0.05,0.05,0.5,0.0001,0.001,0.001,0.01,0.01,1e-06,0.5,style_rho0p5,sadg_rho0p05,9,9,19,19,new_training,5,2,92,0.061589982360601425,0.06128508358129433,0.006097978479894144,0.0,0.0,0.0,0.0,0.0,0.0,0.0,0.0,0.0,0.0,0.05416640240166869,0.10956202979598727,0.05000000000000001,14,23|31|224|171|180,56,all_filtered,9,True,D:\Running_Place\PostGraduateProjects\Experiments\PostGraduate\backbones\DisperssionWithSADG_ConstraintStyleRegularization\Seg-SADG\BaryFixedCos\a0p08\rho0p5\gb8\sadg0p05\nocons\shot5\Seed2,D:\Running_Place\PostGraduateProjects\Experiments\PostGraduate\backbones\Prompts\Seg-SADG\BaryFixedCos\a0p08\rho0p5\gb8\sadg0p05\nocons\shot5\Seed2
Seg-SADG,Seg-SADG,Seg-SADG,LF-Barycenter-Fixed-Cosine,fixed,cosine,fixed,8,1.0,0.5,0.5,0.5,0.5|0.5|0.5|0.5|0.5|0.5|0.5|0.5,0.08,0.5,0.05,0.05,0.5,0.0001,0.001,0.001,0.01,0.01,1e-06,0.5,style_rho0p5,sadg_rho0p05,9,9,19,19,new_training,5,2,93,0.06244460413498538,0.06217762801264014,0.005339512135833502,0.0,0.0,0.0,0.0,0.0,0.0,0.0,0.0,0.0,0.0,0.054326550236770084,0.12251455656119756,0.05000000000000001,14,23|31|224|171|180,56,all_filtered,9,True,D:\Running_Place\PostGraduateProjects\Experiments\PostGraduate\backbones\DisperssionWithSADG_ConstraintStyleRegularization\Seg-SADG\BaryFixedCos\a0p08\rho0p5\gb8\sadg0p05\nocons\shot5\Seed2,D:\Running_Place\PostGraduateProjects\Experiments\PostGraduate\backbones\Prompts\Seg-SADG\BaryFixedCos\a0p08\rho0p5\gb8\sadg0p05\nocons\shot5\Seed2
Seg-SADG,Seg-SADG,Seg-SADG,LF-Barycenter-Fixed-Cosine,fixed,cosine,fixed,8,1.0,0.5,0.5,0.5,0.5|0.5|0.5|0.5|0.5|0.5|0.5|0.5,0.08,0.5,0.05,0.05,0.5,0.0001,0.001,0.001,0.01,0.01,1e-06,0.5,style_rho0p5,sadg_rho0p05,9,9,19,19,new_training,5,2,94,0.06203779551599707,0.06173915096691677,0.005972878824520324,0.0,0.0,0.0,0.0,0.0,0.0,0.0,0.0,0.0,0.0,0.05381931657237666,0.12272219572748456,0.05000000000000001,14,23|31|224|171|180,56,all_filtered,9,True,D:\Running_Place\PostGraduateProjects\Experiments\PostGraduate\backbones\DisperssionWithSADG_ConstraintStyleRegularization\Seg-SADG\BaryFixedCos\a0p08\rho0p5\gb8\sadg0p05\nocons\shot5\Seed2,D:\Running_Place\PostGraduateProjects\Experiments\PostGraduate\backbones\Prompts\Seg-SADG\BaryFixedCos\a0p08\rho0p5\gb8\sadg0p05\nocons\shot5\Seed2
Seg-SADG,Seg-SADG,Seg-SADG,LF-Barycenter-Fixed-Cosine,fixed,cosine,fixed,8,1.0,0.5,0.5,0.5,0.5|0.5|0.5|0.5|0.5|0.5|0.5|0.5,0.08,0.5,0.05,0.05,0.5,0.0001,0.001,0.001,0.01,0.01,1e-06,0.5,style_rho0p5,sadg_rho0p05,9,9,19,19,new_training,5,2,95,0.059698185484324186,0.05940941082579749,0.005775491507457835,0.0,0.0,0.0,0.0,0.0,0.0,0.0,0.0,0.0,0.0,0.052358937582799366,0.10962524850453649,0.05000000000000001,14,23|31|224|171|180,56,all_filtered,9,True,D:\Running_Place\PostGraduateProjects\Experiments\PostGraduate\backbones\DisperssionWithSADG_ConstraintStyleRegularization\Seg-SADG\BaryFixedCos\a0p08\rho0p5\gb8\sadg0p05\nocons\shot5\Seed2,D:\Running_Place\PostGraduateProjects\Experiments\PostGraduate\backbones\Prompts\Seg-SADG\BaryFixedCos\a0p08\rho0p5\gb8\sadg0p05\nocons\shot5\Seed2
Seg-SADG,Seg-SADG,Seg-SADG,LF-Barycenter-Fixed-Cosine,fixed,cosine,fixed,8,1.0,0.5,0.5,0.5,0.5|0.5|0.5|0.5|0.5|0.5|0.5|0.5,0.08,0.5,0.05,0.05,0.5,0.0001,0.001,0.001,0.01,0.01,1e-06,0.5,style_rho0p5,sadg_rho0p05,9,9,19,19,new_training,5,2,96,0.05972581888948168,0.05943215558571475,0.00587327269438122,0.0,0.0,0.0,0.0,0.0,0.0,0.0,0.0,0.0,0.0,0.05199592241219112,0.11652677931955882,0.05000000000000001,14,23|31|224|171|180,56,all_filtered,9,True,D:\Running_Place\PostGraduateProjects\Experiments\PostGraduate\backbones\DisperssionWithSADG_ConstraintStyleRegularization\Seg-SADG\BaryFixedCos\a0p08\rho0p5\gb8\sadg0p05\nocons\shot5\Seed2,D:\Running_Place\PostGraduateProjects\Experiments\PostGraduate\backbones\Prompts\Seg-SADG\BaryFixedCos\a0p08\rho0p5\gb8\sadg0p05\nocons\shot5\Seed2
Seg-SADG,Seg-SADG,Seg-SADG,LF-Barycenter-Fixed-Cosine,fixed,cosine,fixed,8,1.0,0.5,0.5,0.5,0.5|0.5|0.5|0.5|0.5|0.5|0.5|0.5,0.08,0.5,0.05,0.05,0.5,0.0001,0.001,0.001,0.01,0.01,1e-06,0.5,style_rho0p5,sadg_rho0p05,9,9,19,19,new_training,5,2,97,0.058688772044011524,0.05842602226350989,0.00525499479512551,0.0,0.0,0.0,0.0,0.0,0.0,0.0,0.0,0.0,0.0,0.05098598450422287,0.1149058070565973,0.05000000000000001,14,23|31|224|171|180,56,all_filtered,9,True,D:\Running_Place\PostGraduateProjects\Experiments\PostGraduate\backbones\DisperssionWithSADG_ConstraintStyleRegularization\Seg-SADG\BaryFixedCos\a0p08\rho0p5\gb8\sadg0p05\nocons\shot5\Seed2,D:\Running_Place\PostGraduateProjects\Experiments\PostGraduate\backbones\Prompts\Seg-SADG\BaryFixedCos\a0p08\rho0p5\gb8\sadg0p05\nocons\shot5\Seed2
Seg-SADG,Seg-SADG,Seg-SADG,LF-Barycenter-Fixed-Cosine,fixed,cosine,fixed,8,1.0,0.5,0.5,0.5,0.5|0.5|0.5|0.5|0.5|0.5|0.5|0.5,0.08,0.5,0.05,0.05,0.5,0.0001,0.001,0.001,0.01,0.01,1e-06,0.5,style_rho0p5,sadg_rho0p05,9,9,19,19,new_training,5,2,98,0.05710640310176781,0.05683212647480624,0.005485533769907696,0.0,0.0,0.0,0.0,0.0,0.0,0.0,0.0,0.0,0.0,0.04991212460611548,0.10609768969672066,0.05000000000000001,14,23|31|224|171|180,56,all_filtered,9,True,D:\Running_Place\PostGraduateProjects\Experiments\PostGraduate\backbones\DisperssionWithSADG_ConstraintStyleRegularization\Seg-SADG\BaryFixedCos\a0p08\rho0p5\gb8\sadg0p05\nocons\shot5\Seed2,D:\Running_Place\PostGraduateProjects\Experiments\PostGraduate\backbones\Prompts\Seg-SADG\BaryFixedCos\a0p08\rho0p5\gb8\sadg0p05\nocons\shot5\Seed2
Seg-SADG,Seg-SADG,Seg-SADG,LF-Barycenter-Fixed-Cosine,fixed,cosine,fixed,8,1.0,0.5,0.5,0.5,0.5|0.5|0.5|0.5|0.5|0.5|0.5|0.5,0.08,0.5,0.05,0.05,0.5,0.0001,0.001,0.001,0.01,0.01,1e-06,0.5,style_rho0p5,sadg_rho0p05,9,9,19,19,new_training,5,2,99,0.05672750755080155,0.05646511672862938,0.005247816975627627,0.0,0.0,0.0,0.0,0.0,0.0,0.0,0.0,0.0,0.0,0.04945187137595245,0.10985543525644711,0.05000000000000001,14,23|31|224|171|180,56,all_filtered,9,True,D:\Running_Place\PostGraduateProjects\Experiments\PostGraduate\backbones\DisperssionWithSADG_ConstraintStyleRegularization\Seg-SADG\BaryFixedCos\a0p08\rho0p5\gb8\sadg0p05\nocons\shot5\Seed2,D:\Running_Place\PostGraduateProjects\Experiments\PostGraduate\backbones\Prompts\Seg-SADG\BaryFixedCos\a0p08\rho0p5\gb8\sadg0p05\nocons\shot5\Seed2
Seg-SADG,Seg-SADG,Seg-SADG,LF-Barycenter-Fixed-Cosine,fixed,cosine,fixed,8,1.0,0.5,0.5,0.5,0.5|0.5|0.5|0.5|0.5|0.5|0.5|0.5,0.08,0.5,0.05,0.05,0.5,0.0001,0.001,0.001,0.01,0.01,1e-06,0.5,style_rho0p5,sadg_rho0p05,9,9,19,19,new_training,5,2,100,0.05882326566747257,0.05854602503989424,0.005544825457036495,0.0,0.0,0.0,0.0,0.0,0.0,0.0,0.0,0.0,0.0,0.04995487976287093,0.12830254754849843,0.05000000000000001,14,23|31|224|171|180,56,all_filtered,9,True,D:\Running_Place\PostGraduateProjects\Experiments\PostGraduate\backbones\DisperssionWithSADG_ConstraintStyleRegularization\Seg-SADG\BaryFixedCos\a0p08\rho0p5\gb8\sadg0p05\nocons\shot5\Seed2,D:\Running_Place\PostGraduateProjects\Experiments\PostGraduate\backbones\Prompts\Seg-SADG\BaryFixedCos\a0p08\rho0p5\gb8\sadg0p05\nocons\shot5\Seed2
Seg-SADG,Seg-SADG,Seg-SADG,LF-Barycenter-Fixed-Cosine,fixed,cosine,fixed,8,1.0,0.5,0.5,0.5,0.5|0.5|0.5|0.5|0.5|0.5|0.5|0.5,0.08,0.5,0.05,0.05,0.5,0.0001,0.001,0.001,0.01,0.01,1e-06,0.5,style_rho0p5,sadg_rho0p05,9,9,19,19,new_training,5,2,101,0.05825126809733255,0.05796078858630998,0.005809580641133445,0.0,0.0,0.0,0.0,0.0,0.0,0.0,0.0,0.0,0.0,0.04995876257973058,0.12177003015364919,0.05000000000000001,14,23|31|224|171|180,56,all_filtered,9,True,D:\Running_Place\PostGraduateProjects\Experiments\PostGraduate\backbones\DisperssionWithSADG_ConstraintStyleRegularization\Seg-SADG\BaryFixedCos\a0p08\rho0p5\gb8\sadg0p05\nocons\shot5\Seed2,D:\Running_Place\PostGraduateProjects\Experiments\PostGraduate\backbones\Prompts\Seg-SADG\BaryFixedCos\a0p08\rho0p5\gb8\sadg0p05\nocons\shot5\Seed2
Seg-SADG,Seg-SADG,Seg-SADG,LF-Barycenter-Fixed-Cosine,fixed,cosine,fixed,8,1.0,0.5,0.5,0.5,0.5|0.5|0.5|0.5|0.5|0.5|0.5|0.5,0.08,0.5,0.05,0.05,0.5,0.0001,0.001,0.001,0.01,0.01,1e-06,0.5,style_rho0p5,sadg_rho0p05,9,9,19,19,new_training,5,2,102,0.06011774178062167,0.059844527659671645,0.005464282053123627,0.0,0.0,0.0,0.0,0.0,0.0,0.0,0.0,0.0,0.0,0.05063552249755178,0.14087952354124614,0.05000000000000001,14,23|31|224|171|180,56,all_filtered,9,True,D:\Running_Place\PostGraduateProjects\Experiments\PostGraduate\backbones\DisperssionWithSADG_ConstraintStyleRegularization\Seg-SADG\BaryFixedCos\a0p08\rho0p5\gb8\sadg0p05\nocons\shot5\Seed2,D:\Running_Place\PostGraduateProjects\Experiments\PostGraduate\backbones\Prompts\Seg-SADG\BaryFixedCos\a0p08\rho0p5\gb8\sadg0p05\nocons\shot5\Seed2
Seg-SADG,Seg-SADG,Seg-SADG,LF-Barycenter-Fixed-Cosine,fixed,cosine,fixed,8,1.0,0.5,0.5,0.5,0.5|0.5|0.5|0.5|0.5|0.5|0.5|0.5,0.08,0.5,0.05,0.05,0.5,0.0001,0.001,0.001,0.01,0.01,1e-06,0.5,style_rho0p5,sadg_rho0p05,9,9,19,19,new_training,5,2,103,0.057325043848582675,0.057047316538436074,0.0055545315346015355,0.0,0.0,0.0,0.0,0.0,0.0,0.0,0.0,0.0,0.0,0.04917084904653685,0.12355068379214831,0.05000000000000001,14,23|31|224|171|180,56,all_filtered,9,True,D:\Running_Place\PostGraduateProjects\Experiments\PostGraduate\backbones\DisperssionWithSADG_ConstraintStyleRegularization\Seg-SADG\BaryFixedCos\a0p08\rho0p5\gb8\sadg0p05\nocons\shot5\Seed2,D:\Running_Place\PostGraduateProjects\Experiments\PostGraduate\backbones\Prompts\Seg-SADG\BaryFixedCos\a0p08\rho0p5\gb8\sadg0p05\nocons\shot5\Seed2
Seg-SADG,Seg-SADG,Seg-SADG,LF-Barycenter-Fixed-Cosine,fixed,cosine,fixed,8,1.0,0.5,0.5,0.5,0.5|0.5|0.5|0.5|0.5|0.5|0.5|0.5,0.08,0.5,0.05,0.05,0.5,0.0001,0.001,0.001,0.01,0.01,1e-06,0.5,style_rho0p5,sadg_rho0p05,9,9,19,19,new_training,5,2,104,0.05668525317949908,0.05640855883913381,0.005533898016437888,0.0,0.0,0.0,0.0,0.0,0.0,0.0,0.0,0.0,0.0,0.04873507922249181,0.11966221513492721,0.05000000000000001,14,23|31|224|171|180,56,all_filtered,9,True,D:\Running_Place\PostGraduateProjects\Experiments\PostGraduate\backbones\DisperssionWithSADG_ConstraintStyleRegularization\Seg-SADG\BaryFixedCos\a0p08\rho0p5\gb8\sadg0p05\nocons\shot5\Seed2,D:\Running_Place\PostGraduateProjects\Experiments\PostGraduate\backbones\Prompts\Seg-SADG\BaryFixedCos\a0p08\rho0p5\gb8\sadg0p05\nocons\shot5\Seed2
Seg-SADG,Seg-SADG,Seg-SADG,LF-Barycenter-Fixed-Cosine,fixed,cosine,fixed,8,1.0,0.5,0.5,0.5,0.5|0.5|0.5|0.5|0.5|0.5|0.5|0.5,0.08,0.5,0.05,0.05,0.5,0.0001,0.001,0.001,0.01,0.01,1e-06,0.5,style_rho0p5,sadg_rho0p05,9,9,19,19,new_training,5,2,105,0.055931048201663155,0.055662744811603,0.005366059618868998,0.0,0.0,0.0,0.0,0.0,0.0,0.0,0.0,0.0,0.0,0.04783723609788077,0.12092872602599007,0.05000000000000001,14,23|31|224|171|180,56,all_filtered,9,True,D:\Running_Place\PostGraduateProjects\Experiments\PostGraduate\backbones\DisperssionWithSADG_ConstraintStyleRegularization\Seg-SADG\BaryFixedCos\a0p08\rho0p5\gb8\sadg0p05\nocons\shot5\Seed2,D:\Running_Place\PostGraduateProjects\Experiments\PostGraduate\backbones\Prompts\Seg-SADG\BaryFixedCos\a0p08\rho0p5\gb8\sadg0p05\nocons\shot5\Seed2
Seg-SADG,Seg-SADG,Seg-SADG,LF-Barycenter-Fixed-Cosine,fixed,cosine,fixed,8,1.0,0.5,0.5,0.5,0.5|0.5|0.5|0.5|0.5|0.5|0.5|0.5,0.08,0.5,0.05,0.05,0.5,0.0001,0.001,0.001,0.01,0.01,1e-06,0.5,style_rho0p5,sadg_rho0p05,9,9,19,19,new_training,5,2,106,0.056470703067524095,0.05619727314582893,0.005468606549714293,0.0,0.0,0.0,0.0,0.0,0.0,0.0,0.0,0.0,0.0,0.04757516831159592,0.13326773047447205,0.05000000000000001,14,23|31|224|171|180,56,all_filtered,9,True,D:\Running_Place\PostGraduateProjects\Experiments\PostGraduate\backbones\DisperssionWithSADG_ConstraintStyleRegularization\Seg-SADG\BaryFixedCos\a0p08\rho0p5\gb8\sadg0p05\nocons\shot5\Seed2,D:\Running_Place\PostGraduateProjects\Experiments\PostGraduate\backbones\Prompts\Seg-SADG\BaryFixedCos\a0p08\rho0p5\gb8\sadg0p05\nocons\shot5\Seed2
Seg-SADG,Seg-SADG,Seg-SADG,LF-Barycenter-Fixed-Cosine,fixed,cosine,fixed,8,1.0,0.5,0.5,0.5,0.5|0.5|0.5|0.5|0.5|0.5|0.5|0.5,0.08,0.5,0.05,0.05,0.5,0.0001,0.001,0.001,0.01,0.01,1e-06,0.5,style_rho0p5,sadg_rho0p05,9,9,19,19,new_training,5,2,107,0.05537570081651211,0.055111113935709,0.0052917407426450935,0.0,0.0,0.0,0.0,0.0,0.0,0.0,0.0,0.0,0.0,0.047113102461610525,0.12099714257887431,0.05000000000000001,14,23|31|224|171|180,56,all_filtered,9,True,D:\Running_Place\PostGraduateProjects\Experiments\PostGraduate\backbones\DisperssionWithSADG_ConstraintStyleRegularization\Seg-SADG\BaryFixedCos\a0p08\rho0p5\gb8\sadg0p05\nocons\shot5\Seed2,D:\Running_Place\PostGraduateProjects\Experiments\PostGraduate\backbones\Prompts\Seg-SADG\BaryFixedCos\a0p08\rho0p5\gb8\sadg0p05\nocons\shot5\Seed2
Seg-SADG,Seg-SADG,Seg-SADG,LF-Barycenter-Fixed-Cosine,fixed,cosine,fixed,8,1.0,0.5,0.5,0.5,0.5|0.5|0.5|0.5|0.5|0.5|0.5|0.5,0.08,0.5,0.05,0.05,0.5,0.0001,0.001,0.001,0.01,0.01,1e-06,0.5,style_rho0p5,sadg_rho0p05,9,9,19,19,new_training,5,2,108,0.05384454184344837,0.053577531927398274,0.00534020081561591,0.0,0.0,0.0,0.0,0.0,0.0,0.0,0.0,0.0,0.0,0.04612627811729908,0.11310638806649617,0.05000000000000001,14,23|31|224|171|180,56,all_filtered,9,True,D:\Running_Place\PostGraduateProjects\Experiments\PostGraduate\backbones\DisperssionWithSADG_ConstraintStyleRegularization\Seg-SADG\BaryFixedCos\a0p08\rho0p5\gb8\sadg0p05\nocons\shot5\Seed2,D:\Running_Place\PostGraduateProjects\Experiments\PostGraduate\backbones\Prompts\Seg-SADG\BaryFixedCos\a0p08\rho0p5\gb8\sadg0p05\nocons\shot5\Seed2
Seg-SADG,Seg-SADG,Seg-SADG,LF-Barycenter-Fixed-Cosine,fixed,cosine,fixed,8,1.0,0.5,0.5,0.5,0.5|0.5|0.5|0.5|0.5|0.5|0.5|0.5,0.08,0.5,0.05,0.05,0.5,0.0001,0.001,0.001,0.01,0.01,1e-06,0.5,style_rho0p5,sadg_rho0p05,9,9,19,19,new_training,5,2,109,0.053775300937039514,0.05351102325533118,0.005285546233478401,0.0,0.0,0.0,0.0,0.0,0.0,0.0,0.0,0.0,0.0,0.04576187155076435,0.11862084801707949,0.05000000000000001,14,23|31|224|171|180,56,all_filtered,9,True,D:\Running_Place\PostGraduateProjects\Experiments\PostGraduate\backbones\DisperssionWithSADG_ConstraintStyleRegularization\Seg-SADG\BaryFixedCos\a0p08\rho0p5\gb8\sadg0p05\nocons\shot5\Seed2,D:\Running_Place\PostGraduateProjects\Experiments\PostGraduate\backbones\Prompts\Seg-SADG\BaryFixedCos\a0p08\rho0p5\gb8\sadg0p05\nocons\shot5\Seed2
Seg-SADG,Seg-SADG,Seg-SADG,LF-Barycenter-Fixed-Cosine,fixed,cosine,fixed,8,1.0,0.5,0.5,0.5,0.5|0.5|0.5|0.5|0.5|0.5|0.5|0.5,0.08,0.5,0.05,0.05,0.5,0.0001,0.001,0.001,0.01,0.01,1e-06,0.5,style_rho0p5,sadg_rho0p05,9,9,19,19,new_training,5,2,110,0.05397999845445156,0.05370429903268814,0.005513997532294265,0.0,0.0,0.0,0.0,0.0,0.0,0.0,0.0,0.0,0.0,0.04581906061087336,0.12108997787748065,0.05000000000000001,14,23|31|224|171|180,56,all_filtered,9,True,D:\Running_Place\PostGraduateProjects\Experiments\PostGraduate\backbones\DisperssionWithSADG_ConstraintStyleRegularization\Seg-SADG\BaryFixedCos\a0p08\rho0p5\gb8\sadg0p05\nocons\shot5\Seed2,D:\Running_Place\PostGraduateProjects\Experiments\PostGraduate\backbones\Prompts\Seg-SADG\BaryFixedCos\a0p08\rho0p5\gb8\sadg0p05\nocons\shot5\Seed2
Seg-SADG,Seg-SADG,Seg-SADG,LF-Barycenter-Fixed-Cosine,fixed,cosine,fixed,8,1.0,0.5,0.5,0.5,0.5|0.5|0.5|0.5|0.5|0.5|0.5|0.5,0.08,0.5,0.05,0.05,0.5,0.0001,0.001,0.001,0.01,0.01,1e-06,0.5,style_rho0p5,sadg_rho0p05,9,9,19,19,new_training,5,2,111,0.053742505609989166,0.05348399680640016,0.005170171897459243,0.0,0.0,0.0,0.0,0.0,0.0,0.0,0.0,0.0,0.0,0.04582616181245872,0.11999136315924781,0.05000000000000001,14,23|31|224|171|180,56,all_filtered,9,True,D:\Running_Place\PostGraduateProjects\Experiments\PostGraduate\backbones\DisperssionWithSADG_ConstraintStyleRegularization\Seg-SADG\BaryFixedCos\a0p08\rho0p5\gb8\sadg0p05\nocons\shot5\Seed2,D:\Running_Place\PostGraduateProjects\Experiments\PostGraduate\backbones\Prompts\Seg-SADG\BaryFixedCos\a0p08\rho0p5\gb8\sadg0p05\nocons\shot5\Seed2
Seg-SADG,Seg-SADG,Seg-SADG,LF-Barycenter-Fixed-Cosine,fixed,cosine,fixed,8,1.0,0.5,0.5,0.5,0.5|0.5|0.5|0.5|0.5|0.5|0.5|0.5,0.08,0.5,0.05,0.05,0.5,0.0001,0.001,0.001,0.01,0.01,1e-06,0.5,style_rho0p5,sadg_rho0p05,9,9,19,19,new_training,5,2,112,0.05313083130334105,0.052854045161179135,0.005535713330443416,0.0,0.0,0.0,0.0,0.0,0.0,0.0,0.0,0.0,0.0,0.044840428179928234,0.12125690494264875,0.05000000000000001,14,23|31|224|171|180,56,all_filtered,9,True,D:\Running_Place\PostGraduateProjects\Experiments\PostGraduate\backbones\DisperssionWithSADG_ConstraintStyleRegularization\Seg-SADG\BaryFixedCos\a0p08\rho0p5\gb8\sadg0p05\nocons\shot5\Seed2,D:\Running_Place\PostGraduateProjects\Experiments\PostGraduate\backbones\Prompts\Seg-SADG\BaryFixedCos\a0p08\rho0p5\gb8\sadg0p05\nocons\shot5\Seed2
Seg-SADG,Seg-SADG,Seg-SADG,LF-Barycenter-Fixed-Cosine,fixed,cosine,fixed,8,1.0,0.5,0.5,0.5,0.5|0.5|0.5|0.5|0.5|0.5|0.5|0.5,0.08,0.5,0.05,0.05,0.5,0.0001,0.001,0.001,0.01,0.01,1e-06,0.5,style_rho0p5,sadg_rho0p05,9,9,19,19,new_training,5,2,113,0.052987243447984965,0.052736171654292514,0.0050214434574757305,0.0,0.0,0.0,0.0,0.0,0.0,0.0,0.0,0.0,0.0,0.04494156635233334,0.12081468743937356,0.05000000000000001,14,23|31|224|171|180,56,all_filtered,9,True,D:\Running_Place\PostGraduateProjects\Experiments\PostGraduate\backbones\DisperssionWithSADG_ConstraintStyleRegularization\Seg-SADG\BaryFixedCos\a0p08\rho0p5\gb8\sadg0p05\nocons\shot5\Seed2,D:\Running_Place\PostGraduateProjects\Experiments\PostGraduate\backbones\Prompts\Seg-SADG\BaryFixedCos\a0p08\rho0p5\gb8\sadg0p05\nocons\shot5\Seed2
Seg-SADG,Seg-SADG,Seg-SADG,LF-Barycenter-Fixed-Cosine,fixed,cosine,fixed,8,1.0,0.5,0.5,0.5,0.5|0.5|0.5|0.5|0.5|0.5|0.5|0.5,0.08,0.5,0.05,0.05,0.5,0.0001,0.001,0.001,0.01,0.01,1e-06,0.5,style_rho0p5,sadg_rho0p05,9,9,19,19,new_training,5,2,114,0.05175030364521912,0.05148880955364023,0.005229883062254105,0.0,0.0,0.0,0.0,0.0,0.0,0.0,0.0,0.0,0.0,0.043961353333933015,0.1141234662915979,0.05000000000000001,14,23|31|224|171|180,56,all_filtered,9,True,D:\Running_Place\PostGraduateProjects\Experiments\PostGraduate\backbones\DisperssionWithSADG_ConstraintStyleRegularization\Seg-SADG\BaryFixedCos\a0p08\rho0p5\gb8\sadg0p05\nocons\shot5\Seed2,D:\Running_Place\PostGraduateProjects\Experiments\PostGraduate\backbones\Prompts\Seg-SADG\BaryFixedCos\a0p08\rho0p5\gb8\sadg0p05\nocons\shot5\Seed2
Seg-SADG,Seg-SADG,Seg-SADG,LF-Barycenter-Fixed-Cosine,fixed,cosine,fixed,8,1.0,0.5,0.5,0.5,0.5|0.5|0.5|0.5|0.5|0.5|0.5|0.5,0.08,0.5,0.05,0.05,0.5,0.0001,0.001,0.001,0.01,0.01,1e-06,0.5,style_rho0p5,sadg_rho0p05,9,9,19,19,new_training,5,2,115,0.04902782317783151,0.04879046470991203,0.004747166797252638,0.0,0.0,0.0,0.0,0.0,0.0,0.0,0.0,0.0,0.0,0.042165792148028104,0.10483122829880033,0.05000000000000001,14,23|31|224|171|180,56,all_filtered,9,True,D:\Running_Place\PostGraduateProjects\Experiments\PostGraduate\backbones\DisperssionWithSADG_ConstraintStyleRegularization\Seg-SADG\BaryFixedCos\a0p08\rho0p5\gb8\sadg0p05\nocons\shot5\Seed2,D:\Running_Place\PostGraduateProjects\Experiments\PostGraduate\backbones\Prompts\Seg-SADG\BaryFixedCos\a0p08\rho0p5\gb8\sadg0p05\nocons\shot5\Seed2
Seg-SADG,Seg-SADG,Seg-SADG,LF-Barycenter-Fixed-Cosine,fixed,cosine,fixed,8,1.0,0.5,0.5,0.5,0.5|0.5|0.5|0.5|0.5|0.5|0.5|0.5,0.08,0.5,0.05,0.05,0.5,0.0001,0.001,0.001,0.01,0.01,1e-06,0.5,style_rho0p5,sadg_rho0p05,9,9,19,19,new_training,5,2,116,0.05582934910697596,0.05555727066738265,0.005441571386264903,0.0,0.0,0.0,0.0,0.0,0.0,0.0,0.0,0.0,0.0,0.04660146018224103,0.1319528722337314,0.05000000000000001,14,23|31|224|171|180,56,all_filtered,9,True,D:\Running_Place\PostGraduateProjects\Experiments\PostGraduate\backbones\DisperssionWithSADG_ConstraintStyleRegularization\Seg-SADG\BaryFixedCos\a0p08\rho0p5\gb8\sadg0p05\nocons\shot5\Seed2,D:\Running_Place\PostGraduateProjects\Experiments\PostGraduate\backbones\Prompts\Seg-SADG\BaryFixedCos\a0p08\rho0p5\gb8\sadg0p05\nocons\shot5\Seed2
Seg-SADG,Seg-SADG,Seg-SADG,LF-Barycenter-Fixed-Cosine,fixed,cosine,fixed,8,1.0,0.5,0.5,0.5,0.5|0.5|0.5|0.5|0.5|0.5|0.5|0.5,0.08,0.5,0.05,0.05,0.5,0.0001,0.001,0.001,0.01,0.01,1e-06,0.5,style_rho0p5,sadg_rho0p05,9,9,19,19,new_training,5,2,117,0.06647295265325479,0.06616804881819657,0.006098083952175719,0.0,0.0,0.0,0.0,0.0,0.0,0.0,0.0,0.0,0.0,0.054252368797148974,0.17916532339794294,0.05000000000000001,14,23|31|224|171|180,56,all_filtered,9,True,D:\Running_Place\PostGraduateProjects\Experiments\PostGraduate\backbones\DisperssionWithSADG_ConstraintStyleRegularization\Seg-SADG\BaryFixedCos\a0p08\rho0p5\gb8\sadg0p05\nocons\shot5\Seed2,D:\Running_Place\PostGraduateProjects\Experiments\PostGraduate\backbones\Prompts\Seg-SADG\BaryFixedCos\a0p08\rho0p5\gb8\sadg0p05\nocons\shot5\Seed2
Seg-SADG,Seg-SADG,Seg-SADG,LF-Barycenter-Fixed-Cosine,fixed,cosine,fixed,8,1.0,0.5,0.5,0.5,0.5|0.5|0.5|0.5|0.5|0.5|0.5|0.5,0.08,0.5,0.05,0.05,0.5,0.0001,0.001,0.001,0.01,0.01,1e-06,0.5,style_rho0p5,sadg_rho0p05,9,9,19,19,new_training,5,2,118,0.06635989514844758,0.06602868198284081,0.006624264675857765,0.0,0.0,0.0,0.0,0.0,0.0,0.0,0.0,0.0,0.0,0.056219070085457394,0.15908325889280864,0.05000000000000001,14,23|31|224|171|180,56,all_filtered,9,True,D:\Running_Place\PostGraduateProjects\Experiments\PostGraduate\backbones\DisperssionWithSADG_ConstraintStyleRegularization\Seg-SADG\BaryFixedCos\a0p08\rho0p5\gb8\sadg0p05\nocons\shot5\Seed2,D:\Running_Place\PostGraduateProjects\Experiments\PostGraduate\backbones\Prompts\Seg-SADG\BaryFixedCos\a0p08\rho0p5\gb8\sadg0p05\nocons\shot5\Seed2
Seg-SADG,Seg-SADG,Seg-SADG,LF-Barycenter-Fixed-Cosine,fixed,cosine,fixed,8,1.0,0.5,0.5,0.5,0.5|0.5|0.5|0.5|0.5|0.5|0.5|0.5,0.08,0.5,0.05,0.05,0.5,0.0001,0.001,0.001,0.01,0.01,1e-06,0.5,style_rho0p5,sadg_rho0p05,9,9,19,19,new_training,5,2,119,0.06109019901071276,0.060776662081480026,0.006270737653332097,0.0,0.0,0.0,0.0,0.0,0.0,0.0,0.0,0.0,0.0,0.051891532859631946,0.1393060428755624,0.05000000000000001,14,23|31|224|171|180,56,all_filtered,9,True,D:\Running_Place\PostGraduateProjects\Experiments\PostGraduate\backbones\DisperssionWithSADG_ConstraintStyleRegularization\Seg-SADG\BaryFixedCos\a0p08\rho0p5\gb8\sadg0p05\nocons\shot5\Seed2,D:\Running_Place\PostGraduateProjects\Experiments\PostGraduate\backbones\Prompts\Seg-SADG\BaryFixedCos\a0p08\rho0p5\gb8\sadg0p05\nocons\shot5\Seed2
Seg-SADG,Seg-SADG,Seg-SADG,LF-Barycenter-Fixed-Cosine,fixed,cosine,fixed,8,1.0,0.5,0.5,0.5,0.5|0.5|0.5|0.5|0.5|0.5|0.5|0.5,0.08,0.5,0.05,0.05,0.5,0.0001,0.001,0.001,0.01,0.01,1e-06,0.5,style_rho0p5,sadg_rho0p05,9,9,19,19,new_training,5,2,120,0.05662419593759945,0.056328710434692245,0.00590971574586417,0.0,0.0,0.0,0.0,0.0,0.0,0.0,0.0,0.0,0.0,0.04828622830765588,0.12539774445550783,0.05000000000000001,14,23|31|224|171|180,56,all_filtered,9,True,D:\Running_Place\PostGraduateProjects\Experiments\PostGraduate\backbones\DisperssionWithSADG_ConstraintStyleRegularization\Seg-SADG\BaryFixedCos\a0p08\rho0p5\gb8\sadg0p05\nocons\shot5\Seed2,D:\Running_Place\PostGraduateProjects\Experiments\PostGraduate\backbones\Prompts\Seg-SADG\BaryFixedCos\a0p08\rho0p5\gb8\sadg0p05\nocons\shot5\Seed2
Seg-SADG,Seg-SADG,Seg-SADG,LF-Barycenter-Fixed-Cosine,fixed,cosine,fixed,8,1.0,0.5,0.5,0.5,0.5|0.5|0.5|0.5|0.5|0.5|0.5|0.5,0.08,0.5,0.05,0.05,0.5,0.0001,0.001,0.001,0.01,0.01,1e-06,0.5,style_rho0p5,sadg_rho0p05,9,9,19,19,new_training,5,2,121,0.05567387278590884,0.05539565347135067,0.005564391413437468,0.0,0.0,0.0,0.0,0.0,0.0,0.0,0.0,0.0,0.0,0.04682186112872192,0.13118055249963487,0.05000000000000001,14,23|31|224|171|180,56,all_filtered,9,True,D:\Running_Place\PostGraduateProjects\Experiments\PostGraduate\backbones\DisperssionWithSADG_ConstraintStyleRegularization\Seg-SADG\BaryFixedCos\a0p08\rho0p5\gb8\sadg0p05\nocons\shot5\Seed2,D:\Running_Place\PostGraduateProjects\Experiments\PostGraduate\backbones\Prompts\Seg-SADG\BaryFixedCos\a0p08\rho0p5\gb8\sadg0p05\nocons\shot5\Seed2
Seg-SADG,Seg-SADG,Seg-SADG,LF-Barycenter-Fixed-Cosine,fixed,cosine,fixed,8,1.0,0.5,0.5,0.5,0.5|0.5|0.5|0.5|0.5|0.5|0.5|0.5,0.08,0.5,0.05,0.05,0.5,0.0001,0.001,0.001,0.01,0.01,1e-06,0.5,style_rho0p5,sadg_rho0p05,9,9,19,19,new_training,5,2,122,0.05293519768331732,0.052658411008971076,0.005535728397912213,0.0,0.0,0.0,0.0,0.0,0.0,0.0,0.0,0.0,0.0,0.04506079187350614,0.11960383611066001,0.05000000000000001,14,23|31|224|171|180,56,all_filtered,9,True,D:\Running_Place\PostGraduateProjects\Experiments\PostGraduate\backbones\DisperssionWithSADG_ConstraintStyleRegularization\Seg-SADG\BaryFixedCos\a0p08\rho0p5\gb8\sadg0p05\nocons\shot5\Seed2,D:\Running_Place\PostGraduateProjects\Experiments\PostGraduate\backbones\Prompts\Seg-SADG\BaryFixedCos\a0p08\rho0p5\gb8\sadg0p05\nocons\shot5\Seed2
Seg-SADG,Seg-SADG,Seg-SADG,LF-Barycenter-Fixed-Cosine,fixed,cosine,fixed,8,1.0,0.5,0.5,0.5,0.5|0.5|0.5|0.5|0.5|0.5|0.5|0.5,0.08,0.5,0.05,0.05,0.5,0.0001,0.001,0.001,0.01,0.01,1e-06,0.5,style_rho0p5,sadg_rho0p05,9,9,19,19,new_training,5,2,123,0.052327889416899,0.05205898279590266,0.00537812350583928,0.0,0.0,0.0,0.0,0.0,0.0,0.0,0.0,0.0,0.0,0.04407528521759169,0.121455795530762,0.05000000000000001,14,23|31|224|171|180,56,all_filtered,9,True,D:\Running_Place\PostGraduateProjects\Experiments\PostGraduate\backbones\DisperssionWithSADG_ConstraintStyleRegularization\Seg-SADG\BaryFixedCos\a0p08\rho0p5\gb8\sadg0p05\nocons\shot5\Seed2,D:\Running_Place\PostGraduateProjects\Experiments\PostGraduate\backbones\Prompts\Seg-SADG\BaryFixedCos\a0p08\rho0p5\gb8\sadg0p05\nocons\shot5\Seed2
Seg-SADG,Seg-SADG,Seg-SADG,LF-Barycenter-Fixed-Cosine,fixed,cosine,fixed,8,1.0,0.5,0.5,0.5,0.5|0.5|0.5|0.5|0.5|0.5|0.5|0.5,0.08,0.5,0.05,0.05,0.5,0.0001,0.001,0.001,0.01,0.01,1e-06,0.5,style_rho0p5,sadg_rho0p05,9,9,19,19,new_training,5,2,124,0.05236662525151457,0.052106455500636785,0.005203394285802331,0.0,0.0,0.0,0.0,0.0,0.0,0.0,0.0,0.0,0.0,0.043817508699638505,0.12899897300771304,0.05000000000000001,14,23|31|224|171|180,56,all_filtered,9,True,D:\Running_Place\PostGraduateProjects\Experiments\PostGraduate\backbones\DisperssionWithSADG_ConstraintStyleRegularization\Seg-SADG\BaryFixedCos\a0p08\rho0p5\gb8\sadg0p05\nocons\shot5\Seed2,D:\Running_Place\PostGraduateProjects\Experiments\PostGraduate\backbones\Prompts\Seg-SADG\BaryFixedCos\a0p08\rho0p5\gb8\sadg0p05\nocons\shot5\Seed2
Seg-SADG,Seg-SADG,Seg-SADG,LF-Barycenter-Fixed-Cosine,fixed,cosine,fixed,8,1.0,0.5,0.5,0.5,0.5|0.5|0.5|0.5|0.5|0.5|0.5|0.5,0.08,0.5,0.05,0.05,0.5,0.0001,0.001,0.001,0.01,0.01,1e-06,0.5,style_rho0p5,sadg_rho0p05,9,9,19,19,new_training,5,2,125,0.049791826733521054,0.04952489185546126,0.005338699640040951,0.0,0.0,0.0,0.0,0.0,0.0,0.0,0.0,0.0,0.0,0.04227307225976672,0.11007180331008774,0.05000000000000001,14,23|31|224|171|180,56,all_filtered,9,True,D:\Running_Place\PostGraduateProjects\Experiments\PostGraduate\backbones\DisperssionWithSADG_ConstraintStyleRegularization\Seg-SADG\BaryFixedCos\a0p08\rho0p5\gb8\sadg0p05\nocons\shot5\Seed2,D:\Running_Place\PostGraduateProjects\Experiments\PostGraduate\backbones\Prompts\Seg-SADG\BaryFixedCos\a0p08\rho0p5\gb8\sadg0p05\nocons\shot5\Seed2
Seg-SADG,Seg-SADG,Seg-SADG,LF-Barycenter-Fixed-Cosine,fixed,cosine,fixed,8,1.0,0.5,0.5,0.5,0.5|0.5|0.5|0.5|0.5|0.5|0.5|0.5,0.08,0.5,0.05,0.05,0.5,0.0001,0.001,0.001,0.01,0.01,1e-06,0.5,style_rho0p5,sadg_rho0p05,9,9,19,19,new_training,5,2,126,0.04787706530519894,0.04762764727430684,0.004988363810947963,0.0,0.0,0.0,0.0,0.0,0.0,0.0,0.0,0.0,0.0,0.04110525974205562,0.10144886480910438,0.05000000000000001,14,23|31|224|171|180,56,all_filtered,9,True,D:\Running_Place\PostGraduateProjects\Experiments\PostGraduate\backbones\DisperssionWithSADG_ConstraintStyleRegularization\Seg-SADG\BaryFixedCos\a0p08\rho0p5\gb8\sadg0p05\nocons\shot5\Seed2,D:\Running_Place\PostGraduateProjects\Experiments\PostGraduate\backbones\Prompts\Seg-SADG\BaryFixedCos\a0p08\rho0p5\gb8\sadg0p05\nocons\shot5\Seed2
Seg-SADG,Seg-SADG,Seg-SADG,LF-Barycenter-Fixed-Cosine,fixed,cosine,fixed,8,1.0,0.5,0.5,0.5,0.5|0.5|0.5|0.5|0.5|0.5|0.5|0.5,0.08,0.5,0.05,0.05,0.5,0.0001,0.001,0.001,0.01,0.01,1e-06,0.5,style_rho0p5,sadg_rho0p05,9,9,19,19,new_training,5,2,127,0.0479040438575404,0.047643889273915975,0.005203098707300212,0.0,0.0,0.0,0.0,0.0,0.0,0.0,0.0,0.0,0.0,0.04071788888956819,0.10690365359187126,0.05000000000000001,14,23|31|224|171|180,56,all_filtered,9,True,D:\Running_Place\PostGraduateProjects\Experiments\PostGraduate\backbones\DisperssionWithSADG_ConstraintStyleRegularization\Seg-SADG\BaryFixedCos\a0p08\rho0p5\gb8\sadg0p05\nocons\shot5\Seed2,D:\Running_Place\PostGraduateProjects\Experiments\PostGraduate\backbones\Prompts\Seg-SADG\BaryFixedCos\a0p08\rho0p5\gb8\sadg0p05\nocons\shot5\Seed2
Seg-SADG,Seg-SADG,Seg-SADG,LF-Barycenter-Fixed-Cosine,fixed,cosine,fixed,8,1.0,0.5,0.5,0.5,0.5|0.5|0.5|0.5|0.5|0.5|0.5|0.5,0.08,0.5,0.05,0.05,0.5,0.0001,0.001,0.001,0.01,0.01,1e-06,0.5,style_rho0p5,sadg_rho0p05,9,9,19,19,new_training,5,2,128,0.04903015760438783,0.04878624635083335,0.0048782264015504295,0.0,0.0,0.0,0.0,0.0,0.0,0.0,0.0,0.0,0.0,0.04084488031055246,0.12099937934960638,0.05000000000000001,14,23|31|224|171|180,56,all_filtered,9,True,D:\Running_Place\PostGraduateProjects\Experiments\PostGraduate\backbones\DisperssionWithSADG_ConstraintStyleRegularization\Seg-SADG\BaryFixedCos\a0p08\rho0p5\gb8\sadg0p05\nocons\shot5\Seed2,D:\Running_Place\PostGraduateProjects\Experiments\PostGraduate\backbones\Prompts\Seg-SADG\BaryFixedCos\a0p08\rho0p5\gb8\sadg0p05\nocons\shot5\Seed2
Seg-SADG,Seg-SADG,Seg-SADG,LF-Barycenter-Fixed-Cosine,fixed,cosine,fixed,8,1.0,0.5,0.5,0.5,0.5|0.5|0.5|0.5|0.5|0.5|0.5|0.5,0.08,0.5,0.05,0.05,0.5,0.0001,0.001,0.001,0.01,0.01,1e-06,0.5,style_rho0p5,sadg_rho0p05,9,9,19,19,new_training,5,2,129,0.047870430030993054,0.04763434774109295,0.004721642455219158,0.0,0.0,0.0,0.0,0.0,0.0,0.0,0.0,0.0,0.0,0.040429320984653065,0.11349481344223022,0.05000000000000001,14,23|31|224|171|180,56,all_filtered,9,True,D:\Running_Place\PostGraduateProjects\Experiments\PostGraduate\backbones\DisperssionWithSADG_ConstraintStyleRegularization\Seg-SADG\BaryFixedCos\a0p08\rho0p5\gb8\sadg0p05\nocons\shot5\Seed2,D:\Running_Place\PostGraduateProjects\Experiments\PostGraduate\backbones\Prompts\Seg-SADG\BaryFixedCos\a0p08\rho0p5\gb8\sadg0p05\nocons\shot5\Seed2
Seg-SADG,Seg-SADG,Seg-SADG,LF-Barycenter-Fixed-Cosine,fixed,cosine,fixed,8,1.0,0.5,0.5,0.5,0.5|0.5|0.5|0.5|0.5|0.5|0.5|0.5,0.08,0.5,0.05,0.05,0.5,0.0001,0.001,0.001,0.01,0.01,1e-06,0.5,style_rho0p5,sadg_rho0p05,9,9,19,19,new_training,5,2,130,0.046956870438797135,0.046703622809478214,0.005064954282715917,0.0,0.0,0.0,0.0,0.0,0.0,0.0,0.0,0.0,0.0,0.03974959280874048,0.10940677193658692,0.05000000000000001,14,23|31|224|171|180,56,all_filtered,9,True,D:\Running_Place\PostGraduateProjects\Experiments\PostGraduate\backbones\DisperssionWithSADG_ConstraintStyleRegularization\Seg-SADG\BaryFixedCos\a0p08\rho0p5\gb8\sadg0p05\nocons\shot5\Seed2,D:\Running_Place\PostGraduateProjects\Experiments\PostGraduate\backbones\Prompts\Seg-SADG\BaryFixedCos\a0p08\rho0p5\gb8\sadg0p05\nocons\shot5\Seed2
Seg-SADG,Seg-SADG,Seg-SADG,LF-Barycenter-Fixed-Cosine,fixed,cosine,fixed,8,1.0,0.5,0.5,0.5,0.5|0.5|0.5|0.5|0.5|0.5|0.5|0.5,0.08,0.5,0.05,0.05,0.5,0.0001,0.001,0.001,0.01,0.01,1e-06,0.5,style_rho0p5,sadg_rho0p05,9,9,19,19,new_training,5,2,131,0.04616607326482024,0.04591304303279945,0.005060604723569538,0.0,0.0,0.0,0.0,0.0,0.0,0.0,0.0,0.0,0.0,0.038991830710853846,0.1061326265335083,0.05000000000000001,14,23|31|224|171|180,56,all_filtered,9,True,D:\Running_Place\PostGraduateProjects\Experiments\PostGraduate\backbones\DisperssionWithSADG_ConstraintStyleRegularization\Seg-SADG\BaryFixedCos\a0p08\rho0p5\gb8\sadg0p05\nocons\shot5\Seed2,D:\Running_Place\PostGraduateProjects\Experiments\PostGraduate\backbones\Prompts\Seg-SADG\BaryFixedCos\a0p08\rho0p5\gb8\sadg0p05\nocons\shot5\Seed2
Seg-SADG,Seg-SADG,Seg-SADG,LF-Barycenter-Fixed-Cosine,fixed,cosine,fixed,8,1.0,0.5,0.5,0.5,0.5|0.5|0.5|0.5|0.5|0.5|0.5|0.5,0.08,0.5,0.05,0.05,0.5,0.0001,0.001,0.001,0.01,0.01,1e-06,0.5,style_rho0p5,sadg_rho0p05,9,9,19,19,new_training,5,2,132,0.04888045095971653,0.04864659985261304,0.0046770177016566905,0.0,0.0,0.0,0.0,0.0,0.0,0.0,0.0,0.0,0.0,0.04011212741690023,0.12417823182685035,0.05000000000000001,14,23|31|224|171|180,56,all_filtered,9,True,D:\Running_Place\PostGraduateProjects\Experiments\PostGraduate\backbones\DisperssionWithSADG_ConstraintStyleRegularization\Seg-SADG\BaryFixedCos\a0p08\rho0p5\gb8\sadg0p05\nocons\shot5\Seed2,D:\Running_Place\PostGraduateProjects\Experiments\PostGraduate\backbones\Prompts\Seg-SADG\BaryFixedCos\a0p08\rho0p5\gb8\sadg0p05\nocons\shot5\Seed2
Seg-SADG,Seg-SADG,Seg-SADG,LF-Barycenter-Fixed-Cosine,fixed,cosine,fixed,8,1.0,0.5,0.5,0.5,0.5|0.5|0.5|0.5|0.5|0.5|0.5|0.5,0.08,0.5,0.05,0.05,0.5,0.0001,0.001,0.001,0.01,0.01,1e-06,0.5,style_rho0p5,sadg_rho0p05,9,9,19,19,new_training,5,2,133,0.045788624456950595,0.045552655522312434,0.004719368697676275,0.0,0.0,0.0,0.0,0.0,0.0,0.0,0.0,0.0,0.0,0.039405757295233865,0.10033630952239037,0.05000000000000001,14,23|31|224|171|180,56,all_filtered,9,True,D:\Running_Place\PostGraduateProjects\Experiments\PostGraduate\backbones\DisperssionWithSADG_ConstraintStyleRegularization\Seg-SADG\BaryFixedCos\a0p08\rho0p5\gb8\sadg0p05\nocons\shot5\Seed2,D:\Running_Place\PostGraduateProjects\Experiments\PostGraduate\backbones\Prompts\Seg-SADG\BaryFixedCos\a0p08\rho0p5\gb8\sadg0p05\nocons\shot5\Seed2
Seg-SADG,Seg-SADG,Seg-SADG,LF-Barycenter-Fixed-Cosine,fixed,cosine,fixed,8,1.0,0.5,0.5,0.5,0.5|0.5|0.5|0.5|0.5|0.5|0.5|0.5,0.08,0.5,0.05,0.05,0.5,0.0001,0.001,0.001,0.01,0.01,1e-06,0.5,style_rho0p5,sadg_rho0p05,9,9,19,19,new_training,5,2,134,0.046136939099856784,0.04589514248073101,0.004835934444729771,0.0,0.0,0.0,0.0,0.0,0.0,0.0,0.0,0.0,0.0,0.03867255949548313,0.11125962329762322,0.05000000000000001,14,23|31|224|171|180,56,all_filtered,9,True,D:\Running_Place\PostGraduateProjects\Experiments\PostGraduate\backbones\DisperssionWithSADG_ConstraintStyleRegularization\Seg-SADG\BaryFixedCos\a0p08\rho0p5\gb8\sadg0p05\nocons\shot5\Seed2,D:\Running_Place\PostGraduateProjects\Experiments\PostGraduate\backbones\Prompts\Seg-SADG\BaryFixedCos\a0p08\rho0p5\gb8\sadg0p05\nocons\shot5\Seed2
Seg-SADG,Seg-SADG,Seg-SADG,LF-Barycenter-Fixed-Cosine,fixed,cosine,fixed,8,1.0,0.5,0.5,0.5,0.5|0.5|0.5|0.5|0.5|0.5|0.5|0.5,0.08,0.5,0.05,0.05,0.5,0.0001,0.001,0.001,0.01,0.01,1e-06,0.5,style_rho0p5,sadg_rho0p05,9,9,19,19,new_training,5,2,135,0.045831351940120967,0.045589452875511985,0.0048379756210904035,0.0,0.0,0.0,0.0,0.0,0.0,0.0,0.0,0.0,0.0,0.03822573513856956,0.11304885095783643,0.05000000000000001,14,23|31|224|171|180,56,all_filtered,9,True,D:\Running_Place\PostGraduateProjects\Experiments\PostGraduate\backbones\DisperssionWithSADG_ConstraintStyleRegularization\Seg-SADG\BaryFixedCos\a0p08\rho0p5\gb8\sadg0p05\nocons\shot5\Seed2,D:\Running_Place\PostGraduateProjects\Experiments\PostGraduate\backbones\Prompts\Seg-SADG\BaryFixedCos\a0p08\rho0p5\gb8\sadg0p05\nocons\shot5\Seed2
Seg-SADG,Seg-SADG,Seg-SADG,LF-Barycenter-Fixed-Cosine,fixed,cosine,fixed,8,1.0,0.5,0.5,0.5,0.5|0.5|0.5|0.5|0.5|0.5|0.5|0.5,0.08,0.5,0.05,0.05,0.5,0.0001,0.001,0.001,0.01,0.01,1e-06,0.5,style_rho0p5,sadg_rho0p05,9,9,19,19,new_training,5,2,136,0.04640614294580051,0.046171661998544423,0.004689620707982353,0.0,0.0,0.0,0.0,0.0,0.0,0.0,0.0,0.0,0.0,0.0382203430469547,0.12222688591906003,0.05000000000000001,14,23|31|224|171|180,56,all_filtered,9,True,D:\Running_Place\PostGraduateProjects\Experiments\PostGraduate\backbones\DisperssionWithSADG_ConstraintStyleRegularization\Seg-SADG\BaryFixedCos\a0p08\rho0p5\gb8\sadg0p05\nocons\shot5\Seed2,D:\Running_Place\PostGraduateProjects\Experiments\PostGraduate\backbones\Prompts\Seg-SADG\BaryFixedCos\a0p08\rho0p5\gb8\sadg0p05\nocons\shot5\Seed2
Seg-SADG,Seg-SADG,Seg-SADG,LF-Barycenter-Fixed-Cosine,fixed,cosine,fixed,8,1.0,0.5,0.5,0.5,0.5|0.5|0.5|0.5|0.5|0.5|0.5|0.5,0.08,0.5,0.05,0.05,0.5,0.0001,0.001,0.001,0.01,0.01,1e-06,0.5,style_rho0p5,sadg_rho0p05,9,9,19,19,new_training,5,2,137,0.045086217778069634,0.044863956315176826,0.004445226879657379,0.0,0.0,0.0,0.0,0.0,0.0,0.0,0.0,0.0,0.0,0.03757308596479041,0.11756950989365578,0.05000000000000001,14,23|31|224|171|180,56,all_filtered,9,True,D:\Running_Place\PostGraduateProjects\Experiments\PostGraduate\backbones\DisperssionWithSADG_ConstraintStyleRegularization\Seg-SADG\BaryFixedCos\a0p08\rho0p5\gb8\sadg0p05\nocons\shot5\Seed2,D:\Running_Place\PostGraduateProjects\Experiments\PostGraduate\backbones\Prompts\Seg-SADG\BaryFixedCos\a0p08\rho0p5\gb8\sadg0p05\nocons\shot5\Seed2
Seg-SADG,Seg-SADG,Seg-SADG,LF-Barycenter-Fixed-Cosine,fixed,cosine,fixed,8,1.0,0.5,0.5,0.5,0.5|0.5|0.5|0.5|0.5|0.5|0.5|0.5,0.08,0.5,0.05,0.05,0.5,0.0001,0.001,0.001,0.01,0.01,1e-06,0.5,style_rho0p5,sadg_rho0p05,9,9,19,19,new_training,5,2,138,0.045560115948319435,0.04533022775181702,0.004597760620526969,0.0,0.0,0.0,0.0,0.0,0.0,0.0,0.0,0.0,0.0,0.037215136523757665,0.12387742581112045,0.05000000000000001,14,23|31|224|171|180,56,all_filtered,9,True,D:\Running_Place\PostGraduateProjects\Experiments\PostGraduate\backbones\DisperssionWithSADG_ConstraintStyleRegularization\Seg-SADG\BaryFixedCos\a0p08\rho0p5\gb8\sadg0p05\nocons\shot5\Seed2,D:\Running_Place\PostGraduateProjects\Experiments\PostGraduate\backbones\Prompts\Seg-SADG\BaryFixedCos\a0p08\rho0p5\gb8\sadg0p05\nocons\shot5\Seed2
Seg-SADG,Seg-SADG,Seg-SADG,LF-Barycenter-Fixed-Cosine,fixed,cosine,fixed,8,1.0,0.5,0.5,0.5,0.5|0.5|0.5|0.5|0.5|0.5|0.5|0.5,0.08,0.5,0.05,0.05,0.5,0.0001,0.001,0.001,0.01,0.01,1e-06,0.5,style_rho0p5,sadg_rho0p05,9,9,19,19,new_training,5,2,139,0.04376042155282838,0.04353424161672592,0.004523597807357354,0.0,0.0,0.0,0.0,0.0,0.0,0.0,0.0,0.0,0.0,0.03669731451996735,0.1063869728573731,0.05000000000000001,14,23|31|224|171|180,56,all_filtered,9,True,D:\Running_Place\PostGraduateProjects\Experiments\PostGraduate\backbones\DisperssionWithSADG_ConstraintStyleRegularization\Seg-SADG\BaryFixedCos\a0p08\rho0p5\gb8\sadg0p05\nocons\shot5\Seed2,D:\Running_Place\PostGraduateProjects\Experiments\PostGraduate\backbones\Prompts\Seg-SADG\BaryFixedCos\a0p08\rho0p5\gb8\sadg0p05\nocons\shot5\Seed2
Seg-SADG,Seg-SADG,Seg-SADG,LF-Barycenter-Fixed-Cosine,fixed,cosine,fixed,8,1.0,0.5,0.5,0.5,0.5|0.5|0.5|0.5|0.5|0.5|0.5|0.5,0.08,0.5,0.05,0.05,0.5,0.0001,0.001,0.001,0.01,0.01,1e-06,0.5,style_rho0p5,sadg_rho0p05,9,9,19,19,new_training,5,2,140,0.04384869975703103,0.04362591169774532,0.004455767255941672,0.0,0.0,0.0,0.0,0.0,0.0,0.0,0.0,0.0,0.0,0.03620497190526554,0.11411146074533463,0.05000000000000001,14,23|31|224|171|180,56,all_filtered,9,True,D:\Running_Place\PostGraduateProjects\Experiments\PostGraduate\backbones\DisperssionWithSADG_ConstraintStyleRegularization\Seg-SADG\BaryFixedCos\a0p08\rho0p5\gb8\sadg0p05\nocons\shot5\Seed2,D:\Running_Place\PostGraduateProjects\Experiments\PostGraduate\backbones\Prompts\Seg-SADG\BaryFixedCos\a0p08\rho0p5\gb8\sadg0p05\nocons\shot5\Seed2
Seg-SADG,Seg-SADG,Seg-SADG,LF-Barycenter-Fixed-Cosine,fixed,cosine,fixed,8,1.0,0.5,0.5,0.5,0.5|0.5|0.5|0.5|0.5|0.5|0.5|0.5,0.08,0.5,0.05,0.05,0.5,0.0001,0.001,0.001,0.01,0.01,1e-06,0.5,style_rho0p5,sadg_rho0p05,9,9,19,19,new_training,5,2,141,0.04295857649828706,0.0427421900842871,0.004327730425367398,0.0,0.0,0.0,0.0,0.0,0.0,0.0,0.0,0.0,0.0,0.035870871639677455,0.10864913463592529,0.05000000000000001,14,23|31|224|171|180,56,all_filtered,9,True,D:\Running_Place\PostGraduateProjects\Experiments\PostGraduate\backbones\DisperssionWithSADG_ConstraintStyleRegularization\Seg-SADG\BaryFixedCos\a0p08\rho0p5\gb8\sadg0p05\nocons\shot5\Seed2,D:\Running_Place\PostGraduateProjects\Experiments\PostGraduate\backbones\Prompts\Seg-SADG\BaryFixedCos\a0p08\rho0p5\gb8\sadg0p05\nocons\shot5\Seed2
Seg-SADG,Seg-SADG,Seg-SADG,LF-Barycenter-Fixed-Cosine,fixed,cosine,fixed,8,1.0,0.5,0.5,0.5,0.5|0.5|0.5|0.5|0.5|0.5|0.5|0.5,0.08,0.5,0.05,0.05,0.5,0.0001,0.001,0.001,0.01,0.01,1e-06,0.5,style_rho0p5,sadg_rho0p05,9,9,19,19,new_training,5,2,142,0.042612495965191295,0.04239989018865994,0.004252112154582781,0.0,0.0,0.0,0.0,0.0,0.0,0.0,0.0,0.0,0.0,0.03563913543309484,0.10539998539856502,0.05000000000000001,14,23|31|224|171|180,56,all_filtered,9,True,D:\Running_Place\PostGraduateProjects\Experiments\PostGraduate\backbones\DisperssionWithSADG_ConstraintStyleRegularization\Seg-SADG\BaryFixedCos\a0p08\rho0p5\gb8\sadg0p05\nocons\shot5\Seed2,D:\Running_Place\PostGraduateProjects\Experiments\PostGraduate\backbones\Prompts\Seg-SADG\BaryFixedCos\a0p08\rho0p5\gb8\sadg0p05\nocons\shot5\Seed2
Seg-SADG,Seg-SADG,Seg-SADG,LF-Barycenter-Fixed-Cosine,fixed,cosine,fixed,8,1.0,0.5,0.5,0.5,0.5|0.5|0.5|0.5|0.5|0.5|0.5|0.5,0.08,0.5,0.05,0.05,0.5,0.0001,0.001,0.001,0.01,0.01,1e-06,0.5,style_rho0p5,sadg_rho0p05,9,9,19,19,new_training,5,2,143,0.043000009176986556,0.04278320872357914,0.004336012627131173,0.0,0.0,0.0,0.0,0.0,0.0,0.0,0.0,0.0,0.0,0.03542812168598175,0.11403341059173856,0.05000000000000001,14,23|31|224|171|180,56,all_filtered,9,True,D:\Running_Place\PostGraduateProjects\Experiments\PostGraduate\backbones\DisperssionWithSADG_ConstraintStyleRegularization\Seg-SADG\BaryFixedCos\a0p08\rho0p5\gb8\sadg0p05\nocons\shot5\Seed2,D:\Running_Place\PostGraduateProjects\Experiments\PostGraduate\backbones\Prompts\Seg-SADG\BaryFixedCos\a0p08\rho0p5\gb8\sadg0p05\nocons\shot5\Seed2
Seg-SADG,Seg-SADG,Seg-SADG,LF-Barycenter-Fixed-Cosine,fixed,cosine,fixed,8,1.0,0.5,0.5,0.5,0.5|0.5|0.5|0.5|0.5|0.5|0.5|0.5,0.08,0.5,0.05,0.05,0.5,0.0001,0.001,0.001,0.01,0.01,1e-06,0.5,style_rho0p5,sadg_rho0p05,9,9,19,19,new_training,5,2,144,0.04287907135273729,0.042675278282591274,0.0040758601556132945,0.0,0.0,0.0,0.0,0.0,0.0,0.0,0.0,0.0,0.0,0.03507897896426065,0.11341226952416557,0.05000000000000001,14,23|31|224|171|180,56,all_filtered,9,True,D:\Running_Place\PostGraduateProjects\Experiments\PostGraduate\backbones\DisperssionWithSADG_ConstraintStyleRegularization\Seg-SADG\BaryFixedCos\a0p08\rho0p5\gb8\sadg0p05\nocons\shot5\Seed2,D:\Running_Place\PostGraduateProjects\Experiments\PostGraduate\backbones\Prompts\Seg-SADG\BaryFixedCos\a0p08\rho0p5\gb8\sadg0p05\nocons\shot5\Seed2
Seg-SADG,Seg-SADG,Seg-SADG,LF-Barycenter-Fixed-Cosine,fixed,cosine,fixed,8,1.0,0.5,0.5,0.5,0.5|0.5|0.5|0.5|0.5|0.5|0.5|0.5,0.08,0.5,0.05,0.05,0.5,0.0001,0.001,0.001,0.01,0.01,1e-06,0.5,style_rho0p5,sadg_rho0p05,9,9,19,19,new_training,5,2,145,0.04241686846528735,0.042205651689852984,0.004224326345138252,0.0,0.0,0.0,0.0,0.0,0.0,0.0,0.0,0.0,0.0,0.03485229731138263,0.11335804685950279,0.05000000000000001,14,23|31|224|171|180,56,all_filtered,9,True,D:\Running_Place\PostGraduateProjects\Experiments\PostGraduate\backbones\DisperssionWithSADG_ConstraintStyleRegularization\Seg-SADG\BaryFixedCos\a0p08\rho0p5\gb8\sadg0p05\nocons\shot5\Seed2,D:\Running_Place\PostGraduateProjects\Experiments\PostGraduate\backbones\Prompts\Seg-SADG\BaryFixedCos\a0p08\rho0p5\gb8\sadg0p05\nocons\shot5\Seed2
Seg-SADG,Seg-SADG,Seg-SADG,LF-Barycenter-Fixed-Cosine,fixed,cosine,fixed,8,1.0,0.5,0.5,0.5,0.5|0.5|0.5|0.5|0.5|0.5|0.5|0.5,0.08,0.5,0.05,0.05,0.5,0.0001,0.001,0.001,0.01,0.01,1e-06,0.5,style_rho0p5,sadg_rho0p05,9,9,19,19,new_training,5,2,146,0.0420726729290826,0.04186251999012062,0.004203062887037439,0.0,0.0,0.0,0.0,0.0,0.0,0.0,0.0,0.0,0.0,0.034619523478405814,0.11035971130643572,0.05000000000000001,14,23|31|224|171|180,56,all_filtered,9,True,D:\Running_Place\PostGraduateProjects\Experiments\PostGraduate\backbones\DisperssionWithSADG_ConstraintStyleRegularization\Seg-SADG\BaryFixedCos\a0p08\rho0p5\gb8\sadg0p05\nocons\shot5\Seed2,D:\Running_Place\PostGraduateProjects\Experiments\PostGraduate\backbones\Prompts\Seg-SADG\BaryFixedCos\a0p08\rho0p5\gb8\sadg0p05\nocons\shot5\Seed2
Seg-SADG,Seg-SADG,Seg-SADG,LF-Barycenter-Fixed-Cosine,fixed,cosine,fixed,8,1.0,0.5,0.5,0.5,0.5|0.5|0.5|0.5|0.5|0.5|0.5|0.5,0.08,0.5,0.05,0.05,0.5,0.0001,0.001,0.001,0.01,0.01,1e-06,0.5,style_rho0p5,sadg_rho0p05,9,9,19,19,new_training,5,2,147,0.03961000804390226,0.03942169089402471,0.0037663433800584505,0.0,0.0,0.0,0.0,0.0,0.0,0.0,0.0,0.0,0.0,0.033349549930010526,0.09528987322534833,0.05000000000000001,14,23|31|224|171|180,56,all_filtered,9,True,D:\Running_Place\PostGraduateProjects\Experiments\PostGraduate\backbones\DisperssionWithSADG_ConstraintStyleRegularization\Seg-SADG\BaryFixedCos\a0p08\rho0p5\gb8\sadg0p05\nocons\shot5\Seed2,D:\Running_Place\PostGraduateProjects\Experiments\PostGraduate\backbones\Prompts\Seg-SADG\BaryFixedCos\a0p08\rho0p5\gb8\sadg0p05\nocons\shot5\Seed2
Seg-SADG,Seg-SADG,Seg-SADG,LF-Barycenter-Fixed-Cosine,fixed,cosine,fixed,8,1.0,0.5,0.5,0.5,0.5|0.5|0.5|0.5|0.5|0.5|0.5|0.5,0.08,0.5,0.05,0.05,0.5,0.0001,0.001,0.001,0.01,0.01,1e-06,0.5,style_rho0p5,sadg_rho0p05,9,9,19,19,new_training,5,2,148,0.03887793608009815,0.03867767405297075,0.004005238114457045,0.0,0.0,0.0,0.0,0.0,0.0,0.0,0.0,0.0,0.0,0.03259582631289959,0.09533901778714997,0.05000000000000001,14,23|31|224|171|180,56,all_filtered,9,True,D:\Running_Place\PostGraduateProjects\Experiments\PostGraduate\backbones\DisperssionWithSADG_ConstraintStyleRegularization\Seg-SADG\BaryFixedCos\a0p08\rho0p5\gb8\sadg0p05\nocons\shot5\Seed2,D:\Running_Place\PostGraduateProjects\Experiments\PostGraduate\backbones\Prompts\Seg-SADG\BaryFixedCos\a0p08\rho0p5\gb8\sadg0p05\nocons\shot5\Seed2
Seg-SADG,Seg-SADG,Seg-SADG,LF-Barycenter-Fixed-Cosine,fixed,cosine,fixed,8,1.0,0.5,0.5,0.5,0.5|0.5|0.5|0.5|0.5|0.5|0.5|0.5,0.08,0.5,0.05,0.05,0.5,0.0001,0.001,0.001,0.01,0.01,1e-06,0.5,style_rho0p5,sadg_rho0p05,9,9,19,19,new_training,5,2,149,0.04129517717020852,0.04110478476754257,0.0038078530924394727,0.0,0.0,0.0,0.0,0.0,0.0,0.0,0.0,0.0,0.0,0.03360304156584399,0.11833078520638603,0.05000000000000001,14,23|31|224|171|180,56,all_filtered,9,True,D:\Running_Place\PostGraduateProjects\Experiments\PostGraduate\backbones\DisperssionWithSADG_ConstraintStyleRegularization\Seg-SADG\BaryFixedCos\a0p08\rho0p5\gb8\sadg0p05\nocons\shot5\Seed2,D:\Running_Place\PostGraduateProjects\Experiments\PostGraduate\backbones\Prompts\Seg-SADG\BaryFixedCos\a0p08\rho0p5\gb8\sadg0p05\nocons\shot5\Seed2
Seg-SADG,Seg-SADG,Seg-SADG,LF-Barycenter-Fixed-Cosine,fixed,cosine,fixed,8,1.0,0.5,0.5,0.5,0.5|0.5|0.5|0.5|0.5|0.5|0.5|0.5,0.08,0.5,0.05,0.05,0.5,0.0001,0.001,0.001,0.01,0.01,1e-06,0.5,style_rho0p5,sadg_rho0p05,9,9,19,19,new_training,5,2,150,0.04182230734399387,0.0416209769568273,0.004026605365132647,0.0,0.0,0.0,0.0,0.0,0.0,0.0,0.0,0.0,0.0,0.0338728040722864,0.12044017123324531,0.05000000000000001,14,23|31|224|171|180,56,all_filtered,9,True,D:\Running_Place\PostGraduateProjects\Experiments\PostGraduate\backbones\DisperssionWithSADG_ConstraintStyleRegularization\Seg-SADG\BaryFixedCos\a0p08\rho0p5\gb8\sadg0p05\nocons\shot5\Seed2,D:\Running_Place\PostGraduateProjects\Experiments\PostGraduate\backbones\Prompts\Seg-SADG\BaryFixedCos\a0p08\rho0p5\gb8\sadg0p05\nocons\shot5\Seed2
Seg-SADG,Seg-SADG,Seg-SADG,LF-Barycenter-Fixed-Cosine,fixed,cosine,fixed,8,1.0,0.5,0.5,0.5,0.5|0.5|0.5|0.5|0.5|0.5|0.5|0.5,0.08,0.5,0.05,0.05,0.5,0.0001,0.001,0.001,0.01,0.01,1e-06,0.5,style_rho0p5,sadg_rho0p05,9,9,19,19,new_training,5,2,151,0.04015568723636014,0.03994797595909664,0.004154218942858279,0.0,0.0,0.0,0.0,0.0,0.0,0.0,0.0,0.0,0.0,0.03299104502158506,0.10916349451456751,0.05000000000000001,14,23|31|224|171|180,56,all_filtered,9,True,D:\Running_Place\PostGraduateProjects\Experiments\PostGraduate\backbones\DisperssionWithSADG_ConstraintStyleRegularization\Seg-SADG\BaryFixedCos\a0p08\rho0p5\gb8\sadg0p05\nocons\shot5\Seed2,D:\Running_Place\PostGraduateProjects\Experiments\PostGraduate\backbones\Prompts\Seg-SADG\BaryFixedCos\a0p08\rho0p5\gb8\sadg0p05\nocons\shot5\Seed2
Seg-SADG,Seg-SADG,Seg-SADG,LF-Barycenter-Fixed-Cosine,fixed,cosine,fixed,8,1.0,0.5,0.5,0.5,0.5|0.5|0.5|0.5|0.5|0.5|0.5|0.5,0.08,0.5,0.05,0.05,0.5,0.0001,0.001,0.001,0.01,0.01,1e-06,0.5,style_rho0p5,sadg_rho0p05,9,9,19,19,new_training,5,2,152,0.03913773809160505,0.03894769320530551,0.0038008970773911904,0.0,0.0,0.0,0.0,0.0,0.0,0.0,0.0,0.0,0.0,0.03213615915072816,0.10400152845042092,0.05000000000000001,14,23|31|224|171|180,56,all_filtered,9,True,D:\Running_Place\PostGraduateProjects\Experiments\PostGraduate\backbones\DisperssionWithSADG_ConstraintStyleRegularization\Seg-SADG\BaryFixedCos\a0p08\rho0p5\gb8\sadg0p05\nocons\shot5\Seed2,D:\Running_Place\PostGraduateProjects\Experiments\PostGraduate\backbones\Prompts\Seg-SADG\BaryFixedCos\a0p08\rho0p5\gb8\sadg0p05\nocons\shot5\Seed2
Seg-SADG,Seg-SADG,Seg-SADG,LF-Barycenter-Fixed-Cosine,fixed,cosine,fixed,8,1.0,0.5,0.5,0.5,0.5|0.5|0.5|0.5|0.5|0.5|0.5|0.5,0.08,0.5,0.05,0.05,0.5,0.0001,0.001,0.001,0.01,0.01,1e-06,0.5,style_rho0p5,sadg_rho0p05,9,9,19,19,new_training,5,2,153,0.03798208332487515,0.03778960023607526,0.003849675180390477,0.0,0.0,0.0,0.0,0.0,0.0,0.0,0.0,0.0,0.0,0.031828075115169795,0.09682498712624822,0.05000000000000001,14,23|31|224|171|180,56,all_filtered,9,True,D:\Running_Place\PostGraduateProjects\Experiments\PostGraduate\backbones\DisperssionWithSADG_ConstraintStyleRegularization\Seg-SADG\BaryFixedCos\a0p08\rho0p5\gb8\sadg0p05\nocons\shot5\Seed2,D:\Running_Place\PostGraduateProjects\Experiments\PostGraduate\backbones\Prompts\Seg-SADG\BaryFixedCos\a0p08\rho0p5\gb8\sadg0p05\nocons\shot5\Seed2
Seg-SADG,Seg-SADG,Seg-SADG,LF-Barycenter-Fixed-Cosine,fixed,cosine,fixed,8,1.0,0.5,0.5,0.5,0.5|0.5|0.5|0.5|0.5|0.5|0.5|0.5,0.08,0.5,0.05,0.05,0.5,0.0001,0.001,0.001,0.01,0.01,1e-06,0.5,style_rho0p5,sadg_rho0p05,9,9,19,19,new_training,5,2,154,0.03690725165818419,0.03672876554940428,0.0035697122969265494,0.0,0.0,0.0,0.0,0.0,0.0,0.0,0.0,0.0,0.0,0.030783386235790595,0.09304291142949037,0.05000000000000001,14,23|31|224|171|180,56,all_filtered,9,True,D:\Running_Place\PostGraduateProjects\Experiments\PostGraduate\backbones\DisperssionWithSADG_ConstraintStyleRegularization\Seg-SADG\BaryFixedCos\a0p08\rho0p5\gb8\sadg0p05\nocons\shot5\Seed2,D:\Running_Place\PostGraduateProjects\Experiments\PostGraduate\backbones\Prompts\Seg-SADG\BaryFixedCos\a0p08\rho0p5\gb8\sadg0p05\nocons\shot5\Seed2
Seg-SADG,Seg-SADG,Seg-SADG,LF-Barycenter-Fixed-Cosine,fixed,cosine,fixed,8,1.0,0.5,0.5,0.5,0.5|0.5|0.5|0.5|0.5|0.5|0.5|0.5,0.08,0.5,0.05,0.05,0.5,0.0001,0.001,0.001,0.01,0.01,1e-06,0.5,style_rho0p5,sadg_rho0p05,9,9,19,19,new_training,5,2,155,0.03749577741005591,0.037316126216735156,0.0035930216711546692,0.0,0.0,0.0,0.0,0.0,0.0,0.0,0.0,0.0,0.0,0.03076895871864898,0.10228787735104561,0.05000000000000001,14,23|31|224|171|180,56,all_filtered,9,True,D:\Running_Place\PostGraduateProjects\Experiments\PostGraduate\backbones\DisperssionWithSADG_ConstraintStyleRegularization\Seg-SADG\BaryFixedCos\a0p08\rho0p5\gb8\sadg0p05\nocons\shot5\Seed2,D:\Running_Place\PostGraduateProjects\Experiments\PostGraduate\backbones\Prompts\Seg-SADG\BaryFixedCos\a0p08\rho0p5\gb8\sadg0p05\nocons\shot5\Seed2
Seg-SADG,Seg-SADG,Seg-SADG,LF-Barycenter-Fixed-Cosine,fixed,cosine,fixed,8,1.0,0.5,0.5,0.5,0.5|0.5|0.5|0.5|0.5|0.5|0.5|0.5,0.08,0.5,0.05,0.05,0.5,0.0001,0.001,0.001,0.01,0.01,1e-06,0.5,style_rho0p5,sadg_rho0p05,9,9,19,19,new_training,5,2,156,0.03596746934843915,0.035791617685130665,0.003517034962507231,0.0,0.0,0.0,0.0,0.0,0.0,0.0,0.0,0.0,0.0,0.02999853901565075,0.0943448676594666,0.05000000000000001,14,23|31|224|171|180,56,all_filtered,9,True,D:\Running_Place\PostGraduateProjects\Experiments\PostGraduate\backbones\DisperssionWithSADG_ConstraintStyleRegularization\Seg-SADG\BaryFixedCos\a0p08\rho0p5\gb8\sadg0p05\nocons\shot5\Seed2,D:\Running_Place\PostGraduateProjects\Experiments\PostGraduate\backbones\Prompts\Seg-SADG\BaryFixedCos\a0p08\rho0p5\gb8\sadg0p05\nocons\shot5\Seed2
Seg-SADG,Seg-SADG,Seg-SADG,LF-Barycenter-Fixed-Cosine,fixed,cosine,fixed,8,1.0,0.5,0.5,0.5,0.5|0.5|0.5|0.5|0.5|0.5|0.5|0.5,0.08,0.5,0.05,0.05,0.5,0.0001,0.001,0.001,0.01,0.01,1e-06,0.5,style_rho0p5,sadg_rho0p05,9,9,19,19,new_training,5,2,157,0.03634650792394366,0.03617542503135545,0.0034216584005792227,0.0,0.0,0.0,0.0,0.0,0.0,0.0,0.0,0.0,0.0,0.029799020050891807,0.09948145917483739,0.05000000000000001,14,23|31|224|171|180,56,all_filtered,9,True,D:\Running_Place\PostGraduateProjects\Experiments\PostGraduate\backbones\DisperssionWithSADG_ConstraintStyleRegularization\Seg-SADG\BaryFixedCos\a0p08\rho0p5\gb8\sadg0p05\nocons\shot5\Seed2,D:\Running_Place\PostGraduateProjects\Experiments\PostGraduate\backbones\Prompts\Seg-SADG\BaryFixedCos\a0p08\rho0p5\gb8\sadg0p05\nocons\shot5\Seed2
Seg-SADG,Seg-SADG,Seg-SADG,LF-Barycenter-Fixed-Cosine,fixed,cosine,fixed,8,1.0,0.5,0.5,0.5,0.5|0.5|0.5|0.5|0.5|0.5|0.5|0.5,0.08,0.5,0.05,0.05,0.5,0.0001,0.001,0.001,0.01,0.01,1e-06,0.5,style_rho0p5,sadg_rho0p05,9,9,19,19,new_training,5,2,158,0.03728511344109263,0.03710275116775717,0.0036472384485283066,0.0,0.0,0.0,0.0,0.0,0.0,0.0,0.0,0.0,0.0,0.030189582545842444,0.10853330418467522,0.05000000000000001,14,23|31|224|171|180,56,all_filtered,9,True,D:\Running_Place\PostGraduateProjects\Experiments\PostGraduate\backbones\DisperssionWithSADG_ConstraintStyleRegularization\Seg-SADG\BaryFixedCos\a0p08\rho0p5\gb8\sadg0p05\nocons\shot5\Seed2,D:\Running_Place\PostGraduateProjects\Experiments\PostGraduate\backbones\Prompts\Seg-SADG\BaryFixedCos\a0p08\rho0p5\gb8\sadg0p05\nocons\shot5\Seed2
Seg-SADG,Seg-SADG,Seg-SADG,LF-Barycenter-Fixed-Cosine,fixed,cosine,fixed,8,1.0,0.5,0.5,0.5,0.5|0.5|0.5|0.5|0.5|0.5|0.5|0.5,0.08,0.5,0.05,0.05,0.5,0.0001,0.001,0.001,0.01,0.01,1e-06,0.5,style_rho0p5,sadg_rho0p05,9,9,19,19,new_training,5,2,159,0.03688169044575521,0.03671802952885628,0.0032732272354353753,0.0,0.0,0.0,0.0,0.0,0.0,0.0,0.0,0.0,0.0,0.02999587423567261,0.1059665669287954,0.05000000000000001,14,23|31|224|171|180,56,all_filtered,9,True,D:\Running_Place\PostGraduateProjects\Experiments\PostGraduate\backbones\DisperssionWithSADG_ConstraintStyleRegularization\Seg-SADG\BaryFixedCos\a0p08\rho0p5\gb8\sadg0p05\nocons\shot5\Seed2,D:\Running_Place\PostGraduateProjects\Experiments\PostGraduate\backbones\Prompts\Seg-SADG\BaryFixedCos\a0p08\rho0p5\gb8\sadg0p05\nocons\shot5\Seed2
Seg-SADG,Seg-SADG,Seg-SADG,LF-Barycenter-Fixed-Cosine,fixed,cosine,fixed,8,1.0,0.5,0.5,0.5,0.5|0.5|0.5|0.5|0.5|0.5|0.5|0.5,0.08,0.5,0.05,0.05,0.5,0.0001,0.001,0.001,0.01,0.01,1e-06,0.5,style_rho0p5,sadg_rho0p05,9,9,19,19,new_training,5,2,160,0.03698342905512878,0.036809178069233894,0.0034850275509857704,0.0,0.0,0.0,0.0,0.0,0.0,0.0,0.0,0.0,0.0,0.030163993925920556,0.10425536600606782,0.05000000000000001,14,23|31|224|171|180,56,all_filtered,9,True,D:\Running_Place\PostGraduateProjects\Experiments\PostGraduate\backbones\DisperssionWithSADG_ConstraintStyleRegularization\Seg-SADG\BaryFixedCos\a0p08\rho0p5\gb8\sadg0p05\nocons\shot5\Seed2,D:\Running_Place\PostGraduateProjects\Experiments\PostGraduate\backbones\Prompts\Seg-SADG\BaryFixedCos\a0p08\rho0p5\gb8\sadg0p05\nocons\shot5\Seed2
Seg-SADG,Seg-SADG,Seg-SADG,LF-Barycenter-Fixed-Cosine,fixed,cosine,fixed,8,1.0,0.5,0.5,0.5,0.5|0.5|0.5|0.5|0.5|0.5|0.5|0.5,0.08,0.5,0.05,0.05,0.5,0.0001,0.001,0.001,0.01,0.01,1e-06,0.5,style_rho0p5,sadg_rho0p05,9,9,19,19,new_training,5,2,161,0.03509267100266048,0.034929756740374227,0.003258288305784975,0.0,0.0,0.0,0.0,0.0,0.0,0.0,0.0,0.0,0.0,0.02908167788492782,0.09524321822183472,0.05000000000000001,14,23|31|224|171|180,56,all_filtered,9,True,D:\Running_Place\PostGraduateProjects\Experiments\PostGraduate\backbones\DisperssionWithSADG_ConstraintStyleRegularization\Seg-SADG\BaryFixedCos\a0p08\rho0p5\gb8\sadg0p05\nocons\shot5\Seed2,D:\Running_Place\PostGraduateProjects\Experiments\PostGraduate\backbones\Prompts\Seg-SADG\BaryFixedCos\a0p08\rho0p5\gb8\sadg0p05\nocons\shot5\Seed2
Seg-SADG,Seg-SADG,Seg-SADG,LF-Barycenter-Fixed-Cosine,fixed,cosine,fixed,8,1.0,0.5,0.5,0.5,0.5|0.5|0.5|0.5|0.5|0.5|0.5|0.5,0.08,0.5,0.05,0.05,0.5,0.0001,0.001,0.001,0.01,0.01,1e-06,0.5,style_rho0p5,sadg_rho0p05,9,9,19,19,new_training,5,2,162,0.0353440772742033,0.03515964453773839,0.00368865198522274,0.0,0.0,0.0,0.0,0.0,0.0,0.0,0.0,0.0,0.0,0.028829565670873438,0.09935103197182928,0.05000000000000001,14,23|31|224|171|180,56,all_filtered,9,True,D:\Running_Place\PostGraduateProjects\Experiments\PostGraduate\backbones\DisperssionWithSADG_ConstraintStyleRegularization\Seg-SADG\BaryFixedCos\a0p08\rho0p5\gb8\sadg0p05\nocons\shot5\Seed2,D:\Running_Place\PostGraduateProjects\Experiments\PostGraduate\backbones\Prompts\Seg-SADG\BaryFixedCos\a0p08\rho0p5\gb8\sadg0p05\nocons\shot5\Seed2
Seg-SADG,Seg-SADG,Seg-SADG,LF-Barycenter-Fixed-Cosine,fixed,cosine,fixed,8,1.0,0.5,0.5,0.5,0.5|0.5|0.5|0.5|0.5|0.5|0.5|0.5,0.08,0.5,0.05,0.05,0.5,0.0001,0.001,0.001,0.01,0.01,1e-06,0.5,style_rho0p5,sadg_rho0p05,9,9,19,19,new_training,5,2,163,0.0351120438426733,0.034947704523801804,0.003286785146753703,0.0,0.0,0.0,0.0,0.0,0.0,0.0,0.0,0.0,0.0,0.028805624560586045,0.09934351646474429,0.05000000000000001,14,23|31|224|171|180,56,all_filtered,9,True,D:\Running_Place\PostGraduateProjects\Experiments\PostGraduate\backbones\DisperssionWithSADG_ConstraintStyleRegularization\Seg-SADG\BaryFixedCos\a0p08\rho0p5\gb8\sadg0p05\nocons\shot5\Seed2,D:\Running_Place\PostGraduateProjects\Experiments\PostGraduate\backbones\Prompts\Seg-SADG\BaryFixedCos\a0p08\rho0p5\gb8\sadg0p05\nocons\shot5\Seed2
Seg-SADG,Seg-SADG,Seg-SADG,LF-Barycenter-Fixed-Cosine,fixed,cosine,fixed,8,1.0,0.5,0.5,0.5,0.5|0.5|0.5|0.5|0.5|0.5|0.5|0.5,0.08,0.5,0.05,0.05,0.5,0.0001,0.001,0.001,0.01,0.01,1e-06,0.5,style_rho0p5,sadg_rho0p05,9,9,19,19,new_training,5,2,164,0.0358953546466572,0.03571794967034033,0.003548092125648899,0.0,0.0,0.0,0.0,0.0,0.0,0.0,0.0,0.0,0.0,0.028669087083211968,0.10804540238210134,0.05000000000000001,14,23|31|224|171|180,56,all_filtered,9,True,D:\Running_Place\PostGraduateProjects\Experiments\PostGraduate\backbones\DisperssionWithSADG_ConstraintStyleRegularization\Seg-SADG\BaryFixedCos\a0p08\rho0p5\gb8\sadg0p05\nocons\shot5\Seed2,D:\Running_Place\PostGraduateProjects\Experiments\PostGraduate\backbones\Prompts\Seg-SADG\BaryFixedCos\a0p08\rho0p5\gb8\sadg0p05\nocons\shot5\Seed2
Seg-SADG,Seg-SADG,Seg-SADG,LF-Barycenter-Fixed-Cosine,fixed,cosine,fixed,8,1.0,0.5,0.5,0.5,0.5|0.5|0.5|0.5|0.5|0.5|0.5|0.5,0.08,0.5,0.05,0.05,0.5,0.0001,0.001,0.001,0.01,0.01,1e-06,0.5,style_rho0p5,sadg_rho0p05,9,9,19,19,new_training,5,2,165,0.03480457594352109,0.03463838808238506,0.0033237644571012686,0.0,0.0,0.0,0.0,0.0,0.0,0.0,0.0,0.0,0.0,0.028441734611988068,0.09708920600158828,0.05000000000000001,14,23|31|224|171|180,56,all_filtered,9,True,D:\Running_Place\PostGraduateProjects\Experiments\PostGraduate\backbones\DisperssionWithSADG_ConstraintStyleRegularization\Seg-SADG\BaryFixedCos\a0p08\rho0p5\gb8\sadg0p05\nocons\shot5\Seed2,D:\Running_Place\PostGraduateProjects\Experiments\PostGraduate\backbones\Prompts\Seg-SADG\BaryFixedCos\a0p08\rho0p5\gb8\sadg0p05\nocons\shot5\Seed2
Seg-SADG,Seg-SADG,Seg-SADG,LF-Barycenter-Fixed-Cosine,fixed,cosine,fixed,8,1.0,0.5,0.5,0.5,0.5|0.5|0.5|0.5|0.5|0.5|0.5|0.5,0.08,0.5,0.05,0.05,0.5,0.0001,0.001,0.001,0.01,0.01,1e-06,0.5,style_rho0p5,sadg_rho0p05,9,9,19,19,new_training,5,2,166,0.03410956689289638,0.03395136219582388,0.003164097700001938,0.0,0.0,0.0,0.0,0.0,0.0,0.0,0.0,0.0,0.0,0.027775562900517668,0.09714095986315183,0.05000000000000001,14,23|31|224|171|180,56,all_filtered,9,True,D:\Running_Place\PostGraduateProjects\Experiments\PostGraduate\backbones\DisperssionWithSADG_ConstraintStyleRegularization\Seg-SADG\BaryFixedCos\a0p08\rho0p5\gb8\sadg0p05\nocons\shot5\Seed2,D:\Running_Place\PostGraduateProjects\Experiments\PostGraduate\backbones\Prompts\Seg-SADG\BaryFixedCos\a0p08\rho0p5\gb8\sadg0p05\nocons\shot5\Seed2
Seg-SADG,Seg-SADG,Seg-SADG,LF-Barycenter-Fixed-Cosine,fixed,cosine,fixed,8,1.0,0.5,0.5,0.5,0.5|0.5|0.5|0.5|0.5|0.5|0.5|0.5,0.08,0.5,0.05,0.05,0.5,0.0001,0.001,0.001,0.01,0.01,1e-06,0.5,style_rho0p5,sadg_rho0p05,9,9,19,19,new_training,5,2,167,0.03387928009033203,0.03371612887297358,0.003263028488228364,0.0,0.0,0.0,0.0,0.0,0.0,0.0,0.0,0.0,0.0,0.02758527028241328,0.09838224681360382,0.05000000000000001,14,23|31|224|171|180,56,all_filtered,9,True,D:\Running_Place\PostGraduateProjects\Experiments\PostGraduate\backbones\DisperssionWithSADG_ConstraintStyleRegularization\Seg-SADG\BaryFixedCos\a0p08\rho0p5\gb8\sadg0p05\nocons\shot5\Seed2,D:\Running_Place\PostGraduateProjects\Experiments\PostGraduate\backbones\Prompts\Seg-SADG\BaryFixedCos\a0p08\rho0p5\gb8\sadg0p05\nocons\shot5\Seed2
Seg-SADG,Seg-SADG,Seg-SADG,LF-Barycenter-Fixed-Cosine,fixed,cosine,fixed,8,1.0,0.5,0.5,0.5,0.5|0.5|0.5|0.5|0.5|0.5|0.5|0.5,0.08,0.5,0.05,0.05,0.5,0.0001,0.001,0.001,0.01,0.01,1e-06,0.5,style_rho0p5,sadg_rho0p05,9,9,19,19,new_training,5,2,168,0.03456303650247199,0.034402038902044296,0.0032199498465550797,0.0,0.0,0.0,0.0,0.0,0.0,0.0,0.0,0.0,0.0,0.027725479565560818,0.1046135069004127,0.05000000000000001,14,23|31|224|171|180,56,all_filtered,9,True,D:\Running_Place\PostGraduateProjects\Experiments\PostGraduate\backbones\DisperssionWithSADG_ConstraintStyleRegularization\Seg-SADG\BaryFixedCos\a0p08\rho0p5\gb8\sadg0p05\nocons\shot5\Seed2,D:\Running_Place\PostGraduateProjects\Experiments\PostGraduate\backbones\Prompts\Seg-SADG\BaryFixedCos\a0p08\rho0p5\gb8\sadg0p05\nocons\shot5\Seed2
Seg-SADG,Seg-SADG,Seg-SADG,LF-Barycenter-Fixed-Cosine,fixed,cosine,fixed,8,1.0,0.5,0.5,0.5,0.5|0.5|0.5|0.5|0.5|0.5|0.5|0.5,0.08,0.5,0.05,0.05,0.5,0.0001,0.001,0.001,0.01,0.01,1e-06,0.5,style_rho0p5,sadg_rho0p05,9,9,19,19,new_training,5,2,169,0.03416097416941609,0.034005294154797285,0.003113596317624407,0.0,0.0,0.0,0.0,0.0,0.0,0.0,0.0,0.0,0.0,0.027397138864866326,0.10429431604487556,0.05000000000000001,14,23|31|224|171|180,56,all_filtered,9,True,D:\Running_Place\PostGraduateProjects\Experiments\PostGraduate\backbones\DisperssionWithSADG_ConstraintStyleRegularization\Seg-SADG\BaryFixedCos\a0p08\rho0p5\gb8\sadg0p05\nocons\shot5\Seed2,D:\Running_Place\PostGraduateProjects\Experiments\PostGraduate\backbones\Prompts\Seg-SADG\BaryFixedCos\a0p08\rho0p5\gb8\sadg0p05\nocons\shot5\Seed2
Seg-SADG,Seg-SADG,Seg-SADG,LF-Barycenter-Fixed-Cosine,fixed,cosine,fixed,8,1.0,0.5,0.5,0.5,0.5|0.5|0.5|0.5|0.5|0.5|0.5|0.5,0.08,0.5,0.05,0.05,0.5,0.0001,0.001,0.001,0.01,0.01,1e-06,0.5,style_rho0p5,sadg_rho0p05,9,9,19,19,new_training,5,2,170,0.03289729715990169,0.03274520007627351,0.003041952133311757,0.0,0.0,0.0,0.0,0.0,0.0,0.0,0.0,0.0,0.0,0.02669258295957531,0.09501645022204944,0.05000000000000001,14,23|31|224|171|180,56,all_filtered,9,True,D:\Running_Place\PostGraduateProjects\Experiments\PostGraduate\backbones\DisperssionWithSADG_ConstraintStyleRegularization\Seg-SADG\BaryFixedCos\a0p08\rho0p5\gb8\sadg0p05\nocons\shot5\Seed2,D:\Running_Place\PostGraduateProjects\Experiments\PostGraduate\backbones\Prompts\Seg-SADG\BaryFixedCos\a0p08\rho0p5\gb8\sadg0p05\nocons\shot5\Seed2
Seg-SADG,Seg-SADG,Seg-SADG,LF-Barycenter-Fixed-Cosine,fixed,cosine,fixed,8,1.0,0.5,0.5,0.5,0.5|0.5|0.5|0.5|0.5|0.5|0.5|0.5,0.08,0.5,0.05,0.05,0.5,0.0001,0.001,0.001,0.01,0.01,1e-06,0.5,style_rho0p5,sadg_rho0p05,9,9,19,19,new_training,5,2,171,0.03385277105761426,0.03369210913245167,0.0032132298219949007,0.0,0.0,0.0,0.0,0.0,0.0,0.0,0.0,0.0,0.0,0.027046004576342448,0.10258215293288231,0.05000000000000001,14,23|31|224|171|180,56,all_filtered,9,True,D:\Running_Place\PostGraduateProjects\Experiments\PostGraduate\backbones\DisperssionWithSADG_ConstraintStyleRegularization\Seg-SADG\BaryFixedCos\a0p08\rho0p5\gb8\sadg0p05\nocons\shot5\Seed2,D:\Running_Place\PostGraduateProjects\Experiments\PostGraduate\backbones\Prompts\Seg-SADG\BaryFixedCos\a0p08\rho0p5\gb8\sadg0p05\nocons\shot5\Seed2
Seg-SADG,Seg-SADG,Seg-SADG,LF-Barycenter-Fixed-Cosine,fixed,cosine,fixed,8,1.0,0.5,0.5,0.5,0.5|0.5|0.5|0.5|0.5|0.5|0.5|0.5,0.08,0.5,0.05,0.05,0.5,0.0001,0.001,0.001,0.01,0.01,1e-06,0.5,style_rho0p5,sadg_rho0p05,9,9,19,19,new_training,5,2,172,0.0354623713397554,0.03529879530625684,0.003271520869540317,0.0,0.0,0.0,0.0,0.0,0.0,0.0,0.0,0.0,0.0,0.027773172594606876,0.1181716046163014,0.05000000000000001,14,23|31|224|171|180,56,all_filtered,9,True,D:\Running_Place\PostGraduateProjects\Experiments\PostGraduate\backbones\DisperssionWithSADG_ConstraintStyleRegularization\Seg-SADG\BaryFixedCos\a0p08\rho0p5\gb8\sadg0p05\nocons\shot5\Seed2,D:\Running_Place\PostGraduateProjects\Experiments\PostGraduate\backbones\Prompts\Seg-SADG\BaryFixedCos\a0p08\rho0p5\gb8\sadg0p05\nocons\shot5\Seed2
Seg-SADG,Seg-SADG,Seg-SADG,LF-Barycenter-Fixed-Cosine,fixed,cosine,fixed,8,1.0,0.5,0.5,0.5,0.5|0.5|0.5|0.5|0.5|0.5|0.5|0.5,0.08,0.5,0.05,0.05,0.5,0.0001,0.001,0.001,0.01,0.01,1e-06,0.5,style_rho0p5,sadg_rho0p05,9,9,19,19,new_training,5,2,173,0.032899291653718264,0.03274064750543663,0.0031728748830833603,0.0,0.0,0.0,0.0,0.0,0.0,0.0,0.0,0.0,0.0,0.02678539484207119,0.0941775520997388,0.05000000000000001,14,23|31|224|171|180,56,all_filtered,9,True,D:\Running_Place\PostGraduateProjects\Experiments\PostGraduate\backbones\DisperssionWithSADG_ConstraintStyleRegularization\Seg-SADG\BaryFixedCos\a0p08\rho0p5\gb8\sadg0p05\nocons\shot5\Seed2,D:\Running_Place\PostGraduateProjects\Experiments\PostGraduate\backbones\Prompts\Seg-SADG\BaryFixedCos\a0p08\rho0p5\gb8\sadg0p05\nocons\shot5\Seed2
Seg-SADG,Seg-SADG,Seg-SADG,LF-Barycenter-Fixed-Cosine,fixed,cosine,fixed,8,1.0,0.5,0.5,0.5,0.5|0.5|0.5|0.5|0.5|0.5|0.5|0.5,0.08,0.5,0.05,0.05,0.5,0.0001,0.001,0.001,0.01,0.01,1e-06,0.5,style_rho0p5,sadg_rho0p05,9,9,19,19,new_training,5,2,174,0.03216212335973978,0.03200643469712564,0.0031137719051912427,0.0,0.0,0.0,0.0,0.0,0.0,0.0,0.0,0.0,0.0,0.026248152367770672,0.09257380025727409,0.05000000000000001,14,23|31|224|171|180,56,all_filtered,9,True,D:\Running_Place\PostGraduateProjects\Experiments\PostGraduate\backbones\DisperssionWithSADG_ConstraintStyleRegularization\Seg-SADG\BaryFixedCos\a0p08\rho0p5\gb8\sadg0p05\nocons\shot5\Seed2,D:\Running_Place\PostGraduateProjects\Experiments\PostGraduate\backbones\Prompts\Seg-SADG\BaryFixedCos\a0p08\rho0p5\gb8\sadg0p05\nocons\shot5\Seed2
Seg-SADG,Seg-SADG,Seg-SADG,LF-Barycenter-Fixed-Cosine,fixed,cosine,fixed,8,1.0,0.5,0.5,0.5,0.5|0.5|0.5|0.5|0.5|0.5|0.5|0.5,0.08,0.5,0.05,0.05,0.5,0.0001,0.001,0.001,0.01,0.01,1e-06,0.5,style_rho0p5,sadg_rho0p05,9,9,19,19,new_training,5,2,175,0.03183818036424262,0.031686010770499706,0.0030433918914890717,0.0,0.0,0.0,0.0,0.0,0.0,0.0,0.0,0.0,0.0,0.02565201518258878,0.09480404481291771,0.05000000000000001,14,23|31|224|171|180,56,all_filtered,9,True,D:\Running_Place\PostGraduateProjects\Experiments\PostGraduate\backbones\DisperssionWithSADG_ConstraintStyleRegularization\Seg-SADG\BaryFixedCos\a0p08\rho0p5\gb8\sadg0p05\nocons\shot5\Seed2,D:\Running_Place\PostGraduateProjects\Experiments\PostGraduate\backbones\Prompts\Seg-SADG\BaryFixedCos\a0p08\rho0p5\gb8\sadg0p05\nocons\shot5\Seed2
Seg-SADG,Seg-SADG,Seg-SADG,LF-Barycenter-Fixed-Cosine,fixed,cosine,fixed,8,1.0,0.5,0.5,0.5,0.5|0.5|0.5|0.5|0.5|0.5|0.5|0.5,0.08,0.5,0.05,0.05,0.5,0.0001,0.001,0.001,0.01,0.01,1e-06,0.5,style_rho0p5,sadg_rho0p05,9,9,19,19,new_training,5,2,176,0.03284191819173949,0.03269893290208919,0.0028596984671561848,0.0,0.0,0.0,0.0,0.0,0.0,0.0,0.0,0.0,0.0,0.02613554269607578,0.10179759029831205,0.05000000000000001,14,23|31|224|171|180,56,all_filtered,9,True,D:\Running_Place\PostGraduateProjects\Experiments\PostGraduate\backbones\DisperssionWithSADG_ConstraintStyleRegularization\Seg-SADG\BaryFixedCos\a0p08\rho0p5\gb8\sadg0p05\nocons\shot5\Seed2,D:\Running_Place\PostGraduateProjects\Experiments\PostGraduate\backbones\Prompts\Seg-SADG\BaryFixedCos\a0p08\rho0p5\gb8\sadg0p05\nocons\shot5\Seed2
Seg-SADG,Seg-SADG,Seg-SADG,LF-Barycenter-Fixed-Cosine,fixed,cosine,fixed,8,1.0,0.5,0.5,0.5,0.5|0.5|0.5|0.5|0.5|0.5|0.5|0.5,0.08,0.5,0.05,0.05,0.5,0.0001,0.001,0.001,0.01,0.01,1e-06,0.5,style_rho0p5,sadg_rho0p05,9,9,19,19,new_training,5,2,177,0.031952736367072375,0.031800374920879095,0.00304723484441638,0.0,0.0,0.0,0.0,0.0,0.0,0.0,0.0,0.0,0.0,0.025467149913311005,0.0992622577718326,0.05000000000000001,14,23|31|224|171|180,56,all_filtered,9,True,D:\Running_Place\PostGraduateProjects\Experiments\PostGraduate\backbones\DisperssionWithSADG_ConstraintStyleRegularization\Seg-SADG\BaryFixedCos\a0p08\rho0p5\gb8\sadg0p05\nocons\shot5\Seed2,D:\Running_Place\PostGraduateProjects\Experiments\PostGraduate\backbones\Prompts\Seg-SADG\BaryFixedCos\a0p08\rho0p5\gb8\sadg0p05\nocons\shot5\Seed2
Seg-SADG,Seg-SADG,Seg-SADG,LF-Barycenter-Fixed-Cosine,fixed,cosine,fixed,8,1.0,0.5,0.5,0.5,0.5|0.5|0.5|0.5|0.5|0.5|0.5|0.5,0.08,0.5,0.05,0.05,0.5,0.0001,0.001,0.001,0.01,0.01,1e-06,0.5,style_rho0p5,sadg_rho0p05,9,9,19,19,new_training,5,2,178,0.03159922880253622,0.03145135340413877,0.0029575020141367403,0.0,0.0,0.0,0.0,0.0,0.0,0.0,0.0,0.0,0.0,0.02521380382989134,0.09753014200500079,0.05000000000000001,14,23|31|224|171|180,56,all_filtered,9,True,D:\Running_Place\PostGraduateProjects\Experiments\PostGraduate\backbones\DisperssionWithSADG_ConstraintStyleRegularization\Seg-SADG\BaryFixedCos\a0p08\rho0p5\gb8\sadg0p05\nocons\shot5\Seed2,D:\Running_Place\PostGraduateProjects\Experiments\PostGraduate\backbones\Prompts\Seg-SADG\BaryFixedCos\a0p08\rho0p5\gb8\sadg0p05\nocons\shot5\Seed2
Seg-SADG,Seg-SADG,Seg-SADG,LF-Barycenter-Fixed-Cosine,fixed,cosine,fixed,8,1.0,0.5,0.5,0.5,0.5|0.5|0.5|0.5|0.5|0.5|0.5|0.5,0.08,0.5,0.05,0.05,0.5,0.0001,0.001,0.001,0.01,0.01,1e-06,0.5,style_rho0p5,sadg_rho0p05,9,9,19,19,new_training,5,2,179,0.032053480190890174,0.031909076630004814,0.0028880780529496925,0.0,0.0,0.0,0.0,0.0,0.0,0.0,0.0,0.0,0.0,0.025363274716905186,0.1041044390627316,0.05000000000000001,14,23|31|224|171|180,56,all_filtered,9,True,D:\Running_Place\PostGraduateProjects\Experiments\PostGraduate\backbones\DisperssionWithSADG_ConstraintStyleRegularization\Seg-SADG\BaryFixedCos\a0p08\rho0p5\gb8\sadg0p05\nocons\shot5\Seed2,D:\Running_Place\PostGraduateProjects\Experiments\PostGraduate\backbones\Prompts\Seg-SADG\BaryFixedCos\a0p08\rho0p5\gb8\sadg0p05\nocons\shot5\Seed2
Seg-SADG,Seg-SADG,Seg-SADG,LF-Barycenter-Fixed-Cosine,fixed,cosine,fixed,8,1.0,0.5,0.5,0.5,0.5|0.5|0.5|0.5|0.5|0.5|0.5|0.5,0.08,0.5,0.05,0.05,0.5,0.0001,0.001,0.001,0.01,0.01,1e-06,0.5,style_rho0p5,sadg_rho0p05,9,9,19,19,new_training,5,2,180,0.030240217888993875,0.030097701320690767,0.0028503293204786523,0.0,0.0,0.0,0.0,0.0,0.0,0.0,0.0,0.0,0.0,0.02447081157671554,0.0907684431544372,0.05000000000000001,14,23|31|224|171|180,56,all_filtered,9,True,D:\Running_Place\PostGraduateProjects\Experiments\PostGraduate\backbones\DisperssionWithSADG_ConstraintStyleRegularization\Seg-SADG\BaryFixedCos\a0p08\rho0p5\gb8\sadg0p05\nocons\shot5\Seed2,D:\Running_Place\PostGraduateProjects\Experiments\PostGraduate\backbones\Prompts\Seg-SADG\BaryFixedCos\a0p08\rho0p5\gb8\sadg0p05\nocons\shot5\Seed2
Seg-SADG,Seg-SADG,Seg-SADG,LF-Barycenter-Fixed-Cosine,fixed,cosine,fixed,8,1.0,0.5,0.5,0.5,0.5|0.5|0.5|0.5|0.5|0.5|0.5|0.5,0.08,0.5,0.05,0.05,0.5,0.0001,0.001,0.001,0.01,0.01,1e-06,0.5,style_rho0p5,sadg_rho0p05,9,9,19,19,new_training,5,2,181,0.03189234262598412,0.03175369078027351,0.0027730256551876664,0.0,0.0,0.0,0.0,0.0,0.0,0.0,0.0,0.0,0.0,0.025041103629129275,0.10595332831144333,0.05000000000000001,14,23|31|224|171|180,56,all_filtered,9,True,D:\Running_Place\PostGraduateProjects\Experiments\PostGraduate\backbones\DisperssionWithSADG_ConstraintStyleRegularization\Seg-SADG\BaryFixedCos\a0p08\rho0p5\gb8\sadg0p05\nocons\shot5\Seed2,D:\Running_Place\PostGraduateProjects\Experiments\PostGraduate\backbones\Prompts\Seg-SADG\BaryFixedCos\a0p08\rho0p5\gb8\sadg0p05\nocons\shot5\Seed2
Seg-SADG,Seg-SADG,Seg-SADG,LF-Barycenter-Fixed-Cosine,fixed,cosine,fixed,8,1.0,0.5,0.5,0.5,0.5|0.5|0.5|0.5|0.5|0.5|0.5|0.5,0.08,0.5,0.05,0.05,0.5,0.0001,0.001,0.001,0.01,0.01,1e-06,0.5,style_rho0p5,sadg_rho0p05,9,9,19,19,new_training,5,2,182,0.03184579086623022,0.03169939440808126,0.002927926551949765,0.0,0.0,0.0,0.0,0.0,0.0,0.0,0.0,0.0,0.0,0.024983691849878857,0.10714315729481834,0.05000000000000001,14,23|31|224|171|180,56,all_filtered,9,True,D:\Running_Place\PostGraduateProjects\Experiments\PostGraduate\backbones\DisperssionWithSADG_ConstraintStyleRegularization\Seg-SADG\BaryFixedCos\a0p08\rho0p5\gb8\sadg0p05\nocons\shot5\Seed2,D:\Running_Place\PostGraduateProjects\Experiments\PostGraduate\backbones\Prompts\Seg-SADG\BaryFixedCos\a0p08\rho0p5\gb8\sadg0p05\nocons\shot5\Seed2
Seg-SADG,Seg-SADG,Seg-SADG,LF-Barycenter-Fixed-Cosine,fixed,cosine,fixed,8,1.0,0.5,0.5,0.5,0.5|0.5|0.5|0.5|0.5|0.5|0.5|0.5,0.08,0.5,0.05,0.05,0.5,0.0001,0.001,0.001,0.01,0.01,1e-06,0.5,style_rho0p5,sadg_rho0p05,9,9,19,19,new_training,5,2,183,0.03242977801710367,0.03228261747530529,0.0029432158501419637,0.0,0.0,0.0,0.0,0.0,0.0,0.0,0.0,0.0,0.0,0.02547519707254001,0.11002564004489354,0.05000000000000001,14,23|31|224|171|180,56,all_filtered,9,True,D:\Running_Place\PostGraduateProjects\Experiments\PostGraduate\backbones\DisperssionWithSADG_ConstraintStyleRegularization\Seg-SADG\BaryFixedCos\a0p08\rho0p5\gb8\sadg0p05\nocons\shot5\Seed2,D:\Running_Place\PostGraduateProjects\Experiments\PostGraduate\backbones\Prompts\Seg-SADG\BaryFixedCos\a0p08\rho0p5\gb8\sadg0p05\nocons\shot5\Seed2
Seg-SADG,Seg-SADG,Seg-SADG,LF-Barycenter-Fixed-Cosine,fixed,cosine,fixed,8,1.0,0.5,0.5,0.5,0.5|0.5|0.5|0.5|0.5|0.5|0.5|0.5,0.08,0.5,0.05,0.05,0.5,0.0001,0.001,0.001,0.01,0.01,1e-06,0.5,style_rho0p5,sadg_rho0p05,9,9,19,19,new_training,5,2,184,0.030957653719399656,0.030820416685725962,0.0027447403907509787,0.0,0.0,0.0,0.0,0.0,0.0,0.0,0.0,0.0,0.0,0.024842064561588422,0.09672829774873597,0.05000000000000001,14,23|31|224|171|180,56,all_filtered,9,True,D:\Running_Place\PostGraduateProjects\Experiments\PostGraduate\backbones\DisperssionWithSADG_ConstraintStyleRegularization\Seg-SADG\BaryFixedCos\a0p08\rho0p5\gb8\sadg0p05\nocons\shot5\Seed2,D:\Running_Place\PostGraduateProjects\Experiments\PostGraduate\backbones\Prompts\Seg-SADG\BaryFixedCos\a0p08\rho0p5\gb8\sadg0p05\nocons\shot5\Seed2
Seg-SADG,Seg-SADG,Seg-SADG,LF-Barycenter-Fixed-Cosine,fixed,cosine,fixed,8,1.0,0.5,0.5,0.5,0.5|0.5|0.5|0.5|0.5|0.5|0.5|0.5,0.08,0.5,0.05,0.05,0.5,0.0001,0.001,0.001,0.01,0.01,1e-06,0.5,style_rho0p5,sadg_rho0p05,9,9,19,19,new_training,5,2,185,0.029427909957511083,0.02929686661809683,0.0026208680189613786,0.0,0.0,0.0,0.0,0.0,0.0,0.0,0.0,0.0,0.0,0.0237779916663255,0.08947944907205445,0.05000000000000001,14,23|31|224|171|180,56,all_filtered,9,True,D:\Running_Place\PostGraduateProjects\Experiments\PostGraduate\backbones\DisperssionWithSADG_ConstraintStyleRegularization\Seg-SADG\BaryFixedCos\a0p08\rho0p5\gb8\sadg0p05\nocons\shot5\Seed2,D:\Running_Place\PostGraduateProjects\Experiments\PostGraduate\backbones\Prompts\Seg-SADG\BaryFixedCos\a0p08\rho0p5\gb8\sadg0p05\nocons\shot5\Seed2
Seg-SADG,Seg-SADG,Seg-SADG,LF-Barycenter-Fixed-Cosine,fixed,cosine,fixed,8,1.0,0.5,0.5,0.5,0.5|0.5|0.5|0.5|0.5|0.5|0.5|0.5,0.08,0.5,0.05,0.05,0.5,0.0001,0.001,0.001,0.01,0.01,1e-06,0.5,style_rho0p5,sadg_rho0p05,9,9,19,19,new_training,5,2,186,0.02834115789404937,0.0282156750825899,0.0025096554558591117,0.0,0.0,0.0,0.0,0.0,0.0,0.0,0.0,0.0,0.0,0.022840429762644426,0.08635860734752246,0.05000000000000001,14,23|31|224|171|180,56,all_filtered,9,True,D:\Running_Place\PostGraduateProjects\Experiments\PostGraduate\backbones\DisperssionWithSADG_ConstraintStyleRegularization\Seg-SADG\BaryFixedCos\a0p08\rho0p5\gb8\sadg0p05\nocons\shot5\Seed2,D:\Running_Place\PostGraduateProjects\Experiments\PostGraduate\backbones\Prompts\Seg-SADG\BaryFixedCos\a0p08\rho0p5\gb8\sadg0p05\nocons\shot5\Seed2
Seg-SADG,Seg-SADG,Seg-SADG,LF-Barycenter-Fixed-Cosine,fixed,cosine,fixed,8,1.0,0.5,0.5,0.5,0.5|0.5|0.5|0.5|0.5|0.5|0.5|0.5,0.08,0.5,0.05,0.05,0.5,0.0001,0.001,0.001,0.01,0.01,1e-06,0.5,style_rho0p5,sadg_rho0p05,9,9,19,19,new_training,5,2,187,0.02897651373807873,0.028847518110913888,0.0025799154869413803,0.0,0.0,0.0,0.0,0.0,0.0,0.0,0.0,0.0,0.0,0.022974804043769836,0.09568104414003235,0.05000000000000001,14,23|31|224|171|180,56,all_filtered,9,True,D:\Running_Place\PostGraduateProjects\Experiments\PostGraduate\backbones\DisperssionWithSADG_ConstraintStyleRegularization\Seg-SADG\BaryFixedCos\a0p08\rho0p5\gb8\sadg0p05\nocons\shot5\Seed2,D:\Running_Place\PostGraduateProjects\Experiments\PostGraduate\backbones\Prompts\Seg-SADG\BaryFixedCos\a0p08\rho0p5\gb8\sadg0p05\nocons\shot5\Seed2
Seg-SADG,Seg-SADG,Seg-SADG,LF-Barycenter-Fixed-Cosine,fixed,cosine,fixed,8,1.0,0.5,0.5,0.5,0.5|0.5|0.5|0.5|0.5|0.5|0.5|0.5,0.08,0.5,0.05,0.05,0.5,0.0001,0.001,0.001,0.01,0.01,1e-06,0.5,style_rho0p5,sadg_rho0p05,9,9,19,19,new_training,5,2,188,0.030685168291841234,0.03055728492992265,0.0025576674795177367,0.0,0.0,0.0,0.0,0.0,0.0,0.0,0.0,0.0,0.0,0.023568069296223775,0.10789810227496284,0.05000000000000001,14,23|31|224|171|180,56,all_filtered,9,True,D:\Running_Place\PostGraduateProjects\Experiments\PostGraduate\backbones\DisperssionWithSADG_ConstraintStyleRegularization\Seg-SADG\BaryFixedCos\a0p08\rho0p5\gb8\sadg0p05\nocons\shot5\Seed2,D:\Running_Place\PostGraduateProjects\Experiments\PostGraduate\backbones\Prompts\Seg-SADG\BaryFixedCos\a0p08\rho0p5\gb8\sadg0p05\nocons\shot5\Seed2
Seg-SADG,Seg-SADG,Seg-SADG,LF-Barycenter-Fixed-Cosine,fixed,cosine,fixed,8,1.0,0.5,0.5,0.5,0.5|0.5|0.5|0.5|0.5|0.5|0.5|0.5,0.08,0.5,0.05,0.05,0.5,0.0001,0.001,0.001,0.01,0.01,1e-06,0.5,style_rho0p5,sadg_rho0p05,9,9,19,19,new_training,5,2,189,0.03212968286659036,0.03198878773088966,0.0028179111957017866,0.0,0.0,0.0,0.0,0.0,0.0,0.0,0.0,0.0,0.0,0.02447674223887069,0.11869561618992261,0.05000000000000001,14,23|31|224|171|180,56,all_filtered,9,True,D:\Running_Place\PostGraduateProjects\Experiments\PostGraduate\backbones\DisperssionWithSADG_ConstraintStyleRegularization\Seg-SADG\BaryFixedCos\a0p08\rho0p5\gb8\sadg0p05\nocons\shot5\Seed2,D:\Running_Place\PostGraduateProjects\Experiments\PostGraduate\backbones\Prompts\Seg-SADG\BaryFixedCos\a0p08\rho0p5\gb8\sadg0p05\nocons\shot5\Seed2
Seg-SADG,Seg-SADG,Seg-SADG,LF-Barycenter-Fixed-Cosine,fixed,cosine,fixed,8,1.0,0.5,0.5,0.5,0.5|0.5|0.5|0.5|0.5|0.5|0.5|0.5,0.08,0.5,0.05,0.05,0.5,0.0001,0.001,0.001,0.01,0.01,1e-06,0.5,style_rho0p5,sadg_rho0p05,9,9,19,19,new_training,5,2,190,0.033517442643642426,0.03337174973317555,0.0029138613192896757,0.0,0.0,0.0,0.0,0.0,0.0,0.0,0.0,0.0,0.0,0.025581500359943936,0.12295002916029521,0.05000000000000001,14,23|31|224|171|180,56,all_filtered,9,True,D:\Running_Place\PostGraduateProjects\Experiments\PostGraduate\backbones\DisperssionWithSADG_ConstraintStyleRegularization\Seg-SADG\BaryFixedCos\a0p08\rho0p5\gb8\sadg0p05\nocons\shot5\Seed2,D:\Running_Place\PostGraduateProjects\Experiments\PostGraduate\backbones\Prompts\Seg-SADG\BaryFixedCos\a0p08\rho0p5\gb8\sadg0p05\nocons\shot5\Seed2
Seg-SADG,Seg-SADG,Seg-SADG,LF-Barycenter-Fixed-Cosine,fixed,cosine,fixed,8,1.0,0.5,0.5,0.5,0.5|0.5|0.5|0.5|0.5|0.5|0.5|0.5,0.08,0.5,0.05,0.05,0.5,0.0001,0.001,0.001,0.01,0.01,1e-06,0.5,style_rho0p5,sadg_rho0p05,9,9,19,19,new_training,5,2,191,0.03164222410746983,0.031499777255313735,0.0028489334508776665,0.0,0.0,0.0,0.0,0.0,0.0,0.0,0.0,0.0,0.0,0.024830539976911887,0.10760480112263135,0.05000000000000001,14,23|31|224|171|180,56,all_filtered,9,True,D:\Running_Place\PostGraduateProjects\Experiments\PostGraduate\backbones\DisperssionWithSADG_ConstraintStyleRegularization\Seg-SADG\BaryFixedCos\a0p08\rho0p5\gb8\sadg0p05\nocons\shot5\Seed2,D:\Running_Place\PostGraduateProjects\Experiments\PostGraduate\backbones\Prompts\Seg-SADG\BaryFixedCos\a0p08\rho0p5\gb8\sadg0p05\nocons\shot5\Seed2
Seg-SADG,Seg-SADG,Seg-SADG,LF-Barycenter-Fixed-Cosine,fixed,cosine,fixed,8,1.0,0.5,0.5,0.5,0.5|0.5|0.5|0.5|0.5|0.5|0.5|0.5,0.08,0.5,0.05,0.05,0.5,0.0001,0.001,0.001,0.01,0.01,1e-06,0.5,style_rho0p5,sadg_rho0p05,9,9,19,19,new_training,5,2,192,0.030073772184550762,0.02994126613651003,0.002650125467750643,0.0,0.0,0.0,0.0,0.0,0.0,0.0,0.0,0.0,0.0,0.023720511235296726,0.09852198937109538,0.05000000000000001,14,23|31|224|171|180,56,all_filtered,9,True,D:\Running_Place\PostGraduateProjects\Experiments\PostGraduate\backbones\DisperssionWithSADG_ConstraintStyleRegularization\Seg-SADG\BaryFixedCos\a0p08\rho0p5\gb8\sadg0p05\nocons\shot5\Seed2,D:\Running_Place\PostGraduateProjects\Experiments\PostGraduate\backbones\Prompts\Seg-SADG\BaryFixedCos\a0p08\rho0p5\gb8\sadg0p05\nocons\shot5\Seed2
Seg-SADG,Seg-SADG,Seg-SADG,LF-Barycenter-Fixed-Cosine,fixed,cosine,fixed,8,1.0,0.5,0.5,0.5,0.5|0.5|0.5|0.5|0.5|0.5|0.5|0.5,0.08,0.5,0.05,0.05,0.5,0.0001,0.001,0.001,0.01,0.01,1e-06,0.5,style_rho0p5,sadg_rho0p05,9,9,19,19,new_training,5,2,193,0.03310649921851499,0.03296543764216559,0.002821228009582098,0.0,0.0,0.0,0.0,0.0,0.0,0.0,0.0,0.0,0.0,0.025231345556676388,0.11722204461693764,0.05000000000000001,14,23|31|224|171|180,56,all_filtered,9,True,D:\Running_Place\PostGraduateProjects\Experiments\PostGraduate\backbones\DisperssionWithSADG_ConstraintStyleRegularization\Seg-SADG\BaryFixedCos\a0p08\rho0p5\gb8\sadg0p05\nocons\shot5\Seed2,D:\Running_Place\PostGraduateProjects\Experiments\PostGraduate\backbones\Prompts\Seg-SADG\BaryFixedCos\a0p08\rho0p5\gb8\sadg0p05\nocons\shot5\Seed2
Seg-SADG,Seg-SADG,Seg-SADG,LF-Barycenter-Fixed-Cosine,fixed,cosine,fixed,8,1.0,0.5,0.5,0.5,0.5|0.5|0.5|0.5|0.5|0.5|0.5|0.5,0.08,0.5,0.05,0.05,0.5,0.0001,0.001,0.001,0.01,0.01,1e-06,0.5,style_rho0p5,sadg_rho0p05,9,9,19,19,new_training,5,2,194,0.034347922408155034,0.03421496280602047,0.0026591895148158073,0.0,0.0,0.0,0.0,0.0,0.0,0.0,0.0,0.0,0.0,0.02710202376225165,0.11713291119251933,0.05000000000000001,14,23|31|224|171|180,56,all_filtered,9,True,D:\Running_Place\PostGraduateProjects\Experiments\PostGraduate\backbones\DisperssionWithSADG_ConstraintStyleRegularization\Seg-SADG\BaryFixedCos\a0p08\rho0p5\gb8\sadg0p05\nocons\shot5\Seed2,D:\Running_Place\PostGraduateProjects\Experiments\PostGraduate\backbones\Prompts\Seg-SADG\BaryFixedCos\a0p08\rho0p5\gb8\sadg0p05\nocons\shot5\Seed2
Seg-SADG,Seg-SADG,Seg-SADG,LF-Barycenter-Fixed-Cosine,fixed,cosine,fixed,8,1.0,0.5,0.5,0.5,0.5|0.5|0.5|0.5|0.5|0.5|0.5|0.5,0.08,0.5,0.05,0.05,0.5,0.0001,0.001,0.001,0.01,0.01,1e-06,0.5,style_rho0p5,sadg_rho0p05,9,9,19,19,new_training,5,2,195,0.03327403896089111,0.03313460826341595,0.002788608311675489,0.0,0.0,0.0,0.0,0.0,0.0,0.0,0.0,0.0,0.0,0.026286942086049488,0.10899613904101509,0.05000000000000001,14,23|31|224|171|180,56,all_filtered,9,True,D:\Running_Place\PostGraduateProjects\Experiments\PostGraduate\backbones\DisperssionWithSADG_ConstraintStyleRegularization\Seg-SADG\BaryFixedCos\a0p08\rho0p5\gb8\sadg0p05\nocons\shot5\Seed2,D:\Running_Place\PostGraduateProjects\Experiments\PostGraduate\backbones\Prompts\Seg-SADG\BaryFixedCos\a0p08\rho0p5\gb8\sadg0p05\nocons\shot5\Seed2
Seg-SADG,Seg-SADG,Seg-SADG,LF-Barycenter-Fixed-Cosine,fixed,cosine,fixed,8,1.0,0.5,0.5,0.5,0.5|0.5|0.5|0.5|0.5|0.5|0.5|0.5,0.08,0.5,0.05,0.05,0.5,0.0001,0.001,0.001,0.01,0.01,1e-06,0.5,style_rho0p5,sadg_rho0p05,9,9,19,19,new_training,5,2,196,0.03151744098535606,0.031381444207259586,0.002719934397776212,0.0,0.0,0.0,0.0,0.0,0.0,0.0,0.0,0.0,0.0,0.024728292732366493,0.10644311085343361,0.05000000000000001,14,23|31|224|171|180,56,all_filtered,9,True,D:\Running_Place\PostGraduateProjects\Experiments\PostGraduate\backbones\DisperssionWithSADG_ConstraintStyleRegularization\Seg-SADG\BaryFixedCos\a0p08\rho0p5\gb8\sadg0p05\nocons\shot5\Seed2,D:\Running_Place\PostGraduateProjects\Experiments\PostGraduate\backbones\Prompts\Seg-SADG\BaryFixedCos\a0p08\rho0p5\gb8\sadg0p05\nocons\shot5\Seed2
Seg-SADG,Seg-SADG,Seg-SADG,LF-Barycenter-Fixed-Cosine,fixed,cosine,fixed,8,1.0,0.5,0.5,0.5,0.5|0.5|0.5|0.5|0.5|0.5|0.5|0.5,0.08,0.5,0.05,0.05,0.5,0.0001,0.001,0.001,0.01,0.01,1e-06,0.5,style_rho0p5,sadg_rho0p05,9,9,19,19,new_training,5,2,197,0.03148778275187526,0.03134456130542925,0.002864422758908144,0.0,0.0,0.0,0.0,0.0,0.0,0.0,0.0,0.0,0.0,0.024490188008972576,0.10957538017204829,0.05000000000000001,14,23|31|224|171|180,56,all_filtered,9,True,D:\Running_Place\PostGraduateProjects\Experiments\PostGraduate\backbones\DisperssionWithSADG_ConstraintStyleRegularization\Seg-SADG\BaryFixedCos\a0p08\rho0p5\gb8\sadg0p05\nocons\shot5\Seed2,D:\Running_Place\PostGraduateProjects\Experiments\PostGraduate\backbones\Prompts\Seg-SADG\BaryFixedCos\a0p08\rho0p5\gb8\sadg0p05\nocons\shot5\Seed2
Seg-SADG,Seg-SADG,Seg-SADG,LF-Barycenter-Fixed-Cosine,fixed,cosine,fixed,8,1.0,0.5,0.5,0.5,0.5|0.5|0.5|0.5|0.5|0.5|0.5|0.5,0.08,0.5,0.05,0.05,0.5,0.0001,0.001,0.001,0.01,0.01,1e-06,0.5,style_rho0p5,sadg_rho0p05,9,9,19,19,new_training,5,2,198,0.03128514172775405,0.031152086731578623,0.002661096173272069,0.0,0.0,0.0,0.0,0.0,0.0,0.0,0.0,0.0,0.0,0.024369556323758194,0.10998001960771424,0.05000000000000001,14,23|31|224|171|180,56,all_filtered,9,True,D:\Running_Place\PostGraduateProjects\Experiments\PostGraduate\backbones\DisperssionWithSADG_ConstraintStyleRegularization\Seg-SADG\BaryFixedCos\a0p08\rho0p5\gb8\sadg0p05\nocons\shot5\Seed2,D:\Running_Place\PostGraduateProjects\Experiments\PostGraduate\backbones\Prompts\Seg-SADG\BaryFixedCos\a0p08\rho0p5\gb8\sadg0p05\nocons\shot5\Seed2
Seg-SADG,Seg-SADG,Seg-SADG,LF-Barycenter-Fixed-Cosine,fixed,cosine,fixed,8,1.0,0.5,0.5,0.5,0.5|0.5|0.5|0.5|0.5|0.5|0.5|0.5,0.08,0.5,0.05,0.05,0.5,0.0001,0.001,0.001,0.01,0.01,1e-06,0.5,style_rho0p5,sadg_rho0p05,9,9,19,19,new_training,5,2,199,0.02904639153608254,0.02890926014099802,0.002742625357184027,0.0,0.0,0.0,0.0,0.0,0.0,0.0,0.0,0.0,0.0,0.02294931574059384,0.09509446312274251,0.05000000000000001,14,23|31|224|171|180,56,all_filtered,9,True,D:\Running_Place\PostGraduateProjects\Experiments\PostGraduate\backbones\DisperssionWithSADG_ConstraintStyleRegularization\Seg-SADG\BaryFixedCos\a0p08\rho0p5\gb8\sadg0p05\nocons\shot5\Seed2,D:\Running_Place\PostGraduateProjects\Experiments\PostGraduate\backbones\Prompts\Seg-SADG\BaryFixedCos\a0p08\rho0p5\gb8\sadg0p05\nocons\shot5\Seed2
Seg-SADG,Seg-SADG,Seg-SADG,LF-Barycenter-Fixed-Cosine,fixed,cosine,fixed,8,1.0,0.5,0.5,0.5,0.5|0.5|0.5|0.5|0.5|0.5|0.5|0.5,0.08,0.5,0.05,0.05,0.5,0.0001,0.001,0.001,0.01,0.01,1e-06,0.5,style_rho0p5,sadg_rho0p05,9,9,19,19,new_training,5,2,200,0.028859347637210573,0.02873893521193947,0.0024082540185190737,0.0,0.0,0.0,0.0,0.0,0.0,0.0,0.0,0.0,0.0,0.02226658750857626,0.09855592836226736,0.05000000000000001,14,23|31|224|171|180,56,all_filtered,9,True,D:\Running_Place\PostGraduateProjects\Experiments\PostGraduate\backbones\DisperssionWithSADG_ConstraintStyleRegularization\Seg-SADG\BaryFixedCos\a0p08\rho0p5\gb8\sadg0p05\nocons\shot5\Seed2,D:\Running_Place\PostGraduateProjects\Experiments\PostGraduate\backbones\Prompts\Seg-SADG\BaryFixedCos\a0p08\rho0p5\gb8\sadg0p05\nocons\shot5\Seed2
