shot,seed,source_domain,train_case_ids,checkpoint_path,prompt_dir,prototype_path,gamma,gamma_tag,layer,class_id,class_name,prototype_index,n_prototypes,feature_dim,total_count,sample_count,cluster_sample_count,valid_center,prototype_norm,n_batches_used,n_slices_used
3,0,SIEMENS_SymphonyTim_37743_T1-TSE,179|180|23,D:\Running_Place\PostGraduateProjects\Experiments\PostGraduate\backbones\DisperssionWithSADG_ConstraintStyleRegularization\Seg-SADG\BaryRadGate\a0p08\rho0p5\gb8\sadg0p05\nocons\shot3\Seed0\baseline_model_with_metadata.pt,D:\Running_Place\PostGraduateProjects\Experiments\PostGraduate\backbones\Prompts\Seg-SADG\BaryRadGate\a0p08\rho0p5\gb8\sadg0p05\nocons\shot3\Seed0,D:\Running_Place\PostGraduateProjects\Experiments\PostGraduate\backbones\Prompts\Seg-SADG\BaryRadGate\a0p08\rho0p5\gb8\sadg0p05\nocons\shot3\Seed0\source_multilayer_prototypes.pt,0.0,gamma0,dec3,0,background,0,8,32,98176,50000,8082,1,0.8572116494178772,9,34
3,0,SIEMENS_SymphonyTim_37743_T1-TSE,179|180|23,D:\Running_Place\PostGraduateProjects\Experiments\PostGraduate\backbones\DisperssionWithSADG_ConstraintStyleRegularization\Seg-SADG\BaryRadGate\a0p08\rho0p5\gb8\sadg0p05\nocons\shot3\Seed0\baseline_model_with_metadata.pt,D:\Running_Place\PostGraduateProjects\Experiments\PostGraduate\backbones\Prompts\Seg-SADG\BaryRadGate\a0p08\rho0p5\gb8\sadg0p05\nocons\shot3\Seed0,D:\Running_Place\PostGraduateProjects\Experiments\PostGraduate\backbones\Prompts\Seg-SADG\BaryRadGate\a0p08\rho0p5\gb8\sadg0p05\nocons\shot3\Seed0\source_multilayer_prototypes.pt,0.0,gamma0,dec3,0,background,1,8,32,98176,50000,7960,1,0.7512364387512207,9,34
3,0,SIEMENS_SymphonyTim_37743_T1-TSE,179|180|23,D:\Running_Place\PostGraduateProjects\Experiments\PostGraduate\backbones\DisperssionWithSADG_ConstraintStyleRegularization\Seg-SADG\BaryRadGate\a0p08\rho0p5\gb8\sadg0p05\nocons\shot3\Seed0\baseline_model_with_metadata.pt,D:\Running_Place\PostGraduateProjects\Experiments\PostGraduate\backbones\Prompts\Seg-SADG\BaryRadGate\a0p08\rho0p5\gb8\sadg0p05\nocons\shot3\Seed0,D:\Running_Place\PostGraduateProjects\Experiments\PostGraduate\backbones\Prompts\Seg-SADG\BaryRadGate\a0p08\rho0p5\gb8\sadg0p05\nocons\shot3\Seed0\source_multilayer_prototypes.pt,0.0,gamma0,dec3,0,background,2,8,32,98176,50000,14187,1,0.824251115322113,9,34
3,0,SIEMENS_SymphonyTim_37743_T1-TSE,179|180|23,D:\Running_Place\PostGraduateProjects\Experiments\PostGraduate\backbones\DisperssionWithSADG_ConstraintStyleRegularization\Seg-SADG\BaryRadGate\a0p08\rho0p5\gb8\sadg0p05\nocons\shot3\Seed0\baseline_model_with_metadata.pt,D:\Running_Place\PostGraduateProjects\Experiments\PostGraduate\backbones\Prompts\Seg-SADG\BaryRadGate\a0p08\rho0p5\gb8\sadg0p05\nocons\shot3\Seed0,D:\Running_Place\PostGraduateProjects\Experiments\PostGraduate\backbones\Prompts\Seg-SADG\BaryRadGate\a0p08\rho0p5\gb8\sadg0p05\nocons\shot3\Seed0\source_multilayer_prototypes.pt,0.0,gamma0,dec3,0,background,3,8,32,98176,50000,3905,1,0.6415385603904724,9,34
3,0,SIEMENS_SymphonyTim_37743_T1-TSE,179|180|23,D:\Running_Place\PostGraduateProjects\Experiments\PostGraduate\backbones\DisperssionWithSADG_ConstraintStyleRegularization\Seg-SADG\BaryRadGate\a0p08\rho0p5\gb8\sadg0p05\nocons\shot3\Seed0\baseline_model_with_metadata.pt,D:\Running_Place\PostGraduateProjects\Experiments\PostGraduate\backbones\Prompts\Seg-SADG\BaryRadGate\a0p08\rho0p5\gb8\sadg0p05\nocons\shot3\Seed0,D:\Running_Place\PostGraduateProjects\Experiments\PostGraduate\backbones\Prompts\Seg-SADG\BaryRadGate\a0p08\rho0p5\gb8\sadg0p05\nocons\shot3\Seed0\source_multilayer_prototypes.pt,0.0,gamma0,dec3,0,background,4,8,32,98176,50000,3967,1,0.6783984303474426,9,34
3,0,SIEMENS_SymphonyTim_37743_T1-TSE,179|180|23,D:\Running_Place\PostGraduateProjects\Experiments\PostGraduate\backbones\DisperssionWithSADG_ConstraintStyleRegularization\Seg-SADG\BaryRadGate\a0p08\rho0p5\gb8\sadg0p05\nocons\shot3\Seed0\baseline_model_with_metadata.pt,D:\Running_Place\PostGraduateProjects\Experiments\PostGraduate\backbones\Prompts\Seg-SADG\BaryRadGate\a0p08\rho0p5\gb8\sadg0p05\nocons\shot3\Seed0,D:\Running_Place\PostGraduateProjects\Experiments\PostGraduate\backbones\Prompts\Seg-SADG\BaryRadGate\a0p08\rho0p5\gb8\sadg0p05\nocons\shot3\Seed0\source_multilayer_prototypes.pt,0.0,gamma0,dec3,0,background,5,8,32,98176,50000,2077,1,0.8238186836242676,9,34
3,0,SIEMENS_SymphonyTim_37743_T1-TSE,179|180|23,D:\Running_Place\PostGraduateProjects\Experiments\PostGraduate\backbones\DisperssionWithSADG_ConstraintStyleRegularization\Seg-SADG\BaryRadGate\a0p08\rho0p5\gb8\sadg0p05\nocons\shot3\Seed0\baseline_model_with_metadata.pt,D:\Running_Place\PostGraduateProjects\Experiments\PostGraduate\backbones\Prompts\Seg-SADG\BaryRadGate\a0p08\rho0p5\gb8\sadg0p05\nocons\shot3\Seed0,D:\Running_Place\PostGraduateProjects\Experiments\PostGraduate\backbones\Prompts\Seg-SADG\BaryRadGate\a0p08\rho0p5\gb8\sadg0p05\nocons\shot3\Seed0\source_multilayer_prototypes.pt,0.0,gamma0,dec3,0,background,6,8,32,98176,50000,4828,1,0.7624709606170654,9,34
3,0,SIEMENS_SymphonyTim_37743_T1-TSE,179|180|23,D:\Running_Place\PostGraduateProjects\Experiments\PostGraduate\backbones\DisperssionWithSADG_ConstraintStyleRegularization\Seg-SADG\BaryRadGate\a0p08\rho0p5\gb8\sadg0p05\nocons\shot3\Seed0\baseline_model_with_metadata.pt,D:\Running_Place\PostGraduateProjects\Experiments\PostGraduate\backbones\Prompts\Seg-SADG\BaryRadGate\a0p08\rho0p5\gb8\sadg0p05\nocons\shot3\Seed0,D:\Running_Place\PostGraduateProjects\Experiments\PostGraduate\backbones\Prompts\Seg-SADG\BaryRadGate\a0p08\rho0p5\gb8\sadg0p05\nocons\shot3\Seed0\source_multilayer_prototypes.pt,0.0,gamma0,dec3,0,background,7,8,32,98176,50000,4994,1,0.7477516531944275,9,34
3,0,SIEMENS_SymphonyTim_37743_T1-TSE,179|180|23,D:\Running_Place\PostGraduateProjects\Experiments\PostGraduate\backbones\DisperssionWithSADG_ConstraintStyleRegularization\Seg-SADG\BaryRadGate\a0p08\rho0p5\gb8\sadg0p05\nocons\shot3\Seed0\baseline_model_with_metadata.pt,D:\Running_Place\PostGraduateProjects\Experiments\PostGraduate\backbones\Prompts\Seg-SADG\BaryRadGate\a0p08\rho0p5\gb8\sadg0p05\nocons\shot3\Seed0,D:\Running_Place\PostGraduateProjects\Experiments\PostGraduate\backbones\Prompts\Seg-SADG\BaryRadGate\a0p08\rho0p5\gb8\sadg0p05\nocons\shot3\Seed0\source_multilayer_prototypes.pt,0.0,gamma0,dec3,1,vertebrae,0,8,32,7173,7173,1417,1,0.9255313873291016,9,34
3,0,SIEMENS_SymphonyTim_37743_T1-TSE,179|180|23,D:\Running_Place\PostGraduateProjects\Experiments\PostGraduate\backbones\DisperssionWithSADG_ConstraintStyleRegularization\Seg-SADG\BaryRadGate\a0p08\rho0p5\gb8\sadg0p05\nocons\shot3\Seed0\baseline_model_with_metadata.pt,D:\Running_Place\PostGraduateProjects\Experiments\PostGraduate\backbones\Prompts\Seg-SADG\BaryRadGate\a0p08\rho0p5\gb8\sadg0p05\nocons\shot3\Seed0,D:\Running_Place\PostGraduateProjects\Experiments\PostGraduate\backbones\Prompts\Seg-SADG\BaryRadGate\a0p08\rho0p5\gb8\sadg0p05\nocons\shot3\Seed0\source_multilayer_prototypes.pt,0.0,gamma0,dec3,1,vertebrae,1,8,32,7173,7173,1145,1,0.900661826133728,9,34
3,0,SIEMENS_SymphonyTim_37743_T1-TSE,179|180|23,D:\Running_Place\PostGraduateProjects\Experiments\PostGraduate\backbones\DisperssionWithSADG_ConstraintStyleRegularization\Seg-SADG\BaryRadGate\a0p08\rho0p5\gb8\sadg0p05\nocons\shot3\Seed0\baseline_model_with_metadata.pt,D:\Running_Place\PostGraduateProjects\Experiments\PostGraduate\backbones\Prompts\Seg-SADG\BaryRadGate\a0p08\rho0p5\gb8\sadg0p05\nocons\shot3\Seed0,D:\Running_Place\PostGraduateProjects\Experiments\PostGraduate\backbones\Prompts\Seg-SADG\BaryRadGate\a0p08\rho0p5\gb8\sadg0p05\nocons\shot3\Seed0\source_multilayer_prototypes.pt,0.0,gamma0,dec3,1,vertebrae,2,8,32,7173,7173,338,1,0.842233419418335,9,34
3,0,SIEMENS_SymphonyTim_37743_T1-TSE,179|180|23,D:\Running_Place\PostGraduateProjects\Experiments\PostGraduate\backbones\DisperssionWithSADG_ConstraintStyleRegularization\Seg-SADG\BaryRadGate\a0p08\rho0p5\gb8\sadg0p05\nocons\shot3\Seed0\baseline_model_with_metadata.pt,D:\Running_Place\PostGraduateProjects\Experiments\PostGraduate\backbones\Prompts\Seg-SADG\BaryRadGate\a0p08\rho0p5\gb8\sadg0p05\nocons\shot3\Seed0,D:\Running_Place\PostGraduateProjects\Experiments\PostGraduate\backbones\Prompts\Seg-SADG\BaryRadGate\a0p08\rho0p5\gb8\sadg0p05\nocons\shot3\Seed0\source_multilayer_prototypes.pt,0.0,gamma0,dec3,1,vertebrae,3,8,32,7173,7173,556,1,0.8051784634590149,9,34
3,0,SIEMENS_SymphonyTim_37743_T1-TSE,179|180|23,D:\Running_Place\PostGraduateProjects\Experiments\PostGraduate\backbones\DisperssionWithSADG_ConstraintStyleRegularization\Seg-SADG\BaryRadGate\a0p08\rho0p5\gb8\sadg0p05\nocons\shot3\Seed0\baseline_model_with_metadata.pt,D:\Running_Place\PostGraduateProjects\Experiments\PostGraduate\backbones\Prompts\Seg-SADG\BaryRadGate\a0p08\rho0p5\gb8\sadg0p05\nocons\shot3\Seed0,D:\Running_Place\PostGraduateProjects\Experiments\PostGraduate\backbones\Prompts\Seg-SADG\BaryRadGate\a0p08\rho0p5\gb8\sadg0p05\nocons\shot3\Seed0\source_multilayer_prototypes.pt,0.0,gamma0,dec3,1,vertebrae,4,8,32,7173,7173,1120,1,0.9251542687416077,9,34
3,0,SIEMENS_SymphonyTim_37743_T1-TSE,179|180|23,D:\Running_Place\PostGraduateProjects\Experiments\PostGraduate\backbones\DisperssionWithSADG_ConstraintStyleRegularization\Seg-SADG\BaryRadGate\a0p08\rho0p5\gb8\sadg0p05\nocons\shot3\Seed0\baseline_model_with_metadata.pt,D:\Running_Place\PostGraduateProjects\Experiments\PostGraduate\backbones\Prompts\Seg-SADG\BaryRadGate\a0p08\rho0p5\gb8\sadg0p05\nocons\shot3\Seed0,D:\Running_Place\PostGraduateProjects\Experiments\PostGraduate\backbones\Prompts\Seg-SADG\BaryRadGate\a0p08\rho0p5\gb8\sadg0p05\nocons\shot3\Seed0\source_multilayer_prototypes.pt,0.0,gamma0,dec3,1,vertebrae,5,8,32,7173,7173,988,1,0.8887806534767151,9,34
3,0,SIEMENS_SymphonyTim_37743_T1-TSE,179|180|23,D:\Running_Place\PostGraduateProjects\Experiments\PostGraduate\backbones\DisperssionWithSADG_ConstraintStyleRegularization\Seg-SADG\BaryRadGate\a0p08\rho0p5\gb8\sadg0p05\nocons\shot3\Seed0\baseline_model_with_metadata.pt,D:\Running_Place\PostGraduateProjects\Experiments\PostGraduate\backbones\Prompts\Seg-SADG\BaryRadGate\a0p08\rho0p5\gb8\sadg0p05\nocons\shot3\Seed0,D:\Running_Place\PostGraduateProjects\Experiments\PostGraduate\backbones\Prompts\Seg-SADG\BaryRadGate\a0p08\rho0p5\gb8\sadg0p05\nocons\shot3\Seed0\source_multilayer_prototypes.pt,0.0,gamma0,dec3,1,vertebrae,6,8,32,7173,7173,1170,1,0.9278936386108398,9,34
3,0,SIEMENS_SymphonyTim_37743_T1-TSE,179|180|23,D:\Running_Place\PostGraduateProjects\Experiments\PostGraduate\backbones\DisperssionWithSADG_ConstraintStyleRegularization\Seg-SADG\BaryRadGate\a0p08\rho0p5\gb8\sadg0p05\nocons\shot3\Seed0\baseline_model_with_metadata.pt,D:\Running_Place\PostGraduateProjects\Experiments\PostGraduate\backbones\Prompts\Seg-SADG\BaryRadGate\a0p08\rho0p5\gb8\sadg0p05\nocons\shot3\Seed0,D:\Running_Place\PostGraduateProjects\Experiments\PostGraduate\backbones\Prompts\Seg-SADG\BaryRadGate\a0p08\rho0p5\gb8\sadg0p05\nocons\shot3\Seed0\source_multilayer_prototypes.pt,0.0,gamma0,dec3,1,vertebrae,7,8,32,7173,7173,439,1,0.8137320876121521,9,34
3,0,SIEMENS_SymphonyTim_37743_T1-TSE,179|180|23,D:\Running_Place\PostGraduateProjects\Experiments\PostGraduate\backbones\DisperssionWithSADG_ConstraintStyleRegularization\Seg-SADG\BaryRadGate\a0p08\rho0p5\gb8\sadg0p05\nocons\shot3\Seed0\baseline_model_with_metadata.pt,D:\Running_Place\PostGraduateProjects\Experiments\PostGraduate\backbones\Prompts\Seg-SADG\BaryRadGate\a0p08\rho0p5\gb8\sadg0p05\nocons\shot3\Seed0,D:\Running_Place\PostGraduateProjects\Experiments\PostGraduate\backbones\Prompts\Seg-SADG\BaryRadGate\a0p08\rho0p5\gb8\sadg0p05\nocons\shot3\Seed0\source_multilayer_prototypes.pt,0.0,gamma0,dec3,2,intervertebral_discs,0,4,32,1275,1275,150,1,0.8552458882331848,9,34
3,0,SIEMENS_SymphonyTim_37743_T1-TSE,179|180|23,D:\Running_Place\PostGraduateProjects\Experiments\PostGraduate\backbones\DisperssionWithSADG_ConstraintStyleRegularization\Seg-SADG\BaryRadGate\a0p08\rho0p5\gb8\sadg0p05\nocons\shot3\Seed0\baseline_model_with_metadata.pt,D:\Running_Place\PostGraduateProjects\Experiments\PostGraduate\backbones\Prompts\Seg-SADG\BaryRadGate\a0p08\rho0p5\gb8\sadg0p05\nocons\shot3\Seed0,D:\Running_Place\PostGraduateProjects\Experiments\PostGraduate\backbones\Prompts\Seg-SADG\BaryRadGate\a0p08\rho0p5\gb8\sadg0p05\nocons\shot3\Seed0\source_multilayer_prototypes.pt,0.0,gamma0,dec3,2,intervertebral_discs,1,4,32,1275,1275,477,1,0.9087830185890198,9,34
3,0,SIEMENS_SymphonyTim_37743_T1-TSE,179|180|23,D:\Running_Place\PostGraduateProjects\Experiments\PostGraduate\backbones\DisperssionWithSADG_ConstraintStyleRegularization\Seg-SADG\BaryRadGate\a0p08\rho0p5\gb8\sadg0p05\nocons\shot3\Seed0\baseline_model_with_metadata.pt,D:\Running_Place\PostGraduateProjects\Experiments\PostGraduate\backbones\Prompts\Seg-SADG\BaryRadGate\a0p08\rho0p5\gb8\sadg0p05\nocons\shot3\Seed0,D:\Running_Place\PostGraduateProjects\Experiments\PostGraduate\backbones\Prompts\Seg-SADG\BaryRadGate\a0p08\rho0p5\gb8\sadg0p05\nocons\shot3\Seed0\source_multilayer_prototypes.pt,0.0,gamma0,dec3,2,intervertebral_discs,2,4,32,1275,1275,210,1,0.8592699766159058,9,34
3,0,SIEMENS_SymphonyTim_37743_T1-TSE,179|180|23,D:\Running_Place\PostGraduateProjects\Experiments\PostGraduate\backbones\DisperssionWithSADG_ConstraintStyleRegularization\Seg-SADG\BaryRadGate\a0p08\rho0p5\gb8\sadg0p05\nocons\shot3\Seed0\baseline_model_with_metadata.pt,D:\Running_Place\PostGraduateProjects\Experiments\PostGraduate\backbones\Prompts\Seg-SADG\BaryRadGate\a0p08\rho0p5\gb8\sadg0p05\nocons\shot3\Seed0,D:\Running_Place\PostGraduateProjects\Experiments\PostGraduate\backbones\Prompts\Seg-SADG\BaryRadGate\a0p08\rho0p5\gb8\sadg0p05\nocons\shot3\Seed0\source_multilayer_prototypes.pt,0.0,gamma0,dec3,2,intervertebral_discs,3,4,32,1275,1275,438,1,0.9254274368286133,9,34
3,0,SIEMENS_SymphonyTim_37743_T1-TSE,179|180|23,D:\Running_Place\PostGraduateProjects\Experiments\PostGraduate\backbones\DisperssionWithSADG_ConstraintStyleRegularization\Seg-SADG\BaryRadGate\a0p08\rho0p5\gb8\sadg0p05\nocons\shot3\Seed0\baseline_model_with_metadata.pt,D:\Running_Place\PostGraduateProjects\Experiments\PostGraduate\backbones\Prompts\Seg-SADG\BaryRadGate\a0p08\rho0p5\gb8\sadg0p05\nocons\shot3\Seed0,D:\Running_Place\PostGraduateProjects\Experiments\PostGraduate\backbones\Prompts\Seg-SADG\BaryRadGate\a0p08\rho0p5\gb8\sadg0p05\nocons\shot3\Seed0\source_multilayer_prototypes.pt,0.0,gamma0,dec2,0,background,0,8,16,392564,50000,2536,1,0.9010234475135803,9,34
3,0,SIEMENS_SymphonyTim_37743_T1-TSE,179|180|23,D:\Running_Place\PostGraduateProjects\Experiments\PostGraduate\backbones\DisperssionWithSADG_ConstraintStyleRegularization\Seg-SADG\BaryRadGate\a0p08\rho0p5\gb8\sadg0p05\nocons\shot3\Seed0\baseline_model_with_metadata.pt,D:\Running_Place\PostGraduateProjects\Experiments\PostGraduate\backbones\Prompts\Seg-SADG\BaryRadGate\a0p08\rho0p5\gb8\sadg0p05\nocons\shot3\Seed0,D:\Running_Place\PostGraduateProjects\Experiments\PostGraduate\backbones\Prompts\Seg-SADG\BaryRadGate\a0p08\rho0p5\gb8\sadg0p05\nocons\shot3\Seed0\source_multilayer_prototypes.pt,0.0,gamma0,dec2,0,background,1,8,16,392564,50000,6105,1,0.8609604239463806,9,34
3,0,SIEMENS_SymphonyTim_37743_T1-TSE,179|180|23,D:\Running_Place\PostGraduateProjects\Experiments\PostGraduate\backbones\DisperssionWithSADG_ConstraintStyleRegularization\Seg-SADG\BaryRadGate\a0p08\rho0p5\gb8\sadg0p05\nocons\shot3\Seed0\baseline_model_with_metadata.pt,D:\Running_Place\PostGraduateProjects\Experiments\PostGraduate\backbones\Prompts\Seg-SADG\BaryRadGate\a0p08\rho0p5\gb8\sadg0p05\nocons\shot3\Seed0,D:\Running_Place\PostGraduateProjects\Experiments\PostGraduate\backbones\Prompts\Seg-SADG\BaryRadGate\a0p08\rho0p5\gb8\sadg0p05\nocons\shot3\Seed0\source_multilayer_prototypes.pt,0.0,gamma0,dec2,0,background,2,8,16,392564,50000,4328,1,0.888770580291748,9,34
3,0,SIEMENS_SymphonyTim_37743_T1-TSE,179|180|23,D:\Running_Place\PostGraduateProjects\Experiments\PostGraduate\backbones\DisperssionWithSADG_ConstraintStyleRegularization\Seg-SADG\BaryRadGate\a0p08\rho0p5\gb8\sadg0p05\nocons\shot3\Seed0\baseline_model_with_metadata.pt,D:\Running_Place\PostGraduateProjects\Experiments\PostGraduate\backbones\Prompts\Seg-SADG\BaryRadGate\a0p08\rho0p5\gb8\sadg0p05\nocons\shot3\Seed0,D:\Running_Place\PostGraduateProjects\Experiments\PostGraduate\backbones\Prompts\Seg-SADG\BaryRadGate\a0p08\rho0p5\gb8\sadg0p05\nocons\shot3\Seed0\source_multilayer_prototypes.pt,0.0,gamma0,dec2,0,background,3,8,16,392564,50000,4143,1,0.8460003733634949,9,34
3,0,SIEMENS_SymphonyTim_37743_T1-TSE,179|180|23,D:\Running_Place\PostGraduateProjects\Experiments\PostGraduate\backbones\DisperssionWithSADG_ConstraintStyleRegularization\Seg-SADG\BaryRadGate\a0p08\rho0p5\gb8\sadg0p05\nocons\shot3\Seed0\baseline_model_with_metadata.pt,D:\Running_Place\PostGraduateProjects\Experiments\PostGraduate\backbones\Prompts\Seg-SADG\BaryRadGate\a0p08\rho0p5\gb8\sadg0p05\nocons\shot3\Seed0,D:\Running_Place\PostGraduateProjects\Experiments\PostGraduate\backbones\Prompts\Seg-SADG\BaryRadGate\a0p08\rho0p5\gb8\sadg0p05\nocons\shot3\Seed0\source_multilayer_prototypes.pt,0.0,gamma0,dec2,0,background,4,8,16,392564,50000,14468,1,0.9522783160209656,9,34
3,0,SIEMENS_SymphonyTim_37743_T1-TSE,179|180|23,D:\Running_Place\PostGraduateProjects\Experiments\PostGraduate\backbones\DisperssionWithSADG_ConstraintStyleRegularization\Seg-SADG\BaryRadGate\a0p08\rho0p5\gb8\sadg0p05\nocons\shot3\Seed0\baseline_model_with_metadata.pt,D:\Running_Place\PostGraduateProjects\Experiments\PostGraduate\backbones\Prompts\Seg-SADG\BaryRadGate\a0p08\rho0p5\gb8\sadg0p05\nocons\shot3\Seed0,D:\Running_Place\PostGraduateProjects\Experiments\PostGraduate\backbones\Prompts\Seg-SADG\BaryRadGate\a0p08\rho0p5\gb8\sadg0p05\nocons\shot3\Seed0\source_multilayer_prototypes.pt,0.0,gamma0,dec2,0,background,5,8,16,392564,50000,4814,1,0.8646420240402222,9,34
3,0,SIEMENS_SymphonyTim_37743_T1-TSE,179|180|23,D:\Running_Place\PostGraduateProjects\Experiments\PostGraduate\backbones\DisperssionWithSADG_ConstraintStyleRegularization\Seg-SADG\BaryRadGate\a0p08\rho0p5\gb8\sadg0p05\nocons\shot3\Seed0\baseline_model_with_metadata.pt,D:\Running_Place\PostGraduateProjects\Experiments\PostGraduate\backbones\Prompts\Seg-SADG\BaryRadGate\a0p08\rho0p5\gb8\sadg0p05\nocons\shot3\Seed0,D:\Running_Place\PostGraduateProjects\Experiments\PostGraduate\backbones\Prompts\Seg-SADG\BaryRadGate\a0p08\rho0p5\gb8\sadg0p05\nocons\shot3\Seed0\source_multilayer_prototypes.pt,0.0,gamma0,dec2,0,background,6,8,16,392564,50000,10073,1,0.9317775964736938,9,34
3,0,SIEMENS_SymphonyTim_37743_T1-TSE,179|180|23,D:\Running_Place\PostGraduateProjects\Experiments\PostGraduate\backbones\DisperssionWithSADG_ConstraintStyleRegularization\Seg-SADG\BaryRadGate\a0p08\rho0p5\gb8\sadg0p05\nocons\shot3\Seed0\baseline_model_with_metadata.pt,D:\Running_Place\PostGraduateProjects\Experiments\PostGraduate\backbones\Prompts\Seg-SADG\BaryRadGate\a0p08\rho0p5\gb8\sadg0p05\nocons\shot3\Seed0,D:\Running_Place\PostGraduateProjects\Experiments\PostGraduate\backbones\Prompts\Seg-SADG\BaryRadGate\a0p08\rho0p5\gb8\sadg0p05\nocons\shot3\Seed0\source_multilayer_prototypes.pt,0.0,gamma0,dec2,0,background,7,8,16,392564,50000,3533,1,0.5910581946372986,9,34
3,0,SIEMENS_SymphonyTim_37743_T1-TSE,179|180|23,D:\Running_Place\PostGraduateProjects\Experiments\PostGraduate\backbones\DisperssionWithSADG_ConstraintStyleRegularization\Seg-SADG\BaryRadGate\a0p08\rho0p5\gb8\sadg0p05\nocons\shot3\Seed0\baseline_model_with_metadata.pt,D:\Running_Place\PostGraduateProjects\Experiments\PostGraduate\backbones\Prompts\Seg-SADG\BaryRadGate\a0p08\rho0p5\gb8\sadg0p05\nocons\shot3\Seed0,D:\Running_Place\PostGraduateProjects\Experiments\PostGraduate\backbones\Prompts\Seg-SADG\BaryRadGate\a0p08\rho0p5\gb8\sadg0p05\nocons\shot3\Seed0\source_multilayer_prototypes.pt,0.0,gamma0,dec2,1,vertebrae,0,8,16,28844,28844,2036,1,0.8738903999328613,9,34
3,0,SIEMENS_SymphonyTim_37743_T1-TSE,179|180|23,D:\Running_Place\PostGraduateProjects\Experiments\PostGraduate\backbones\DisperssionWithSADG_ConstraintStyleRegularization\Seg-SADG\BaryRadGate\a0p08\rho0p5\gb8\sadg0p05\nocons\shot3\Seed0\baseline_model_with_metadata.pt,D:\Running_Place\PostGraduateProjects\Experiments\PostGraduate\backbones\Prompts\Seg-SADG\BaryRadGate\a0p08\rho0p5\gb8\sadg0p05\nocons\shot3\Seed0,D:\Running_Place\PostGraduateProjects\Experiments\PostGraduate\backbones\Prompts\Seg-SADG\BaryRadGate\a0p08\rho0p5\gb8\sadg0p05\nocons\shot3\Seed0\source_multilayer_prototypes.pt,0.0,gamma0,dec2,1,vertebrae,1,8,16,28844,28844,10600,1,0.9676253795623779,9,34
3,0,SIEMENS_SymphonyTim_37743_T1-TSE,179|180|23,D:\Running_Place\PostGraduateProjects\Experiments\PostGraduate\backbones\DisperssionWithSADG_ConstraintStyleRegularization\Seg-SADG\BaryRadGate\a0p08\rho0p5\gb8\sadg0p05\nocons\shot3\Seed0\baseline_model_with_metadata.pt,D:\Running_Place\PostGraduateProjects\Experiments\PostGraduate\backbones\Prompts\Seg-SADG\BaryRadGate\a0p08\rho0p5\gb8\sadg0p05\nocons\shot3\Seed0,D:\Running_Place\PostGraduateProjects\Experiments\PostGraduate\backbones\Prompts\Seg-SADG\BaryRadGate\a0p08\rho0p5\gb8\sadg0p05\nocons\shot3\Seed0\source_multilayer_prototypes.pt,0.0,gamma0,dec2,1,vertebrae,2,8,16,28844,28844,1230,1,0.8804106712341309,9,34
3,0,SIEMENS_SymphonyTim_37743_T1-TSE,179|180|23,D:\Running_Place\PostGraduateProjects\Experiments\PostGraduate\backbones\DisperssionWithSADG_ConstraintStyleRegularization\Seg-SADG\BaryRadGate\a0p08\rho0p5\gb8\sadg0p05\nocons\shot3\Seed0\baseline_model_with_metadata.pt,D:\Running_Place\PostGraduateProjects\Experiments\PostGraduate\backbones\Prompts\Seg-SADG\BaryRadGate\a0p08\rho0p5\gb8\sadg0p05\nocons\shot3\Seed0,D:\Running_Place\PostGraduateProjects\Experiments\PostGraduate\backbones\Prompts\Seg-SADG\BaryRadGate\a0p08\rho0p5\gb8\sadg0p05\nocons\shot3\Seed0\source_multilayer_prototypes.pt,0.0,gamma0,dec2,1,vertebrae,3,8,16,28844,28844,4662,1,0.9413709044456482,9,34
3,0,SIEMENS_SymphonyTim_37743_T1-TSE,179|180|23,D:\Running_Place\PostGraduateProjects\Experiments\PostGraduate\backbones\DisperssionWithSADG_ConstraintStyleRegularization\Seg-SADG\BaryRadGate\a0p08\rho0p5\gb8\sadg0p05\nocons\shot3\Seed0\baseline_model_with_metadata.pt,D:\Running_Place\PostGraduateProjects\Experiments\PostGraduate\backbones\Prompts\Seg-SADG\BaryRadGate\a0p08\rho0p5\gb8\sadg0p05\nocons\shot3\Seed0,D:\Running_Place\PostGraduateProjects\Experiments\PostGraduate\backbones\Prompts\Seg-SADG\BaryRadGate\a0p08\rho0p5\gb8\sadg0p05\nocons\shot3\Seed0\source_multilayer_prototypes.pt,0.0,gamma0,dec2,1,vertebrae,4,8,16,28844,28844,1204,1,0.8050510287284851,9,34
3,0,SIEMENS_SymphonyTim_37743_T1-TSE,179|180|23,D:\Running_Place\PostGraduateProjects\Experiments\PostGraduate\backbones\DisperssionWithSADG_ConstraintStyleRegularization\Seg-SADG\BaryRadGate\a0p08\rho0p5\gb8\sadg0p05\nocons\shot3\Seed0\baseline_model_with_metadata.pt,D:\Running_Place\PostGraduateProjects\Experiments\PostGraduate\backbones\Prompts\Seg-SADG\BaryRadGate\a0p08\rho0p5\gb8\sadg0p05\nocons\shot3\Seed0,D:\Running_Place\PostGraduateProjects\Experiments\PostGraduate\backbones\Prompts\Seg-SADG\BaryRadGate\a0p08\rho0p5\gb8\sadg0p05\nocons\shot3\Seed0\source_multilayer_prototypes.pt,0.0,gamma0,dec2,1,vertebrae,5,8,16,28844,28844,6733,1,0.9498765468597412,9,34
3,0,SIEMENS_SymphonyTim_37743_T1-TSE,179|180|23,D:\Running_Place\PostGraduateProjects\Experiments\PostGraduate\backbones\DisperssionWithSADG_ConstraintStyleRegularization\Seg-SADG\BaryRadGate\a0p08\rho0p5\gb8\sadg0p05\nocons\shot3\Seed0\baseline_model_with_metadata.pt,D:\Running_Place\PostGraduateProjects\Experiments\PostGraduate\backbones\Prompts\Seg-SADG\BaryRadGate\a0p08\rho0p5\gb8\sadg0p05\nocons\shot3\Seed0,D:\Running_Place\PostGraduateProjects\Experiments\PostGraduate\backbones\Prompts\Seg-SADG\BaryRadGate\a0p08\rho0p5\gb8\sadg0p05\nocons\shot3\Seed0\source_multilayer_prototypes.pt,0.0,gamma0,dec2,1,vertebrae,6,8,16,28844,28844,1139,1,0.8595144748687744,9,34
3,0,SIEMENS_SymphonyTim_37743_T1-TSE,179|180|23,D:\Running_Place\PostGraduateProjects\Experiments\PostGraduate\backbones\DisperssionWithSADG_ConstraintStyleRegularization\Seg-SADG\BaryRadGate\a0p08\rho0p5\gb8\sadg0p05\nocons\shot3\Seed0\baseline_model_with_metadata.pt,D:\Running_Place\PostGraduateProjects\Experiments\PostGraduate\backbones\Prompts\Seg-SADG\BaryRadGate\a0p08\rho0p5\gb8\sadg0p05\nocons\shot3\Seed0,D:\Running_Place\PostGraduateProjects\Experiments\PostGraduate\backbones\Prompts\Seg-SADG\BaryRadGate\a0p08\rho0p5\gb8\sadg0p05\nocons\shot3\Seed0\source_multilayer_prototypes.pt,0.0,gamma0,dec2,1,vertebrae,7,8,16,28844,28844,1240,1,0.8560469746589661,9,34
3,0,SIEMENS_SymphonyTim_37743_T1-TSE,179|180|23,D:\Running_Place\PostGraduateProjects\Experiments\PostGraduate\backbones\DisperssionWithSADG_ConstraintStyleRegularization\Seg-SADG\BaryRadGate\a0p08\rho0p5\gb8\sadg0p05\nocons\shot3\Seed0\baseline_model_with_metadata.pt,D:\Running_Place\PostGraduateProjects\Experiments\PostGraduate\backbones\Prompts\Seg-SADG\BaryRadGate\a0p08\rho0p5\gb8\sadg0p05\nocons\shot3\Seed0,D:\Running_Place\PostGraduateProjects\Experiments\PostGraduate\backbones\Prompts\Seg-SADG\BaryRadGate\a0p08\rho0p5\gb8\sadg0p05\nocons\shot3\Seed0\source_multilayer_prototypes.pt,0.0,gamma0,dec2,2,intervertebral_discs,0,4,16,5088,5088,783,1,0.9392597675323486,9,34
3,0,SIEMENS_SymphonyTim_37743_T1-TSE,179|180|23,D:\Running_Place\PostGraduateProjects\Experiments\PostGraduate\backbones\DisperssionWithSADG_ConstraintStyleRegularization\Seg-SADG\BaryRadGate\a0p08\rho0p5\gb8\sadg0p05\nocons\shot3\Seed0\baseline_model_with_metadata.pt,D:\Running_Place\PostGraduateProjects\Experiments\PostGraduate\backbones\Prompts\Seg-SADG\BaryRadGate\a0p08\rho0p5\gb8\sadg0p05\nocons\shot3\Seed0,D:\Running_Place\PostGraduateProjects\Experiments\PostGraduate\backbones\Prompts\Seg-SADG\BaryRadGate\a0p08\rho0p5\gb8\sadg0p05\nocons\shot3\Seed0\source_multilayer_prototypes.pt,0.0,gamma0,dec2,2,intervertebral_discs,1,4,16,5088,5088,2110,1,0.975193977355957,9,34
3,0,SIEMENS_SymphonyTim_37743_T1-TSE,179|180|23,D:\Running_Place\PostGraduateProjects\Experiments\PostGraduate\backbones\DisperssionWithSADG_ConstraintStyleRegularization\Seg-SADG\BaryRadGate\a0p08\rho0p5\gb8\sadg0p05\nocons\shot3\Seed0\baseline_model_with_metadata.pt,D:\Running_Place\PostGraduateProjects\Experiments\PostGraduate\backbones\Prompts\Seg-SADG\BaryRadGate\a0p08\rho0p5\gb8\sadg0p05\nocons\shot3\Seed0,D:\Running_Place\PostGraduateProjects\Experiments\PostGraduate\backbones\Prompts\Seg-SADG\BaryRadGate\a0p08\rho0p5\gb8\sadg0p05\nocons\shot3\Seed0\source_multilayer_prototypes.pt,0.0,gamma0,dec2,2,intervertebral_discs,2,4,16,5088,5088,1211,1,0.9499567151069641,9,34
3,0,SIEMENS_SymphonyTim_37743_T1-TSE,179|180|23,D:\Running_Place\PostGraduateProjects\Experiments\PostGraduate\backbones\DisperssionWithSADG_ConstraintStyleRegularization\Seg-SADG\BaryRadGate\a0p08\rho0p5\gb8\sadg0p05\nocons\shot3\Seed0\baseline_model_with_metadata.pt,D:\Running_Place\PostGraduateProjects\Experiments\PostGraduate\backbones\Prompts\Seg-SADG\BaryRadGate\a0p08\rho0p5\gb8\sadg0p05\nocons\shot3\Seed0,D:\Running_Place\PostGraduateProjects\Experiments\PostGraduate\backbones\Prompts\Seg-SADG\BaryRadGate\a0p08\rho0p5\gb8\sadg0p05\nocons\shot3\Seed0\source_multilayer_prototypes.pt,0.0,gamma0,dec2,2,intervertebral_discs,3,4,16,5088,5088,984,1,0.9555930495262146,9,34
3,0,SIEMENS_SymphonyTim_37743_T1-TSE,179|180|23,D:\Running_Place\PostGraduateProjects\Experiments\PostGraduate\backbones\DisperssionWithSADG_ConstraintStyleRegularization\Seg-SADG\BaryRadGate\a0p08\rho0p5\gb8\sadg0p05\nocons\shot3\Seed0\baseline_model_with_metadata.pt,D:\Running_Place\PostGraduateProjects\Experiments\PostGraduate\backbones\Prompts\Seg-SADG\BaryRadGate\a0p08\rho0p5\gb8\sadg0p05\nocons\shot3\Seed0,D:\Running_Place\PostGraduateProjects\Experiments\PostGraduate\backbones\Prompts\Seg-SADG\BaryRadGate\a0p08\rho0p5\gb8\sadg0p05\nocons\shot3\Seed0\source_multilayer_prototypes.pt,0.0,gamma0,dec1,0,background,0,8,16,1569957,50000,17250,1,0.9955477118492126,9,34
3,0,SIEMENS_SymphonyTim_37743_T1-TSE,179|180|23,D:\Running_Place\PostGraduateProjects\Experiments\PostGraduate\backbones\DisperssionWithSADG_ConstraintStyleRegularization\Seg-SADG\BaryRadGate\a0p08\rho0p5\gb8\sadg0p05\nocons\shot3\Seed0\baseline_model_with_metadata.pt,D:\Running_Place\PostGraduateProjects\Experiments\PostGraduate\backbones\Prompts\Seg-SADG\BaryRadGate\a0p08\rho0p5\gb8\sadg0p05\nocons\shot3\Seed0,D:\Running_Place\PostGraduateProjects\Experiments\PostGraduate\backbones\Prompts\Seg-SADG\BaryRadGate\a0p08\rho0p5\gb8\sadg0p05\nocons\shot3\Seed0\source_multilayer_prototypes.pt,0.0,gamma0,dec1,0,background,1,8,16,1569957,50000,11438,1,0.9940004348754883,9,34
3,0,SIEMENS_SymphonyTim_37743_T1-TSE,179|180|23,D:\Running_Place\PostGraduateProjects\Experiments\PostGraduate\backbones\DisperssionWithSADG_ConstraintStyleRegularization\Seg-SADG\BaryRadGate\a0p08\rho0p5\gb8\sadg0p05\nocons\shot3\Seed0\baseline_model_with_metadata.pt,D:\Running_Place\PostGraduateProjects\Experiments\PostGraduate\backbones\Prompts\Seg-SADG\BaryRadGate\a0p08\rho0p5\gb8\sadg0p05\nocons\shot3\Seed0,D:\Running_Place\PostGraduateProjects\Experiments\PostGraduate\backbones\Prompts\Seg-SADG\BaryRadGate\a0p08\rho0p5\gb8\sadg0p05\nocons\shot3\Seed0\source_multilayer_prototypes.pt,0.0,gamma0,dec1,0,background,2,8,16,1569957,50000,13025,1,0.9959976673126221,9,34
3,0,SIEMENS_SymphonyTim_37743_T1-TSE,179|180|23,D:\Running_Place\PostGraduateProjects\Experiments\PostGraduate\backbones\DisperssionWithSADG_ConstraintStyleRegularization\Seg-SADG\BaryRadGate\a0p08\rho0p5\gb8\sadg0p05\nocons\shot3\Seed0\baseline_model_with_metadata.pt,D:\Running_Place\PostGraduateProjects\Experiments\PostGraduate\backbones\Prompts\Seg-SADG\BaryRadGate\a0p08\rho0p5\gb8\sadg0p05\nocons\shot3\Seed0,D:\Running_Place\PostGraduateProjects\Experiments\PostGraduate\backbones\Prompts\Seg-SADG\BaryRadGate\a0p08\rho0p5\gb8\sadg0p05\nocons\shot3\Seed0\source_multilayer_prototypes.pt,0.0,gamma0,dec1,0,background,3,8,16,1569957,50000,291,1,0.869965136051178,9,34
3,0,SIEMENS_SymphonyTim_37743_T1-TSE,179|180|23,D:\Running_Place\PostGraduateProjects\Experiments\PostGraduate\backbones\DisperssionWithSADG_ConstraintStyleRegularization\Seg-SADG\BaryRadGate\a0p08\rho0p5\gb8\sadg0p05\nocons\shot3\Seed0\baseline_model_with_metadata.pt,D:\Running_Place\PostGraduateProjects\Experiments\PostGraduate\backbones\Prompts\Seg-SADG\BaryRadGate\a0p08\rho0p5\gb8\sadg0p05\nocons\shot3\Seed0,D:\Running_Place\PostGraduateProjects\Experiments\PostGraduate\backbones\Prompts\Seg-SADG\BaryRadGate\a0p08\rho0p5\gb8\sadg0p05\nocons\shot3\Seed0\source_multilayer_prototypes.pt,0.0,gamma0,dec1,0,background,4,8,16,1569957,50000,375,1,0.7764576077461243,9,34
3,0,SIEMENS_SymphonyTim_37743_T1-TSE,179|180|23,D:\Running_Place\PostGraduateProjects\Experiments\PostGraduate\backbones\DisperssionWithSADG_ConstraintStyleRegularization\Seg-SADG\BaryRadGate\a0p08\rho0p5\gb8\sadg0p05\nocons\shot3\Seed0\baseline_model_with_metadata.pt,D:\Running_Place\PostGraduateProjects\Experiments\PostGraduate\backbones\Prompts\Seg-SADG\BaryRadGate\a0p08\rho0p5\gb8\sadg0p05\nocons\shot3\Seed0,D:\Running_Place\PostGraduateProjects\Experiments\PostGraduate\backbones\Prompts\Seg-SADG\BaryRadGate\a0p08\rho0p5\gb8\sadg0p05\nocons\shot3\Seed0\source_multilayer_prototypes.pt,0.0,gamma0,dec1,0,background,5,8,16,1569957,50000,999,1,0.952261209487915,9,34
3,0,SIEMENS_SymphonyTim_37743_T1-TSE,179|180|23,D:\Running_Place\PostGraduateProjects\Experiments\PostGraduate\backbones\DisperssionWithSADG_ConstraintStyleRegularization\Seg-SADG\BaryRadGate\a0p08\rho0p5\gb8\sadg0p05\nocons\shot3\Seed0\baseline_model_with_metadata.pt,D:\Running_Place\PostGraduateProjects\Experiments\PostGraduate\backbones\Prompts\Seg-SADG\BaryRadGate\a0p08\rho0p5\gb8\sadg0p05\nocons\shot3\Seed0,D:\Running_Place\PostGraduateProjects\Experiments\PostGraduate\backbones\Prompts\Seg-SADG\BaryRadGate\a0p08\rho0p5\gb8\sadg0p05\nocons\shot3\Seed0\source_multilayer_prototypes.pt,0.0,gamma0,dec1,0,background,6,8,16,1569957,50000,5991,1,0.9909626841545105,9,34
3,0,SIEMENS_SymphonyTim_37743_T1-TSE,179|180|23,D:\Running_Place\PostGraduateProjects\Experiments\PostGraduate\backbones\DisperssionWithSADG_ConstraintStyleRegularization\Seg-SADG\BaryRadGate\a0p08\rho0p5\gb8\sadg0p05\nocons\shot3\Seed0\baseline_model_with_metadata.pt,D:\Running_Place\PostGraduateProjects\Experiments\PostGraduate\backbones\Prompts\Seg-SADG\BaryRadGate\a0p08\rho0p5\gb8\sadg0p05\nocons\shot3\Seed0,D:\Running_Place\PostGraduateProjects\Experiments\PostGraduate\backbones\Prompts\Seg-SADG\BaryRadGate\a0p08\rho0p5\gb8\sadg0p05\nocons\shot3\Seed0\source_multilayer_prototypes.pt,0.0,gamma0,dec1,0,background,7,8,16,1569957,50000,631,1,0.9218969345092773,9,34
3,0,SIEMENS_SymphonyTim_37743_T1-TSE,179|180|23,D:\Running_Place\PostGraduateProjects\Experiments\PostGraduate\backbones\DisperssionWithSADG_ConstraintStyleRegularization\Seg-SADG\BaryRadGate\a0p08\rho0p5\gb8\sadg0p05\nocons\shot3\Seed0\baseline_model_with_metadata.pt,D:\Running_Place\PostGraduateProjects\Experiments\PostGraduate\backbones\Prompts\Seg-SADG\BaryRadGate\a0p08\rho0p5\gb8\sadg0p05\nocons\shot3\Seed0,D:\Running_Place\PostGraduateProjects\Experiments\PostGraduate\backbones\Prompts\Seg-SADG\BaryRadGate\a0p08\rho0p5\gb8\sadg0p05\nocons\shot3\Seed0\source_multilayer_prototypes.pt,0.0,gamma0,dec1,1,vertebrae,0,8,16,115259,50000,1279,1,0.9574194550514221,9,34
3,0,SIEMENS_SymphonyTim_37743_T1-TSE,179|180|23,D:\Running_Place\PostGraduateProjects\Experiments\PostGraduate\backbones\DisperssionWithSADG_ConstraintStyleRegularization\Seg-SADG\BaryRadGate\a0p08\rho0p5\gb8\sadg0p05\nocons\shot3\Seed0\baseline_model_with_metadata.pt,D:\Running_Place\PostGraduateProjects\Experiments\PostGraduate\backbones\Prompts\Seg-SADG\BaryRadGate\a0p08\rho0p5\gb8\sadg0p05\nocons\shot3\Seed0,D:\Running_Place\PostGraduateProjects\Experiments\PostGraduate\backbones\Prompts\Seg-SADG\BaryRadGate\a0p08\rho0p5\gb8\sadg0p05\nocons\shot3\Seed0\source_multilayer_prototypes.pt,0.0,gamma0,dec1,1,vertebrae,1,8,16,115259,50000,30809,1,0.9984282851219177,9,34
3,0,SIEMENS_SymphonyTim_37743_T1-TSE,179|180|23,D:\Running_Place\PostGraduateProjects\Experiments\PostGraduate\backbones\DisperssionWithSADG_ConstraintStyleRegularization\Seg-SADG\BaryRadGate\a0p08\rho0p5\gb8\sadg0p05\nocons\shot3\Seed0\baseline_model_with_metadata.pt,D:\Running_Place\PostGraduateProjects\Experiments\PostGraduate\backbones\Prompts\Seg-SADG\BaryRadGate\a0p08\rho0p5\gb8\sadg0p05\nocons\shot3\Seed0,D:\Running_Place\PostGraduateProjects\Experiments\PostGraduate\backbones\Prompts\Seg-SADG\BaryRadGate\a0p08\rho0p5\gb8\sadg0p05\nocons\shot3\Seed0\source_multilayer_prototypes.pt,0.0,gamma0,dec1,1,vertebrae,2,8,16,115259,50000,1279,1,0.9527061581611633,9,34
3,0,SIEMENS_SymphonyTim_37743_T1-TSE,179|180|23,D:\Running_Place\PostGraduateProjects\Experiments\PostGraduate\backbones\DisperssionWithSADG_ConstraintStyleRegularization\Seg-SADG\BaryRadGate\a0p08\rho0p5\gb8\sadg0p05\nocons\shot3\Seed0\baseline_model_with_metadata.pt,D:\Running_Place\PostGraduateProjects\Experiments\PostGraduate\backbones\Prompts\Seg-SADG\BaryRadGate\a0p08\rho0p5\gb8\sadg0p05\nocons\shot3\Seed0,D:\Running_Place\PostGraduateProjects\Experiments\PostGraduate\backbones\Prompts\Seg-SADG\BaryRadGate\a0p08\rho0p5\gb8\sadg0p05\nocons\shot3\Seed0\source_multilayer_prototypes.pt,0.0,gamma0,dec1,1,vertebrae,3,8,16,115259,50000,1577,1,0.9444721341133118,9,34
3,0,SIEMENS_SymphonyTim_37743_T1-TSE,179|180|23,D:\Running_Place\PostGraduateProjects\Experiments\PostGraduate\backbones\DisperssionWithSADG_ConstraintStyleRegularization\Seg-SADG\BaryRadGate\a0p08\rho0p5\gb8\sadg0p05\nocons\shot3\Seed0\baseline_model_with_metadata.pt,D:\Running_Place\PostGraduateProjects\Experiments\PostGraduate\backbones\Prompts\Seg-SADG\BaryRadGate\a0p08\rho0p5\gb8\sadg0p05\nocons\shot3\Seed0,D:\Running_Place\PostGraduateProjects\Experiments\PostGraduate\backbones\Prompts\Seg-SADG\BaryRadGate\a0p08\rho0p5\gb8\sadg0p05\nocons\shot3\Seed0\source_multilayer_prototypes.pt,0.0,gamma0,dec1,1,vertebrae,4,8,16,115259,50000,506,1,0.8923145532608032,9,34
3,0,SIEMENS_SymphonyTim_37743_T1-TSE,179|180|23,D:\Running_Place\PostGraduateProjects\Experiments\PostGraduate\backbones\DisperssionWithSADG_ConstraintStyleRegularization\Seg-SADG\BaryRadGate\a0p08\rho0p5\gb8\sadg0p05\nocons\shot3\Seed0\baseline_model_with_metadata.pt,D:\Running_Place\PostGraduateProjects\Experiments\PostGraduate\backbones\Prompts\Seg-SADG\BaryRadGate\a0p08\rho0p5\gb8\sadg0p05\nocons\shot3\Seed0,D:\Running_Place\PostGraduateProjects\Experiments\PostGraduate\backbones\Prompts\Seg-SADG\BaryRadGate\a0p08\rho0p5\gb8\sadg0p05\nocons\shot3\Seed0\source_multilayer_prototypes.pt,0.0,gamma0,dec1,1,vertebrae,5,8,16,115259,50000,5365,1,0.9911584854125977,9,34
3,0,SIEMENS_SymphonyTim_37743_T1-TSE,179|180|23,D:\Running_Place\PostGraduateProjects\Experiments\PostGraduate\backbones\DisperssionWithSADG_ConstraintStyleRegularization\Seg-SADG\BaryRadGate\a0p08\rho0p5\gb8\sadg0p05\nocons\shot3\Seed0\baseline_model_with_metadata.pt,D:\Running_Place\PostGraduateProjects\Experiments\PostGraduate\backbones\Prompts\Seg-SADG\BaryRadGate\a0p08\rho0p5\gb8\sadg0p05\nocons\shot3\Seed0,D:\Running_Place\PostGraduateProjects\Experiments\PostGraduate\backbones\Prompts\Seg-SADG\BaryRadGate\a0p08\rho0p5\gb8\sadg0p05\nocons\shot3\Seed0\source_multilayer_prototypes.pt,0.0,gamma0,dec1,1,vertebrae,6,8,16,115259,50000,2410,1,0.974287211894989,9,34
3,0,SIEMENS_SymphonyTim_37743_T1-TSE,179|180|23,D:\Running_Place\PostGraduateProjects\Experiments\PostGraduate\backbones\DisperssionWithSADG_ConstraintStyleRegularization\Seg-SADG\BaryRadGate\a0p08\rho0p5\gb8\sadg0p05\nocons\shot3\Seed0\baseline_model_with_metadata.pt,D:\Running_Place\PostGraduateProjects\Experiments\PostGraduate\backbones\Prompts\Seg-SADG\BaryRadGate\a0p08\rho0p5\gb8\sadg0p05\nocons\shot3\Seed0,D:\Running_Place\PostGraduateProjects\Experiments\PostGraduate\backbones\Prompts\Seg-SADG\BaryRadGate\a0p08\rho0p5\gb8\sadg0p05\nocons\shot3\Seed0\source_multilayer_prototypes.pt,0.0,gamma0,dec1,1,vertebrae,7,8,16,115259,50000,6775,1,0.9934589266777039,9,34
3,0,SIEMENS_SymphonyTim_37743_T1-TSE,179|180|23,D:\Running_Place\PostGraduateProjects\Experiments\PostGraduate\backbones\DisperssionWithSADG_ConstraintStyleRegularization\Seg-SADG\BaryRadGate\a0p08\rho0p5\gb8\sadg0p05\nocons\shot3\Seed0\baseline_model_with_metadata.pt,D:\Running_Place\PostGraduateProjects\Experiments\PostGraduate\backbones\Prompts\Seg-SADG\BaryRadGate\a0p08\rho0p5\gb8\sadg0p05\nocons\shot3\Seed0,D:\Running_Place\PostGraduateProjects\Experiments\PostGraduate\backbones\Prompts\Seg-SADG\BaryRadGate\a0p08\rho0p5\gb8\sadg0p05\nocons\shot3\Seed0\source_multilayer_prototypes.pt,0.0,gamma0,dec1,2,intervertebral_discs,0,4,16,20768,20768,9218,1,0.9954822659492493,9,34
3,0,SIEMENS_SymphonyTim_37743_T1-TSE,179|180|23,D:\Running_Place\PostGraduateProjects\Experiments\PostGraduate\backbones\DisperssionWithSADG_ConstraintStyleRegularization\Seg-SADG\BaryRadGate\a0p08\rho0p5\gb8\sadg0p05\nocons\shot3\Seed0\baseline_model_with_metadata.pt,D:\Running_Place\PostGraduateProjects\Experiments\PostGraduate\backbones\Prompts\Seg-SADG\BaryRadGate\a0p08\rho0p5\gb8\sadg0p05\nocons\shot3\Seed0,D:\Running_Place\PostGraduateProjects\Experiments\PostGraduate\backbones\Prompts\Seg-SADG\BaryRadGate\a0p08\rho0p5\gb8\sadg0p05\nocons\shot3\Seed0\source_multilayer_prototypes.pt,0.0,gamma0,dec1,2,intervertebral_discs,1,4,16,20768,20768,10932,1,0.9890618324279785,9,34
3,0,SIEMENS_SymphonyTim_37743_T1-TSE,179|180|23,D:\Running_Place\PostGraduateProjects\Experiments\PostGraduate\backbones\DisperssionWithSADG_ConstraintStyleRegularization\Seg-SADG\BaryRadGate\a0p08\rho0p5\gb8\sadg0p05\nocons\shot3\Seed0\baseline_model_with_metadata.pt,D:\Running_Place\PostGraduateProjects\Experiments\PostGraduate\backbones\Prompts\Seg-SADG\BaryRadGate\a0p08\rho0p5\gb8\sadg0p05\nocons\shot3\Seed0,D:\Running_Place\PostGraduateProjects\Experiments\PostGraduate\backbones\Prompts\Seg-SADG\BaryRadGate\a0p08\rho0p5\gb8\sadg0p05\nocons\shot3\Seed0\source_multilayer_prototypes.pt,0.0,gamma0,dec1,2,intervertebral_discs,2,4,16,20768,20768,400,1,0.8226927518844604,9,34
3,0,SIEMENS_SymphonyTim_37743_T1-TSE,179|180|23,D:\Running_Place\PostGraduateProjects\Experiments\PostGraduate\backbones\DisperssionWithSADG_ConstraintStyleRegularization\Seg-SADG\BaryRadGate\a0p08\rho0p5\gb8\sadg0p05\nocons\shot3\Seed0\baseline_model_with_metadata.pt,D:\Running_Place\PostGraduateProjects\Experiments\PostGraduate\backbones\Prompts\Seg-SADG\BaryRadGate\a0p08\rho0p5\gb8\sadg0p05\nocons\shot3\Seed0,D:\Running_Place\PostGraduateProjects\Experiments\PostGraduate\backbones\Prompts\Seg-SADG\BaryRadGate\a0p08\rho0p5\gb8\sadg0p05\nocons\shot3\Seed0\source_multilayer_prototypes.pt,0.0,gamma0,dec1,2,intervertebral_discs,3,4,16,20768,20768,218,1,0.8693879246711731,9,34
3,0,SIEMENS_SymphonyTim_37743_T1-TSE,179|180|23,D:\Running_Place\PostGraduateProjects\Experiments\PostGraduate\backbones\DisperssionWithSADG_ConstraintStyleRegularization\Seg-SADG\BaryRadGate\a0p08\rho0p5\gb8\sadg0p05\nocons\shot3\Seed0\baseline_model_with_metadata.pt,D:\Running_Place\PostGraduateProjects\Experiments\PostGraduate\backbones\Prompts\Seg-SADG\BaryRadGate\a0p08\rho0p5\gb8\sadg0p05\nocons\shot3\Seed0,D:\Running_Place\PostGraduateProjects\Experiments\PostGraduate\backbones\Prompts\Seg-SADG\BaryRadGate\a0p08\rho0p5\gb8\sadg0p05\nocons\shot3\Seed0\source_multilayer_prototypes.pt,0.0,gamma0,dec1_head,0,background,0,8,16,1569957,50000,10668,1,0.9942781925201416,9,34
3,0,SIEMENS_SymphonyTim_37743_T1-TSE,179|180|23,D:\Running_Place\PostGraduateProjects\Experiments\PostGraduate\backbones\DisperssionWithSADG_ConstraintStyleRegularization\Seg-SADG\BaryRadGate\a0p08\rho0p5\gb8\sadg0p05\nocons\shot3\Seed0\baseline_model_with_metadata.pt,D:\Running_Place\PostGraduateProjects\Experiments\PostGraduate\backbones\Prompts\Seg-SADG\BaryRadGate\a0p08\rho0p5\gb8\sadg0p05\nocons\shot3\Seed0,D:\Running_Place\PostGraduateProjects\Experiments\PostGraduate\backbones\Prompts\Seg-SADG\BaryRadGate\a0p08\rho0p5\gb8\sadg0p05\nocons\shot3\Seed0\source_multilayer_prototypes.pt,0.0,gamma0,dec1_head,0,background,1,8,16,1569957,50000,1553,1,0.9745502471923828,9,34
3,0,SIEMENS_SymphonyTim_37743_T1-TSE,179|180|23,D:\Running_Place\PostGraduateProjects\Experiments\PostGraduate\backbones\DisperssionWithSADG_ConstraintStyleRegularization\Seg-SADG\BaryRadGate\a0p08\rho0p5\gb8\sadg0p05\nocons\shot3\Seed0\baseline_model_with_metadata.pt,D:\Running_Place\PostGraduateProjects\Experiments\PostGraduate\backbones\Prompts\Seg-SADG\BaryRadGate\a0p08\rho0p5\gb8\sadg0p05\nocons\shot3\Seed0,D:\Running_Place\PostGraduateProjects\Experiments\PostGraduate\backbones\Prompts\Seg-SADG\BaryRadGate\a0p08\rho0p5\gb8\sadg0p05\nocons\shot3\Seed0\source_multilayer_prototypes.pt,0.0,gamma0,dec1_head,0,background,2,8,16,1569957,50000,352,1,0.8277945518493652,9,34
3,0,SIEMENS_SymphonyTim_37743_T1-TSE,179|180|23,D:\Running_Place\PostGraduateProjects\Experiments\PostGraduate\backbones\DisperssionWithSADG_ConstraintStyleRegularization\Seg-SADG\BaryRadGate\a0p08\rho0p5\gb8\sadg0p05\nocons\shot3\Seed0\baseline_model_with_metadata.pt,D:\Running_Place\PostGraduateProjects\Experiments\PostGraduate\backbones\Prompts\Seg-SADG\BaryRadGate\a0p08\rho0p5\gb8\sadg0p05\nocons\shot3\Seed0,D:\Running_Place\PostGraduateProjects\Experiments\PostGraduate\backbones\Prompts\Seg-SADG\BaryRadGate\a0p08\rho0p5\gb8\sadg0p05\nocons\shot3\Seed0\source_multilayer_prototypes.pt,0.0,gamma0,dec1_head,0,background,3,8,16,1569957,50000,543,1,0.8404144644737244,9,34
3,0,SIEMENS_SymphonyTim_37743_T1-TSE,179|180|23,D:\Running_Place\PostGraduateProjects\Experiments\PostGraduate\backbones\DisperssionWithSADG_ConstraintStyleRegularization\Seg-SADG\BaryRadGate\a0p08\rho0p5\gb8\sadg0p05\nocons\shot3\Seed0\baseline_model_with_metadata.pt,D:\Running_Place\PostGraduateProjects\Experiments\PostGraduate\backbones\Prompts\Seg-SADG\BaryRadGate\a0p08\rho0p5\gb8\sadg0p05\nocons\shot3\Seed0,D:\Running_Place\PostGraduateProjects\Experiments\PostGraduate\backbones\Prompts\Seg-SADG\BaryRadGate\a0p08\rho0p5\gb8\sadg0p05\nocons\shot3\Seed0\source_multilayer_prototypes.pt,0.0,gamma0,dec1_head,0,background,4,8,16,1569957,50000,7280,1,0.9889387488365173,9,34
3,0,SIEMENS_SymphonyTim_37743_T1-TSE,179|180|23,D:\Running_Place\PostGraduateProjects\Experiments\PostGraduate\backbones\DisperssionWithSADG_ConstraintStyleRegularization\Seg-SADG\BaryRadGate\a0p08\rho0p5\gb8\sadg0p05\nocons\shot3\Seed0\baseline_model_with_metadata.pt,D:\Running_Place\PostGraduateProjects\Experiments\PostGraduate\backbones\Prompts\Seg-SADG\BaryRadGate\a0p08\rho0p5\gb8\sadg0p05\nocons\shot3\Seed0,D:\Running_Place\PostGraduateProjects\Experiments\PostGraduate\backbones\Prompts\Seg-SADG\BaryRadGate\a0p08\rho0p5\gb8\sadg0p05\nocons\shot3\Seed0\source_multilayer_prototypes.pt,0.0,gamma0,dec1_head,0,background,5,8,16,1569957,50000,18151,1,0.9967830777168274,9,34
3,0,SIEMENS_SymphonyTim_37743_T1-TSE,179|180|23,D:\Running_Place\PostGraduateProjects\Experiments\PostGraduate\backbones\DisperssionWithSADG_ConstraintStyleRegularization\Seg-SADG\BaryRadGate\a0p08\rho0p5\gb8\sadg0p05\nocons\shot3\Seed0\baseline_model_with_metadata.pt,D:\Running_Place\PostGraduateProjects\Experiments\PostGraduate\backbones\Prompts\Seg-SADG\BaryRadGate\a0p08\rho0p5\gb8\sadg0p05\nocons\shot3\Seed0,D:\Running_Place\PostGraduateProjects\Experiments\PostGraduate\backbones\Prompts\Seg-SADG\BaryRadGate\a0p08\rho0p5\gb8\sadg0p05\nocons\shot3\Seed0\source_multilayer_prototypes.pt,0.0,gamma0,dec1_head,0,background,6,8,16,1569957,50000,1025,1,0.9486525654792786,9,34
3,0,SIEMENS_SymphonyTim_37743_T1-TSE,179|180|23,D:\Running_Place\PostGraduateProjects\Experiments\PostGraduate\backbones\DisperssionWithSADG_ConstraintStyleRegularization\Seg-SADG\BaryRadGate\a0p08\rho0p5\gb8\sadg0p05\nocons\shot3\Seed0\baseline_model_with_metadata.pt,D:\Running_Place\PostGraduateProjects\Experiments\PostGraduate\backbones\Prompts\Seg-SADG\BaryRadGate\a0p08\rho0p5\gb8\sadg0p05\nocons\shot3\Seed0,D:\Running_Place\PostGraduateProjects\Experiments\PostGraduate\backbones\Prompts\Seg-SADG\BaryRadGate\a0p08\rho0p5\gb8\sadg0p05\nocons\shot3\Seed0\source_multilayer_prototypes.pt,0.0,gamma0,dec1_head,0,background,7,8,16,1569957,50000,10428,1,0.9944639801979065,9,34
3,0,SIEMENS_SymphonyTim_37743_T1-TSE,179|180|23,D:\Running_Place\PostGraduateProjects\Experiments\PostGraduate\backbones\DisperssionWithSADG_ConstraintStyleRegularization\Seg-SADG\BaryRadGate\a0p08\rho0p5\gb8\sadg0p05\nocons\shot3\Seed0\baseline_model_with_metadata.pt,D:\Running_Place\PostGraduateProjects\Experiments\PostGraduate\backbones\Prompts\Seg-SADG\BaryRadGate\a0p08\rho0p5\gb8\sadg0p05\nocons\shot3\Seed0,D:\Running_Place\PostGraduateProjects\Experiments\PostGraduate\backbones\Prompts\Seg-SADG\BaryRadGate\a0p08\rho0p5\gb8\sadg0p05\nocons\shot3\Seed0\source_multilayer_prototypes.pt,0.0,gamma0,dec1_head,1,vertebrae,0,8,16,115259,50000,28462,1,0.9986222386360168,9,34
3,0,SIEMENS_SymphonyTim_37743_T1-TSE,179|180|23,D:\Running_Place\PostGraduateProjects\Experiments\PostGraduate\backbones\DisperssionWithSADG_ConstraintStyleRegularization\Seg-SADG\BaryRadGate\a0p08\rho0p5\gb8\sadg0p05\nocons\shot3\Seed0\baseline_model_with_metadata.pt,D:\Running_Place\PostGraduateProjects\Experiments\PostGraduate\backbones\Prompts\Seg-SADG\BaryRadGate\a0p08\rho0p5\gb8\sadg0p05\nocons\shot3\Seed0,D:\Running_Place\PostGraduateProjects\Experiments\PostGraduate\backbones\Prompts\Seg-SADG\BaryRadGate\a0p08\rho0p5\gb8\sadg0p05\nocons\shot3\Seed0\source_multilayer_prototypes.pt,0.0,gamma0,dec1_head,1,vertebrae,1,8,16,115259,50000,2042,1,0.9636012315750122,9,34
3,0,SIEMENS_SymphonyTim_37743_T1-TSE,179|180|23,D:\Running_Place\PostGraduateProjects\Experiments\PostGraduate\backbones\DisperssionWithSADG_ConstraintStyleRegularization\Seg-SADG\BaryRadGate\a0p08\rho0p5\gb8\sadg0p05\nocons\shot3\Seed0\baseline_model_with_metadata.pt,D:\Running_Place\PostGraduateProjects\Experiments\PostGraduate\backbones\Prompts\Seg-SADG\BaryRadGate\a0p08\rho0p5\gb8\sadg0p05\nocons\shot3\Seed0,D:\Running_Place\PostGraduateProjects\Experiments\PostGraduate\backbones\Prompts\Seg-SADG\BaryRadGate\a0p08\rho0p5\gb8\sadg0p05\nocons\shot3\Seed0\source_multilayer_prototypes.pt,0.0,gamma0,dec1_head,1,vertebrae,2,8,16,115259,50000,10882,1,0.9953612089157104,9,34
3,0,SIEMENS_SymphonyTim_37743_T1-TSE,179|180|23,D:\Running_Place\PostGraduateProjects\Experiments\PostGraduate\backbones\DisperssionWithSADG_ConstraintStyleRegularization\Seg-SADG\BaryRadGate\a0p08\rho0p5\gb8\sadg0p05\nocons\shot3\Seed0\baseline_model_with_metadata.pt,D:\Running_Place\PostGraduateProjects\Experiments\PostGraduate\backbones\Prompts\Seg-SADG\BaryRadGate\a0p08\rho0p5\gb8\sadg0p05\nocons\shot3\Seed0,D:\Running_Place\PostGraduateProjects\Experiments\PostGraduate\backbones\Prompts\Seg-SADG\BaryRadGate\a0p08\rho0p5\gb8\sadg0p05\nocons\shot3\Seed0\source_multilayer_prototypes.pt,0.0,gamma0,dec1_head,1,vertebrae,3,8,16,115259,50000,885,1,0.9415989518165588,9,34
3,0,SIEMENS_SymphonyTim_37743_T1-TSE,179|180|23,D:\Running_Place\PostGraduateProjects\Experiments\PostGraduate\backbones\DisperssionWithSADG_ConstraintStyleRegularization\Seg-SADG\BaryRadGate\a0p08\rho0p5\gb8\sadg0p05\nocons\shot3\Seed0\baseline_model_with_metadata.pt,D:\Running_Place\PostGraduateProjects\Experiments\PostGraduate\backbones\Prompts\Seg-SADG\BaryRadGate\a0p08\rho0p5\gb8\sadg0p05\nocons\shot3\Seed0,D:\Running_Place\PostGraduateProjects\Experiments\PostGraduate\backbones\Prompts\Seg-SADG\BaryRadGate\a0p08\rho0p5\gb8\sadg0p05\nocons\shot3\Seed0\source_multilayer_prototypes.pt,0.0,gamma0,dec1_head,1,vertebrae,4,8,16,115259,50000,709,1,0.9084398150444031,9,34
3,0,SIEMENS_SymphonyTim_37743_T1-TSE,179|180|23,D:\Running_Place\PostGraduateProjects\Experiments\PostGraduate\backbones\DisperssionWithSADG_ConstraintStyleRegularization\Seg-SADG\BaryRadGate\a0p08\rho0p5\gb8\sadg0p05\nocons\shot3\Seed0\baseline_model_with_metadata.pt,D:\Running_Place\PostGraduateProjects\Experiments\PostGraduate\backbones\Prompts\Seg-SADG\BaryRadGate\a0p08\rho0p5\gb8\sadg0p05\nocons\shot3\Seed0,D:\Running_Place\PostGraduateProjects\Experiments\PostGraduate\backbones\Prompts\Seg-SADG\BaryRadGate\a0p08\rho0p5\gb8\sadg0p05\nocons\shot3\Seed0\source_multilayer_prototypes.pt,0.0,gamma0,dec1_head,1,vertebrae,5,8,16,115259,50000,4553,1,0.9851471185684204,9,34
3,0,SIEMENS_SymphonyTim_37743_T1-TSE,179|180|23,D:\Running_Place\PostGraduateProjects\Experiments\PostGraduate\backbones\DisperssionWithSADG_ConstraintStyleRegularization\Seg-SADG\BaryRadGate\a0p08\rho0p5\gb8\sadg0p05\nocons\shot3\Seed0\baseline_model_with_metadata.pt,D:\Running_Place\PostGraduateProjects\Experiments\PostGraduate\backbones\Prompts\Seg-SADG\BaryRadGate\a0p08\rho0p5\gb8\sadg0p05\nocons\shot3\Seed0,D:\Running_Place\PostGraduateProjects\Experiments\PostGraduate\backbones\Prompts\Seg-SADG\BaryRadGate\a0p08\rho0p5\gb8\sadg0p05\nocons\shot3\Seed0\source_multilayer_prototypes.pt,0.0,gamma0,dec1_head,1,vertebrae,6,8,16,115259,50000,788,1,0.9479084610939026,9,34
3,0,SIEMENS_SymphonyTim_37743_T1-TSE,179|180|23,D:\Running_Place\PostGraduateProjects\Experiments\PostGraduate\backbones\DisperssionWithSADG_ConstraintStyleRegularization\Seg-SADG\BaryRadGate\a0p08\rho0p5\gb8\sadg0p05\nocons\shot3\Seed0\baseline_model_with_metadata.pt,D:\Running_Place\PostGraduateProjects\Experiments\PostGraduate\backbones\Prompts\Seg-SADG\BaryRadGate\a0p08\rho0p5\gb8\sadg0p05\nocons\shot3\Seed0,D:\Running_Place\PostGraduateProjects\Experiments\PostGraduate\backbones\Prompts\Seg-SADG\BaryRadGate\a0p08\rho0p5\gb8\sadg0p05\nocons\shot3\Seed0\source_multilayer_prototypes.pt,0.0,gamma0,dec1_head,1,vertebrae,7,8,16,115259,50000,1679,1,0.9770979881286621,9,34
3,0,SIEMENS_SymphonyTim_37743_T1-TSE,179|180|23,D:\Running_Place\PostGraduateProjects\Experiments\PostGraduate\backbones\DisperssionWithSADG_ConstraintStyleRegularization\Seg-SADG\BaryRadGate\a0p08\rho0p5\gb8\sadg0p05\nocons\shot3\Seed0\baseline_model_with_metadata.pt,D:\Running_Place\PostGraduateProjects\Experiments\PostGraduate\backbones\Prompts\Seg-SADG\BaryRadGate\a0p08\rho0p5\gb8\sadg0p05\nocons\shot3\Seed0,D:\Running_Place\PostGraduateProjects\Experiments\PostGraduate\backbones\Prompts\Seg-SADG\BaryRadGate\a0p08\rho0p5\gb8\sadg0p05\nocons\shot3\Seed0\source_multilayer_prototypes.pt,0.0,gamma0,dec1_head,2,intervertebral_discs,0,4,16,20768,20768,10802,1,0.9888730645179749,9,34
3,0,SIEMENS_SymphonyTim_37743_T1-TSE,179|180|23,D:\Running_Place\PostGraduateProjects\Experiments\PostGraduate\backbones\DisperssionWithSADG_ConstraintStyleRegularization\Seg-SADG\BaryRadGate\a0p08\rho0p5\gb8\sadg0p05\nocons\shot3\Seed0\baseline_model_with_metadata.pt,D:\Running_Place\PostGraduateProjects\Experiments\PostGraduate\backbones\Prompts\Seg-SADG\BaryRadGate\a0p08\rho0p5\gb8\sadg0p05\nocons\shot3\Seed0,D:\Running_Place\PostGraduateProjects\Experiments\PostGraduate\backbones\Prompts\Seg-SADG\BaryRadGate\a0p08\rho0p5\gb8\sadg0p05\nocons\shot3\Seed0\source_multilayer_prototypes.pt,0.0,gamma0,dec1_head,2,intervertebral_discs,1,4,16,20768,20768,408,1,0.822463870048523,9,34
3,0,SIEMENS_SymphonyTim_37743_T1-TSE,179|180|23,D:\Running_Place\PostGraduateProjects\Experiments\PostGraduate\backbones\DisperssionWithSADG_ConstraintStyleRegularization\Seg-SADG\BaryRadGate\a0p08\rho0p5\gb8\sadg0p05\nocons\shot3\Seed0\baseline_model_with_metadata.pt,D:\Running_Place\PostGraduateProjects\Experiments\PostGraduate\backbones\Prompts\Seg-SADG\BaryRadGate\a0p08\rho0p5\gb8\sadg0p05\nocons\shot3\Seed0,D:\Running_Place\PostGraduateProjects\Experiments\PostGraduate\backbones\Prompts\Seg-SADG\BaryRadGate\a0p08\rho0p5\gb8\sadg0p05\nocons\shot3\Seed0\source_multilayer_prototypes.pt,0.0,gamma0,dec1_head,2,intervertebral_discs,2,4,16,20768,20768,9345,1,0.9946837425231934,9,34
3,0,SIEMENS_SymphonyTim_37743_T1-TSE,179|180|23,D:\Running_Place\PostGraduateProjects\Experiments\PostGraduate\backbones\DisperssionWithSADG_ConstraintStyleRegularization\Seg-SADG\BaryRadGate\a0p08\rho0p5\gb8\sadg0p05\nocons\shot3\Seed0\baseline_model_with_metadata.pt,D:\Running_Place\PostGraduateProjects\Experiments\PostGraduate\backbones\Prompts\Seg-SADG\BaryRadGate\a0p08\rho0p5\gb8\sadg0p05\nocons\shot3\Seed0,D:\Running_Place\PostGraduateProjects\Experiments\PostGraduate\backbones\Prompts\Seg-SADG\BaryRadGate\a0p08\rho0p5\gb8\sadg0p05\nocons\shot3\Seed0\source_multilayer_prototypes.pt,0.0,gamma0,dec1_head,2,intervertebral_discs,3,4,16,20768,20768,213,1,0.868691623210907,9,34
3,0,SIEMENS_SymphonyTim_37743_T1-TSE,179|180|23,D:\Running_Place\PostGraduateProjects\Experiments\PostGraduate\backbones\DisperssionWithSADG_ConstraintStyleRegularization\Seg-SADG\BaryRadGate\a0p08\rho0p5\gb8\sadg0p05\nocons\shot3\Seed0\baseline_model_with_metadata.pt,D:\Running_Place\PostGraduateProjects\Experiments\PostGraduate\backbones\Prompts\Seg-SADG\BaryRadGate\a0p08\rho0p5\gb8\sadg0p05\nocons\shot3\Seed0,D:\Running_Place\PostGraduateProjects\Experiments\PostGraduate\backbones\Prompts\Seg-SADG\BaryRadGate\a0p08\rho0p5\gb8\sadg0p05\nocons\shot3\Seed0\source_multilayer_prototypes.pt,0.25,gamma0p25,dec3,0,background,0,8,32,98176,50000,7401,1,0.8351383805274963,9,34
3,0,SIEMENS_SymphonyTim_37743_T1-TSE,179|180|23,D:\Running_Place\PostGraduateProjects\Experiments\PostGraduate\backbones\DisperssionWithSADG_ConstraintStyleRegularization\Seg-SADG\BaryRadGate\a0p08\rho0p5\gb8\sadg0p05\nocons\shot3\Seed0\baseline_model_with_metadata.pt,D:\Running_Place\PostGraduateProjects\Experiments\PostGraduate\backbones\Prompts\Seg-SADG\BaryRadGate\a0p08\rho0p5\gb8\sadg0p05\nocons\shot3\Seed0,D:\Running_Place\PostGraduateProjects\Experiments\PostGraduate\backbones\Prompts\Seg-SADG\BaryRadGate\a0p08\rho0p5\gb8\sadg0p05\nocons\shot3\Seed0\source_multilayer_prototypes.pt,0.25,gamma0p25,dec3,0,background,1,8,32,98176,50000,7686,1,0.7083585262298584,9,34
3,0,SIEMENS_SymphonyTim_37743_T1-TSE,179|180|23,D:\Running_Place\PostGraduateProjects\Experiments\PostGraduate\backbones\DisperssionWithSADG_ConstraintStyleRegularization\Seg-SADG\BaryRadGate\a0p08\rho0p5\gb8\sadg0p05\nocons\shot3\Seed0\baseline_model_with_metadata.pt,D:\Running_Place\PostGraduateProjects\Experiments\PostGraduate\backbones\Prompts\Seg-SADG\BaryRadGate\a0p08\rho0p5\gb8\sadg0p05\nocons\shot3\Seed0,D:\Running_Place\PostGraduateProjects\Experiments\PostGraduate\backbones\Prompts\Seg-SADG\BaryRadGate\a0p08\rho0p5\gb8\sadg0p05\nocons\shot3\Seed0\source_multilayer_prototypes.pt,0.25,gamma0p25,dec3,0,background,2,8,32,98176,50000,5418,1,0.6479905247688293,9,34
3,0,SIEMENS_SymphonyTim_37743_T1-TSE,179|180|23,D:\Running_Place\PostGraduateProjects\Experiments\PostGraduate\backbones\DisperssionWithSADG_ConstraintStyleRegularization\Seg-SADG\BaryRadGate\a0p08\rho0p5\gb8\sadg0p05\nocons\shot3\Seed0\baseline_model_with_metadata.pt,D:\Running_Place\PostGraduateProjects\Experiments\PostGraduate\backbones\Prompts\Seg-SADG\BaryRadGate\a0p08\rho0p5\gb8\sadg0p05\nocons\shot3\Seed0,D:\Running_Place\PostGraduateProjects\Experiments\PostGraduate\backbones\Prompts\Seg-SADG\BaryRadGate\a0p08\rho0p5\gb8\sadg0p05\nocons\shot3\Seed0\source_multilayer_prototypes.pt,0.25,gamma0p25,dec3,0,background,3,8,32,98176,50000,7058,1,0.731865644454956,9,34
3,0,SIEMENS_SymphonyTim_37743_T1-TSE,179|180|23,D:\Running_Place\PostGraduateProjects\Experiments\PostGraduate\backbones\DisperssionWithSADG_ConstraintStyleRegularization\Seg-SADG\BaryRadGate\a0p08\rho0p5\gb8\sadg0p05\nocons\shot3\Seed0\baseline_model_with_metadata.pt,D:\Running_Place\PostGraduateProjects\Experiments\PostGraduate\backbones\Prompts\Seg-SADG\BaryRadGate\a0p08\rho0p5\gb8\sadg0p05\nocons\shot3\Seed0,D:\Running_Place\PostGraduateProjects\Experiments\PostGraduate\backbones\Prompts\Seg-SADG\BaryRadGate\a0p08\rho0p5\gb8\sadg0p05\nocons\shot3\Seed0\source_multilayer_prototypes.pt,0.25,gamma0p25,dec3,0,background,4,8,32,98176,50000,5039,1,0.7348225712776184,9,34
3,0,SIEMENS_SymphonyTim_37743_T1-TSE,179|180|23,D:\Running_Place\PostGraduateProjects\Experiments\PostGraduate\backbones\DisperssionWithSADG_ConstraintStyleRegularization\Seg-SADG\BaryRadGate\a0p08\rho0p5\gb8\sadg0p05\nocons\shot3\Seed0\baseline_model_with_metadata.pt,D:\Running_Place\PostGraduateProjects\Experiments\PostGraduate\backbones\Prompts\Seg-SADG\BaryRadGate\a0p08\rho0p5\gb8\sadg0p05\nocons\shot3\Seed0,D:\Running_Place\PostGraduateProjects\Experiments\PostGraduate\backbones\Prompts\Seg-SADG\BaryRadGate\a0p08\rho0p5\gb8\sadg0p05\nocons\shot3\Seed0\source_multilayer_prototypes.pt,0.25,gamma0p25,dec3,0,background,5,8,32,98176,50000,6390,1,0.8767254948616028,9,34
3,0,SIEMENS_SymphonyTim_37743_T1-TSE,179|180|23,D:\Running_Place\PostGraduateProjects\Experiments\PostGraduate\backbones\DisperssionWithSADG_ConstraintStyleRegularization\Seg-SADG\BaryRadGate\a0p08\rho0p5\gb8\sadg0p05\nocons\shot3\Seed0\baseline_model_with_metadata.pt,D:\Running_Place\PostGraduateProjects\Experiments\PostGraduate\backbones\Prompts\Seg-SADG\BaryRadGate\a0p08\rho0p5\gb8\sadg0p05\nocons\shot3\Seed0,D:\Running_Place\PostGraduateProjects\Experiments\PostGraduate\backbones\Prompts\Seg-SADG\BaryRadGate\a0p08\rho0p5\gb8\sadg0p05\nocons\shot3\Seed0\source_multilayer_prototypes.pt,0.25,gamma0p25,dec3,0,background,6,8,32,98176,50000,7568,1,0.8360737562179565,9,34
3,0,SIEMENS_SymphonyTim_37743_T1-TSE,179|180|23,D:\Running_Place\PostGraduateProjects\Experiments\PostGraduate\backbones\DisperssionWithSADG_ConstraintStyleRegularization\Seg-SADG\BaryRadGate\a0p08\rho0p5\gb8\sadg0p05\nocons\shot3\Seed0\baseline_model_with_metadata.pt,D:\Running_Place\PostGraduateProjects\Experiments\PostGraduate\backbones\Prompts\Seg-SADG\BaryRadGate\a0p08\rho0p5\gb8\sadg0p05\nocons\shot3\Seed0,D:\Running_Place\PostGraduateProjects\Experiments\PostGraduate\backbones\Prompts\Seg-SADG\BaryRadGate\a0p08\rho0p5\gb8\sadg0p05\nocons\shot3\Seed0\source_multilayer_prototypes.pt,0.25,gamma0p25,dec3,0,background,7,8,32,98176,50000,3440,1,0.8460215330123901,9,34
3,0,SIEMENS_SymphonyTim_37743_T1-TSE,179|180|23,D:\Running_Place\PostGraduateProjects\Experiments\PostGraduate\backbones\DisperssionWithSADG_ConstraintStyleRegularization\Seg-SADG\BaryRadGate\a0p08\rho0p5\gb8\sadg0p05\nocons\shot3\Seed0\baseline_model_with_metadata.pt,D:\Running_Place\PostGraduateProjects\Experiments\PostGraduate\backbones\Prompts\Seg-SADG\BaryRadGate\a0p08\rho0p5\gb8\sadg0p05\nocons\shot3\Seed0,D:\Running_Place\PostGraduateProjects\Experiments\PostGraduate\backbones\Prompts\Seg-SADG\BaryRadGate\a0p08\rho0p5\gb8\sadg0p05\nocons\shot3\Seed0\source_multilayer_prototypes.pt,0.25,gamma0p25,dec3,1,vertebrae,0,8,32,7173,7173,1246,1,0.9402629137039185,9,34
3,0,SIEMENS_SymphonyTim_37743_T1-TSE,179|180|23,D:\Running_Place\PostGraduateProjects\Experiments\PostGraduate\backbones\DisperssionWithSADG_ConstraintStyleRegularization\Seg-SADG\BaryRadGate\a0p08\rho0p5\gb8\sadg0p05\nocons\shot3\Seed0\baseline_model_with_metadata.pt,D:\Running_Place\PostGraduateProjects\Experiments\PostGraduate\backbones\Prompts\Seg-SADG\BaryRadGate\a0p08\rho0p5\gb8\sadg0p05\nocons\shot3\Seed0,D:\Running_Place\PostGraduateProjects\Experiments\PostGraduate\backbones\Prompts\Seg-SADG\BaryRadGate\a0p08\rho0p5\gb8\sadg0p05\nocons\shot3\Seed0\source_multilayer_prototypes.pt,0.25,gamma0p25,dec3,1,vertebrae,1,8,32,7173,7173,552,1,0.8099973201751709,9,34
3,0,SIEMENS_SymphonyTim_37743_T1-TSE,179|180|23,D:\Running_Place\PostGraduateProjects\Experiments\PostGraduate\backbones\DisperssionWithSADG_ConstraintStyleRegularization\Seg-SADG\BaryRadGate\a0p08\rho0p5\gb8\sadg0p05\nocons\shot3\Seed0\baseline_model_with_metadata.pt,D:\Running_Place\PostGraduateProjects\Experiments\PostGraduate\backbones\Prompts\Seg-SADG\BaryRadGate\a0p08\rho0p5\gb8\sadg0p05\nocons\shot3\Seed0,D:\Running_Place\PostGraduateProjects\Experiments\PostGraduate\backbones\Prompts\Seg-SADG\BaryRadGate\a0p08\rho0p5\gb8\sadg0p05\nocons\shot3\Seed0\source_multilayer_prototypes.pt,0.25,gamma0p25,dec3,1,vertebrae,2,8,32,7173,7173,1063,1,0.9228779673576355,9,34
3,0,SIEMENS_SymphonyTim_37743_T1-TSE,179|180|23,D:\Running_Place\PostGraduateProjects\Experiments\PostGraduate\backbones\DisperssionWithSADG_ConstraintStyleRegularization\Seg-SADG\BaryRadGate\a0p08\rho0p5\gb8\sadg0p05\nocons\shot3\Seed0\baseline_model_with_metadata.pt,D:\Running_Place\PostGraduateProjects\Experiments\PostGraduate\backbones\Prompts\Seg-SADG\BaryRadGate\a0p08\rho0p5\gb8\sadg0p05\nocons\shot3\Seed0,D:\Running_Place\PostGraduateProjects\Experiments\PostGraduate\backbones\Prompts\Seg-SADG\BaryRadGate\a0p08\rho0p5\gb8\sadg0p05\nocons\shot3\Seed0\source_multilayer_prototypes.pt,0.25,gamma0p25,dec3,1,vertebrae,3,8,32,7173,7173,914,1,0.8885771036148071,9,34
3,0,SIEMENS_SymphonyTim_37743_T1-TSE,179|180|23,D:\Running_Place\PostGraduateProjects\Experiments\PostGraduate\backbones\DisperssionWithSADG_ConstraintStyleRegularization\Seg-SADG\BaryRadGate\a0p08\rho0p5\gb8\sadg0p05\nocons\shot3\Seed0\baseline_model_with_metadata.pt,D:\Running_Place\PostGraduateProjects\Experiments\PostGraduate\backbones\Prompts\Seg-SADG\BaryRadGate\a0p08\rho0p5\gb8\sadg0p05\nocons\shot3\Seed0,D:\Running_Place\PostGraduateProjects\Experiments\PostGraduate\backbones\Prompts\Seg-SADG\BaryRadGate\a0p08\rho0p5\gb8\sadg0p05\nocons\shot3\Seed0\source_multilayer_prototypes.pt,0.25,gamma0p25,dec3,1,vertebrae,4,8,32,7173,7173,487,1,0.7675154805183411,9,34
3,0,SIEMENS_SymphonyTim_37743_T1-TSE,179|180|23,D:\Running_Place\PostGraduateProjects\Experiments\PostGraduate\backbones\DisperssionWithSADG_ConstraintStyleRegularization\Seg-SADG\BaryRadGate\a0p08\rho0p5\gb8\sadg0p05\nocons\shot3\Seed0\baseline_model_with_metadata.pt,D:\Running_Place\PostGraduateProjects\Experiments\PostGraduate\backbones\Prompts\Seg-SADG\BaryRadGate\a0p08\rho0p5\gb8\sadg0p05\nocons\shot3\Seed0,D:\Running_Place\PostGraduateProjects\Experiments\PostGraduate\backbones\Prompts\Seg-SADG\BaryRadGate\a0p08\rho0p5\gb8\sadg0p05\nocons\shot3\Seed0\source_multilayer_prototypes.pt,0.25,gamma0p25,dec3,1,vertebrae,5,8,32,7173,7173,880,1,0.914833128452301,9,34
3,0,SIEMENS_SymphonyTim_37743_T1-TSE,179|180|23,D:\Running_Place\PostGraduateProjects\Experiments\PostGraduate\backbones\DisperssionWithSADG_ConstraintStyleRegularization\Seg-SADG\BaryRadGate\a0p08\rho0p5\gb8\sadg0p05\nocons\shot3\Seed0\baseline_model_with_metadata.pt,D:\Running_Place\PostGraduateProjects\Experiments\PostGraduate\backbones\Prompts\Seg-SADG\BaryRadGate\a0p08\rho0p5\gb8\sadg0p05\nocons\shot3\Seed0,D:\Running_Place\PostGraduateProjects\Experiments\PostGraduate\backbones\Prompts\Seg-SADG\BaryRadGate\a0p08\rho0p5\gb8\sadg0p05\nocons\shot3\Seed0\source_multilayer_prototypes.pt,0.25,gamma0p25,dec3,1,vertebrae,6,8,32,7173,7173,1005,1,0.9078609943389893,9,34
3,0,SIEMENS_SymphonyTim_37743_T1-TSE,179|180|23,D:\Running_Place\PostGraduateProjects\Experiments\PostGraduate\backbones\DisperssionWithSADG_ConstraintStyleRegularization\Seg-SADG\BaryRadGate\a0p08\rho0p5\gb8\sadg0p05\nocons\shot3\Seed0\baseline_model_with_metadata.pt,D:\Running_Place\PostGraduateProjects\Experiments\PostGraduate\backbones\Prompts\Seg-SADG\BaryRadGate\a0p08\rho0p5\gb8\sadg0p05\nocons\shot3\Seed0,D:\Running_Place\PostGraduateProjects\Experiments\PostGraduate\backbones\Prompts\Seg-SADG\BaryRadGate\a0p08\rho0p5\gb8\sadg0p05\nocons\shot3\Seed0\source_multilayer_prototypes.pt,0.25,gamma0p25,dec3,1,vertebrae,7,8,32,7173,7173,1026,1,0.9070308804512024,9,34
3,0,SIEMENS_SymphonyTim_37743_T1-TSE,179|180|23,D:\Running_Place\PostGraduateProjects\Experiments\PostGraduate\backbones\DisperssionWithSADG_ConstraintStyleRegularization\Seg-SADG\BaryRadGate\a0p08\rho0p5\gb8\sadg0p05\nocons\shot3\Seed0\baseline_model_with_metadata.pt,D:\Running_Place\PostGraduateProjects\Experiments\PostGraduate\backbones\Prompts\Seg-SADG\BaryRadGate\a0p08\rho0p5\gb8\sadg0p05\nocons\shot3\Seed0,D:\Running_Place\PostGraduateProjects\Experiments\PostGraduate\backbones\Prompts\Seg-SADG\BaryRadGate\a0p08\rho0p5\gb8\sadg0p05\nocons\shot3\Seed0\source_multilayer_prototypes.pt,0.25,gamma0p25,dec3,2,intervertebral_discs,0,4,32,1275,1275,258,1,0.8745059370994568,9,34
3,0,SIEMENS_SymphonyTim_37743_T1-TSE,179|180|23,D:\Running_Place\PostGraduateProjects\Experiments\PostGraduate\backbones\DisperssionWithSADG_ConstraintStyleRegularization\Seg-SADG\BaryRadGate\a0p08\rho0p5\gb8\sadg0p05\nocons\shot3\Seed0\baseline_model_with_metadata.pt,D:\Running_Place\PostGraduateProjects\Experiments\PostGraduate\backbones\Prompts\Seg-SADG\BaryRadGate\a0p08\rho0p5\gb8\sadg0p05\nocons\shot3\Seed0,D:\Running_Place\PostGraduateProjects\Experiments\PostGraduate\backbones\Prompts\Seg-SADG\BaryRadGate\a0p08\rho0p5\gb8\sadg0p05\nocons\shot3\Seed0\source_multilayer_prototypes.pt,0.25,gamma0p25,dec3,2,intervertebral_discs,1,4,32,1275,1275,191,1,0.8802061676979065,9,34
3,0,SIEMENS_SymphonyTim_37743_T1-TSE,179|180|23,D:\Running_Place\PostGraduateProjects\Experiments\PostGraduate\backbones\DisperssionWithSADG_ConstraintStyleRegularization\Seg-SADG\BaryRadGate\a0p08\rho0p5\gb8\sadg0p05\nocons\shot3\Seed0\baseline_model_with_metadata.pt,D:\Running_Place\PostGraduateProjects\Experiments\PostGraduate\backbones\Prompts\Seg-SADG\BaryRadGate\a0p08\rho0p5\gb8\sadg0p05\nocons\shot3\Seed0,D:\Running_Place\PostGraduateProjects\Experiments\PostGraduate\backbones\Prompts\Seg-SADG\BaryRadGate\a0p08\rho0p5\gb8\sadg0p05\nocons\shot3\Seed0\source_multilayer_prototypes.pt,0.25,gamma0p25,dec3,2,intervertebral_discs,2,4,32,1275,1275,476,1,0.9352409839630127,9,34
3,0,SIEMENS_SymphonyTim_37743_T1-TSE,179|180|23,D:\Running_Place\PostGraduateProjects\Experiments\PostGraduate\backbones\DisperssionWithSADG_ConstraintStyleRegularization\Seg-SADG\BaryRadGate\a0p08\rho0p5\gb8\sadg0p05\nocons\shot3\Seed0\baseline_model_with_metadata.pt,D:\Running_Place\PostGraduateProjects\Experiments\PostGraduate\backbones\Prompts\Seg-SADG\BaryRadGate\a0p08\rho0p5\gb8\sadg0p05\nocons\shot3\Seed0,D:\Running_Place\PostGraduateProjects\Experiments\PostGraduate\backbones\Prompts\Seg-SADG\BaryRadGate\a0p08\rho0p5\gb8\sadg0p05\nocons\shot3\Seed0\source_multilayer_prototypes.pt,0.25,gamma0p25,dec3,2,intervertebral_discs,3,4,32,1275,1275,350,1,0.8902544379234314,9,34
3,0,SIEMENS_SymphonyTim_37743_T1-TSE,179|180|23,D:\Running_Place\PostGraduateProjects\Experiments\PostGraduate\backbones\DisperssionWithSADG_ConstraintStyleRegularization\Seg-SADG\BaryRadGate\a0p08\rho0p5\gb8\sadg0p05\nocons\shot3\Seed0\baseline_model_with_metadata.pt,D:\Running_Place\PostGraduateProjects\Experiments\PostGraduate\backbones\Prompts\Seg-SADG\BaryRadGate\a0p08\rho0p5\gb8\sadg0p05\nocons\shot3\Seed0,D:\Running_Place\PostGraduateProjects\Experiments\PostGraduate\backbones\Prompts\Seg-SADG\BaryRadGate\a0p08\rho0p5\gb8\sadg0p05\nocons\shot3\Seed0\source_multilayer_prototypes.pt,0.25,gamma0p25,dec2,0,background,0,8,16,392564,50000,2948,1,0.6455892324447632,9,34
3,0,SIEMENS_SymphonyTim_37743_T1-TSE,179|180|23,D:\Running_Place\PostGraduateProjects\Experiments\PostGraduate\backbones\DisperssionWithSADG_ConstraintStyleRegularization\Seg-SADG\BaryRadGate\a0p08\rho0p5\gb8\sadg0p05\nocons\shot3\Seed0\baseline_model_with_metadata.pt,D:\Running_Place\PostGraduateProjects\Experiments\PostGraduate\backbones\Prompts\Seg-SADG\BaryRadGate\a0p08\rho0p5\gb8\sadg0p05\nocons\shot3\Seed0,D:\Running_Place\PostGraduateProjects\Experiments\PostGraduate\backbones\Prompts\Seg-SADG\BaryRadGate\a0p08\rho0p5\gb8\sadg0p05\nocons\shot3\Seed0\source_multilayer_prototypes.pt,0.25,gamma0p25,dec2,0,background,1,8,16,392564,50000,9183,1,0.9071025252342224,9,34
3,0,SIEMENS_SymphonyTim_37743_T1-TSE,179|180|23,D:\Running_Place\PostGraduateProjects\Experiments\PostGraduate\backbones\DisperssionWithSADG_ConstraintStyleRegularization\Seg-SADG\BaryRadGate\a0p08\rho0p5\gb8\sadg0p05\nocons\shot3\Seed0\baseline_model_with_metadata.pt,D:\Running_Place\PostGraduateProjects\Experiments\PostGraduate\backbones\Prompts\Seg-SADG\BaryRadGate\a0p08\rho0p5\gb8\sadg0p05\nocons\shot3\Seed0,D:\Running_Place\PostGraduateProjects\Experiments\PostGraduate\backbones\Prompts\Seg-SADG\BaryRadGate\a0p08\rho0p5\gb8\sadg0p05\nocons\shot3\Seed0\source_multilayer_prototypes.pt,0.25,gamma0p25,dec2,0,background,2,8,16,392564,50000,6040,1,0.8598302602767944,9,34
3,0,SIEMENS_SymphonyTim_37743_T1-TSE,179|180|23,D:\Running_Place\PostGraduateProjects\Experiments\PostGraduate\backbones\DisperssionWithSADG_ConstraintStyleRegularization\Seg-SADG\BaryRadGate\a0p08\rho0p5\gb8\sadg0p05\nocons\shot3\Seed0\baseline_model_with_metadata.pt,D:\Running_Place\PostGraduateProjects\Experiments\PostGraduate\backbones\Prompts\Seg-SADG\BaryRadGate\a0p08\rho0p5\gb8\sadg0p05\nocons\shot3\Seed0,D:\Running_Place\PostGraduateProjects\Experiments\PostGraduate\backbones\Prompts\Seg-SADG\BaryRadGate\a0p08\rho0p5\gb8\sadg0p05\nocons\shot3\Seed0\source_multilayer_prototypes.pt,0.25,gamma0p25,dec2,0,background,3,8,16,392564,50000,4225,1,0.8428041934967041,9,34
3,0,SIEMENS_SymphonyTim_37743_T1-TSE,179|180|23,D:\Running_Place\PostGraduateProjects\Experiments\PostGraduate\backbones\DisperssionWithSADG_ConstraintStyleRegularization\Seg-SADG\BaryRadGate\a0p08\rho0p5\gb8\sadg0p05\nocons\shot3\Seed0\baseline_model_with_metadata.pt,D:\Running_Place\PostGraduateProjects\Experiments\PostGraduate\backbones\Prompts\Seg-SADG\BaryRadGate\a0p08\rho0p5\gb8\sadg0p05\nocons\shot3\Seed0,D:\Running_Place\PostGraduateProjects\Experiments\PostGraduate\backbones\Prompts\Seg-SADG\BaryRadGate\a0p08\rho0p5\gb8\sadg0p05\nocons\shot3\Seed0\source_multilayer_prototypes.pt,0.25,gamma0p25,dec2,0,background,4,8,16,392564,50000,4601,1,0.8645700216293335,9,34
3,0,SIEMENS_SymphonyTim_37743_T1-TSE,179|180|23,D:\Running_Place\PostGraduateProjects\Experiments\PostGraduate\backbones\DisperssionWithSADG_ConstraintStyleRegularization\Seg-SADG\BaryRadGate\a0p08\rho0p5\gb8\sadg0p05\nocons\shot3\Seed0\baseline_model_with_metadata.pt,D:\Running_Place\PostGraduateProjects\Experiments\PostGraduate\backbones\Prompts\Seg-SADG\BaryRadGate\a0p08\rho0p5\gb8\sadg0p05\nocons\shot3\Seed0,D:\Running_Place\PostGraduateProjects\Experiments\PostGraduate\backbones\Prompts\Seg-SADG\BaryRadGate\a0p08\rho0p5\gb8\sadg0p05\nocons\shot3\Seed0\source_multilayer_prototypes.pt,0.25,gamma0p25,dec2,0,background,5,8,16,392564,50000,6420,1,0.8901605606079102,9,34
3,0,SIEMENS_SymphonyTim_37743_T1-TSE,179|180|23,D:\Running_Place\PostGraduateProjects\Experiments\PostGraduate\backbones\DisperssionWithSADG_ConstraintStyleRegularization\Seg-SADG\BaryRadGate\a0p08\rho0p5\gb8\sadg0p05\nocons\shot3\Seed0\baseline_model_with_metadata.pt,D:\Running_Place\PostGraduateProjects\Experiments\PostGraduate\backbones\Prompts\Seg-SADG\BaryRadGate\a0p08\rho0p5\gb8\sadg0p05\nocons\shot3\Seed0,D:\Running_Place\PostGraduateProjects\Experiments\PostGraduate\backbones\Prompts\Seg-SADG\BaryRadGate\a0p08\rho0p5\gb8\sadg0p05\nocons\shot3\Seed0\source_multilayer_prototypes.pt,0.25,gamma0p25,dec2,0,background,6,8,16,392564,50000,14989,1,0.9605292081832886,9,34
3,0,SIEMENS_SymphonyTim_37743_T1-TSE,179|180|23,D:\Running_Place\PostGraduateProjects\Experiments\PostGraduate\backbones\DisperssionWithSADG_ConstraintStyleRegularization\Seg-SADG\BaryRadGate\a0p08\rho0p5\gb8\sadg0p05\nocons\shot3\Seed0\baseline_model_with_metadata.pt,D:\Running_Place\PostGraduateProjects\Experiments\PostGraduate\backbones\Prompts\Seg-SADG\BaryRadGate\a0p08\rho0p5\gb8\sadg0p05\nocons\shot3\Seed0,D:\Running_Place\PostGraduateProjects\Experiments\PostGraduate\backbones\Prompts\Seg-SADG\BaryRadGate\a0p08\rho0p5\gb8\sadg0p05\nocons\shot3\Seed0\source_multilayer_prototypes.pt,0.25,gamma0p25,dec2,0,background,7,8,16,392564,50000,1594,1,0.7932320833206177,9,34
3,0,SIEMENS_SymphonyTim_37743_T1-TSE,179|180|23,D:\Running_Place\PostGraduateProjects\Experiments\PostGraduate\backbones\DisperssionWithSADG_ConstraintStyleRegularization\Seg-SADG\BaryRadGate\a0p08\rho0p5\gb8\sadg0p05\nocons\shot3\Seed0\baseline_model_with_metadata.pt,D:\Running_Place\PostGraduateProjects\Experiments\PostGraduate\backbones\Prompts\Seg-SADG\BaryRadGate\a0p08\rho0p5\gb8\sadg0p05\nocons\shot3\Seed0,D:\Running_Place\PostGraduateProjects\Experiments\PostGraduate\backbones\Prompts\Seg-SADG\BaryRadGate\a0p08\rho0p5\gb8\sadg0p05\nocons\shot3\Seed0\source_multilayer_prototypes.pt,0.25,gamma0p25,dec2,1,vertebrae,0,8,16,28844,28844,1307,1,0.8695847988128662,9,34
3,0,SIEMENS_SymphonyTim_37743_T1-TSE,179|180|23,D:\Running_Place\PostGraduateProjects\Experiments\PostGraduate\backbones\DisperssionWithSADG_ConstraintStyleRegularization\Seg-SADG\BaryRadGate\a0p08\rho0p5\gb8\sadg0p05\nocons\shot3\Seed0\baseline_model_with_metadata.pt,D:\Running_Place\PostGraduateProjects\Experiments\PostGraduate\backbones\Prompts\Seg-SADG\BaryRadGate\a0p08\rho0p5\gb8\sadg0p05\nocons\shot3\Seed0,D:\Running_Place\PostGraduateProjects\Experiments\PostGraduate\backbones\Prompts\Seg-SADG\BaryRadGate\a0p08\rho0p5\gb8\sadg0p05\nocons\shot3\Seed0\source_multilayer_prototypes.pt,0.25,gamma0p25,dec2,1,vertebrae,1,8,16,28844,28844,8582,1,0.960770308971405,9,34
3,0,SIEMENS_SymphonyTim_37743_T1-TSE,179|180|23,D:\Running_Place\PostGraduateProjects\Experiments\PostGraduate\backbones\DisperssionWithSADG_ConstraintStyleRegularization\Seg-SADG\BaryRadGate\a0p08\rho0p5\gb8\sadg0p05\nocons\shot3\Seed0\baseline_model_with_metadata.pt,D:\Running_Place\PostGraduateProjects\Experiments\PostGraduate\backbones\Prompts\Seg-SADG\BaryRadGate\a0p08\rho0p5\gb8\sadg0p05\nocons\shot3\Seed0,D:\Running_Place\PostGraduateProjects\Experiments\PostGraduate\backbones\Prompts\Seg-SADG\BaryRadGate\a0p08\rho0p5\gb8\sadg0p05\nocons\shot3\Seed0\source_multilayer_prototypes.pt,0.25,gamma0p25,dec2,1,vertebrae,2,8,16,28844,28844,1057,1,0.811504065990448,9,34
3,0,SIEMENS_SymphonyTim_37743_T1-TSE,179|180|23,D:\Running_Place\PostGraduateProjects\Experiments\PostGraduate\backbones\DisperssionWithSADG_ConstraintStyleRegularization\Seg-SADG\BaryRadGate\a0p08\rho0p5\gb8\sadg0p05\nocons\shot3\Seed0\baseline_model_with_metadata.pt,D:\Running_Place\PostGraduateProjects\Experiments\PostGraduate\backbones\Prompts\Seg-SADG\BaryRadGate\a0p08\rho0p5\gb8\sadg0p05\nocons\shot3\Seed0,D:\Running_Place\PostGraduateProjects\Experiments\PostGraduate\backbones\Prompts\Seg-SADG\BaryRadGate\a0p08\rho0p5\gb8\sadg0p05\nocons\shot3\Seed0\source_multilayer_prototypes.pt,0.25,gamma0p25,dec2,1,vertebrae,3,8,16,28844,28844,1403,1,0.8620129227638245,9,34
3,0,SIEMENS_SymphonyTim_37743_T1-TSE,179|180|23,D:\Running_Place\PostGraduateProjects\Experiments\PostGraduate\backbones\DisperssionWithSADG_ConstraintStyleRegularization\Seg-SADG\BaryRadGate\a0p08\rho0p5\gb8\sadg0p05\nocons\shot3\Seed0\baseline_model_with_metadata.pt,D:\Running_Place\PostGraduateProjects\Experiments\PostGraduate\backbones\Prompts\Seg-SADG\BaryRadGate\a0p08\rho0p5\gb8\sadg0p05\nocons\shot3\Seed0,D:\Running_Place\PostGraduateProjects\Experiments\PostGraduate\backbones\Prompts\Seg-SADG\BaryRadGate\a0p08\rho0p5\gb8\sadg0p05\nocons\shot3\Seed0\source_multilayer_prototypes.pt,0.25,gamma0p25,dec2,1,vertebrae,4,8,16,28844,28844,1729,1,0.8794089555740356,9,34
3,0,SIEMENS_SymphonyTim_37743_T1-TSE,179|180|23,D:\Running_Place\PostGraduateProjects\Experiments\PostGraduate\backbones\DisperssionWithSADG_ConstraintStyleRegularization\Seg-SADG\BaryRadGate\a0p08\rho0p5\gb8\sadg0p05\nocons\shot3\Seed0\baseline_model_with_metadata.pt,D:\Running_Place\PostGraduateProjects\Experiments\PostGraduate\backbones\Prompts\Seg-SADG\BaryRadGate\a0p08\rho0p5\gb8\sadg0p05\nocons\shot3\Seed0,D:\Running_Place\PostGraduateProjects\Experiments\PostGraduate\backbones\Prompts\Seg-SADG\BaryRadGate\a0p08\rho0p5\gb8\sadg0p05\nocons\shot3\Seed0\source_multilayer_prototypes.pt,0.25,gamma0p25,dec2,1,vertebrae,5,8,16,28844,28844,1228,1,0.8702693581581116,9,34
3,0,SIEMENS_SymphonyTim_37743_T1-TSE,179|180|23,D:\Running_Place\PostGraduateProjects\Experiments\PostGraduate\backbones\DisperssionWithSADG_ConstraintStyleRegularization\Seg-SADG\BaryRadGate\a0p08\rho0p5\gb8\sadg0p05\nocons\shot3\Seed0\baseline_model_with_metadata.pt,D:\Running_Place\PostGraduateProjects\Experiments\PostGraduate\backbones\Prompts\Seg-SADG\BaryRadGate\a0p08\rho0p5\gb8\sadg0p05\nocons\shot3\Seed0,D:\Running_Place\PostGraduateProjects\Experiments\PostGraduate\backbones\Prompts\Seg-SADG\BaryRadGate\a0p08\rho0p5\gb8\sadg0p05\nocons\shot3\Seed0\source_multilayer_prototypes.pt,0.25,gamma0p25,dec2,1,vertebrae,6,8,16,28844,28844,3366,1,0.9260601997375488,9,34
3,0,SIEMENS_SymphonyTim_37743_T1-TSE,179|180|23,D:\Running_Place\PostGraduateProjects\Experiments\PostGraduate\backbones\DisperssionWithSADG_ConstraintStyleRegularization\Seg-SADG\BaryRadGate\a0p08\rho0p5\gb8\sadg0p05\nocons\shot3\Seed0\baseline_model_with_metadata.pt,D:\Running_Place\PostGraduateProjects\Experiments\PostGraduate\backbones\Prompts\Seg-SADG\BaryRadGate\a0p08\rho0p5\gb8\sadg0p05\nocons\shot3\Seed0,D:\Running_Place\PostGraduateProjects\Experiments\PostGraduate\backbones\Prompts\Seg-SADG\BaryRadGate\a0p08\rho0p5\gb8\sadg0p05\nocons\shot3\Seed0\source_multilayer_prototypes.pt,0.25,gamma0p25,dec2,1,vertebrae,7,8,16,28844,28844,10172,1,0.9632620215415955,9,34
3,0,SIEMENS_SymphonyTim_37743_T1-TSE,179|180|23,D:\Running_Place\PostGraduateProjects\Experiments\PostGraduate\backbones\DisperssionWithSADG_ConstraintStyleRegularization\Seg-SADG\BaryRadGate\a0p08\rho0p5\gb8\sadg0p05\nocons\shot3\Seed0\baseline_model_with_metadata.pt,D:\Running_Place\PostGraduateProjects\Experiments\PostGraduate\backbones\Prompts\Seg-SADG\BaryRadGate\a0p08\rho0p5\gb8\sadg0p05\nocons\shot3\Seed0,D:\Running_Place\PostGraduateProjects\Experiments\PostGraduate\backbones\Prompts\Seg-SADG\BaryRadGate\a0p08\rho0p5\gb8\sadg0p05\nocons\shot3\Seed0\source_multilayer_prototypes.pt,0.25,gamma0p25,dec2,2,intervertebral_discs,0,4,16,5088,5088,1524,1,0.9605945348739624,9,34
3,0,SIEMENS_SymphonyTim_37743_T1-TSE,179|180|23,D:\Running_Place\PostGraduateProjects\Experiments\PostGraduate\backbones\DisperssionWithSADG_ConstraintStyleRegularization\Seg-SADG\BaryRadGate\a0p08\rho0p5\gb8\sadg0p05\nocons\shot3\Seed0\baseline_model_with_metadata.pt,D:\Running_Place\PostGraduateProjects\Experiments\PostGraduate\backbones\Prompts\Seg-SADG\BaryRadGate\a0p08\rho0p5\gb8\sadg0p05\nocons\shot3\Seed0,D:\Running_Place\PostGraduateProjects\Experiments\PostGraduate\backbones\Prompts\Seg-SADG\BaryRadGate\a0p08\rho0p5\gb8\sadg0p05\nocons\shot3\Seed0\source_multilayer_prototypes.pt,0.25,gamma0p25,dec2,2,intervertebral_discs,1,4,16,5088,5088,1782,1,0.9647347927093506,9,34
3,0,SIEMENS_SymphonyTim_37743_T1-TSE,179|180|23,D:\Running_Place\PostGraduateProjects\Experiments\PostGraduate\backbones\DisperssionWithSADG_ConstraintStyleRegularization\Seg-SADG\BaryRadGate\a0p08\rho0p5\gb8\sadg0p05\nocons\shot3\Seed0\baseline_model_with_metadata.pt,D:\Running_Place\PostGraduateProjects\Experiments\PostGraduate\backbones\Prompts\Seg-SADG\BaryRadGate\a0p08\rho0p5\gb8\sadg0p05\nocons\shot3\Seed0,D:\Running_Place\PostGraduateProjects\Experiments\PostGraduate\backbones\Prompts\Seg-SADG\BaryRadGate\a0p08\rho0p5\gb8\sadg0p05\nocons\shot3\Seed0\source_multilayer_prototypes.pt,0.25,gamma0p25,dec2,2,intervertebral_discs,2,4,16,5088,5088,1375,1,0.9772793650627136,9,34
3,0,SIEMENS_SymphonyTim_37743_T1-TSE,179|180|23,D:\Running_Place\PostGraduateProjects\Experiments\PostGraduate\backbones\DisperssionWithSADG_ConstraintStyleRegularization\Seg-SADG\BaryRadGate\a0p08\rho0p5\gb8\sadg0p05\nocons\shot3\Seed0\baseline_model_with_metadata.pt,D:\Running_Place\PostGraduateProjects\Experiments\PostGraduate\backbones\Prompts\Seg-SADG\BaryRadGate\a0p08\rho0p5\gb8\sadg0p05\nocons\shot3\Seed0,D:\Running_Place\PostGraduateProjects\Experiments\PostGraduate\backbones\Prompts\Seg-SADG\BaryRadGate\a0p08\rho0p5\gb8\sadg0p05\nocons\shot3\Seed0\source_multilayer_prototypes.pt,0.25,gamma0p25,dec2,2,intervertebral_discs,3,4,16,5088,5088,407,1,0.914330780506134,9,34
3,0,SIEMENS_SymphonyTim_37743_T1-TSE,179|180|23,D:\Running_Place\PostGraduateProjects\Experiments\PostGraduate\backbones\DisperssionWithSADG_ConstraintStyleRegularization\Seg-SADG\BaryRadGate\a0p08\rho0p5\gb8\sadg0p05\nocons\shot3\Seed0\baseline_model_with_metadata.pt,D:\Running_Place\PostGraduateProjects\Experiments\PostGraduate\backbones\Prompts\Seg-SADG\BaryRadGate\a0p08\rho0p5\gb8\sadg0p05\nocons\shot3\Seed0,D:\Running_Place\PostGraduateProjects\Experiments\PostGraduate\backbones\Prompts\Seg-SADG\BaryRadGate\a0p08\rho0p5\gb8\sadg0p05\nocons\shot3\Seed0\source_multilayer_prototypes.pt,0.25,gamma0p25,dec1,0,background,0,8,16,1569957,50000,15546,1,0.9958731532096863,9,34
3,0,SIEMENS_SymphonyTim_37743_T1-TSE,179|180|23,D:\Running_Place\PostGraduateProjects\Experiments\PostGraduate\backbones\DisperssionWithSADG_ConstraintStyleRegularization\Seg-SADG\BaryRadGate\a0p08\rho0p5\gb8\sadg0p05\nocons\shot3\Seed0\baseline_model_with_metadata.pt,D:\Running_Place\PostGraduateProjects\Experiments\PostGraduate\backbones\Prompts\Seg-SADG\BaryRadGate\a0p08\rho0p5\gb8\sadg0p05\nocons\shot3\Seed0,D:\Running_Place\PostGraduateProjects\Experiments\PostGraduate\backbones\Prompts\Seg-SADG\BaryRadGate\a0p08\rho0p5\gb8\sadg0p05\nocons\shot3\Seed0\source_multilayer_prototypes.pt,0.25,gamma0p25,dec1,0,background,1,8,16,1569957,50000,9604,1,0.9936631917953491,9,34
3,0,SIEMENS_SymphonyTim_37743_T1-TSE,179|180|23,D:\Running_Place\PostGraduateProjects\Experiments\PostGraduate\backbones\DisperssionWithSADG_ConstraintStyleRegularization\Seg-SADG\BaryRadGate\a0p08\rho0p5\gb8\sadg0p05\nocons\shot3\Seed0\baseline_model_with_metadata.pt,D:\Running_Place\PostGraduateProjects\Experiments\PostGraduate\backbones\Prompts\Seg-SADG\BaryRadGate\a0p08\rho0p5\gb8\sadg0p05\nocons\shot3\Seed0,D:\Running_Place\PostGraduateProjects\Experiments\PostGraduate\backbones\Prompts\Seg-SADG\BaryRadGate\a0p08\rho0p5\gb8\sadg0p05\nocons\shot3\Seed0\source_multilayer_prototypes.pt,0.25,gamma0p25,dec1,0,background,2,8,16,1569957,50000,301,1,0.8917323350906372,9,34
3,0,SIEMENS_SymphonyTim_37743_T1-TSE,179|180|23,D:\Running_Place\PostGraduateProjects\Experiments\PostGraduate\backbones\DisperssionWithSADG_ConstraintStyleRegularization\Seg-SADG\BaryRadGate\a0p08\rho0p5\gb8\sadg0p05\nocons\shot3\Seed0\baseline_model_with_metadata.pt,D:\Running_Place\PostGraduateProjects\Experiments\PostGraduate\backbones\Prompts\Seg-SADG\BaryRadGate\a0p08\rho0p5\gb8\sadg0p05\nocons\shot3\Seed0,D:\Running_Place\PostGraduateProjects\Experiments\PostGraduate\backbones\Prompts\Seg-SADG\BaryRadGate\a0p08\rho0p5\gb8\sadg0p05\nocons\shot3\Seed0\source_multilayer_prototypes.pt,0.25,gamma0p25,dec1,0,background,3,8,16,1569957,50000,8597,1,0.993793785572052,9,34
3,0,SIEMENS_SymphonyTim_37743_T1-TSE,179|180|23,D:\Running_Place\PostGraduateProjects\Experiments\PostGraduate\backbones\DisperssionWithSADG_ConstraintStyleRegularization\Seg-SADG\BaryRadGate\a0p08\rho0p5\gb8\sadg0p05\nocons\shot3\Seed0\baseline_model_with_metadata.pt,D:\Running_Place\PostGraduateProjects\Experiments\PostGraduate\backbones\Prompts\Seg-SADG\BaryRadGate\a0p08\rho0p5\gb8\sadg0p05\nocons\shot3\Seed0,D:\Running_Place\PostGraduateProjects\Experiments\PostGraduate\backbones\Prompts\Seg-SADG\BaryRadGate\a0p08\rho0p5\gb8\sadg0p05\nocons\shot3\Seed0\source_multilayer_prototypes.pt,0.25,gamma0p25,dec1,0,background,4,8,16,1569957,50000,9414,1,0.9958912134170532,9,34
3,0,SIEMENS_SymphonyTim_37743_T1-TSE,179|180|23,D:\Running_Place\PostGraduateProjects\Experiments\PostGraduate\backbones\DisperssionWithSADG_ConstraintStyleRegularization\Seg-SADG\BaryRadGate\a0p08\rho0p5\gb8\sadg0p05\nocons\shot3\Seed0\baseline_model_with_metadata.pt,D:\Running_Place\PostGraduateProjects\Experiments\PostGraduate\backbones\Prompts\Seg-SADG\BaryRadGate\a0p08\rho0p5\gb8\sadg0p05\nocons\shot3\Seed0,D:\Running_Place\PostGraduateProjects\Experiments\PostGraduate\backbones\Prompts\Seg-SADG\BaryRadGate\a0p08\rho0p5\gb8\sadg0p05\nocons\shot3\Seed0\source_multilayer_prototypes.pt,0.25,gamma0p25,dec1,0,background,5,8,16,1569957,50000,588,1,0.8425378799438477,9,34
3,0,SIEMENS_SymphonyTim_37743_T1-TSE,179|180|23,D:\Running_Place\PostGraduateProjects\Experiments\PostGraduate\backbones\DisperssionWithSADG_ConstraintStyleRegularization\Seg-SADG\BaryRadGate\a0p08\rho0p5\gb8\sadg0p05\nocons\shot3\Seed0\baseline_model_with_metadata.pt,D:\Running_Place\PostGraduateProjects\Experiments\PostGraduate\backbones\Prompts\Seg-SADG\BaryRadGate\a0p08\rho0p5\gb8\sadg0p05\nocons\shot3\Seed0,D:\Running_Place\PostGraduateProjects\Experiments\PostGraduate\backbones\Prompts\Seg-SADG\BaryRadGate\a0p08\rho0p5\gb8\sadg0p05\nocons\shot3\Seed0\source_multilayer_prototypes.pt,0.25,gamma0p25,dec1,0,background,6,8,16,1569957,50000,5095,1,0.988734781742096,9,34
3,0,SIEMENS_SymphonyTim_37743_T1-TSE,179|180|23,D:\Running_Place\PostGraduateProjects\Experiments\PostGraduate\backbones\DisperssionWithSADG_ConstraintStyleRegularization\Seg-SADG\BaryRadGate\a0p08\rho0p5\gb8\sadg0p05\nocons\shot3\Seed0\baseline_model_with_metadata.pt,D:\Running_Place\PostGraduateProjects\Experiments\PostGraduate\backbones\Prompts\Seg-SADG\BaryRadGate\a0p08\rho0p5\gb8\sadg0p05\nocons\shot3\Seed0,D:\Running_Place\PostGraduateProjects\Experiments\PostGraduate\backbones\Prompts\Seg-SADG\BaryRadGate\a0p08\rho0p5\gb8\sadg0p05\nocons\shot3\Seed0\source_multilayer_prototypes.pt,0.25,gamma0p25,dec1,0,background,7,8,16,1569957,50000,855,1,0.9305912256240845,9,34
3,0,SIEMENS_SymphonyTim_37743_T1-TSE,179|180|23,D:\Running_Place\PostGraduateProjects\Experiments\PostGraduate\backbones\DisperssionWithSADG_ConstraintStyleRegularization\Seg-SADG\BaryRadGate\a0p08\rho0p5\gb8\sadg0p05\nocons\shot3\Seed0\baseline_model_with_metadata.pt,D:\Running_Place\PostGraduateProjects\Experiments\PostGraduate\backbones\Prompts\Seg-SADG\BaryRadGate\a0p08\rho0p5\gb8\sadg0p05\nocons\shot3\Seed0,D:\Running_Place\PostGraduateProjects\Experiments\PostGraduate\backbones\Prompts\Seg-SADG\BaryRadGate\a0p08\rho0p5\gb8\sadg0p05\nocons\shot3\Seed0\source_multilayer_prototypes.pt,0.25,gamma0p25,dec1,1,vertebrae,0,8,16,115259,50000,781,1,0.9505581855773926,9,34
3,0,SIEMENS_SymphonyTim_37743_T1-TSE,179|180|23,D:\Running_Place\PostGraduateProjects\Experiments\PostGraduate\backbones\DisperssionWithSADG_ConstraintStyleRegularization\Seg-SADG\BaryRadGate\a0p08\rho0p5\gb8\sadg0p05\nocons\shot3\Seed0\baseline_model_with_metadata.pt,D:\Running_Place\PostGraduateProjects\Experiments\PostGraduate\backbones\Prompts\Seg-SADG\BaryRadGate\a0p08\rho0p5\gb8\sadg0p05\nocons\shot3\Seed0,D:\Running_Place\PostGraduateProjects\Experiments\PostGraduate\backbones\Prompts\Seg-SADG\BaryRadGate\a0p08\rho0p5\gb8\sadg0p05\nocons\shot3\Seed0\source_multilayer_prototypes.pt,0.25,gamma0p25,dec1,1,vertebrae,1,8,16,115259,50000,7731,1,0.9916446805000305,9,34
3,0,SIEMENS_SymphonyTim_37743_T1-TSE,179|180|23,D:\Running_Place\PostGraduateProjects\Experiments\PostGraduate\backbones\DisperssionWithSADG_ConstraintStyleRegularization\Seg-SADG\BaryRadGate\a0p08\rho0p5\gb8\sadg0p05\nocons\shot3\Seed0\baseline_model_with_metadata.pt,D:\Running_Place\PostGraduateProjects\Experiments\PostGraduate\backbones\Prompts\Seg-SADG\BaryRadGate\a0p08\rho0p5\gb8\sadg0p05\nocons\shot3\Seed0,D:\Running_Place\PostGraduateProjects\Experiments\PostGraduate\backbones\Prompts\Seg-SADG\BaryRadGate\a0p08\rho0p5\gb8\sadg0p05\nocons\shot3\Seed0\source_multilayer_prototypes.pt,0.25,gamma0p25,dec1,1,vertebrae,2,8,16,115259,50000,33537,1,0.9980812668800354,9,34
3,0,SIEMENS_SymphonyTim_37743_T1-TSE,179|180|23,D:\Running_Place\PostGraduateProjects\Experiments\PostGraduate\backbones\DisperssionWithSADG_ConstraintStyleRegularization\Seg-SADG\BaryRadGate\a0p08\rho0p5\gb8\sadg0p05\nocons\shot3\Seed0\baseline_model_with_metadata.pt,D:\Running_Place\PostGraduateProjects\Experiments\PostGraduate\backbones\Prompts\Seg-SADG\BaryRadGate\a0p08\rho0p5\gb8\sadg0p05\nocons\shot3\Seed0,D:\Running_Place\PostGraduateProjects\Experiments\PostGraduate\backbones\Prompts\Seg-SADG\BaryRadGate\a0p08\rho0p5\gb8\sadg0p05\nocons\shot3\Seed0\source_multilayer_prototypes.pt,0.25,gamma0p25,dec1,1,vertebrae,3,8,16,115259,50000,1294,1,0.9258103966712952,9,34
3,0,SIEMENS_SymphonyTim_37743_T1-TSE,179|180|23,D:\Running_Place\PostGraduateProjects\Experiments\PostGraduate\backbones\DisperssionWithSADG_ConstraintStyleRegularization\Seg-SADG\BaryRadGate\a0p08\rho0p5\gb8\sadg0p05\nocons\shot3\Seed0\baseline_model_with_metadata.pt,D:\Running_Place\PostGraduateProjects\Experiments\PostGraduate\backbones\Prompts\Seg-SADG\BaryRadGate\a0p08\rho0p5\gb8\sadg0p05\nocons\shot3\Seed0,D:\Running_Place\PostGraduateProjects\Experiments\PostGraduate\backbones\Prompts\Seg-SADG\BaryRadGate\a0p08\rho0p5\gb8\sadg0p05\nocons\shot3\Seed0\source_multilayer_prototypes.pt,0.25,gamma0p25,dec1,1,vertebrae,4,8,16,115259,50000,654,1,0.9179800748825073,9,34
3,0,SIEMENS_SymphonyTim_37743_T1-TSE,179|180|23,D:\Running_Place\PostGraduateProjects\Experiments\PostGraduate\backbones\DisperssionWithSADG_ConstraintStyleRegularization\Seg-SADG\BaryRadGate\a0p08\rho0p5\gb8\sadg0p05\nocons\shot3\Seed0\baseline_model_with_metadata.pt,D:\Running_Place\PostGraduateProjects\Experiments\PostGraduate\backbones\Prompts\Seg-SADG\BaryRadGate\a0p08\rho0p5\gb8\sadg0p05\nocons\shot3\Seed0,D:\Running_Place\PostGraduateProjects\Experiments\PostGraduate\backbones\Prompts\Seg-SADG\BaryRadGate\a0p08\rho0p5\gb8\sadg0p05\nocons\shot3\Seed0\source_multilayer_prototypes.pt,0.25,gamma0p25,dec1,1,vertebrae,5,8,16,115259,50000,2062,1,0.980982780456543,9,34
3,0,SIEMENS_SymphonyTim_37743_T1-TSE,179|180|23,D:\Running_Place\PostGraduateProjects\Experiments\PostGraduate\backbones\DisperssionWithSADG_ConstraintStyleRegularization\Seg-SADG\BaryRadGate\a0p08\rho0p5\gb8\sadg0p05\nocons\shot3\Seed0\baseline_model_with_metadata.pt,D:\Running_Place\PostGraduateProjects\Experiments\PostGraduate\backbones\Prompts\Seg-SADG\BaryRadGate\a0p08\rho0p5\gb8\sadg0p05\nocons\shot3\Seed0,D:\Running_Place\PostGraduateProjects\Experiments\PostGraduate\backbones\Prompts\Seg-SADG\BaryRadGate\a0p08\rho0p5\gb8\sadg0p05\nocons\shot3\Seed0\source_multilayer_prototypes.pt,0.25,gamma0p25,dec1,1,vertebrae,6,8,16,115259,50000,1604,1,0.9733998775482178,9,34
3,0,SIEMENS_SymphonyTim_37743_T1-TSE,179|180|23,D:\Running_Place\PostGraduateProjects\Experiments\PostGraduate\backbones\DisperssionWithSADG_ConstraintStyleRegularization\Seg-SADG\BaryRadGate\a0p08\rho0p5\gb8\sadg0p05\nocons\shot3\Seed0\baseline_model_with_metadata.pt,D:\Running_Place\PostGraduateProjects\Experiments\PostGraduate\backbones\Prompts\Seg-SADG\BaryRadGate\a0p08\rho0p5\gb8\sadg0p05\nocons\shot3\Seed0,D:\Running_Place\PostGraduateProjects\Experiments\PostGraduate\backbones\Prompts\Seg-SADG\BaryRadGate\a0p08\rho0p5\gb8\sadg0p05\nocons\shot3\Seed0\source_multilayer_prototypes.pt,0.25,gamma0p25,dec1,1,vertebrae,7,8,16,115259,50000,2337,1,0.9814318418502808,9,34
3,0,SIEMENS_SymphonyTim_37743_T1-TSE,179|180|23,D:\Running_Place\PostGraduateProjects\Experiments\PostGraduate\backbones\DisperssionWithSADG_ConstraintStyleRegularization\Seg-SADG\BaryRadGate\a0p08\rho0p5\gb8\sadg0p05\nocons\shot3\Seed0\baseline_model_with_metadata.pt,D:\Running_Place\PostGraduateProjects\Experiments\PostGraduate\backbones\Prompts\Seg-SADG\BaryRadGate\a0p08\rho0p5\gb8\sadg0p05\nocons\shot3\Seed0,D:\Running_Place\PostGraduateProjects\Experiments\PostGraduate\backbones\Prompts\Seg-SADG\BaryRadGate\a0p08\rho0p5\gb8\sadg0p05\nocons\shot3\Seed0\source_multilayer_prototypes.pt,0.25,gamma0p25,dec1,2,intervertebral_discs,0,4,16,20768,20768,10892,1,0.9887979626655579,9,34
3,0,SIEMENS_SymphonyTim_37743_T1-TSE,179|180|23,D:\Running_Place\PostGraduateProjects\Experiments\PostGraduate\backbones\DisperssionWithSADG_ConstraintStyleRegularization\Seg-SADG\BaryRadGate\a0p08\rho0p5\gb8\sadg0p05\nocons\shot3\Seed0\baseline_model_with_metadata.pt,D:\Running_Place\PostGraduateProjects\Experiments\PostGraduate\backbones\Prompts\Seg-SADG\BaryRadGate\a0p08\rho0p5\gb8\sadg0p05\nocons\shot3\Seed0,D:\Running_Place\PostGraduateProjects\Experiments\PostGraduate\backbones\Prompts\Seg-SADG\BaryRadGate\a0p08\rho0p5\gb8\sadg0p05\nocons\shot3\Seed0\source_multilayer_prototypes.pt,0.25,gamma0p25,dec1,2,intervertebral_discs,1,4,16,20768,20768,392,1,0.8220399618148804,9,34
3,0,SIEMENS_SymphonyTim_37743_T1-TSE,179|180|23,D:\Running_Place\PostGraduateProjects\Experiments\PostGraduate\backbones\DisperssionWithSADG_ConstraintStyleRegularization\Seg-SADG\BaryRadGate\a0p08\rho0p5\gb8\sadg0p05\nocons\shot3\Seed0\baseline_model_with_metadata.pt,D:\Running_Place\PostGraduateProjects\Experiments\PostGraduate\backbones\Prompts\Seg-SADG\BaryRadGate\a0p08\rho0p5\gb8\sadg0p05\nocons\shot3\Seed0,D:\Running_Place\PostGraduateProjects\Experiments\PostGraduate\backbones\Prompts\Seg-SADG\BaryRadGate\a0p08\rho0p5\gb8\sadg0p05\nocons\shot3\Seed0\source_multilayer_prototypes.pt,0.25,gamma0p25,dec1,2,intervertebral_discs,2,4,16,20768,20768,216,1,0.8641098141670227,9,34
3,0,SIEMENS_SymphonyTim_37743_T1-TSE,179|180|23,D:\Running_Place\PostGraduateProjects\Experiments\PostGraduate\backbones\DisperssionWithSADG_ConstraintStyleRegularization\Seg-SADG\BaryRadGate\a0p08\rho0p5\gb8\sadg0p05\nocons\shot3\Seed0\baseline_model_with_metadata.pt,D:\Running_Place\PostGraduateProjects\Experiments\PostGraduate\backbones\Prompts\Seg-SADG\BaryRadGate\a0p08\rho0p5\gb8\sadg0p05\nocons\shot3\Seed0,D:\Running_Place\PostGraduateProjects\Experiments\PostGraduate\backbones\Prompts\Seg-SADG\BaryRadGate\a0p08\rho0p5\gb8\sadg0p05\nocons\shot3\Seed0\source_multilayer_prototypes.pt,0.25,gamma0p25,dec1,2,intervertebral_discs,3,4,16,20768,20768,9268,1,0.99485182762146,9,34
3,0,SIEMENS_SymphonyTim_37743_T1-TSE,179|180|23,D:\Running_Place\PostGraduateProjects\Experiments\PostGraduate\backbones\DisperssionWithSADG_ConstraintStyleRegularization\Seg-SADG\BaryRadGate\a0p08\rho0p5\gb8\sadg0p05\nocons\shot3\Seed0\baseline_model_with_metadata.pt,D:\Running_Place\PostGraduateProjects\Experiments\PostGraduate\backbones\Prompts\Seg-SADG\BaryRadGate\a0p08\rho0p5\gb8\sadg0p05\nocons\shot3\Seed0,D:\Running_Place\PostGraduateProjects\Experiments\PostGraduate\backbones\Prompts\Seg-SADG\BaryRadGate\a0p08\rho0p5\gb8\sadg0p05\nocons\shot3\Seed0\source_multilayer_prototypes.pt,0.25,gamma0p25,dec1_head,0,background,0,8,16,1569957,50000,6646,1,0.9923973083496094,9,34
3,0,SIEMENS_SymphonyTim_37743_T1-TSE,179|180|23,D:\Running_Place\PostGraduateProjects\Experiments\PostGraduate\backbones\DisperssionWithSADG_ConstraintStyleRegularization\Seg-SADG\BaryRadGate\a0p08\rho0p5\gb8\sadg0p05\nocons\shot3\Seed0\baseline_model_with_metadata.pt,D:\Running_Place\PostGraduateProjects\Experiments\PostGraduate\backbones\Prompts\Seg-SADG\BaryRadGate\a0p08\rho0p5\gb8\sadg0p05\nocons\shot3\Seed0,D:\Running_Place\PostGraduateProjects\Experiments\PostGraduate\backbones\Prompts\Seg-SADG\BaryRadGate\a0p08\rho0p5\gb8\sadg0p05\nocons\shot3\Seed0\source_multilayer_prototypes.pt,0.25,gamma0p25,dec1_head,0,background,1,8,16,1569957,50000,8093,1,0.9930309057235718,9,34
3,0,SIEMENS_SymphonyTim_37743_T1-TSE,179|180|23,D:\Running_Place\PostGraduateProjects\Experiments\PostGraduate\backbones\DisperssionWithSADG_ConstraintStyleRegularization\Seg-SADG\BaryRadGate\a0p08\rho0p5\gb8\sadg0p05\nocons\shot3\Seed0\baseline_model_with_metadata.pt,D:\Running_Place\PostGraduateProjects\Experiments\PostGraduate\backbones\Prompts\Seg-SADG\BaryRadGate\a0p08\rho0p5\gb8\sadg0p05\nocons\shot3\Seed0,D:\Running_Place\PostGraduateProjects\Experiments\PostGraduate\backbones\Prompts\Seg-SADG\BaryRadGate\a0p08\rho0p5\gb8\sadg0p05\nocons\shot3\Seed0\source_multilayer_prototypes.pt,0.25,gamma0p25,dec1_head,0,background,2,8,16,1569957,50000,4407,1,0.9868400692939758,9,34
3,0,SIEMENS_SymphonyTim_37743_T1-TSE,179|180|23,D:\Running_Place\PostGraduateProjects\Experiments\PostGraduate\backbones\DisperssionWithSADG_ConstraintStyleRegularization\Seg-SADG\BaryRadGate\a0p08\rho0p5\gb8\sadg0p05\nocons\shot3\Seed0\baseline_model_with_metadata.pt,D:\Running_Place\PostGraduateProjects\Experiments\PostGraduate\backbones\Prompts\Seg-SADG\BaryRadGate\a0p08\rho0p5\gb8\sadg0p05\nocons\shot3\Seed0,D:\Running_Place\PostGraduateProjects\Experiments\PostGraduate\backbones\Prompts\Seg-SADG\BaryRadGate\a0p08\rho0p5\gb8\sadg0p05\nocons\shot3\Seed0\source_multilayer_prototypes.pt,0.25,gamma0p25,dec1_head,0,background,3,8,16,1569957,50000,18651,1,0.9972488284111023,9,34
3,0,SIEMENS_SymphonyTim_37743_T1-TSE,179|180|23,D:\Running_Place\PostGraduateProjects\Experiments\PostGraduate\backbones\DisperssionWithSADG_ConstraintStyleRegularization\Seg-SADG\BaryRadGate\a0p08\rho0p5\gb8\sadg0p05\nocons\shot3\Seed0\baseline_model_with_metadata.pt,D:\Running_Place\PostGraduateProjects\Experiments\PostGraduate\backbones\Prompts\Seg-SADG\BaryRadGate\a0p08\rho0p5\gb8\sadg0p05\nocons\shot3\Seed0,D:\Running_Place\PostGraduateProjects\Experiments\PostGraduate\backbones\Prompts\Seg-SADG\BaryRadGate\a0p08\rho0p5\gb8\sadg0p05\nocons\shot3\Seed0\source_multilayer_prototypes.pt,0.25,gamma0p25,dec1_head,0,background,4,8,16,1569957,50000,903,1,0.9456970691680908,9,34
3,0,SIEMENS_SymphonyTim_37743_T1-TSE,179|180|23,D:\Running_Place\PostGraduateProjects\Experiments\PostGraduate\backbones\DisperssionWithSADG_ConstraintStyleRegularization\Seg-SADG\BaryRadGate\a0p08\rho0p5\gb8\sadg0p05\nocons\shot3\Seed0\baseline_model_with_metadata.pt,D:\Running_Place\PostGraduateProjects\Experiments\PostGraduate\backbones\Prompts\Seg-SADG\BaryRadGate\a0p08\rho0p5\gb8\sadg0p05\nocons\shot3\Seed0,D:\Running_Place\PostGraduateProjects\Experiments\PostGraduate\backbones\Prompts\Seg-SADG\BaryRadGate\a0p08\rho0p5\gb8\sadg0p05\nocons\shot3\Seed0\source_multilayer_prototypes.pt,0.25,gamma0p25,dec1_head,0,background,5,8,16,1569957,50000,295,1,0.8684474229812622,9,34
3,0,SIEMENS_SymphonyTim_37743_T1-TSE,179|180|23,D:\Running_Place\PostGraduateProjects\Experiments\PostGraduate\backbones\DisperssionWithSADG_ConstraintStyleRegularization\Seg-SADG\BaryRadGate\a0p08\rho0p5\gb8\sadg0p05\nocons\shot3\Seed0\baseline_model_with_metadata.pt,D:\Running_Place\PostGraduateProjects\Experiments\PostGraduate\backbones\Prompts\Seg-SADG\BaryRadGate\a0p08\rho0p5\gb8\sadg0p05\nocons\shot3\Seed0,D:\Running_Place\PostGraduateProjects\Experiments\PostGraduate\backbones\Prompts\Seg-SADG\BaryRadGate\a0p08\rho0p5\gb8\sadg0p05\nocons\shot3\Seed0\source_multilayer_prototypes.pt,0.25,gamma0p25,dec1_head,0,background,6,8,16,1569957,50000,565,1,0.8248201012611389,9,34
3,0,SIEMENS_SymphonyTim_37743_T1-TSE,179|180|23,D:\Running_Place\PostGraduateProjects\Experiments\PostGraduate\backbones\DisperssionWithSADG_ConstraintStyleRegularization\Seg-SADG\BaryRadGate\a0p08\rho0p5\gb8\sadg0p05\nocons\shot3\Seed0\baseline_model_with_metadata.pt,D:\Running_Place\PostGraduateProjects\Experiments\PostGraduate\backbones\Prompts\Seg-SADG\BaryRadGate\a0p08\rho0p5\gb8\sadg0p05\nocons\shot3\Seed0,D:\Running_Place\PostGraduateProjects\Experiments\PostGraduate\backbones\Prompts\Seg-SADG\BaryRadGate\a0p08\rho0p5\gb8\sadg0p05\nocons\shot3\Seed0\source_multilayer_prototypes.pt,0.25,gamma0p25,dec1_head,0,background,7,8,16,1569957,50000,10440,1,0.9950903058052063,9,34
3,0,SIEMENS_SymphonyTim_37743_T1-TSE,179|180|23,D:\Running_Place\PostGraduateProjects\Experiments\PostGraduate\backbones\DisperssionWithSADG_ConstraintStyleRegularization\Seg-SADG\BaryRadGate\a0p08\rho0p5\gb8\sadg0p05\nocons\shot3\Seed0\baseline_model_with_metadata.pt,D:\Running_Place\PostGraduateProjects\Experiments\PostGraduate\backbones\Prompts\Seg-SADG\BaryRadGate\a0p08\rho0p5\gb8\sadg0p05\nocons\shot3\Seed0,D:\Running_Place\PostGraduateProjects\Experiments\PostGraduate\backbones\Prompts\Seg-SADG\BaryRadGate\a0p08\rho0p5\gb8\sadg0p05\nocons\shot3\Seed0\source_multilayer_prototypes.pt,0.25,gamma0p25,dec1_head,1,vertebrae,0,8,16,115259,50000,14069,1,0.9966995716094971,9,34
3,0,SIEMENS_SymphonyTim_37743_T1-TSE,179|180|23,D:\Running_Place\PostGraduateProjects\Experiments\PostGraduate\backbones\DisperssionWithSADG_ConstraintStyleRegularization\Seg-SADG\BaryRadGate\a0p08\rho0p5\gb8\sadg0p05\nocons\shot3\Seed0\baseline_model_with_metadata.pt,D:\Running_Place\PostGraduateProjects\Experiments\PostGraduate\backbones\Prompts\Seg-SADG\BaryRadGate\a0p08\rho0p5\gb8\sadg0p05\nocons\shot3\Seed0,D:\Running_Place\PostGraduateProjects\Experiments\PostGraduate\backbones\Prompts\Seg-SADG\BaryRadGate\a0p08\rho0p5\gb8\sadg0p05\nocons\shot3\Seed0\source_multilayer_prototypes.pt,0.25,gamma0p25,dec1_head,1,vertebrae,1,8,16,115259,50000,2119,1,0.9635615348815918,9,34
3,0,SIEMENS_SymphonyTim_37743_T1-TSE,179|180|23,D:\Running_Place\PostGraduateProjects\Experiments\PostGraduate\backbones\DisperssionWithSADG_ConstraintStyleRegularization\Seg-SADG\BaryRadGate\a0p08\rho0p5\gb8\sadg0p05\nocons\shot3\Seed0\baseline_model_with_metadata.pt,D:\Running_Place\PostGraduateProjects\Experiments\PostGraduate\backbones\Prompts\Seg-SADG\BaryRadGate\a0p08\rho0p5\gb8\sadg0p05\nocons\shot3\Seed0,D:\Running_Place\PostGraduateProjects\Experiments\PostGraduate\backbones\Prompts\Seg-SADG\BaryRadGate\a0p08\rho0p5\gb8\sadg0p05\nocons\shot3\Seed0\source_multilayer_prototypes.pt,0.25,gamma0p25,dec1_head,1,vertebrae,2,8,16,115259,50000,5843,1,0.9878026843070984,9,34
3,0,SIEMENS_SymphonyTim_37743_T1-TSE,179|180|23,D:\Running_Place\PostGraduateProjects\Experiments\PostGraduate\backbones\DisperssionWithSADG_ConstraintStyleRegularization\Seg-SADG\BaryRadGate\a0p08\rho0p5\gb8\sadg0p05\nocons\shot3\Seed0\baseline_model_with_metadata.pt,D:\Running_Place\PostGraduateProjects\Experiments\PostGraduate\backbones\Prompts\Seg-SADG\BaryRadGate\a0p08\rho0p5\gb8\sadg0p05\nocons\shot3\Seed0,D:\Running_Place\PostGraduateProjects\Experiments\PostGraduate\backbones\Prompts\Seg-SADG\BaryRadGate\a0p08\rho0p5\gb8\sadg0p05\nocons\shot3\Seed0\source_multilayer_prototypes.pt,0.25,gamma0p25,dec1_head,1,vertebrae,3,8,16,115259,50000,583,1,0.9309570789337158,9,34
3,0,SIEMENS_SymphonyTim_37743_T1-TSE,179|180|23,D:\Running_Place\PostGraduateProjects\Experiments\PostGraduate\backbones\DisperssionWithSADG_ConstraintStyleRegularization\Seg-SADG\BaryRadGate\a0p08\rho0p5\gb8\sadg0p05\nocons\shot3\Seed0\baseline_model_with_metadata.pt,D:\Running_Place\PostGraduateProjects\Experiments\PostGraduate\backbones\Prompts\Seg-SADG\BaryRadGate\a0p08\rho0p5\gb8\sadg0p05\nocons\shot3\Seed0,D:\Running_Place\PostGraduateProjects\Experiments\PostGraduate\backbones\Prompts\Seg-SADG\BaryRadGate\a0p08\rho0p5\gb8\sadg0p05\nocons\shot3\Seed0\source_multilayer_prototypes.pt,0.25,gamma0p25,dec1_head,1,vertebrae,4,8,16,115259,50000,835,1,0.92148756980896,9,34
3,0,SIEMENS_SymphonyTim_37743_T1-TSE,179|180|23,D:\Running_Place\PostGraduateProjects\Experiments\PostGraduate\backbones\DisperssionWithSADG_ConstraintStyleRegularization\Seg-SADG\BaryRadGate\a0p08\rho0p5\gb8\sadg0p05\nocons\shot3\Seed0\baseline_model_with_metadata.pt,D:\Running_Place\PostGraduateProjects\Experiments\PostGraduate\backbones\Prompts\Seg-SADG\BaryRadGate\a0p08\rho0p5\gb8\sadg0p05\nocons\shot3\Seed0,D:\Running_Place\PostGraduateProjects\Experiments\PostGraduate\backbones\Prompts\Seg-SADG\BaryRadGate\a0p08\rho0p5\gb8\sadg0p05\nocons\shot3\Seed0\source_multilayer_prototypes.pt,0.25,gamma0p25,dec1_head,1,vertebrae,5,8,16,115259,50000,23714,1,0.9988300800323486,9,34
3,0,SIEMENS_SymphonyTim_37743_T1-TSE,179|180|23,D:\Running_Place\PostGraduateProjects\Experiments\PostGraduate\backbones\DisperssionWithSADG_ConstraintStyleRegularization\Seg-SADG\BaryRadGate\a0p08\rho0p5\gb8\sadg0p05\nocons\shot3\Seed0\baseline_model_with_metadata.pt,D:\Running_Place\PostGraduateProjects\Experiments\PostGraduate\backbones\Prompts\Seg-SADG\BaryRadGate\a0p08\rho0p5\gb8\sadg0p05\nocons\shot3\Seed0,D:\Running_Place\PostGraduateProjects\Experiments\PostGraduate\backbones\Prompts\Seg-SADG\BaryRadGate\a0p08\rho0p5\gb8\sadg0p05\nocons\shot3\Seed0\source_multilayer_prototypes.pt,0.25,gamma0p25,dec1_head,1,vertebrae,6,8,16,115259,50000,1589,1,0.9747188687324524,9,34
3,0,SIEMENS_SymphonyTim_37743_T1-TSE,179|180|23,D:\Running_Place\PostGraduateProjects\Experiments\PostGraduate\backbones\DisperssionWithSADG_ConstraintStyleRegularization\Seg-SADG\BaryRadGate\a0p08\rho0p5\gb8\sadg0p05\nocons\shot3\Seed0\baseline_model_with_metadata.pt,D:\Running_Place\PostGraduateProjects\Experiments\PostGraduate\backbones\Prompts\Seg-SADG\BaryRadGate\a0p08\rho0p5\gb8\sadg0p05\nocons\shot3\Seed0,D:\Running_Place\PostGraduateProjects\Experiments\PostGraduate\backbones\Prompts\Seg-SADG\BaryRadGate\a0p08\rho0p5\gb8\sadg0p05\nocons\shot3\Seed0\source_multilayer_prototypes.pt,0.25,gamma0p25,dec1_head,1,vertebrae,7,8,16,115259,50000,1248,1,0.9507506489753723,9,34
3,0,SIEMENS_SymphonyTim_37743_T1-TSE,179|180|23,D:\Running_Place\PostGraduateProjects\Experiments\PostGraduate\backbones\DisperssionWithSADG_ConstraintStyleRegularization\Seg-SADG\BaryRadGate\a0p08\rho0p5\gb8\sadg0p05\nocons\shot3\Seed0\baseline_model_with_metadata.pt,D:\Running_Place\PostGraduateProjects\Experiments\PostGraduate\backbones\Prompts\Seg-SADG\BaryRadGate\a0p08\rho0p5\gb8\sadg0p05\nocons\shot3\Seed0,D:\Running_Place\PostGraduateProjects\Experiments\PostGraduate\backbones\Prompts\Seg-SADG\BaryRadGate\a0p08\rho0p5\gb8\sadg0p05\nocons\shot3\Seed0\source_multilayer_prototypes.pt,0.25,gamma0p25,dec1_head,2,intervertebral_discs,0,4,16,20768,20768,11094,1,0.9883387088775635,9,34
3,0,SIEMENS_SymphonyTim_37743_T1-TSE,179|180|23,D:\Running_Place\PostGraduateProjects\Experiments\PostGraduate\backbones\DisperssionWithSADG_ConstraintStyleRegularization\Seg-SADG\BaryRadGate\a0p08\rho0p5\gb8\sadg0p05\nocons\shot3\Seed0\baseline_model_with_metadata.pt,D:\Running_Place\PostGraduateProjects\Experiments\PostGraduate\backbones\Prompts\Seg-SADG\BaryRadGate\a0p08\rho0p5\gb8\sadg0p05\nocons\shot3\Seed0,D:\Running_Place\PostGraduateProjects\Experiments\PostGraduate\backbones\Prompts\Seg-SADG\BaryRadGate\a0p08\rho0p5\gb8\sadg0p05\nocons\shot3\Seed0\source_multilayer_prototypes.pt,0.25,gamma0p25,dec1_head,2,intervertebral_discs,1,4,16,20768,20768,9067,1,0.9954960942268372,9,34
3,0,SIEMENS_SymphonyTim_37743_T1-TSE,179|180|23,D:\Running_Place\PostGraduateProjects\Experiments\PostGraduate\backbones\DisperssionWithSADG_ConstraintStyleRegularization\Seg-SADG\BaryRadGate\a0p08\rho0p5\gb8\sadg0p05\nocons\shot3\Seed0\baseline_model_with_metadata.pt,D:\Running_Place\PostGraduateProjects\Experiments\PostGraduate\backbones\Prompts\Seg-SADG\BaryRadGate\a0p08\rho0p5\gb8\sadg0p05\nocons\shot3\Seed0,D:\Running_Place\PostGraduateProjects\Experiments\PostGraduate\backbones\Prompts\Seg-SADG\BaryRadGate\a0p08\rho0p5\gb8\sadg0p05\nocons\shot3\Seed0\source_multilayer_prototypes.pt,0.25,gamma0p25,dec1_head,2,intervertebral_discs,2,4,16,20768,20768,394,1,0.8260588645935059,9,34
3,0,SIEMENS_SymphonyTim_37743_T1-TSE,179|180|23,D:\Running_Place\PostGraduateProjects\Experiments\PostGraduate\backbones\DisperssionWithSADG_ConstraintStyleRegularization\Seg-SADG\BaryRadGate\a0p08\rho0p5\gb8\sadg0p05\nocons\shot3\Seed0\baseline_model_with_metadata.pt,D:\Running_Place\PostGraduateProjects\Experiments\PostGraduate\backbones\Prompts\Seg-SADG\BaryRadGate\a0p08\rho0p5\gb8\sadg0p05\nocons\shot3\Seed0,D:\Running_Place\PostGraduateProjects\Experiments\PostGraduate\backbones\Prompts\Seg-SADG\BaryRadGate\a0p08\rho0p5\gb8\sadg0p05\nocons\shot3\Seed0\source_multilayer_prototypes.pt,0.25,gamma0p25,dec1_head,2,intervertebral_discs,3,4,16,20768,20768,213,1,0.8686860203742981,9,34
3,0,SIEMENS_SymphonyTim_37743_T1-TSE,179|180|23,D:\Running_Place\PostGraduateProjects\Experiments\PostGraduate\backbones\DisperssionWithSADG_ConstraintStyleRegularization\Seg-SADG\BaryRadGate\a0p08\rho0p5\gb8\sadg0p05\nocons\shot3\Seed0\baseline_model_with_metadata.pt,D:\Running_Place\PostGraduateProjects\Experiments\PostGraduate\backbones\Prompts\Seg-SADG\BaryRadGate\a0p08\rho0p5\gb8\sadg0p05\nocons\shot3\Seed0,D:\Running_Place\PostGraduateProjects\Experiments\PostGraduate\backbones\Prompts\Seg-SADG\BaryRadGate\a0p08\rho0p5\gb8\sadg0p05\nocons\shot3\Seed0\source_multilayer_prototypes.pt,0.5,gamma0p5,dec3,0,background,0,8,32,98176,50000,3262,1,0.767538845539093,9,34
3,0,SIEMENS_SymphonyTim_37743_T1-TSE,179|180|23,D:\Running_Place\PostGraduateProjects\Experiments\PostGraduate\backbones\DisperssionWithSADG_ConstraintStyleRegularization\Seg-SADG\BaryRadGate\a0p08\rho0p5\gb8\sadg0p05\nocons\shot3\Seed0\baseline_model_with_metadata.pt,D:\Running_Place\PostGraduateProjects\Experiments\PostGraduate\backbones\Prompts\Seg-SADG\BaryRadGate\a0p08\rho0p5\gb8\sadg0p05\nocons\shot3\Seed0,D:\Running_Place\PostGraduateProjects\Experiments\PostGraduate\backbones\Prompts\Seg-SADG\BaryRadGate\a0p08\rho0p5\gb8\sadg0p05\nocons\shot3\Seed0\source_multilayer_prototypes.pt,0.5,gamma0p5,dec3,0,background,1,8,32,98176,50000,11835,1,0.7184422016143799,9,34
3,0,SIEMENS_SymphonyTim_37743_T1-TSE,179|180|23,D:\Running_Place\PostGraduateProjects\Experiments\PostGraduate\backbones\DisperssionWithSADG_ConstraintStyleRegularization\Seg-SADG\BaryRadGate\a0p08\rho0p5\gb8\sadg0p05\nocons\shot3\Seed0\baseline_model_with_metadata.pt,D:\Running_Place\PostGraduateProjects\Experiments\PostGraduate\backbones\Prompts\Seg-SADG\BaryRadGate\a0p08\rho0p5\gb8\sadg0p05\nocons\shot3\Seed0,D:\Running_Place\PostGraduateProjects\Experiments\PostGraduate\backbones\Prompts\Seg-SADG\BaryRadGate\a0p08\rho0p5\gb8\sadg0p05\nocons\shot3\Seed0\source_multilayer_prototypes.pt,0.5,gamma0p5,dec3,0,background,2,8,32,98176,50000,10196,1,0.8484353423118591,9,34
3,0,SIEMENS_SymphonyTim_37743_T1-TSE,179|180|23,D:\Running_Place\PostGraduateProjects\Experiments\PostGraduate\backbones\DisperssionWithSADG_ConstraintStyleRegularization\Seg-SADG\BaryRadGate\a0p08\rho0p5\gb8\sadg0p05\nocons\shot3\Seed0\baseline_model_with_metadata.pt,D:\Running_Place\PostGraduateProjects\Experiments\PostGraduate\backbones\Prompts\Seg-SADG\BaryRadGate\a0p08\rho0p5\gb8\sadg0p05\nocons\shot3\Seed0,D:\Running_Place\PostGraduateProjects\Experiments\PostGraduate\backbones\Prompts\Seg-SADG\BaryRadGate\a0p08\rho0p5\gb8\sadg0p05\nocons\shot3\Seed0\source_multilayer_prototypes.pt,0.5,gamma0p5,dec3,0,background,3,8,32,98176,50000,5486,1,0.7126551270484924,9,34
3,0,SIEMENS_SymphonyTim_37743_T1-TSE,179|180|23,D:\Running_Place\PostGraduateProjects\Experiments\PostGraduate\backbones\DisperssionWithSADG_ConstraintStyleRegularization\Seg-SADG\BaryRadGate\a0p08\rho0p5\gb8\sadg0p05\nocons\shot3\Seed0\baseline_model_with_metadata.pt,D:\Running_Place\PostGraduateProjects\Experiments\PostGraduate\backbones\Prompts\Seg-SADG\BaryRadGate\a0p08\rho0p5\gb8\sadg0p05\nocons\shot3\Seed0,D:\Running_Place\PostGraduateProjects\Experiments\PostGraduate\backbones\Prompts\Seg-SADG\BaryRadGate\a0p08\rho0p5\gb8\sadg0p05\nocons\shot3\Seed0\source_multilayer_prototypes.pt,0.5,gamma0p5,dec3,0,background,4,8,32,98176,50000,2967,1,0.8423178791999817,9,34
3,0,SIEMENS_SymphonyTim_37743_T1-TSE,179|180|23,D:\Running_Place\PostGraduateProjects\Experiments\PostGraduate\backbones\DisperssionWithSADG_ConstraintStyleRegularization\Seg-SADG\BaryRadGate\a0p08\rho0p5\gb8\sadg0p05\nocons\shot3\Seed0\baseline_model_with_metadata.pt,D:\Running_Place\PostGraduateProjects\Experiments\PostGraduate\backbones\Prompts\Seg-SADG\BaryRadGate\a0p08\rho0p5\gb8\sadg0p05\nocons\shot3\Seed0,D:\Running_Place\PostGraduateProjects\Experiments\PostGraduate\backbones\Prompts\Seg-SADG\BaryRadGate\a0p08\rho0p5\gb8\sadg0p05\nocons\shot3\Seed0\source_multilayer_prototypes.pt,0.5,gamma0p5,dec3,0,background,5,8,32,98176,50000,7919,1,0.8648067712783813,9,34
3,0,SIEMENS_SymphonyTim_37743_T1-TSE,179|180|23,D:\Running_Place\PostGraduateProjects\Experiments\PostGraduate\backbones\DisperssionWithSADG_ConstraintStyleRegularization\Seg-SADG\BaryRadGate\a0p08\rho0p5\gb8\sadg0p05\nocons\shot3\Seed0\baseline_model_with_metadata.pt,D:\Running_Place\PostGraduateProjects\Experiments\PostGraduate\backbones\Prompts\Seg-SADG\BaryRadGate\a0p08\rho0p5\gb8\sadg0p05\nocons\shot3\Seed0,D:\Running_Place\PostGraduateProjects\Experiments\PostGraduate\backbones\Prompts\Seg-SADG\BaryRadGate\a0p08\rho0p5\gb8\sadg0p05\nocons\shot3\Seed0\source_multilayer_prototypes.pt,0.5,gamma0p5,dec3,0,background,6,8,32,98176,50000,4211,1,0.7442288994789124,9,34
3,0,SIEMENS_SymphonyTim_37743_T1-TSE,179|180|23,D:\Running_Place\PostGraduateProjects\Experiments\PostGraduate\backbones\DisperssionWithSADG_ConstraintStyleRegularization\Seg-SADG\BaryRadGate\a0p08\rho0p5\gb8\sadg0p05\nocons\shot3\Seed0\baseline_model_with_metadata.pt,D:\Running_Place\PostGraduateProjects\Experiments\PostGraduate\backbones\Prompts\Seg-SADG\BaryRadGate\a0p08\rho0p5\gb8\sadg0p05\nocons\shot3\Seed0,D:\Running_Place\PostGraduateProjects\Experiments\PostGraduate\backbones\Prompts\Seg-SADG\BaryRadGate\a0p08\rho0p5\gb8\sadg0p05\nocons\shot3\Seed0\source_multilayer_prototypes.pt,0.5,gamma0p5,dec3,0,background,7,8,32,98176,50000,4124,1,0.7123469114303589,9,34
3,0,SIEMENS_SymphonyTim_37743_T1-TSE,179|180|23,D:\Running_Place\PostGraduateProjects\Experiments\PostGraduate\backbones\DisperssionWithSADG_ConstraintStyleRegularization\Seg-SADG\BaryRadGate\a0p08\rho0p5\gb8\sadg0p05\nocons\shot3\Seed0\baseline_model_with_metadata.pt,D:\Running_Place\PostGraduateProjects\Experiments\PostGraduate\backbones\Prompts\Seg-SADG\BaryRadGate\a0p08\rho0p5\gb8\sadg0p05\nocons\shot3\Seed0,D:\Running_Place\PostGraduateProjects\Experiments\PostGraduate\backbones\Prompts\Seg-SADG\BaryRadGate\a0p08\rho0p5\gb8\sadg0p05\nocons\shot3\Seed0\source_multilayer_prototypes.pt,0.5,gamma0p5,dec3,1,vertebrae,0,8,32,7173,7173,533,1,0.8066433072090149,9,34
3,0,SIEMENS_SymphonyTim_37743_T1-TSE,179|180|23,D:\Running_Place\PostGraduateProjects\Experiments\PostGraduate\backbones\DisperssionWithSADG_ConstraintStyleRegularization\Seg-SADG\BaryRadGate\a0p08\rho0p5\gb8\sadg0p05\nocons\shot3\Seed0\baseline_model_with_metadata.pt,D:\Running_Place\PostGraduateProjects\Experiments\PostGraduate\backbones\Prompts\Seg-SADG\BaryRadGate\a0p08\rho0p5\gb8\sadg0p05\nocons\shot3\Seed0,D:\Running_Place\PostGraduateProjects\Experiments\PostGraduate\backbones\Prompts\Seg-SADG\BaryRadGate\a0p08\rho0p5\gb8\sadg0p05\nocons\shot3\Seed0\source_multilayer_prototypes.pt,0.5,gamma0p5,dec3,1,vertebrae,1,8,32,7173,7173,1115,1,0.912914514541626,9,34
3,0,SIEMENS_SymphonyTim_37743_T1-TSE,179|180|23,D:\Running_Place\PostGraduateProjects\Experiments\PostGraduate\backbones\DisperssionWithSADG_ConstraintStyleRegularization\Seg-SADG\BaryRadGate\a0p08\rho0p5\gb8\sadg0p05\nocons\shot3\Seed0\baseline_model_with_metadata.pt,D:\Running_Place\PostGraduateProjects\Experiments\PostGraduate\backbones\Prompts\Seg-SADG\BaryRadGate\a0p08\rho0p5\gb8\sadg0p05\nocons\shot3\Seed0,D:\Running_Place\PostGraduateProjects\Experiments\PostGraduate\backbones\Prompts\Seg-SADG\BaryRadGate\a0p08\rho0p5\gb8\sadg0p05\nocons\shot3\Seed0\source_multilayer_prototypes.pt,0.5,gamma0p5,dec3,1,vertebrae,2,8,32,7173,7173,623,1,0.8789441585540771,9,34
3,0,SIEMENS_SymphonyTim_37743_T1-TSE,179|180|23,D:\Running_Place\PostGraduateProjects\Experiments\PostGraduate\backbones\DisperssionWithSADG_ConstraintStyleRegularization\Seg-SADG\BaryRadGate\a0p08\rho0p5\gb8\sadg0p05\nocons\shot3\Seed0\baseline_model_with_metadata.pt,D:\Running_Place\PostGraduateProjects\Experiments\PostGraduate\backbones\Prompts\Seg-SADG\BaryRadGate\a0p08\rho0p5\gb8\sadg0p05\nocons\shot3\Seed0,D:\Running_Place\PostGraduateProjects\Experiments\PostGraduate\backbones\Prompts\Seg-SADG\BaryRadGate\a0p08\rho0p5\gb8\sadg0p05\nocons\shot3\Seed0\source_multilayer_prototypes.pt,0.5,gamma0p5,dec3,1,vertebrae,3,8,32,7173,7173,1163,1,0.8998121023178101,9,34
3,0,SIEMENS_SymphonyTim_37743_T1-TSE,179|180|23,D:\Running_Place\PostGraduateProjects\Experiments\PostGraduate\backbones\DisperssionWithSADG_ConstraintStyleRegularization\Seg-SADG\BaryRadGate\a0p08\rho0p5\gb8\sadg0p05\nocons\shot3\Seed0\baseline_model_with_metadata.pt,D:\Running_Place\PostGraduateProjects\Experiments\PostGraduate\backbones\Prompts\Seg-SADG\BaryRadGate\a0p08\rho0p5\gb8\sadg0p05\nocons\shot3\Seed0,D:\Running_Place\PostGraduateProjects\Experiments\PostGraduate\backbones\Prompts\Seg-SADG\BaryRadGate\a0p08\rho0p5\gb8\sadg0p05\nocons\shot3\Seed0\source_multilayer_prototypes.pt,0.5,gamma0p5,dec3,1,vertebrae,4,8,32,7173,7173,1337,1,0.934500515460968,9,34
3,0,SIEMENS_SymphonyTim_37743_T1-TSE,179|180|23,D:\Running_Place\PostGraduateProjects\Experiments\PostGraduate\backbones\DisperssionWithSADG_ConstraintStyleRegularization\Seg-SADG\BaryRadGate\a0p08\rho0p5\gb8\sadg0p05\nocons\shot3\Seed0\baseline_model_with_metadata.pt,D:\Running_Place\PostGraduateProjects\Experiments\PostGraduate\backbones\Prompts\Seg-SADG\BaryRadGate\a0p08\rho0p5\gb8\sadg0p05\nocons\shot3\Seed0,D:\Running_Place\PostGraduateProjects\Experiments\PostGraduate\backbones\Prompts\Seg-SADG\BaryRadGate\a0p08\rho0p5\gb8\sadg0p05\nocons\shot3\Seed0\source_multilayer_prototypes.pt,0.5,gamma0p5,dec3,1,vertebrae,5,8,32,7173,7173,565,1,0.8140552639961243,9,34
3,0,SIEMENS_SymphonyTim_37743_T1-TSE,179|180|23,D:\Running_Place\PostGraduateProjects\Experiments\PostGraduate\backbones\DisperssionWithSADG_ConstraintStyleRegularization\Seg-SADG\BaryRadGate\a0p08\rho0p5\gb8\sadg0p05\nocons\shot3\Seed0\baseline_model_with_metadata.pt,D:\Running_Place\PostGraduateProjects\Experiments\PostGraduate\backbones\Prompts\Seg-SADG\BaryRadGate\a0p08\rho0p5\gb8\sadg0p05\nocons\shot3\Seed0,D:\Running_Place\PostGraduateProjects\Experiments\PostGraduate\backbones\Prompts\Seg-SADG\BaryRadGate\a0p08\rho0p5\gb8\sadg0p05\nocons\shot3\Seed0\source_multilayer_prototypes.pt,0.5,gamma0p5,dec3,1,vertebrae,6,8,32,7173,7173,739,1,0.9164997339248657,9,34
3,0,SIEMENS_SymphonyTim_37743_T1-TSE,179|180|23,D:\Running_Place\PostGraduateProjects\Experiments\PostGraduate\backbones\DisperssionWithSADG_ConstraintStyleRegularization\Seg-SADG\BaryRadGate\a0p08\rho0p5\gb8\sadg0p05\nocons\shot3\Seed0\baseline_model_with_metadata.pt,D:\Running_Place\PostGraduateProjects\Experiments\PostGraduate\backbones\Prompts\Seg-SADG\BaryRadGate\a0p08\rho0p5\gb8\sadg0p05\nocons\shot3\Seed0,D:\Running_Place\PostGraduateProjects\Experiments\PostGraduate\backbones\Prompts\Seg-SADG\BaryRadGate\a0p08\rho0p5\gb8\sadg0p05\nocons\shot3\Seed0\source_multilayer_prototypes.pt,0.5,gamma0p5,dec3,1,vertebrae,7,8,32,7173,7173,1098,1,0.9245245456695557,9,34
3,0,SIEMENS_SymphonyTim_37743_T1-TSE,179|180|23,D:\Running_Place\PostGraduateProjects\Experiments\PostGraduate\backbones\DisperssionWithSADG_ConstraintStyleRegularization\Seg-SADG\BaryRadGate\a0p08\rho0p5\gb8\sadg0p05\nocons\shot3\Seed0\baseline_model_with_metadata.pt,D:\Running_Place\PostGraduateProjects\Experiments\PostGraduate\backbones\Prompts\Seg-SADG\BaryRadGate\a0p08\rho0p5\gb8\sadg0p05\nocons\shot3\Seed0,D:\Running_Place\PostGraduateProjects\Experiments\PostGraduate\backbones\Prompts\Seg-SADG\BaryRadGate\a0p08\rho0p5\gb8\sadg0p05\nocons\shot3\Seed0\source_multilayer_prototypes.pt,0.5,gamma0p5,dec3,2,intervertebral_discs,0,4,32,1275,1275,195,1,0.8374153971672058,9,34
3,0,SIEMENS_SymphonyTim_37743_T1-TSE,179|180|23,D:\Running_Place\PostGraduateProjects\Experiments\PostGraduate\backbones\DisperssionWithSADG_ConstraintStyleRegularization\Seg-SADG\BaryRadGate\a0p08\rho0p5\gb8\sadg0p05\nocons\shot3\Seed0\baseline_model_with_metadata.pt,D:\Running_Place\PostGraduateProjects\Experiments\PostGraduate\backbones\Prompts\Seg-SADG\BaryRadGate\a0p08\rho0p5\gb8\sadg0p05\nocons\shot3\Seed0,D:\Running_Place\PostGraduateProjects\Experiments\PostGraduate\backbones\Prompts\Seg-SADG\BaryRadGate\a0p08\rho0p5\gb8\sadg0p05\nocons\shot3\Seed0\source_multilayer_prototypes.pt,0.5,gamma0p5,dec3,2,intervertebral_discs,1,4,32,1275,1275,290,1,0.917066216468811,9,34
3,0,SIEMENS_SymphonyTim_37743_T1-TSE,179|180|23,D:\Running_Place\PostGraduateProjects\Experiments\PostGraduate\backbones\DisperssionWithSADG_ConstraintStyleRegularization\Seg-SADG\BaryRadGate\a0p08\rho0p5\gb8\sadg0p05\nocons\shot3\Seed0\baseline_model_with_metadata.pt,D:\Running_Place\PostGraduateProjects\Experiments\PostGraduate\backbones\Prompts\Seg-SADG\BaryRadGate\a0p08\rho0p5\gb8\sadg0p05\nocons\shot3\Seed0,D:\Running_Place\PostGraduateProjects\Experiments\PostGraduate\backbones\Prompts\Seg-SADG\BaryRadGate\a0p08\rho0p5\gb8\sadg0p05\nocons\shot3\Seed0\source_multilayer_prototypes.pt,0.5,gamma0p5,dec3,2,intervertebral_discs,2,4,32,1275,1275,581,1,0.9226135015487671,9,34
3,0,SIEMENS_SymphonyTim_37743_T1-TSE,179|180|23,D:\Running_Place\PostGraduateProjects\Experiments\PostGraduate\backbones\DisperssionWithSADG_ConstraintStyleRegularization\Seg-SADG\BaryRadGate\a0p08\rho0p5\gb8\sadg0p05\nocons\shot3\Seed0\baseline_model_with_metadata.pt,D:\Running_Place\PostGraduateProjects\Experiments\PostGraduate\backbones\Prompts\Seg-SADG\BaryRadGate\a0p08\rho0p5\gb8\sadg0p05\nocons\shot3\Seed0,D:\Running_Place\PostGraduateProjects\Experiments\PostGraduate\backbones\Prompts\Seg-SADG\BaryRadGate\a0p08\rho0p5\gb8\sadg0p05\nocons\shot3\Seed0\source_multilayer_prototypes.pt,0.5,gamma0p5,dec3,2,intervertebral_discs,3,4,32,1275,1275,209,1,0.8730651140213013,9,34
3,0,SIEMENS_SymphonyTim_37743_T1-TSE,179|180|23,D:\Running_Place\PostGraduateProjects\Experiments\PostGraduate\backbones\DisperssionWithSADG_ConstraintStyleRegularization\Seg-SADG\BaryRadGate\a0p08\rho0p5\gb8\sadg0p05\nocons\shot3\Seed0\baseline_model_with_metadata.pt,D:\Running_Place\PostGraduateProjects\Experiments\PostGraduate\backbones\Prompts\Seg-SADG\BaryRadGate\a0p08\rho0p5\gb8\sadg0p05\nocons\shot3\Seed0,D:\Running_Place\PostGraduateProjects\Experiments\PostGraduate\backbones\Prompts\Seg-SADG\BaryRadGate\a0p08\rho0p5\gb8\sadg0p05\nocons\shot3\Seed0\source_multilayer_prototypes.pt,0.5,gamma0p5,dec2,0,background,0,8,16,392564,50000,4001,1,0.8415895700454712,9,34
3,0,SIEMENS_SymphonyTim_37743_T1-TSE,179|180|23,D:\Running_Place\PostGraduateProjects\Experiments\PostGraduate\backbones\DisperssionWithSADG_ConstraintStyleRegularization\Seg-SADG\BaryRadGate\a0p08\rho0p5\gb8\sadg0p05\nocons\shot3\Seed0\baseline_model_with_metadata.pt,D:\Running_Place\PostGraduateProjects\Experiments\PostGraduate\backbones\Prompts\Seg-SADG\BaryRadGate\a0p08\rho0p5\gb8\sadg0p05\nocons\shot3\Seed0,D:\Running_Place\PostGraduateProjects\Experiments\PostGraduate\backbones\Prompts\Seg-SADG\BaryRadGate\a0p08\rho0p5\gb8\sadg0p05\nocons\shot3\Seed0\source_multilayer_prototypes.pt,0.5,gamma0p5,dec2,0,background,1,8,16,392564,50000,16310,1,0.9496851563453674,9,34
3,0,SIEMENS_SymphonyTim_37743_T1-TSE,179|180|23,D:\Running_Place\PostGraduateProjects\Experiments\PostGraduate\backbones\DisperssionWithSADG_ConstraintStyleRegularization\Seg-SADG\BaryRadGate\a0p08\rho0p5\gb8\sadg0p05\nocons\shot3\Seed0\baseline_model_with_metadata.pt,D:\Running_Place\PostGraduateProjects\Experiments\PostGraduate\backbones\Prompts\Seg-SADG\BaryRadGate\a0p08\rho0p5\gb8\sadg0p05\nocons\shot3\Seed0,D:\Running_Place\PostGraduateProjects\Experiments\PostGraduate\backbones\Prompts\Seg-SADG\BaryRadGate\a0p08\rho0p5\gb8\sadg0p05\nocons\shot3\Seed0\source_multilayer_prototypes.pt,0.5,gamma0p5,dec2,0,background,2,8,16,392564,50000,3633,1,0.8760371208190918,9,34
3,0,SIEMENS_SymphonyTim_37743_T1-TSE,179|180|23,D:\Running_Place\PostGraduateProjects\Experiments\PostGraduate\backbones\DisperssionWithSADG_ConstraintStyleRegularization\Seg-SADG\BaryRadGate\a0p08\rho0p5\gb8\sadg0p05\nocons\shot3\Seed0\baseline_model_with_metadata.pt,D:\Running_Place\PostGraduateProjects\Experiments\PostGraduate\backbones\Prompts\Seg-SADG\BaryRadGate\a0p08\rho0p5\gb8\sadg0p05\nocons\shot3\Seed0,D:\Running_Place\PostGraduateProjects\Experiments\PostGraduate\backbones\Prompts\Seg-SADG\BaryRadGate\a0p08\rho0p5\gb8\sadg0p05\nocons\shot3\Seed0\source_multilayer_prototypes.pt,0.5,gamma0p5,dec2,0,background,3,8,16,392564,50000,3318,1,0.5976412892341614,9,34
3,0,SIEMENS_SymphonyTim_37743_T1-TSE,179|180|23,D:\Running_Place\PostGraduateProjects\Experiments\PostGraduate\backbones\DisperssionWithSADG_ConstraintStyleRegularization\Seg-SADG\BaryRadGate\a0p08\rho0p5\gb8\sadg0p05\nocons\shot3\Seed0\baseline_model_with_metadata.pt,D:\Running_Place\PostGraduateProjects\Experiments\PostGraduate\backbones\Prompts\Seg-SADG\BaryRadGate\a0p08\rho0p5\gb8\sadg0p05\nocons\shot3\Seed0,D:\Running_Place\PostGraduateProjects\Experiments\PostGraduate\backbones\Prompts\Seg-SADG\BaryRadGate\a0p08\rho0p5\gb8\sadg0p05\nocons\shot3\Seed0\source_multilayer_prototypes.pt,0.5,gamma0p5,dec2,0,background,4,8,16,392564,50000,3430,1,0.8667271137237549,9,34
3,0,SIEMENS_SymphonyTim_37743_T1-TSE,179|180|23,D:\Running_Place\PostGraduateProjects\Experiments\PostGraduate\backbones\DisperssionWithSADG_ConstraintStyleRegularization\Seg-SADG\BaryRadGate\a0p08\rho0p5\gb8\sadg0p05\nocons\shot3\Seed0\baseline_model_with_metadata.pt,D:\Running_Place\PostGraduateProjects\Experiments\PostGraduate\backbones\Prompts\Seg-SADG\BaryRadGate\a0p08\rho0p5\gb8\sadg0p05\nocons\shot3\Seed0,D:\Running_Place\PostGraduateProjects\Experiments\PostGraduate\backbones\Prompts\Seg-SADG\BaryRadGate\a0p08\rho0p5\gb8\sadg0p05\nocons\shot3\Seed0\source_multilayer_prototypes.pt,0.5,gamma0p5,dec2,0,background,5,8,16,392564,50000,5143,1,0.88918536901474,9,34
3,0,SIEMENS_SymphonyTim_37743_T1-TSE,179|180|23,D:\Running_Place\PostGraduateProjects\Experiments\PostGraduate\backbones\DisperssionWithSADG_ConstraintStyleRegularization\Seg-SADG\BaryRadGate\a0p08\rho0p5\gb8\sadg0p05\nocons\shot3\Seed0\baseline_model_with_metadata.pt,D:\Running_Place\PostGraduateProjects\Experiments\PostGraduate\backbones\Prompts\Seg-SADG\BaryRadGate\a0p08\rho0p5\gb8\sadg0p05\nocons\shot3\Seed0,D:\Running_Place\PostGraduateProjects\Experiments\PostGraduate\backbones\Prompts\Seg-SADG\BaryRadGate\a0p08\rho0p5\gb8\sadg0p05\nocons\shot3\Seed0\source_multilayer_prototypes.pt,0.5,gamma0p5,dec2,0,background,6,8,16,392564,50000,9593,1,0.9141730070114136,9,34
3,0,SIEMENS_SymphonyTim_37743_T1-TSE,179|180|23,D:\Running_Place\PostGraduateProjects\Experiments\PostGraduate\backbones\DisperssionWithSADG_ConstraintStyleRegularization\Seg-SADG\BaryRadGate\a0p08\rho0p5\gb8\sadg0p05\nocons\shot3\Seed0\baseline_model_with_metadata.pt,D:\Running_Place\PostGraduateProjects\Experiments\PostGraduate\backbones\Prompts\Seg-SADG\BaryRadGate\a0p08\rho0p5\gb8\sadg0p05\nocons\shot3\Seed0,D:\Running_Place\PostGraduateProjects\Experiments\PostGraduate\backbones\Prompts\Seg-SADG\BaryRadGate\a0p08\rho0p5\gb8\sadg0p05\nocons\shot3\Seed0\source_multilayer_prototypes.pt,0.5,gamma0p5,dec2,0,background,7,8,16,392564,50000,4572,1,0.8682587146759033,9,34
3,0,SIEMENS_SymphonyTim_37743_T1-TSE,179|180|23,D:\Running_Place\PostGraduateProjects\Experiments\PostGraduate\backbones\DisperssionWithSADG_ConstraintStyleRegularization\Seg-SADG\BaryRadGate\a0p08\rho0p5\gb8\sadg0p05\nocons\shot3\Seed0\baseline_model_with_metadata.pt,D:\Running_Place\PostGraduateProjects\Experiments\PostGraduate\backbones\Prompts\Seg-SADG\BaryRadGate\a0p08\rho0p5\gb8\sadg0p05\nocons\shot3\Seed0,D:\Running_Place\PostGraduateProjects\Experiments\PostGraduate\backbones\Prompts\Seg-SADG\BaryRadGate\a0p08\rho0p5\gb8\sadg0p05\nocons\shot3\Seed0\source_multilayer_prototypes.pt,0.5,gamma0p5,dec2,1,vertebrae,0,8,16,28844,28844,12007,1,0.957158625125885,9,34
3,0,SIEMENS_SymphonyTim_37743_T1-TSE,179|180|23,D:\Running_Place\PostGraduateProjects\Experiments\PostGraduate\backbones\DisperssionWithSADG_ConstraintStyleRegularization\Seg-SADG\BaryRadGate\a0p08\rho0p5\gb8\sadg0p05\nocons\shot3\Seed0\baseline_model_with_metadata.pt,D:\Running_Place\PostGraduateProjects\Experiments\PostGraduate\backbones\Prompts\Seg-SADG\BaryRadGate\a0p08\rho0p5\gb8\sadg0p05\nocons\shot3\Seed0,D:\Running_Place\PostGraduateProjects\Experiments\PostGraduate\backbones\Prompts\Seg-SADG\BaryRadGate\a0p08\rho0p5\gb8\sadg0p05\nocons\shot3\Seed0\source_multilayer_prototypes.pt,0.5,gamma0p5,dec2,1,vertebrae,1,8,16,28844,28844,1357,1,0.8666201829910278,9,34
3,0,SIEMENS_SymphonyTim_37743_T1-TSE,179|180|23,D:\Running_Place\PostGraduateProjects\Experiments\PostGraduate\backbones\DisperssionWithSADG_ConstraintStyleRegularization\Seg-SADG\BaryRadGate\a0p08\rho0p5\gb8\sadg0p05\nocons\shot3\Seed0\baseline_model_with_metadata.pt,D:\Running_Place\PostGraduateProjects\Experiments\PostGraduate\backbones\Prompts\Seg-SADG\BaryRadGate\a0p08\rho0p5\gb8\sadg0p05\nocons\shot3\Seed0,D:\Running_Place\PostGraduateProjects\Experiments\PostGraduate\backbones\Prompts\Seg-SADG\BaryRadGate\a0p08\rho0p5\gb8\sadg0p05\nocons\shot3\Seed0\source_multilayer_prototypes.pt,0.5,gamma0p5,dec2,1,vertebrae,2,8,16,28844,28844,8741,1,0.963153064250946,9,34
3,0,SIEMENS_SymphonyTim_37743_T1-TSE,179|180|23,D:\Running_Place\PostGraduateProjects\Experiments\PostGraduate\backbones\DisperssionWithSADG_ConstraintStyleRegularization\Seg-SADG\BaryRadGate\a0p08\rho0p5\gb8\sadg0p05\nocons\shot3\Seed0\baseline_model_with_metadata.pt,D:\Running_Place\PostGraduateProjects\Experiments\PostGraduate\backbones\Prompts\Seg-SADG\BaryRadGate\a0p08\rho0p5\gb8\sadg0p05\nocons\shot3\Seed0,D:\Running_Place\PostGraduateProjects\Experiments\PostGraduate\backbones\Prompts\Seg-SADG\BaryRadGate\a0p08\rho0p5\gb8\sadg0p05\nocons\shot3\Seed0\source_multilayer_prototypes.pt,0.5,gamma0p5,dec2,1,vertebrae,3,8,16,28844,28844,1627,1,0.8714614510536194,9,34
3,0,SIEMENS_SymphonyTim_37743_T1-TSE,179|180|23,D:\Running_Place\PostGraduateProjects\Experiments\PostGraduate\backbones\DisperssionWithSADG_ConstraintStyleRegularization\Seg-SADG\BaryRadGate\a0p08\rho0p5\gb8\sadg0p05\nocons\shot3\Seed0\baseline_model_with_metadata.pt,D:\Running_Place\PostGraduateProjects\Experiments\PostGraduate\backbones\Prompts\Seg-SADG\BaryRadGate\a0p08\rho0p5\gb8\sadg0p05\nocons\shot3\Seed0,D:\Running_Place\PostGraduateProjects\Experiments\PostGraduate\backbones\Prompts\Seg-SADG\BaryRadGate\a0p08\rho0p5\gb8\sadg0p05\nocons\shot3\Seed0\source_multilayer_prototypes.pt,0.5,gamma0p5,dec2,1,vertebrae,4,8,16,28844,28844,926,1,0.8314827680587769,9,34
3,0,SIEMENS_SymphonyTim_37743_T1-TSE,179|180|23,D:\Running_Place\PostGraduateProjects\Experiments\PostGraduate\backbones\DisperssionWithSADG_ConstraintStyleRegularization\Seg-SADG\BaryRadGate\a0p08\rho0p5\gb8\sadg0p05\nocons\shot3\Seed0\baseline_model_with_metadata.pt,D:\Running_Place\PostGraduateProjects\Experiments\PostGraduate\backbones\Prompts\Seg-SADG\BaryRadGate\a0p08\rho0p5\gb8\sadg0p05\nocons\shot3\Seed0,D:\Running_Place\PostGraduateProjects\Experiments\PostGraduate\backbones\Prompts\Seg-SADG\BaryRadGate\a0p08\rho0p5\gb8\sadg0p05\nocons\shot3\Seed0\source_multilayer_prototypes.pt,0.5,gamma0p5,dec2,1,vertebrae,5,8,16,28844,28844,1469,1,0.8896692991256714,9,34
3,0,SIEMENS_SymphonyTim_37743_T1-TSE,179|180|23,D:\Running_Place\PostGraduateProjects\Experiments\PostGraduate\backbones\DisperssionWithSADG_ConstraintStyleRegularization\Seg-SADG\BaryRadGate\a0p08\rho0p5\gb8\sadg0p05\nocons\shot3\Seed0\baseline_model_with_metadata.pt,D:\Running_Place\PostGraduateProjects\Experiments\PostGraduate\backbones\Prompts\Seg-SADG\BaryRadGate\a0p08\rho0p5\gb8\sadg0p05\nocons\shot3\Seed0,D:\Running_Place\PostGraduateProjects\Experiments\PostGraduate\backbones\Prompts\Seg-SADG\BaryRadGate\a0p08\rho0p5\gb8\sadg0p05\nocons\shot3\Seed0\source_multilayer_prototypes.pt,0.5,gamma0p5,dec2,1,vertebrae,6,8,16,28844,28844,1290,1,0.8770923018455505,9,34
3,0,SIEMENS_SymphonyTim_37743_T1-TSE,179|180|23,D:\Running_Place\PostGraduateProjects\Experiments\PostGraduate\backbones\DisperssionWithSADG_ConstraintStyleRegularization\Seg-SADG\BaryRadGate\a0p08\rho0p5\gb8\sadg0p05\nocons\shot3\Seed0\baseline_model_with_metadata.pt,D:\Running_Place\PostGraduateProjects\Experiments\PostGraduate\backbones\Prompts\Seg-SADG\BaryRadGate\a0p08\rho0p5\gb8\sadg0p05\nocons\shot3\Seed0,D:\Running_Place\PostGraduateProjects\Experiments\PostGraduate\backbones\Prompts\Seg-SADG\BaryRadGate\a0p08\rho0p5\gb8\sadg0p05\nocons\shot3\Seed0\source_multilayer_prototypes.pt,0.5,gamma0p5,dec2,1,vertebrae,7,8,16,28844,28844,1427,1,0.8843697309494019,9,34
3,0,SIEMENS_SymphonyTim_37743_T1-TSE,179|180|23,D:\Running_Place\PostGraduateProjects\Experiments\PostGraduate\backbones\DisperssionWithSADG_ConstraintStyleRegularization\Seg-SADG\BaryRadGate\a0p08\rho0p5\gb8\sadg0p05\nocons\shot3\Seed0\baseline_model_with_metadata.pt,D:\Running_Place\PostGraduateProjects\Experiments\PostGraduate\backbones\Prompts\Seg-SADG\BaryRadGate\a0p08\rho0p5\gb8\sadg0p05\nocons\shot3\Seed0,D:\Running_Place\PostGraduateProjects\Experiments\PostGraduate\backbones\Prompts\Seg-SADG\BaryRadGate\a0p08\rho0p5\gb8\sadg0p05\nocons\shot3\Seed0\source_multilayer_prototypes.pt,0.5,gamma0p5,dec2,2,intervertebral_discs,0,4,16,5088,5088,1948,1,0.954124927520752,9,34
3,0,SIEMENS_SymphonyTim_37743_T1-TSE,179|180|23,D:\Running_Place\PostGraduateProjects\Experiments\PostGraduate\backbones\DisperssionWithSADG_ConstraintStyleRegularization\Seg-SADG\BaryRadGate\a0p08\rho0p5\gb8\sadg0p05\nocons\shot3\Seed0\baseline_model_with_metadata.pt,D:\Running_Place\PostGraduateProjects\Experiments\PostGraduate\backbones\Prompts\Seg-SADG\BaryRadGate\a0p08\rho0p5\gb8\sadg0p05\nocons\shot3\Seed0,D:\Running_Place\PostGraduateProjects\Experiments\PostGraduate\backbones\Prompts\Seg-SADG\BaryRadGate\a0p08\rho0p5\gb8\sadg0p05\nocons\shot3\Seed0\source_multilayer_prototypes.pt,0.5,gamma0p5,dec2,2,intervertebral_discs,1,4,16,5088,5088,400,1,0.9141687154769897,9,34
3,0,SIEMENS_SymphonyTim_37743_T1-TSE,179|180|23,D:\Running_Place\PostGraduateProjects\Experiments\PostGraduate\backbones\DisperssionWithSADG_ConstraintStyleRegularization\Seg-SADG\BaryRadGate\a0p08\rho0p5\gb8\sadg0p05\nocons\shot3\Seed0\baseline_model_with_metadata.pt,D:\Running_Place\PostGraduateProjects\Experiments\PostGraduate\backbones\Prompts\Seg-SADG\BaryRadGate\a0p08\rho0p5\gb8\sadg0p05\nocons\shot3\Seed0,D:\Running_Place\PostGraduateProjects\Experiments\PostGraduate\backbones\Prompts\Seg-SADG\BaryRadGate\a0p08\rho0p5\gb8\sadg0p05\nocons\shot3\Seed0\source_multilayer_prototypes.pt,0.5,gamma0p5,dec2,2,intervertebral_discs,2,4,16,5088,5088,1521,1,0.9735304713249207,9,34
3,0,SIEMENS_SymphonyTim_37743_T1-TSE,179|180|23,D:\Running_Place\PostGraduateProjects\Experiments\PostGraduate\backbones\DisperssionWithSADG_ConstraintStyleRegularization\Seg-SADG\BaryRadGate\a0p08\rho0p5\gb8\sadg0p05\nocons\shot3\Seed0\baseline_model_with_metadata.pt,D:\Running_Place\PostGraduateProjects\Experiments\PostGraduate\backbones\Prompts\Seg-SADG\BaryRadGate\a0p08\rho0p5\gb8\sadg0p05\nocons\shot3\Seed0,D:\Running_Place\PostGraduateProjects\Experiments\PostGraduate\backbones\Prompts\Seg-SADG\BaryRadGate\a0p08\rho0p5\gb8\sadg0p05\nocons\shot3\Seed0\source_multilayer_prototypes.pt,0.5,gamma0p5,dec2,2,intervertebral_discs,3,4,16,5088,5088,1219,1,0.9724010229110718,9,34
3,0,SIEMENS_SymphonyTim_37743_T1-TSE,179|180|23,D:\Running_Place\PostGraduateProjects\Experiments\PostGraduate\backbones\DisperssionWithSADG_ConstraintStyleRegularization\Seg-SADG\BaryRadGate\a0p08\rho0p5\gb8\sadg0p05\nocons\shot3\Seed0\baseline_model_with_metadata.pt,D:\Running_Place\PostGraduateProjects\Experiments\PostGraduate\backbones\Prompts\Seg-SADG\BaryRadGate\a0p08\rho0p5\gb8\sadg0p05\nocons\shot3\Seed0,D:\Running_Place\PostGraduateProjects\Experiments\PostGraduate\backbones\Prompts\Seg-SADG\BaryRadGate\a0p08\rho0p5\gb8\sadg0p05\nocons\shot3\Seed0\source_multilayer_prototypes.pt,0.5,gamma0p5,dec1,0,background,0,8,16,1569957,50000,346,1,0.8914410471916199,9,34
3,0,SIEMENS_SymphonyTim_37743_T1-TSE,179|180|23,D:\Running_Place\PostGraduateProjects\Experiments\PostGraduate\backbones\DisperssionWithSADG_ConstraintStyleRegularization\Seg-SADG\BaryRadGate\a0p08\rho0p5\gb8\sadg0p05\nocons\shot3\Seed0\baseline_model_with_metadata.pt,D:\Running_Place\PostGraduateProjects\Experiments\PostGraduate\backbones\Prompts\Seg-SADG\BaryRadGate\a0p08\rho0p5\gb8\sadg0p05\nocons\shot3\Seed0,D:\Running_Place\PostGraduateProjects\Experiments\PostGraduate\backbones\Prompts\Seg-SADG\BaryRadGate\a0p08\rho0p5\gb8\sadg0p05\nocons\shot3\Seed0\source_multilayer_prototypes.pt,0.5,gamma0p5,dec1,0,background,1,8,16,1569957,50000,16378,1,0.9972839951515198,9,34
3,0,SIEMENS_SymphonyTim_37743_T1-TSE,179|180|23,D:\Running_Place\PostGraduateProjects\Experiments\PostGraduate\backbones\DisperssionWithSADG_ConstraintStyleRegularization\Seg-SADG\BaryRadGate\a0p08\rho0p5\gb8\sadg0p05\nocons\shot3\Seed0\baseline_model_with_metadata.pt,D:\Running_Place\PostGraduateProjects\Experiments\PostGraduate\backbones\Prompts\Seg-SADG\BaryRadGate\a0p08\rho0p5\gb8\sadg0p05\nocons\shot3\Seed0,D:\Running_Place\PostGraduateProjects\Experiments\PostGraduate\backbones\Prompts\Seg-SADG\BaryRadGate\a0p08\rho0p5\gb8\sadg0p05\nocons\shot3\Seed0\source_multilayer_prototypes.pt,0.5,gamma0p5,dec1,0,background,2,8,16,1569957,50000,7762,1,0.9943428039550781,9,34
3,0,SIEMENS_SymphonyTim_37743_T1-TSE,179|180|23,D:\Running_Place\PostGraduateProjects\Experiments\PostGraduate\backbones\DisperssionWithSADG_ConstraintStyleRegularization\Seg-SADG\BaryRadGate\a0p08\rho0p5\gb8\sadg0p05\nocons\shot3\Seed0\baseline_model_with_metadata.pt,D:\Running_Place\PostGraduateProjects\Experiments\PostGraduate\backbones\Prompts\Seg-SADG\BaryRadGate\a0p08\rho0p5\gb8\sadg0p05\nocons\shot3\Seed0,D:\Running_Place\PostGraduateProjects\Experiments\PostGraduate\backbones\Prompts\Seg-SADG\BaryRadGate\a0p08\rho0p5\gb8\sadg0p05\nocons\shot3\Seed0\source_multilayer_prototypes.pt,0.5,gamma0p5,dec1,0,background,3,8,16,1569957,50000,887,1,0.9266769289970398,9,34
3,0,SIEMENS_SymphonyTim_37743_T1-TSE,179|180|23,D:\Running_Place\PostGraduateProjects\Experiments\PostGraduate\backbones\DisperssionWithSADG_ConstraintStyleRegularization\Seg-SADG\BaryRadGate\a0p08\rho0p5\gb8\sadg0p05\nocons\shot3\Seed0\baseline_model_with_metadata.pt,D:\Running_Place\PostGraduateProjects\Experiments\PostGraduate\backbones\Prompts\Seg-SADG\BaryRadGate\a0p08\rho0p5\gb8\sadg0p05\nocons\shot3\Seed0,D:\Running_Place\PostGraduateProjects\Experiments\PostGraduate\backbones\Prompts\Seg-SADG\BaryRadGate\a0p08\rho0p5\gb8\sadg0p05\nocons\shot3\Seed0\source_multilayer_prototypes.pt,0.5,gamma0p5,dec1,0,background,4,8,16,1569957,50000,4861,1,0.982449471950531,9,34
3,0,SIEMENS_SymphonyTim_37743_T1-TSE,179|180|23,D:\Running_Place\PostGraduateProjects\Experiments\PostGraduate\backbones\DisperssionWithSADG_ConstraintStyleRegularization\Seg-SADG\BaryRadGate\a0p08\rho0p5\gb8\sadg0p05\nocons\shot3\Seed0\baseline_model_with_metadata.pt,D:\Running_Place\PostGraduateProjects\Experiments\PostGraduate\backbones\Prompts\Seg-SADG\BaryRadGate\a0p08\rho0p5\gb8\sadg0p05\nocons\shot3\Seed0,D:\Running_Place\PostGraduateProjects\Experiments\PostGraduate\backbones\Prompts\Seg-SADG\BaryRadGate\a0p08\rho0p5\gb8\sadg0p05\nocons\shot3\Seed0\source_multilayer_prototypes.pt,0.5,gamma0p5,dec1,0,background,5,8,16,1569957,50000,11653,1,0.9961268305778503,9,34
3,0,SIEMENS_SymphonyTim_37743_T1-TSE,179|180|23,D:\Running_Place\PostGraduateProjects\Experiments\PostGraduate\backbones\DisperssionWithSADG_ConstraintStyleRegularization\Seg-SADG\BaryRadGate\a0p08\rho0p5\gb8\sadg0p05\nocons\shot3\Seed0\baseline_model_with_metadata.pt,D:\Running_Place\PostGraduateProjects\Experiments\PostGraduate\backbones\Prompts\Seg-SADG\BaryRadGate\a0p08\rho0p5\gb8\sadg0p05\nocons\shot3\Seed0,D:\Running_Place\PostGraduateProjects\Experiments\PostGraduate\backbones\Prompts\Seg-SADG\BaryRadGate\a0p08\rho0p5\gb8\sadg0p05\nocons\shot3\Seed0\source_multilayer_prototypes.pt,0.5,gamma0p5,dec1,0,background,6,8,16,1569957,50000,7508,1,0.9919933676719666,9,34
3,0,SIEMENS_SymphonyTim_37743_T1-TSE,179|180|23,D:\Running_Place\PostGraduateProjects\Experiments\PostGraduate\backbones\DisperssionWithSADG_ConstraintStyleRegularization\Seg-SADG\BaryRadGate\a0p08\rho0p5\gb8\sadg0p05\nocons\shot3\Seed0\baseline_model_with_metadata.pt,D:\Running_Place\PostGraduateProjects\Experiments\PostGraduate\backbones\Prompts\Seg-SADG\BaryRadGate\a0p08\rho0p5\gb8\sadg0p05\nocons\shot3\Seed0,D:\Running_Place\PostGraduateProjects\Experiments\PostGraduate\backbones\Prompts\Seg-SADG\BaryRadGate\a0p08\rho0p5\gb8\sadg0p05\nocons\shot3\Seed0\source_multilayer_prototypes.pt,0.5,gamma0p5,dec1,0,background,7,8,16,1569957,50000,605,1,0.8500409722328186,9,34
3,0,SIEMENS_SymphonyTim_37743_T1-TSE,179|180|23,D:\Running_Place\PostGraduateProjects\Experiments\PostGraduate\backbones\DisperssionWithSADG_ConstraintStyleRegularization\Seg-SADG\BaryRadGate\a0p08\rho0p5\gb8\sadg0p05\nocons\shot3\Seed0\baseline_model_with_metadata.pt,D:\Running_Place\PostGraduateProjects\Experiments\PostGraduate\backbones\Prompts\Seg-SADG\BaryRadGate\a0p08\rho0p5\gb8\sadg0p05\nocons\shot3\Seed0,D:\Running_Place\PostGraduateProjects\Experiments\PostGraduate\backbones\Prompts\Seg-SADG\BaryRadGate\a0p08\rho0p5\gb8\sadg0p05\nocons\shot3\Seed0\source_multilayer_prototypes.pt,0.5,gamma0p5,dec1,1,vertebrae,0,8,16,115259,50000,1369,1,0.9547025561332703,9,34
3,0,SIEMENS_SymphonyTim_37743_T1-TSE,179|180|23,D:\Running_Place\PostGraduateProjects\Experiments\PostGraduate\backbones\DisperssionWithSADG_ConstraintStyleRegularization\Seg-SADG\BaryRadGate\a0p08\rho0p5\gb8\sadg0p05\nocons\shot3\Seed0\baseline_model_with_metadata.pt,D:\Running_Place\PostGraduateProjects\Experiments\PostGraduate\backbones\Prompts\Seg-SADG\BaryRadGate\a0p08\rho0p5\gb8\sadg0p05\nocons\shot3\Seed0,D:\Running_Place\PostGraduateProjects\Experiments\PostGraduate\backbones\Prompts\Seg-SADG\BaryRadGate\a0p08\rho0p5\gb8\sadg0p05\nocons\shot3\Seed0\source_multilayer_prototypes.pt,0.5,gamma0p5,dec1,1,vertebrae,1,8,16,115259,50000,33796,1,0.9982092380523682,9,34
3,0,SIEMENS_SymphonyTim_37743_T1-TSE,179|180|23,D:\Running_Place\PostGraduateProjects\Experiments\PostGraduate\backbones\DisperssionWithSADG_ConstraintStyleRegularization\Seg-SADG\BaryRadGate\a0p08\rho0p5\gb8\sadg0p05\nocons\shot3\Seed0\baseline_model_with_metadata.pt,D:\Running_Place\PostGraduateProjects\Experiments\PostGraduate\backbones\Prompts\Seg-SADG\BaryRadGate\a0p08\rho0p5\gb8\sadg0p05\nocons\shot3\Seed0,D:\Running_Place\PostGraduateProjects\Experiments\PostGraduate\backbones\Prompts\Seg-SADG\BaryRadGate\a0p08\rho0p5\gb8\sadg0p05\nocons\shot3\Seed0\source_multilayer_prototypes.pt,0.5,gamma0p5,dec1,1,vertebrae,2,8,16,115259,50000,868,1,0.9484692811965942,9,34
3,0,SIEMENS_SymphonyTim_37743_T1-TSE,179|180|23,D:\Running_Place\PostGraduateProjects\Experiments\PostGraduate\backbones\DisperssionWithSADG_ConstraintStyleRegularization\Seg-SADG\BaryRadGate\a0p08\rho0p5\gb8\sadg0p05\nocons\shot3\Seed0\baseline_model_with_metadata.pt,D:\Running_Place\PostGraduateProjects\Experiments\PostGraduate\backbones\Prompts\Seg-SADG\BaryRadGate\a0p08\rho0p5\gb8\sadg0p05\nocons\shot3\Seed0,D:\Running_Place\PostGraduateProjects\Experiments\PostGraduate\backbones\Prompts\Seg-SADG\BaryRadGate\a0p08\rho0p5\gb8\sadg0p05\nocons\shot3\Seed0\source_multilayer_prototypes.pt,0.5,gamma0p5,dec1,1,vertebrae,3,8,16,115259,50000,8844,1,0.990403950214386,9,34
3,0,SIEMENS_SymphonyTim_37743_T1-TSE,179|180|23,D:\Running_Place\PostGraduateProjects\Experiments\PostGraduate\backbones\DisperssionWithSADG_ConstraintStyleRegularization\Seg-SADG\BaryRadGate\a0p08\rho0p5\gb8\sadg0p05\nocons\shot3\Seed0\baseline_model_with_metadata.pt,D:\Running_Place\PostGraduateProjects\Experiments\PostGraduate\backbones\Prompts\Seg-SADG\BaryRadGate\a0p08\rho0p5\gb8\sadg0p05\nocons\shot3\Seed0,D:\Running_Place\PostGraduateProjects\Experiments\PostGraduate\backbones\Prompts\Seg-SADG\BaryRadGate\a0p08\rho0p5\gb8\sadg0p05\nocons\shot3\Seed0\source_multilayer_prototypes.pt,0.5,gamma0p5,dec1,1,vertebrae,4,8,16,115259,50000,1881,1,0.9689466953277588,9,34
3,0,SIEMENS_SymphonyTim_37743_T1-TSE,179|180|23,D:\Running_Place\PostGraduateProjects\Experiments\PostGraduate\backbones\DisperssionWithSADG_ConstraintStyleRegularization\Seg-SADG\BaryRadGate\a0p08\rho0p5\gb8\sadg0p05\nocons\shot3\Seed0\baseline_model_with_metadata.pt,D:\Running_Place\PostGraduateProjects\Experiments\PostGraduate\backbones\Prompts\Seg-SADG\BaryRadGate\a0p08\rho0p5\gb8\sadg0p05\nocons\shot3\Seed0,D:\Running_Place\PostGraduateProjects\Experiments\PostGraduate\backbones\Prompts\Seg-SADG\BaryRadGate\a0p08\rho0p5\gb8\sadg0p05\nocons\shot3\Seed0\source_multilayer_prototypes.pt,0.5,gamma0p5,dec1,1,vertebrae,5,8,16,115259,50000,692,1,0.9483084678649902,9,34
3,0,SIEMENS_SymphonyTim_37743_T1-TSE,179|180|23,D:\Running_Place\PostGraduateProjects\Experiments\PostGraduate\backbones\DisperssionWithSADG_ConstraintStyleRegularization\Seg-SADG\BaryRadGate\a0p08\rho0p5\gb8\sadg0p05\nocons\shot3\Seed0\baseline_model_with_metadata.pt,D:\Running_Place\PostGraduateProjects\Experiments\PostGraduate\backbones\Prompts\Seg-SADG\BaryRadGate\a0p08\rho0p5\gb8\sadg0p05\nocons\shot3\Seed0,D:\Running_Place\PostGraduateProjects\Experiments\PostGraduate\backbones\Prompts\Seg-SADG\BaryRadGate\a0p08\rho0p5\gb8\sadg0p05\nocons\shot3\Seed0\source_multilayer_prototypes.pt,0.5,gamma0p5,dec1,1,vertebrae,6,8,16,115259,50000,568,1,0.9135584235191345,9,34
3,0,SIEMENS_SymphonyTim_37743_T1-TSE,179|180|23,D:\Running_Place\PostGraduateProjects\Experiments\PostGraduate\backbones\DisperssionWithSADG_ConstraintStyleRegularization\Seg-SADG\BaryRadGate\a0p08\rho0p5\gb8\sadg0p05\nocons\shot3\Seed0\baseline_model_with_metadata.pt,D:\Running_Place\PostGraduateProjects\Experiments\PostGraduate\backbones\Prompts\Seg-SADG\BaryRadGate\a0p08\rho0p5\gb8\sadg0p05\nocons\shot3\Seed0,D:\Running_Place\PostGraduateProjects\Experiments\PostGraduate\backbones\Prompts\Seg-SADG\BaryRadGate\a0p08\rho0p5\gb8\sadg0p05\nocons\shot3\Seed0\source_multilayer_prototypes.pt,0.5,gamma0p5,dec1,1,vertebrae,7,8,16,115259,50000,1982,1,0.9791412353515625,9,34
3,0,SIEMENS_SymphonyTim_37743_T1-TSE,179|180|23,D:\Running_Place\PostGraduateProjects\Experiments\PostGraduate\backbones\DisperssionWithSADG_ConstraintStyleRegularization\Seg-SADG\BaryRadGate\a0p08\rho0p5\gb8\sadg0p05\nocons\shot3\Seed0\baseline_model_with_metadata.pt,D:\Running_Place\PostGraduateProjects\Experiments\PostGraduate\backbones\Prompts\Seg-SADG\BaryRadGate\a0p08\rho0p5\gb8\sadg0p05\nocons\shot3\Seed0,D:\Running_Place\PostGraduateProjects\Experiments\PostGraduate\backbones\Prompts\Seg-SADG\BaryRadGate\a0p08\rho0p5\gb8\sadg0p05\nocons\shot3\Seed0\source_multilayer_prototypes.pt,0.5,gamma0p5,dec1,2,intervertebral_discs,0,4,16,20768,20768,9202,1,0.9952818155288696,9,34
3,0,SIEMENS_SymphonyTim_37743_T1-TSE,179|180|23,D:\Running_Place\PostGraduateProjects\Experiments\PostGraduate\backbones\DisperssionWithSADG_ConstraintStyleRegularization\Seg-SADG\BaryRadGate\a0p08\rho0p5\gb8\sadg0p05\nocons\shot3\Seed0\baseline_model_with_metadata.pt,D:\Running_Place\PostGraduateProjects\Experiments\PostGraduate\backbones\Prompts\Seg-SADG\BaryRadGate\a0p08\rho0p5\gb8\sadg0p05\nocons\shot3\Seed0,D:\Running_Place\PostGraduateProjects\Experiments\PostGraduate\backbones\Prompts\Seg-SADG\BaryRadGate\a0p08\rho0p5\gb8\sadg0p05\nocons\shot3\Seed0\source_multilayer_prototypes.pt,0.5,gamma0p5,dec1,2,intervertebral_discs,1,4,16,20768,20768,10969,1,0.9887056350708008,9,34
3,0,SIEMENS_SymphonyTim_37743_T1-TSE,179|180|23,D:\Running_Place\PostGraduateProjects\Experiments\PostGraduate\backbones\DisperssionWithSADG_ConstraintStyleRegularization\Seg-SADG\BaryRadGate\a0p08\rho0p5\gb8\sadg0p05\nocons\shot3\Seed0\baseline_model_with_metadata.pt,D:\Running_Place\PostGraduateProjects\Experiments\PostGraduate\backbones\Prompts\Seg-SADG\BaryRadGate\a0p08\rho0p5\gb8\sadg0p05\nocons\shot3\Seed0,D:\Running_Place\PostGraduateProjects\Experiments\PostGraduate\backbones\Prompts\Seg-SADG\BaryRadGate\a0p08\rho0p5\gb8\sadg0p05\nocons\shot3\Seed0\source_multilayer_prototypes.pt,0.5,gamma0p5,dec1,2,intervertebral_discs,2,4,16,20768,20768,213,1,0.8724939823150635,9,34
3,0,SIEMENS_SymphonyTim_37743_T1-TSE,179|180|23,D:\Running_Place\PostGraduateProjects\Experiments\PostGraduate\backbones\DisperssionWithSADG_ConstraintStyleRegularization\Seg-SADG\BaryRadGate\a0p08\rho0p5\gb8\sadg0p05\nocons\shot3\Seed0\baseline_model_with_metadata.pt,D:\Running_Place\PostGraduateProjects\Experiments\PostGraduate\backbones\Prompts\Seg-SADG\BaryRadGate\a0p08\rho0p5\gb8\sadg0p05\nocons\shot3\Seed0,D:\Running_Place\PostGraduateProjects\Experiments\PostGraduate\backbones\Prompts\Seg-SADG\BaryRadGate\a0p08\rho0p5\gb8\sadg0p05\nocons\shot3\Seed0\source_multilayer_prototypes.pt,0.5,gamma0p5,dec1,2,intervertebral_discs,3,4,16,20768,20768,384,1,0.820159912109375,9,34
3,0,SIEMENS_SymphonyTim_37743_T1-TSE,179|180|23,D:\Running_Place\PostGraduateProjects\Experiments\PostGraduate\backbones\DisperssionWithSADG_ConstraintStyleRegularization\Seg-SADG\BaryRadGate\a0p08\rho0p5\gb8\sadg0p05\nocons\shot3\Seed0\baseline_model_with_metadata.pt,D:\Running_Place\PostGraduateProjects\Experiments\PostGraduate\backbones\Prompts\Seg-SADG\BaryRadGate\a0p08\rho0p5\gb8\sadg0p05\nocons\shot3\Seed0,D:\Running_Place\PostGraduateProjects\Experiments\PostGraduate\backbones\Prompts\Seg-SADG\BaryRadGate\a0p08\rho0p5\gb8\sadg0p05\nocons\shot3\Seed0\source_multilayer_prototypes.pt,0.5,gamma0p5,dec1_head,0,background,0,8,16,1569957,50000,10521,1,0.9924501180648804,9,34
3,0,SIEMENS_SymphonyTim_37743_T1-TSE,179|180|23,D:\Running_Place\PostGraduateProjects\Experiments\PostGraduate\backbones\DisperssionWithSADG_ConstraintStyleRegularization\Seg-SADG\BaryRadGate\a0p08\rho0p5\gb8\sadg0p05\nocons\shot3\Seed0\baseline_model_with_metadata.pt,D:\Running_Place\PostGraduateProjects\Experiments\PostGraduate\backbones\Prompts\Seg-SADG\BaryRadGate\a0p08\rho0p5\gb8\sadg0p05\nocons\shot3\Seed0,D:\Running_Place\PostGraduateProjects\Experiments\PostGraduate\backbones\Prompts\Seg-SADG\BaryRadGate\a0p08\rho0p5\gb8\sadg0p05\nocons\shot3\Seed0\source_multilayer_prototypes.pt,0.5,gamma0p5,dec1_head,0,background,1,8,16,1569957,50000,490,1,0.9097743034362793,9,34
3,0,SIEMENS_SymphonyTim_37743_T1-TSE,179|180|23,D:\Running_Place\PostGraduateProjects\Experiments\PostGraduate\backbones\DisperssionWithSADG_ConstraintStyleRegularization\Seg-SADG\BaryRadGate\a0p08\rho0p5\gb8\sadg0p05\nocons\shot3\Seed0\baseline_model_with_metadata.pt,D:\Running_Place\PostGraduateProjects\Experiments\PostGraduate\backbones\Prompts\Seg-SADG\BaryRadGate\a0p08\rho0p5\gb8\sadg0p05\nocons\shot3\Seed0,D:\Running_Place\PostGraduateProjects\Experiments\PostGraduate\backbones\Prompts\Seg-SADG\BaryRadGate\a0p08\rho0p5\gb8\sadg0p05\nocons\shot3\Seed0\source_multilayer_prototypes.pt,0.5,gamma0p5,dec1_head,0,background,2,8,16,1569957,50000,10386,1,0.9938696026802063,9,34
3,0,SIEMENS_SymphonyTim_37743_T1-TSE,179|180|23,D:\Running_Place\PostGraduateProjects\Experiments\PostGraduate\backbones\DisperssionWithSADG_ConstraintStyleRegularization\Seg-SADG\BaryRadGate\a0p08\rho0p5\gb8\sadg0p05\nocons\shot3\Seed0\baseline_model_with_metadata.pt,D:\Running_Place\PostGraduateProjects\Experiments\PostGraduate\backbones\Prompts\Seg-SADG\BaryRadGate\a0p08\rho0p5\gb8\sadg0p05\nocons\shot3\Seed0,D:\Running_Place\PostGraduateProjects\Experiments\PostGraduate\backbones\Prompts\Seg-SADG\BaryRadGate\a0p08\rho0p5\gb8\sadg0p05\nocons\shot3\Seed0\source_multilayer_prototypes.pt,0.5,gamma0p5,dec1_head,0,background,3,8,16,1569957,50000,12780,1,0.9953266382217407,9,34
3,0,SIEMENS_SymphonyTim_37743_T1-TSE,179|180|23,D:\Running_Place\PostGraduateProjects\Experiments\PostGraduate\backbones\DisperssionWithSADG_ConstraintStyleRegularization\Seg-SADG\BaryRadGate\a0p08\rho0p5\gb8\sadg0p05\nocons\shot3\Seed0\baseline_model_with_metadata.pt,D:\Running_Place\PostGraduateProjects\Experiments\PostGraduate\backbones\Prompts\Seg-SADG\BaryRadGate\a0p08\rho0p5\gb8\sadg0p05\nocons\shot3\Seed0,D:\Running_Place\PostGraduateProjects\Experiments\PostGraduate\backbones\Prompts\Seg-SADG\BaryRadGate\a0p08\rho0p5\gb8\sadg0p05\nocons\shot3\Seed0\source_multilayer_prototypes.pt,0.5,gamma0p5,dec1_head,0,background,4,8,16,1569957,50000,241,1,0.8972853422164917,9,34
3,0,SIEMENS_SymphonyTim_37743_T1-TSE,179|180|23,D:\Running_Place\PostGraduateProjects\Experiments\PostGraduate\backbones\DisperssionWithSADG_ConstraintStyleRegularization\Seg-SADG\BaryRadGate\a0p08\rho0p5\gb8\sadg0p05\nocons\shot3\Seed0\baseline_model_with_metadata.pt,D:\Running_Place\PostGraduateProjects\Experiments\PostGraduate\backbones\Prompts\Seg-SADG\BaryRadGate\a0p08\rho0p5\gb8\sadg0p05\nocons\shot3\Seed0,D:\Running_Place\PostGraduateProjects\Experiments\PostGraduate\backbones\Prompts\Seg-SADG\BaryRadGate\a0p08\rho0p5\gb8\sadg0p05\nocons\shot3\Seed0\source_multilayer_prototypes.pt,0.5,gamma0p5,dec1_head,0,background,5,8,16,1569957,50000,908,1,0.9504079222679138,9,34
3,0,SIEMENS_SymphonyTim_37743_T1-TSE,179|180|23,D:\Running_Place\PostGraduateProjects\Experiments\PostGraduate\backbones\DisperssionWithSADG_ConstraintStyleRegularization\Seg-SADG\BaryRadGate\a0p08\rho0p5\gb8\sadg0p05\nocons\shot3\Seed0\baseline_model_with_metadata.pt,D:\Running_Place\PostGraduateProjects\Experiments\PostGraduate\backbones\Prompts\Seg-SADG\BaryRadGate\a0p08\rho0p5\gb8\sadg0p05\nocons\shot3\Seed0,D:\Running_Place\PostGraduateProjects\Experiments\PostGraduate\backbones\Prompts\Seg-SADG\BaryRadGate\a0p08\rho0p5\gb8\sadg0p05\nocons\shot3\Seed0\source_multilayer_prototypes.pt,0.5,gamma0p5,dec1_head,0,background,6,8,16,1569957,50000,14317,1,0.9963829517364502,9,34
3,0,SIEMENS_SymphonyTim_37743_T1-TSE,179|180|23,D:\Running_Place\PostGraduateProjects\Experiments\PostGraduate\backbones\DisperssionWithSADG_ConstraintStyleRegularization\Seg-SADG\BaryRadGate\a0p08\rho0p5\gb8\sadg0p05\nocons\shot3\Seed0\baseline_model_with_metadata.pt,D:\Running_Place\PostGraduateProjects\Experiments\PostGraduate\backbones\Prompts\Seg-SADG\BaryRadGate\a0p08\rho0p5\gb8\sadg0p05\nocons\shot3\Seed0,D:\Running_Place\PostGraduateProjects\Experiments\PostGraduate\backbones\Prompts\Seg-SADG\BaryRadGate\a0p08\rho0p5\gb8\sadg0p05\nocons\shot3\Seed0\source_multilayer_prototypes.pt,0.5,gamma0p5,dec1_head,0,background,7,8,16,1569957,50000,357,1,0.8013173937797546,9,34
3,0,SIEMENS_SymphonyTim_37743_T1-TSE,179|180|23,D:\Running_Place\PostGraduateProjects\Experiments\PostGraduate\backbones\DisperssionWithSADG_ConstraintStyleRegularization\Seg-SADG\BaryRadGate\a0p08\rho0p5\gb8\sadg0p05\nocons\shot3\Seed0\baseline_model_with_metadata.pt,D:\Running_Place\PostGraduateProjects\Experiments\PostGraduate\backbones\Prompts\Seg-SADG\BaryRadGate\a0p08\rho0p5\gb8\sadg0p05\nocons\shot3\Seed0,D:\Running_Place\PostGraduateProjects\Experiments\PostGraduate\backbones\Prompts\Seg-SADG\BaryRadGate\a0p08\rho0p5\gb8\sadg0p05\nocons\shot3\Seed0\source_multilayer_prototypes.pt,0.5,gamma0p5,dec1_head,1,vertebrae,0,8,16,115259,50000,34802,1,0.9979884028434753,9,34
3,0,SIEMENS_SymphonyTim_37743_T1-TSE,179|180|23,D:\Running_Place\PostGraduateProjects\Experiments\PostGraduate\backbones\DisperssionWithSADG_ConstraintStyleRegularization\Seg-SADG\BaryRadGate\a0p08\rho0p5\gb8\sadg0p05\nocons\shot3\Seed0\baseline_model_with_metadata.pt,D:\Running_Place\PostGraduateProjects\Experiments\PostGraduate\backbones\Prompts\Seg-SADG\BaryRadGate\a0p08\rho0p5\gb8\sadg0p05\nocons\shot3\Seed0,D:\Running_Place\PostGraduateProjects\Experiments\PostGraduate\backbones\Prompts\Seg-SADG\BaryRadGate\a0p08\rho0p5\gb8\sadg0p05\nocons\shot3\Seed0\source_multilayer_prototypes.pt,0.5,gamma0p5,dec1_head,1,vertebrae,1,8,16,115259,50000,1554,1,0.9615373015403748,9,34
3,0,SIEMENS_SymphonyTim_37743_T1-TSE,179|180|23,D:\Running_Place\PostGraduateProjects\Experiments\PostGraduate\backbones\DisperssionWithSADG_ConstraintStyleRegularization\Seg-SADG\BaryRadGate\a0p08\rho0p5\gb8\sadg0p05\nocons\shot3\Seed0\baseline_model_with_metadata.pt,D:\Running_Place\PostGraduateProjects\Experiments\PostGraduate\backbones\Prompts\Seg-SADG\BaryRadGate\a0p08\rho0p5\gb8\sadg0p05\nocons\shot3\Seed0,D:\Running_Place\PostGraduateProjects\Experiments\PostGraduate\backbones\Prompts\Seg-SADG\BaryRadGate\a0p08\rho0p5\gb8\sadg0p05\nocons\shot3\Seed0\source_multilayer_prototypes.pt,0.5,gamma0p5,dec1_head,1,vertebrae,2,8,16,115259,50000,726,1,0.9320933818817139,9,34
3,0,SIEMENS_SymphonyTim_37743_T1-TSE,179|180|23,D:\Running_Place\PostGraduateProjects\Experiments\PostGraduate\backbones\DisperssionWithSADG_ConstraintStyleRegularization\Seg-SADG\BaryRadGate\a0p08\rho0p5\gb8\sadg0p05\nocons\shot3\Seed0\baseline_model_with_metadata.pt,D:\Running_Place\PostGraduateProjects\Experiments\PostGraduate\backbones\Prompts\Seg-SADG\BaryRadGate\a0p08\rho0p5\gb8\sadg0p05\nocons\shot3\Seed0,D:\Running_Place\PostGraduateProjects\Experiments\PostGraduate\backbones\Prompts\Seg-SADG\BaryRadGate\a0p08\rho0p5\gb8\sadg0p05\nocons\shot3\Seed0\source_multilayer_prototypes.pt,0.5,gamma0p5,dec1_head,1,vertebrae,3,8,16,115259,50000,825,1,0.9273872971534729,9,34
3,0,SIEMENS_SymphonyTim_37743_T1-TSE,179|180|23,D:\Running_Place\PostGraduateProjects\Experiments\PostGraduate\backbones\DisperssionWithSADG_ConstraintStyleRegularization\Seg-SADG\BaryRadGate\a0p08\rho0p5\gb8\sadg0p05\nocons\shot3\Seed0\baseline_model_with_metadata.pt,D:\Running_Place\PostGraduateProjects\Experiments\PostGraduate\backbones\Prompts\Seg-SADG\BaryRadGate\a0p08\rho0p5\gb8\sadg0p05\nocons\shot3\Seed0,D:\Running_Place\PostGraduateProjects\Experiments\PostGraduate\backbones\Prompts\Seg-SADG\BaryRadGate\a0p08\rho0p5\gb8\sadg0p05\nocons\shot3\Seed0\source_multilayer_prototypes.pt,0.5,gamma0p5,dec1_head,1,vertebrae,4,8,16,115259,50000,638,1,0.9489705562591553,9,34
3,0,SIEMENS_SymphonyTim_37743_T1-TSE,179|180|23,D:\Running_Place\PostGraduateProjects\Experiments\PostGraduate\backbones\DisperssionWithSADG_ConstraintStyleRegularization\Seg-SADG\BaryRadGate\a0p08\rho0p5\gb8\sadg0p05\nocons\shot3\Seed0\baseline_model_with_metadata.pt,D:\Running_Place\PostGraduateProjects\Experiments\PostGraduate\backbones\Prompts\Seg-SADG\BaryRadGate\a0p08\rho0p5\gb8\sadg0p05\nocons\shot3\Seed0,D:\Running_Place\PostGraduateProjects\Experiments\PostGraduate\backbones\Prompts\Seg-SADG\BaryRadGate\a0p08\rho0p5\gb8\sadg0p05\nocons\shot3\Seed0\source_multilayer_prototypes.pt,0.5,gamma0p5,dec1_head,1,vertebrae,5,8,16,115259,50000,1619,1,0.9773933291435242,9,34
3,0,SIEMENS_SymphonyTim_37743_T1-TSE,179|180|23,D:\Running_Place\PostGraduateProjects\Experiments\PostGraduate\backbones\DisperssionWithSADG_ConstraintStyleRegularization\Seg-SADG\BaryRadGate\a0p08\rho0p5\gb8\sadg0p05\nocons\shot3\Seed0\baseline_model_with_metadata.pt,D:\Running_Place\PostGraduateProjects\Experiments\PostGraduate\backbones\Prompts\Seg-SADG\BaryRadGate\a0p08\rho0p5\gb8\sadg0p05\nocons\shot3\Seed0,D:\Running_Place\PostGraduateProjects\Experiments\PostGraduate\backbones\Prompts\Seg-SADG\BaryRadGate\a0p08\rho0p5\gb8\sadg0p05\nocons\shot3\Seed0\source_multilayer_prototypes.pt,0.5,gamma0p5,dec1_head,1,vertebrae,6,8,16,115259,50000,7775,1,0.9906760454177856,9,34
3,0,SIEMENS_SymphonyTim_37743_T1-TSE,179|180|23,D:\Running_Place\PostGraduateProjects\Experiments\PostGraduate\backbones\DisperssionWithSADG_ConstraintStyleRegularization\Seg-SADG\BaryRadGate\a0p08\rho0p5\gb8\sadg0p05\nocons\shot3\Seed0\baseline_model_with_metadata.pt,D:\Running_Place\PostGraduateProjects\Experiments\PostGraduate\backbones\Prompts\Seg-SADG\BaryRadGate\a0p08\rho0p5\gb8\sadg0p05\nocons\shot3\Seed0,D:\Running_Place\PostGraduateProjects\Experiments\PostGraduate\backbones\Prompts\Seg-SADG\BaryRadGate\a0p08\rho0p5\gb8\sadg0p05\nocons\shot3\Seed0\source_multilayer_prototypes.pt,0.5,gamma0p5,dec1_head,1,vertebrae,7,8,16,115259,50000,2061,1,0.980085551738739,9,34
3,0,SIEMENS_SymphonyTim_37743_T1-TSE,179|180|23,D:\Running_Place\PostGraduateProjects\Experiments\PostGraduate\backbones\DisperssionWithSADG_ConstraintStyleRegularization\Seg-SADG\BaryRadGate\a0p08\rho0p5\gb8\sadg0p05\nocons\shot3\Seed0\baseline_model_with_metadata.pt,D:\Running_Place\PostGraduateProjects\Experiments\PostGraduate\backbones\Prompts\Seg-SADG\BaryRadGate\a0p08\rho0p5\gb8\sadg0p05\nocons\shot3\Seed0,D:\Running_Place\PostGraduateProjects\Experiments\PostGraduate\backbones\Prompts\Seg-SADG\BaryRadGate\a0p08\rho0p5\gb8\sadg0p05\nocons\shot3\Seed0\source_multilayer_prototypes.pt,0.5,gamma0p5,dec1_head,2,intervertebral_discs,0,4,16,20768,20768,9239,1,0.9953035116195679,9,34
3,0,SIEMENS_SymphonyTim_37743_T1-TSE,179|180|23,D:\Running_Place\PostGraduateProjects\Experiments\PostGraduate\backbones\DisperssionWithSADG_ConstraintStyleRegularization\Seg-SADG\BaryRadGate\a0p08\rho0p5\gb8\sadg0p05\nocons\shot3\Seed0\baseline_model_with_metadata.pt,D:\Running_Place\PostGraduateProjects\Experiments\PostGraduate\backbones\Prompts\Seg-SADG\BaryRadGate\a0p08\rho0p5\gb8\sadg0p05\nocons\shot3\Seed0,D:\Running_Place\PostGraduateProjects\Experiments\PostGraduate\backbones\Prompts\Seg-SADG\BaryRadGate\a0p08\rho0p5\gb8\sadg0p05\nocons\shot3\Seed0\source_multilayer_prototypes.pt,0.5,gamma0p5,dec1_head,2,intervertebral_discs,1,4,16,20768,20768,10913,1,0.9891848564147949,9,34
3,0,SIEMENS_SymphonyTim_37743_T1-TSE,179|180|23,D:\Running_Place\PostGraduateProjects\Experiments\PostGraduate\backbones\DisperssionWithSADG_ConstraintStyleRegularization\Seg-SADG\BaryRadGate\a0p08\rho0p5\gb8\sadg0p05\nocons\shot3\Seed0\baseline_model_with_metadata.pt,D:\Running_Place\PostGraduateProjects\Experiments\PostGraduate\backbones\Prompts\Seg-SADG\BaryRadGate\a0p08\rho0p5\gb8\sadg0p05\nocons\shot3\Seed0,D:\Running_Place\PostGraduateProjects\Experiments\PostGraduate\backbones\Prompts\Seg-SADG\BaryRadGate\a0p08\rho0p5\gb8\sadg0p05\nocons\shot3\Seed0\source_multilayer_prototypes.pt,0.5,gamma0p5,dec1_head,2,intervertebral_discs,2,4,16,20768,20768,220,1,0.8620567917823792,9,34
3,0,SIEMENS_SymphonyTim_37743_T1-TSE,179|180|23,D:\Running_Place\PostGraduateProjects\Experiments\PostGraduate\backbones\DisperssionWithSADG_ConstraintStyleRegularization\Seg-SADG\BaryRadGate\a0p08\rho0p5\gb8\sadg0p05\nocons\shot3\Seed0\baseline_model_with_metadata.pt,D:\Running_Place\PostGraduateProjects\Experiments\PostGraduate\backbones\Prompts\Seg-SADG\BaryRadGate\a0p08\rho0p5\gb8\sadg0p05\nocons\shot3\Seed0,D:\Running_Place\PostGraduateProjects\Experiments\PostGraduate\backbones\Prompts\Seg-SADG\BaryRadGate\a0p08\rho0p5\gb8\sadg0p05\nocons\shot3\Seed0\source_multilayer_prototypes.pt,0.5,gamma0p5,dec1_head,2,intervertebral_discs,3,4,16,20768,20768,396,1,0.8205956816673279,9,34
3,0,SIEMENS_SymphonyTim_37743_T1-TSE,179|180|23,D:\Running_Place\PostGraduateProjects\Experiments\PostGraduate\backbones\DisperssionWithSADG_ConstraintStyleRegularization\Seg-SADG\BaryRadGate\a0p08\rho0p5\gb8\sadg0p05\nocons\shot3\Seed0\baseline_model_with_metadata.pt,D:\Running_Place\PostGraduateProjects\Experiments\PostGraduate\backbones\Prompts\Seg-SADG\BaryRadGate\a0p08\rho0p5\gb8\sadg0p05\nocons\shot3\Seed0,D:\Running_Place\PostGraduateProjects\Experiments\PostGraduate\backbones\Prompts\Seg-SADG\BaryRadGate\a0p08\rho0p5\gb8\sadg0p05\nocons\shot3\Seed0\source_multilayer_prototypes.pt,0.75,gamma0p75,dec3,0,background,0,8,32,98176,50000,5643,1,0.716099739074707,9,34
3,0,SIEMENS_SymphonyTim_37743_T1-TSE,179|180|23,D:\Running_Place\PostGraduateProjects\Experiments\PostGraduate\backbones\DisperssionWithSADG_ConstraintStyleRegularization\Seg-SADG\BaryRadGate\a0p08\rho0p5\gb8\sadg0p05\nocons\shot3\Seed0\baseline_model_with_metadata.pt,D:\Running_Place\PostGraduateProjects\Experiments\PostGraduate\backbones\Prompts\Seg-SADG\BaryRadGate\a0p08\rho0p5\gb8\sadg0p05\nocons\shot3\Seed0,D:\Running_Place\PostGraduateProjects\Experiments\PostGraduate\backbones\Prompts\Seg-SADG\BaryRadGate\a0p08\rho0p5\gb8\sadg0p05\nocons\shot3\Seed0\source_multilayer_prototypes.pt,0.75,gamma0p75,dec3,0,background,1,8,32,98176,50000,7340,1,0.8601906299591064,9,34
3,0,SIEMENS_SymphonyTim_37743_T1-TSE,179|180|23,D:\Running_Place\PostGraduateProjects\Experiments\PostGraduate\backbones\DisperssionWithSADG_ConstraintStyleRegularization\Seg-SADG\BaryRadGate\a0p08\rho0p5\gb8\sadg0p05\nocons\shot3\Seed0\baseline_model_with_metadata.pt,D:\Running_Place\PostGraduateProjects\Experiments\PostGraduate\backbones\Prompts\Seg-SADG\BaryRadGate\a0p08\rho0p5\gb8\sadg0p05\nocons\shot3\Seed0,D:\Running_Place\PostGraduateProjects\Experiments\PostGraduate\backbones\Prompts\Seg-SADG\BaryRadGate\a0p08\rho0p5\gb8\sadg0p05\nocons\shot3\Seed0\source_multilayer_prototypes.pt,0.75,gamma0p75,dec3,0,background,2,8,32,98176,50000,4478,1,0.7027360200881958,9,34
3,0,SIEMENS_SymphonyTim_37743_T1-TSE,179|180|23,D:\Running_Place\PostGraduateProjects\Experiments\PostGraduate\backbones\DisperssionWithSADG_ConstraintStyleRegularization\Seg-SADG\BaryRadGate\a0p08\rho0p5\gb8\sadg0p05\nocons\shot3\Seed0\baseline_model_with_metadata.pt,D:\Running_Place\PostGraduateProjects\Experiments\PostGraduate\backbones\Prompts\Seg-SADG\BaryRadGate\a0p08\rho0p5\gb8\sadg0p05\nocons\shot3\Seed0,D:\Running_Place\PostGraduateProjects\Experiments\PostGraduate\backbones\Prompts\Seg-SADG\BaryRadGate\a0p08\rho0p5\gb8\sadg0p05\nocons\shot3\Seed0\source_multilayer_prototypes.pt,0.75,gamma0p75,dec3,0,background,3,8,32,98176,50000,10157,1,0.7170447707176208,9,34
3,0,SIEMENS_SymphonyTim_37743_T1-TSE,179|180|23,D:\Running_Place\PostGraduateProjects\Experiments\PostGraduate\backbones\DisperssionWithSADG_ConstraintStyleRegularization\Seg-SADG\BaryRadGate\a0p08\rho0p5\gb8\sadg0p05\nocons\shot3\Seed0\baseline_model_with_metadata.pt,D:\Running_Place\PostGraduateProjects\Experiments\PostGraduate\backbones\Prompts\Seg-SADG\BaryRadGate\a0p08\rho0p5\gb8\sadg0p05\nocons\shot3\Seed0,D:\Running_Place\PostGraduateProjects\Experiments\PostGraduate\backbones\Prompts\Seg-SADG\BaryRadGate\a0p08\rho0p5\gb8\sadg0p05\nocons\shot3\Seed0\source_multilayer_prototypes.pt,0.75,gamma0p75,dec3,0,background,4,8,32,98176,50000,6141,1,0.8039844632148743,9,34
3,0,SIEMENS_SymphonyTim_37743_T1-TSE,179|180|23,D:\Running_Place\PostGraduateProjects\Experiments\PostGraduate\backbones\DisperssionWithSADG_ConstraintStyleRegularization\Seg-SADG\BaryRadGate\a0p08\rho0p5\gb8\sadg0p05\nocons\shot3\Seed0\baseline_model_with_metadata.pt,D:\Running_Place\PostGraduateProjects\Experiments\PostGraduate\backbones\Prompts\Seg-SADG\BaryRadGate\a0p08\rho0p5\gb8\sadg0p05\nocons\shot3\Seed0,D:\Running_Place\PostGraduateProjects\Experiments\PostGraduate\backbones\Prompts\Seg-SADG\BaryRadGate\a0p08\rho0p5\gb8\sadg0p05\nocons\shot3\Seed0\source_multilayer_prototypes.pt,0.75,gamma0p75,dec3,0,background,5,8,32,98176,50000,5084,1,0.7393049001693726,9,34
3,0,SIEMENS_SymphonyTim_37743_T1-TSE,179|180|23,D:\Running_Place\PostGraduateProjects\Experiments\PostGraduate\backbones\DisperssionWithSADG_ConstraintStyleRegularization\Seg-SADG\BaryRadGate\a0p08\rho0p5\gb8\sadg0p05\nocons\shot3\Seed0\baseline_model_with_metadata.pt,D:\Running_Place\PostGraduateProjects\Experiments\PostGraduate\backbones\Prompts\Seg-SADG\BaryRadGate\a0p08\rho0p5\gb8\sadg0p05\nocons\shot3\Seed0,D:\Running_Place\PostGraduateProjects\Experiments\PostGraduate\backbones\Prompts\Seg-SADG\BaryRadGate\a0p08\rho0p5\gb8\sadg0p05\nocons\shot3\Seed0\source_multilayer_prototypes.pt,0.75,gamma0p75,dec3,0,background,6,8,32,98176,50000,8519,1,0.8595778942108154,9,34
3,0,SIEMENS_SymphonyTim_37743_T1-TSE,179|180|23,D:\Running_Place\PostGraduateProjects\Experiments\PostGraduate\backbones\DisperssionWithSADG_ConstraintStyleRegularization\Seg-SADG\BaryRadGate\a0p08\rho0p5\gb8\sadg0p05\nocons\shot3\Seed0\baseline_model_with_metadata.pt,D:\Running_Place\PostGraduateProjects\Experiments\PostGraduate\backbones\Prompts\Seg-SADG\BaryRadGate\a0p08\rho0p5\gb8\sadg0p05\nocons\shot3\Seed0,D:\Running_Place\PostGraduateProjects\Experiments\PostGraduate\backbones\Prompts\Seg-SADG\BaryRadGate\a0p08\rho0p5\gb8\sadg0p05\nocons\shot3\Seed0\source_multilayer_prototypes.pt,0.75,gamma0p75,dec3,0,background,7,8,32,98176,50000,2638,1,0.7562851309776306,9,34
3,0,SIEMENS_SymphonyTim_37743_T1-TSE,179|180|23,D:\Running_Place\PostGraduateProjects\Experiments\PostGraduate\backbones\DisperssionWithSADG_ConstraintStyleRegularization\Seg-SADG\BaryRadGate\a0p08\rho0p5\gb8\sadg0p05\nocons\shot3\Seed0\baseline_model_with_metadata.pt,D:\Running_Place\PostGraduateProjects\Experiments\PostGraduate\backbones\Prompts\Seg-SADG\BaryRadGate\a0p08\rho0p5\gb8\sadg0p05\nocons\shot3\Seed0,D:\Running_Place\PostGraduateProjects\Experiments\PostGraduate\backbones\Prompts\Seg-SADG\BaryRadGate\a0p08\rho0p5\gb8\sadg0p05\nocons\shot3\Seed0\source_multilayer_prototypes.pt,0.75,gamma0p75,dec3,1,vertebrae,0,8,32,7173,7173,395,1,0.7832117080688477,9,34
3,0,SIEMENS_SymphonyTim_37743_T1-TSE,179|180|23,D:\Running_Place\PostGraduateProjects\Experiments\PostGraduate\backbones\DisperssionWithSADG_ConstraintStyleRegularization\Seg-SADG\BaryRadGate\a0p08\rho0p5\gb8\sadg0p05\nocons\shot3\Seed0\baseline_model_with_metadata.pt,D:\Running_Place\PostGraduateProjects\Experiments\PostGraduate\backbones\Prompts\Seg-SADG\BaryRadGate\a0p08\rho0p5\gb8\sadg0p05\nocons\shot3\Seed0,D:\Running_Place\PostGraduateProjects\Experiments\PostGraduate\backbones\Prompts\Seg-SADG\BaryRadGate\a0p08\rho0p5\gb8\sadg0p05\nocons\shot3\Seed0\source_multilayer_prototypes.pt,0.75,gamma0p75,dec3,1,vertebrae,1,8,32,7173,7173,802,1,0.9044606685638428,9,34
3,0,SIEMENS_SymphonyTim_37743_T1-TSE,179|180|23,D:\Running_Place\PostGraduateProjects\Experiments\PostGraduate\backbones\DisperssionWithSADG_ConstraintStyleRegularization\Seg-SADG\BaryRadGate\a0p08\rho0p5\gb8\sadg0p05\nocons\shot3\Seed0\baseline_model_with_metadata.pt,D:\Running_Place\PostGraduateProjects\Experiments\PostGraduate\backbones\Prompts\Seg-SADG\BaryRadGate\a0p08\rho0p5\gb8\sadg0p05\nocons\shot3\Seed0,D:\Running_Place\PostGraduateProjects\Experiments\PostGraduate\backbones\Prompts\Seg-SADG\BaryRadGate\a0p08\rho0p5\gb8\sadg0p05\nocons\shot3\Seed0\source_multilayer_prototypes.pt,0.75,gamma0p75,dec3,1,vertebrae,2,8,32,7173,7173,1028,1,0.8534687757492065,9,34
3,0,SIEMENS_SymphonyTim_37743_T1-TSE,179|180|23,D:\Running_Place\PostGraduateProjects\Experiments\PostGraduate\backbones\DisperssionWithSADG_ConstraintStyleRegularization\Seg-SADG\BaryRadGate\a0p08\rho0p5\gb8\sadg0p05\nocons\shot3\Seed0\baseline_model_with_metadata.pt,D:\Running_Place\PostGraduateProjects\Experiments\PostGraduate\backbones\Prompts\Seg-SADG\BaryRadGate\a0p08\rho0p5\gb8\sadg0p05\nocons\shot3\Seed0,D:\Running_Place\PostGraduateProjects\Experiments\PostGraduate\backbones\Prompts\Seg-SADG\BaryRadGate\a0p08\rho0p5\gb8\sadg0p05\nocons\shot3\Seed0\source_multilayer_prototypes.pt,0.75,gamma0p75,dec3,1,vertebrae,3,8,32,7173,7173,1074,1,0.9306502938270569,9,34
3,0,SIEMENS_SymphonyTim_37743_T1-TSE,179|180|23,D:\Running_Place\PostGraduateProjects\Experiments\PostGraduate\backbones\DisperssionWithSADG_ConstraintStyleRegularization\Seg-SADG\BaryRadGate\a0p08\rho0p5\gb8\sadg0p05\nocons\shot3\Seed0\baseline_model_with_metadata.pt,D:\Running_Place\PostGraduateProjects\Experiments\PostGraduate\backbones\Prompts\Seg-SADG\BaryRadGate\a0p08\rho0p5\gb8\sadg0p05\nocons\shot3\Seed0,D:\Running_Place\PostGraduateProjects\Experiments\PostGraduate\backbones\Prompts\Seg-SADG\BaryRadGate\a0p08\rho0p5\gb8\sadg0p05\nocons\shot3\Seed0\source_multilayer_prototypes.pt,0.75,gamma0p75,dec3,1,vertebrae,4,8,32,7173,7173,1302,1,0.9176661968231201,9,34
3,0,SIEMENS_SymphonyTim_37743_T1-TSE,179|180|23,D:\Running_Place\PostGraduateProjects\Experiments\PostGraduate\backbones\DisperssionWithSADG_ConstraintStyleRegularization\Seg-SADG\BaryRadGate\a0p08\rho0p5\gb8\sadg0p05\nocons\shot3\Seed0\baseline_model_with_metadata.pt,D:\Running_Place\PostGraduateProjects\Experiments\PostGraduate\backbones\Prompts\Seg-SADG\BaryRadGate\a0p08\rho0p5\gb8\sadg0p05\nocons\shot3\Seed0,D:\Running_Place\PostGraduateProjects\Experiments\PostGraduate\backbones\Prompts\Seg-SADG\BaryRadGate\a0p08\rho0p5\gb8\sadg0p05\nocons\shot3\Seed0\source_multilayer_prototypes.pt,0.75,gamma0p75,dec3,1,vertebrae,5,8,32,7173,7173,714,1,0.8649454116821289,9,34
3,0,SIEMENS_SymphonyTim_37743_T1-TSE,179|180|23,D:\Running_Place\PostGraduateProjects\Experiments\PostGraduate\backbones\DisperssionWithSADG_ConstraintStyleRegularization\Seg-SADG\BaryRadGate\a0p08\rho0p5\gb8\sadg0p05\nocons\shot3\Seed0\baseline_model_with_metadata.pt,D:\Running_Place\PostGraduateProjects\Experiments\PostGraduate\backbones\Prompts\Seg-SADG\BaryRadGate\a0p08\rho0p5\gb8\sadg0p05\nocons\shot3\Seed0,D:\Running_Place\PostGraduateProjects\Experiments\PostGraduate\backbones\Prompts\Seg-SADG\BaryRadGate\a0p08\rho0p5\gb8\sadg0p05\nocons\shot3\Seed0\source_multilayer_prototypes.pt,0.75,gamma0p75,dec3,1,vertebrae,6,8,32,7173,7173,610,1,0.8953098058700562,9,34
3,0,SIEMENS_SymphonyTim_37743_T1-TSE,179|180|23,D:\Running_Place\PostGraduateProjects\Experiments\PostGraduate\backbones\DisperssionWithSADG_ConstraintStyleRegularization\Seg-SADG\BaryRadGate\a0p08\rho0p5\gb8\sadg0p05\nocons\shot3\Seed0\baseline_model_with_metadata.pt,D:\Running_Place\PostGraduateProjects\Experiments\PostGraduate\backbones\Prompts\Seg-SADG\BaryRadGate\a0p08\rho0p5\gb8\sadg0p05\nocons\shot3\Seed0,D:\Running_Place\PostGraduateProjects\Experiments\PostGraduate\backbones\Prompts\Seg-SADG\BaryRadGate\a0p08\rho0p5\gb8\sadg0p05\nocons\shot3\Seed0\source_multilayer_prototypes.pt,0.75,gamma0p75,dec3,1,vertebrae,7,8,32,7173,7173,1248,1,0.9208835363388062,9,34
3,0,SIEMENS_SymphonyTim_37743_T1-TSE,179|180|23,D:\Running_Place\PostGraduateProjects\Experiments\PostGraduate\backbones\DisperssionWithSADG_ConstraintStyleRegularization\Seg-SADG\BaryRadGate\a0p08\rho0p5\gb8\sadg0p05\nocons\shot3\Seed0\baseline_model_with_metadata.pt,D:\Running_Place\PostGraduateProjects\Experiments\PostGraduate\backbones\Prompts\Seg-SADG\BaryRadGate\a0p08\rho0p5\gb8\sadg0p05\nocons\shot3\Seed0,D:\Running_Place\PostGraduateProjects\Experiments\PostGraduate\backbones\Prompts\Seg-SADG\BaryRadGate\a0p08\rho0p5\gb8\sadg0p05\nocons\shot3\Seed0\source_multilayer_prototypes.pt,0.75,gamma0p75,dec3,2,intervertebral_discs,0,4,32,1275,1275,173,1,0.8527671694755554,9,34
3,0,SIEMENS_SymphonyTim_37743_T1-TSE,179|180|23,D:\Running_Place\PostGraduateProjects\Experiments\PostGraduate\backbones\DisperssionWithSADG_ConstraintStyleRegularization\Seg-SADG\BaryRadGate\a0p08\rho0p5\gb8\sadg0p05\nocons\shot3\Seed0\baseline_model_with_metadata.pt,D:\Running_Place\PostGraduateProjects\Experiments\PostGraduate\backbones\Prompts\Seg-SADG\BaryRadGate\a0p08\rho0p5\gb8\sadg0p05\nocons\shot3\Seed0,D:\Running_Place\PostGraduateProjects\Experiments\PostGraduate\backbones\Prompts\Seg-SADG\BaryRadGate\a0p08\rho0p5\gb8\sadg0p05\nocons\shot3\Seed0\source_multilayer_prototypes.pt,0.75,gamma0p75,dec3,2,intervertebral_discs,1,4,32,1275,1275,275,1,0.8851953744888306,9,34
3,0,SIEMENS_SymphonyTim_37743_T1-TSE,179|180|23,D:\Running_Place\PostGraduateProjects\Experiments\PostGraduate\backbones\DisperssionWithSADG_ConstraintStyleRegularization\Seg-SADG\BaryRadGate\a0p08\rho0p5\gb8\sadg0p05\nocons\shot3\Seed0\baseline_model_with_metadata.pt,D:\Running_Place\PostGraduateProjects\Experiments\PostGraduate\backbones\Prompts\Seg-SADG\BaryRadGate\a0p08\rho0p5\gb8\sadg0p05\nocons\shot3\Seed0,D:\Running_Place\PostGraduateProjects\Experiments\PostGraduate\backbones\Prompts\Seg-SADG\BaryRadGate\a0p08\rho0p5\gb8\sadg0p05\nocons\shot3\Seed0\source_multilayer_prototypes.pt,0.75,gamma0p75,dec3,2,intervertebral_discs,2,4,32,1275,1275,579,1,0.9223412871360779,9,34
3,0,SIEMENS_SymphonyTim_37743_T1-TSE,179|180|23,D:\Running_Place\PostGraduateProjects\Experiments\PostGraduate\backbones\DisperssionWithSADG_ConstraintStyleRegularization\Seg-SADG\BaryRadGate\a0p08\rho0p5\gb8\sadg0p05\nocons\shot3\Seed0\baseline_model_with_metadata.pt,D:\Running_Place\PostGraduateProjects\Experiments\PostGraduate\backbones\Prompts\Seg-SADG\BaryRadGate\a0p08\rho0p5\gb8\sadg0p05\nocons\shot3\Seed0,D:\Running_Place\PostGraduateProjects\Experiments\PostGraduate\backbones\Prompts\Seg-SADG\BaryRadGate\a0p08\rho0p5\gb8\sadg0p05\nocons\shot3\Seed0\source_multilayer_prototypes.pt,0.75,gamma0p75,dec3,2,intervertebral_discs,3,4,32,1275,1275,248,1,0.8709114789962769,9,34
3,0,SIEMENS_SymphonyTim_37743_T1-TSE,179|180|23,D:\Running_Place\PostGraduateProjects\Experiments\PostGraduate\backbones\DisperssionWithSADG_ConstraintStyleRegularization\Seg-SADG\BaryRadGate\a0p08\rho0p5\gb8\sadg0p05\nocons\shot3\Seed0\baseline_model_with_metadata.pt,D:\Running_Place\PostGraduateProjects\Experiments\PostGraduate\backbones\Prompts\Seg-SADG\BaryRadGate\a0p08\rho0p5\gb8\sadg0p05\nocons\shot3\Seed0,D:\Running_Place\PostGraduateProjects\Experiments\PostGraduate\backbones\Prompts\Seg-SADG\BaryRadGate\a0p08\rho0p5\gb8\sadg0p05\nocons\shot3\Seed0\source_multilayer_prototypes.pt,0.75,gamma0p75,dec2,0,background,0,8,16,392564,50000,15560,1,0.9518476128578186,9,34
3,0,SIEMENS_SymphonyTim_37743_T1-TSE,179|180|23,D:\Running_Place\PostGraduateProjects\Experiments\PostGraduate\backbones\DisperssionWithSADG_ConstraintStyleRegularization\Seg-SADG\BaryRadGate\a0p08\rho0p5\gb8\sadg0p05\nocons\shot3\Seed0\baseline_model_with_metadata.pt,D:\Running_Place\PostGraduateProjects\Experiments\PostGraduate\backbones\Prompts\Seg-SADG\BaryRadGate\a0p08\rho0p5\gb8\sadg0p05\nocons\shot3\Seed0,D:\Running_Place\PostGraduateProjects\Experiments\PostGraduate\backbones\Prompts\Seg-SADG\BaryRadGate\a0p08\rho0p5\gb8\sadg0p05\nocons\shot3\Seed0\source_multilayer_prototypes.pt,0.75,gamma0p75,dec2,0,background,1,8,16,392564,50000,5958,1,0.8653882741928101,9,34
3,0,SIEMENS_SymphonyTim_37743_T1-TSE,179|180|23,D:\Running_Place\PostGraduateProjects\Experiments\PostGraduate\backbones\DisperssionWithSADG_ConstraintStyleRegularization\Seg-SADG\BaryRadGate\a0p08\rho0p5\gb8\sadg0p05\nocons\shot3\Seed0\baseline_model_with_metadata.pt,D:\Running_Place\PostGraduateProjects\Experiments\PostGraduate\backbones\Prompts\Seg-SADG\BaryRadGate\a0p08\rho0p5\gb8\sadg0p05\nocons\shot3\Seed0,D:\Running_Place\PostGraduateProjects\Experiments\PostGraduate\backbones\Prompts\Seg-SADG\BaryRadGate\a0p08\rho0p5\gb8\sadg0p05\nocons\shot3\Seed0\source_multilayer_prototypes.pt,0.75,gamma0p75,dec2,0,background,2,8,16,392564,50000,4186,1,0.8424391746520996,9,34
3,0,SIEMENS_SymphonyTim_37743_T1-TSE,179|180|23,D:\Running_Place\PostGraduateProjects\Experiments\PostGraduate\backbones\DisperssionWithSADG_ConstraintStyleRegularization\Seg-SADG\BaryRadGate\a0p08\rho0p5\gb8\sadg0p05\nocons\shot3\Seed0\baseline_model_with_metadata.pt,D:\Running_Place\PostGraduateProjects\Experiments\PostGraduate\backbones\Prompts\Seg-SADG\BaryRadGate\a0p08\rho0p5\gb8\sadg0p05\nocons\shot3\Seed0,D:\Running_Place\PostGraduateProjects\Experiments\PostGraduate\backbones\Prompts\Seg-SADG\BaryRadGate\a0p08\rho0p5\gb8\sadg0p05\nocons\shot3\Seed0\source_multilayer_prototypes.pt,0.75,gamma0p75,dec2,0,background,3,8,16,392564,50000,4976,1,0.850817084312439,9,34
3,0,SIEMENS_SymphonyTim_37743_T1-TSE,179|180|23,D:\Running_Place\PostGraduateProjects\Experiments\PostGraduate\backbones\DisperssionWithSADG_ConstraintStyleRegularization\Seg-SADG\BaryRadGate\a0p08\rho0p5\gb8\sadg0p05\nocons\shot3\Seed0\baseline_model_with_metadata.pt,D:\Running_Place\PostGraduateProjects\Experiments\PostGraduate\backbones\Prompts\Seg-SADG\BaryRadGate\a0p08\rho0p5\gb8\sadg0p05\nocons\shot3\Seed0,D:\Running_Place\PostGraduateProjects\Experiments\PostGraduate\backbones\Prompts\Seg-SADG\BaryRadGate\a0p08\rho0p5\gb8\sadg0p05\nocons\shot3\Seed0\source_multilayer_prototypes.pt,0.75,gamma0p75,dec2,0,background,4,8,16,392564,50000,4719,1,0.8916033506393433,9,34
3,0,SIEMENS_SymphonyTim_37743_T1-TSE,179|180|23,D:\Running_Place\PostGraduateProjects\Experiments\PostGraduate\backbones\DisperssionWithSADG_ConstraintStyleRegularization\Seg-SADG\BaryRadGate\a0p08\rho0p5\gb8\sadg0p05\nocons\shot3\Seed0\baseline_model_with_metadata.pt,D:\Running_Place\PostGraduateProjects\Experiments\PostGraduate\backbones\Prompts\Seg-SADG\BaryRadGate\a0p08\rho0p5\gb8\sadg0p05\nocons\shot3\Seed0,D:\Running_Place\PostGraduateProjects\Experiments\PostGraduate\backbones\Prompts\Seg-SADG\BaryRadGate\a0p08\rho0p5\gb8\sadg0p05\nocons\shot3\Seed0\source_multilayer_prototypes.pt,0.75,gamma0p75,dec2,0,background,5,8,16,392564,50000,10654,1,0.9247400164604187,9,34
3,0,SIEMENS_SymphonyTim_37743_T1-TSE,179|180|23,D:\Running_Place\PostGraduateProjects\Experiments\PostGraduate\backbones\DisperssionWithSADG_ConstraintStyleRegularization\Seg-SADG\BaryRadGate\a0p08\rho0p5\gb8\sadg0p05\nocons\shot3\Seed0\baseline_model_with_metadata.pt,D:\Running_Place\PostGraduateProjects\Experiments\PostGraduate\backbones\Prompts\Seg-SADG\BaryRadGate\a0p08\rho0p5\gb8\sadg0p05\nocons\shot3\Seed0,D:\Running_Place\PostGraduateProjects\Experiments\PostGraduate\backbones\Prompts\Seg-SADG\BaryRadGate\a0p08\rho0p5\gb8\sadg0p05\nocons\shot3\Seed0\source_multilayer_prototypes.pt,0.75,gamma0p75,dec2,0,background,6,8,16,392564,50000,2905,1,0.6473718881607056,9,34
3,0,SIEMENS_SymphonyTim_37743_T1-TSE,179|180|23,D:\Running_Place\PostGraduateProjects\Experiments\PostGraduate\backbones\DisperssionWithSADG_ConstraintStyleRegularization\Seg-SADG\BaryRadGate\a0p08\rho0p5\gb8\sadg0p05\nocons\shot3\Seed0\baseline_model_with_metadata.pt,D:\Running_Place\PostGraduateProjects\Experiments\PostGraduate\backbones\Prompts\Seg-SADG\BaryRadGate\a0p08\rho0p5\gb8\sadg0p05\nocons\shot3\Seed0,D:\Running_Place\PostGraduateProjects\Experiments\PostGraduate\backbones\Prompts\Seg-SADG\BaryRadGate\a0p08\rho0p5\gb8\sadg0p05\nocons\shot3\Seed0\source_multilayer_prototypes.pt,0.75,gamma0p75,dec2,0,background,7,8,16,392564,50000,1042,1,0.8100244998931885,9,34
3,0,SIEMENS_SymphonyTim_37743_T1-TSE,179|180|23,D:\Running_Place\PostGraduateProjects\Experiments\PostGraduate\backbones\DisperssionWithSADG_ConstraintStyleRegularization\Seg-SADG\BaryRadGate\a0p08\rho0p5\gb8\sadg0p05\nocons\shot3\Seed0\baseline_model_with_metadata.pt,D:\Running_Place\PostGraduateProjects\Experiments\PostGraduate\backbones\Prompts\Seg-SADG\BaryRadGate\a0p08\rho0p5\gb8\sadg0p05\nocons\shot3\Seed0,D:\Running_Place\PostGraduateProjects\Experiments\PostGraduate\backbones\Prompts\Seg-SADG\BaryRadGate\a0p08\rho0p5\gb8\sadg0p05\nocons\shot3\Seed0\source_multilayer_prototypes.pt,0.75,gamma0p75,dec2,1,vertebrae,0,8,16,28844,28844,1460,1,0.8708486557006836,9,34
3,0,SIEMENS_SymphonyTim_37743_T1-TSE,179|180|23,D:\Running_Place\PostGraduateProjects\Experiments\PostGraduate\backbones\DisperssionWithSADG_ConstraintStyleRegularization\Seg-SADG\BaryRadGate\a0p08\rho0p5\gb8\sadg0p05\nocons\shot3\Seed0\baseline_model_with_metadata.pt,D:\Running_Place\PostGraduateProjects\Experiments\PostGraduate\backbones\Prompts\Seg-SADG\BaryRadGate\a0p08\rho0p5\gb8\sadg0p05\nocons\shot3\Seed0,D:\Running_Place\PostGraduateProjects\Experiments\PostGraduate\backbones\Prompts\Seg-SADG\BaryRadGate\a0p08\rho0p5\gb8\sadg0p05\nocons\shot3\Seed0\source_multilayer_prototypes.pt,0.75,gamma0p75,dec2,1,vertebrae,1,8,16,28844,28844,6774,1,0.9560837745666504,9,34
3,0,SIEMENS_SymphonyTim_37743_T1-TSE,179|180|23,D:\Running_Place\PostGraduateProjects\Experiments\PostGraduate\backbones\DisperssionWithSADG_ConstraintStyleRegularization\Seg-SADG\BaryRadGate\a0p08\rho0p5\gb8\sadg0p05\nocons\shot3\Seed0\baseline_model_with_metadata.pt,D:\Running_Place\PostGraduateProjects\Experiments\PostGraduate\backbones\Prompts\Seg-SADG\BaryRadGate\a0p08\rho0p5\gb8\sadg0p05\nocons\shot3\Seed0,D:\Running_Place\PostGraduateProjects\Experiments\PostGraduate\backbones\Prompts\Seg-SADG\BaryRadGate\a0p08\rho0p5\gb8\sadg0p05\nocons\shot3\Seed0\source_multilayer_prototypes.pt,0.75,gamma0p75,dec2,1,vertebrae,2,8,16,28844,28844,1634,1,0.8591876029968262,9,34
3,0,SIEMENS_SymphonyTim_37743_T1-TSE,179|180|23,D:\Running_Place\PostGraduateProjects\Experiments\PostGraduate\backbones\DisperssionWithSADG_ConstraintStyleRegularization\Seg-SADG\BaryRadGate\a0p08\rho0p5\gb8\sadg0p05\nocons\shot3\Seed0\baseline_model_with_metadata.pt,D:\Running_Place\PostGraduateProjects\Experiments\PostGraduate\backbones\Prompts\Seg-SADG\BaryRadGate\a0p08\rho0p5\gb8\sadg0p05\nocons\shot3\Seed0,D:\Running_Place\PostGraduateProjects\Experiments\PostGraduate\backbones\Prompts\Seg-SADG\BaryRadGate\a0p08\rho0p5\gb8\sadg0p05\nocons\shot3\Seed0\source_multilayer_prototypes.pt,0.75,gamma0p75,dec2,1,vertebrae,3,8,16,28844,28844,1943,1,0.8981386423110962,9,34
3,0,SIEMENS_SymphonyTim_37743_T1-TSE,179|180|23,D:\Running_Place\PostGraduateProjects\Experiments\PostGraduate\backbones\DisperssionWithSADG_ConstraintStyleRegularization\Seg-SADG\BaryRadGate\a0p08\rho0p5\gb8\sadg0p05\nocons\shot3\Seed0\baseline_model_with_metadata.pt,D:\Running_Place\PostGraduateProjects\Experiments\PostGraduate\backbones\Prompts\Seg-SADG\BaryRadGate\a0p08\rho0p5\gb8\sadg0p05\nocons\shot3\Seed0,D:\Running_Place\PostGraduateProjects\Experiments\PostGraduate\backbones\Prompts\Seg-SADG\BaryRadGate\a0p08\rho0p5\gb8\sadg0p05\nocons\shot3\Seed0\source_multilayer_prototypes.pt,0.75,gamma0p75,dec2,1,vertebrae,4,8,16,28844,28844,10739,1,0.9676353931427002,9,34
3,0,SIEMENS_SymphonyTim_37743_T1-TSE,179|180|23,D:\Running_Place\PostGraduateProjects\Experiments\PostGraduate\backbones\DisperssionWithSADG_ConstraintStyleRegularization\Seg-SADG\BaryRadGate\a0p08\rho0p5\gb8\sadg0p05\nocons\shot3\Seed0\baseline_model_with_metadata.pt,D:\Running_Place\PostGraduateProjects\Experiments\PostGraduate\backbones\Prompts\Seg-SADG\BaryRadGate\a0p08\rho0p5\gb8\sadg0p05\nocons\shot3\Seed0,D:\Running_Place\PostGraduateProjects\Experiments\PostGraduate\backbones\Prompts\Seg-SADG\BaryRadGate\a0p08\rho0p5\gb8\sadg0p05\nocons\shot3\Seed0\source_multilayer_prototypes.pt,0.75,gamma0p75,dec2,1,vertebrae,5,8,16,28844,28844,3699,1,0.9362173676490784,9,34
3,0,SIEMENS_SymphonyTim_37743_T1-TSE,179|180|23,D:\Running_Place\PostGraduateProjects\Experiments\PostGraduate\backbones\DisperssionWithSADG_ConstraintStyleRegularization\Seg-SADG\BaryRadGate\a0p08\rho0p5\gb8\sadg0p05\nocons\shot3\Seed0\baseline_model_with_metadata.pt,D:\Running_Place\PostGraduateProjects\Experiments\PostGraduate\backbones\Prompts\Seg-SADG\BaryRadGate\a0p08\rho0p5\gb8\sadg0p05\nocons\shot3\Seed0,D:\Running_Place\PostGraduateProjects\Experiments\PostGraduate\backbones\Prompts\Seg-SADG\BaryRadGate\a0p08\rho0p5\gb8\sadg0p05\nocons\shot3\Seed0\source_multilayer_prototypes.pt,0.75,gamma0p75,dec2,1,vertebrae,6,8,16,28844,28844,977,1,0.8272077441215515,9,34
3,0,SIEMENS_SymphonyTim_37743_T1-TSE,179|180|23,D:\Running_Place\PostGraduateProjects\Experiments\PostGraduate\backbones\DisperssionWithSADG_ConstraintStyleRegularization\Seg-SADG\BaryRadGate\a0p08\rho0p5\gb8\sadg0p05\nocons\shot3\Seed0\baseline_model_with_metadata.pt,D:\Running_Place\PostGraduateProjects\Experiments\PostGraduate\backbones\Prompts\Seg-SADG\BaryRadGate\a0p08\rho0p5\gb8\sadg0p05\nocons\shot3\Seed0,D:\Running_Place\PostGraduateProjects\Experiments\PostGraduate\backbones\Prompts\Seg-SADG\BaryRadGate\a0p08\rho0p5\gb8\sadg0p05\nocons\shot3\Seed0\source_multilayer_prototypes.pt,0.75,gamma0p75,dec2,1,vertebrae,7,8,16,28844,28844,1618,1,0.8725041747093201,9,34
3,0,SIEMENS_SymphonyTim_37743_T1-TSE,179|180|23,D:\Running_Place\PostGraduateProjects\Experiments\PostGraduate\backbones\DisperssionWithSADG_ConstraintStyleRegularization\Seg-SADG\BaryRadGate\a0p08\rho0p5\gb8\sadg0p05\nocons\shot3\Seed0\baseline_model_with_metadata.pt,D:\Running_Place\PostGraduateProjects\Experiments\PostGraduate\backbones\Prompts\Seg-SADG\BaryRadGate\a0p08\rho0p5\gb8\sadg0p05\nocons\shot3\Seed0,D:\Running_Place\PostGraduateProjects\Experiments\PostGraduate\backbones\Prompts\Seg-SADG\BaryRadGate\a0p08\rho0p5\gb8\sadg0p05\nocons\shot3\Seed0\source_multilayer_prototypes.pt,0.75,gamma0p75,dec2,2,intervertebral_discs,0,4,16,5088,5088,923,1,0.9464965462684631,9,34
3,0,SIEMENS_SymphonyTim_37743_T1-TSE,179|180|23,D:\Running_Place\PostGraduateProjects\Experiments\PostGraduate\backbones\DisperssionWithSADG_ConstraintStyleRegularization\Seg-SADG\BaryRadGate\a0p08\rho0p5\gb8\sadg0p05\nocons\shot3\Seed0\baseline_model_with_metadata.pt,D:\Running_Place\PostGraduateProjects\Experiments\PostGraduate\backbones\Prompts\Seg-SADG\BaryRadGate\a0p08\rho0p5\gb8\sadg0p05\nocons\shot3\Seed0,D:\Running_Place\PostGraduateProjects\Experiments\PostGraduate\backbones\Prompts\Seg-SADG\BaryRadGate\a0p08\rho0p5\gb8\sadg0p05\nocons\shot3\Seed0\source_multilayer_prototypes.pt,0.75,gamma0p75,dec2,2,intervertebral_discs,1,4,16,5088,5088,1195,1,0.9558845162391663,9,34
3,0,SIEMENS_SymphonyTim_37743_T1-TSE,179|180|23,D:\Running_Place\PostGraduateProjects\Experiments\PostGraduate\backbones\DisperssionWithSADG_ConstraintStyleRegularization\Seg-SADG\BaryRadGate\a0p08\rho0p5\gb8\sadg0p05\nocons\shot3\Seed0\baseline_model_with_metadata.pt,D:\Running_Place\PostGraduateProjects\Experiments\PostGraduate\backbones\Prompts\Seg-SADG\BaryRadGate\a0p08\rho0p5\gb8\sadg0p05\nocons\shot3\Seed0,D:\Running_Place\PostGraduateProjects\Experiments\PostGraduate\backbones\Prompts\Seg-SADG\BaryRadGate\a0p08\rho0p5\gb8\sadg0p05\nocons\shot3\Seed0\source_multilayer_prototypes.pt,0.75,gamma0p75,dec2,2,intervertebral_discs,2,4,16,5088,5088,1452,1,0.9624670743942261,9,34
3,0,SIEMENS_SymphonyTim_37743_T1-TSE,179|180|23,D:\Running_Place\PostGraduateProjects\Experiments\PostGraduate\backbones\DisperssionWithSADG_ConstraintStyleRegularization\Seg-SADG\BaryRadGate\a0p08\rho0p5\gb8\sadg0p05\nocons\shot3\Seed0\baseline_model_with_metadata.pt,D:\Running_Place\PostGraduateProjects\Experiments\PostGraduate\backbones\Prompts\Seg-SADG\BaryRadGate\a0p08\rho0p5\gb8\sadg0p05\nocons\shot3\Seed0,D:\Running_Place\PostGraduateProjects\Experiments\PostGraduate\backbones\Prompts\Seg-SADG\BaryRadGate\a0p08\rho0p5\gb8\sadg0p05\nocons\shot3\Seed0\source_multilayer_prototypes.pt,0.75,gamma0p75,dec2,2,intervertebral_discs,3,4,16,5088,5088,1518,1,0.9749881625175476,9,34
3,0,SIEMENS_SymphonyTim_37743_T1-TSE,179|180|23,D:\Running_Place\PostGraduateProjects\Experiments\PostGraduate\backbones\DisperssionWithSADG_ConstraintStyleRegularization\Seg-SADG\BaryRadGate\a0p08\rho0p5\gb8\sadg0p05\nocons\shot3\Seed0\baseline_model_with_metadata.pt,D:\Running_Place\PostGraduateProjects\Experiments\PostGraduate\backbones\Prompts\Seg-SADG\BaryRadGate\a0p08\rho0p5\gb8\sadg0p05\nocons\shot3\Seed0,D:\Running_Place\PostGraduateProjects\Experiments\PostGraduate\backbones\Prompts\Seg-SADG\BaryRadGate\a0p08\rho0p5\gb8\sadg0p05\nocons\shot3\Seed0\source_multilayer_prototypes.pt,0.75,gamma0p75,dec1,0,background,0,8,16,1569957,50000,16028,1,0.9959753751754761,9,34
3,0,SIEMENS_SymphonyTim_37743_T1-TSE,179|180|23,D:\Running_Place\PostGraduateProjects\Experiments\PostGraduate\backbones\DisperssionWithSADG_ConstraintStyleRegularization\Seg-SADG\BaryRadGate\a0p08\rho0p5\gb8\sadg0p05\nocons\shot3\Seed0\baseline_model_with_metadata.pt,D:\Running_Place\PostGraduateProjects\Experiments\PostGraduate\backbones\Prompts\Seg-SADG\BaryRadGate\a0p08\rho0p5\gb8\sadg0p05\nocons\shot3\Seed0,D:\Running_Place\PostGraduateProjects\Experiments\PostGraduate\backbones\Prompts\Seg-SADG\BaryRadGate\a0p08\rho0p5\gb8\sadg0p05\nocons\shot3\Seed0\source_multilayer_prototypes.pt,0.75,gamma0p75,dec1,0,background,1,8,16,1569957,50000,470,1,0.8184934854507446,9,34
3,0,SIEMENS_SymphonyTim_37743_T1-TSE,179|180|23,D:\Running_Place\PostGraduateProjects\Experiments\PostGraduate\backbones\DisperssionWithSADG_ConstraintStyleRegularization\Seg-SADG\BaryRadGate\a0p08\rho0p5\gb8\sadg0p05\nocons\shot3\Seed0\baseline_model_with_metadata.pt,D:\Running_Place\PostGraduateProjects\Experiments\PostGraduate\backbones\Prompts\Seg-SADG\BaryRadGate\a0p08\rho0p5\gb8\sadg0p05\nocons\shot3\Seed0,D:\Running_Place\PostGraduateProjects\Experiments\PostGraduate\backbones\Prompts\Seg-SADG\BaryRadGate\a0p08\rho0p5\gb8\sadg0p05\nocons\shot3\Seed0\source_multilayer_prototypes.pt,0.75,gamma0p75,dec1,0,background,2,8,16,1569957,50000,8292,1,0.9922613501548767,9,34
3,0,SIEMENS_SymphonyTim_37743_T1-TSE,179|180|23,D:\Running_Place\PostGraduateProjects\Experiments\PostGraduate\backbones\DisperssionWithSADG_ConstraintStyleRegularization\Seg-SADG\BaryRadGate\a0p08\rho0p5\gb8\sadg0p05\nocons\shot3\Seed0\baseline_model_with_metadata.pt,D:\Running_Place\PostGraduateProjects\Experiments\PostGraduate\backbones\Prompts\Seg-SADG\BaryRadGate\a0p08\rho0p5\gb8\sadg0p05\nocons\shot3\Seed0,D:\Running_Place\PostGraduateProjects\Experiments\PostGraduate\backbones\Prompts\Seg-SADG\BaryRadGate\a0p08\rho0p5\gb8\sadg0p05\nocons\shot3\Seed0\source_multilayer_prototypes.pt,0.75,gamma0p75,dec1,0,background,3,8,16,1569957,50000,8372,1,0.993828535079956,9,34
3,0,SIEMENS_SymphonyTim_37743_T1-TSE,179|180|23,D:\Running_Place\PostGraduateProjects\Experiments\PostGraduate\backbones\DisperssionWithSADG_ConstraintStyleRegularization\Seg-SADG\BaryRadGate\a0p08\rho0p5\gb8\sadg0p05\nocons\shot3\Seed0\baseline_model_with_metadata.pt,D:\Running_Place\PostGraduateProjects\Experiments\PostGraduate\backbones\Prompts\Seg-SADG\BaryRadGate\a0p08\rho0p5\gb8\sadg0p05\nocons\shot3\Seed0,D:\Running_Place\PostGraduateProjects\Experiments\PostGraduate\backbones\Prompts\Seg-SADG\BaryRadGate\a0p08\rho0p5\gb8\sadg0p05\nocons\shot3\Seed0\source_multilayer_prototypes.pt,0.75,gamma0p75,dec1,0,background,4,8,16,1569957,50000,775,1,0.9279073476791382,9,34
3,0,SIEMENS_SymphonyTim_37743_T1-TSE,179|180|23,D:\Running_Place\PostGraduateProjects\Experiments\PostGraduate\backbones\DisperssionWithSADG_ConstraintStyleRegularization\Seg-SADG\BaryRadGate\a0p08\rho0p5\gb8\sadg0p05\nocons\shot3\Seed0\baseline_model_with_metadata.pt,D:\Running_Place\PostGraduateProjects\Experiments\PostGraduate\backbones\Prompts\Seg-SADG\BaryRadGate\a0p08\rho0p5\gb8\sadg0p05\nocons\shot3\Seed0,D:\Running_Place\PostGraduateProjects\Experiments\PostGraduate\backbones\Prompts\Seg-SADG\BaryRadGate\a0p08\rho0p5\gb8\sadg0p05\nocons\shot3\Seed0\source_multilayer_prototypes.pt,0.75,gamma0p75,dec1,0,background,5,8,16,1569957,50000,15041,1,0.9946686029434204,9,34
3,0,SIEMENS_SymphonyTim_37743_T1-TSE,179|180|23,D:\Running_Place\PostGraduateProjects\Experiments\PostGraduate\backbones\DisperssionWithSADG_ConstraintStyleRegularization\Seg-SADG\BaryRadGate\a0p08\rho0p5\gb8\sadg0p05\nocons\shot3\Seed0\baseline_model_with_metadata.pt,D:\Running_Place\PostGraduateProjects\Experiments\PostGraduate\backbones\Prompts\Seg-SADG\BaryRadGate\a0p08\rho0p5\gb8\sadg0p05\nocons\shot3\Seed0,D:\Running_Place\PostGraduateProjects\Experiments\PostGraduate\backbones\Prompts\Seg-SADG\BaryRadGate\a0p08\rho0p5\gb8\sadg0p05\nocons\shot3\Seed0\source_multilayer_prototypes.pt,0.75,gamma0p75,dec1,0,background,6,8,16,1569957,50000,761,1,0.95036381483078,9,34
3,0,SIEMENS_SymphonyTim_37743_T1-TSE,179|180|23,D:\Running_Place\PostGraduateProjects\Experiments\PostGraduate\backbones\DisperssionWithSADG_ConstraintStyleRegularization\Seg-SADG\BaryRadGate\a0p08\rho0p5\gb8\sadg0p05\nocons\shot3\Seed0\baseline_model_with_metadata.pt,D:\Running_Place\PostGraduateProjects\Experiments\PostGraduate\backbones\Prompts\Seg-SADG\BaryRadGate\a0p08\rho0p5\gb8\sadg0p05\nocons\shot3\Seed0,D:\Running_Place\PostGraduateProjects\Experiments\PostGraduate\backbones\Prompts\Seg-SADG\BaryRadGate\a0p08\rho0p5\gb8\sadg0p05\nocons\shot3\Seed0\source_multilayer_prototypes.pt,0.75,gamma0p75,dec1,0,background,7,8,16,1569957,50000,261,1,0.885903537273407,9,34
3,0,SIEMENS_SymphonyTim_37743_T1-TSE,179|180|23,D:\Running_Place\PostGraduateProjects\Experiments\PostGraduate\backbones\DisperssionWithSADG_ConstraintStyleRegularization\Seg-SADG\BaryRadGate\a0p08\rho0p5\gb8\sadg0p05\nocons\shot3\Seed0\baseline_model_with_metadata.pt,D:\Running_Place\PostGraduateProjects\Experiments\PostGraduate\backbones\Prompts\Seg-SADG\BaryRadGate\a0p08\rho0p5\gb8\sadg0p05\nocons\shot3\Seed0,D:\Running_Place\PostGraduateProjects\Experiments\PostGraduate\backbones\Prompts\Seg-SADG\BaryRadGate\a0p08\rho0p5\gb8\sadg0p05\nocons\shot3\Seed0\source_multilayer_prototypes.pt,0.75,gamma0p75,dec1,1,vertebrae,0,8,16,115259,50000,2148,1,0.9707148671150208,9,34
3,0,SIEMENS_SymphonyTim_37743_T1-TSE,179|180|23,D:\Running_Place\PostGraduateProjects\Experiments\PostGraduate\backbones\DisperssionWithSADG_ConstraintStyleRegularization\Seg-SADG\BaryRadGate\a0p08\rho0p5\gb8\sadg0p05\nocons\shot3\Seed0\baseline_model_with_metadata.pt,D:\Running_Place\PostGraduateProjects\Experiments\PostGraduate\backbones\Prompts\Seg-SADG\BaryRadGate\a0p08\rho0p5\gb8\sadg0p05\nocons\shot3\Seed0,D:\Running_Place\PostGraduateProjects\Experiments\PostGraduate\backbones\Prompts\Seg-SADG\BaryRadGate\a0p08\rho0p5\gb8\sadg0p05\nocons\shot3\Seed0\source_multilayer_prototypes.pt,0.75,gamma0p75,dec1,1,vertebrae,1,8,16,115259,50000,33753,1,0.998203694820404,9,34
3,0,SIEMENS_SymphonyTim_37743_T1-TSE,179|180|23,D:\Running_Place\PostGraduateProjects\Experiments\PostGraduate\backbones\DisperssionWithSADG_ConstraintStyleRegularization\Seg-SADG\BaryRadGate\a0p08\rho0p5\gb8\sadg0p05\nocons\shot3\Seed0\baseline_model_with_metadata.pt,D:\Running_Place\PostGraduateProjects\Experiments\PostGraduate\backbones\Prompts\Seg-SADG\BaryRadGate\a0p08\rho0p5\gb8\sadg0p05\nocons\shot3\Seed0,D:\Running_Place\PostGraduateProjects\Experiments\PostGraduate\backbones\Prompts\Seg-SADG\BaryRadGate\a0p08\rho0p5\gb8\sadg0p05\nocons\shot3\Seed0\source_multilayer_prototypes.pt,0.75,gamma0p75,dec1,1,vertebrae,2,8,16,115259,50000,1303,1,0.9487464427947998,9,34
3,0,SIEMENS_SymphonyTim_37743_T1-TSE,179|180|23,D:\Running_Place\PostGraduateProjects\Experiments\PostGraduate\backbones\DisperssionWithSADG_ConstraintStyleRegularization\Seg-SADG\BaryRadGate\a0p08\rho0p5\gb8\sadg0p05\nocons\shot3\Seed0\baseline_model_with_metadata.pt,D:\Running_Place\PostGraduateProjects\Experiments\PostGraduate\backbones\Prompts\Seg-SADG\BaryRadGate\a0p08\rho0p5\gb8\sadg0p05\nocons\shot3\Seed0,D:\Running_Place\PostGraduateProjects\Experiments\PostGraduate\backbones\Prompts\Seg-SADG\BaryRadGate\a0p08\rho0p5\gb8\sadg0p05\nocons\shot3\Seed0\source_multilayer_prototypes.pt,0.75,gamma0p75,dec1,1,vertebrae,3,8,16,115259,50000,728,1,0.9031314253807068,9,34
3,0,SIEMENS_SymphonyTim_37743_T1-TSE,179|180|23,D:\Running_Place\PostGraduateProjects\Experiments\PostGraduate\backbones\DisperssionWithSADG_ConstraintStyleRegularization\Seg-SADG\BaryRadGate\a0p08\rho0p5\gb8\sadg0p05\nocons\shot3\Seed0\baseline_model_with_metadata.pt,D:\Running_Place\PostGraduateProjects\Experiments\PostGraduate\backbones\Prompts\Seg-SADG\BaryRadGate\a0p08\rho0p5\gb8\sadg0p05\nocons\shot3\Seed0,D:\Running_Place\PostGraduateProjects\Experiments\PostGraduate\backbones\Prompts\Seg-SADG\BaryRadGate\a0p08\rho0p5\gb8\sadg0p05\nocons\shot3\Seed0\source_multilayer_prototypes.pt,0.75,gamma0p75,dec1,1,vertebrae,4,8,16,115259,50000,788,1,0.9493798017501831,9,34
3,0,SIEMENS_SymphonyTim_37743_T1-TSE,179|180|23,D:\Running_Place\PostGraduateProjects\Experiments\PostGraduate\backbones\DisperssionWithSADG_ConstraintStyleRegularization\Seg-SADG\BaryRadGate\a0p08\rho0p5\gb8\sadg0p05\nocons\shot3\Seed0\baseline_model_with_metadata.pt,D:\Running_Place\PostGraduateProjects\Experiments\PostGraduate\backbones\Prompts\Seg-SADG\BaryRadGate\a0p08\rho0p5\gb8\sadg0p05\nocons\shot3\Seed0,D:\Running_Place\PostGraduateProjects\Experiments\PostGraduate\backbones\Prompts\Seg-SADG\BaryRadGate\a0p08\rho0p5\gb8\sadg0p05\nocons\shot3\Seed0\source_multilayer_prototypes.pt,0.75,gamma0p75,dec1,1,vertebrae,5,8,16,115259,50000,5800,1,0.9901089072227478,9,34
3,0,SIEMENS_SymphonyTim_37743_T1-TSE,179|180|23,D:\Running_Place\PostGraduateProjects\Experiments\PostGraduate\backbones\DisperssionWithSADG_ConstraintStyleRegularization\Seg-SADG\BaryRadGate\a0p08\rho0p5\gb8\sadg0p05\nocons\shot3\Seed0\baseline_model_with_metadata.pt,D:\Running_Place\PostGraduateProjects\Experiments\PostGraduate\backbones\Prompts\Seg-SADG\BaryRadGate\a0p08\rho0p5\gb8\sadg0p05\nocons\shot3\Seed0,D:\Running_Place\PostGraduateProjects\Experiments\PostGraduate\backbones\Prompts\Seg-SADG\BaryRadGate\a0p08\rho0p5\gb8\sadg0p05\nocons\shot3\Seed0\source_multilayer_prototypes.pt,0.75,gamma0p75,dec1,1,vertebrae,6,8,16,115259,50000,4063,1,0.9896160960197449,9,34
3,0,SIEMENS_SymphonyTim_37743_T1-TSE,179|180|23,D:\Running_Place\PostGraduateProjects\Experiments\PostGraduate\backbones\DisperssionWithSADG_ConstraintStyleRegularization\Seg-SADG\BaryRadGate\a0p08\rho0p5\gb8\sadg0p05\nocons\shot3\Seed0\baseline_model_with_metadata.pt,D:\Running_Place\PostGraduateProjects\Experiments\PostGraduate\backbones\Prompts\Seg-SADG\BaryRadGate\a0p08\rho0p5\gb8\sadg0p05\nocons\shot3\Seed0,D:\Running_Place\PostGraduateProjects\Experiments\PostGraduate\backbones\Prompts\Seg-SADG\BaryRadGate\a0p08\rho0p5\gb8\sadg0p05\nocons\shot3\Seed0\source_multilayer_prototypes.pt,0.75,gamma0p75,dec1,1,vertebrae,7,8,16,115259,50000,1417,1,0.9643179774284363,9,34
3,0,SIEMENS_SymphonyTim_37743_T1-TSE,179|180|23,D:\Running_Place\PostGraduateProjects\Experiments\PostGraduate\backbones\DisperssionWithSADG_ConstraintStyleRegularization\Seg-SADG\BaryRadGate\a0p08\rho0p5\gb8\sadg0p05\nocons\shot3\Seed0\baseline_model_with_metadata.pt,D:\Running_Place\PostGraduateProjects\Experiments\PostGraduate\backbones\Prompts\Seg-SADG\BaryRadGate\a0p08\rho0p5\gb8\sadg0p05\nocons\shot3\Seed0,D:\Running_Place\PostGraduateProjects\Experiments\PostGraduate\backbones\Prompts\Seg-SADG\BaryRadGate\a0p08\rho0p5\gb8\sadg0p05\nocons\shot3\Seed0\source_multilayer_prototypes.pt,0.75,gamma0p75,dec1,2,intervertebral_discs,0,4,16,20768,20768,9201,1,0.9951372742652893,9,34
3,0,SIEMENS_SymphonyTim_37743_T1-TSE,179|180|23,D:\Running_Place\PostGraduateProjects\Experiments\PostGraduate\backbones\DisperssionWithSADG_ConstraintStyleRegularization\Seg-SADG\BaryRadGate\a0p08\rho0p5\gb8\sadg0p05\nocons\shot3\Seed0\baseline_model_with_metadata.pt,D:\Running_Place\PostGraduateProjects\Experiments\PostGraduate\backbones\Prompts\Seg-SADG\BaryRadGate\a0p08\rho0p5\gb8\sadg0p05\nocons\shot3\Seed0,D:\Running_Place\PostGraduateProjects\Experiments\PostGraduate\backbones\Prompts\Seg-SADG\BaryRadGate\a0p08\rho0p5\gb8\sadg0p05\nocons\shot3\Seed0\source_multilayer_prototypes.pt,0.75,gamma0p75,dec1,2,intervertebral_discs,1,4,16,20768,20768,209,1,0.8691354990005493,9,34
3,0,SIEMENS_SymphonyTim_37743_T1-TSE,179|180|23,D:\Running_Place\PostGraduateProjects\Experiments\PostGraduate\backbones\DisperssionWithSADG_ConstraintStyleRegularization\Seg-SADG\BaryRadGate\a0p08\rho0p5\gb8\sadg0p05\nocons\shot3\Seed0\baseline_model_with_metadata.pt,D:\Running_Place\PostGraduateProjects\Experiments\PostGraduate\backbones\Prompts\Seg-SADG\BaryRadGate\a0p08\rho0p5\gb8\sadg0p05\nocons\shot3\Seed0,D:\Running_Place\PostGraduateProjects\Experiments\PostGraduate\backbones\Prompts\Seg-SADG\BaryRadGate\a0p08\rho0p5\gb8\sadg0p05\nocons\shot3\Seed0\source_multilayer_prototypes.pt,0.75,gamma0p75,dec1,2,intervertebral_discs,2,4,16,20768,20768,381,1,0.822416365146637,9,34
3,0,SIEMENS_SymphonyTim_37743_T1-TSE,179|180|23,D:\Running_Place\PostGraduateProjects\Experiments\PostGraduate\backbones\DisperssionWithSADG_ConstraintStyleRegularization\Seg-SADG\BaryRadGate\a0p08\rho0p5\gb8\sadg0p05\nocons\shot3\Seed0\baseline_model_with_metadata.pt,D:\Running_Place\PostGraduateProjects\Experiments\PostGraduate\backbones\Prompts\Seg-SADG\BaryRadGate\a0p08\rho0p5\gb8\sadg0p05\nocons\shot3\Seed0,D:\Running_Place\PostGraduateProjects\Experiments\PostGraduate\backbones\Prompts\Seg-SADG\BaryRadGate\a0p08\rho0p5\gb8\sadg0p05\nocons\shot3\Seed0\source_multilayer_prototypes.pt,0.75,gamma0p75,dec1,2,intervertebral_discs,3,4,16,20768,20768,10977,1,0.9883749485015869,9,34
3,0,SIEMENS_SymphonyTim_37743_T1-TSE,179|180|23,D:\Running_Place\PostGraduateProjects\Experiments\PostGraduate\backbones\DisperssionWithSADG_ConstraintStyleRegularization\Seg-SADG\BaryRadGate\a0p08\rho0p5\gb8\sadg0p05\nocons\shot3\Seed0\baseline_model_with_metadata.pt,D:\Running_Place\PostGraduateProjects\Experiments\PostGraduate\backbones\Prompts\Seg-SADG\BaryRadGate\a0p08\rho0p5\gb8\sadg0p05\nocons\shot3\Seed0,D:\Running_Place\PostGraduateProjects\Experiments\PostGraduate\backbones\Prompts\Seg-SADG\BaryRadGate\a0p08\rho0p5\gb8\sadg0p05\nocons\shot3\Seed0\source_multilayer_prototypes.pt,0.75,gamma0p75,dec1_head,0,background,0,8,16,1569957,50000,15268,1,0.9972147941589355,9,34
3,0,SIEMENS_SymphonyTim_37743_T1-TSE,179|180|23,D:\Running_Place\PostGraduateProjects\Experiments\PostGraduate\backbones\DisperssionWithSADG_ConstraintStyleRegularization\Seg-SADG\BaryRadGate\a0p08\rho0p5\gb8\sadg0p05\nocons\shot3\Seed0\baseline_model_with_metadata.pt,D:\Running_Place\PostGraduateProjects\Experiments\PostGraduate\backbones\Prompts\Seg-SADG\BaryRadGate\a0p08\rho0p5\gb8\sadg0p05\nocons\shot3\Seed0,D:\Running_Place\PostGraduateProjects\Experiments\PostGraduate\backbones\Prompts\Seg-SADG\BaryRadGate\a0p08\rho0p5\gb8\sadg0p05\nocons\shot3\Seed0\source_multilayer_prototypes.pt,0.75,gamma0p75,dec1_head,0,background,1,8,16,1569957,50000,10487,1,0.9946708679199219,9,34
3,0,SIEMENS_SymphonyTim_37743_T1-TSE,179|180|23,D:\Running_Place\PostGraduateProjects\Experiments\PostGraduate\backbones\DisperssionWithSADG_ConstraintStyleRegularization\Seg-SADG\BaryRadGate\a0p08\rho0p5\gb8\sadg0p05\nocons\shot3\Seed0\baseline_model_with_metadata.pt,D:\Running_Place\PostGraduateProjects\Experiments\PostGraduate\backbones\Prompts\Seg-SADG\BaryRadGate\a0p08\rho0p5\gb8\sadg0p05\nocons\shot3\Seed0,D:\Running_Place\PostGraduateProjects\Experiments\PostGraduate\backbones\Prompts\Seg-SADG\BaryRadGate\a0p08\rho0p5\gb8\sadg0p05\nocons\shot3\Seed0\source_multilayer_prototypes.pt,0.75,gamma0p75,dec1_head,0,background,2,8,16,1569957,50000,568,1,0.8632792234420776,9,34
3,0,SIEMENS_SymphonyTim_37743_T1-TSE,179|180|23,D:\Running_Place\PostGraduateProjects\Experiments\PostGraduate\backbones\DisperssionWithSADG_ConstraintStyleRegularization\Seg-SADG\BaryRadGate\a0p08\rho0p5\gb8\sadg0p05\nocons\shot3\Seed0\baseline_model_with_metadata.pt,D:\Running_Place\PostGraduateProjects\Experiments\PostGraduate\backbones\Prompts\Seg-SADG\BaryRadGate\a0p08\rho0p5\gb8\sadg0p05\nocons\shot3\Seed0,D:\Running_Place\PostGraduateProjects\Experiments\PostGraduate\backbones\Prompts\Seg-SADG\BaryRadGate\a0p08\rho0p5\gb8\sadg0p05\nocons\shot3\Seed0\source_multilayer_prototypes.pt,0.75,gamma0p75,dec1_head,0,background,3,8,16,1569957,50000,4856,1,0.9911090731620789,9,34
3,0,SIEMENS_SymphonyTim_37743_T1-TSE,179|180|23,D:\Running_Place\PostGraduateProjects\Experiments\PostGraduate\backbones\DisperssionWithSADG_ConstraintStyleRegularization\Seg-SADG\BaryRadGate\a0p08\rho0p5\gb8\sadg0p05\nocons\shot3\Seed0\baseline_model_with_metadata.pt,D:\Running_Place\PostGraduateProjects\Experiments\PostGraduate\backbones\Prompts\Seg-SADG\BaryRadGate\a0p08\rho0p5\gb8\sadg0p05\nocons\shot3\Seed0,D:\Running_Place\PostGraduateProjects\Experiments\PostGraduate\backbones\Prompts\Seg-SADG\BaryRadGate\a0p08\rho0p5\gb8\sadg0p05\nocons\shot3\Seed0\source_multilayer_prototypes.pt,0.75,gamma0p75,dec1_head,0,background,4,8,16,1569957,50000,7299,1,0.9928436279296875,9,34
3,0,SIEMENS_SymphonyTim_37743_T1-TSE,179|180|23,D:\Running_Place\PostGraduateProjects\Experiments\PostGraduate\backbones\DisperssionWithSADG_ConstraintStyleRegularization\Seg-SADG\BaryRadGate\a0p08\rho0p5\gb8\sadg0p05\nocons\shot3\Seed0\baseline_model_with_metadata.pt,D:\Running_Place\PostGraduateProjects\Experiments\PostGraduate\backbones\Prompts\Seg-SADG\BaryRadGate\a0p08\rho0p5\gb8\sadg0p05\nocons\shot3\Seed0,D:\Running_Place\PostGraduateProjects\Experiments\PostGraduate\backbones\Prompts\Seg-SADG\BaryRadGate\a0p08\rho0p5\gb8\sadg0p05\nocons\shot3\Seed0\source_multilayer_prototypes.pt,0.75,gamma0p75,dec1_head,0,background,5,8,16,1569957,50000,9993,1,0.9950255155563354,9,34
3,0,SIEMENS_SymphonyTim_37743_T1-TSE,179|180|23,D:\Running_Place\PostGraduateProjects\Experiments\PostGraduate\backbones\DisperssionWithSADG_ConstraintStyleRegularization\Seg-SADG\BaryRadGate\a0p08\rho0p5\gb8\sadg0p05\nocons\shot3\Seed0\baseline_model_with_metadata.pt,D:\Running_Place\PostGraduateProjects\Experiments\PostGraduate\backbones\Prompts\Seg-SADG\BaryRadGate\a0p08\rho0p5\gb8\sadg0p05\nocons\shot3\Seed0,D:\Running_Place\PostGraduateProjects\Experiments\PostGraduate\backbones\Prompts\Seg-SADG\BaryRadGate\a0p08\rho0p5\gb8\sadg0p05\nocons\shot3\Seed0\source_multilayer_prototypes.pt,0.75,gamma0p75,dec1_head,0,background,6,8,16,1569957,50000,646,1,0.9384888410568237,9,34
3,0,SIEMENS_SymphonyTim_37743_T1-TSE,179|180|23,D:\Running_Place\PostGraduateProjects\Experiments\PostGraduate\backbones\DisperssionWithSADG_ConstraintStyleRegularization\Seg-SADG\BaryRadGate\a0p08\rho0p5\gb8\sadg0p05\nocons\shot3\Seed0\baseline_model_with_metadata.pt,D:\Running_Place\PostGraduateProjects\Experiments\PostGraduate\backbones\Prompts\Seg-SADG\BaryRadGate\a0p08\rho0p5\gb8\sadg0p05\nocons\shot3\Seed0,D:\Running_Place\PostGraduateProjects\Experiments\PostGraduate\backbones\Prompts\Seg-SADG\BaryRadGate\a0p08\rho0p5\gb8\sadg0p05\nocons\shot3\Seed0\source_multilayer_prototypes.pt,0.75,gamma0p75,dec1_head,0,background,7,8,16,1569957,50000,883,1,0.8726020455360413,9,34
3,0,SIEMENS_SymphonyTim_37743_T1-TSE,179|180|23,D:\Running_Place\PostGraduateProjects\Experiments\PostGraduate\backbones\DisperssionWithSADG_ConstraintStyleRegularization\Seg-SADG\BaryRadGate\a0p08\rho0p5\gb8\sadg0p05\nocons\shot3\Seed0\baseline_model_with_metadata.pt,D:\Running_Place\PostGraduateProjects\Experiments\PostGraduate\backbones\Prompts\Seg-SADG\BaryRadGate\a0p08\rho0p5\gb8\sadg0p05\nocons\shot3\Seed0,D:\Running_Place\PostGraduateProjects\Experiments\PostGraduate\backbones\Prompts\Seg-SADG\BaryRadGate\a0p08\rho0p5\gb8\sadg0p05\nocons\shot3\Seed0\source_multilayer_prototypes.pt,0.75,gamma0p75,dec1_head,1,vertebrae,0,8,16,115259,50000,2593,1,0.9749808311462402,9,34
3,0,SIEMENS_SymphonyTim_37743_T1-TSE,179|180|23,D:\Running_Place\PostGraduateProjects\Experiments\PostGraduate\backbones\DisperssionWithSADG_ConstraintStyleRegularization\Seg-SADG\BaryRadGate\a0p08\rho0p5\gb8\sadg0p05\nocons\shot3\Seed0\baseline_model_with_metadata.pt,D:\Running_Place\PostGraduateProjects\Experiments\PostGraduate\backbones\Prompts\Seg-SADG\BaryRadGate\a0p08\rho0p5\gb8\sadg0p05\nocons\shot3\Seed0,D:\Running_Place\PostGraduateProjects\Experiments\PostGraduate\backbones\Prompts\Seg-SADG\BaryRadGate\a0p08\rho0p5\gb8\sadg0p05\nocons\shot3\Seed0\source_multilayer_prototypes.pt,0.75,gamma0p75,dec1_head,1,vertebrae,1,8,16,115259,50000,8576,1,0.9949778914451599,9,34
3,0,SIEMENS_SymphonyTim_37743_T1-TSE,179|180|23,D:\Running_Place\PostGraduateProjects\Experiments\PostGraduate\backbones\DisperssionWithSADG_ConstraintStyleRegularization\Seg-SADG\BaryRadGate\a0p08\rho0p5\gb8\sadg0p05\nocons\shot3\Seed0\baseline_model_with_metadata.pt,D:\Running_Place\PostGraduateProjects\Experiments\PostGraduate\backbones\Prompts\Seg-SADG\BaryRadGate\a0p08\rho0p5\gb8\sadg0p05\nocons\shot3\Seed0,D:\Running_Place\PostGraduateProjects\Experiments\PostGraduate\backbones\Prompts\Seg-SADG\BaryRadGate\a0p08\rho0p5\gb8\sadg0p05\nocons\shot3\Seed0\source_multilayer_prototypes.pt,0.75,gamma0p75,dec1_head,1,vertebrae,2,8,16,115259,50000,754,1,0.9287240505218506,9,34
3,0,SIEMENS_SymphonyTim_37743_T1-TSE,179|180|23,D:\Running_Place\PostGraduateProjects\Experiments\PostGraduate\backbones\DisperssionWithSADG_ConstraintStyleRegularization\Seg-SADG\BaryRadGate\a0p08\rho0p5\gb8\sadg0p05\nocons\shot3\Seed0\baseline_model_with_metadata.pt,D:\Running_Place\PostGraduateProjects\Experiments\PostGraduate\backbones\Prompts\Seg-SADG\BaryRadGate\a0p08\rho0p5\gb8\sadg0p05\nocons\shot3\Seed0,D:\Running_Place\PostGraduateProjects\Experiments\PostGraduate\backbones\Prompts\Seg-SADG\BaryRadGate\a0p08\rho0p5\gb8\sadg0p05\nocons\shot3\Seed0\source_multilayer_prototypes.pt,0.75,gamma0p75,dec1_head,1,vertebrae,3,8,16,115259,50000,5087,1,0.9899330139160156,9,34
3,0,SIEMENS_SymphonyTim_37743_T1-TSE,179|180|23,D:\Running_Place\PostGraduateProjects\Experiments\PostGraduate\backbones\DisperssionWithSADG_ConstraintStyleRegularization\Seg-SADG\BaryRadGate\a0p08\rho0p5\gb8\sadg0p05\nocons\shot3\Seed0\baseline_model_with_metadata.pt,D:\Running_Place\PostGraduateProjects\Experiments\PostGraduate\backbones\Prompts\Seg-SADG\BaryRadGate\a0p08\rho0p5\gb8\sadg0p05\nocons\shot3\Seed0,D:\Running_Place\PostGraduateProjects\Experiments\PostGraduate\backbones\Prompts\Seg-SADG\BaryRadGate\a0p08\rho0p5\gb8\sadg0p05\nocons\shot3\Seed0\source_multilayer_prototypes.pt,0.75,gamma0p75,dec1_head,1,vertebrae,4,8,16,115259,50000,1181,1,0.9309655427932739,9,34
3,0,SIEMENS_SymphonyTim_37743_T1-TSE,179|180|23,D:\Running_Place\PostGraduateProjects\Experiments\PostGraduate\backbones\DisperssionWithSADG_ConstraintStyleRegularization\Seg-SADG\BaryRadGate\a0p08\rho0p5\gb8\sadg0p05\nocons\shot3\Seed0\baseline_model_with_metadata.pt,D:\Running_Place\PostGraduateProjects\Experiments\PostGraduate\backbones\Prompts\Seg-SADG\BaryRadGate\a0p08\rho0p5\gb8\sadg0p05\nocons\shot3\Seed0,D:\Running_Place\PostGraduateProjects\Experiments\PostGraduate\backbones\Prompts\Seg-SADG\BaryRadGate\a0p08\rho0p5\gb8\sadg0p05\nocons\shot3\Seed0\source_multilayer_prototypes.pt,0.75,gamma0p75,dec1_head,1,vertebrae,5,8,16,115259,50000,29286,1,0.9985674023628235,9,34
3,0,SIEMENS_SymphonyTim_37743_T1-TSE,179|180|23,D:\Running_Place\PostGraduateProjects\Experiments\PostGraduate\backbones\DisperssionWithSADG_ConstraintStyleRegularization\Seg-SADG\BaryRadGate\a0p08\rho0p5\gb8\sadg0p05\nocons\shot3\Seed0\baseline_model_with_metadata.pt,D:\Running_Place\PostGraduateProjects\Experiments\PostGraduate\backbones\Prompts\Seg-SADG\BaryRadGate\a0p08\rho0p5\gb8\sadg0p05\nocons\shot3\Seed0,D:\Running_Place\PostGraduateProjects\Experiments\PostGraduate\backbones\Prompts\Seg-SADG\BaryRadGate\a0p08\rho0p5\gb8\sadg0p05\nocons\shot3\Seed0\source_multilayer_prototypes.pt,0.75,gamma0p75,dec1_head,1,vertebrae,6,8,16,115259,50000,1759,1,0.9685189127922058,9,34
3,0,SIEMENS_SymphonyTim_37743_T1-TSE,179|180|23,D:\Running_Place\PostGraduateProjects\Experiments\PostGraduate\backbones\DisperssionWithSADG_ConstraintStyleRegularization\Seg-SADG\BaryRadGate\a0p08\rho0p5\gb8\sadg0p05\nocons\shot3\Seed0\baseline_model_with_metadata.pt,D:\Running_Place\PostGraduateProjects\Experiments\PostGraduate\backbones\Prompts\Seg-SADG\BaryRadGate\a0p08\rho0p5\gb8\sadg0p05\nocons\shot3\Seed0,D:\Running_Place\PostGraduateProjects\Experiments\PostGraduate\backbones\Prompts\Seg-SADG\BaryRadGate\a0p08\rho0p5\gb8\sadg0p05\nocons\shot3\Seed0\source_multilayer_prototypes.pt,0.75,gamma0p75,dec1_head,1,vertebrae,7,8,16,115259,50000,764,1,0.9469480514526367,9,34
3,0,SIEMENS_SymphonyTim_37743_T1-TSE,179|180|23,D:\Running_Place\PostGraduateProjects\Experiments\PostGraduate\backbones\DisperssionWithSADG_ConstraintStyleRegularization\Seg-SADG\BaryRadGate\a0p08\rho0p5\gb8\sadg0p05\nocons\shot3\Seed0\baseline_model_with_metadata.pt,D:\Running_Place\PostGraduateProjects\Experiments\PostGraduate\backbones\Prompts\Seg-SADG\BaryRadGate\a0p08\rho0p5\gb8\sadg0p05\nocons\shot3\Seed0,D:\Running_Place\PostGraduateProjects\Experiments\PostGraduate\backbones\Prompts\Seg-SADG\BaryRadGate\a0p08\rho0p5\gb8\sadg0p05\nocons\shot3\Seed0\source_multilayer_prototypes.pt,0.75,gamma0p75,dec1_head,2,intervertebral_discs,0,4,16,20768,20768,9196,1,0.9952822923660278,9,34
3,0,SIEMENS_SymphonyTim_37743_T1-TSE,179|180|23,D:\Running_Place\PostGraduateProjects\Experiments\PostGraduate\backbones\DisperssionWithSADG_ConstraintStyleRegularization\Seg-SADG\BaryRadGate\a0p08\rho0p5\gb8\sadg0p05\nocons\shot3\Seed0\baseline_model_with_metadata.pt,D:\Running_Place\PostGraduateProjects\Experiments\PostGraduate\backbones\Prompts\Seg-SADG\BaryRadGate\a0p08\rho0p5\gb8\sadg0p05\nocons\shot3\Seed0,D:\Running_Place\PostGraduateProjects\Experiments\PostGraduate\backbones\Prompts\Seg-SADG\BaryRadGate\a0p08\rho0p5\gb8\sadg0p05\nocons\shot3\Seed0\source_multilayer_prototypes.pt,0.75,gamma0p75,dec1_head,2,intervertebral_discs,1,4,16,20768,20768,215,1,0.8647382855415344,9,34
3,0,SIEMENS_SymphonyTim_37743_T1-TSE,179|180|23,D:\Running_Place\PostGraduateProjects\Experiments\PostGraduate\backbones\DisperssionWithSADG_ConstraintStyleRegularization\Seg-SADG\BaryRadGate\a0p08\rho0p5\gb8\sadg0p05\nocons\shot3\Seed0\baseline_model_with_metadata.pt,D:\Running_Place\PostGraduateProjects\Experiments\PostGraduate\backbones\Prompts\Seg-SADG\BaryRadGate\a0p08\rho0p5\gb8\sadg0p05\nocons\shot3\Seed0,D:\Running_Place\PostGraduateProjects\Experiments\PostGraduate\backbones\Prompts\Seg-SADG\BaryRadGate\a0p08\rho0p5\gb8\sadg0p05\nocons\shot3\Seed0\source_multilayer_prototypes.pt,0.75,gamma0p75,dec1_head,2,intervertebral_discs,2,4,16,20768,20768,431,1,0.8136192560195923,9,34
3,0,SIEMENS_SymphonyTim_37743_T1-TSE,179|180|23,D:\Running_Place\PostGraduateProjects\Experiments\PostGraduate\backbones\DisperssionWithSADG_ConstraintStyleRegularization\Seg-SADG\BaryRadGate\a0p08\rho0p5\gb8\sadg0p05\nocons\shot3\Seed0\baseline_model_with_metadata.pt,D:\Running_Place\PostGraduateProjects\Experiments\PostGraduate\backbones\Prompts\Seg-SADG\BaryRadGate\a0p08\rho0p5\gb8\sadg0p05\nocons\shot3\Seed0,D:\Running_Place\PostGraduateProjects\Experiments\PostGraduate\backbones\Prompts\Seg-SADG\BaryRadGate\a0p08\rho0p5\gb8\sadg0p05\nocons\shot3\Seed0\source_multilayer_prototypes.pt,0.75,gamma0p75,dec1_head,2,intervertebral_discs,3,4,16,20768,20768,10926,1,0.9900709986686707,9,34
3,0,SIEMENS_SymphonyTim_37743_T1-TSE,179|180|23,D:\Running_Place\PostGraduateProjects\Experiments\PostGraduate\backbones\DisperssionWithSADG_ConstraintStyleRegularization\Seg-SADG\BaryRadGate\a0p08\rho0p5\gb8\sadg0p05\nocons\shot3\Seed0\baseline_model_with_metadata.pt,D:\Running_Place\PostGraduateProjects\Experiments\PostGraduate\backbones\Prompts\Seg-SADG\BaryRadGate\a0p08\rho0p5\gb8\sadg0p05\nocons\shot3\Seed0,D:\Running_Place\PostGraduateProjects\Experiments\PostGraduate\backbones\Prompts\Seg-SADG\BaryRadGate\a0p08\rho0p5\gb8\sadg0p05\nocons\shot3\Seed0\source_multilayer_prototypes.pt,1.0,gamma1,dec3,0,background,0,8,32,98176,50000,3452,1,0.7318024039268494,9,34
3,0,SIEMENS_SymphonyTim_37743_T1-TSE,179|180|23,D:\Running_Place\PostGraduateProjects\Experiments\PostGraduate\backbones\DisperssionWithSADG_ConstraintStyleRegularization\Seg-SADG\BaryRadGate\a0p08\rho0p5\gb8\sadg0p05\nocons\shot3\Seed0\baseline_model_with_metadata.pt,D:\Running_Place\PostGraduateProjects\Experiments\PostGraduate\backbones\Prompts\Seg-SADG\BaryRadGate\a0p08\rho0p5\gb8\sadg0p05\nocons\shot3\Seed0,D:\Running_Place\PostGraduateProjects\Experiments\PostGraduate\backbones\Prompts\Seg-SADG\BaryRadGate\a0p08\rho0p5\gb8\sadg0p05\nocons\shot3\Seed0\source_multilayer_prototypes.pt,1.0,gamma1,dec3,0,background,1,8,32,98176,50000,8792,1,0.8267112374305725,9,34
3,0,SIEMENS_SymphonyTim_37743_T1-TSE,179|180|23,D:\Running_Place\PostGraduateProjects\Experiments\PostGraduate\backbones\DisperssionWithSADG_ConstraintStyleRegularization\Seg-SADG\BaryRadGate\a0p08\rho0p5\gb8\sadg0p05\nocons\shot3\Seed0\baseline_model_with_metadata.pt,D:\Running_Place\PostGraduateProjects\Experiments\PostGraduate\backbones\Prompts\Seg-SADG\BaryRadGate\a0p08\rho0p5\gb8\sadg0p05\nocons\shot3\Seed0,D:\Running_Place\PostGraduateProjects\Experiments\PostGraduate\backbones\Prompts\Seg-SADG\BaryRadGate\a0p08\rho0p5\gb8\sadg0p05\nocons\shot3\Seed0\source_multilayer_prototypes.pt,1.0,gamma1,dec3,0,background,2,8,32,98176,50000,4722,1,0.7545594573020935,9,34
3,0,SIEMENS_SymphonyTim_37743_T1-TSE,179|180|23,D:\Running_Place\PostGraduateProjects\Experiments\PostGraduate\backbones\DisperssionWithSADG_ConstraintStyleRegularization\Seg-SADG\BaryRadGate\a0p08\rho0p5\gb8\sadg0p05\nocons\shot3\Seed0\baseline_model_with_metadata.pt,D:\Running_Place\PostGraduateProjects\Experiments\PostGraduate\backbones\Prompts\Seg-SADG\BaryRadGate\a0p08\rho0p5\gb8\sadg0p05\nocons\shot3\Seed0,D:\Running_Place\PostGraduateProjects\Experiments\PostGraduate\backbones\Prompts\Seg-SADG\BaryRadGate\a0p08\rho0p5\gb8\sadg0p05\nocons\shot3\Seed0\source_multilayer_prototypes.pt,1.0,gamma1,dec3,0,background,3,8,32,98176,50000,4791,1,0.7042202353477478,9,34
3,0,SIEMENS_SymphonyTim_37743_T1-TSE,179|180|23,D:\Running_Place\PostGraduateProjects\Experiments\PostGraduate\backbones\DisperssionWithSADG_ConstraintStyleRegularization\Seg-SADG\BaryRadGate\a0p08\rho0p5\gb8\sadg0p05\nocons\shot3\Seed0\baseline_model_with_metadata.pt,D:\Running_Place\PostGraduateProjects\Experiments\PostGraduate\backbones\Prompts\Seg-SADG\BaryRadGate\a0p08\rho0p5\gb8\sadg0p05\nocons\shot3\Seed0,D:\Running_Place\PostGraduateProjects\Experiments\PostGraduate\backbones\Prompts\Seg-SADG\BaryRadGate\a0p08\rho0p5\gb8\sadg0p05\nocons\shot3\Seed0\source_multilayer_prototypes.pt,1.0,gamma1,dec3,0,background,4,8,32,98176,50000,6802,1,0.8588906526565552,9,34
3,0,SIEMENS_SymphonyTim_37743_T1-TSE,179|180|23,D:\Running_Place\PostGraduateProjects\Experiments\PostGraduate\backbones\DisperssionWithSADG_ConstraintStyleRegularization\Seg-SADG\BaryRadGate\a0p08\rho0p5\gb8\sadg0p05\nocons\shot3\Seed0\baseline_model_with_metadata.pt,D:\Running_Place\PostGraduateProjects\Experiments\PostGraduate\backbones\Prompts\Seg-SADG\BaryRadGate\a0p08\rho0p5\gb8\sadg0p05\nocons\shot3\Seed0,D:\Running_Place\PostGraduateProjects\Experiments\PostGraduate\backbones\Prompts\Seg-SADG\BaryRadGate\a0p08\rho0p5\gb8\sadg0p05\nocons\shot3\Seed0\source_multilayer_prototypes.pt,1.0,gamma1,dec3,0,background,5,8,32,98176,50000,7591,1,0.7418298125267029,9,34
3,0,SIEMENS_SymphonyTim_37743_T1-TSE,179|180|23,D:\Running_Place\PostGraduateProjects\Experiments\PostGraduate\backbones\DisperssionWithSADG_ConstraintStyleRegularization\Seg-SADG\BaryRadGate\a0p08\rho0p5\gb8\sadg0p05\nocons\shot3\Seed0\baseline_model_with_metadata.pt,D:\Running_Place\PostGraduateProjects\Experiments\PostGraduate\backbones\Prompts\Seg-SADG\BaryRadGate\a0p08\rho0p5\gb8\sadg0p05\nocons\shot3\Seed0,D:\Running_Place\PostGraduateProjects\Experiments\PostGraduate\backbones\Prompts\Seg-SADG\BaryRadGate\a0p08\rho0p5\gb8\sadg0p05\nocons\shot3\Seed0\source_multilayer_prototypes.pt,1.0,gamma1,dec3,0,background,6,8,32,98176,50000,7575,1,0.6723793745040894,9,34
3,0,SIEMENS_SymphonyTim_37743_T1-TSE,179|180|23,D:\Running_Place\PostGraduateProjects\Experiments\PostGraduate\backbones\DisperssionWithSADG_ConstraintStyleRegularization\Seg-SADG\BaryRadGate\a0p08\rho0p5\gb8\sadg0p05\nocons\shot3\Seed0\baseline_model_with_metadata.pt,D:\Running_Place\PostGraduateProjects\Experiments\PostGraduate\backbones\Prompts\Seg-SADG\BaryRadGate\a0p08\rho0p5\gb8\sadg0p05\nocons\shot3\Seed0,D:\Running_Place\PostGraduateProjects\Experiments\PostGraduate\backbones\Prompts\Seg-SADG\BaryRadGate\a0p08\rho0p5\gb8\sadg0p05\nocons\shot3\Seed0\source_multilayer_prototypes.pt,1.0,gamma1,dec3,0,background,7,8,32,98176,50000,6275,1,0.8793625831604004,9,34
3,0,SIEMENS_SymphonyTim_37743_T1-TSE,179|180|23,D:\Running_Place\PostGraduateProjects\Experiments\PostGraduate\backbones\DisperssionWithSADG_ConstraintStyleRegularization\Seg-SADG\BaryRadGate\a0p08\rho0p5\gb8\sadg0p05\nocons\shot3\Seed0\baseline_model_with_metadata.pt,D:\Running_Place\PostGraduateProjects\Experiments\PostGraduate\backbones\Prompts\Seg-SADG\BaryRadGate\a0p08\rho0p5\gb8\sadg0p05\nocons\shot3\Seed0,D:\Running_Place\PostGraduateProjects\Experiments\PostGraduate\backbones\Prompts\Seg-SADG\BaryRadGate\a0p08\rho0p5\gb8\sadg0p05\nocons\shot3\Seed0\source_multilayer_prototypes.pt,1.0,gamma1,dec3,1,vertebrae,0,8,32,7173,7173,511,1,0.7891873717308044,9,34
3,0,SIEMENS_SymphonyTim_37743_T1-TSE,179|180|23,D:\Running_Place\PostGraduateProjects\Experiments\PostGraduate\backbones\DisperssionWithSADG_ConstraintStyleRegularization\Seg-SADG\BaryRadGate\a0p08\rho0p5\gb8\sadg0p05\nocons\shot3\Seed0\baseline_model_with_metadata.pt,D:\Running_Place\PostGraduateProjects\Experiments\PostGraduate\backbones\Prompts\Seg-SADG\BaryRadGate\a0p08\rho0p5\gb8\sadg0p05\nocons\shot3\Seed0,D:\Running_Place\PostGraduateProjects\Experiments\PostGraduate\backbones\Prompts\Seg-SADG\BaryRadGate\a0p08\rho0p5\gb8\sadg0p05\nocons\shot3\Seed0\source_multilayer_prototypes.pt,1.0,gamma1,dec3,1,vertebrae,1,8,32,7173,7173,817,1,0.9176159501075745,9,34
3,0,SIEMENS_SymphonyTim_37743_T1-TSE,179|180|23,D:\Running_Place\PostGraduateProjects\Experiments\PostGraduate\backbones\DisperssionWithSADG_ConstraintStyleRegularization\Seg-SADG\BaryRadGate\a0p08\rho0p5\gb8\sadg0p05\nocons\shot3\Seed0\baseline_model_with_metadata.pt,D:\Running_Place\PostGraduateProjects\Experiments\PostGraduate\backbones\Prompts\Seg-SADG\BaryRadGate\a0p08\rho0p5\gb8\sadg0p05\nocons\shot3\Seed0,D:\Running_Place\PostGraduateProjects\Experiments\PostGraduate\backbones\Prompts\Seg-SADG\BaryRadGate\a0p08\rho0p5\gb8\sadg0p05\nocons\shot3\Seed0\source_multilayer_prototypes.pt,1.0,gamma1,dec3,1,vertebrae,2,8,32,7173,7173,1058,1,0.9108597040176392,9,34
3,0,SIEMENS_SymphonyTim_37743_T1-TSE,179|180|23,D:\Running_Place\PostGraduateProjects\Experiments\PostGraduate\backbones\DisperssionWithSADG_ConstraintStyleRegularization\Seg-SADG\BaryRadGate\a0p08\rho0p5\gb8\sadg0p05\nocons\shot3\Seed0\baseline_model_with_metadata.pt,D:\Running_Place\PostGraduateProjects\Experiments\PostGraduate\backbones\Prompts\Seg-SADG\BaryRadGate\a0p08\rho0p5\gb8\sadg0p05\nocons\shot3\Seed0,D:\Running_Place\PostGraduateProjects\Experiments\PostGraduate\backbones\Prompts\Seg-SADG\BaryRadGate\a0p08\rho0p5\gb8\sadg0p05\nocons\shot3\Seed0\source_multilayer_prototypes.pt,1.0,gamma1,dec3,1,vertebrae,3,8,32,7173,7173,1390,1,0.9195815920829773,9,34
3,0,SIEMENS_SymphonyTim_37743_T1-TSE,179|180|23,D:\Running_Place\PostGraduateProjects\Experiments\PostGraduate\backbones\DisperssionWithSADG_ConstraintStyleRegularization\Seg-SADG\BaryRadGate\a0p08\rho0p5\gb8\sadg0p05\nocons\shot3\Seed0\baseline_model_with_metadata.pt,D:\Running_Place\PostGraduateProjects\Experiments\PostGraduate\backbones\Prompts\Seg-SADG\BaryRadGate\a0p08\rho0p5\gb8\sadg0p05\nocons\shot3\Seed0,D:\Running_Place\PostGraduateProjects\Experiments\PostGraduate\backbones\Prompts\Seg-SADG\BaryRadGate\a0p08\rho0p5\gb8\sadg0p05\nocons\shot3\Seed0\source_multilayer_prototypes.pt,1.0,gamma1,dec3,1,vertebrae,4,8,32,7173,7173,891,1,0.8765796422958374,9,34
3,0,SIEMENS_SymphonyTim_37743_T1-TSE,179|180|23,D:\Running_Place\PostGraduateProjects\Experiments\PostGraduate\backbones\DisperssionWithSADG_ConstraintStyleRegularization\Seg-SADG\BaryRadGate\a0p08\rho0p5\gb8\sadg0p05\nocons\shot3\Seed0\baseline_model_with_metadata.pt,D:\Running_Place\PostGraduateProjects\Experiments\PostGraduate\backbones\Prompts\Seg-SADG\BaryRadGate\a0p08\rho0p5\gb8\sadg0p05\nocons\shot3\Seed0,D:\Running_Place\PostGraduateProjects\Experiments\PostGraduate\backbones\Prompts\Seg-SADG\BaryRadGate\a0p08\rho0p5\gb8\sadg0p05\nocons\shot3\Seed0\source_multilayer_prototypes.pt,1.0,gamma1,dec3,1,vertebrae,5,8,32,7173,7173,1399,1,0.9287273287773132,9,34
3,0,SIEMENS_SymphonyTim_37743_T1-TSE,179|180|23,D:\Running_Place\PostGraduateProjects\Experiments\PostGraduate\backbones\DisperssionWithSADG_ConstraintStyleRegularization\Seg-SADG\BaryRadGate\a0p08\rho0p5\gb8\sadg0p05\nocons\shot3\Seed0\baseline_model_with_metadata.pt,D:\Running_Place\PostGraduateProjects\Experiments\PostGraduate\backbones\Prompts\Seg-SADG\BaryRadGate\a0p08\rho0p5\gb8\sadg0p05\nocons\shot3\Seed0,D:\Running_Place\PostGraduateProjects\Experiments\PostGraduate\backbones\Prompts\Seg-SADG\BaryRadGate\a0p08\rho0p5\gb8\sadg0p05\nocons\shot3\Seed0\source_multilayer_prototypes.pt,1.0,gamma1,dec3,1,vertebrae,6,8,32,7173,7173,592,1,0.8997027277946472,9,34
3,0,SIEMENS_SymphonyTim_37743_T1-TSE,179|180|23,D:\Running_Place\PostGraduateProjects\Experiments\PostGraduate\backbones\DisperssionWithSADG_ConstraintStyleRegularization\Seg-SADG\BaryRadGate\a0p08\rho0p5\gb8\sadg0p05\nocons\shot3\Seed0\baseline_model_with_metadata.pt,D:\Running_Place\PostGraduateProjects\Experiments\PostGraduate\backbones\Prompts\Seg-SADG\BaryRadGate\a0p08\rho0p5\gb8\sadg0p05\nocons\shot3\Seed0,D:\Running_Place\PostGraduateProjects\Experiments\PostGraduate\backbones\Prompts\Seg-SADG\BaryRadGate\a0p08\rho0p5\gb8\sadg0p05\nocons\shot3\Seed0\source_multilayer_prototypes.pt,1.0,gamma1,dec3,1,vertebrae,7,8,32,7173,7173,515,1,0.840179979801178,9,34
3,0,SIEMENS_SymphonyTim_37743_T1-TSE,179|180|23,D:\Running_Place\PostGraduateProjects\Experiments\PostGraduate\backbones\DisperssionWithSADG_ConstraintStyleRegularization\Seg-SADG\BaryRadGate\a0p08\rho0p5\gb8\sadg0p05\nocons\shot3\Seed0\baseline_model_with_metadata.pt,D:\Running_Place\PostGraduateProjects\Experiments\PostGraduate\backbones\Prompts\Seg-SADG\BaryRadGate\a0p08\rho0p5\gb8\sadg0p05\nocons\shot3\Seed0,D:\Running_Place\PostGraduateProjects\Experiments\PostGraduate\backbones\Prompts\Seg-SADG\BaryRadGate\a0p08\rho0p5\gb8\sadg0p05\nocons\shot3\Seed0\source_multilayer_prototypes.pt,1.0,gamma1,dec3,2,intervertebral_discs,0,4,32,1275,1275,342,1,0.8947411179542542,9,34
3,0,SIEMENS_SymphonyTim_37743_T1-TSE,179|180|23,D:\Running_Place\PostGraduateProjects\Experiments\PostGraduate\backbones\DisperssionWithSADG_ConstraintStyleRegularization\Seg-SADG\BaryRadGate\a0p08\rho0p5\gb8\sadg0p05\nocons\shot3\Seed0\baseline_model_with_metadata.pt,D:\Running_Place\PostGraduateProjects\Experiments\PostGraduate\backbones\Prompts\Seg-SADG\BaryRadGate\a0p08\rho0p5\gb8\sadg0p05\nocons\shot3\Seed0,D:\Running_Place\PostGraduateProjects\Experiments\PostGraduate\backbones\Prompts\Seg-SADG\BaryRadGate\a0p08\rho0p5\gb8\sadg0p05\nocons\shot3\Seed0\source_multilayer_prototypes.pt,1.0,gamma1,dec3,2,intervertebral_discs,1,4,32,1275,1275,434,1,0.9103244543075562,9,34
3,0,SIEMENS_SymphonyTim_37743_T1-TSE,179|180|23,D:\Running_Place\PostGraduateProjects\Experiments\PostGraduate\backbones\DisperssionWithSADG_ConstraintStyleRegularization\Seg-SADG\BaryRadGate\a0p08\rho0p5\gb8\sadg0p05\nocons\shot3\Seed0\baseline_model_with_metadata.pt,D:\Running_Place\PostGraduateProjects\Experiments\PostGraduate\backbones\Prompts\Seg-SADG\BaryRadGate\a0p08\rho0p5\gb8\sadg0p05\nocons\shot3\Seed0,D:\Running_Place\PostGraduateProjects\Experiments\PostGraduate\backbones\Prompts\Seg-SADG\BaryRadGate\a0p08\rho0p5\gb8\sadg0p05\nocons\shot3\Seed0\source_multilayer_prototypes.pt,1.0,gamma1,dec3,2,intervertebral_discs,2,4,32,1275,1275,318,1,0.8939275145530701,9,34
3,0,SIEMENS_SymphonyTim_37743_T1-TSE,179|180|23,D:\Running_Place\PostGraduateProjects\Experiments\PostGraduate\backbones\DisperssionWithSADG_ConstraintStyleRegularization\Seg-SADG\BaryRadGate\a0p08\rho0p5\gb8\sadg0p05\nocons\shot3\Seed0\baseline_model_with_metadata.pt,D:\Running_Place\PostGraduateProjects\Experiments\PostGraduate\backbones\Prompts\Seg-SADG\BaryRadGate\a0p08\rho0p5\gb8\sadg0p05\nocons\shot3\Seed0,D:\Running_Place\PostGraduateProjects\Experiments\PostGraduate\backbones\Prompts\Seg-SADG\BaryRadGate\a0p08\rho0p5\gb8\sadg0p05\nocons\shot3\Seed0\source_multilayer_prototypes.pt,1.0,gamma1,dec3,2,intervertebral_discs,3,4,32,1275,1275,181,1,0.8867945671081543,9,34
3,0,SIEMENS_SymphonyTim_37743_T1-TSE,179|180|23,D:\Running_Place\PostGraduateProjects\Experiments\PostGraduate\backbones\DisperssionWithSADG_ConstraintStyleRegularization\Seg-SADG\BaryRadGate\a0p08\rho0p5\gb8\sadg0p05\nocons\shot3\Seed0\baseline_model_with_metadata.pt,D:\Running_Place\PostGraduateProjects\Experiments\PostGraduate\backbones\Prompts\Seg-SADG\BaryRadGate\a0p08\rho0p5\gb8\sadg0p05\nocons\shot3\Seed0,D:\Running_Place\PostGraduateProjects\Experiments\PostGraduate\backbones\Prompts\Seg-SADG\BaryRadGate\a0p08\rho0p5\gb8\sadg0p05\nocons\shot3\Seed0\source_multilayer_prototypes.pt,1.0,gamma1,dec2,0,background,0,8,16,392564,50000,3014,1,0.8469505906105042,9,34
3,0,SIEMENS_SymphonyTim_37743_T1-TSE,179|180|23,D:\Running_Place\PostGraduateProjects\Experiments\PostGraduate\backbones\DisperssionWithSADG_ConstraintStyleRegularization\Seg-SADG\BaryRadGate\a0p08\rho0p5\gb8\sadg0p05\nocons\shot3\Seed0\baseline_model_with_metadata.pt,D:\Running_Place\PostGraduateProjects\Experiments\PostGraduate\backbones\Prompts\Seg-SADG\BaryRadGate\a0p08\rho0p5\gb8\sadg0p05\nocons\shot3\Seed0,D:\Running_Place\PostGraduateProjects\Experiments\PostGraduate\backbones\Prompts\Seg-SADG\BaryRadGate\a0p08\rho0p5\gb8\sadg0p05\nocons\shot3\Seed0\source_multilayer_prototypes.pt,1.0,gamma1,dec2,0,background,1,8,16,392564,50000,15302,1,0.91954505443573,9,34
3,0,SIEMENS_SymphonyTim_37743_T1-TSE,179|180|23,D:\Running_Place\PostGraduateProjects\Experiments\PostGraduate\backbones\DisperssionWithSADG_ConstraintStyleRegularization\Seg-SADG\BaryRadGate\a0p08\rho0p5\gb8\sadg0p05\nocons\shot3\Seed0\baseline_model_with_metadata.pt,D:\Running_Place\PostGraduateProjects\Experiments\PostGraduate\backbones\Prompts\Seg-SADG\BaryRadGate\a0p08\rho0p5\gb8\sadg0p05\nocons\shot3\Seed0,D:\Running_Place\PostGraduateProjects\Experiments\PostGraduate\backbones\Prompts\Seg-SADG\BaryRadGate\a0p08\rho0p5\gb8\sadg0p05\nocons\shot3\Seed0\source_multilayer_prototypes.pt,1.0,gamma1,dec2,0,background,2,8,16,392564,50000,4074,1,0.8466615676879883,9,34
3,0,SIEMENS_SymphonyTim_37743_T1-TSE,179|180|23,D:\Running_Place\PostGraduateProjects\Experiments\PostGraduate\backbones\DisperssionWithSADG_ConstraintStyleRegularization\Seg-SADG\BaryRadGate\a0p08\rho0p5\gb8\sadg0p05\nocons\shot3\Seed0\baseline_model_with_metadata.pt,D:\Running_Place\PostGraduateProjects\Experiments\PostGraduate\backbones\Prompts\Seg-SADG\BaryRadGate\a0p08\rho0p5\gb8\sadg0p05\nocons\shot3\Seed0,D:\Running_Place\PostGraduateProjects\Experiments\PostGraduate\backbones\Prompts\Seg-SADG\BaryRadGate\a0p08\rho0p5\gb8\sadg0p05\nocons\shot3\Seed0\source_multilayer_prototypes.pt,1.0,gamma1,dec2,0,background,3,8,16,392564,50000,2015,1,0.8114330768585205,9,34
3,0,SIEMENS_SymphonyTim_37743_T1-TSE,179|180|23,D:\Running_Place\PostGraduateProjects\Experiments\PostGraduate\backbones\DisperssionWithSADG_ConstraintStyleRegularization\Seg-SADG\BaryRadGate\a0p08\rho0p5\gb8\sadg0p05\nocons\shot3\Seed0\baseline_model_with_metadata.pt,D:\Running_Place\PostGraduateProjects\Experiments\PostGraduate\backbones\Prompts\Seg-SADG\BaryRadGate\a0p08\rho0p5\gb8\sadg0p05\nocons\shot3\Seed0,D:\Running_Place\PostGraduateProjects\Experiments\PostGraduate\backbones\Prompts\Seg-SADG\BaryRadGate\a0p08\rho0p5\gb8\sadg0p05\nocons\shot3\Seed0\source_multilayer_prototypes.pt,1.0,gamma1,dec2,0,background,4,8,16,392564,50000,3783,1,0.8565301299095154,9,34
3,0,SIEMENS_SymphonyTim_37743_T1-TSE,179|180|23,D:\Running_Place\PostGraduateProjects\Experiments\PostGraduate\backbones\DisperssionWithSADG_ConstraintStyleRegularization\Seg-SADG\BaryRadGate\a0p08\rho0p5\gb8\sadg0p05\nocons\shot3\Seed0\baseline_model_with_metadata.pt,D:\Running_Place\PostGraduateProjects\Experiments\PostGraduate\backbones\Prompts\Seg-SADG\BaryRadGate\a0p08\rho0p5\gb8\sadg0p05\nocons\shot3\Seed0,D:\Running_Place\PostGraduateProjects\Experiments\PostGraduate\backbones\Prompts\Seg-SADG\BaryRadGate\a0p08\rho0p5\gb8\sadg0p05\nocons\shot3\Seed0\source_multilayer_prototypes.pt,1.0,gamma1,dec2,0,background,5,8,16,392564,50000,13955,1,0.9357926845550537,9,34
3,0,SIEMENS_SymphonyTim_37743_T1-TSE,179|180|23,D:\Running_Place\PostGraduateProjects\Experiments\PostGraduate\backbones\DisperssionWithSADG_ConstraintStyleRegularization\Seg-SADG\BaryRadGate\a0p08\rho0p5\gb8\sadg0p05\nocons\shot3\Seed0\baseline_model_with_metadata.pt,D:\Running_Place\PostGraduateProjects\Experiments\PostGraduate\backbones\Prompts\Seg-SADG\BaryRadGate\a0p08\rho0p5\gb8\sadg0p05\nocons\shot3\Seed0,D:\Running_Place\PostGraduateProjects\Experiments\PostGraduate\backbones\Prompts\Seg-SADG\BaryRadGate\a0p08\rho0p5\gb8\sadg0p05\nocons\shot3\Seed0\source_multilayer_prototypes.pt,1.0,gamma1,dec2,0,background,6,8,16,392564,50000,2955,1,0.6280511617660522,9,34
3,0,SIEMENS_SymphonyTim_37743_T1-TSE,179|180|23,D:\Running_Place\PostGraduateProjects\Experiments\PostGraduate\backbones\DisperssionWithSADG_ConstraintStyleRegularization\Seg-SADG\BaryRadGate\a0p08\rho0p5\gb8\sadg0p05\nocons\shot3\Seed0\baseline_model_with_metadata.pt,D:\Running_Place\PostGraduateProjects\Experiments\PostGraduate\backbones\Prompts\Seg-SADG\BaryRadGate\a0p08\rho0p5\gb8\sadg0p05\nocons\shot3\Seed0,D:\Running_Place\PostGraduateProjects\Experiments\PostGraduate\backbones\Prompts\Seg-SADG\BaryRadGate\a0p08\rho0p5\gb8\sadg0p05\nocons\shot3\Seed0\source_multilayer_prototypes.pt,1.0,gamma1,dec2,0,background,7,8,16,392564,50000,4902,1,0.9070351719856262,9,34
3,0,SIEMENS_SymphonyTim_37743_T1-TSE,179|180|23,D:\Running_Place\PostGraduateProjects\Experiments\PostGraduate\backbones\DisperssionWithSADG_ConstraintStyleRegularization\Seg-SADG\BaryRadGate\a0p08\rho0p5\gb8\sadg0p05\nocons\shot3\Seed0\baseline_model_with_metadata.pt,D:\Running_Place\PostGraduateProjects\Experiments\PostGraduate\backbones\Prompts\Seg-SADG\BaryRadGate\a0p08\rho0p5\gb8\sadg0p05\nocons\shot3\Seed0,D:\Running_Place\PostGraduateProjects\Experiments\PostGraduate\backbones\Prompts\Seg-SADG\BaryRadGate\a0p08\rho0p5\gb8\sadg0p05\nocons\shot3\Seed0\source_multilayer_prototypes.pt,1.0,gamma1,dec2,1,vertebrae,0,8,16,28844,28844,8333,1,0.9644209742546082,9,34
3,0,SIEMENS_SymphonyTim_37743_T1-TSE,179|180|23,D:\Running_Place\PostGraduateProjects\Experiments\PostGraduate\backbones\DisperssionWithSADG_ConstraintStyleRegularization\Seg-SADG\BaryRadGate\a0p08\rho0p5\gb8\sadg0p05\nocons\shot3\Seed0\baseline_model_with_metadata.pt,D:\Running_Place\PostGraduateProjects\Experiments\PostGraduate\backbones\Prompts\Seg-SADG\BaryRadGate\a0p08\rho0p5\gb8\sadg0p05\nocons\shot3\Seed0,D:\Running_Place\PostGraduateProjects\Experiments\PostGraduate\backbones\Prompts\Seg-SADG\BaryRadGate\a0p08\rho0p5\gb8\sadg0p05\nocons\shot3\Seed0\source_multilayer_prototypes.pt,1.0,gamma1,dec2,1,vertebrae,1,8,16,28844,28844,10090,1,0.9641847610473633,9,34
3,0,SIEMENS_SymphonyTim_37743_T1-TSE,179|180|23,D:\Running_Place\PostGraduateProjects\Experiments\PostGraduate\backbones\DisperssionWithSADG_ConstraintStyleRegularization\Seg-SADG\BaryRadGate\a0p08\rho0p5\gb8\sadg0p05\nocons\shot3\Seed0\baseline_model_with_metadata.pt,D:\Running_Place\PostGraduateProjects\Experiments\PostGraduate\backbones\Prompts\Seg-SADG\BaryRadGate\a0p08\rho0p5\gb8\sadg0p05\nocons\shot3\Seed0,D:\Running_Place\PostGraduateProjects\Experiments\PostGraduate\backbones\Prompts\Seg-SADG\BaryRadGate\a0p08\rho0p5\gb8\sadg0p05\nocons\shot3\Seed0\source_multilayer_prototypes.pt,1.0,gamma1,dec2,1,vertebrae,2,8,16,28844,28844,1360,1,0.8614819645881653,9,34
3,0,SIEMENS_SymphonyTim_37743_T1-TSE,179|180|23,D:\Running_Place\PostGraduateProjects\Experiments\PostGraduate\backbones\DisperssionWithSADG_ConstraintStyleRegularization\Seg-SADG\BaryRadGate\a0p08\rho0p5\gb8\sadg0p05\nocons\shot3\Seed0\baseline_model_with_metadata.pt,D:\Running_Place\PostGraduateProjects\Experiments\PostGraduate\backbones\Prompts\Seg-SADG\BaryRadGate\a0p08\rho0p5\gb8\sadg0p05\nocons\shot3\Seed0,D:\Running_Place\PostGraduateProjects\Experiments\PostGraduate\backbones\Prompts\Seg-SADG\BaryRadGate\a0p08\rho0p5\gb8\sadg0p05\nocons\shot3\Seed0\source_multilayer_prototypes.pt,1.0,gamma1,dec2,1,vertebrae,3,8,16,28844,28844,3494,1,0.9247441291809082,9,34
3,0,SIEMENS_SymphonyTim_37743_T1-TSE,179|180|23,D:\Running_Place\PostGraduateProjects\Experiments\PostGraduate\backbones\DisperssionWithSADG_ConstraintStyleRegularization\Seg-SADG\BaryRadGate\a0p08\rho0p5\gb8\sadg0p05\nocons\shot3\Seed0\baseline_model_with_metadata.pt,D:\Running_Place\PostGraduateProjects\Experiments\PostGraduate\backbones\Prompts\Seg-SADG\BaryRadGate\a0p08\rho0p5\gb8\sadg0p05\nocons\shot3\Seed0,D:\Running_Place\PostGraduateProjects\Experiments\PostGraduate\backbones\Prompts\Seg-SADG\BaryRadGate\a0p08\rho0p5\gb8\sadg0p05\nocons\shot3\Seed0\source_multilayer_prototypes.pt,1.0,gamma1,dec2,1,vertebrae,4,8,16,28844,28844,1915,1,0.870064914226532,9,34
3,0,SIEMENS_SymphonyTim_37743_T1-TSE,179|180|23,D:\Running_Place\PostGraduateProjects\Experiments\PostGraduate\backbones\DisperssionWithSADG_ConstraintStyleRegularization\Seg-SADG\BaryRadGate\a0p08\rho0p5\gb8\sadg0p05\nocons\shot3\Seed0\baseline_model_with_metadata.pt,D:\Running_Place\PostGraduateProjects\Experiments\PostGraduate\backbones\Prompts\Seg-SADG\BaryRadGate\a0p08\rho0p5\gb8\sadg0p05\nocons\shot3\Seed0,D:\Running_Place\PostGraduateProjects\Experiments\PostGraduate\backbones\Prompts\Seg-SADG\BaryRadGate\a0p08\rho0p5\gb8\sadg0p05\nocons\shot3\Seed0\source_multilayer_prototypes.pt,1.0,gamma1,dec2,1,vertebrae,5,8,16,28844,28844,1346,1,0.8831230401992798,9,34
3,0,SIEMENS_SymphonyTim_37743_T1-TSE,179|180|23,D:\Running_Place\PostGraduateProjects\Experiments\PostGraduate\backbones\DisperssionWithSADG_ConstraintStyleRegularization\Seg-SADG\BaryRadGate\a0p08\rho0p5\gb8\sadg0p05\nocons\shot3\Seed0\baseline_model_with_metadata.pt,D:\Running_Place\PostGraduateProjects\Experiments\PostGraduate\backbones\Prompts\Seg-SADG\BaryRadGate\a0p08\rho0p5\gb8\sadg0p05\nocons\shot3\Seed0,D:\Running_Place\PostGraduateProjects\Experiments\PostGraduate\backbones\Prompts\Seg-SADG\BaryRadGate\a0p08\rho0p5\gb8\sadg0p05\nocons\shot3\Seed0\source_multilayer_prototypes.pt,1.0,gamma1,dec2,1,vertebrae,6,8,16,28844,28844,1374,1,0.8733110427856445,9,34
3,0,SIEMENS_SymphonyTim_37743_T1-TSE,179|180|23,D:\Running_Place\PostGraduateProjects\Experiments\PostGraduate\backbones\DisperssionWithSADG_ConstraintStyleRegularization\Seg-SADG\BaryRadGate\a0p08\rho0p5\gb8\sadg0p05\nocons\shot3\Seed0\baseline_model_with_metadata.pt,D:\Running_Place\PostGraduateProjects\Experiments\PostGraduate\backbones\Prompts\Seg-SADG\BaryRadGate\a0p08\rho0p5\gb8\sadg0p05\nocons\shot3\Seed0,D:\Running_Place\PostGraduateProjects\Experiments\PostGraduate\backbones\Prompts\Seg-SADG\BaryRadGate\a0p08\rho0p5\gb8\sadg0p05\nocons\shot3\Seed0\source_multilayer_prototypes.pt,1.0,gamma1,dec2,1,vertebrae,7,8,16,28844,28844,932,1,0.8275248408317566,9,34
3,0,SIEMENS_SymphonyTim_37743_T1-TSE,179|180|23,D:\Running_Place\PostGraduateProjects\Experiments\PostGraduate\backbones\DisperssionWithSADG_ConstraintStyleRegularization\Seg-SADG\BaryRadGate\a0p08\rho0p5\gb8\sadg0p05\nocons\shot3\Seed0\baseline_model_with_metadata.pt,D:\Running_Place\PostGraduateProjects\Experiments\PostGraduate\backbones\Prompts\Seg-SADG\BaryRadGate\a0p08\rho0p5\gb8\sadg0p05\nocons\shot3\Seed0,D:\Running_Place\PostGraduateProjects\Experiments\PostGraduate\backbones\Prompts\Seg-SADG\BaryRadGate\a0p08\rho0p5\gb8\sadg0p05\nocons\shot3\Seed0\source_multilayer_prototypes.pt,1.0,gamma1,dec2,2,intervertebral_discs,0,4,16,5088,5088,1254,1,0.967985987663269,9,34
3,0,SIEMENS_SymphonyTim_37743_T1-TSE,179|180|23,D:\Running_Place\PostGraduateProjects\Experiments\PostGraduate\backbones\DisperssionWithSADG_ConstraintStyleRegularization\Seg-SADG\BaryRadGate\a0p08\rho0p5\gb8\sadg0p05\nocons\shot3\Seed0\baseline_model_with_metadata.pt,D:\Running_Place\PostGraduateProjects\Experiments\PostGraduate\backbones\Prompts\Seg-SADG\BaryRadGate\a0p08\rho0p5\gb8\sadg0p05\nocons\shot3\Seed0,D:\Running_Place\PostGraduateProjects\Experiments\PostGraduate\backbones\Prompts\Seg-SADG\BaryRadGate\a0p08\rho0p5\gb8\sadg0p05\nocons\shot3\Seed0\source_multilayer_prototypes.pt,1.0,gamma1,dec2,2,intervertebral_discs,1,4,16,5088,5088,1095,1,0.951510488986969,9,34
3,0,SIEMENS_SymphonyTim_37743_T1-TSE,179|180|23,D:\Running_Place\PostGraduateProjects\Experiments\PostGraduate\backbones\DisperssionWithSADG_ConstraintStyleRegularization\Seg-SADG\BaryRadGate\a0p08\rho0p5\gb8\sadg0p05\nocons\shot3\Seed0\baseline_model_with_metadata.pt,D:\Running_Place\PostGraduateProjects\Experiments\PostGraduate\backbones\Prompts\Seg-SADG\BaryRadGate\a0p08\rho0p5\gb8\sadg0p05\nocons\shot3\Seed0,D:\Running_Place\PostGraduateProjects\Experiments\PostGraduate\backbones\Prompts\Seg-SADG\BaryRadGate\a0p08\rho0p5\gb8\sadg0p05\nocons\shot3\Seed0\source_multilayer_prototypes.pt,1.0,gamma1,dec2,2,intervertebral_discs,2,4,16,5088,5088,928,1,0.9427025318145752,9,34
3,0,SIEMENS_SymphonyTim_37743_T1-TSE,179|180|23,D:\Running_Place\PostGraduateProjects\Experiments\PostGraduate\backbones\DisperssionWithSADG_ConstraintStyleRegularization\Seg-SADG\BaryRadGate\a0p08\rho0p5\gb8\sadg0p05\nocons\shot3\Seed0\baseline_model_with_metadata.pt,D:\Running_Place\PostGraduateProjects\Experiments\PostGraduate\backbones\Prompts\Seg-SADG\BaryRadGate\a0p08\rho0p5\gb8\sadg0p05\nocons\shot3\Seed0,D:\Running_Place\PostGraduateProjects\Experiments\PostGraduate\backbones\Prompts\Seg-SADG\BaryRadGate\a0p08\rho0p5\gb8\sadg0p05\nocons\shot3\Seed0\source_multilayer_prototypes.pt,1.0,gamma1,dec2,2,intervertebral_discs,3,4,16,5088,5088,1811,1,0.9698483347892761,9,34
3,0,SIEMENS_SymphonyTim_37743_T1-TSE,179|180|23,D:\Running_Place\PostGraduateProjects\Experiments\PostGraduate\backbones\DisperssionWithSADG_ConstraintStyleRegularization\Seg-SADG\BaryRadGate\a0p08\rho0p5\gb8\sadg0p05\nocons\shot3\Seed0\baseline_model_with_metadata.pt,D:\Running_Place\PostGraduateProjects\Experiments\PostGraduate\backbones\Prompts\Seg-SADG\BaryRadGate\a0p08\rho0p5\gb8\sadg0p05\nocons\shot3\Seed0,D:\Running_Place\PostGraduateProjects\Experiments\PostGraduate\backbones\Prompts\Seg-SADG\BaryRadGate\a0p08\rho0p5\gb8\sadg0p05\nocons\shot3\Seed0\source_multilayer_prototypes.pt,1.0,gamma1,dec1,0,background,0,8,16,1569957,50000,14877,1,0.9955112934112549,9,34
3,0,SIEMENS_SymphonyTim_37743_T1-TSE,179|180|23,D:\Running_Place\PostGraduateProjects\Experiments\PostGraduate\backbones\DisperssionWithSADG_ConstraintStyleRegularization\Seg-SADG\BaryRadGate\a0p08\rho0p5\gb8\sadg0p05\nocons\shot3\Seed0\baseline_model_with_metadata.pt,D:\Running_Place\PostGraduateProjects\Experiments\PostGraduate\backbones\Prompts\Seg-SADG\BaryRadGate\a0p08\rho0p5\gb8\sadg0p05\nocons\shot3\Seed0,D:\Running_Place\PostGraduateProjects\Experiments\PostGraduate\backbones\Prompts\Seg-SADG\BaryRadGate\a0p08\rho0p5\gb8\sadg0p05\nocons\shot3\Seed0\source_multilayer_prototypes.pt,1.0,gamma1,dec1,0,background,1,8,16,1569957,50000,983,1,0.9620379209518433,9,34
3,0,SIEMENS_SymphonyTim_37743_T1-TSE,179|180|23,D:\Running_Place\PostGraduateProjects\Experiments\PostGraduate\backbones\DisperssionWithSADG_ConstraintStyleRegularization\Seg-SADG\BaryRadGate\a0p08\rho0p5\gb8\sadg0p05\nocons\shot3\Seed0\baseline_model_with_metadata.pt,D:\Running_Place\PostGraduateProjects\Experiments\PostGraduate\backbones\Prompts\Seg-SADG\BaryRadGate\a0p08\rho0p5\gb8\sadg0p05\nocons\shot3\Seed0,D:\Running_Place\PostGraduateProjects\Experiments\PostGraduate\backbones\Prompts\Seg-SADG\BaryRadGate\a0p08\rho0p5\gb8\sadg0p05\nocons\shot3\Seed0\source_multilayer_prototypes.pt,1.0,gamma1,dec1,0,background,2,8,16,1569957,50000,304,1,0.8724111914634705,9,34
3,0,SIEMENS_SymphonyTim_37743_T1-TSE,179|180|23,D:\Running_Place\PostGraduateProjects\Experiments\PostGraduate\backbones\DisperssionWithSADG_ConstraintStyleRegularization\Seg-SADG\BaryRadGate\a0p08\rho0p5\gb8\sadg0p05\nocons\shot3\Seed0\baseline_model_with_metadata.pt,D:\Running_Place\PostGraduateProjects\Experiments\PostGraduate\backbones\Prompts\Seg-SADG\BaryRadGate\a0p08\rho0p5\gb8\sadg0p05\nocons\shot3\Seed0,D:\Running_Place\PostGraduateProjects\Experiments\PostGraduate\backbones\Prompts\Seg-SADG\BaryRadGate\a0p08\rho0p5\gb8\sadg0p05\nocons\shot3\Seed0\source_multilayer_prototypes.pt,1.0,gamma1,dec1,0,background,3,8,16,1569957,50000,518,1,0.8475317358970642,9,34
3,0,SIEMENS_SymphonyTim_37743_T1-TSE,179|180|23,D:\Running_Place\PostGraduateProjects\Experiments\PostGraduate\backbones\DisperssionWithSADG_ConstraintStyleRegularization\Seg-SADG\BaryRadGate\a0p08\rho0p5\gb8\sadg0p05\nocons\shot3\Seed0\baseline_model_with_metadata.pt,D:\Running_Place\PostGraduateProjects\Experiments\PostGraduate\backbones\Prompts\Seg-SADG\BaryRadGate\a0p08\rho0p5\gb8\sadg0p05\nocons\shot3\Seed0,D:\Running_Place\PostGraduateProjects\Experiments\PostGraduate\backbones\Prompts\Seg-SADG\BaryRadGate\a0p08\rho0p5\gb8\sadg0p05\nocons\shot3\Seed0\source_multilayer_prototypes.pt,1.0,gamma1,dec1,0,background,4,8,16,1569957,50000,15830,1,0.9945758581161499,9,34
3,0,SIEMENS_SymphonyTim_37743_T1-TSE,179|180|23,D:\Running_Place\PostGraduateProjects\Experiments\PostGraduate\backbones\DisperssionWithSADG_ConstraintStyleRegularization\Seg-SADG\BaryRadGate\a0p08\rho0p5\gb8\sadg0p05\nocons\shot3\Seed0\baseline_model_with_metadata.pt,D:\Running_Place\PostGraduateProjects\Experiments\PostGraduate\backbones\Prompts\Seg-SADG\BaryRadGate\a0p08\rho0p5\gb8\sadg0p05\nocons\shot3\Seed0,D:\Running_Place\PostGraduateProjects\Experiments\PostGraduate\backbones\Prompts\Seg-SADG\BaryRadGate\a0p08\rho0p5\gb8\sadg0p05\nocons\shot3\Seed0\source_multilayer_prototypes.pt,1.0,gamma1,dec1,0,background,5,8,16,1569957,50000,8776,1,0.9948225021362305,9,34
3,0,SIEMENS_SymphonyTim_37743_T1-TSE,179|180|23,D:\Running_Place\PostGraduateProjects\Experiments\PostGraduate\backbones\DisperssionWithSADG_ConstraintStyleRegularization\Seg-SADG\BaryRadGate\a0p08\rho0p5\gb8\sadg0p05\nocons\shot3\Seed0\baseline_model_with_metadata.pt,D:\Running_Place\PostGraduateProjects\Experiments\PostGraduate\backbones\Prompts\Seg-SADG\BaryRadGate\a0p08\rho0p5\gb8\sadg0p05\nocons\shot3\Seed0,D:\Running_Place\PostGraduateProjects\Experiments\PostGraduate\backbones\Prompts\Seg-SADG\BaryRadGate\a0p08\rho0p5\gb8\sadg0p05\nocons\shot3\Seed0\source_multilayer_prototypes.pt,1.0,gamma1,dec1,0,background,6,8,16,1569957,50000,7903,1,0.9932148456573486,9,34
3,0,SIEMENS_SymphonyTim_37743_T1-TSE,179|180|23,D:\Running_Place\PostGraduateProjects\Experiments\PostGraduate\backbones\DisperssionWithSADG_ConstraintStyleRegularization\Seg-SADG\BaryRadGate\a0p08\rho0p5\gb8\sadg0p05\nocons\shot3\Seed0\baseline_model_with_metadata.pt,D:\Running_Place\PostGraduateProjects\Experiments\PostGraduate\backbones\Prompts\Seg-SADG\BaryRadGate\a0p08\rho0p5\gb8\sadg0p05\nocons\shot3\Seed0,D:\Running_Place\PostGraduateProjects\Experiments\PostGraduate\backbones\Prompts\Seg-SADG\BaryRadGate\a0p08\rho0p5\gb8\sadg0p05\nocons\shot3\Seed0\source_multilayer_prototypes.pt,1.0,gamma1,dec1,0,background,7,8,16,1569957,50000,809,1,0.9414659142494202,9,34
3,0,SIEMENS_SymphonyTim_37743_T1-TSE,179|180|23,D:\Running_Place\PostGraduateProjects\Experiments\PostGraduate\backbones\DisperssionWithSADG_ConstraintStyleRegularization\Seg-SADG\BaryRadGate\a0p08\rho0p5\gb8\sadg0p05\nocons\shot3\Seed0\baseline_model_with_metadata.pt,D:\Running_Place\PostGraduateProjects\Experiments\PostGraduate\backbones\Prompts\Seg-SADG\BaryRadGate\a0p08\rho0p5\gb8\sadg0p05\nocons\shot3\Seed0,D:\Running_Place\PostGraduateProjects\Experiments\PostGraduate\backbones\Prompts\Seg-SADG\BaryRadGate\a0p08\rho0p5\gb8\sadg0p05\nocons\shot3\Seed0\source_multilayer_prototypes.pt,1.0,gamma1,dec1,1,vertebrae,0,8,16,115259,50000,13382,1,0.9977453947067261,9,34
3,0,SIEMENS_SymphonyTim_37743_T1-TSE,179|180|23,D:\Running_Place\PostGraduateProjects\Experiments\PostGraduate\backbones\DisperssionWithSADG_ConstraintStyleRegularization\Seg-SADG\BaryRadGate\a0p08\rho0p5\gb8\sadg0p05\nocons\shot3\Seed0\baseline_model_with_metadata.pt,D:\Running_Place\PostGraduateProjects\Experiments\PostGraduate\backbones\Prompts\Seg-SADG\BaryRadGate\a0p08\rho0p5\gb8\sadg0p05\nocons\shot3\Seed0,D:\Running_Place\PostGraduateProjects\Experiments\PostGraduate\backbones\Prompts\Seg-SADG\BaryRadGate\a0p08\rho0p5\gb8\sadg0p05\nocons\shot3\Seed0\source_multilayer_prototypes.pt,1.0,gamma1,dec1,1,vertebrae,1,8,16,115259,50000,3002,1,0.9699464440345764,9,34
3,0,SIEMENS_SymphonyTim_37743_T1-TSE,179|180|23,D:\Running_Place\PostGraduateProjects\Experiments\PostGraduate\backbones\DisperssionWithSADG_ConstraintStyleRegularization\Seg-SADG\BaryRadGate\a0p08\rho0p5\gb8\sadg0p05\nocons\shot3\Seed0\baseline_model_with_metadata.pt,D:\Running_Place\PostGraduateProjects\Experiments\PostGraduate\backbones\Prompts\Seg-SADG\BaryRadGate\a0p08\rho0p5\gb8\sadg0p05\nocons\shot3\Seed0,D:\Running_Place\PostGraduateProjects\Experiments\PostGraduate\backbones\Prompts\Seg-SADG\BaryRadGate\a0p08\rho0p5\gb8\sadg0p05\nocons\shot3\Seed0\source_multilayer_prototypes.pt,1.0,gamma1,dec1,1,vertebrae,2,8,16,115259,50000,1652,1,0.9772932529449463,9,34
3,0,SIEMENS_SymphonyTim_37743_T1-TSE,179|180|23,D:\Running_Place\PostGraduateProjects\Experiments\PostGraduate\backbones\DisperssionWithSADG_ConstraintStyleRegularization\Seg-SADG\BaryRadGate\a0p08\rho0p5\gb8\sadg0p05\nocons\shot3\Seed0\baseline_model_with_metadata.pt,D:\Running_Place\PostGraduateProjects\Experiments\PostGraduate\backbones\Prompts\Seg-SADG\BaryRadGate\a0p08\rho0p5\gb8\sadg0p05\nocons\shot3\Seed0,D:\Running_Place\PostGraduateProjects\Experiments\PostGraduate\backbones\Prompts\Seg-SADG\BaryRadGate\a0p08\rho0p5\gb8\sadg0p05\nocons\shot3\Seed0\source_multilayer_prototypes.pt,1.0,gamma1,dec1,1,vertebrae,3,8,16,115259,50000,992,1,0.9243552088737488,9,34
3,0,SIEMENS_SymphonyTim_37743_T1-TSE,179|180|23,D:\Running_Place\PostGraduateProjects\Experiments\PostGraduate\backbones\DisperssionWithSADG_ConstraintStyleRegularization\Seg-SADG\BaryRadGate\a0p08\rho0p5\gb8\sadg0p05\nocons\shot3\Seed0\baseline_model_with_metadata.pt,D:\Running_Place\PostGraduateProjects\Experiments\PostGraduate\backbones\Prompts\Seg-SADG\BaryRadGate\a0p08\rho0p5\gb8\sadg0p05\nocons\shot3\Seed0,D:\Running_Place\PostGraduateProjects\Experiments\PostGraduate\backbones\Prompts\Seg-SADG\BaryRadGate\a0p08\rho0p5\gb8\sadg0p05\nocons\shot3\Seed0\source_multilayer_prototypes.pt,1.0,gamma1,dec1,1,vertebrae,4,8,16,115259,50000,921,1,0.9484917521476746,9,34
3,0,SIEMENS_SymphonyTim_37743_T1-TSE,179|180|23,D:\Running_Place\PostGraduateProjects\Experiments\PostGraduate\backbones\DisperssionWithSADG_ConstraintStyleRegularization\Seg-SADG\BaryRadGate\a0p08\rho0p5\gb8\sadg0p05\nocons\shot3\Seed0\baseline_model_with_metadata.pt,D:\Running_Place\PostGraduateProjects\Experiments\PostGraduate\backbones\Prompts\Seg-SADG\BaryRadGate\a0p08\rho0p5\gb8\sadg0p05\nocons\shot3\Seed0,D:\Running_Place\PostGraduateProjects\Experiments\PostGraduate\backbones\Prompts\Seg-SADG\BaryRadGate\a0p08\rho0p5\gb8\sadg0p05\nocons\shot3\Seed0\source_multilayer_prototypes.pt,1.0,gamma1,dec1,1,vertebrae,5,8,16,115259,50000,21231,1,0.9987220764160156,9,34
3,0,SIEMENS_SymphonyTim_37743_T1-TSE,179|180|23,D:\Running_Place\PostGraduateProjects\Experiments\PostGraduate\backbones\DisperssionWithSADG_ConstraintStyleRegularization\Seg-SADG\BaryRadGate\a0p08\rho0p5\gb8\sadg0p05\nocons\shot3\Seed0\baseline_model_with_metadata.pt,D:\Running_Place\PostGraduateProjects\Experiments\PostGraduate\backbones\Prompts\Seg-SADG\BaryRadGate\a0p08\rho0p5\gb8\sadg0p05\nocons\shot3\Seed0,D:\Running_Place\PostGraduateProjects\Experiments\PostGraduate\backbones\Prompts\Seg-SADG\BaryRadGate\a0p08\rho0p5\gb8\sadg0p05\nocons\shot3\Seed0\source_multilayer_prototypes.pt,1.0,gamma1,dec1,1,vertebrae,6,8,16,115259,50000,8030,1,0.9915184378623962,9,34
3,0,SIEMENS_SymphonyTim_37743_T1-TSE,179|180|23,D:\Running_Place\PostGraduateProjects\Experiments\PostGraduate\backbones\DisperssionWithSADG_ConstraintStyleRegularization\Seg-SADG\BaryRadGate\a0p08\rho0p5\gb8\sadg0p05\nocons\shot3\Seed0\baseline_model_with_metadata.pt,D:\Running_Place\PostGraduateProjects\Experiments\PostGraduate\backbones\Prompts\Seg-SADG\BaryRadGate\a0p08\rho0p5\gb8\sadg0p05\nocons\shot3\Seed0,D:\Running_Place\PostGraduateProjects\Experiments\PostGraduate\backbones\Prompts\Seg-SADG\BaryRadGate\a0p08\rho0p5\gb8\sadg0p05\nocons\shot3\Seed0\source_multilayer_prototypes.pt,1.0,gamma1,dec1,1,vertebrae,7,8,16,115259,50000,790,1,0.9372254014015198,9,34
3,0,SIEMENS_SymphonyTim_37743_T1-TSE,179|180|23,D:\Running_Place\PostGraduateProjects\Experiments\PostGraduate\backbones\DisperssionWithSADG_ConstraintStyleRegularization\Seg-SADG\BaryRadGate\a0p08\rho0p5\gb8\sadg0p05\nocons\shot3\Seed0\baseline_model_with_metadata.pt,D:\Running_Place\PostGraduateProjects\Experiments\PostGraduate\backbones\Prompts\Seg-SADG\BaryRadGate\a0p08\rho0p5\gb8\sadg0p05\nocons\shot3\Seed0,D:\Running_Place\PostGraduateProjects\Experiments\PostGraduate\backbones\Prompts\Seg-SADG\BaryRadGate\a0p08\rho0p5\gb8\sadg0p05\nocons\shot3\Seed0\source_multilayer_prototypes.pt,1.0,gamma1,dec1,2,intervertebral_discs,0,4,16,20768,20768,11111,1,0.9896352291107178,9,34
3,0,SIEMENS_SymphonyTim_37743_T1-TSE,179|180|23,D:\Running_Place\PostGraduateProjects\Experiments\PostGraduate\backbones\DisperssionWithSADG_ConstraintStyleRegularization\Seg-SADG\BaryRadGate\a0p08\rho0p5\gb8\sadg0p05\nocons\shot3\Seed0\baseline_model_with_metadata.pt,D:\Running_Place\PostGraduateProjects\Experiments\PostGraduate\backbones\Prompts\Seg-SADG\BaryRadGate\a0p08\rho0p5\gb8\sadg0p05\nocons\shot3\Seed0,D:\Running_Place\PostGraduateProjects\Experiments\PostGraduate\backbones\Prompts\Seg-SADG\BaryRadGate\a0p08\rho0p5\gb8\sadg0p05\nocons\shot3\Seed0\source_multilayer_prototypes.pt,1.0,gamma1,dec1,2,intervertebral_discs,1,4,16,20768,20768,414,1,0.8082172274589539,9,34
3,0,SIEMENS_SymphonyTim_37743_T1-TSE,179|180|23,D:\Running_Place\PostGraduateProjects\Experiments\PostGraduate\backbones\DisperssionWithSADG_ConstraintStyleRegularization\Seg-SADG\BaryRadGate\a0p08\rho0p5\gb8\sadg0p05\nocons\shot3\Seed0\baseline_model_with_metadata.pt,D:\Running_Place\PostGraduateProjects\Experiments\PostGraduate\backbones\Prompts\Seg-SADG\BaryRadGate\a0p08\rho0p5\gb8\sadg0p05\nocons\shot3\Seed0,D:\Running_Place\PostGraduateProjects\Experiments\PostGraduate\backbones\Prompts\Seg-SADG\BaryRadGate\a0p08\rho0p5\gb8\sadg0p05\nocons\shot3\Seed0\source_multilayer_prototypes.pt,1.0,gamma1,dec1,2,intervertebral_discs,2,4,16,20768,20768,9031,1,0.9953234195709229,9,34
3,0,SIEMENS_SymphonyTim_37743_T1-TSE,179|180|23,D:\Running_Place\PostGraduateProjects\Experiments\PostGraduate\backbones\DisperssionWithSADG_ConstraintStyleRegularization\Seg-SADG\BaryRadGate\a0p08\rho0p5\gb8\sadg0p05\nocons\shot3\Seed0\baseline_model_with_metadata.pt,D:\Running_Place\PostGraduateProjects\Experiments\PostGraduate\backbones\Prompts\Seg-SADG\BaryRadGate\a0p08\rho0p5\gb8\sadg0p05\nocons\shot3\Seed0,D:\Running_Place\PostGraduateProjects\Experiments\PostGraduate\backbones\Prompts\Seg-SADG\BaryRadGate\a0p08\rho0p5\gb8\sadg0p05\nocons\shot3\Seed0\source_multilayer_prototypes.pt,1.0,gamma1,dec1,2,intervertebral_discs,3,4,16,20768,20768,212,1,0.8642740249633789,9,34
3,0,SIEMENS_SymphonyTim_37743_T1-TSE,179|180|23,D:\Running_Place\PostGraduateProjects\Experiments\PostGraduate\backbones\DisperssionWithSADG_ConstraintStyleRegularization\Seg-SADG\BaryRadGate\a0p08\rho0p5\gb8\sadg0p05\nocons\shot3\Seed0\baseline_model_with_metadata.pt,D:\Running_Place\PostGraduateProjects\Experiments\PostGraduate\backbones\Prompts\Seg-SADG\BaryRadGate\a0p08\rho0p5\gb8\sadg0p05\nocons\shot3\Seed0,D:\Running_Place\PostGraduateProjects\Experiments\PostGraduate\backbones\Prompts\Seg-SADG\BaryRadGate\a0p08\rho0p5\gb8\sadg0p05\nocons\shot3\Seed0\source_multilayer_prototypes.pt,1.0,gamma1,dec1_head,0,background,0,8,16,1569957,50000,17936,1,0.9962704181671143,9,34
3,0,SIEMENS_SymphonyTim_37743_T1-TSE,179|180|23,D:\Running_Place\PostGraduateProjects\Experiments\PostGraduate\backbones\DisperssionWithSADG_ConstraintStyleRegularization\Seg-SADG\BaryRadGate\a0p08\rho0p5\gb8\sadg0p05\nocons\shot3\Seed0\baseline_model_with_metadata.pt,D:\Running_Place\PostGraduateProjects\Experiments\PostGraduate\backbones\Prompts\Seg-SADG\BaryRadGate\a0p08\rho0p5\gb8\sadg0p05\nocons\shot3\Seed0,D:\Running_Place\PostGraduateProjects\Experiments\PostGraduate\backbones\Prompts\Seg-SADG\BaryRadGate\a0p08\rho0p5\gb8\sadg0p05\nocons\shot3\Seed0\source_multilayer_prototypes.pt,1.0,gamma1,dec1_head,0,background,1,8,16,1569957,50000,320,1,0.8362440466880798,9,34
3,0,SIEMENS_SymphonyTim_37743_T1-TSE,179|180|23,D:\Running_Place\PostGraduateProjects\Experiments\PostGraduate\backbones\DisperssionWithSADG_ConstraintStyleRegularization\Seg-SADG\BaryRadGate\a0p08\rho0p5\gb8\sadg0p05\nocons\shot3\Seed0\baseline_model_with_metadata.pt,D:\Running_Place\PostGraduateProjects\Experiments\PostGraduate\backbones\Prompts\Seg-SADG\BaryRadGate\a0p08\rho0p5\gb8\sadg0p05\nocons\shot3\Seed0,D:\Running_Place\PostGraduateProjects\Experiments\PostGraduate\backbones\Prompts\Seg-SADG\BaryRadGate\a0p08\rho0p5\gb8\sadg0p05\nocons\shot3\Seed0\source_multilayer_prototypes.pt,1.0,gamma1,dec1_head,0,background,2,8,16,1569957,50000,3906,1,0.9848679900169373,9,34
3,0,SIEMENS_SymphonyTim_37743_T1-TSE,179|180|23,D:\Running_Place\PostGraduateProjects\Experiments\PostGraduate\backbones\DisperssionWithSADG_ConstraintStyleRegularization\Seg-SADG\BaryRadGate\a0p08\rho0p5\gb8\sadg0p05\nocons\shot3\Seed0\baseline_model_with_metadata.pt,D:\Running_Place\PostGraduateProjects\Experiments\PostGraduate\backbones\Prompts\Seg-SADG\BaryRadGate\a0p08\rho0p5\gb8\sadg0p05\nocons\shot3\Seed0,D:\Running_Place\PostGraduateProjects\Experiments\PostGraduate\backbones\Prompts\Seg-SADG\BaryRadGate\a0p08\rho0p5\gb8\sadg0p05\nocons\shot3\Seed0\source_multilayer_prototypes.pt,1.0,gamma1,dec1_head,0,background,3,8,16,1569957,50000,9986,1,0.993674635887146,9,34
3,0,SIEMENS_SymphonyTim_37743_T1-TSE,179|180|23,D:\Running_Place\PostGraduateProjects\Experiments\PostGraduate\backbones\DisperssionWithSADG_ConstraintStyleRegularization\Seg-SADG\BaryRadGate\a0p08\rho0p5\gb8\sadg0p05\nocons\shot3\Seed0\baseline_model_with_metadata.pt,D:\Running_Place\PostGraduateProjects\Experiments\PostGraduate\backbones\Prompts\Seg-SADG\BaryRadGate\a0p08\rho0p5\gb8\sadg0p05\nocons\shot3\Seed0,D:\Running_Place\PostGraduateProjects\Experiments\PostGraduate\backbones\Prompts\Seg-SADG\BaryRadGate\a0p08\rho0p5\gb8\sadg0p05\nocons\shot3\Seed0\source_multilayer_prototypes.pt,1.0,gamma1,dec1_head,0,background,4,8,16,1569957,50000,539,1,0.9131265878677368,9,34
3,0,SIEMENS_SymphonyTim_37743_T1-TSE,179|180|23,D:\Running_Place\PostGraduateProjects\Experiments\PostGraduate\backbones\DisperssionWithSADG_ConstraintStyleRegularization\Seg-SADG\BaryRadGate\a0p08\rho0p5\gb8\sadg0p05\nocons\shot3\Seed0\baseline_model_with_metadata.pt,D:\Running_Place\PostGraduateProjects\Experiments\PostGraduate\backbones\Prompts\Seg-SADG\BaryRadGate\a0p08\rho0p5\gb8\sadg0p05\nocons\shot3\Seed0,D:\Running_Place\PostGraduateProjects\Experiments\PostGraduate\backbones\Prompts\Seg-SADG\BaryRadGate\a0p08\rho0p5\gb8\sadg0p05\nocons\shot3\Seed0\source_multilayer_prototypes.pt,1.0,gamma1,dec1_head,0,background,5,8,16,1569957,50000,3606,1,0.9829484224319458,9,34
3,0,SIEMENS_SymphonyTim_37743_T1-TSE,179|180|23,D:\Running_Place\PostGraduateProjects\Experiments\PostGraduate\backbones\DisperssionWithSADG_ConstraintStyleRegularization\Seg-SADG\BaryRadGate\a0p08\rho0p5\gb8\sadg0p05\nocons\shot3\Seed0\baseline_model_with_metadata.pt,D:\Running_Place\PostGraduateProjects\Experiments\PostGraduate\backbones\Prompts\Seg-SADG\BaryRadGate\a0p08\rho0p5\gb8\sadg0p05\nocons\shot3\Seed0,D:\Running_Place\PostGraduateProjects\Experiments\PostGraduate\backbones\Prompts\Seg-SADG\BaryRadGate\a0p08\rho0p5\gb8\sadg0p05\nocons\shot3\Seed0\source_multilayer_prototypes.pt,1.0,gamma1,dec1_head,0,background,6,8,16,1569957,50000,935,1,0.8715368509292603,9,34
3,0,SIEMENS_SymphonyTim_37743_T1-TSE,179|180|23,D:\Running_Place\PostGraduateProjects\Experiments\PostGraduate\backbones\DisperssionWithSADG_ConstraintStyleRegularization\Seg-SADG\BaryRadGate\a0p08\rho0p5\gb8\sadg0p05\nocons\shot3\Seed0\baseline_model_with_metadata.pt,D:\Running_Place\PostGraduateProjects\Experiments\PostGraduate\backbones\Prompts\Seg-SADG\BaryRadGate\a0p08\rho0p5\gb8\sadg0p05\nocons\shot3\Seed0,D:\Running_Place\PostGraduateProjects\Experiments\PostGraduate\backbones\Prompts\Seg-SADG\BaryRadGate\a0p08\rho0p5\gb8\sadg0p05\nocons\shot3\Seed0\source_multilayer_prototypes.pt,1.0,gamma1,dec1_head,0,background,7,8,16,1569957,50000,12772,1,0.9967645406723022,9,34
3,0,SIEMENS_SymphonyTim_37743_T1-TSE,179|180|23,D:\Running_Place\PostGraduateProjects\Experiments\PostGraduate\backbones\DisperssionWithSADG_ConstraintStyleRegularization\Seg-SADG\BaryRadGate\a0p08\rho0p5\gb8\sadg0p05\nocons\shot3\Seed0\baseline_model_with_metadata.pt,D:\Running_Place\PostGraduateProjects\Experiments\PostGraduate\backbones\Prompts\Seg-SADG\BaryRadGate\a0p08\rho0p5\gb8\sadg0p05\nocons\shot3\Seed0,D:\Running_Place\PostGraduateProjects\Experiments\PostGraduate\backbones\Prompts\Seg-SADG\BaryRadGate\a0p08\rho0p5\gb8\sadg0p05\nocons\shot3\Seed0\source_multilayer_prototypes.pt,1.0,gamma1,dec1_head,1,vertebrae,0,8,16,115259,50000,28251,1,0.9983886480331421,9,34
3,0,SIEMENS_SymphonyTim_37743_T1-TSE,179|180|23,D:\Running_Place\PostGraduateProjects\Experiments\PostGraduate\backbones\DisperssionWithSADG_ConstraintStyleRegularization\Seg-SADG\BaryRadGate\a0p08\rho0p5\gb8\sadg0p05\nocons\shot3\Seed0\baseline_model_with_metadata.pt,D:\Running_Place\PostGraduateProjects\Experiments\PostGraduate\backbones\Prompts\Seg-SADG\BaryRadGate\a0p08\rho0p5\gb8\sadg0p05\nocons\shot3\Seed0,D:\Running_Place\PostGraduateProjects\Experiments\PostGraduate\backbones\Prompts\Seg-SADG\BaryRadGate\a0p08\rho0p5\gb8\sadg0p05\nocons\shot3\Seed0\source_multilayer_prototypes.pt,1.0,gamma1,dec1_head,1,vertebrae,1,8,16,115259,50000,753,1,0.9466370940208435,9,34
3,0,SIEMENS_SymphonyTim_37743_T1-TSE,179|180|23,D:\Running_Place\PostGraduateProjects\Experiments\PostGraduate\backbones\DisperssionWithSADG_ConstraintStyleRegularization\Seg-SADG\BaryRadGate\a0p08\rho0p5\gb8\sadg0p05\nocons\shot3\Seed0\baseline_model_with_metadata.pt,D:\Running_Place\PostGraduateProjects\Experiments\PostGraduate\backbones\Prompts\Seg-SADG\BaryRadGate\a0p08\rho0p5\gb8\sadg0p05\nocons\shot3\Seed0,D:\Running_Place\PostGraduateProjects\Experiments\PostGraduate\backbones\Prompts\Seg-SADG\BaryRadGate\a0p08\rho0p5\gb8\sadg0p05\nocons\shot3\Seed0\source_multilayer_prototypes.pt,1.0,gamma1,dec1_head,1,vertebrae,2,8,16,115259,50000,1577,1,0.9493960738182068,9,34
3,0,SIEMENS_SymphonyTim_37743_T1-TSE,179|180|23,D:\Running_Place\PostGraduateProjects\Experiments\PostGraduate\backbones\DisperssionWithSADG_ConstraintStyleRegularization\Seg-SADG\BaryRadGate\a0p08\rho0p5\gb8\sadg0p05\nocons\shot3\Seed0\baseline_model_with_metadata.pt,D:\Running_Place\PostGraduateProjects\Experiments\PostGraduate\backbones\Prompts\Seg-SADG\BaryRadGate\a0p08\rho0p5\gb8\sadg0p05\nocons\shot3\Seed0,D:\Running_Place\PostGraduateProjects\Experiments\PostGraduate\backbones\Prompts\Seg-SADG\BaryRadGate\a0p08\rho0p5\gb8\sadg0p05\nocons\shot3\Seed0\source_multilayer_prototypes.pt,1.0,gamma1,dec1_head,1,vertebrae,3,8,16,115259,50000,1385,1,0.9660323262214661,9,34
3,0,SIEMENS_SymphonyTim_37743_T1-TSE,179|180|23,D:\Running_Place\PostGraduateProjects\Experiments\PostGraduate\backbones\DisperssionWithSADG_ConstraintStyleRegularization\Seg-SADG\BaryRadGate\a0p08\rho0p5\gb8\sadg0p05\nocons\shot3\Seed0\baseline_model_with_metadata.pt,D:\Running_Place\PostGraduateProjects\Experiments\PostGraduate\backbones\Prompts\Seg-SADG\BaryRadGate\a0p08\rho0p5\gb8\sadg0p05\nocons\shot3\Seed0,D:\Running_Place\PostGraduateProjects\Experiments\PostGraduate\backbones\Prompts\Seg-SADG\BaryRadGate\a0p08\rho0p5\gb8\sadg0p05\nocons\shot3\Seed0\source_multilayer_prototypes.pt,1.0,gamma1,dec1_head,1,vertebrae,4,8,16,115259,50000,1962,1,0.9690950512886047,9,34
3,0,SIEMENS_SymphonyTim_37743_T1-TSE,179|180|23,D:\Running_Place\PostGraduateProjects\Experiments\PostGraduate\backbones\DisperssionWithSADG_ConstraintStyleRegularization\Seg-SADG\BaryRadGate\a0p08\rho0p5\gb8\sadg0p05\nocons\shot3\Seed0\baseline_model_with_metadata.pt,D:\Running_Place\PostGraduateProjects\Experiments\PostGraduate\backbones\Prompts\Seg-SADG\BaryRadGate\a0p08\rho0p5\gb8\sadg0p05\nocons\shot3\Seed0,D:\Running_Place\PostGraduateProjects\Experiments\PostGraduate\backbones\Prompts\Seg-SADG\BaryRadGate\a0p08\rho0p5\gb8\sadg0p05\nocons\shot3\Seed0\source_multilayer_prototypes.pt,1.0,gamma1,dec1_head,1,vertebrae,5,8,16,115259,50000,5155,1,0.987276017665863,9,34
3,0,SIEMENS_SymphonyTim_37743_T1-TSE,179|180|23,D:\Running_Place\PostGraduateProjects\Experiments\PostGraduate\backbones\DisperssionWithSADG_ConstraintStyleRegularization\Seg-SADG\BaryRadGate\a0p08\rho0p5\gb8\sadg0p05\nocons\shot3\Seed0\baseline_model_with_metadata.pt,D:\Running_Place\PostGraduateProjects\Experiments\PostGraduate\backbones\Prompts\Seg-SADG\BaryRadGate\a0p08\rho0p5\gb8\sadg0p05\nocons\shot3\Seed0,D:\Running_Place\PostGraduateProjects\Experiments\PostGraduate\backbones\Prompts\Seg-SADG\BaryRadGate\a0p08\rho0p5\gb8\sadg0p05\nocons\shot3\Seed0\source_multilayer_prototypes.pt,1.0,gamma1,dec1_head,1,vertebrae,6,8,16,115259,50000,597,1,0.904159665107727,9,34
3,0,SIEMENS_SymphonyTim_37743_T1-TSE,179|180|23,D:\Running_Place\PostGraduateProjects\Experiments\PostGraduate\backbones\DisperssionWithSADG_ConstraintStyleRegularization\Seg-SADG\BaryRadGate\a0p08\rho0p5\gb8\sadg0p05\nocons\shot3\Seed0\baseline_model_with_metadata.pt,D:\Running_Place\PostGraduateProjects\Experiments\PostGraduate\backbones\Prompts\Seg-SADG\BaryRadGate\a0p08\rho0p5\gb8\sadg0p05\nocons\shot3\Seed0,D:\Running_Place\PostGraduateProjects\Experiments\PostGraduate\backbones\Prompts\Seg-SADG\BaryRadGate\a0p08\rho0p5\gb8\sadg0p05\nocons\shot3\Seed0\source_multilayer_prototypes.pt,1.0,gamma1,dec1_head,1,vertebrae,7,8,16,115259,50000,10320,1,0.995668888092041,9,34
3,0,SIEMENS_SymphonyTim_37743_T1-TSE,179|180|23,D:\Running_Place\PostGraduateProjects\Experiments\PostGraduate\backbones\DisperssionWithSADG_ConstraintStyleRegularization\Seg-SADG\BaryRadGate\a0p08\rho0p5\gb8\sadg0p05\nocons\shot3\Seed0\baseline_model_with_metadata.pt,D:\Running_Place\PostGraduateProjects\Experiments\PostGraduate\backbones\Prompts\Seg-SADG\BaryRadGate\a0p08\rho0p5\gb8\sadg0p05\nocons\shot3\Seed0,D:\Running_Place\PostGraduateProjects\Experiments\PostGraduate\backbones\Prompts\Seg-SADG\BaryRadGate\a0p08\rho0p5\gb8\sadg0p05\nocons\shot3\Seed0\source_multilayer_prototypes.pt,1.0,gamma1,dec1_head,2,intervertebral_discs,0,4,16,20768,20768,9046,1,0.9951804280281067,9,34
3,0,SIEMENS_SymphonyTim_37743_T1-TSE,179|180|23,D:\Running_Place\PostGraduateProjects\Experiments\PostGraduate\backbones\DisperssionWithSADG_ConstraintStyleRegularization\Seg-SADG\BaryRadGate\a0p08\rho0p5\gb8\sadg0p05\nocons\shot3\Seed0\baseline_model_with_metadata.pt,D:\Running_Place\PostGraduateProjects\Experiments\PostGraduate\backbones\Prompts\Seg-SADG\BaryRadGate\a0p08\rho0p5\gb8\sadg0p05\nocons\shot3\Seed0,D:\Running_Place\PostGraduateProjects\Experiments\PostGraduate\backbones\Prompts\Seg-SADG\BaryRadGate\a0p08\rho0p5\gb8\sadg0p05\nocons\shot3\Seed0\source_multilayer_prototypes.pt,1.0,gamma1,dec1_head,2,intervertebral_discs,1,4,16,20768,20768,11125,1,0.989000678062439,9,34
3,0,SIEMENS_SymphonyTim_37743_T1-TSE,179|180|23,D:\Running_Place\PostGraduateProjects\Experiments\PostGraduate\backbones\DisperssionWithSADG_ConstraintStyleRegularization\Seg-SADG\BaryRadGate\a0p08\rho0p5\gb8\sadg0p05\nocons\shot3\Seed0\baseline_model_with_metadata.pt,D:\Running_Place\PostGraduateProjects\Experiments\PostGraduate\backbones\Prompts\Seg-SADG\BaryRadGate\a0p08\rho0p5\gb8\sadg0p05\nocons\shot3\Seed0,D:\Running_Place\PostGraduateProjects\Experiments\PostGraduate\backbones\Prompts\Seg-SADG\BaryRadGate\a0p08\rho0p5\gb8\sadg0p05\nocons\shot3\Seed0\source_multilayer_prototypes.pt,1.0,gamma1,dec1_head,2,intervertebral_discs,2,4,16,20768,20768,382,1,0.8188841342926025,9,34
3,0,SIEMENS_SymphonyTim_37743_T1-TSE,179|180|23,D:\Running_Place\PostGraduateProjects\Experiments\PostGraduate\backbones\DisperssionWithSADG_ConstraintStyleRegularization\Seg-SADG\BaryRadGate\a0p08\rho0p5\gb8\sadg0p05\nocons\shot3\Seed0\baseline_model_with_metadata.pt,D:\Running_Place\PostGraduateProjects\Experiments\PostGraduate\backbones\Prompts\Seg-SADG\BaryRadGate\a0p08\rho0p5\gb8\sadg0p05\nocons\shot3\Seed0,D:\Running_Place\PostGraduateProjects\Experiments\PostGraduate\backbones\Prompts\Seg-SADG\BaryRadGate\a0p08\rho0p5\gb8\sadg0p05\nocons\shot3\Seed0\source_multilayer_prototypes.pt,1.0,gamma1,dec1_head,2,intervertebral_discs,3,4,16,20768,20768,215,1,0.8649824261665344,9,34
