loss_mode,ablation,sadg_method,style_method,template_mode,mask_mode,spatial_mask_mode,gate_mode,gate_num_bins,gate_rho_max,rho_bin_min,rho_bin_max,rho_bin_mean,rho_bins,spatial_margin_px,spatial_edge_calib,spatial_inner_calib,spatial_calib_mean,spatial_preserve_edge_mean,style_alpha,style_rho,sadg_rho,lambda_disp,dice_weight,lambda_gate_anchor,lambda_gate_smooth,lambda_gate_mono,lambda_spectral_consistency,lambda_gate_budget,spectral_cons_eps,spatial_mask_margin_px,spatial_mask_margin_min_px,spatial_mask_margin_max_px,spatial_mask_edge_init,spatial_mask_inner_init,lambda_spatial_anchor,lambda_spatial_budget,lambda_spatial_tv,lambda_spatial_source_bg_edge,lambda_spatial_source_fg_inner,rho,rho_tag,sadg_rho_tag,lf_radius_h,lf_radius_w,lf_size_h,lf_size_w,checkpoint_source,shot,seed,epoch,train_loss,train_seg_loss,train_disp_loss,style_reg_loss,gate_reg_loss,gate_anchor_loss,gate_smooth_loss,gate_mono_loss,spatial_reg_loss,spatial_anchor_loss,spatial_budget_loss,spatial_tv_loss,spatial_source_reg_loss,spatial_source_bg_edge_loss,spatial_source_fg_inner_loss,spectral_cons_loss,gate_budget_loss,spectral_style_loss,template_l2_loss,template_smooth_loss,epsilon_loss,sadg_grad_norm,perturb_norm,steps,train_case_ids,n_train_slices,slice_policy,num_middle_slices,filter_min_fg,output_dir,prompt_dir
Seg-SADG,Seg-SADG,Seg-SADG,LF-Barycenter-RadialGate-LowDimSpatialMask,fixed,cosine,lowdim,radial,8,1.0,0.49734148383140564,0.5018512010574341,0.4998919367790222,0.49734148|0.50139034|0.50031048|0.49976128|0.498454|0.5018512|0.50014853|0.49987802,15.066137313842773,0.019919635728001595,0.9799985289573669,0.8480469584465027,0.10452041029930115,0.08,0.5,0.05,0.05,0.5,0.0001,0.001,0.001,0.0,0.0,1e-06,15.0,5.0,40.0,0.02,0.98,0.001,0.001,0.0001,0.01,0.001,0.5,style_rho0p5,sadg_rho0p05,9,9,19,19,new_training,4,0,1,1.3410677909851074,1.31331733862559,0.5549946278333664,7.010644698842347e-07,3.583821876993835e-09,8.367446990102204e-07,1.925328646142551e-06,1.5748185375012251e-06,6.97480643907511e-07,0.00035318906642108533,0.00021879263901306936,0.001254989222312967,0.0,0.0,0.0,0.0,0.0,0.0,0.0,0.0,1.2142649988333385,1.9386485119660695,0.05000000000000001,12,179|180|23|126,46,all_filtered,9,True,D:\Running_Place\PostGraduateProjects\Experiments\PostGraduate\backbones\SpaceFrequencyModulation\Seg-SADG\BaryRadGateLowDimSpatial\a0p08\rho0p5\gb8\sadg0p05\shot4\Seed0,D:\Running_Place\PostGraduateProjects\Experiments\PostGraduate\backbones\Prompts\SpaceFrequencyModulation\Seg-SADG\BaryRadGateLowDimSpatial\a0p08\rho0p5\gb8\sadg0p05\shot4\Seed0
Seg-SADG,Seg-SADG,Seg-SADG,LF-Barycenter-RadialGate-LowDimSpatialMask,fixed,cosine,lowdim,radial,8,1.0,0.4952200651168823,0.5034682154655457,0.4988638758659363,0.49522007|0.50346822|0.49973121|0.4980067|0.49758357|0.50054497|0.49782771|0.49852866,15.086037635803223,0.019843295216560364,0.9799362421035767,0.8478268980979919,0.10458959639072418,0.08,0.5,0.05,0.05,0.5,0.0001,0.001,0.001,0.0,0.0,1e-06,15.0,5.0,40.0,0.02,0.98,0.001,0.001,0.0001,0.01,0.001,0.5,style_rho0p5,sadg_rho0p05,9,9,19,19,new_training,4,0,2,0.9848238279422125,0.963418165842692,0.4280991901954015,7.308450022947e-07,1.570082582465678e-08,3.508165841973702e-06,8.58537612202781e-06,6.764632227411009e-06,7.151441773582216e-07,0.00035932189590918523,0.00023070031359869367,0.0012512194516602904,0.0,0.0,0.0,0.0,0.0,0.0,0.0,0.0,0.9157077471415201,0.8961379826068878,0.05000000000000001,12,179|180|23|126,46,all_filtered,9,True,D:\Running_Place\PostGraduateProjects\Experiments\PostGraduate\backbones\SpaceFrequencyModulation\Seg-SADG\BaryRadGateLowDimSpatial\a0p08\rho0p5\gb8\sadg0p05\shot4\Seed0,D:\Running_Place\PostGraduateProjects\Experiments\PostGraduate\backbones\Prompts\SpaceFrequencyModulation\Seg-SADG\BaryRadGateLowDimSpatial\a0p08\rho0p5\gb8\sadg0p05\shot4\Seed0
Seg-SADG,Seg-SADG,Seg-SADG,LF-Barycenter-RadialGate-LowDimSpatialMask,fixed,cosine,lowdim,radial,8,1.0,0.4931187033653259,0.5061758756637573,0.49801117181777954,0.4931187|0.50617588|0.50041401|0.49560627|0.49703747|0.49924338|0.49507412|0.49741963,15.085918426513672,0.019829202443361282,0.9799696207046509,0.8478547930717468,0.10458971560001373,0.08,0.5,0.05,0.05,0.5,0.0001,0.001,0.001,0.0,0.0,1e-06,15.0,5.0,40.0,0.02,0.98,0.001,0.001,0.0001,0.01,0.001,0.5,style_rho0p5,sadg_rho0p05,9,9,19,19,new_training,4,0,3,0.8840487202008566,0.862993448972702,0.42109012603759766,7.612694616909721e-07,4.201661848076318e-08,1.1205922760382236e-05,2.3651222363696434e-05,1.7244801711058244e-05,7.192528386212871e-07,0.0003608021409794067,0.00023340178449871019,0.0012504888970094423,0.0,0.0,0.0,0.0,0.0,0.0,0.0,0.0,0.8261277029911677,0.6703171084324518,0.05000000000000001,12,179|180|23|126,46,all_filtered,9,True,D:\Running_Place\PostGraduateProjects\Experiments\PostGraduate\backbones\SpaceFrequencyModulation\Seg-SADG\BaryRadGateLowDimSpatial\a0p08\rho0p5\gb8\sadg0p05\shot4\Seed0,D:\Running_Place\PostGraduateProjects\Experiments\PostGraduate\backbones\Prompts\SpaceFrequencyModulation\Seg-SADG\BaryRadGateLowDimSpatial\a0p08\rho0p5\gb8\sadg0p05\shot4\Seed0
Seg-SADG,Seg-SADG,Seg-SADG,LF-Barycenter-RadialGate-LowDimSpatialMask,fixed,cosine,lowdim,radial,8,1.0,0.4908292591571808,0.5089803338050842,0.4973902106285095,0.49082926|0.50898033|0.50191832|0.49349827|0.49664381|0.49753433|0.49299687|0.4967204,15.0750732421875,0.01984773762524128,0.9800392389297485,0.8480021953582764,0.10455335676670074,0.08,0.5,0.05,0.05,0.5,0.0001,0.001,0.001,0.0,0.0,1e-06,15.0,5.0,40.0,0.02,0.98,0.001,0.001,0.0001,0.01,0.001,0.5,style_rho0p5,sadg_rho0p05,9,9,19,19,new_training,4,0,4,0.8340653032064438,0.8134794533252716,0.4117009441057841,8.044210630941961e-07,9.107574901653e-08,2.6001993925698724e-05,5.156696139844522e-05,3.6908585570927244e-05,7.133453105249524e-07,0.00035788957999708754,0.00023034311258622134,0.0012511259216504793,0.0,0.0,0.0,0.0,0.0,0.0,0.0,0.0,0.782386357585589,0.5591980914274851,0.05000000000000001,12,179|180|23|126,46,all_filtered,9,True,D:\Running_Place\PostGraduateProjects\Experiments\PostGraduate\backbones\SpaceFrequencyModulation\Seg-SADG\BaryRadGateLowDimSpatial\a0p08\rho0p5\gb8\sadg0p05\shot4\Seed0,D:\Running_Place\PostGraduateProjects\Experiments\PostGraduate\backbones\Prompts\SpaceFrequencyModulation\Seg-SADG\BaryRadGateLowDimSpatial\a0p08\rho0p5\gb8\sadg0p05\shot4\Seed0
Seg-SADG,Seg-SADG,Seg-SADG,LF-Barycenter-RadialGate-LowDimSpatialMask,fixed,cosine,lowdim,radial,8,1.0,0.4880596995353699,0.5115236639976501,0.496961385011673,0.4880597|0.51152366|0.50287384|0.49188185|0.496629|0.49605668|0.49119705|0.49746943,15.059476852416992,0.019875943660736084,0.980063259601593,0.8481490612030029,0.10450319200754166,0.08,0.5,0.05,0.05,0.5,0.0001,0.001,0.001,0.0,0.0,1e-06,15.0,5.0,40.0,0.02,0.98,0.001,0.001,0.0001,0.01,0.001,0.5,style_rho0p5,sadg_rho0p05,9,9,19,19,new_training,4,0,5,0.7921784768501917,0.7719821482896805,0.4039093057314555,8.682990966235593e-07,1.618564956136955e-07,4.5385808637850765e-05,9.121264156419784e-05,6.610526270378614e-05,7.064426057468154e-07,0.00035497493324025225,0.00022623933424862722,0.0012522831481571,0.0,0.0,0.0,0.0,0.0,0.0,0.0,0.0,0.7432640592257181,0.5194231942296028,0.05000000000000001,12,179|180|23|126,46,all_filtered,9,True,D:\Running_Place\PostGraduateProjects\Experiments\PostGraduate\backbones\SpaceFrequencyModulation\Seg-SADG\BaryRadGateLowDimSpatial\a0p08\rho0p5\gb8\sadg0p05\shot4\Seed0,D:\Running_Place\PostGraduateProjects\Experiments\PostGraduate\backbones\Prompts\SpaceFrequencyModulation\Seg-SADG\BaryRadGateLowDimSpatial\a0p08\rho0p5\gb8\sadg0p05\shot4\Seed0
Seg-SADG,Seg-SADG,Seg-SADG,LF-Barycenter-RadialGate-LowDimSpatialMask,fixed,cosine,lowdim,radial,8,1.0,0.48498964309692383,0.5143250823020935,0.49659284949302673,0.48498964|0.51432508|0.50407183|0.48978657|0.49684626|0.49458206|0.48983485|0.49830654,15.028963088989258,0.01995406299829483,0.9800860285758972,0.8484182357788086,0.10440310835838318,0.08,0.5,0.05,0.05,0.5,0.0001,0.001,0.001,0.0,0.0,1e-06,15.0,5.0,40.0,0.02,0.98,0.001,0.001,0.0001,0.01,0.001,0.5,style_rho0p5,sadg_rho0p05,9,9,19,19,new_training,4,0,6,0.7428759833176931,0.7265937328338623,0.32562582070628804,9.603655494553702e-07,2.6256144162554545e-07,6.929452562568865e-05,0.00014698508797058216,0.00010864689102163538,6.978041113825384e-07,0.0003519125214855497,0.00022048525230881447,0.0012540630899214495,0.0,0.0,0.0,0.0,0.0,0.0,0.0,0.0,0.689811090628306,0.6418640439709028,0.05000000000000001,12,179|180|23|126,46,all_filtered,9,True,D:\Running_Place\PostGraduateProjects\Experiments\PostGraduate\backbones\SpaceFrequencyModulation\Seg-SADG\BaryRadGateLowDimSpatial\a0p08\rho0p5\gb8\sadg0p05\shot4\Seed0,D:\Running_Place\PostGraduateProjects\Experiments\PostGraduate\backbones\Prompts\SpaceFrequencyModulation\Seg-SADG\BaryRadGateLowDimSpatial\a0p08\rho0p5\gb8\sadg0p05\shot4\Seed0
Seg-SADG,Seg-SADG,Seg-SADG,LF-Barycenter-RadialGate-LowDimSpatialMask,fixed,cosine,lowdim,radial,8,1.0,0.4813195765018463,0.5176815390586853,0.49621516466140747,0.48131958|0.51768154|0.50649238|0.48766553|0.4972145|0.49201098|0.4889892|0.49834752,14.993086814880371,0.020031463354825974,0.9801305532455444,0.8487478494644165,0.10428596287965775,0.08,0.5,0.05,0.05,0.5,0.0001,0.001,0.001,0.0,0.0,1e-06,15.0,5.0,40.0,0.02,0.98,0.001,0.001,0.0001,0.01,0.001,0.5,style_rho0p5,sadg_rho0p05,9,9,19,19,new_training,4,0,7,0.6806462556123734,0.6733066787322363,0.14676962854961553,1.1015061810818831e-06,4.1765168153536553e-07,0.00010728033460812487,0.0002332510230189655,0.0001736726044327952,6.83854494809566e-07,0.00034764015435939655,0.00021048182194742063,0.001257324901719888,0.0,0.0,0.0,0.0,0.0,0.0,0.0,0.0,0.6400831043720245,0.6179852883021036,0.05000000000000001,12,179|180|23|126,46,all_filtered,9,True,D:\Running_Place\PostGraduateProjects\Experiments\PostGraduate\backbones\SpaceFrequencyModulation\Seg-SADG\BaryRadGateLowDimSpatial\a0p08\rho0p5\gb8\sadg0p05\shot4\Seed0,D:\Running_Place\PostGraduateProjects\Experiments\PostGraduate\backbones\Prompts\SpaceFrequencyModulation\Seg-SADG\BaryRadGateLowDimSpatial\a0p08\rho0p5\gb8\sadg0p05\shot4\Seed0
Seg-SADG,Seg-SADG,Seg-SADG,LF-Barycenter-RadialGate-LowDimSpatialMask,fixed,cosine,lowdim,radial,8,1.0,0.4778510332107544,0.5203582048416138,0.4958910346031189,0.47785103|0.5203582|0.50857341|0.48630774|0.497143|0.49003664|0.48835877|0.49849963,14.98624324798584,0.020040584728121758,0.9801133275032043,0.8487879037857056,0.10426495969295502,0.08,0.5,0.05,0.05,0.5,0.0001,0.001,0.001,0.0,0.0,1e-06,15.0,5.0,40.0,0.02,0.98,0.001,0.001,0.0001,0.01,0.001,0.5,style_rho0p5,sadg_rho0p05,9,9,19,19,new_training,4,0,8,0.6141532709201177,0.6083723058303198,0.11559362957874934,1.2788358390025678e-06,6.021445386750202e-07,0.000152806323361195,0.000336061893904116,0.00025080198247451335,6.76691295590596e-07,0.0003455892462322178,0.00020519425258195648,0.0012590777575193595,0.0,0.0,0.0,0.0,0.0,0.0,0.0,0.0,0.5752999931573868,0.6231431762377421,0.05000000000000001,12,179|180|23|126,46,all_filtered,9,True,D:\Running_Place\PostGraduateProjects\Experiments\PostGraduate\backbones\SpaceFrequencyModulation\Seg-SADG\BaryRadGateLowDimSpatial\a0p08\rho0p5\gb8\sadg0p05\shot4\Seed0,D:\Running_Place\PostGraduateProjects\Experiments\PostGraduate\backbones\Prompts\SpaceFrequencyModulation\Seg-SADG\BaryRadGateLowDimSpatial\a0p08\rho0p5\gb8\sadg0p05\shot4\Seed0
Seg-SADG,Seg-SADG,Seg-SADG,LF-Barycenter-RadialGate-LowDimSpatialMask,fixed,cosine,lowdim,radial,8,1.0,0.4752304255962372,0.5222925543785095,0.49532997608184814,0.47523043|0.52229255|0.51049256|0.4853467|0.4960677|0.48817796|0.4879517|0.4970803,14.981437683105469,0.02003929764032364,0.9800931811332703,0.8488078713417053,0.10425128042697906,0.08,0.5,0.05,0.05,0.5,0.0001,0.001,0.001,0.0,0.0,1e-06,15.0,5.0,40.0,0.02,0.98,0.001,0.001,0.0001,0.01,0.001,0.5,style_rho0p5,sadg_rho0p05,9,9,19,19,new_training,4,0,9,0.5618906517823538,0.5585540309548378,0.06670373678207397,1.4312941326958632e-06,7.549089768114451e-07,0.0001955089064722415,0.00042185988180184114,0.0003134981767895321,6.763851606213697e-07,0.00034598744969116524,0.0002044436987489462,0.0012595399263470124,0.0,0.0,0.0,0.0,0.0,0.0,0.0,0.0,0.5236304228504499,0.6397213190793991,0.05000000000000001,12,179|180|23|126,46,all_filtered,9,True,D:\Running_Place\PostGraduateProjects\Experiments\PostGraduate\backbones\SpaceFrequencyModulation\Seg-SADG\BaryRadGateLowDimSpatial\a0p08\rho0p5\gb8\sadg0p05\shot4\Seed0,D:\Running_Place\PostGraduateProjects\Experiments\PostGraduate\backbones\Prompts\SpaceFrequencyModulation\Seg-SADG\BaryRadGateLowDimSpatial\a0p08\rho0p5\gb8\sadg0p05\shot4\Seed0
Seg-SADG,Seg-SADG,Seg-SADG,LF-Barycenter-RadialGate-LowDimSpatialMask,fixed,cosine,lowdim,radial,8,1.0,0.47334837913513184,0.5240269303321838,0.4950249195098877,0.47334838|0.52402693|0.51230007|0.48519617|0.49468178|0.48717886|0.48793375|0.49553332,14.977923393249512,0.020057236775755882,0.9801281690597534,0.8488682508468628,0.10423770546913147,0.08,0.5,0.05,0.05,0.5,0.0001,0.001,0.001,0.0,0.0,1e-06,15.0,5.0,40.0,0.02,0.98,0.001,0.001,0.0001,0.01,0.001,0.5,style_rho0p5,sadg_rho0p05,9,9,19,19,new_training,4,0,10,0.5198476215203603,0.5175606707731882,0.045708100156237684,1.5531231648916826e-06,8.778437224539933e-07,0.00023322566509402046,0.0004901109011067698,0.00036441020347410813,6.752794377007376e-07,0.0003457643203243303,0.00020352814438714026,0.0012598693526039522,0.0,0.0,0.0,0.0,0.0,0.0,0.0,0.0,0.48460275183121365,0.5944906075795492,0.05000000000000001,12,179|180|23|126,46,all_filtered,9,True,D:\Running_Place\PostGraduateProjects\Experiments\PostGraduate\backbones\SpaceFrequencyModulation\Seg-SADG\BaryRadGateLowDimSpatial\a0p08\rho0p5\gb8\sadg0p05\shot4\Seed0,D:\Running_Place\PostGraduateProjects\Experiments\PostGraduate\backbones\Prompts\SpaceFrequencyModulation\Seg-SADG\BaryRadGateLowDimSpatial\a0p08\rho0p5\gb8\sadg0p05\shot4\Seed0
Seg-SADG,Seg-SADG,Seg-SADG,LF-Barycenter-RadialGate-LowDimSpatialMask,fixed,cosine,lowdim,radial,8,1.0,0.4720452129840851,0.5256106853485107,0.494836688041687,0.47204521|0.52561069|0.51440525|0.48583427|0.49313611|0.48547101|0.4885197|0.49367148,14.97983169555664,0.020096920430660248,0.9802297949790955,0.848946213722229,0.10423607379198074,0.08,0.5,0.05,0.05,0.5,0.0001,0.001,0.001,0.0,0.0,1e-06,15.0,5.0,40.0,0.02,0.98,0.001,0.001,0.0001,0.01,0.001,0.5,style_rho0p5,sadg_rho0p05,9,9,19,19,new_training,4,0,11,0.48309793323278427,0.48168860624233883,0.028153628421326477,1.6455040944644377e-06,9.747532866792123e-07,0.00026840846354995546,0.0005426334828371182,0.0004052789226989262,6.707508077852253e-07,0.0003434571553952992,0.00020128051619394682,0.0012601309766372044,0.0,0.0,0.0,0.0,0.0,0.0,0.0,0.0,0.4509018088380496,0.5706196775039037,0.05000000000000001,12,179|180|23|126,46,all_filtered,9,True,D:\Running_Place\PostGraduateProjects\Experiments\PostGraduate\backbones\SpaceFrequencyModulation\Seg-SADG\BaryRadGateLowDimSpatial\a0p08\rho0p5\gb8\sadg0p05\shot4\Seed0,D:\Running_Place\PostGraduateProjects\Experiments\PostGraduate\backbones\Prompts\SpaceFrequencyModulation\Seg-SADG\BaryRadGateLowDimSpatial\a0p08\rho0p5\gb8\sadg0p05\shot4\Seed0
Seg-SADG,Seg-SADG,Seg-SADG,LF-Barycenter-RadialGate-LowDimSpatialMask,fixed,cosine,lowdim,radial,8,1.0,0.47129347920417786,0.5271434783935547,0.4948660731315613,0.47129348|0.52714348|0.51557344|0.48624066|0.49244955|0.48434457|0.48913473|0.49274853,14.984634399414062,0.020125528797507286,0.9803348779678345,0.8490034341812134,0.10424423962831497,0.08,0.5,0.05,0.05,0.5,0.0001,0.001,0.001,0.0,0.0,1e-06,15.0,5.0,40.0,0.02,0.98,0.001,0.001,0.0001,0.01,0.001,0.5,style_rho0p5,sadg_rho0p05,9,9,19,19,new_training,4,0,12,0.4497268870472908,0.4486132736007373,0.022237917796398204,1.7147569716750393e-06,1.0483211288677314e-06,0.00029481755336746573,0.0005827055186576521,0.0004361338117936005,6.664358428073077e-07,0.0003407821010720606,0.0001996604260057211,0.0012599328571620088,0.0,0.0,0.0,0.0,0.0,0.0,0.0,0.0,0.42114226520061493,0.5154040729006132,0.05000000000000001,12,179|180|23|126,46,all_filtered,9,True,D:\Running_Place\PostGraduateProjects\Experiments\PostGraduate\backbones\SpaceFrequencyModulation\Seg-SADG\BaryRadGateLowDimSpatial\a0p08\rho0p5\gb8\sadg0p05\shot4\Seed0,D:\Running_Place\PostGraduateProjects\Experiments\PostGraduate\backbones\Prompts\SpaceFrequencyModulation\Seg-SADG\BaryRadGateLowDimSpatial\a0p08\rho0p5\gb8\sadg0p05\shot4\Seed0
Seg-SADG,Seg-SADG,Seg-SADG,LF-Barycenter-RadialGate-LowDimSpatialMask,fixed,cosine,lowdim,radial,8,1.0,0.47050631046295166,0.5287317633628845,0.4947705566883087,0.47050631|0.52873176|0.51637536|0.48631337|0.49212822|0.48310521|0.4891223|0.49188185,14.983624458312988,0.020186681300401688,0.9804202318191528,0.8490933179855347,0.1042320653796196,0.08,0.5,0.05,0.05,0.5,0.0001,0.001,0.001,0.0,0.0,1e-06,15.0,5.0,40.0,0.02,0.98,0.001,0.001,0.0001,0.01,0.001,0.5,style_rho0p5,sadg_rho0p05,9,9,19,19,new_training,4,0,13,0.42116426428159076,0.420160378019015,0.020041649617875617,1.800780040639438e-06,1.1399288363615294e-06,0.00032125137659022585,0.0006319749712323149,0.0004758286813739687,6.608511948040056e-07,0.00033779280784074217,0.00019704919031937607,0.0012600917252711952,0.0,0.0,0.0,0.0,0.0,0.0,0.0,0.0,0.39354725182056427,0.4918780103325844,0.05000000000000001,12,179|180|23|126,46,all_filtered,9,True,D:\Running_Place\PostGraduateProjects\Experiments\PostGraduate\backbones\SpaceFrequencyModulation\Seg-SADG\BaryRadGateLowDimSpatial\a0p08\rho0p5\gb8\sadg0p05\shot4\Seed0,D:\Running_Place\PostGraduateProjects\Experiments\PostGraduate\backbones\Prompts\SpaceFrequencyModulation\Seg-SADG\BaryRadGateLowDimSpatial\a0p08\rho0p5\gb8\sadg0p05\shot4\Seed0
Seg-SADG,Seg-SADG,Seg-SADG,LF-Barycenter-RadialGate-LowDimSpatialMask,fixed,cosine,lowdim,radial,8,1.0,0.46996963024139404,0.5299155712127686,0.49474215507507324,0.46996963|0.52991557|0.51702446|0.48655447|0.49206194|0.48205316|0.48923069|0.49112716,14.990269660949707,0.02021634206175804,0.9804990291595459,0.8491135239601135,0.10424646735191345,0.08,0.5,0.05,0.05,0.5,0.0001,0.001,0.001,0.0,0.0,1e-06,15.0,5.0,40.0,0.02,0.98,0.001,0.001,0.0001,0.01,0.001,0.5,style_rho0p5,sadg_rho0p05,9,9,19,19,new_training,4,0,14,0.39553096642096836,0.3946460212270419,0.017661420938869316,1.8765312101246916e-06,1.2191237601655303e-06,0.0003451774318818934,0.0006753210036549717,0.000509284955721038,6.57407431011355e-07,0.00033558274056607235,0.00019584633506989727,0.0012597833119798452,0.0,0.0,0.0,0.0,0.0,0.0,0.0,0.0,0.36953823268413544,0.4646843671798706,0.05000000000000001,12,179|180|23|126,46,all_filtered,9,True,D:\Running_Place\PostGraduateProjects\Experiments\PostGraduate\backbones\SpaceFrequencyModulation\Seg-SADG\BaryRadGateLowDimSpatial\a0p08\rho0p5\gb8\sadg0p05\shot4\Seed0,D:\Running_Place\PostGraduateProjects\Experiments\PostGraduate\backbones\Prompts\SpaceFrequencyModulation\Seg-SADG\BaryRadGateLowDimSpatial\a0p08\rho0p5\gb8\sadg0p05\shot4\Seed0
Seg-SADG,Seg-SADG,Seg-SADG,LF-Barycenter-RadialGate-LowDimSpatialMask,fixed,cosine,lowdim,radial,8,1.0,0.46926504373550415,0.5308045744895935,0.49467986822128296,0.46926504|0.53080457|0.51750183|0.48639321|0.49202737|0.48099595|0.48976701|0.49068388,15.015424728393555,0.020186511799693108,0.9805359244346619,0.8489441871643066,0.10432399064302444,0.08,0.5,0.05,0.05,0.5,0.0001,0.001,0.001,0.0,0.0,1e-06,15.0,5.0,40.0,0.02,0.98,0.001,0.001,0.0001,0.01,0.001,0.5,style_rho0p5,sadg_rho0p05,9,9,19,19,new_training,4,0,15,0.3715864568948746,0.3706660171349843,0.01836978659654657,1.9492571065408506e-06,1.2912424836031278e-06,0.00036507736513158306,0.000715335777689082,0.0005393989219252641,6.58014589779062e-07,0.00033448632893851027,0.0001976749578413243,0.0012585326427749048,0.0,0.0,0.0,0.0,0.0,0.0,0.0,0.0,0.3459371030330658,0.4542742396394412,0.05000000000000001,12,179|180|23|126,46,all_filtered,9,True,D:\Running_Place\PostGraduateProjects\Experiments\PostGraduate\backbones\SpaceFrequencyModulation\Seg-SADG\BaryRadGateLowDimSpatial\a0p08\rho0p5\gb8\sadg0p05\shot4\Seed0,D:\Running_Place\PostGraduateProjects\Experiments\PostGraduate\backbones\Prompts\SpaceFrequencyModulation\Seg-SADG\BaryRadGateLowDimSpatial\a0p08\rho0p5\gb8\sadg0p05\shot4\Seed0
Seg-SADG,Seg-SADG,Seg-SADG,LF-Barycenter-RadialGate-LowDimSpatialMask,fixed,cosine,lowdim,radial,8,1.0,0.46786630153656006,0.5318928956985474,0.4946129024028778,0.4678663|0.5318929|0.5176729|0.48603767|0.49279025|0.47953492|0.49048659|0.49062172,15.035371780395508,0.020131656900048256,0.9805314540863037,0.8487768173217773,0.10438966006040573,0.08,0.5,0.05,0.05,0.5,0.0001,0.001,0.001,0.0,0.0,1e-06,15.0,5.0,40.0,0.02,0.98,0.001,0.001,0.0001,0.01,0.001,0.5,style_rho0p5,sadg_rho0p05,9,9,19,19,new_training,4,0,16,0.3591538146138191,0.35841696957747143,0.014696009457111359,2.0467872066850155e-06,1.382183531480526e-06,0.00038568027715276304,0.0007653083788075795,0.0005783070422088107,6.646036657305862e-07,0.0003360823927020344,0.00020285154945061853,0.0012566971223956596,0.0,0.0,0.0,0.0,0.0,0.0,0.0,0.0,0.3320803145567576,0.45084721843401593,0.05000000000000001,12,179|180|23|126,46,all_filtered,9,True,D:\Running_Place\PostGraduateProjects\Experiments\PostGraduate\backbones\SpaceFrequencyModulation\Seg-SADG\BaryRadGateLowDimSpatial\a0p08\rho0p5\gb8\sadg0p05\shot4\Seed0,D:\Running_Place\PostGraduateProjects\Experiments\PostGraduate\backbones\Prompts\SpaceFrequencyModulation\Seg-SADG\BaryRadGateLowDimSpatial\a0p08\rho0p5\gb8\sadg0p05\shot4\Seed0
Seg-SADG,Seg-SADG,Seg-SADG,LF-Barycenter-RadialGate-LowDimSpatialMask,fixed,cosine,lowdim,radial,8,1.0,0.4669085144996643,0.5334049463272095,0.4945295751094818,0.46690851|0.53340495|0.51868695|0.48526943|0.49321902|0.47773516|0.49072945|0.49028307,15.050837516784668,0.020107336342334747,0.9806041121482849,0.8487149477005005,0.10443619638681412,0.08,0.5,0.05,0.05,0.5,0.0001,0.001,0.001,0.0,0.0,1e-06,15.0,5.0,40.0,0.02,0.98,0.001,0.001,0.0001,0.01,0.001,0.5,style_rho0p5,sadg_rho0p05,9,9,19,19,new_training,4,0,17,0.35281686236461,0.3518885523080826,0.018522246973589063,2.193733981433373e-06,1.525304128335847e-06,0.00041753504289469373,0.0008462532229411105,0.0006372973148245364,6.684298673083807e-07,0.00033648498356342316,0.00020643199847351448,0.0012551285908557475,0.0,0.0,0.0,0.0,0.0,0.0,0.0,0.0,0.3261156529188156,0.46396365265051526,0.05000000000000001,12,179|180|23|126,46,all_filtered,9,True,D:\Running_Place\PostGraduateProjects\Experiments\PostGraduate\backbones\SpaceFrequencyModulation\Seg-SADG\BaryRadGateLowDimSpatial\a0p08\rho0p5\gb8\sadg0p05\shot4\Seed0,D:\Running_Place\PostGraduateProjects\Experiments\PostGraduate\backbones\Prompts\SpaceFrequencyModulation\Seg-SADG\BaryRadGateLowDimSpatial\a0p08\rho0p5\gb8\sadg0p05\shot4\Seed0
Seg-SADG,Seg-SADG,Seg-SADG,LF-Barycenter-RadialGate-LowDimSpatialMask,fixed,cosine,lowdim,radial,8,1.0,0.46595311164855957,0.5345886945724487,0.49428248405456543,0.46595311|0.53458869|0.51958215|0.48426339|0.4931789|0.47634268|0.49056578|0.48978505,15.067776679992676,0.02003147453069687,0.9806418418884277,0.8486045002937317,0.10449355840682983,0.08,0.5,0.05,0.05,0.5,0.0001,0.001,0.001,0.0,0.0,1e-06,15.0,5.0,40.0,0.02,0.98,0.001,0.001,0.0001,0.01,0.001,0.5,style_rho0p5,sadg_rho0p05,9,9,19,19,new_training,4,0,18,0.3303237383564313,0.3294633279244105,0.01716167526319623,2.3255014601393973e-06,1.656799270222109e-06,0.00045392469958945486,0.0009244420119406035,0.0006869646992223958,6.687021757064334e-07,0.0003354670237361764,0.00020780920021934435,0.001254259414660434,0.0,0.0,0.0,0.0,0.0,0.0,0.0,0.0,0.30498772362867993,0.43656225005785626,0.05000000000000001,12,179|180|23|126,46,all_filtered,9,True,D:\Running_Place\PostGraduateProjects\Experiments\PostGraduate\backbones\SpaceFrequencyModulation\Seg-SADG\BaryRadGateLowDimSpatial\a0p08\rho0p5\gb8\sadg0p05\shot4\Seed0,D:\Running_Place\PostGraduateProjects\Experiments\PostGraduate\backbones\Prompts\SpaceFrequencyModulation\Seg-SADG\BaryRadGateLowDimSpatial\a0p08\rho0p5\gb8\sadg0p05\shot4\Seed0
Seg-SADG,Seg-SADG,Seg-SADG,LF-Barycenter-RadialGate-LowDimSpatialMask,fixed,cosine,lowdim,radial,8,1.0,0.46519848704338074,0.5356629490852356,0.49415093660354614,0.46519849|0.53566295|0.52003539|0.48370123|0.4931187|0.47521225|0.49063578|0.48964271,15.081342697143555,0.01996244676411152,0.9806764125823975,0.8485185503959656,0.10454019159078598,0.08,0.5,0.05,0.05,0.5,0.0001,0.001,0.001,0.0,0.0,1e-06,15.0,5.0,40.0,0.02,0.98,0.001,0.001,0.0001,0.01,0.001,0.5,style_rho0p5,sadg_rho0p05,9,9,19,19,new_training,4,0,19,0.3051958233118057,0.30444201827049255,0.015027177520096302,2.4461983230139595e-06,1.7729977249321867e-06,0.00048555141741720337,0.000991688478582849,0.0007327539982118955,6.732005886078696e-07,0.00033658039319561794,0.00021131400232358524,0.0012530616271154333,0.0,0.0,0.0,0.0,0.0,0.0,0.0,0.0,0.2830458730459213,0.38787587980429333,0.05000000000000001,12,179|180|23|126,46,all_filtered,9,True,D:\Running_Place\PostGraduateProjects\Experiments\PostGraduate\backbones\SpaceFrequencyModulation\Seg-SADG\BaryRadGateLowDimSpatial\a0p08\rho0p5\gb8\sadg0p05\shot4\Seed0,D:\Running_Place\PostGraduateProjects\Experiments\PostGraduate\backbones\Prompts\SpaceFrequencyModulation\Seg-SADG\BaryRadGateLowDimSpatial\a0p08\rho0p5\gb8\sadg0p05\shot4\Seed0
Seg-SADG,Seg-SADG,Seg-SADG,LF-Barycenter-RadialGate-LowDimSpatialMask,fixed,cosine,lowdim,radial,8,1.0,0.4648532569408417,0.53693687915802,0.4940895140171051,0.46485326|0.53693688|0.52029443|0.48386586|0.49317819|0.47400379|0.49044755|0.48913604,15.0830717086792,0.01990421675145626,0.9807561635971069,0.8485655784606934,0.10454905778169632,0.08,0.5,0.05,0.05,0.5,0.0001,0.001,0.001,0.0,0.0,1e-06,15.0,5.0,40.0,0.02,0.98,0.001,0.001,0.0001,0.01,0.001,0.5,style_rho0p5,sadg_rho0p05,9,9,19,19,new_training,4,0,20,0.2898421709736188,0.28915513306856155,0.013689807849004865,2.54809452826521e-06,1.8748502270682366e-06,0.0005127011536387727,0.0010490821053584416,0.0007744979423781236,6.732442822491672e-07,0.000335678467915083,0.00021230900044126125,0.0012525678806317349,0.0,0.0,0.0,0.0,0.0,0.0,0.0,0.0,0.26862941433986026,0.37167790283759433,0.05000000000000001,12,179|180|23|126,46,all_filtered,9,True,D:\Running_Place\PostGraduateProjects\Experiments\PostGraduate\backbones\SpaceFrequencyModulation\Seg-SADG\BaryRadGateLowDimSpatial\a0p08\rho0p5\gb8\sadg0p05\shot4\Seed0,D:\Running_Place\PostGraduateProjects\Experiments\PostGraduate\backbones\Prompts\SpaceFrequencyModulation\Seg-SADG\BaryRadGateLowDimSpatial\a0p08\rho0p5\gb8\sadg0p05\shot4\Seed0
Seg-SADG,Seg-SADG,Seg-SADG,LF-Barycenter-RadialGate-LowDimSpatialMask,fixed,cosine,lowdim,radial,8,1.0,0.4646054804325104,0.5379841327667236,0.49394547939300537,0.46460548|0.53798413|0.52032006|0.4833982|0.49353951|0.47274977|0.49058139|0.48838538,15.1283540725708,0.019800765439867973,0.9808123111724854,0.8482444882392883,0.10469258576631546,0.08,0.5,0.05,0.05,0.5,0.0001,0.001,0.001,0.0,0.0,1e-06,15.0,5.0,40.0,0.02,0.98,0.001,0.001,0.0001,0.01,0.001,0.5,style_rho0p5,sadg_rho0p05,9,9,19,19,new_training,4,0,21,0.2694983606537183,0.2688322539130847,0.01326940068975091,2.6419130563226645e-06,1.964735247383942e-06,0.0005363204594080647,0.0011007372134675582,0.0008103659347398207,6.771778136756742e-07,0.0003362718004306468,0.00021579579818838587,0.0012511018915877987,0.0,0.0,0.0,0.0,0.0,0.0,0.0,0.0,0.2483375109732151,0.3921402543783188,0.05000000000000001,12,179|180|23|126,46,all_filtered,9,True,D:\Running_Place\PostGraduateProjects\Experiments\PostGraduate\backbones\SpaceFrequencyModulation\Seg-SADG\BaryRadGateLowDimSpatial\a0p08\rho0p5\gb8\sadg0p05\shot4\Seed0,D:\Running_Place\PostGraduateProjects\Experiments\PostGraduate\backbones\Prompts\SpaceFrequencyModulation\Seg-SADG\BaryRadGateLowDimSpatial\a0p08\rho0p5\gb8\sadg0p05\shot4\Seed0
Seg-SADG,Seg-SADG,Seg-SADG,LF-Barycenter-RadialGate-LowDimSpatialMask,fixed,cosine,lowdim,radial,8,1.0,0.4647009074687958,0.5389318466186523,0.49380922317504883,0.46470091|0.53893185|0.52054375|0.48297119|0.49341944|0.47167739|0.49073774|0.48749143,15.161945343017578,0.019740302115678787,0.9808893203735352,0.8480391502380371,0.10479578375816345,0.08,0.5,0.05,0.05,0.5,0.0001,0.001,0.001,0.0,0.0,1e-06,15.0,5.0,40.0,0.02,0.98,0.001,0.001,0.0001,0.01,0.001,0.5,style_rho0p5,sadg_rho0p05,9,9,19,19,new_training,4,0,22,0.2598332365353902,0.2589283287525177,0.018043492299815018,2.730449978116667e-06,2.0416471973779457e-06,0.0005574304474672923,0.001147525297710672,0.0008383787741574148,6.888028328451886e-07,0.00034027145253882435,0.00022373221145244315,0.0012479913809026282,0.0,0.0,0.0,0.0,0.0,0.0,0.0,0.0,0.23629721874992052,0.39261006315549213,0.05000000000000001,12,179|180|23|126,46,all_filtered,9,True,D:\Running_Place\PostGraduateProjects\Experiments\PostGraduate\backbones\SpaceFrequencyModulation\Seg-SADG\BaryRadGateLowDimSpatial\a0p08\rho0p5\gb8\sadg0p05\shot4\Seed0,D:\Running_Place\PostGraduateProjects\Experiments\PostGraduate\backbones\Prompts\SpaceFrequencyModulation\Seg-SADG\BaryRadGateLowDimSpatial\a0p08\rho0p5\gb8\sadg0p05\shot4\Seed0
Seg-SADG,Seg-SADG,Seg-SADG,LF-Barycenter-RadialGate-LowDimSpatialMask,fixed,cosine,lowdim,radial,8,1.0,0.46454814076423645,0.5401716828346252,0.49364912509918213,0.46454814|0.54017168|0.52099997|0.48233947|0.49362227|0.47020102|0.4907614|0.48654917,15.157715797424316,0.019737986847758293,0.9809795022010803,0.848149836063385,0.10478082299232483,0.08,0.5,0.05,0.05,0.5,0.0001,0.001,0.001,0.0,0.0,1e-06,15.0,5.0,40.0,0.02,0.98,0.001,0.001,0.0001,0.01,0.001,0.5,style_rho0p5,sadg_rho0p05,9,9,19,19,new_training,4,0,23,0.2454692137738069,0.24470861877004305,0.015155436703935266,2.82385807774214e-06,2.133624851315593e-06,0.0005848949998229122,0.0012028714603123565,0.0008722638012841344,6.902332122156926e-07,0.00034020118619082496,0.000225337589654373,0.0012469442444853485,0.0,0.0,0.0,0.0,0.0,0.0,0.0,0.0,0.22309409702817598,0.39630958686272305,0.05000000000000001,12,179|180|23|126,46,all_filtered,9,True,D:\Running_Place\PostGraduateProjects\Experiments\PostGraduate\backbones\SpaceFrequencyModulation\Seg-SADG\BaryRadGateLowDimSpatial\a0p08\rho0p5\gb8\sadg0p05\shot4\Seed0,D:\Running_Place\PostGraduateProjects\Experiments\PostGraduate\backbones\Prompts\SpaceFrequencyModulation\Seg-SADG\BaryRadGateLowDimSpatial\a0p08\rho0p5\gb8\sadg0p05\shot4\Seed0
Seg-SADG,Seg-SADG,Seg-SADG,LF-Barycenter-RadialGate-LowDimSpatialMask,fixed,cosine,lowdim,radial,8,1.0,0.46365809440612793,0.5409687161445618,0.49330848455429077,0.46365809|0.54096872|0.52111888|0.48133251|0.4935309|0.46887311|0.49101934|0.48596627,15.153773307800293,0.019699273630976677,0.9809640645980835,0.8481618165969849,0.10477377474308014,0.08,0.5,0.05,0.05,0.5,0.0001,0.001,0.001,0.0,0.0,1e-06,15.0,5.0,40.0,0.02,0.98,0.001,0.001,0.0001,0.01,0.001,0.5,style_rho0p5,sadg_rho0p05,9,9,19,19,new_training,4,0,24,0.23259272053837776,0.23188365623354912,0.014122644672170281,2.9352099962428233e-06,2.249699207368394e-06,0.0006166708675057938,0.0012739728069088112,0.0009140592155745253,6.855108172961385e-07,0.00033775605940415215,0.0002229987585451454,0.001247559703188017,0.0,0.0,0.0,0.0,0.0,0.0,0.0,0.0,0.21194026867548624,0.3398819516102473,0.05000000000000001,12,179|180|23|126,46,all_filtered,9,True,D:\Running_Place\PostGraduateProjects\Experiments\PostGraduate\backbones\SpaceFrequencyModulation\Seg-SADG\BaryRadGateLowDimSpatial\a0p08\rho0p5\gb8\sadg0p05\shot4\Seed0,D:\Running_Place\PostGraduateProjects\Experiments\PostGraduate\backbones\Prompts\SpaceFrequencyModulation\Seg-SADG\BaryRadGateLowDimSpatial\a0p08\rho0p5\gb8\sadg0p05\shot4\Seed0
Seg-SADG,Seg-SADG,Seg-SADG,LF-Barycenter-RadialGate-LowDimSpatialMask,fixed,cosine,lowdim,radial,8,1.0,0.46236252784729004,0.5417861938476562,0.4928549528121948,0.46236253|0.54178619|0.52159536|0.48087826|0.49217078|0.46758607|0.49125502|0.4852055,15.175284385681152,0.019670234993100166,0.9809387922286987,0.8479673266410828,0.1048409715294838,0.08,0.5,0.05,0.05,0.5,0.0001,0.001,0.001,0.0,0.0,1e-06,15.0,5.0,40.0,0.02,0.98,0.001,0.001,0.0001,0.01,0.001,0.5,style_rho0p5,sadg_rho0p05,9,9,19,19,new_training,4,0,25,0.22543212895592055,0.2247666778663794,0.013247380731627345,3.0766541385673918e-06,2.388231375031561e-06,0.0006528733501909301,0.0013513006172919024,0.000971643336621734,6.884227540619273e-07,0.0003391338250366971,0.00022455692427077642,0.0012473198197161157,0.0,0.0,0.0,0.0,0.0,0.0,0.0,0.0,0.20394221941630045,0.35341008255879086,0.05000000000000001,12,179|180|23|126,46,all_filtered,9,True,D:\Running_Place\PostGraduateProjects\Experiments\PostGraduate\backbones\SpaceFrequencyModulation\Seg-SADG\BaryRadGateLowDimSpatial\a0p08\rho0p5\gb8\sadg0p05\shot4\Seed0,D:\Running_Place\PostGraduateProjects\Experiments\PostGraduate\backbones\Prompts\SpaceFrequencyModulation\Seg-SADG\BaryRadGateLowDimSpatial\a0p08\rho0p5\gb8\sadg0p05\shot4\Seed0
Seg-SADG,Seg-SADG,Seg-SADG,LF-Barycenter-RadialGate-LowDimSpatialMask,fixed,cosine,lowdim,radial,8,1.0,0.4619075059890747,0.5426987409591675,0.4926128387451172,0.46190751|0.54269874|0.52178961|0.48056588|0.49184641|0.46654785|0.49063486|0.48491177,15.202983856201172,0.019645703956484795,0.9809728860855103,0.8477759957313538,0.10492385923862457,0.08,0.5,0.05,0.05,0.5,0.0001,0.001,0.001,0.0,0.0,1e-06,15.0,5.0,40.0,0.02,0.98,0.001,0.001,0.0001,0.01,0.001,0.5,style_rho0p5,sadg_rho0p05,9,9,19,19,new_training,4,0,26,0.21547715738415718,0.21480945870280266,0.013290184317156672,3.1884530926618027e-06,2.4872658552036833e-06,0.000687753563397564,0.0014054343046154827,0.0010130560064377885,7.01187218510313e-07,0.000344835772314885,0.000231881697497253,0.0012446972250472754,0.0,0.0,0.0,0.0,0.0,0.0,0.0,0.0,0.1952486572166284,0.3301258397599061,0.05000000000000001,12,179|180|23|126,46,all_filtered,9,True,D:\Running_Place\PostGraduateProjects\Experiments\PostGraduate\backbones\SpaceFrequencyModulation\Seg-SADG\BaryRadGateLowDimSpatial\a0p08\rho0p5\gb8\sadg0p05\shot4\Seed0,D:\Running_Place\PostGraduateProjects\Experiments\PostGraduate\backbones\Prompts\SpaceFrequencyModulation\Seg-SADG\BaryRadGateLowDimSpatial\a0p08\rho0p5\gb8\sadg0p05\shot4\Seed0
Seg-SADG,Seg-SADG,Seg-SADG,LF-Barycenter-RadialGate-LowDimSpatialMask,fixed,cosine,lowdim,radial,8,1.0,0.4613088071346283,0.5436839461326599,0.492331326007843,0.46130881|0.54368395|0.52183014|0.4803485|0.49159738|0.46530092|0.49028021|0.48430073,15.202105522155762,0.019653165712952614,0.9810051918029785,0.8478114604949951,0.10491949319839478,0.08,0.5,0.05,0.05,0.5,0.0001,0.001,0.001,0.0,0.0,1e-06,15.0,5.0,40.0,0.02,0.98,0.001,0.001,0.0001,0.01,0.001,0.5,style_rho0p5,sadg_rho0p05,9,9,19,19,new_training,4,0,27,0.21442104503512383,0.21364715322852135,0.015412021661177278,3.292596109834752e-06,2.5873090028956844e-06,0.0007185568101704121,0.0014623417422020186,0.0010531114627762388,7.052870927282129e-07,0.0003465964497687916,0.00023433019669028,0.0012436042112919192,0.0,0.0,0.0,0.0,0.0,0.0,0.0,0.0,0.19298633312185606,0.34552286316951114,0.05000000000000001,12,179|180|23|126,46,all_filtered,9,True,D:\Running_Place\PostGraduateProjects\Experiments\PostGraduate\backbones\SpaceFrequencyModulation\Seg-SADG\BaryRadGateLowDimSpatial\a0p08\rho0p5\gb8\sadg0p05\shot4\Seed0,D:\Running_Place\PostGraduateProjects\Experiments\PostGraduate\backbones\Prompts\SpaceFrequencyModulation\Seg-SADG\BaryRadGateLowDimSpatial\a0p08\rho0p5\gb8\sadg0p05\shot4\Seed0
Seg-SADG,Seg-SADG,Seg-SADG,LF-Barycenter-RadialGate-LowDimSpatialMask,fixed,cosine,lowdim,radial,8,1.0,0.46065905690193176,0.5446335077285767,0.4921697676181793,0.46065906|0.54463351|0.52208376|0.48006144|0.49154547|0.46486273|0.48967066|0.48384151,15.204703330993652,0.01964728720486164,0.9810397624969482,0.8478202819824219,0.1049266904592514,0.08,0.5,0.05,0.05,0.5,0.0001,0.001,0.001,0.0,0.0,1e-06,15.0,5.0,40.0,0.02,0.98,0.001,0.001,0.0001,0.01,0.001,0.5,style_rho0p5,sadg_rho0p05,9,9,19,19,new_training,4,0,28,0.19375803445776305,0.1931654972334703,0.011782973461473981,3.389308991093761e-06,2.686185951006337e-06,0.0007470824445287386,0.0015175868174992502,0.001093890731378148,7.031230448243756e-07,0.0003453629057427558,0.00023339489537950916,0.001243652164703235,0.0,0.0,0.0,0.0,0.0,0.0,0.0,0.0,0.17818372696638107,0.2585296792288621,0.05000000000000001,12,179|180|23|126,46,all_filtered,9,True,D:\Running_Place\PostGraduateProjects\Experiments\PostGraduate\backbones\SpaceFrequencyModulation\Seg-SADG\BaryRadGateLowDimSpatial\a0p08\rho0p5\gb8\sadg0p05\shot4\Seed0,D:\Running_Place\PostGraduateProjects\Experiments\PostGraduate\backbones\Prompts\SpaceFrequencyModulation\Seg-SADG\BaryRadGateLowDimSpatial\a0p08\rho0p5\gb8\sadg0p05\shot4\Seed0
Seg-SADG,Seg-SADG,Seg-SADG,LF-Barycenter-RadialGate-LowDimSpatialMask,fixed,cosine,lowdim,radial,8,1.0,0.46020907163619995,0.5455412864685059,0.49198728799819946,0.46020907|0.54554129|0.52246755|0.4796344|0.49151933|0.46415168|0.48890224|0.4834727,15.169921875,0.019750911742448807,0.981086790561676,0.8481481075286865,0.10481209307909012,0.08,0.5,0.05,0.05,0.5,0.0001,0.001,0.001,0.0,0.0,1e-06,15.0,5.0,40.0,0.02,0.98,0.001,0.001,0.0001,0.01,0.001,0.5,style_rho0p5,sadg_rho0p05,9,9,19,19,new_training,4,0,29,0.19015109166502953,0.18955346321066222,0.011883020401000977,3.4785516428807264e-06,2.779877092962124e-06,0.0007765833239924783,0.0015715376551573474,0.0011306810192763805,6.986745404446992e-07,0.00034318049195765826,0.000231070872056686,0.001244231651071459,0.0,0.0,0.0,0.0,0.0,0.0,0.0,0.0,0.1702540454765161,0.28770754983027774,0.05000000000000001,12,179|180|23|126,46,all_filtered,9,True,D:\Running_Place\PostGraduateProjects\Experiments\PostGraduate\backbones\SpaceFrequencyModulation\Seg-SADG\BaryRadGateLowDimSpatial\a0p08\rho0p5\gb8\sadg0p05\shot4\Seed0,D:\Running_Place\PostGraduateProjects\Experiments\PostGraduate\backbones\Prompts\SpaceFrequencyModulation\Seg-SADG\BaryRadGateLowDimSpatial\a0p08\rho0p5\gb8\sadg0p05\shot4\Seed0
Seg-SADG,Seg-SADG,Seg-SADG,LF-Barycenter-RadialGate-LowDimSpatialMask,fixed,cosine,lowdim,radial,8,1.0,0.45987826585769653,0.5460521578788757,0.4918808937072754,0.45987827|0.54605216|0.52325612|0.48009995|0.49173316|0.4627108|0.48848304|0.48283377,15.141518592834473,0.019867395982146263,0.9811403751373291,0.8484331965446472,0.10471435636281967,0.08,0.5,0.05,0.05,0.5,0.0001,0.001,0.001,0.0,0.0,1e-06,15.0,5.0,40.0,0.02,0.98,0.001,0.001,0.0001,0.01,0.001,0.5,style_rho0p5,sadg_rho0p05,9,9,19,19,new_training,4,0,30,0.1949810783068339,0.1943030891319116,0.013489295456868907,3.5238408031545987e-06,2.8487738366796598e-06,0.0008029847376747057,0.0016113326031093795,0.0011571426681863766,6.750669948966485e-07,0.00033253403429019574,0.00021772263062302954,0.0012481030620013673,0.0,0.0,0.0,0.0,0.0,0.0,0.0,0.0,0.17485829442739487,0.3299367514749368,0.05000000000000001,12,179|180|23|126,46,all_filtered,9,True,D:\Running_Place\PostGraduateProjects\Experiments\PostGraduate\backbones\SpaceFrequencyModulation\Seg-SADG\BaryRadGateLowDimSpatial\a0p08\rho0p5\gb8\sadg0p05\shot4\Seed0,D:\Running_Place\PostGraduateProjects\Experiments\PostGraduate\backbones\Prompts\SpaceFrequencyModulation\Seg-SADG\BaryRadGateLowDimSpatial\a0p08\rho0p5\gb8\sadg0p05\shot4\Seed0
Seg-SADG,Seg-SADG,Seg-SADG,LF-Barycenter-RadialGate-LowDimSpatialMask,fixed,cosine,lowdim,radial,8,1.0,0.4588485062122345,0.5473123788833618,0.49210596084594727,0.45884851|0.54731238|0.52402514|0.48052728|0.49264008|0.46174163|0.48847479|0.48327801,15.139802932739258,0.019900435581803322,0.9812167286872864,0.848517119884491,0.10470343381166458,0.08,0.5,0.05,0.05,0.5,0.0001,0.001,0.001,0.0,0.0,1e-06,15.0,5.0,40.0,0.02,0.98,0.001,0.001,0.0001,0.01,0.001,0.5,style_rho0p5,sadg_rho0p05,9,9,19,19,new_training,4,0,31,0.18198044722278914,0.18132769192258516,0.012982352947195372,3.639903203141633e-06,2.9715840431284355e-06,0.0008339452906511724,0.0016822696682841827,0.0012059196499952425,6.683191173806335e-07,0.0003294291188164304,0.00021400131542274417,0.0012488866632338613,0.0,0.0,0.0,0.0,0.0,0.0,0.0,0.0,0.16562924534082413,0.270020538320144,0.05000000000000001,12,179|180|23|126,46,all_filtered,9,True,D:\Running_Place\PostGraduateProjects\Experiments\PostGraduate\backbones\SpaceFrequencyModulation\Seg-SADG\BaryRadGateLowDimSpatial\a0p08\rho0p5\gb8\sadg0p05\shot4\Seed0,D:\Running_Place\PostGraduateProjects\Experiments\PostGraduate\backbones\Prompts\SpaceFrequencyModulation\Seg-SADG\BaryRadGateLowDimSpatial\a0p08\rho0p5\gb8\sadg0p05\shot4\Seed0
Seg-SADG,Seg-SADG,Seg-SADG,LF-Barycenter-RadialGate-LowDimSpatialMask,fixed,cosine,lowdim,radial,8,1.0,0.4583793580532074,0.5480791926383972,0.492148756980896,0.45837936|0.54807919|0.52436858|0.48076385|0.49285945|0.46117392|0.48839265|0.4831731,15.13488483428955,0.019908281043171883,0.9812659621238708,0.8485993146896362,0.10468655824661255,0.08,0.5,0.05,0.05,0.5,0.0001,0.001,0.001,0.0,0.0,1e-06,15.0,5.0,40.0,0.02,0.98,0.001,0.001,0.0001,0.01,0.001,0.5,style_rho0p5,sadg_rho0p05,9,9,19,19,new_training,4,0,32,0.17410356178879738,0.17355567341049513,0.010882552169884244,3.761333024006793e-06,3.0980037498314537e-06,0.0008619818787944192,0.001752607146045193,0.001259198315286388,6.633292741753394e-07,0.0003268582853100573,0.00021154464775463566,0.0012492631600859265,0.0,0.0,0.0,0.0,0.0,0.0,0.0,0.0,0.1575721688568592,0.25746433561046916,0.05000000000000001,12,179|180|23|126,46,all_filtered,9,True,D:\Running_Place\PostGraduateProjects\Experiments\PostGraduate\backbones\SpaceFrequencyModulation\Seg-SADG\BaryRadGateLowDimSpatial\a0p08\rho0p5\gb8\sadg0p05\shot4\Seed0,D:\Running_Place\PostGraduateProjects\Experiments\PostGraduate\backbones\Prompts\SpaceFrequencyModulation\Seg-SADG\BaryRadGateLowDimSpatial\a0p08\rho0p5\gb8\sadg0p05\shot4\Seed0
Seg-SADG,Seg-SADG,Seg-SADG,LF-Barycenter-RadialGate-LowDimSpatialMask,fixed,cosine,lowdim,radial,8,1.0,0.45838847756385803,0.5489981174468994,0.49217069149017334,0.45838848|0.54899812|0.52483165|0.48058593|0.49301252|0.46075389|0.48789176|0.4829033,15.129525184631348,0.019937681034207344,0.9813450574874878,0.8487136363983154,0.10466515272855759,0.08,0.5,0.05,0.05,0.5,0.0001,0.001,0.001,0.0,0.0,1e-06,15.0,5.0,40.0,0.02,0.98,0.001,0.001,0.0001,0.01,0.001,0.5,style_rho0p5,sadg_rho0p05,9,9,19,19,new_training,4,0,33,0.16502035409212112,0.16445687040686607,0.011193062644451857,3.829504332012827e-06,3.1718900572741404e-06,0.00088301198654032,0.0017952924245037138,0.0012882962764706463,6.576142415800253e-07,0.00032401239635267604,0.00020861387868838696,0.001249879375488187,0.0,0.0,0.0,0.0,0.0,0.0,0.0,0.0,0.14957423756519952,0.2429126352071762,0.05000000000000001,12,179|180|23|126,46,all_filtered,9,True,D:\Running_Place\PostGraduateProjects\Experiments\PostGraduate\backbones\SpaceFrequencyModulation\Seg-SADG\BaryRadGateLowDimSpatial\a0p08\rho0p5\gb8\sadg0p05\shot4\Seed0,D:\Running_Place\PostGraduateProjects\Experiments\PostGraduate\backbones\Prompts\SpaceFrequencyModulation\Seg-SADG\BaryRadGateLowDimSpatial\a0p08\rho0p5\gb8\sadg0p05\shot4\Seed0
Seg-SADG,Seg-SADG,Seg-SADG,LF-Barycenter-RadialGate-LowDimSpatialMask,fixed,cosine,lowdim,radial,8,1.0,0.45802074670791626,0.5494087338447571,0.4919613301753998,0.45802075|0.54940873|0.52473634|0.480335|0.49331945|0.46016565|0.48716232|0.48254237,15.120606422424316,0.019955767318606377,0.9813482165336609,0.8487886786460876,0.10463675856590271,0.08,0.5,0.05,0.05,0.5,0.0001,0.001,0.001,0.0,0.0,1e-06,15.0,5.0,40.0,0.02,0.98,0.001,0.001,0.0001,0.01,0.001,0.5,style_rho0p5,sadg_rho0p05,9,9,19,19,new_training,4,0,34,0.15778870259722075,0.1572792393465837,0.010111629924116036,3.881114518359634e-06,3.227732084572684e-06,0.0009025684169804057,0.001828867563745007,0.0013086075681106497,6.533824622086589e-07,0.00032200838419763994,0.00020633346624284363,0.001250405873482426,0.0,0.0,0.0,0.0,0.0,0.0,0.0,0.0,0.14286065536240736,0.2350262813270092,0.05000000000000001,12,179|180|23|126,46,all_filtered,9,True,D:\Running_Place\PostGraduateProjects\Experiments\PostGraduate\backbones\SpaceFrequencyModulation\Seg-SADG\BaryRadGateLowDimSpatial\a0p08\rho0p5\gb8\sadg0p05\shot4\Seed0,D:\Running_Place\PostGraduateProjects\Experiments\PostGraduate\backbones\Prompts\SpaceFrequencyModulation\Seg-SADG\BaryRadGateLowDimSpatial\a0p08\rho0p5\gb8\sadg0p05\shot4\Seed0
Seg-SADG,Seg-SADG,Seg-SADG,LF-Barycenter-RadialGate-LowDimSpatialMask,fixed,cosine,lowdim,radial,8,1.0,0.45569488406181335,0.55156010389328,0.49231183528900146,0.45569488|0.5515601|0.52512187|0.4811877|0.49532697|0.46156085|0.48581812|0.48222429,15.096617698669434,0.019983801990747452,0.981461226940155,0.8490784168243408,0.10455913841724396,0.08,0.5,0.05,0.05,0.5,0.0001,0.001,0.001,0.0,0.0,1e-06,15.0,5.0,40.0,0.02,0.98,0.001,0.001,0.0001,0.01,0.001,0.5,style_rho0p5,sadg_rho0p05,9,9,19,19,new_training,4,0,35,0.27164281780521077,0.2706156025330226,0.02046489653488,3.9728820032299455e-06,3.3273288977397897e-06,0.0009194952144753188,0.001882802345789969,0.001352576888166368,6.455531007532045e-07,0.00031852815542758134,0.00020185443160395758,0.0012517050102663536,0.0,0.0,0.0,0.0,0.0,0.0,0.0,0.0,0.2160198874771595,0.5429128520190716,0.05000000000000001,12,179|180|23|126,46,all_filtered,9,True,D:\Running_Place\PostGraduateProjects\Experiments\PostGraduate\backbones\SpaceFrequencyModulation\Seg-SADG\BaryRadGateLowDimSpatial\a0p08\rho0p5\gb8\sadg0p05\shot4\Seed0,D:\Running_Place\PostGraduateProjects\Experiments\PostGraduate\backbones\Prompts\SpaceFrequencyModulation\Seg-SADG\BaryRadGateLowDimSpatial\a0p08\rho0p5\gb8\sadg0p05\shot4\Seed0
Seg-SADG,Seg-SADG,Seg-SADG,LF-Barycenter-RadialGate-LowDimSpatialMask,fixed,cosine,lowdim,radial,8,1.0,0.45224902033805847,0.5549958348274231,0.49215197563171387,0.45224902|0.55499583|0.52712882|0.4814544|0.49479634|0.46010658|0.48496705|0.48151779,15.062357902526855,0.019985908642411232,0.9815728664398193,0.8494438529014587,0.10445348918437958,0.08,0.5,0.05,0.05,0.5,0.0001,0.001,0.001,0.0,0.0,1e-06,15.0,5.0,40.0,0.02,0.98,0.001,0.001,0.0001,0.01,0.001,0.5,style_rho0p5,sadg_rho0p05,9,9,19,19,new_training,4,0,36,0.2602274492383003,0.25851280490557355,0.034206872495512165,4.300857009790586e-06,3.6728796999341284e-06,0.0010026574066917722,0.0020647578445884087,0.0015078559614873182,6.279773382781665e-07,0.0003108715657920887,0.0001916056171467062,0.0012550014071166515,0.0,0.0,0.0,0.0,0.0,0.0,0.0,0.0,0.2297451744476954,0.4777773544192314,0.05000000000000001,12,179|180|23|126,46,all_filtered,9,True,D:\Running_Place\PostGraduateProjects\Experiments\PostGraduate\backbones\SpaceFrequencyModulation\Seg-SADG\BaryRadGateLowDimSpatial\a0p08\rho0p5\gb8\sadg0p05\shot4\Seed0,D:\Running_Place\PostGraduateProjects\Experiments\PostGraduate\backbones\Prompts\SpaceFrequencyModulation\Seg-SADG\BaryRadGateLowDimSpatial\a0p08\rho0p5\gb8\sadg0p05\shot4\Seed0
Seg-SADG,Seg-SADG,Seg-SADG,LF-Barycenter-RadialGate-LowDimSpatialMask,fixed,cosine,lowdim,radial,8,1.0,0.4502700865268707,0.558148205280304,0.4919103980064392,0.45027009|0.55814821|0.52887422|0.48113224|0.49412385|0.45831093|0.48410287|0.48032066,15.04211711883545,0.02003522589802742,0.9817202687263489,0.8497362732887268,0.10438322275876999,0.08,0.5,0.05,0.05,0.5,0.0001,0.001,0.001,0.0,0.0,1e-06,15.0,5.0,40.0,0.02,0.98,0.001,0.001,0.0001,0.01,0.001,0.5,style_rho0p5,sadg_rho0p05,9,9,19,19,new_training,4,0,37,0.2207659271856149,0.21989518528183302,0.01732001220807433,4.741837225689475e-06,4.129629852892928e-06,0.0011273234655770163,0.0023122996208257973,0.0017045977098556857,6.122073112161767e-07,0.0003039202347281389,0.0001825256889181522,0.001257613660224403,0.0,0.0,0.0,0.0,0.0,0.0,0.0,0.0,0.1993058646718661,0.33499742050965625,0.05000000000000001,12,179|180|23|126,46,all_filtered,9,True,D:\Running_Place\PostGraduateProjects\Experiments\PostGraduate\backbones\SpaceFrequencyModulation\Seg-SADG\BaryRadGateLowDimSpatial\a0p08\rho0p5\gb8\sadg0p05\shot4\Seed0,D:\Running_Place\PostGraduateProjects\Experiments\PostGraduate\backbones\Prompts\SpaceFrequencyModulation\Seg-SADG\BaryRadGateLowDimSpatial\a0p08\rho0p5\gb8\sadg0p05\shot4\Seed0
Seg-SADG,Seg-SADG,Seg-SADG,LF-Barycenter-RadialGate-LowDimSpatialMask,fixed,cosine,lowdim,radial,8,1.0,0.44970259070396423,0.5600656867027283,0.49195054173469543,0.44970259|0.56006569|0.53011048|0.48136279|0.49370703|0.4571602|0.48406157|0.47943395,15.041977882385254,0.020068051293492317,0.9818567037582397,0.8498595952987671,0.10437511652708054,0.08,0.5,0.05,0.05,0.5,0.0001,0.001,0.001,0.0,0.0,1e-06,15.0,5.0,40.0,0.02,0.98,0.001,0.001,0.0001,0.01,0.001,0.5,style_rho0p5,sadg_rho0p05,9,9,19,19,new_training,4,0,38,0.20018029709657034,0.19930988798538843,0.01730780319000284,5.019079064065106e-06,4.4177934720816365e-06,0.001213798289730524,0.0024719391367398202,0.0018244743211350094,6.012855967204208e-07,0.00029869911425824586,0.00017670198212726973,0.0012588448104603838,0.0,0.0,0.0,0.0,0.0,0.0,0.0,0.0,0.18007281546791395,0.3139278143644333,0.05000000000000001,12,179|180|23|126,46,all_filtered,9,True,D:\Running_Place\PostGraduateProjects\Experiments\PostGraduate\backbones\SpaceFrequencyModulation\Seg-SADG\BaryRadGateLowDimSpatial\a0p08\rho0p5\gb8\sadg0p05\shot4\Seed0,D:\Running_Place\PostGraduateProjects\Experiments\PostGraduate\backbones\Prompts\SpaceFrequencyModulation\Seg-SADG\BaryRadGateLowDimSpatial\a0p08\rho0p5\gb8\sadg0p05\shot4\Seed0
Seg-SADG,Seg-SADG,Seg-SADG,LF-Barycenter-RadialGate-LowDimSpatialMask,fixed,cosine,lowdim,radial,8,1.0,0.44957590103149414,0.5605396628379822,0.49194857478141785,0.4495759|0.56053966|0.53171593|0.48140118|0.4930819|0.45629767|0.48385456|0.47912177,15.048783302307129,0.02008073776960373,0.9819199442863464,0.8498626351356506,0.1043921560049057,0.08,0.5,0.05,0.05,0.5,0.0001,0.001,0.001,0.0,0.0,1e-06,15.0,5.0,40.0,0.02,0.98,0.001,0.001,0.0001,0.01,0.001,0.5,style_rho0p5,sadg_rho0p05,9,9,19,19,new_training,4,0,39,0.17932370801766714,0.1786790875097116,0.012789670610800385,5.137604186226478e-06,4.540892480993837e-06,0.0012579450946456443,0.002541998129648467,0.0018730996525846422,5.967117526021563e-07,0.000295919274018767,0.00017491987091489136,0.001258725969819352,0.0,0.0,0.0,0.0,0.0,0.0,0.0,0.0,0.16285605976978937,0.25682737678289413,0.05000000000000001,12,179|180|23|126,46,all_filtered,9,True,D:\Running_Place\PostGraduateProjects\Experiments\PostGraduate\backbones\SpaceFrequencyModulation\Seg-SADG\BaryRadGateLowDimSpatial\a0p08\rho0p5\gb8\sadg0p05\shot4\Seed0,D:\Running_Place\PostGraduateProjects\Experiments\PostGraduate\backbones\Prompts\SpaceFrequencyModulation\Seg-SADG\BaryRadGateLowDimSpatial\a0p08\rho0p5\gb8\sadg0p05\shot4\Seed0
Seg-SADG,Seg-SADG,Seg-SADG,LF-Barycenter-RadialGate-LowDimSpatialMask,fixed,cosine,lowdim,radial,8,1.0,0.4493931829929352,0.5610170364379883,0.49190759658813477,0.44939318|0.56101704|0.53239959|0.48119622|0.49294275|0.45558766|0.48371372|0.47901088,15.046119689941406,0.020086925476789474,0.9819629192352295,0.8499215841293335,0.10438222438097,0.08,0.5,0.05,0.05,0.5,0.0001,0.001,0.001,0.0,0.0,1e-06,15.0,5.0,40.0,0.02,0.98,0.001,0.001,0.0001,0.01,0.001,0.5,style_rho0p5,sadg_rho0p05,9,9,19,19,new_training,4,0,40,0.16863845040400824,0.1680015635987123,0.012633592821657658,5.208200642906983e-06,4.612778980117582e-06,0.00128858900279738,0.0025843242765404284,0.0018995955275992553,5.954216580524493e-07,0.00029492116542921093,0.00017465218237096755,0.0012584828946273774,0.0,0.0,0.0,0.0,0.0,0.0,0.0,0.0,0.15359048172831535,0.23470004523793855,0.05000000000000001,12,179|180|23|126,46,all_filtered,9,True,D:\Running_Place\PostGraduateProjects\Experiments\PostGraduate\backbones\SpaceFrequencyModulation\Seg-SADG\BaryRadGateLowDimSpatial\a0p08\rho0p5\gb8\sadg0p05\shot4\Seed0,D:\Running_Place\PostGraduateProjects\Experiments\PostGraduate\backbones\Prompts\SpaceFrequencyModulation\Seg-SADG\BaryRadGateLowDimSpatial\a0p08\rho0p5\gb8\sadg0p05\shot4\Seed0
Seg-SADG,Seg-SADG,Seg-SADG,LF-Barycenter-RadialGate-LowDimSpatialMask,fixed,cosine,lowdim,radial,8,1.0,0.4492565393447876,0.561744213104248,0.4919949173927307,0.44925654|0.56174421|0.53291595|0.48103887|0.49262172|0.45506257|0.48419338|0.47912583,15.044672012329102,0.0200944971293211,0.9820218086242676,0.8499844670295715,0.10437525808811188,0.08,0.5,0.05,0.05,0.5,0.0001,0.001,0.001,0.0,0.0,1e-06,15.0,5.0,40.0,0.02,0.98,0.001,0.001,0.0001,0.01,0.001,0.5,style_rho0p5,sadg_rho0p05,9,9,19,19,new_training,4,0,41,0.1631142720580101,0.16257420927286148,0.010695623350329697,5.283118487871737e-06,4.6908814586762064e-06,0.0013112923576651763,0.0026304076115290322,0.0019293443571465712,5.922370481433367e-07,0.0002932742451472829,0.00017308695047783354,0.0012587583041749895,0.0,0.0,0.0,0.0,0.0,0.0,0.0,0.0,0.14852377648154894,0.23701097692052522,0.05000000000000001,12,179|180|23|126,46,all_filtered,9,True,D:\Running_Place\PostGraduateProjects\Experiments\PostGraduate\backbones\SpaceFrequencyModulation\Seg-SADG\BaryRadGateLowDimSpatial\a0p08\rho0p5\gb8\sadg0p05\shot4\Seed0,D:\Running_Place\PostGraduateProjects\Experiments\PostGraduate\backbones\Prompts\SpaceFrequencyModulation\Seg-SADG\BaryRadGateLowDimSpatial\a0p08\rho0p5\gb8\sadg0p05\shot4\Seed0
Seg-SADG,Seg-SADG,Seg-SADG,LF-Barycenter-RadialGate-LowDimSpatialMask,fixed,cosine,lowdim,radial,8,1.0,0.4494480490684509,0.5623629689216614,0.49208781123161316,0.44944805|0.56236297|0.53358018|0.4807854|0.49272108|0.45460773|0.48408276|0.47911444,15.028510093688965,0.02011513151228428,0.9820927381515503,0.8501753807067871,0.10432249307632446,0.08,0.5,0.05,0.05,0.5,0.0001,0.001,0.001,0.0,0.0,1e-06,15.0,5.0,40.0,0.02,0.98,0.001,0.001,0.0001,0.01,0.001,0.5,style_rho0p5,sadg_rho0p05,9,9,19,19,new_training,4,0,42,0.15288843090335527,0.1522867518166701,0.01192659791558981,5.3486102539560916e-06,4.7621501456281594e-06,0.001331627640562753,0.0026726374635472894,0.001956349704414606,5.86460169908302e-07,0.000290750598651357,0.00016973805638068976,0.0012597148209655036,0.0,0.0,0.0,0.0,0.0,0.0,0.0,0.0,0.13888132944703102,0.21475724751750627,0.05000000000000001,12,179|180|23|126,46,all_filtered,9,True,D:\Running_Place\PostGraduateProjects\Experiments\PostGraduate\backbones\SpaceFrequencyModulation\Seg-SADG\BaryRadGateLowDimSpatial\a0p08\rho0p5\gb8\sadg0p05\shot4\Seed0,D:\Running_Place\PostGraduateProjects\Experiments\PostGraduate\backbones\Prompts\SpaceFrequencyModulation\Seg-SADG\BaryRadGateLowDimSpatial\a0p08\rho0p5\gb8\sadg0p05\shot4\Seed0
Seg-SADG,Seg-SADG,Seg-SADG,LF-Barycenter-RadialGate-LowDimSpatialMask,fixed,cosine,lowdim,radial,8,1.0,0.44927459955215454,0.563128650188446,0.4921078681945801,0.4492746|0.56312865|0.5341388|0.48015827|0.49265152|0.45410022|0.48406073|0.47935018,15.017119407653809,0.020132847130298615,0.982146680355072,0.8503136038780212,0.10428477078676224,0.08,0.5,0.05,0.05,0.5,0.0001,0.001,0.001,0.0,0.0,1e-06,15.0,5.0,40.0,0.02,0.98,0.001,0.001,0.0001,0.01,0.001,0.5,style_rho0p5,sadg_rho0p05,9,9,19,19,new_training,4,0,43,0.15093868722518286,0.15038339421153069,0.01099759852513671,5.414387336107514e-06,4.834843518134828e-06,0.0013550150615628809,0.0027192896814085543,0.001980052135574321,5.795438890269603e-07,0.00028799206484109163,0.000165445383269495,0.001261064229765907,0.0,0.0,0.0,0.0,0.0,0.0,0.0,0.0,0.1366594017793735,0.22507073109348616,0.05000000000000001,12,179|180|23|126,46,all_filtered,9,True,D:\Running_Place\PostGraduateProjects\Experiments\PostGraduate\backbones\SpaceFrequencyModulation\Seg-SADG\BaryRadGateLowDimSpatial\a0p08\rho0p5\gb8\sadg0p05\shot4\Seed0,D:\Running_Place\PostGraduateProjects\Experiments\PostGraduate\backbones\Prompts\SpaceFrequencyModulation\Seg-SADG\BaryRadGateLowDimSpatial\a0p08\rho0p5\gb8\sadg0p05\shot4\Seed0
Seg-SADG,Seg-SADG,Seg-SADG,LF-Barycenter-RadialGate-LowDimSpatialMask,fixed,cosine,lowdim,radial,8,1.0,0.44915661215782166,0.56379234790802,0.4922148585319519,0.44915661|0.56379235|0.53434014|0.48031932|0.49265096|0.45333779|0.48405626|0.48006546,15.003660202026367,0.02015053853392601,0.9821992516517639,0.8504671454429626,0.10424082726240158,0.08,0.5,0.05,0.05,0.5,0.0001,0.001,0.001,0.0,0.0,1e-06,15.0,5.0,40.0,0.02,0.98,0.001,0.001,0.0001,0.01,0.001,0.5,style_rho0p5,sadg_rho0p05,9,9,19,19,new_training,4,0,44,0.1442489760617415,0.14372337982058525,0.010401757628036043,5.506986781256273e-06,4.933337853193128e-06,0.0013779572036582977,0.0027759165580694876,0.002019625409351041,5.736489280631455e-07,0.0002855898783309385,0.00016184435662580654,0.0012621466788308073,0.0,0.0,0.0,0.0,0.0,0.0,0.0,0.0,0.13181820760170618,0.20433428138494492,0.05000000000000001,12,179|180|23|126,46,all_filtered,9,True,D:\Running_Place\PostGraduateProjects\Experiments\PostGraduate\backbones\SpaceFrequencyModulation\Seg-SADG\BaryRadGateLowDimSpatial\a0p08\rho0p5\gb8\sadg0p05\shot4\Seed0,D:\Running_Place\PostGraduateProjects\Experiments\PostGraduate\backbones\Prompts\SpaceFrequencyModulation\Seg-SADG\BaryRadGateLowDimSpatial\a0p08\rho0p5\gb8\sadg0p05\shot4\Seed0
Seg-SADG,Seg-SADG,Seg-SADG,LF-Barycenter-RadialGate-LowDimSpatialMask,fixed,cosine,lowdim,radial,8,1.0,0.44925710558891296,0.5641857385635376,0.49206244945526123,0.44925711|0.56418574|0.53450632|0.47959831|0.49245602|0.45282438|0.48379821|0.47987366,14.992270469665527,0.020158497616648674,0.9822235107421875,0.8505783081054688,0.1042049378156662,0.08,0.5,0.05,0.05,0.5,0.0001,0.001,0.001,0.0,0.0,1e-06,15.0,5.0,40.0,0.02,0.98,0.001,0.001,0.0001,0.01,0.001,0.5,style_rho0p5,sadg_rho0p05,9,9,19,19,new_training,4,0,45,0.14378615841269493,0.1432016541560491,0.011578729065756002,5.565762838462736e-06,4.99698213237328e-06,0.0013979577731030683,0.002815334165158371,0.002041852024073402,5.68780725037262e-07,0.0002839007502188906,0.00015854938586320108,0.001263305835891515,0.0,0.0,0.0,0.0,0.0,0.0,0.0,0.0,0.12818554292122522,0.22998036568363509,0.05000000000000001,12,179|180|23|126,46,all_filtered,9,True,D:\Running_Place\PostGraduateProjects\Experiments\PostGraduate\backbones\SpaceFrequencyModulation\Seg-SADG\BaryRadGateLowDimSpatial\a0p08\rho0p5\gb8\sadg0p05\shot4\Seed0,D:\Running_Place\PostGraduateProjects\Experiments\PostGraduate\backbones\Prompts\SpaceFrequencyModulation\Seg-SADG\BaryRadGateLowDimSpatial\a0p08\rho0p5\gb8\sadg0p05\shot4\Seed0
Seg-SADG,Seg-SADG,Seg-SADG,LF-Barycenter-RadialGate-LowDimSpatialMask,fixed,cosine,lowdim,radial,8,1.0,0.4496348798274994,0.5646233558654785,0.4918729364871979,0.44963488|0.56462336|0.53370631|0.47908938|0.49277753|0.45271721|0.48271891|0.47971603,14.97253704071045,0.02016739919781685,0.9822496175765991,0.8507567644119263,0.10414368659257889,0.08,0.5,0.05,0.05,0.5,0.0001,0.001,0.001,0.0,0.0,1e-06,15.0,5.0,40.0,0.02,0.98,0.001,0.001,0.0001,0.01,0.001,0.5,style_rho0p5,sadg_rho0p05,9,9,19,19,new_training,4,0,46,0.1430522638062636,0.14259877800941467,0.008958174808261296,5.5786373044005204e-06,5.015227884541673e-06,0.0014061565064669896,0.0028316809718186655,0.0020429311164965234,5.634094340697023e-07,0.00028252687722366926,0.00015438234671213044,0.001265001929520319,0.0,0.0,0.0,0.0,0.0,0.0,0.0,0.0,0.12741818899909654,0.2453930899500847,0.05000000000000001,12,179|180|23|126,46,all_filtered,9,True,D:\Running_Place\PostGraduateProjects\Experiments\PostGraduate\backbones\SpaceFrequencyModulation\Seg-SADG\BaryRadGateLowDimSpatial\a0p08\rho0p5\gb8\sadg0p05\shot4\Seed0,D:\Running_Place\PostGraduateProjects\Experiments\PostGraduate\backbones\Prompts\SpaceFrequencyModulation\Seg-SADG\BaryRadGateLowDimSpatial\a0p08\rho0p5\gb8\sadg0p05\shot4\Seed0
Seg-SADG,Seg-SADG,Seg-SADG,LF-Barycenter-RadialGate-LowDimSpatialMask,fixed,cosine,lowdim,radial,8,1.0,0.4495886266231537,0.5652137398719788,0.4918699264526367,0.44958863|0.56521374|0.53359663|0.47910538|0.49284384|0.45244408|0.48255163|0.47961542,14.961828231811523,0.020180365070700645,0.9822925925254822,0.8508796691894531,0.10410861670970917,0.08,0.5,0.05,0.05,0.5,0.0001,0.001,0.001,0.0,0.0,1e-06,15.0,5.0,40.0,0.02,0.98,0.001,0.001,0.0001,0.01,0.001,0.5,style_rho0p5,sadg_rho0p05,9,9,19,19,new_training,4,0,47,0.14052761408189932,0.1399424603829781,0.011590916779823601,5.607002511472577e-06,5.04792304430642e-06,0.0014169978191299986,0.002851370353406916,0.002054852608125657,5.590795097987211e-07,0.00028131795503819984,0.00015113482368178666,0.0012662671991468717,0.0,0.0,0.0,0.0,0.0,0.0,0.0,0.0,0.12636035432418188,0.22467272728681564,0.05000000000000001,12,179|180|23|126,46,all_filtered,9,True,D:\Running_Place\PostGraduateProjects\Experiments\PostGraduate\backbones\SpaceFrequencyModulation\Seg-SADG\BaryRadGateLowDimSpatial\a0p08\rho0p5\gb8\sadg0p05\shot4\Seed0,D:\Running_Place\PostGraduateProjects\Experiments\PostGraduate\backbones\Prompts\SpaceFrequencyModulation\Seg-SADG\BaryRadGateLowDimSpatial\a0p08\rho0p5\gb8\sadg0p05\shot4\Seed0
Seg-SADG,Seg-SADG,Seg-SADG,LF-Barycenter-RadialGate-LowDimSpatialMask,fixed,cosine,lowdim,radial,8,1.0,0.44978734850883484,0.5657873749732971,0.49179714918136597,0.44978735|0.56578737|0.53400338|0.47876588|0.49273533|0.45178887|0.48228869|0.47922042,14.948396682739258,0.020191673189401627,0.9823430180549622,0.8510302305221558,0.10406523197889328,0.08,0.5,0.05,0.05,0.5,0.0001,0.001,0.001,0.0,0.0,1e-06,15.0,5.0,40.0,0.02,0.98,0.001,0.001,0.0001,0.01,0.001,0.5,style_rho0p5,sadg_rho0p05,9,9,19,19,new_training,4,0,48,0.13271482040484747,0.1321958266198635,0.010266828467138112,5.6529908457984375e-06,5.098990376003106e-06,0.0014338821832401056,0.002882428428468605,0.0020731735664109388,5.54000484006186e-07,0.00027968752692686394,0.000147561308646497,0.0012675162482385833,0.0,0.0,0.0,0.0,0.0,0.0,0.0,0.0,0.11960033761958282,0.19685102005799612,0.05000000000000001,12,179|180|23|126,46,all_filtered,9,True,D:\Running_Place\PostGraduateProjects\Experiments\PostGraduate\backbones\SpaceFrequencyModulation\Seg-SADG\BaryRadGateLowDimSpatial\a0p08\rho0p5\gb8\sadg0p05\shot4\Seed0,D:\Running_Place\PostGraduateProjects\Experiments\PostGraduate\backbones\Prompts\SpaceFrequencyModulation\Seg-SADG\BaryRadGateLowDimSpatial\a0p08\rho0p5\gb8\sadg0p05\shot4\Seed0
Seg-SADG,Seg-SADG,Seg-SADG,LF-Barycenter-RadialGate-LowDimSpatialMask,fixed,cosine,lowdim,radial,8,1.0,0.4501751959323883,0.5663213729858398,0.4917115569114685,0.4501752|0.56632137|0.53419578|0.47845903|0.49293354|0.45123526|0.48156831|0.47880402,14.941181182861328,0.020196573808789253,0.9823969602584839,0.8511343002319336,0.10404115915298462,0.08,0.5,0.05,0.05,0.5,0.0001,0.001,0.001,0.0,0.0,1e-06,15.0,5.0,40.0,0.02,0.98,0.001,0.001,0.0001,0.01,0.001,0.5,style_rho0p5,sadg_rho0p05,9,9,19,19,new_training,4,0,49,0.12717169895768166,0.1266881333043178,0.009557304127762714,5.7001691023591166e-06,5.150862117867898e-06,0.0014573517255485058,0.0029181977345918617,0.002086928851592044,5.493070081759773e-07,0.00027805534045910463,0.0001443934852431994,0.0012685815745498985,0.0,0.0,0.0,0.0,0.0,0.0,0.0,0.0,0.11561348599692185,0.17868696401516596,0.05000000000000001,12,179|180|23|126,46,all_filtered,9,True,D:\Running_Place\PostGraduateProjects\Experiments\PostGraduate\backbones\SpaceFrequencyModulation\Seg-SADG\BaryRadGateLowDimSpatial\a0p08\rho0p5\gb8\sadg0p05\shot4\Seed0,D:\Running_Place\PostGraduateProjects\Experiments\PostGraduate\backbones\Prompts\SpaceFrequencyModulation\Seg-SADG\BaryRadGateLowDimSpatial\a0p08\rho0p5\gb8\sadg0p05\shot4\Seed0
Seg-SADG,Seg-SADG,Seg-SADG,LF-Barycenter-RadialGate-LowDimSpatialMask,fixed,cosine,lowdim,radial,8,1.0,0.4503311216831207,0.5668191313743591,0.49151748418807983,0.45033112|0.56681913|0.53417462|0.47840598|0.49298713|0.45086381|0.48039293|0.47816527,14.93850040435791,0.02019650675356388,0.9824358224868774,0.8511889576911926,0.10403180867433548,0.08,0.5,0.05,0.05,0.5,0.0001,0.001,0.001,0.0,0.0,1e-06,15.0,5.0,40.0,0.02,0.98,0.001,0.001,0.0001,0.01,0.001,0.5,style_rho0p5,sadg_rho0p05,9,9,19,19,new_training,4,0,50,0.12491299957036972,0.1244639487316211,0.008866574304799238,5.722235300709144e-06,5.176216935372698e-06,0.0014770961424801499,0.0029375269271743796,0.002090980143596729,5.460183842842525e-07,0.0002766935552547996,0.0001424081140915708,0.001269166930190598,0.0,0.0,0.0,0.0,0.0,0.0,0.0,0.0,0.11289805360138416,0.18395913516481718,0.05000000000000001,12,179|180|23|126,46,all_filtered,9,True,D:\Running_Place\PostGraduateProjects\Experiments\PostGraduate\backbones\SpaceFrequencyModulation\Seg-SADG\BaryRadGateLowDimSpatial\a0p08\rho0p5\gb8\sadg0p05\shot4\Seed0,D:\Running_Place\PostGraduateProjects\Experiments\PostGraduate\backbones\Prompts\SpaceFrequencyModulation\Seg-SADG\BaryRadGateLowDimSpatial\a0p08\rho0p5\gb8\sadg0p05\shot4\Seed0
Seg-SADG,Seg-SADG,Seg-SADG,LF-Barycenter-RadialGate-LowDimSpatialMask,fixed,cosine,lowdim,radial,8,1.0,0.4505249559879303,0.5671002268791199,0.4915715157985687,0.45052496|0.56710023|0.53438097|0.47827497|0.49284515|0.4505994|0.48037991|0.47846669,14.939818382263184,0.020189903676509857,0.9824682474136353,0.8512056469917297,0.10403550416231155,0.08,0.5,0.05,0.05,0.5,0.0001,0.001,0.001,0.0,0.0,1e-06,15.0,5.0,40.0,0.02,0.98,0.001,0.001,0.0001,0.01,0.001,0.5,style_rho0p5,sadg_rho0p05,9,9,19,19,new_training,4,0,51,0.12304930140574773,0.1226397684464852,0.008075832156464458,5.739162778202929e-06,5.194629617714479e-06,0.0014907901349943131,0.00295015003454561,0.0020954003751588366,5.445331131189354e-07,0.00027580378567411873,0.0001418047322658822,0.001269245733662198,0.0,0.0,0.0,0.0,0.0,0.0,0.0,0.0,0.11152632224063079,0.1792138616243998,0.05000000000000001,12,179|180|23|126,46,all_filtered,9,True,D:\Running_Place\PostGraduateProjects\Experiments\PostGraduate\backbones\SpaceFrequencyModulation\Seg-SADG\BaryRadGateLowDimSpatial\a0p08\rho0p5\gb8\sadg0p05\shot4\Seed0,D:\Running_Place\PostGraduateProjects\Experiments\PostGraduate\backbones\Prompts\SpaceFrequencyModulation\Seg-SADG\BaryRadGateLowDimSpatial\a0p08\rho0p5\gb8\sadg0p05\shot4\Seed0
Seg-SADG,Seg-SADG,Seg-SADG,LF-Barycenter-RadialGate-LowDimSpatialMask,fixed,cosine,lowdim,radial,8,1.0,0.45042717456817627,0.5674315690994263,0.4914920926094055,0.45055965|0.56743157|0.53418714|0.47795802|0.49299711|0.45042717|0.47982275|0.47855327,14.934677124023438,0.020200734958052635,0.9824886918067932,0.8512651324272156,0.10401812195777893,0.08,0.5,0.05,0.05,0.5,0.0001,0.001,0.001,0.0,0.0,1e-06,15.0,5.0,40.0,0.02,0.98,0.001,0.001,0.0001,0.01,0.001,0.5,style_rho0p5,sadg_rho0p05,9,9,19,19,new_training,4,0,52,0.1208179946988821,0.12035671373208363,0.009110406739637256,5.762761967768408e-06,5.220371387319271e-06,0.0014977396155397098,0.002967020011662195,0.002103577154533317,5.423905378165728e-07,0.00027490934735396877,0.0001405191263377977,0.001269620581297204,0.0,0.0,0.0,0.0,0.0,0.0,0.0,0.0,0.10845750073591869,0.18321344132224718,0.05000000000000001,12,179|180|23|126,46,all_filtered,9,True,D:\Running_Place\PostGraduateProjects\Experiments\PostGraduate\backbones\SpaceFrequencyModulation\Seg-SADG\BaryRadGateLowDimSpatial\a0p08\rho0p5\gb8\sadg0p05\shot4\Seed0,D:\Running_Place\PostGraduateProjects\Experiments\PostGraduate\backbones\Prompts\SpaceFrequencyModulation\Seg-SADG\BaryRadGateLowDimSpatial\a0p08\rho0p5\gb8\sadg0p05\shot4\Seed0
Seg-SADG,Seg-SADG,Seg-SADG,LF-Barycenter-RadialGate-LowDimSpatialMask,fixed,cosine,lowdim,radial,8,1.0,0.4500560462474823,0.5678725242614746,0.49143171310424805,0.45062715|0.56787252|0.53414065|0.47759601|0.49322203|0.45005605|0.47911501|0.47882447,14.939190864562988,0.020206792280077934,0.9825174808502197,0.8512552380561829,0.10403028130531311,0.08,0.5,0.05,0.05,0.5,0.0001,0.001,0.001,0.0,0.0,1e-06,15.0,5.0,40.0,0.02,0.98,0.001,0.001,0.0001,0.01,0.001,0.5,style_rho0p5,sadg_rho0p05,9,9,19,19,new_training,4,0,53,0.12332906077305476,0.12284274585545063,0.009610445704311132,5.794365809682252e-06,5.252488942157167e-06,0.0015096010077589501,0.0029889297438785434,0.0021125987987034023,5.418768106816666e-07,0.0002745404902573985,0.00014038177566059554,0.0012695452411814283,0.0,0.0,0.0,0.0,0.0,0.0,0.0,0.0,0.10984430772562821,0.20840639310578504,0.05000000000000001,12,179|180|23|126,46,all_filtered,9,True,D:\Running_Place\PostGraduateProjects\Experiments\PostGraduate\backbones\SpaceFrequencyModulation\Seg-SADG\BaryRadGateLowDimSpatial\a0p08\rho0p5\gb8\sadg0p05\shot4\Seed0,D:\Running_Place\PostGraduateProjects\Experiments\PostGraduate\backbones\Prompts\SpaceFrequencyModulation\Seg-SADG\BaryRadGateLowDimSpatial\a0p08\rho0p5\gb8\sadg0p05\shot4\Seed0
Seg-SADG,Seg-SADG,Seg-SADG,LF-Barycenter-RadialGate-LowDimSpatialMask,fixed,cosine,lowdim,radial,8,1.0,0.44968053698539734,0.5682801008224487,0.4913938343524933,0.45086673|0.5682801|0.53408498|0.47749308|0.4933888|0.44968054|0.47857118|0.4787851,14.931245803833008,0.020224984735250473,0.9825552105903625,0.8513527512550354,0.10400307178497314,0.08,0.5,0.05,0.05,0.5,0.0001,0.001,0.001,0.0,0.0,1e-06,15.0,5.0,40.0,0.02,0.98,0.001,0.001,0.0001,0.01,0.001,0.5,style_rho0p5,sadg_rho0p05,9,9,19,19,new_training,4,0,54,0.11694427765905857,0.11652086054285367,0.008351766310321787,5.829658183150362e-06,5.2899087753151735e-06,0.0015226509713102132,0.0030141192061516144,0.002123524279644092,5.397494362568978e-07,0.00027352482720743865,0.0001392487065459136,0.0012697588729982574,0.0,0.0,0.0,0.0,0.0,0.0,0.0,0.0,0.1058876533061266,0.16920787778993449,0.05000000000000001,12,179|180|23|126,46,all_filtered,9,True,D:\Running_Place\PostGraduateProjects\Experiments\PostGraduate\backbones\SpaceFrequencyModulation\Seg-SADG\BaryRadGateLowDimSpatial\a0p08\rho0p5\gb8\sadg0p05\shot4\Seed0,D:\Running_Place\PostGraduateProjects\Experiments\PostGraduate\backbones\Prompts\SpaceFrequencyModulation\Seg-SADG\BaryRadGateLowDimSpatial\a0p08\rho0p5\gb8\sadg0p05\shot4\Seed0
Seg-SADG,Seg-SADG,Seg-SADG,LF-Barycenter-RadialGate-LowDimSpatialMask,fixed,cosine,lowdim,radial,8,1.0,0.44954004883766174,0.568415105342865,0.49136826395988464,0.4509657|0.56841511|0.53399593|0.47747177|0.49367705|0.44954005|0.47793287|0.47894758,14.930347442626953,0.02023332193493843,0.982573390007019,0.8513767719268799,0.10399888455867767,0.08,0.5,0.05,0.05,0.5,0.0001,0.001,0.001,0.0,0.0,1e-06,15.0,5.0,40.0,0.02,0.98,0.001,0.001,0.0001,0.01,0.001,0.5,style_rho0p5,sadg_rho0p05,9,9,19,19,new_training,4,0,55,0.11180701355139415,0.1113959476351738,0.008104520733468235,5.837975625884913e-06,5.300556153997604e-06,0.0015314939664676785,0.0030237437264683345,0.002123662813877066,5.37419471887309e-07,0.0002727691608015448,0.00013762269372818992,0.0012702759607539822,0.0,0.0,0.0,0.0,0.0,0.0,0.0,0.0,0.10153557794789474,0.15743105361859003,0.05000000000000001,12,179|180|23|126,46,all_filtered,9,True,D:\Running_Place\PostGraduateProjects\Experiments\PostGraduate\backbones\SpaceFrequencyModulation\Seg-SADG\BaryRadGateLowDimSpatial\a0p08\rho0p5\gb8\sadg0p05\shot4\Seed0,D:\Running_Place\PostGraduateProjects\Experiments\PostGraduate\backbones\Prompts\SpaceFrequencyModulation\Seg-SADG\BaryRadGateLowDimSpatial\a0p08\rho0p5\gb8\sadg0p05\shot4\Seed0
Seg-SADG,Seg-SADG,Seg-SADG,LF-Barycenter-RadialGate-LowDimSpatialMask,fixed,cosine,lowdim,radial,8,1.0,0.4496217966079712,0.5683233737945557,0.4912731349468231,0.45129031|0.56832337|0.53362656|0.4772864|0.49395812|0.4496218|0.4773412|0.47873732,14.924243927001953,0.020236559212207794,0.9825794100761414,0.8514301776885986,0.10397983342409134,0.08,0.5,0.05,0.05,0.5,0.0001,0.001,0.001,0.0,0.0,1e-06,15.0,5.0,40.0,0.02,0.98,0.001,0.001,0.0001,0.01,0.001,0.5,style_rho0p5,sadg_rho0p05,9,9,19,19,new_training,4,0,56,0.11220389915009339,0.11184017981092136,0.007157823924596111,5.829153603068941e-06,5.2925693883783724e-06,0.001531593860515083,0.0030225217536402247,0.0021168880630284548,5.365842194275198e-07,0.000272544066926154,0.000136990426350773,0.001270497120761623,0.0,0.0,0.0,0.0,0.0,0.0,0.0,0.0,0.1010562094549338,0.1694711266706387,0.05000000000000001,12,179|180|23|126,46,all_filtered,9,True,D:\Running_Place\PostGraduateProjects\Experiments\PostGraduate\backbones\SpaceFrequencyModulation\Seg-SADG\BaryRadGateLowDimSpatial\a0p08\rho0p5\gb8\sadg0p05\shot4\Seed0,D:\Running_Place\PostGraduateProjects\Experiments\PostGraduate\backbones\Prompts\SpaceFrequencyModulation\Seg-SADG\BaryRadGateLowDimSpatial\a0p08\rho0p5\gb8\sadg0p05\shot4\Seed0
Seg-SADG,Seg-SADG,Seg-SADG,LF-Barycenter-RadialGate-LowDimSpatialMask,fixed,cosine,lowdim,radial,8,1.0,0.44961175322532654,0.5686932802200317,0.49125200510025024,0.45163354|0.56869328|0.53363407|0.47712949|0.49431565|0.44961175|0.47681034|0.47818795,14.922496795654297,0.02024669758975506,0.9826264381408691,0.8514859080314636,0.10397196561098099,0.08,0.5,0.05,0.05,0.5,0.0001,0.001,0.001,0.0,0.0,1e-06,15.0,5.0,40.0,0.02,0.98,0.001,0.001,0.0001,0.01,0.001,0.5,style_rho0p5,sadg_rho0p05,9,9,19,19,new_training,4,0,57,0.11625877271095912,0.11576992459595203,0.009660791489295661,5.806569750651154e-06,5.272153240791037e-06,0.0015319619075550388,0.003014755668118596,0.0021042012764761844,5.34416471964505e-07,0.0002719106729879665,0.00013539920958767956,0.0012710658193100244,0.0,0.0,0.0,0.0,0.0,0.0,0.0,0.0,0.10205415822565556,0.20828178400794664,0.05000000000000001,12,179|180|23|126,46,all_filtered,9,True,D:\Running_Place\PostGraduateProjects\Experiments\PostGraduate\backbones\SpaceFrequencyModulation\Seg-SADG\BaryRadGateLowDimSpatial\a0p08\rho0p5\gb8\sadg0p05\shot4\Seed0,D:\Running_Place\PostGraduateProjects\Experiments\PostGraduate\backbones\Prompts\SpaceFrequencyModulation\Seg-SADG\BaryRadGateLowDimSpatial\a0p08\rho0p5\gb8\sadg0p05\shot4\Seed0
Seg-SADG,Seg-SADG,Seg-SADG,LF-Barycenter-RadialGate-LowDimSpatialMask,fixed,cosine,lowdim,radial,8,1.0,0.44961363077163696,0.5687221884727478,0.49114564061164856,0.45156911|0.56872219|0.53380823|0.47695389|0.49451917|0.44961363|0.47591233|0.47806638,14.908147811889648,0.020264942198991776,0.9826362729072571,0.8516098856925964,0.10392609238624573,0.08,0.5,0.05,0.05,0.5,0.0001,0.001,0.001,0.0,0.0,1e-06,15.0,5.0,40.0,0.02,0.98,0.001,0.001,0.0001,0.01,0.001,0.5,style_rho0p5,sadg_rho0p05,9,9,19,19,new_training,4,0,58,0.11084359387556712,0.11042829478780429,0.008189598059592148,5.817457766473429e-06,5.285379681178408e-06,0.0015413705938650917,0.003025905656007429,0.0021053365780971944,5.320780900319733e-07,0.00027134999497017515,0.000133555434634521,0.0012717264277550082,0.0,0.0,0.0,0.0,0.0,0.0,0.0,0.0,0.10015551311274369,0.16425585250059763,0.05000000000000001,12,179|180|23|126,46,all_filtered,9,True,D:\Running_Place\PostGraduateProjects\Experiments\PostGraduate\backbones\SpaceFrequencyModulation\Seg-SADG\BaryRadGateLowDimSpatial\a0p08\rho0p5\gb8\sadg0p05\shot4\Seed0,D:\Running_Place\PostGraduateProjects\Experiments\PostGraduate\backbones\Prompts\SpaceFrequencyModulation\Seg-SADG\BaryRadGateLowDimSpatial\a0p08\rho0p5\gb8\sadg0p05\shot4\Seed0
Seg-SADG,Seg-SADG,Seg-SADG,LF-Barycenter-RadialGate-LowDimSpatialMask,fixed,cosine,lowdim,radial,8,1.0,0.4493633508682251,0.569118320941925,0.49119412899017334,0.45166031|0.56911832|0.53378183|0.47714153|0.49483103|0.44936335|0.47523788|0.47841877,14.903098106384277,0.020286016166210175,0.9826765060424805,0.851686954498291,0.10390723496675491,0.08,0.5,0.05,0.05,0.5,0.0001,0.001,0.001,0.0,0.0,1e-06,15.0,5.0,40.0,0.02,0.98,0.001,0.001,0.0001,0.01,0.001,0.5,style_rho0p5,sadg_rho0p05,9,9,19,19,new_training,4,0,59,0.10962977508703868,0.10917775332927704,0.008923770782227317,5.833268915012013e-06,5.30374484242202e-06,0.0015518983418587595,0.0030382194090634584,0.002110335413211336,5.295241294334119e-07,0.00027101185454133275,0.00013124794107473767,0.0012726432178169489,0.0,0.0,0.0,0.0,0.0,0.0,0.0,0.0,0.09792818501591682,0.17541919276118279,0.05000000000000001,12,179|180|23|126,46,all_filtered,9,True,D:\Running_Place\PostGraduateProjects\Experiments\PostGraduate\backbones\SpaceFrequencyModulation\Seg-SADG\BaryRadGateLowDimSpatial\a0p08\rho0p5\gb8\sadg0p05\shot4\Seed0,D:\Running_Place\PostGraduateProjects\Experiments\PostGraduate\backbones\Prompts\SpaceFrequencyModulation\Seg-SADG\BaryRadGateLowDimSpatial\a0p08\rho0p5\gb8\sadg0p05\shot4\Seed0
Seg-SADG,Seg-SADG,Seg-SADG,LF-Barycenter-RadialGate-LowDimSpatialMask,fixed,cosine,lowdim,radial,8,1.0,0.44930052757263184,0.569506824016571,0.49121034145355225,0.45193052|0.56950682|0.53371555|0.47710946|0.49493012|0.44930053|0.474635|0.47855479,14.899285316467285,0.020285144448280334,0.9827119708061218,0.851747453212738,0.10389458388090134,0.08,0.5,0.05,0.05,0.5,0.0001,0.001,0.001,0.0,0.0,1e-06,15.0,5.0,40.0,0.02,0.98,0.001,0.001,0.0001,0.01,0.001,0.5,style_rho0p5,sadg_rho0p05,9,9,19,19,new_training,4,0,60,0.10778759233653545,0.10739902717371781,0.007654479471966624,5.842275034713869e-06,5.315495779238215e-06,0.001558301077845196,0.003047365869861096,0.0021122995337160924,5.267792460017517e-07,0.00027000924698465195,0.00012945228445460089,0.001273176943262418,0.0,0.0,0.0,0.0,0.0,0.0,0.0,0.0,0.09645455392698447,0.17462501488626003,0.05000000000000001,12,179|180|23|126,46,all_filtered,9,True,D:\Running_Place\PostGraduateProjects\Experiments\PostGraduate\backbones\SpaceFrequencyModulation\Seg-SADG\BaryRadGateLowDimSpatial\a0p08\rho0p5\gb8\sadg0p05\shot4\Seed0,D:\Running_Place\PostGraduateProjects\Experiments\PostGraduate\backbones\Prompts\SpaceFrequencyModulation\Seg-SADG\BaryRadGateLowDimSpatial\a0p08\rho0p5\gb8\sadg0p05\shot4\Seed0
Seg-SADG,Seg-SADG,Seg-SADG,LF-Barycenter-RadialGate-LowDimSpatialMask,fixed,cosine,lowdim,radial,8,1.0,0.44919121265411377,0.5695382356643677,0.4911441206932068,0.4520452|0.56953824|0.53366894|0.47717419|0.49520159|0.44919121|0.47424978|0.47808382,14.911186218261719,0.020275386050343513,0.9827260375022888,0.8516649007797241,0.10393141955137253,0.08,0.5,0.05,0.05,0.5,0.0001,0.001,0.001,0.0,0.0,1e-06,15.0,5.0,40.0,0.02,0.98,0.001,0.001,0.0001,0.01,0.001,0.5,style_rho0p5,sadg_rho0p05,9,9,19,19,new_training,4,0,61,0.10639907730122407,0.10602291797598203,0.0074062840625022846,5.845474220222968e-06,5.318875840506128e-06,0.0015637353935744613,0.0030505459678048887,0.002111956108516703,5.265984081385492e-07,0.00026916605565929785,0.00013016470499375524,0.0012726763476772855,0.0,0.0,0.0,0.0,0.0,0.0,0.0,0.0,0.09482043919463952,0.1698009048899015,0.05000000000000001,12,179|180|23|126,46,all_filtered,9,True,D:\Running_Place\PostGraduateProjects\Experiments\PostGraduate\backbones\SpaceFrequencyModulation\Seg-SADG\BaryRadGateLowDimSpatial\a0p08\rho0p5\gb8\sadg0p05\shot4\Seed0,D:\Running_Place\PostGraduateProjects\Experiments\PostGraduate\backbones\Prompts\SpaceFrequencyModulation\Seg-SADG\BaryRadGateLowDimSpatial\a0p08\rho0p5\gb8\sadg0p05\shot4\Seed0
Seg-SADG,Seg-SADG,Seg-SADG,LF-Barycenter-RadialGate-LowDimSpatialMask,fixed,cosine,lowdim,radial,8,1.0,0.44903847575187683,0.5696200728416443,0.49098533391952515,0.45221987|0.56962007|0.53364313|0.47675711|0.49565208|0.44903848|0.47356591|0.4773857,14.910225868225098,0.020282400771975517,0.9827421307563782,0.8516873717308044,0.10392726212739944,0.08,0.5,0.05,0.05,0.5,0.0001,0.001,0.001,0.0,0.0,1e-06,15.0,5.0,40.0,0.02,0.98,0.001,0.001,0.0001,0.01,0.001,0.5,style_rho0p5,sadg_rho0p05,9,9,19,19,new_training,4,0,62,0.10444209973017375,0.1040823683142662,0.007077584392391145,5.851855538215507e-06,5.3252358232687884e-06,0.0015727529244031757,0.003058867975293348,0.002109092311002314,5.266196723141547e-07,0.0002687893381031851,0.0001305933862264889,0.0012723693119672437,0.0,0.0,0.0,0.0,0.0,0.0,0.0,0.0,0.09335741090277831,0.16889293864369392,0.05000000000000001,12,179|180|23|126,46,all_filtered,9,True,D:\Running_Place\PostGraduateProjects\Experiments\PostGraduate\backbones\SpaceFrequencyModulation\Seg-SADG\BaryRadGateLowDimSpatial\a0p08\rho0p5\gb8\sadg0p05\shot4\Seed0,D:\Running_Place\PostGraduateProjects\Experiments\PostGraduate\backbones\Prompts\SpaceFrequencyModulation\Seg-SADG\BaryRadGateLowDimSpatial\a0p08\rho0p5\gb8\sadg0p05\shot4\Seed0
Seg-SADG,Seg-SADG,Seg-SADG,LF-Barycenter-RadialGate-LowDimSpatialMask,fixed,cosine,lowdim,radial,8,1.0,0.4491604268550873,0.5696994066238403,0.4910613000392914,0.45254901|0.56969941|0.53378838|0.47694322|0.49621946|0.44916043|0.47310129|0.47702929,14.91166877746582,0.020284408703446388,0.9827812910079956,0.8517100811004639,0.10393019765615463,0.08,0.5,0.05,0.05,0.5,0.0001,0.001,0.001,0.0,0.0,1e-06,15.0,5.0,40.0,0.02,0.98,0.001,0.001,0.0001,0.01,0.001,0.5,style_rho0p5,sadg_rho0p05,9,9,19,19,new_training,4,0,63,0.10366174144049485,0.103262214610974,0.00787346891593188,5.854199609226877e-06,5.32918666825329e-06,0.0015796167814793687,0.0030659939511679113,0.002105230853582422,5.25012926762732e-07,0.0002679046932219838,0.00012986210640519857,0.0012724610763446738,0.0,0.0,0.0,0.0,0.0,0.0,0.0,0.0,0.09242514334619045,0.16635211308797201,0.05000000000000001,12,179|180|23|126,46,all_filtered,9,True,D:\Running_Place\PostGraduateProjects\Experiments\PostGraduate\backbones\SpaceFrequencyModulation\Seg-SADG\BaryRadGateLowDimSpatial\a0p08\rho0p5\gb8\sadg0p05\shot4\Seed0,D:\Running_Place\PostGraduateProjects\Experiments\PostGraduate\backbones\Prompts\SpaceFrequencyModulation\Seg-SADG\BaryRadGateLowDimSpatial\a0p08\rho0p5\gb8\sadg0p05\shot4\Seed0
Seg-SADG,Seg-SADG,Seg-SADG,LF-Barycenter-RadialGate-LowDimSpatialMask,fixed,cosine,lowdim,radial,8,1.0,0.44936177134513855,0.5696685910224915,0.491057813167572,0.45281225|0.56966859|0.53383988|0.47690532|0.49652988|0.44936177|0.47264749|0.4766973,14.91419792175293,0.020284555852413177,0.9828007817268372,0.851706862449646,0.10393726825714111,0.08,0.5,0.05,0.05,0.5,0.0001,0.001,0.001,0.0,0.0,1e-06,15.0,5.0,40.0,0.02,0.98,0.001,0.001,0.0001,0.01,0.001,0.5,style_rho0p5,sadg_rho0p05,9,9,19,19,new_training,4,0,64,0.10093204242487748,0.10058487641314666,0.0068267810468872385,5.826881344243399e-06,5.302456884237472e-06,0.0015778838909075905,0.0030534740653820336,0.0020911942701786757,5.244244363211692e-07,0.0002672106832809125,0.0001299904712747472,0.0012722326791845262,0.0,0.0,0.0,0.0,0.0,0.0,0.0,0.0,0.09086340479552746,0.15592016528050104,0.05000000000000001,12,179|180|23|126,46,all_filtered,9,True,D:\Running_Place\PostGraduateProjects\Experiments\PostGraduate\backbones\SpaceFrequencyModulation\Seg-SADG\BaryRadGateLowDimSpatial\a0p08\rho0p5\gb8\sadg0p05\shot4\Seed0,D:\Running_Place\PostGraduateProjects\Experiments\PostGraduate\backbones\Prompts\SpaceFrequencyModulation\Seg-SADG\BaryRadGateLowDimSpatial\a0p08\rho0p5\gb8\sadg0p05\shot4\Seed0
Seg-SADG,Seg-SADG,Seg-SADG,LF-Barycenter-RadialGate-LowDimSpatialMask,fixed,cosine,lowdim,radial,8,1.0,0.449257493019104,0.5696378350257874,0.4910619258880615,0.4529072|0.56963784|0.53353047|0.47720787|0.49685183|0.44925749|0.47247273|0.47662979,14.915624618530273,0.020308278501033783,0.9828116297721863,0.8517084121704102,0.1039387658238411,0.08,0.5,0.05,0.05,0.5,0.0001,0.001,0.001,0.0,0.0,1e-06,15.0,5.0,40.0,0.02,0.98,0.001,0.001,0.0001,0.01,0.001,0.5,style_rho0p5,sadg_rho0p05,9,9,19,19,new_training,4,0,65,0.10247014587124188,0.10207657205561797,0.007755228628714879,5.8132201274929685e-06,5.289346328633353e-06,0.001577312146158268,0.003047610225621611,0.0020840045957205198,5.238737751748582e-07,0.0002666358632268384,0.00013003636195207946,0.0012720153511812289,0.0,0.0,0.0,0.0,0.0,0.0,0.0,0.0,0.09045867746074994,0.17780974134802818,0.05000000000000001,12,179|180|23|126,46,all_filtered,9,True,D:\Running_Place\PostGraduateProjects\Experiments\PostGraduate\backbones\SpaceFrequencyModulation\Seg-SADG\BaryRadGateLowDimSpatial\a0p08\rho0p5\gb8\sadg0p05\shot4\Seed0,D:\Running_Place\PostGraduateProjects\Experiments\PostGraduate\backbones\Prompts\SpaceFrequencyModulation\Seg-SADG\BaryRadGateLowDimSpatial\a0p08\rho0p5\gb8\sadg0p05\shot4\Seed0
Seg-SADG,Seg-SADG,Seg-SADG,LF-Barycenter-RadialGate-LowDimSpatialMask,fixed,cosine,lowdim,radial,8,1.0,0.4490685760974884,0.5698323249816895,0.49103665351867676,0.45295778|0.56983232|0.53325266|0.47690499|0.49695539|0.44906858|0.47273976|0.47658202,14.9158353805542,0.02032879739999771,0.9828214645385742,0.8517179489135742,0.10393694788217545,0.08,0.5,0.05,0.05,0.5,0.0001,0.001,0.001,0.0,0.0,1e-06,15.0,5.0,40.0,0.02,0.98,0.001,0.001,0.0001,0.01,0.001,0.5,style_rho0p5,sadg_rho0p05,9,9,19,19,new_training,4,0,66,0.10027943427364032,0.09991108253598213,0.0072507189664368825,5.8179393818136305e-06,5.294555042686018e-06,0.0015759568680853893,0.003051929137048622,0.0020850299818751714,5.233842633363869e-07,0.00026652372859340784,0.0001296572324160176,0.0012720328619858872,0.0,0.0,0.0,0.0,0.0,0.0,0.0,0.0,0.08959695200125377,0.1599520749102036,0.05000000000000001,12,179|180|23|126,46,all_filtered,9,True,D:\Running_Place\PostGraduateProjects\Experiments\PostGraduate\backbones\SpaceFrequencyModulation\Seg-SADG\BaryRadGateLowDimSpatial\a0p08\rho0p5\gb8\sadg0p05\shot4\Seed0,D:\Running_Place\PostGraduateProjects\Experiments\PostGraduate\backbones\Prompts\SpaceFrequencyModulation\Seg-SADG\BaryRadGateLowDimSpatial\a0p08\rho0p5\gb8\sadg0p05\shot4\Seed0
Seg-SADG,Seg-SADG,Seg-SADG,LF-Barycenter-RadialGate-LowDimSpatialMask,fixed,cosine,lowdim,radial,8,1.0,0.4489099681377411,0.5701133012771606,0.4909515976905823,0.45325765|0.5701133|0.53301144|0.47633192|0.49690369|0.44890997|0.47259337|0.47649127,14.911953926086426,0.020341796800494194,0.9828386306762695,0.8517650961875916,0.10392322391271591,0.08,0.5,0.05,0.05,0.5,0.0001,0.001,0.001,0.0,0.0,1e-06,15.0,5.0,40.0,0.02,0.98,0.001,0.001,0.0001,0.01,0.001,0.5,style_rho0p5,sadg_rho0p05,9,9,19,19,new_training,4,0,67,0.09858227831621964,0.09822597727179527,0.007009079252990584,5.846025639281531e-06,5.323404934642895e-06,0.001579917356139049,0.0030721838702447712,0.0020932290935888886,5.226206856908296e-07,0.0002662650197938395,0.00012914231653364064,0.0012721334060188383,0.0,0.0,0.0,0.0,0.0,0.0,0.0,0.0,0.08818417911728223,0.16275417618453503,0.05000000000000001,12,179|180|23|126,46,all_filtered,9,True,D:\Running_Place\PostGraduateProjects\Experiments\PostGraduate\backbones\SpaceFrequencyModulation\Seg-SADG\BaryRadGateLowDimSpatial\a0p08\rho0p5\gb8\sadg0p05\shot4\Seed0,D:\Running_Place\PostGraduateProjects\Experiments\PostGraduate\backbones\Prompts\SpaceFrequencyModulation\Seg-SADG\BaryRadGateLowDimSpatial\a0p08\rho0p5\gb8\sadg0p05\shot4\Seed0
Seg-SADG,Seg-SADG,Seg-SADG,LF-Barycenter-RadialGate-LowDimSpatialMask,fixed,cosine,lowdim,radial,8,1.0,0.4488880932331085,0.5704283714294434,0.4909951388835907,0.45355967|0.57042837|0.53313649|0.47634777|0.49719131|0.44888809|0.47221348|0.4761959,14.91550350189209,0.020354485139250755,0.9828847646713257,0.8517786264419556,0.1039312332868576,0.08,0.5,0.05,0.05,0.5,0.0001,0.001,0.001,0.0,0.0,1e-06,15.0,5.0,40.0,0.02,0.98,0.001,0.001,0.0001,0.01,0.001,0.5,style_rho0p5,sadg_rho0p05,9,9,19,19,new_training,4,0,68,0.09738866053521633,0.09702277618149917,0.00720058917067945,5.856336163863792e-06,5.3352558021894465e-06,0.0015886025503277779,0.003082769748289138,0.002093625623577585,5.210804090438614e-07,0.0002655146042040239,0.00012834029257646762,0.0012722548466020573,0.0,0.0,0.0,0.0,0.0,0.0,0.0,0.0,0.0869370127717654,0.15749587615331015,0.05000000000000001,12,179|180|23|126,46,all_filtered,9,True,D:\Running_Place\PostGraduateProjects\Experiments\PostGraduate\backbones\SpaceFrequencyModulation\Seg-SADG\BaryRadGateLowDimSpatial\a0p08\rho0p5\gb8\sadg0p05\shot4\Seed0,D:\Running_Place\PostGraduateProjects\Experiments\PostGraduate\backbones\Prompts\SpaceFrequencyModulation\Seg-SADG\BaryRadGateLowDimSpatial\a0p08\rho0p5\gb8\sadg0p05\shot4\Seed0
Seg-SADG,Seg-SADG,Seg-SADG,LF-Barycenter-RadialGate-LowDimSpatialMask,fixed,cosine,lowdim,radial,8,1.0,0.4492039978504181,0.5707677006721497,0.4911036789417267,0.45389414|0.5707677|0.53328288|0.47644603|0.49721932|0.449204|0.47220263|0.47581279,14.91837215423584,0.02036094479262829,0.9829328060150146,0.8517987132072449,0.1039377748966217,0.08,0.5,0.05,0.05,0.5,0.0001,0.001,0.001,0.0,0.0,1e-06,15.0,5.0,40.0,0.02,0.98,0.001,0.001,0.0001,0.01,0.001,0.5,style_rho0p5,sadg_rho0p05,9,9,19,19,new_training,4,0,69,0.09216952075560887,0.0918390154838562,0.006493003049399704,5.856891713544125e-06,5.337713635829762e-06,0.0015931857924442738,0.003085963078774512,0.002092431668036928,5.191779971861857e-07,0.00026423381981051836,0.00012772629270330071,0.001272178740085413,0.0,0.0,0.0,0.0,0.0,0.0,0.0,0.0,0.08317628316581249,0.13339065139492354,0.05000000000000001,12,179|180|23|126,46,all_filtered,9,True,D:\Running_Place\PostGraduateProjects\Experiments\PostGraduate\backbones\SpaceFrequencyModulation\Seg-SADG\BaryRadGateLowDimSpatial\a0p08\rho0p5\gb8\sadg0p05\shot4\Seed0,D:\Running_Place\PostGraduateProjects\Experiments\PostGraduate\backbones\Prompts\SpaceFrequencyModulation\Seg-SADG\BaryRadGateLowDimSpatial\a0p08\rho0p5\gb8\sadg0p05\shot4\Seed0
Seg-SADG,Seg-SADG,Seg-SADG,LF-Barycenter-RadialGate-LowDimSpatialMask,fixed,cosine,lowdim,radial,8,1.0,0.44938355684280396,0.5710734128952026,0.49112850427627563,0.45437405|0.57107341|0.53321779|0.47653708|0.4975135|0.44938356|0.47188908|0.47503957,14.933552742004395,0.02037595771253109,0.9829798340797424,0.8517219424247742,0.10398082435131073,0.08,0.5,0.05,0.05,0.5,0.0001,0.001,0.001,0.0,0.0,1e-06,15.0,5.0,40.0,0.02,0.98,0.001,0.001,0.0001,0.01,0.001,0.5,style_rho0p5,sadg_rho0p05,9,9,19,19,new_training,4,0,70,0.09098668769001961,0.09065787494182587,0.006459450543237229,5.84176871143427e-06,5.32377074099107e-06,0.0015938706443800281,0.0030782402221423886,0.0020861431839875877,5.179979420214901e-07,0.00026288423396181315,0.0001279488775859742,0.0012716480899446954,0.0,0.0,0.0,0.0,0.0,0.0,0.0,0.0,0.0816965972383817,0.1381375684092442,0.05000000000000001,12,179|180|23|126,46,all_filtered,9,True,D:\Running_Place\PostGraduateProjects\Experiments\PostGraduate\backbones\SpaceFrequencyModulation\Seg-SADG\BaryRadGateLowDimSpatial\a0p08\rho0p5\gb8\sadg0p05\shot4\Seed0,D:\Running_Place\PostGraduateProjects\Experiments\PostGraduate\backbones\Prompts\SpaceFrequencyModulation\Seg-SADG\BaryRadGateLowDimSpatial\a0p08\rho0p5\gb8\sadg0p05\shot4\Seed0
Seg-SADG,Seg-SADG,Seg-SADG,LF-Barycenter-RadialGate-LowDimSpatialMask,fixed,cosine,lowdim,radial,8,1.0,0.44928479194641113,0.5711318254470825,0.4910130500793457,0.45438486|0.57113183|0.53308767|0.47611386|0.4975059|0.44928479|0.47149077|0.47510463,14.952049255371094,0.020364442840218544,0.9829812049865723,0.8515761494636536,0.10403808206319809,0.08,0.5,0.05,0.05,0.5,0.0001,0.001,0.001,0.0,0.0,1e-06,15.0,5.0,40.0,0.02,0.98,0.001,0.001,0.0001,0.01,0.001,0.5,style_rho0p5,sadg_rho0p05,9,9,19,19,new_training,4,0,71,0.09217609216769536,0.09185271027187507,0.006350752237873773,5.844947130147678e-06,5.3246362767822575e-06,0.00159963927580975,0.0030815807598022125,0.0020830912593131265,5.20310839154566e-07,0.0002621425349692193,0.00013118347366495678,0.001269848212056483,0.0,0.0,0.0,0.0,0.0,0.0,0.0,0.0,0.0813988707959652,0.15925133414566517,0.05000000000000001,12,179|180|23|126,46,all_filtered,9,True,D:\Running_Place\PostGraduateProjects\Experiments\PostGraduate\backbones\SpaceFrequencyModulation\Seg-SADG\BaryRadGateLowDimSpatial\a0p08\rho0p5\gb8\sadg0p05\shot4\Seed0,D:\Running_Place\PostGraduateProjects\Experiments\PostGraduate\backbones\Prompts\SpaceFrequencyModulation\Seg-SADG\BaryRadGateLowDimSpatial\a0p08\rho0p5\gb8\sadg0p05\shot4\Seed0
Seg-SADG,Seg-SADG,Seg-SADG,LF-Barycenter-RadialGate-LowDimSpatialMask,fixed,cosine,lowdim,radial,8,1.0,0.44922664761543274,0.5711542963981628,0.49099040031433105,0.4545505|0.5711543|0.53271687|0.4760116|0.49768111|0.44922665|0.47136146|0.47522053,14.953435897827148,0.02037087455391884,0.9829919934272766,0.8515757322311401,0.10404127836227417,0.08,0.5,0.05,0.05,0.5,0.0001,0.001,0.001,0.0,0.0,1e-06,15.0,5.0,40.0,0.02,0.98,0.001,0.001,0.0001,0.01,0.001,0.5,style_rho0p5,sadg_rho0p05,9,9,19,19,new_training,4,0,72,0.09116059355437756,0.0908402552207311,0.006289717159233987,5.852859620366265e-06,5.330848656133942e-06,0.001600960356881842,0.0030876673796835044,0.002083084953483194,5.22010912125855e-07,0.00026210373228726286,0.00013301221770234406,0.0012689493984604876,0.0,0.0,0.0,0.0,0.0,0.0,0.0,0.0,0.08167827501893044,0.14728259419401488,0.05000000000000001,12,179|180|23|126,46,all_filtered,9,True,D:\Running_Place\PostGraduateProjects\Experiments\PostGraduate\backbones\SpaceFrequencyModulation\Seg-SADG\BaryRadGateLowDimSpatial\a0p08\rho0p5\gb8\sadg0p05\shot4\Seed0,D:\Running_Place\PostGraduateProjects\Experiments\PostGraduate\backbones\Prompts\SpaceFrequencyModulation\Seg-SADG\BaryRadGateLowDimSpatial\a0p08\rho0p5\gb8\sadg0p05\shot4\Seed0
Seg-SADG,Seg-SADG,Seg-SADG,LF-Barycenter-RadialGate-LowDimSpatialMask,fixed,cosine,lowdim,radial,8,1.0,0.44920188188552856,0.5712855458259583,0.4909520149230957,0.45471078|0.57128555|0.53253955|0.47574204|0.49778658|0.44920188|0.47091207|0.47543767,14.947282791137695,0.020391352474689484,0.9830071330070496,0.8516398072242737,0.10401999205350876,0.08,0.5,0.05,0.05,0.5,0.0001,0.001,0.001,0.0,0.0,1e-06,15.0,5.0,40.0,0.02,0.98,0.001,0.001,0.0001,0.01,0.001,0.5,style_rho0p5,sadg_rho0p05,9,9,19,19,new_training,4,0,73,0.08888754931588967,0.0885592835644881,0.006448287284001708,5.85220171463637e-06,5.331472114752008e-06,0.0015996859098474185,0.0030899132640721896,0.0020815900643356144,5.207296140952167e-07,0.0002618382592724326,0.00013195878151843013,0.001269325449053819,0.0,0.0,0.0,0.0,0.0,0.0,0.0,0.0,0.07971966018279393,0.1383726168423891,0.05000000000000001,12,179|180|23|126,46,all_filtered,9,True,D:\Running_Place\PostGraduateProjects\Experiments\PostGraduate\backbones\SpaceFrequencyModulation\Seg-SADG\BaryRadGateLowDimSpatial\a0p08\rho0p5\gb8\sadg0p05\shot4\Seed0,D:\Running_Place\PostGraduateProjects\Experiments\PostGraduate\backbones\Prompts\SpaceFrequencyModulation\Seg-SADG\BaryRadGateLowDimSpatial\a0p08\rho0p5\gb8\sadg0p05\shot4\Seed0
Seg-SADG,Seg-SADG,Seg-SADG,LF-Barycenter-RadialGate-LowDimSpatialMask,fixed,cosine,lowdim,radial,8,1.0,0.4491046369075775,0.5712267160415649,0.4908260107040405,0.45512569|0.57122672|0.53234959|0.47560969|0.49780232|0.44910464|0.4702473|0.47514203,14.992231369018555,0.020383724942803383,0.9830193519592285,0.8512963056564331,0.1041562408208847,0.08,0.5,0.05,0.05,0.5,0.0001,0.001,0.001,0.0,0.0,1e-06,15.0,5.0,40.0,0.02,0.98,0.001,0.001,0.0001,0.01,0.001,0.5,style_rho0p5,sadg_rho0p05,9,9,19,19,new_training,4,0,74,0.08894986597200234,0.08865540536741416,0.005772286987242599,5.846225197577344e-06,5.322460121230203e-06,0.0016026600690868993,0.003088379045948386,0.0020738148014061153,5.237650763471416e-07,0.0002616370378139739,0.00013538367056753486,0.0012674435274675488,0.0,0.0,0.0,0.0,0.0,0.0,0.0,0.0,0.07908911692599456,0.14971061858038107,0.05000000000000001,12,179|180|23|126,46,all_filtered,9,True,D:\Running_Place\PostGraduateProjects\Experiments\PostGraduate\backbones\SpaceFrequencyModulation\Seg-SADG\BaryRadGateLowDimSpatial\a0p08\rho0p5\gb8\sadg0p05\shot4\Seed0,D:\Running_Place\PostGraduateProjects\Experiments\PostGraduate\backbones\Prompts\SpaceFrequencyModulation\Seg-SADG\BaryRadGateLowDimSpatial\a0p08\rho0p5\gb8\sadg0p05\shot4\Seed0
Seg-SADG,Seg-SADG,Seg-SADG,LF-Barycenter-RadialGate-LowDimSpatialMask,fixed,cosine,lowdim,radial,8,1.0,0.44916820526123047,0.5712779760360718,0.4905594289302826,0.45499954|0.57127798|0.53234714|0.47533423|0.49753758|0.44916821|0.46938005|0.47443068,15.005325317382812,0.020380355417728424,0.9830143451690674,0.8511888384819031,0.10419617593288422,0.08,0.5,0.05,0.05,0.5,0.0001,0.001,0.001,0.0,0.0,1e-06,15.0,5.0,40.0,0.02,0.98,0.001,0.001,0.0001,0.01,0.001,0.5,style_rho0p5,sadg_rho0p05,9,9,19,19,new_training,4,0,75,0.08771669430037339,0.08741006317238013,0.006016048913200696,5.829097290188656e-06,5.29960997634286e-06,0.001609460780552278,0.003076349753731241,0.002062313879529635,5.294872901610385e-07,0.0002623449545353651,0.00014065267290182723,0.0012648964184336364,0.0,0.0,0.0,0.0,0.0,0.0,0.0,0.0,0.07766360479096572,0.14473266961673895,0.05000000000000001,12,179|180|23|126,46,all_filtered,9,True,D:\Running_Place\PostGraduateProjects\Experiments\PostGraduate\backbones\SpaceFrequencyModulation\Seg-SADG\BaryRadGateLowDimSpatial\a0p08\rho0p5\gb8\sadg0p05\shot4\Seed0,D:\Running_Place\PostGraduateProjects\Experiments\PostGraduate\backbones\Prompts\SpaceFrequencyModulation\Seg-SADG\BaryRadGateLowDimSpatial\a0p08\rho0p5\gb8\sadg0p05\shot4\Seed0
Seg-SADG,Seg-SADG,Seg-SADG,LF-Barycenter-RadialGate-LowDimSpatialMask,fixed,cosine,lowdim,radial,8,1.0,0.44935327768325806,0.5714083909988403,0.49046090245246887,0.45511141|0.57140839|0.53250575|0.47503489|0.49735546|0.44935328|0.46903476|0.47388327,15.006325721740723,0.0203842855989933,0.9830304980278015,0.8511955142021179,0.10419827699661255,0.08,0.5,0.05,0.05,0.5,0.0001,0.001,0.001,0.0,0.0,1e-06,15.0,5.0,40.0,0.02,0.98,0.001,0.001,0.0001,0.01,0.001,0.5,style_rho0p5,sadg_rho0p05,9,9,19,19,new_training,4,0,76,0.08654719653228919,0.08623680596550305,0.0060911732143722475,5.832766760249797e-06,5.301757407020584e-06,0.001621931044307227,0.0030773233350676796,0.0020622407707075277,5.310093200705523e-07,0.00026254279994949076,0.0001420467706338968,0.0012641972086081903,0.0,0.0,0.0,0.0,0.0,0.0,0.0,0.0,0.07696613234778245,0.13931925656894842,0.05000000000000001,12,179|180|23|126,46,all_filtered,9,True,D:\Running_Place\PostGraduateProjects\Experiments\PostGraduate\backbones\SpaceFrequencyModulation\Seg-SADG\BaryRadGateLowDimSpatial\a0p08\rho0p5\gb8\sadg0p05\shot4\Seed0,D:\Running_Place\PostGraduateProjects\Experiments\PostGraduate\backbones\Prompts\SpaceFrequencyModulation\Seg-SADG\BaryRadGateLowDimSpatial\a0p08\rho0p5\gb8\sadg0p05\shot4\Seed0
Seg-SADG,Seg-SADG,Seg-SADG,LF-Barycenter-RadialGate-LowDimSpatialMask,fixed,cosine,lowdim,radial,8,1.0,0.4494531452655792,0.5714589953422546,0.4904021918773651,0.45527926|0.571459|0.53273779|0.47511092|0.49732891|0.44945315|0.46865082|0.47319773,15.0,0.020411517471075058,0.9830519556999207,0.8512675166130066,0.10417569428682327,0.08,0.5,0.05,0.05,0.5,0.0001,0.001,0.001,0.0,0.0,1e-06,15.0,5.0,40.0,0.02,0.98,0.001,0.001,0.0001,0.01,0.001,0.5,style_rho0p5,sadg_rho0p05,9,9,19,19,new_training,4,0,77,0.0856750092158715,0.08536579956610997,0.006067633085573713,5.829262894015604e-06,5.300037438852693e-06,0.001628745279352491,0.0030772407966045043,0.002059921796899289,5.292255404280392e-07,0.0002619248043629341,0.00014084445865591988,0.0012645625489919137,0.0,0.0,0.0,0.0,0.0,0.0,0.0,0.0,0.07624823848406474,0.14164653979241848,0.05000000000000001,12,179|180|23|126,46,all_filtered,9,True,D:\Running_Place\PostGraduateProjects\Experiments\PostGraduate\backbones\SpaceFrequencyModulation\Seg-SADG\BaryRadGateLowDimSpatial\a0p08\rho0p5\gb8\sadg0p05\shot4\Seed0,D:\Running_Place\PostGraduateProjects\Experiments\PostGraduate\backbones\Prompts\SpaceFrequencyModulation\Seg-SADG\BaryRadGateLowDimSpatial\a0p08\rho0p5\gb8\sadg0p05\shot4\Seed0
Seg-SADG,Seg-SADG,Seg-SADG,LF-Barycenter-RadialGate-LowDimSpatialMask,fixed,cosine,lowdim,radial,8,1.0,0.4494360089302063,0.5715605616569519,0.4903274178504944,0.45567977|0.57156056|0.53265691|0.47469717|0.49731201|0.44943601|0.46853471|0.47274235,14.990246772766113,0.02043883316218853,0.9830703139305115,0.8513635396957397,0.10414285212755203,0.08,0.5,0.05,0.05,0.5,0.0001,0.001,0.001,0.0,0.0,1e-06,15.0,5.0,40.0,0.02,0.98,0.001,0.001,0.0001,0.01,0.001,0.5,style_rho0p5,sadg_rho0p05,9,9,19,19,new_training,4,0,78,0.08671141664187114,0.08639739453792572,0.006164215369305263,5.811418986922945e-06,5.2846867599024945e-06,0.001635372299157704,0.003070669733763983,0.0020504796023791036,5.267322317574022e-07,0.0002612455524892236,0.00013896249462656365,0.0012652416965768982,0.0,0.0,0.0,0.0,0.0,0.0,0.0,0.0,0.07656111381947994,0.14976443660755953,0.05000000000000001,12,179|180|23|126,46,all_filtered,9,True,D:\Running_Place\PostGraduateProjects\Experiments\PostGraduate\backbones\SpaceFrequencyModulation\Seg-SADG\BaryRadGateLowDimSpatial\a0p08\rho0p5\gb8\sadg0p05\shot4\Seed0,D:\Running_Place\PostGraduateProjects\Experiments\PostGraduate\backbones\Prompts\SpaceFrequencyModulation\Seg-SADG\BaryRadGateLowDimSpatial\a0p08\rho0p5\gb8\sadg0p05\shot4\Seed0
Seg-SADG,Seg-SADG,Seg-SADG,LF-Barycenter-RadialGate-LowDimSpatialMask,fixed,cosine,lowdim,radial,8,1.0,0.44970324635505676,0.5717654228210449,0.4903808534145355,0.45585218|0.57176542|0.53289831|0.47460043|0.49739546|0.44970325|0.46834114|0.47249073,14.984514236450195,0.020448237657546997,0.9831012487411499,0.8514363765716553,0.10412359982728958,0.08,0.5,0.05,0.05,0.5,0.0001,0.001,0.001,0.0,0.0,1e-06,15.0,5.0,40.0,0.02,0.98,0.001,0.001,0.0001,0.01,0.001,0.5,style_rho0p5,sadg_rho0p05,9,9,19,19,new_training,4,0,79,0.08440718365212281,0.08409268284837405,0.0061739610973745584,5.804907004858251e-06,5.28119744558353e-06,0.0016366675845347345,0.003070802389023205,0.002046728138035784,5.237095403269146e-07,0.0002603174604397888,0.00013679101539310068,0.001266010580972458,0.0,0.0,0.0,0.0,0.0,0.0,0.0,0.0,0.07509999660154183,0.1377220923701922,0.05000000000000001,12,179|180|23|126,46,all_filtered,9,True,D:\Running_Place\PostGraduateProjects\Experiments\PostGraduate\backbones\SpaceFrequencyModulation\Seg-SADG\BaryRadGateLowDimSpatial\a0p08\rho0p5\gb8\sadg0p05\shot4\Seed0,D:\Running_Place\PostGraduateProjects\Experiments\PostGraduate\backbones\Prompts\SpaceFrequencyModulation\Seg-SADG\BaryRadGateLowDimSpatial\a0p08\rho0p5\gb8\sadg0p05\shot4\Seed0
Seg-SADG,Seg-SADG,Seg-SADG,LF-Barycenter-RadialGate-LowDimSpatialMask,fixed,cosine,lowdim,radial,8,1.0,0.4495820701122284,0.5719544887542725,0.4903067946434021,0.45598331|0.57195449|0.53308994|0.47443089|0.49725249|0.44958207|0.46805483|0.47210643,14.988884925842285,0.02043933980166912,0.9831204414367676,0.8514173626899719,0.10413713753223419,0.08,0.5,0.05,0.05,0.5,0.0001,0.001,0.001,0.0,0.0,1e-06,15.0,5.0,40.0,0.02,0.98,0.001,0.001,0.0001,0.01,0.001,0.5,style_rho0p5,sadg_rho0p05,9,9,19,19,new_training,4,0,80,0.08713746505479018,0.08681643878420194,0.006304374798977126,5.8075366193103646e-06,5.285047980881548e-06,0.0016452380805276334,0.0030748721522589526,0.002045651839580387,5.224886479027191e-07,0.00025970010513750214,0.0001361717537899191,0.0012661676931505401,0.0,0.0,0.0,0.0,0.0,0.0,0.0,0.0,0.07579686678946018,0.1682256975521644,0.05000000000000001,12,179|180|23|126,46,all_filtered,9,True,D:\Running_Place\PostGraduateProjects\Experiments\PostGraduate\backbones\SpaceFrequencyModulation\Seg-SADG\BaryRadGateLowDimSpatial\a0p08\rho0p5\gb8\sadg0p05\shot4\Seed0,D:\Running_Place\PostGraduateProjects\Experiments\PostGraduate\backbones\Prompts\SpaceFrequencyModulation\Seg-SADG\BaryRadGateLowDimSpatial\a0p08\rho0p5\gb8\sadg0p05\shot4\Seed0
Seg-SADG,Seg-SADG,Seg-SADG,LF-Barycenter-RadialGate-LowDimSpatialMask,fixed,cosine,lowdim,radial,8,1.0,0.4497440457344055,0.5719887018203735,0.4903486967086792,0.4562932|0.5719887|0.53317624|0.47462243|0.49712473|0.44974405|0.46808943|0.47175062,14.992751121520996,0.02045266702771187,0.9831447005271912,0.8514100909233093,0.10414661467075348,0.08,0.5,0.05,0.05,0.5,0.0001,0.001,0.001,0.0,0.0,1e-06,15.0,5.0,40.0,0.02,0.98,0.001,0.001,0.0001,0.01,0.001,0.5,style_rho0p5,sadg_rho0p05,9,9,19,19,new_training,4,0,81,0.08325353947778542,0.08296596134702365,0.005635466077364981,5.805055934615666e-06,5.282448796606332e-06,0.0016522445948794484,0.0030742862727493048,0.0020429377909749746,5.226070811659156e-07,0.000259195949183777,0.00013684644242554592,0.0012656467054815341,0.0,0.0,0.0,0.0,0.0,0.0,0.0,0.0,0.07379681865374248,0.14121674497922262,0.05000000000000001,12,179|180|23|126,46,all_filtered,9,True,D:\Running_Place\PostGraduateProjects\Experiments\PostGraduate\backbones\SpaceFrequencyModulation\Seg-SADG\BaryRadGateLowDimSpatial\a0p08\rho0p5\gb8\sadg0p05\shot4\Seed0,D:\Running_Place\PostGraduateProjects\Experiments\PostGraduate\backbones\Prompts\SpaceFrequencyModulation\Seg-SADG\BaryRadGateLowDimSpatial\a0p08\rho0p5\gb8\sadg0p05\shot4\Seed0
Seg-SADG,Seg-SADG,Seg-SADG,LF-Barycenter-RadialGate-LowDimSpatialMask,fixed,cosine,lowdim,radial,8,1.0,0.4501662254333496,0.5718353390693665,0.49034440517425537,0.45648324|0.57183534|0.53334618|0.47489393|0.49713629|0.45016623|0.46771845|0.47117567,14.988720893859863,0.020459594205021858,0.9831608533859253,0.8514565229415894,0.1041332334280014,0.08,0.5,0.05,0.05,0.5,0.0001,0.001,0.001,0.0,0.0,1e-06,15.0,5.0,40.0,0.02,0.98,0.001,0.001,0.0001,0.01,0.001,0.5,style_rho0p5,sadg_rho0p05,9,9,19,19,new_training,4,0,82,0.08192119685312112,0.08164834852019946,0.005341745971236378,5.760006047239585e-06,5.238561660310855e-06,0.0016462776984553784,0.0030467910110019147,0.002027142657122264,5.214443537700694e-07,0.00025868761683038127,0.00013617904066146971,0.0012657767704998453,0.0,0.0,0.0,0.0,0.0,0.0,0.0,0.0,0.07263660989701748,0.1383834450195233,0.05000000000000001,12,179|180|23|126,46,all_filtered,9,True,D:\Running_Place\PostGraduateProjects\Experiments\PostGraduate\backbones\SpaceFrequencyModulation\Seg-SADG\BaryRadGateLowDimSpatial\a0p08\rho0p5\gb8\sadg0p05\shot4\Seed0,D:\Running_Place\PostGraduateProjects\Experiments\PostGraduate\backbones\Prompts\SpaceFrequencyModulation\Seg-SADG\BaryRadGateLowDimSpatial\a0p08\rho0p5\gb8\sadg0p05\shot4\Seed0
Seg-SADG,Seg-SADG,Seg-SADG,LF-Barycenter-RadialGate-LowDimSpatialMask,fixed,cosine,lowdim,radial,8,1.0,0.45053690671920776,0.5718151330947876,0.49031078815460205,0.456743|0.57181513|0.53334063|0.47500449|0.49712822|0.45053691|0.46735576|0.47056195,14.980524063110352,0.02047905884683132,0.9831817746162415,0.8515416383743286,0.10410579293966293,0.08,0.5,0.05,0.05,0.5,0.0001,0.001,0.001,0.0,0.0,1e-06,15.0,5.0,40.0,0.02,0.98,0.001,0.001,0.0001,0.01,0.001,0.5,style_rho0p5,sadg_rho0p05,9,9,19,19,new_training,4,0,83,0.08249594581623872,0.08217314506570499,0.006341681427632769,5.715893697318582e-06,5.196559338097965e-06,0.0016450798915078242,0.0030216731635543206,0.0020103779388591647,5.19334416064036e-07,0.0002580758373369463,0.00013462120720456974,0.0012663735930497448,0.0,0.0,0.0,0.0,0.0,0.0,0.0,0.0,0.07211725103358428,0.15203576969603697,0.05000000000000001,12,179|180|23|126,46,all_filtered,9,True,D:\Running_Place\PostGraduateProjects\Experiments\PostGraduate\backbones\SpaceFrequencyModulation\Seg-SADG\BaryRadGateLowDimSpatial\a0p08\rho0p5\gb8\sadg0p05\shot4\Seed0,D:\Running_Place\PostGraduateProjects\Experiments\PostGraduate\backbones\Prompts\SpaceFrequencyModulation\Seg-SADG\BaryRadGateLowDimSpatial\a0p08\rho0p5\gb8\sadg0p05\shot4\Seed0
Seg-SADG,Seg-SADG,Seg-SADG,LF-Barycenter-RadialGate-LowDimSpatialMask,fixed,cosine,lowdim,radial,8,1.0,0.45064523816108704,0.5718653202056885,0.490255743265152,0.45671794|0.57186532|0.5335446|0.47510189|0.49746129|0.45064524|0.4669584|0.46975118,14.986189842224121,0.020477795973420143,0.983202338218689,0.8515145182609558,0.10412239283323288,0.08,0.5,0.05,0.05,0.5,0.0001,0.001,0.001,0.0,0.0,1e-06,15.0,5.0,40.0,0.02,0.98,0.001,0.001,0.0001,0.01,0.001,0.5,style_rho0p5,sadg_rho0p05,9,9,19,19,new_training,4,0,84,0.0796900074928999,0.07942810965081055,0.005123994099752356,5.700054998669657e-06,5.182100191329179e-06,0.0016483760943325858,0.0030133932596072555,0.0020038690612030527,5.179548120774294e-07,0.0002574033715063706,0.00013390265545846583,0.0012664878352855642,0.0,0.0,0.0,0.0,0.0,0.0,0.0,0.0,0.0707989086707433,0.134103882436951,0.05000000000000001,12,179|180|23|126,46,all_filtered,9,True,D:\Running_Place\PostGraduateProjects\Experiments\PostGraduate\backbones\SpaceFrequencyModulation\Seg-SADG\BaryRadGateLowDimSpatial\a0p08\rho0p5\gb8\sadg0p05\shot4\Seed0,D:\Running_Place\PostGraduateProjects\Experiments\PostGraduate\backbones\Prompts\SpaceFrequencyModulation\Seg-SADG\BaryRadGateLowDimSpatial\a0p08\rho0p5\gb8\sadg0p05\shot4\Seed0
Seg-SADG,Seg-SADG,Seg-SADG,LF-Barycenter-RadialGate-LowDimSpatialMask,fixed,cosine,lowdim,radial,8,1.0,0.45065125823020935,0.5719156265258789,0.4901798367500305,0.45675072|0.57191563|0.53387702|0.47507989|0.49758971|0.45065126|0.46651274|0.46906167,14.988213539123535,0.020472215488553047,0.9832219481468201,0.8515149354934692,0.10412846505641937,0.08,0.5,0.05,0.05,0.5,0.0001,0.001,0.001,0.0,0.0,1e-06,15.0,5.0,40.0,0.02,0.98,0.001,0.001,0.0001,0.01,0.001,0.5,style_rho0p5,sadg_rho0p05,9,9,19,19,new_training,4,0,85,0.07954111819465955,0.07925465206305186,0.0056150907184928656,5.711744430906644e-06,5.193468344562764e-06,0.001662183931330219,0.0030203957964355745,0.002006853853041927,5.182761337133949e-07,0.000257101727280921,0.00013456737967014001,0.001266070040098081,0.0,0.0,0.0,0.0,0.0,0.0,0.0,0.0,0.07012322110434373,0.13793024172385535,0.05000000000000001,12,179|180|23|126,46,all_filtered,9,True,D:\Running_Place\PostGraduateProjects\Experiments\PostGraduate\backbones\SpaceFrequencyModulation\Seg-SADG\BaryRadGateLowDimSpatial\a0p08\rho0p5\gb8\sadg0p05\shot4\Seed0,D:\Running_Place\PostGraduateProjects\Experiments\PostGraduate\backbones\Prompts\SpaceFrequencyModulation\Seg-SADG\BaryRadGateLowDimSpatial\a0p08\rho0p5\gb8\sadg0p05\shot4\Seed0
Seg-SADG,Seg-SADG,Seg-SADG,LF-Barycenter-RadialGate-LowDimSpatialMask,fixed,cosine,lowdim,radial,8,1.0,0.45044782757759094,0.5718513131141663,0.49012821912765503,0.45698735|0.57185131|0.53393257|0.47505528|0.49756142|0.45044783|0.46617797|0.4690119,14.986440658569336,0.020472317934036255,0.9832324981689453,0.8515380024909973,0.10412277281284332,0.08,0.5,0.05,0.05,0.5,0.0001,0.001,0.001,0.0,0.0,1e-06,15.0,5.0,40.0,0.02,0.98,0.001,0.001,0.0001,0.01,0.001,0.5,style_rho0p5,sadg_rho0p05,9,9,19,19,new_training,4,0,86,0.07851883334418137,0.07825414712230365,0.005179865440974633,5.693961801019516e-06,5.177051169387899e-06,0.0016668293877349545,0.0030128876096569,0.0019974804405743876,5.169106411055205e-07,0.0002565757022239268,0.0001336964645209567,0.0012663845457912732,0.0,0.0,0.0,0.0,0.0,0.0,0.0,0.0,0.0694086505100131,0.1390439427147309,0.05000000000000001,12,179|180|23|126,46,all_filtered,9,True,D:\Running_Place\PostGraduateProjects\Experiments\PostGraduate\backbones\SpaceFrequencyModulation\Seg-SADG\BaryRadGateLowDimSpatial\a0p08\rho0p5\gb8\sadg0p05\shot4\Seed0,D:\Running_Place\PostGraduateProjects\Experiments\PostGraduate\backbones\Prompts\SpaceFrequencyModulation\Seg-SADG\BaryRadGateLowDimSpatial\a0p08\rho0p5\gb8\sadg0p05\shot4\Seed0
Seg-SADG,Seg-SADG,Seg-SADG,LF-Barycenter-RadialGate-LowDimSpatialMask,fixed,cosine,lowdim,radial,8,1.0,0.45034438371658325,0.571685254573822,0.4900662302970886,0.45708975|0.57168525|0.53417194|0.47532415|0.49761885|0.45034438|0.46568704|0.46860862,14.981929779052734,0.0204800833016634,0.9832438826560974,0.8515843152999878,0.10410800576210022,0.08,0.5,0.05,0.05,0.5,0.0001,0.001,0.001,0.0,0.0,1e-06,15.0,5.0,40.0,0.02,0.98,0.001,0.001,0.0001,0.01,0.001,0.5,style_rho0p5,sadg_rho0p05,9,9,19,19,new_training,4,0,87,0.07850534158448379,0.07824035547673702,0.00518610995883743,5.6791215380750755e-06,5.163030512752205e-06,0.0016723124717827886,0.003006773069500923,0.0019890259912547967,5.160909826903056e-07,0.0002562583249527961,0.00013317925428661206,0.001266533926051731,0.0,0.0,0.0,0.0,0.0,0.0,0.0,0.0,0.06897925585508347,0.14418771117925644,0.05000000000000001,12,179|180|23|126,46,all_filtered,9,True,D:\Running_Place\PostGraduateProjects\Experiments\PostGraduate\backbones\SpaceFrequencyModulation\Seg-SADG\BaryRadGateLowDimSpatial\a0p08\rho0p5\gb8\sadg0p05\shot4\Seed0,D:\Running_Place\PostGraduateProjects\Experiments\PostGraduate\backbones\Prompts\SpaceFrequencyModulation\Seg-SADG\BaryRadGateLowDimSpatial\a0p08\rho0p5\gb8\sadg0p05\shot4\Seed0
Seg-SADG,Seg-SADG,Seg-SADG,LF-Barycenter-RadialGate-LowDimSpatialMask,fixed,cosine,lowdim,radial,8,1.0,0.45042335987091064,0.5716143250465393,0.4901013970375061,0.45700189|0.57161433|0.5341472|0.47556382|0.49783617|0.45042336|0.46567318|0.46855137,14.981040000915527,0.020483963191509247,0.98325115442276,0.8515981435775757,0.1041046753525734,0.08,0.5,0.05,0.05,0.5,0.0001,0.001,0.001,0.0,0.0,1e-06,15.0,5.0,40.0,0.02,0.98,0.001,0.001,0.0001,0.01,0.001,0.5,style_rho0p5,sadg_rho0p05,9,9,19,19,new_training,4,0,88,0.07792790047824383,0.07765033220251401,0.005438243989677479,5.655849842393461e-06,5.14071685605207e-06,0.0016725207678973675,0.002992879366502166,0.001980585240138074,5.151330289739539e-07,0.0002559816639404744,0.00013246947006943324,0.001266818813746795,0.0,0.0,0.0,0.0,0.0,0.0,0.0,0.0,0.06885521424313386,0.14026383683085442,0.05000000000000001,12,179|180|23|126,46,all_filtered,9,True,D:\Running_Place\PostGraduateProjects\Experiments\PostGraduate\backbones\SpaceFrequencyModulation\Seg-SADG\BaryRadGateLowDimSpatial\a0p08\rho0p5\gb8\sadg0p05\shot4\Seed0,D:\Running_Place\PostGraduateProjects\Experiments\PostGraduate\backbones\Prompts\SpaceFrequencyModulation\Seg-SADG\BaryRadGateLowDimSpatial\a0p08\rho0p5\gb8\sadg0p05\shot4\Seed0
Seg-SADG,Seg-SADG,Seg-SADG,LF-Barycenter-RadialGate-LowDimSpatialMask,fixed,cosine,lowdim,radial,8,1.0,0.450458824634552,0.5715276002883911,0.49006617069244385,0.45699069|0.5715276|0.53400576|0.47567454|0.49792475|0.45045882|0.46553606|0.46841118,14.976384162902832,0.02048538625240326,0.9832541346549988,0.8516373634338379,0.10409039258956909,0.08,0.5,0.05,0.05,0.5,0.0001,0.001,0.001,0.0,0.0,1e-06,15.0,5.0,40.0,0.02,0.98,0.001,0.001,0.0001,0.01,0.001,0.5,style_rho0p5,sadg_rho0p05,9,9,19,19,new_training,4,0,89,0.07698399759829044,0.0767102309813102,0.00536218462123846,5.657262704517052e-06,5.14288763042714e-06,0.0016712520737200975,0.002993640024214983,0.0019821220776066184,5.143750740899122e-07,0.0002557891421020031,0.00013187977068203813,0.0012670615105889738,0.0,0.0,0.0,0.0,0.0,0.0,0.0,0.0,0.06799081588784854,0.1336980126798153,0.05000000000000001,12,179|180|23|126,46,all_filtered,9,True,D:\Running_Place\PostGraduateProjects\Experiments\PostGraduate\backbones\SpaceFrequencyModulation\Seg-SADG\BaryRadGateLowDimSpatial\a0p08\rho0p5\gb8\sadg0p05\shot4\Seed0,D:\Running_Place\PostGraduateProjects\Experiments\PostGraduate\backbones\Prompts\SpaceFrequencyModulation\Seg-SADG\BaryRadGateLowDimSpatial\a0p08\rho0p5\gb8\sadg0p05\shot4\Seed0
Seg-SADG,Seg-SADG,Seg-SADG,LF-Barycenter-RadialGate-LowDimSpatialMask,fixed,cosine,lowdim,radial,8,1.0,0.4504462778568268,0.5714431405067444,0.49009057879447937,0.45700502|0.57144314|0.53413361|0.4760209|0.49783564|0.45044628|0.4652755|0.46856466,14.973852157592773,0.02048259787261486,0.9832635521888733,0.851665198802948,0.10408273339271545,0.08,0.5,0.05,0.05,0.5,0.0001,0.001,0.001,0.0,0.0,1e-06,15.0,5.0,40.0,0.02,0.98,0.001,0.001,0.0001,0.01,0.001,0.5,style_rho0p5,sadg_rho0p05,9,9,19,19,new_training,4,0,90,0.07538226308921973,0.07511373360951741,0.005257875697376828,5.6354762136834324e-06,5.121994073912599e-06,0.0016686422944379349,0.0029801446362398565,0.0019749849646662674,5.134820876643668e-07,0.00025559325392047566,0.0001311501425031262,0.001267386842907096,0.0,0.0,0.0,0.0,0.0,0.0,0.0,0.0,0.06618917267769575,0.13777828961610794,0.05000000000000001,12,179|180|23|126,46,all_filtered,9,True,D:\Running_Place\PostGraduateProjects\Experiments\PostGraduate\backbones\SpaceFrequencyModulation\Seg-SADG\BaryRadGateLowDimSpatial\a0p08\rho0p5\gb8\sadg0p05\shot4\Seed0,D:\Running_Place\PostGraduateProjects\Experiments\PostGraduate\backbones\Prompts\SpaceFrequencyModulation\Seg-SADG\BaryRadGateLowDimSpatial\a0p08\rho0p5\gb8\sadg0p05\shot4\Seed0
Seg-SADG,Seg-SADG,Seg-SADG,LF-Barycenter-RadialGate-LowDimSpatialMask,fixed,cosine,lowdim,radial,8,1.0,0.45030197501182556,0.5714274048805237,0.48998594284057617,0.4571273|0.5714274|0.53413248|0.47633293|0.49798599|0.45030198|0.46467549|0.467904,14.966519355773926,0.02048785611987114,0.9832773804664612,0.8517351746559143,0.10405957698822021,0.08,0.5,0.05,0.05,0.5,0.0001,0.001,0.001,0.0,0.0,1e-06,15.0,5.0,40.0,0.02,0.98,0.001,0.001,0.0001,0.01,0.001,0.5,style_rho0p5,sadg_rho0p05,9,9,19,19,new_training,4,0,91,0.07569728543361028,0.07543691185613473,0.0050951277565521496,5.615456302621169e-06,5.103796411276562e-06,0.0016718677458508562,0.0029688445113909743,0.001967764964016775,5.116598581859458e-07,0.0002551339493948035,0.00012972496309278844,0.0012680093253341813,0.0,0.0,0.0,0.0,0.0,0.0,0.0,0.0,0.0659857305387656,0.14376214581231275,0.05000000000000001,12,179|180|23|126,46,all_filtered,9,True,D:\Running_Place\PostGraduateProjects\Experiments\PostGraduate\backbones\SpaceFrequencyModulation\Seg-SADG\BaryRadGateLowDimSpatial\a0p08\rho0p5\gb8\sadg0p05\shot4\Seed0,D:\Running_Place\PostGraduateProjects\Experiments\PostGraduate\backbones\Prompts\SpaceFrequencyModulation\Seg-SADG\BaryRadGateLowDimSpatial\a0p08\rho0p5\gb8\sadg0p05\shot4\Seed0
Seg-SADG,Seg-SADG,Seg-SADG,LF-Barycenter-RadialGate-LowDimSpatialMask,fixed,cosine,lowdim,radial,8,1.0,0.45026084780693054,0.5714682936668396,0.4898589253425598,0.4572506|0.57146829|0.53406715|0.47651711|0.49806559|0.45026085|0.46419185|0.46704972,14.976217269897461,0.020491134375333786,0.9832910895347595,0.8516711592674255,0.10408812016248703,0.08,0.5,0.05,0.05,0.5,0.0001,0.001,0.001,0.0,0.0,1e-06,15.0,5.0,40.0,0.02,0.98,0.001,0.001,0.0001,0.01,0.001,0.5,style_rho0p5,sadg_rho0p05,9,9,19,19,new_training,4,0,92,0.07405071270962556,0.07380094317098458,0.0048832780836770935,5.6051371378392405e-06,5.093254988726888e-06,0.001681772186808909,0.0029625746343905726,0.0019625029332625368,5.118820780580791e-07,0.00025483270777234185,0.00013028847994670892,0.001267608905133481,0.0,0.0,0.0,0.0,0.0,0.0,0.0,0.0,0.06536815781146288,0.13191904251774153,0.05000000000000001,12,179|180|23|126,46,all_filtered,9,True,D:\Running_Place\PostGraduateProjects\Experiments\PostGraduate\backbones\SpaceFrequencyModulation\Seg-SADG\BaryRadGateLowDimSpatial\a0p08\rho0p5\gb8\sadg0p05\shot4\Seed0,D:\Running_Place\PostGraduateProjects\Experiments\PostGraduate\backbones\Prompts\SpaceFrequencyModulation\Seg-SADG\BaryRadGateLowDimSpatial\a0p08\rho0p5\gb8\sadg0p05\shot4\Seed0
Seg-SADG,Seg-SADG,Seg-SADG,LF-Barycenter-RadialGate-LowDimSpatialMask,fixed,cosine,lowdim,radial,8,1.0,0.4503246545791626,0.5716202259063721,0.48973649740219116,0.45749021|0.57162023|0.5341512|0.4762423|0.49792629|0.45032465|0.46351847|0.46661851,14.972896575927734,0.020510317757725716,0.983309268951416,0.8517155647277832,0.10407549142837524,0.08,0.5,0.05,0.05,0.5,0.0001,0.001,0.001,0.0,0.0,1e-06,15.0,5.0,40.0,0.02,0.98,0.001,0.001,0.0001,0.01,0.001,0.5,style_rho0p5,sadg_rho0p05,9,9,19,19,new_training,4,0,93,0.07482837947706382,0.07454865301648776,0.005482699314597994,5.593203203109927e-06,5.081738057318337e-06,0.001692042676343893,0.0029567962822814784,0.0019557373598217964,5.11465197898057e-07,0.0002545266276380668,0.0001301890503479323,0.0012674951285589486,0.0,0.0,0.0,0.0,0.0,0.0,0.0,0.0,0.06509094343831141,0.14719185046851635,0.05000000000000001,12,179|180|23|126,46,all_filtered,9,True,D:\Running_Place\PostGraduateProjects\Experiments\PostGraduate\backbones\SpaceFrequencyModulation\Seg-SADG\BaryRadGateLowDimSpatial\a0p08\rho0p5\gb8\sadg0p05\shot4\Seed0,D:\Running_Place\PostGraduateProjects\Experiments\PostGraduate\backbones\Prompts\SpaceFrequencyModulation\Seg-SADG\BaryRadGateLowDimSpatial\a0p08\rho0p5\gb8\sadg0p05\shot4\Seed0
Seg-SADG,Seg-SADG,Seg-SADG,LF-Barycenter-RadialGate-LowDimSpatialMask,fixed,cosine,lowdim,radial,8,1.0,0.4500555694103241,0.571530282497406,0.48968246579170227,0.45749715|0.57153028|0.53426856|0.47653946|0.49781212|0.45005557|0.46313486|0.46662167,14.960799217224121,0.020505394786596298,0.9833152294158936,0.8518152832984924,0.1040392518043518,0.08,0.5,0.05,0.05,0.5,0.0001,0.001,0.001,0.0,0.0,1e-06,15.0,5.0,40.0,0.02,0.98,0.001,0.001,0.0001,0.01,0.001,0.5,style_rho0p5,sadg_rho0p05,9,9,19,19,new_training,4,0,94,0.073084465538462,0.07283315559228261,0.004914375390702237,5.589470636853851e-06,5.080319472957247e-06,0.0017019256677788992,0.002957042073830962,0.0019530845941820492,5.091511591596524e-07,0.00025398607734435547,0.00012833891135718053,0.0012682615294276427,0.0,0.0,0.0,0.0,0.0,0.0,0.0,0.0,0.06417105967799823,0.13428613357245922,0.05000000000000001,12,179|180|23|126,46,all_filtered,9,True,D:\Running_Place\PostGraduateProjects\Experiments\PostGraduate\backbones\SpaceFrequencyModulation\Seg-SADG\BaryRadGateLowDimSpatial\a0p08\rho0p5\gb8\sadg0p05\shot4\Seed0,D:\Running_Place\PostGraduateProjects\Experiments\PostGraduate\backbones\Prompts\SpaceFrequencyModulation\Seg-SADG\BaryRadGateLowDimSpatial\a0p08\rho0p5\gb8\sadg0p05\shot4\Seed0
Seg-SADG,Seg-SADG,Seg-SADG,LF-Barycenter-RadialGate-LowDimSpatialMask,fixed,cosine,lowdim,radial,8,1.0,0.4499635696411133,0.5714864730834961,0.48960381746292114,0.45761135|0.57148647|0.53428775|0.47667843|0.4977802|0.44996357|0.46295145|0.46607158,14.990158081054688,0.020473990589380264,0.9833265542984009,0.8515902757644653,0.10413089394569397,0.08,0.5,0.05,0.05,0.5,0.0001,0.001,0.001,0.0,0.0,1e-06,15.0,5.0,40.0,0.02,0.98,0.001,0.001,0.0001,0.01,0.001,0.5,style_rho0p5,sadg_rho0p05,9,9,19,19,new_training,4,0,95,0.07230271740506093,0.07204573166867097,0.005028371272298197,5.56835550469259e-06,5.0578501031850465e-06,0.0017043133072244625,0.0029428256287549934,0.0019445930277773489,5.105054678248658e-07,0.00025397434607536223,0.00012976914392008135,0.001267619557135428,0.0,0.0,0.0,0.0,0.0,0.0,0.0,0.0,0.06339466075102489,0.1274536152680715,0.05000000000000001,12,179|180|23|126,46,all_filtered,9,True,D:\Running_Place\PostGraduateProjects\Experiments\PostGraduate\backbones\SpaceFrequencyModulation\Seg-SADG\BaryRadGateLowDimSpatial\a0p08\rho0p5\gb8\sadg0p05\shot4\Seed0,D:\Running_Place\PostGraduateProjects\Experiments\PostGraduate\backbones\Prompts\SpaceFrequencyModulation\Seg-SADG\BaryRadGateLowDimSpatial\a0p08\rho0p5\gb8\sadg0p05\shot4\Seed0
Seg-SADG,Seg-SADG,Seg-SADG,LF-Barycenter-RadialGate-LowDimSpatialMask,fixed,cosine,lowdim,radial,8,1.0,0.45023706555366516,0.5714742541313171,0.48957234621047974,0.45797583|0.57147425|0.533961|0.47690585|0.4978683|0.45023707|0.4624289|0.46572739,14.990865707397461,0.02048991434276104,0.9833466410636902,0.8516042232513428,0.10413070768117905,0.08,0.5,0.05,0.05,0.5,0.0001,0.001,0.001,0.0,0.0,1e-06,15.0,5.0,40.0,0.02,0.98,0.001,0.001,0.0001,0.01,0.001,0.5,style_rho0p5,sadg_rho0p05,9,9,19,19,new_training,4,0,96,0.07113278626153867,0.07087892883767684,0.004966161718281607,5.549654057782997e-06,5.0363892872458864e-06,0.0017060584311063092,0.002930758559765915,0.0019350247942687322,5.132647800110135e-07,0.0002539280661342976,0.00013273295432251567,0.0012660373564964782,0.0,0.0,0.0,0.0,0.0,0.0,0.0,0.0,0.06224370654672384,0.13124705602725348,0.05000000000000001,12,179|180|23|126,46,all_filtered,9,True,D:\Running_Place\PostGraduateProjects\Experiments\PostGraduate\backbones\SpaceFrequencyModulation\Seg-SADG\BaryRadGateLowDimSpatial\a0p08\rho0p5\gb8\sadg0p05\shot4\Seed0,D:\Running_Place\PostGraduateProjects\Experiments\PostGraduate\backbones\Prompts\SpaceFrequencyModulation\Seg-SADG\BaryRadGateLowDimSpatial\a0p08\rho0p5\gb8\sadg0p05\shot4\Seed0
Seg-SADG,Seg-SADG,Seg-SADG,LF-Barycenter-RadialGate-LowDimSpatialMask,fixed,cosine,lowdim,radial,8,1.0,0.45026150345802307,0.5716075301170349,0.4896407127380371,0.45796683|0.57160753|0.53426915|0.4769572|0.49796602|0.4502615|0.46207869|0.46601862,14.982230186462402,0.02050582692027092,0.9833686351776123,0.8516932129859924,0.10410229861736298,0.08,0.5,0.05,0.05,0.5,0.0001,0.001,0.001,0.0,0.0,1e-06,15.0,5.0,40.0,0.02,0.98,0.001,0.001,0.0001,0.01,0.001,0.5,style_rho0p5,sadg_rho0p05,9,9,19,19,new_training,4,0,97,0.07201152232786019,0.07176874640087287,0.0047449697740375996,5.527745922033016e-06,5.016535510549147e-06,0.001705299849466731,0.0029185125798297427,0.0019274927326478064,5.112103735882556e-07,0.0002533057631808333,0.0001312465222630029,0.0012665807832187663,0.0,0.0,0.0,0.0,0.0,0.0,0.0,0.0,0.06199093908071518,0.1430560201406479,0.05000000000000001,12,179|180|23|126,46,all_filtered,9,True,D:\Running_Place\PostGraduateProjects\Experiments\PostGraduate\backbones\SpaceFrequencyModulation\Seg-SADG\BaryRadGateLowDimSpatial\a0p08\rho0p5\gb8\sadg0p05\shot4\Seed0,D:\Running_Place\PostGraduateProjects\Experiments\PostGraduate\backbones\Prompts\SpaceFrequencyModulation\Seg-SADG\BaryRadGateLowDimSpatial\a0p08\rho0p5\gb8\sadg0p05\shot4\Seed0
Seg-SADG,Seg-SADG,Seg-SADG,LF-Barycenter-RadialGate-LowDimSpatialMask,fixed,cosine,lowdim,radial,8,1.0,0.45025065541267395,0.5716797709465027,0.4896097183227539,0.45817026|0.57167977|0.53454006|0.47695804|0.49825257|0.45025066|0.46141684|0.46560955,14.964322090148926,0.020540298894047737,0.9833939671516418,0.8518602252006531,0.10404376685619354,0.08,0.5,0.05,0.05,0.5,0.0001,0.001,0.001,0.0,0.0,1e-06,15.0,5.0,40.0,0.02,0.98,0.001,0.001,0.0001,0.01,0.001,0.5,style_rho0p5,sadg_rho0p05,9,9,19,19,new_training,4,0,98,0.07236813195049763,0.07210868100325267,0.005078467792676141,5.526614965371361e-06,5.0186932488334906e-06,0.0017128056497313082,0.0029211454675532877,0.0019262670054255675,5.079216739053057e-07,0.00025248032761737704,0.00012868221165263094,0.0012675911711994559,0.0,0.0,0.0,0.0,0.0,0.0,0.0,0.0,0.062253315622607865,0.14640497664610544,0.05000000000000001,12,179|180|23|126,46,all_filtered,9,True,D:\Running_Place\PostGraduateProjects\Experiments\PostGraduate\backbones\SpaceFrequencyModulation\Seg-SADG\BaryRadGateLowDimSpatial\a0p08\rho0p5\gb8\sadg0p05\shot4\Seed0,D:\Running_Place\PostGraduateProjects\Experiments\PostGraduate\backbones\Prompts\SpaceFrequencyModulation\Seg-SADG\BaryRadGateLowDimSpatial\a0p08\rho0p5\gb8\sadg0p05\shot4\Seed0
Seg-SADG,Seg-SADG,Seg-SADG,LF-Barycenter-RadialGate-LowDimSpatialMask,fixed,cosine,lowdim,radial,8,1.0,0.4503529965877533,0.5718483924865723,0.4896216094493866,0.45841333|0.57184839|0.53462106|0.4769527|0.49873418|0.450353|0.46090057|0.46514967,14.943029403686523,0.020582180470228195,0.9834247827529907,0.8520599603652954,0.10397389531135559,0.08,0.5,0.05,0.05,0.5,0.0001,0.001,0.001,0.0,0.0,1e-06,15.0,5.0,40.0,0.02,0.98,0.001,0.001,0.0001,0.01,0.001,0.5,style_rho0p5,sadg_rho0p05,9,9,19,19,new_training,4,0,99,0.0715339258313179,0.07127743835250537,0.005019054457079619,5.535092896025162e-06,5.032331083990964e-06,0.0017268320370931178,0.002932501529964308,0.0019271461545334507,5.027618025602957e-07,0.0002515329251764342,0.0001242890563541247,0.0012693979563967635,0.0,0.0,0.0,0.0,0.0,0.0,0.0,0.0,0.06201774161309004,0.141212264696757,0.05000000000000001,12,179|180|23|126,46,all_filtered,9,True,D:\Running_Place\PostGraduateProjects\Experiments\PostGraduate\backbones\SpaceFrequencyModulation\Seg-SADG\BaryRadGateLowDimSpatial\a0p08\rho0p5\gb8\sadg0p05\shot4\Seed0,D:\Running_Place\PostGraduateProjects\Experiments\PostGraduate\backbones\Prompts\SpaceFrequencyModulation\Seg-SADG\BaryRadGateLowDimSpatial\a0p08\rho0p5\gb8\sadg0p05\shot4\Seed0
Seg-SADG,Seg-SADG,Seg-SADG,LF-Barycenter-RadialGate-LowDimSpatialMask,fixed,cosine,lowdim,radial,8,1.0,0.4507856070995331,0.5718703866004944,0.4897293448448181,0.45854843|0.57187039|0.53465146|0.4772236|0.49861434|0.45078561|0.46105099|0.46508986,14.938672065734863,0.02058270387351513,0.9834420680999756,0.8521092534065247,0.10396008938550949,0.08,0.5,0.05,0.05,0.5,0.0001,0.001,0.001,0.0,0.0,1e-06,15.0,5.0,40.0,0.02,0.98,0.001,0.001,0.0001,0.01,0.001,0.5,style_rho0p5,sadg_rho0p05,9,9,19,19,new_training,4,0,100,0.0719528670112292,0.07170087719957034,0.004929420518844078,5.517988446020657e-06,5.018604876264969e-06,0.0017256329398757468,0.002924413808311025,0.0019216275541111827,4.993835887034948e-07,0.00025103328031642985,0.00012128073224933662,0.0012706956864955525,0.0,0.0,0.0,0.0,0.0,0.0,0.0,0.0,0.062342411217590175,0.145375677694877,0.05000000000000001,12,179|180|23|126,46,all_filtered,9,True,D:\Running_Place\PostGraduateProjects\Experiments\PostGraduate\backbones\SpaceFrequencyModulation\Seg-SADG\BaryRadGateLowDimSpatial\a0p08\rho0p5\gb8\sadg0p05\shot4\Seed0,D:\Running_Place\PostGraduateProjects\Experiments\PostGraduate\backbones\Prompts\SpaceFrequencyModulation\Seg-SADG\BaryRadGateLowDimSpatial\a0p08\rho0p5\gb8\sadg0p05\shot4\Seed0
Seg-SADG,Seg-SADG,Seg-SADG,LF-Barycenter-RadialGate-LowDimSpatialMask,fixed,cosine,lowdim,radial,8,1.0,0.4510206878185272,0.5719660520553589,0.4897097945213318,0.45866227|0.57196605|0.5347355|0.47707033|0.49831465|0.45102069|0.46123099|0.46467769,14.93301773071289,0.02059425227344036,0.9834548830986023,0.8521661758422852,0.10394129157066345,0.08,0.5,0.05,0.05,0.5,0.0001,0.001,0.001,0.0,0.0,1e-06,15.0,5.0,40.0,0.02,0.98,0.001,0.001,0.0001,0.01,0.001,0.5,style_rho0p5,sadg_rho0p05,9,9,19,19,new_training,4,0,101,0.07134556553016107,0.07106482734282811,0.005504794903875639,5.4977944804098415e-06,4.9995312944399e-06,0.0017197766186048586,0.0029106484726071358,0.0019169049434519063,4.982632001807966e-07,0.00025083044117006165,0.00012031949760663944,0.0012711323991728325,0.0,0.0,0.0,0.0,0.0,0.0,0.0,0.0,0.06102606809387604,0.1510906219482422,0.05000000000000001,12,179|180|23|126,46,all_filtered,9,True,D:\Running_Place\PostGraduateProjects\Experiments\PostGraduate\backbones\SpaceFrequencyModulation\Seg-SADG\BaryRadGateLowDimSpatial\a0p08\rho0p5\gb8\sadg0p05\shot4\Seed0,D:\Running_Place\PostGraduateProjects\Experiments\PostGraduate\backbones\Prompts\SpaceFrequencyModulation\Seg-SADG\BaryRadGateLowDimSpatial\a0p08\rho0p5\gb8\sadg0p05\shot4\Seed0
Seg-SADG,Seg-SADG,Seg-SADG,LF-Barycenter-RadialGate-LowDimSpatialMask,fixed,cosine,lowdim,radial,8,1.0,0.4511301517486572,0.5719430446624756,0.4897443652153015,0.45919454|0.57194304|0.53465146|0.47723827|0.49838719|0.45113015|0.46117231|0.46423799,14.922096252441406,0.020624816417694092,0.9834840297698975,0.8522815108299255,0.10390394926071167,0.08,0.5,0.05,0.05,0.5,0.0001,0.001,0.001,0.0,0.0,1e-06,15.0,5.0,40.0,0.02,0.98,0.001,0.001,0.0001,0.01,0.001,0.5,style_rho0p5,sadg_rho0p05,9,9,19,19,new_training,4,0,102,0.06864158685008685,0.0684036382784446,0.004649577274297674,5.469276970870851e-06,4.973278009856585e-06,0.0017195144610013813,0.002895717644908776,0.0019056086991137515,4.959989752251204e-07,0.00025038512831088156,0.00011842943968076725,0.0012718439587236692,0.0,0.0,0.0,0.0,0.0,0.0,0.0,0.0,0.06005317314217488,0.12932264866928259,0.05000000000000001,12,179|180|23|126,46,all_filtered,9,True,D:\Running_Place\PostGraduateProjects\Experiments\PostGraduate\backbones\SpaceFrequencyModulation\Seg-SADG\BaryRadGateLowDimSpatial\a0p08\rho0p5\gb8\sadg0p05\shot4\Seed0,D:\Running_Place\PostGraduateProjects\Experiments\PostGraduate\backbones\Prompts\SpaceFrequencyModulation\Seg-SADG\BaryRadGateLowDimSpatial\a0p08\rho0p5\gb8\sadg0p05\shot4\Seed0
Seg-SADG,Seg-SADG,Seg-SADG,LF-Barycenter-RadialGate-LowDimSpatialMask,fixed,cosine,lowdim,radial,8,1.0,0.4511566460132599,0.5716032981872559,0.4896397888660431,0.45926568|0.5716033|0.53447384|0.47738394|0.49814931|0.45115665|0.46123087|0.4638547,14.912334442138672,0.02062935382127762,0.9834721684455872,0.8523483276367188,0.10387415438890457,0.08,0.5,0.05,0.05,0.5,0.0001,0.001,0.001,0.0,0.0,1e-06,15.0,5.0,40.0,0.02,0.98,0.001,0.001,0.0001,0.01,0.001,0.5,style_rho0p5,sadg_rho0p05,9,9,19,19,new_training,4,0,103,0.06810627846668164,0.0678627931823333,0.004761125892400742,5.430030607082396e-06,4.935990659760137e-06,0.001714248666151737,0.002875288249924779,0.0018892773950938135,4.940399283744531e-07,0.0002504775087193896,0.00011627847319080804,0.0012728393582316737,0.0,0.0,0.0,0.0,0.0,0.0,0.0,0.0,0.05914095013091961,0.13074843833843866,0.05000000000000001,12,179|180|23|126,46,all_filtered,9,True,D:\Running_Place\PostGraduateProjects\Experiments\PostGraduate\backbones\SpaceFrequencyModulation\Seg-SADG\BaryRadGateLowDimSpatial\a0p08\rho0p5\gb8\sadg0p05\shot4\Seed0,D:\Running_Place\PostGraduateProjects\Experiments\PostGraduate\backbones\Prompts\SpaceFrequencyModulation\Seg-SADG\BaryRadGateLowDimSpatial\a0p08\rho0p5\gb8\sadg0p05\shot4\Seed0
Seg-SADG,Seg-SADG,Seg-SADG,LF-Barycenter-RadialGate-LowDimSpatialMask,fixed,cosine,lowdim,radial,8,1.0,0.451469361782074,0.5714834332466125,0.48956361413002014,0.45955884|0.57148343|0.53442502|0.47744146|0.49787304|0.45146936|0.46078634|0.4634715,14.901163101196289,0.02063371054828167,0.983482301235199,0.852445662021637,0.10383934527635574,0.08,0.5,0.05,0.05,0.5,0.0001,0.001,0.001,0.0,0.0,1e-06,15.0,5.0,40.0,0.02,0.98,0.001,0.001,0.0001,0.01,0.001,0.5,style_rho0p5,sadg_rho0p05,9,9,19,19,new_training,4,0,104,0.06797208388646443,0.06773995111385982,0.004535248774724702,5.370494022827188e-06,4.877623950960697e-06,0.001707207227203374,0.002838570643992474,0.0018683323578443378,4.928700481817335e-07,0.00025095779468150187,0.00011453085244284011,0.0012738139582021784,0.0,0.0,0.0,0.0,0.0,0.0,0.0,0.0,0.05920077208429575,0.13019825580219427,0.05000000000000001,12,179|180|23|126,46,all_filtered,9,True,D:\Running_Place\PostGraduateProjects\Experiments\PostGraduate\backbones\SpaceFrequencyModulation\Seg-SADG\BaryRadGateLowDimSpatial\a0p08\rho0p5\gb8\sadg0p05\shot4\Seed0,D:\Running_Place\PostGraduateProjects\Experiments\PostGraduate\backbones\Prompts\SpaceFrequencyModulation\Seg-SADG\BaryRadGateLowDimSpatial\a0p08\rho0p5\gb8\sadg0p05\shot4\Seed0
Seg-SADG,Seg-SADG,Seg-SADG,LF-Barycenter-RadialGate-LowDimSpatialMask,fixed,cosine,lowdim,radial,8,1.0,0.45111942291259766,0.5716939568519592,0.4895385503768921,0.45984447|0.57169396|0.53430873|0.47768897|0.49794224|0.45111942|0.46082705|0.46288365,14.89976692199707,0.020648904144763947,0.9835114479064941,0.8524838089942932,0.10383257269859314,0.08,0.5,0.05,0.05,0.5,0.0001,0.001,0.001,0.0,0.0,1e-06,15.0,5.0,40.0,0.02,0.98,0.001,0.001,0.0001,0.01,0.001,0.5,style_rho0p5,sadg_rho0p05,9,9,19,19,new_training,4,0,105,0.06717353500425816,0.06692586715022723,0.00484625050254787,5.355007374419074e-06,4.863693144822416e-06,0.001713927941940104,0.002830883313436061,0.001861416851170361,4.913142438075132e-07,0.0002506354940123856,0.00011324664349861753,0.0012743210439415027,0.0,0.0,0.0,0.0,0.0,0.0,0.0,0.0,0.05846626435716947,0.12954407930374146,0.05000000000000001,12,179|180|23|126,46,all_filtered,9,True,D:\Running_Place\PostGraduateProjects\Experiments\PostGraduate\backbones\SpaceFrequencyModulation\Seg-SADG\BaryRadGateLowDimSpatial\a0p08\rho0p5\gb8\sadg0p05\shot4\Seed0,D:\Running_Place\PostGraduateProjects\Experiments\PostGraduate\backbones\Prompts\SpaceFrequencyModulation\Seg-SADG\BaryRadGateLowDimSpatial\a0p08\rho0p5\gb8\sadg0p05\shot4\Seed0
Seg-SADG,Seg-SADG,Seg-SADG,LF-Barycenter-RadialGate-LowDimSpatialMask,fixed,cosine,lowdim,radial,8,1.0,0.450847327709198,0.5717959403991699,0.4895508885383606,0.46016639|0.57179594|0.53425699|0.47787064|0.49817008|0.45084733|0.46073937|0.46256027,14.895756721496582,0.020659171044826508,0.9835366606712341,0.8525387644767761,0.10381846874952316,0.08,0.5,0.05,0.05,0.5,0.0001,0.001,0.001,0.0,0.0,1e-06,15.0,5.0,40.0,0.02,0.98,0.001,0.001,0.0001,0.01,0.001,0.5,style_rho0p5,sadg_rho0p05,9,9,19,19,new_training,4,0,106,0.06566212916125853,0.06542337747911613,0.0046680215940189855,5.351383341197409e-06,4.861738451230242e-06,0.0017189237987622619,0.0028316889656707644,0.0018581569311209023,4.896448994410699e-07,0.00025002984087526176,0.00011215276147898597,0.0012746228215595086,0.0,0.0,0.0,0.0,0.0,0.0,0.0,0.0,0.05717305311312278,0.12569962752362093,0.05000000000000001,12,179|180|23|126,46,all_filtered,9,True,D:\Running_Place\PostGraduateProjects\Experiments\PostGraduate\backbones\SpaceFrequencyModulation\Seg-SADG\BaryRadGateLowDimSpatial\a0p08\rho0p5\gb8\sadg0p05\shot4\Seed0,D:\Running_Place\PostGraduateProjects\Experiments\PostGraduate\backbones\Prompts\SpaceFrequencyModulation\Seg-SADG\BaryRadGateLowDimSpatial\a0p08\rho0p5\gb8\sadg0p05\shot4\Seed0
Seg-SADG,Seg-SADG,Seg-SADG,LF-Barycenter-RadialGate-LowDimSpatialMask,fixed,cosine,lowdim,radial,8,1.0,0.45092135667800903,0.5715172290802002,0.48951125144958496,0.46055365|0.57151723|0.53420007|0.47818914|0.49841431|0.45092136|0.46038222|0.46191204,14.888900756835938,0.02066546492278576,0.9835453033447266,0.8526010513305664,0.10379660874605179,0.08,0.5,0.05,0.05,0.5,0.0001,0.001,0.001,0.0,0.0,1e-06,15.0,5.0,40.0,0.02,0.98,0.001,0.001,0.0001,0.01,0.001,0.5,style_rho0p5,sadg_rho0p05,9,9,19,19,new_training,4,0,107,0.06746260697642963,0.06723421066999435,0.00446133193327114,5.329092194491143e-06,4.840568143057074e-06,0.0017220444181778778,0.002821294474415481,0.0018470690508062642,4.885241082774883e-07,0.0002499043063532251,0.00011111218251850612,0.0012750760458099346,0.0,0.0,0.0,0.0,0.0,0.0,0.0,0.0,0.05802812986075878,0.13747047570844492,0.05000000000000001,12,179|180|23|126,46,all_filtered,9,True,D:\Running_Place\PostGraduateProjects\Experiments\PostGraduate\backbones\SpaceFrequencyModulation\Seg-SADG\BaryRadGateLowDimSpatial\a0p08\rho0p5\gb8\sadg0p05\shot4\Seed0,D:\Running_Place\PostGraduateProjects\Experiments\PostGraduate\backbones\Prompts\SpaceFrequencyModulation\Seg-SADG\BaryRadGateLowDimSpatial\a0p08\rho0p5\gb8\sadg0p05\shot4\Seed0
Seg-SADG,Seg-SADG,Seg-SADG,LF-Barycenter-RadialGate-LowDimSpatialMask,fixed,cosine,lowdim,radial,8,1.0,0.4511980712413788,0.5712762475013733,0.48959651589393616,0.46100813|0.57127625|0.53400528|0.47852427|0.49839631|0.45119807|0.46025249|0.46211109,14.879205703735352,0.020668696612119675,0.9835574626922607,0.8526883125305176,0.10376626253128052,0.08,0.5,0.05,0.05,0.5,0.0001,0.001,0.001,0.0,0.0,1e-06,15.0,5.0,40.0,0.02,0.98,0.001,0.001,0.0001,0.01,0.001,0.5,style_rho0p5,sadg_rho0p05,9,9,19,19,new_training,4,0,108,0.0658679585903883,0.0656224877263109,0.004804310020214568,5.254509119367867e-06,4.767343322479671e-06,0.0017104324554869284,0.0027791123914842806,0.0018171874592856814,4.871657684664873e-07,0.0002500251745611119,0.00010955918272278116,0.0012758139928337187,0.0,0.0,0.0,0.0,0.0,0.0,0.0,0.0,0.05701217707246542,0.1281705399354299,0.05000000000000001,12,179|180|23|126,46,all_filtered,9,True,D:\Running_Place\PostGraduateProjects\Experiments\PostGraduate\backbones\SpaceFrequencyModulation\Seg-SADG\BaryRadGateLowDimSpatial\a0p08\rho0p5\gb8\sadg0p05\shot4\Seed0,D:\Running_Place\PostGraduateProjects\Experiments\PostGraduate\backbones\Prompts\SpaceFrequencyModulation\Seg-SADG\BaryRadGateLowDimSpatial\a0p08\rho0p5\gb8\sadg0p05\shot4\Seed0
Seg-SADG,Seg-SADG,Seg-SADG,LF-Barycenter-RadialGate-LowDimSpatialMask,fixed,cosine,lowdim,radial,8,1.0,0.4511873126029968,0.5709704160690308,0.4895632863044739,0.46127516|0.57097042|0.53410834|0.4788087|0.49832767|0.45118731|0.45999053|0.46183819,14.87159538269043,0.02065122500061989,0.9835631847381592,0.8527506589889526,0.10374465584754944,0.08,0.5,0.05,0.05,0.5,0.0001,0.001,0.001,0.0,0.0,1e-06,15.0,5.0,40.0,0.02,0.98,0.001,0.001,0.0001,0.01,0.001,0.5,style_rho0p5,sadg_rho0p05,9,9,19,19,new_training,4,0,109,0.06492183078080416,0.06468868317703406,0.004558985179755837,5.199177887031207e-06,4.713395014732669e-06,0.0016990883838540565,0.0027480230783112347,0.0017954628662361454,4.857828912463447e-07,0.0002504021855808484,0.00010769923392217606,0.0012768146116286516,0.0,0.0,0.0,0.0,0.0,0.0,0.0,0.0,0.05617589627703031,0.1300068125128746,0.05000000000000001,12,179|180|23|126,46,all_filtered,9,True,D:\Running_Place\PostGraduateProjects\Experiments\PostGraduate\backbones\SpaceFrequencyModulation\Seg-SADG\BaryRadGateLowDimSpatial\a0p08\rho0p5\gb8\sadg0p05\shot4\Seed0,D:\Running_Place\PostGraduateProjects\Experiments\PostGraduate\backbones\Prompts\SpaceFrequencyModulation\Seg-SADG\BaryRadGateLowDimSpatial\a0p08\rho0p5\gb8\sadg0p05\shot4\Seed0
Seg-SADG,Seg-SADG,Seg-SADG,LF-Barycenter-RadialGate-LowDimSpatialMask,fixed,cosine,lowdim,radial,8,1.0,0.4512428939342499,0.5708471536636353,0.4896349310874939,0.46138984|0.57084715|0.53446156|0.47925055|0.49815339|0.45124289|0.45967287|0.46206102,14.868492126464844,0.020648354664444923,0.9835793375968933,0.8527887463569641,0.10373494774103165,0.08,0.5,0.05,0.05,0.5,0.0001,0.001,0.001,0.0,0.0,1e-06,15.0,5.0,40.0,0.02,0.98,0.001,0.001,0.0001,0.01,0.001,0.5,style_rho0p5,sadg_rho0p05,9,9,19,19,new_training,4,0,110,0.06505961095293362,0.06483094735691945,0.004470083144648622,5.158334564233276e-06,4.673396498825848e-06,0.0016985872061923146,0.0027246566217703125,0.00177888087152193,4.84938065407429e-07,0.0002501776495288747,0.00010704366286518052,0.0012771673500537872,0.0,0.0,0.0,0.0,0.0,0.0,0.0,0.0,0.05646905116736889,0.1256969471772512,0.05000000000000001,12,179|180|23|126,46,all_filtered,9,True,D:\Running_Place\PostGraduateProjects\Experiments\PostGraduate\backbones\SpaceFrequencyModulation\Seg-SADG\BaryRadGateLowDimSpatial\a0p08\rho0p5\gb8\sadg0p05\shot4\Seed0,D:\Running_Place\PostGraduateProjects\Experiments\PostGraduate\backbones\Prompts\SpaceFrequencyModulation\Seg-SADG\BaryRadGateLowDimSpatial\a0p08\rho0p5\gb8\sadg0p05\shot4\Seed0
Seg-SADG,Seg-SADG,Seg-SADG,LF-Barycenter-RadialGate-LowDimSpatialMask,fixed,cosine,lowdim,radial,8,1.0,0.45147112011909485,0.5704785585403442,0.489620566368103,0.46155724|0.57047856|0.53434098|0.47973299|0.49823385|0.45147112|0.4595007|0.46164915,14.857359886169434,0.020660798996686935,0.9835803508758545,0.852878987789154,0.10369950532913208,0.08,0.5,0.05,0.05,0.5,0.0001,0.001,0.001,0.0,0.0,1e-06,15.0,5.0,40.0,0.02,0.98,0.001,0.001,0.0001,0.01,0.001,0.5,style_rho0p5,sadg_rho0p05,9,9,19,19,new_training,4,0,111,0.06642386503517628,0.0661953588326772,0.004467944731004536,5.109464306466786e-06,4.6257229845044394e-06,0.0016917798105472077,0.0026936197731023035,0.0017629250069148839,4.837413503840556e-07,0.0002505061517391975,0.00010543817067324805,0.0012779701307105522,0.0,0.0,0.0,0.0,0.0,0.0,0.0,0.0,0.05641141440719366,0.14559121367832026,0.05000000000000001,12,179|180|23|126,46,all_filtered,9,True,D:\Running_Place\PostGraduateProjects\Experiments\PostGraduate\backbones\SpaceFrequencyModulation\Seg-SADG\BaryRadGateLowDimSpatial\a0p08\rho0p5\gb8\sadg0p05\shot4\Seed0,D:\Running_Place\PostGraduateProjects\Experiments\PostGraduate\backbones\Prompts\SpaceFrequencyModulation\Seg-SADG\BaryRadGateLowDimSpatial\a0p08\rho0p5\gb8\sadg0p05\shot4\Seed0
Seg-SADG,Seg-SADG,Seg-SADG,LF-Barycenter-RadialGate-LowDimSpatialMask,fixed,cosine,lowdim,radial,8,1.0,0.45138347148895264,0.5703906416893005,0.4896012544631958,0.46170363|0.57039064|0.53427118|0.47949123|0.49836007|0.45138347|0.45921445|0.46199533,14.848624229431152,0.02068549208343029,0.9835842251777649,0.8529543280601501,0.10366998612880707,0.08,0.5,0.05,0.05,0.5,0.0001,0.001,0.001,0.0,0.0,1e-06,15.0,5.0,40.0,0.02,0.98,0.001,0.001,0.0001,0.01,0.001,0.5,style_rho0p5,sadg_rho0p05,9,9,19,19,new_training,4,0,112,0.0624437772979339,0.06221393930415312,0.004495103086810559,5.083787982584909e-06,4.600829849247627e-06,0.0016881608850477885,0.002679814933799207,0.0017521985961745183,4.829581759698461e-07,0.00025108951861814904,0.00010399944464249226,0.0012786920609263082,0.0,0.0,0.0,0.0,0.0,0.0,0.0,0.0,0.05403470310072104,0.12050327596565087,0.05000000000000001,12,179|180|23|126,46,all_filtered,9,True,D:\Running_Place\PostGraduateProjects\Experiments\PostGraduate\backbones\SpaceFrequencyModulation\Seg-SADG\BaryRadGateLowDimSpatial\a0p08\rho0p5\gb8\sadg0p05\shot4\Seed0,D:\Running_Place\PostGraduateProjects\Experiments\PostGraduate\backbones\Prompts\SpaceFrequencyModulation\Seg-SADG\BaryRadGateLowDimSpatial\a0p08\rho0p5\gb8\sadg0p05\shot4\Seed0
Seg-SADG,Seg-SADG,Seg-SADG,LF-Barycenter-RadialGate-LowDimSpatialMask,fixed,cosine,lowdim,radial,8,1.0,0.45186927914619446,0.5704391002655029,0.48966696858406067,0.46216458|0.5704391|0.53438938|0.47933644|0.49865809|0.45186928|0.45902383|0.46145511,14.840935707092285,0.0207119919359684,0.9836177825927734,0.8530474901199341,0.1036425232887268,0.08,0.5,0.05,0.05,0.5,0.0001,0.001,0.001,0.0,0.0,1e-06,15.0,5.0,40.0,0.02,0.98,0.001,0.001,0.0001,0.01,0.001,0.5,style_rho0p5,sadg_rho0p05,9,9,19,19,new_training,4,0,113,0.06445698874692123,0.06425363663583994,0.003965682233683765,5.0679918028132915e-06,4.586321627660557e-06,0.0016861113933070253,0.0026745056190217533,0.0017432046976561348,4.816701372571212e-07,0.0002514784840362457,0.00010224458189137901,0.0012794705980923027,0.0,0.0,0.0,0.0,0.0,0.0,0.0,0.0,0.05512230532864729,0.1407234234114488,0.05000000000000001,12,179|180|23|126,46,all_filtered,9,True,D:\Running_Place\PostGraduateProjects\Experiments\PostGraduate\backbones\SpaceFrequencyModulation\Seg-SADG\BaryRadGateLowDimSpatial\a0p08\rho0p5\gb8\sadg0p05\shot4\Seed0,D:\Running_Place\PostGraduateProjects\Experiments\PostGraduate\backbones\Prompts\SpaceFrequencyModulation\Seg-SADG\BaryRadGateLowDimSpatial\a0p08\rho0p5\gb8\sadg0p05\shot4\Seed0
Seg-SADG,Seg-SADG,Seg-SADG,LF-Barycenter-RadialGate-LowDimSpatialMask,fixed,cosine,lowdim,radial,8,1.0,0.45169809460639954,0.5702292919158936,0.48962312936782837,0.46244317|0.57022929|0.53442729|0.47919032|0.49885416|0.45169809|0.45914185|0.46100119,14.829999923706055,0.02071858011186123,0.9836220741271973,0.8531380295753479,0.10360807180404663,0.08,0.5,0.05,0.05,0.5,0.0001,0.001,0.001,0.0,0.0,1e-06,15.0,5.0,40.0,0.02,0.98,0.001,0.001,0.0001,0.01,0.001,0.5,style_rho0p5,sadg_rho0p05,9,9,19,19,new_training,4,0,114,0.0637446315959096,0.06352670242389043,0.004257726968110849,5.042518940475323e-06,4.562627016942618e-06,0.0016860812029335648,0.002663732234699031,0.0017302864192364116,4.798919093218501e-07,0.0002518368589032131,0.00010000579762466562,0.0012804923753719777,0.0,0.0,0.0,0.0,0.0,0.0,0.0,0.0,0.054915474727749825,0.1356309074908495,0.05000000000000001,12,179|180|23|126,46,all_filtered,9,True,D:\Running_Place\PostGraduateProjects\Experiments\PostGraduate\backbones\SpaceFrequencyModulation\Seg-SADG\BaryRadGateLowDimSpatial\a0p08\rho0p5\gb8\sadg0p05\shot4\Seed0,D:\Running_Place\PostGraduateProjects\Experiments\PostGraduate\backbones\Prompts\SpaceFrequencyModulation\Seg-SADG\BaryRadGateLowDimSpatial\a0p08\rho0p5\gb8\sadg0p05\shot4\Seed0
Seg-SADG,Seg-SADG,Seg-SADG,LF-Barycenter-RadialGate-LowDimSpatialMask,fixed,cosine,lowdim,radial,8,1.0,0.4515198767185211,0.5700370073318481,0.48967114090919495,0.46270278|0.57003701|0.53449237|0.47940391|0.49906364|0.45151988|0.45895666|0.46119291,14.820857048034668,0.020724378526210785,0.9836329817771912,0.8532204031944275,0.10357897728681564,0.08,0.5,0.05,0.05,0.5,0.0001,0.001,0.001,0.0,0.0,1e-06,15.0,5.0,40.0,0.02,0.98,0.001,0.001,0.0001,0.01,0.001,0.5,style_rho0p5,sadg_rho0p05,9,9,19,19,new_training,4,0,115,0.06277803983539343,0.06254981520275275,0.004464067790346841,5.021506315946074e-06,4.542141065636922e-06,0.0016859221407988418,0.0026558947283774614,0.0017176539695356041,4.793652597830563e-07,0.0002525974171779429,9.864020406287939e-05,0.0012812763258504372,0.0,0.0,0.0,0.0,0.0,0.0,0.0,0.0,0.053957577173908554,0.12710613695283732,0.05000000000000001,12,179|180|23|126,46,all_filtered,9,True,D:\Running_Place\PostGraduateProjects\Experiments\PostGraduate\backbones\SpaceFrequencyModulation\Seg-SADG\BaryRadGateLowDimSpatial\a0p08\rho0p5\gb8\sadg0p05\shot4\Seed0,D:\Running_Place\PostGraduateProjects\Experiments\PostGraduate\backbones\Prompts\SpaceFrequencyModulation\Seg-SADG\BaryRadGateLowDimSpatial\a0p08\rho0p5\gb8\sadg0p05\shot4\Seed0
Seg-SADG,Seg-SADG,Seg-SADG,LF-Barycenter-RadialGate-LowDimSpatialMask,fixed,cosine,lowdim,radial,8,1.0,0.45152518153190613,0.5699039101600647,0.48977380990982056,0.46305606|0.56990391|0.53465235|0.48005226|0.49885333|0.45152518|0.45901638|0.46113098,14.795942306518555,0.02075863629579544,0.9836564064025879,0.8534415364265442,0.10349778085947037,0.08,0.5,0.05,0.05,0.5,0.0001,0.001,0.001,0.0,0.0,1e-06,15.0,5.0,40.0,0.02,0.98,0.001,0.001,0.0001,0.01,0.001,0.5,style_rho0p5,sadg_rho0p05,9,9,19,19,new_training,4,0,116,0.06076429442812999,0.06054973974823952,0.004191543751706679,4.976908712706063e-06,4.4991904436149826e-06,0.0016770685421458136,0.0026313372460814812,0.0017001461140656222,4.777182975127895e-07,0.0002541519667526397,9.526204485155176e-05,0.0012830427149310708,0.0,0.0,0.0,0.0,0.0,0.0,0.0,0.0,0.05287755032380422,0.11287475066880386,0.05000000000000001,12,179|180|23|126,46,all_filtered,9,True,D:\Running_Place\PostGraduateProjects\Experiments\PostGraduate\backbones\SpaceFrequencyModulation\Seg-SADG\BaryRadGateLowDimSpatial\a0p08\rho0p5\gb8\sadg0p05\shot4\Seed0,D:\Running_Place\PostGraduateProjects\Experiments\PostGraduate\backbones\Prompts\SpaceFrequencyModulation\Seg-SADG\BaryRadGateLowDimSpatial\a0p08\rho0p5\gb8\sadg0p05\shot4\Seed0
Seg-SADG,Seg-SADG,Seg-SADG,LF-Barycenter-RadialGate-LowDimSpatialMask,fixed,cosine,lowdim,radial,8,1.0,0.4516502320766449,0.5696154832839966,0.4897347092628479,0.46334237|0.56961548|0.5347926|0.48050746|0.49822322|0.45165023|0.4591136|0.46063265,14.783327102661133,0.02077694982290268,0.9836603999137878,0.8535471558570862,0.10345672816038132,0.08,0.5,0.05,0.05,0.5,0.0001,0.001,0.001,0.0,0.0,1e-06,15.0,5.0,40.0,0.02,0.98,0.001,0.001,0.0001,0.01,0.001,0.5,style_rho0p5,sadg_rho0p05,9,9,19,19,new_training,4,0,117,0.060959589357177414,0.060744973830878735,0.004194043557314823,4.9134317047598115e-06,4.436683411768172e-06,0.0016709893049361806,0.002591251104604453,0.0016783331132804353,4.7674826456992986e-07,0.00025621372333262116,9.205687456415035e-05,0.0012847764980203162,0.0,0.0,0.0,0.0,0.0,0.0,0.0,0.0,0.05291244604935249,0.1207949531575044,0.05000000000000001,12,179|180|23|126,46,all_filtered,9,True,D:\Running_Place\PostGraduateProjects\Experiments\PostGraduate\backbones\SpaceFrequencyModulation\Seg-SADG\BaryRadGateLowDimSpatial\a0p08\rho0p5\gb8\sadg0p05\shot4\Seed0,D:\Running_Place\PostGraduateProjects\Experiments\PostGraduate\backbones\Prompts\SpaceFrequencyModulation\Seg-SADG\BaryRadGateLowDimSpatial\a0p08\rho0p5\gb8\sadg0p05\shot4\Seed0
Seg-SADG,Seg-SADG,Seg-SADG,LF-Barycenter-RadialGate-LowDimSpatialMask,fixed,cosine,lowdim,radial,8,1.0,0.4517851769924164,0.5694336295127869,0.4897571802139282,0.46369439|0.56943363|0.53465587|0.48088643|0.49814746|0.45178518|0.45898905|0.46046546,14.773512840270996,0.02079133130609989,0.9836730360984802,0.8536372184753418,0.10342444479465485,0.08,0.5,0.05,0.05,0.5,0.0001,0.001,0.001,0.0,0.0,1e-06,15.0,5.0,40.0,0.02,0.98,0.001,0.001,0.0001,0.01,0.001,0.5,style_rho0p5,sadg_rho0p05,9,9,19,19,new_training,4,0,118,0.06060238399853309,0.060400036784509815,0.003949773245646308,4.857560763108874e-06,4.381321483985327e-06,0.001664598792558536,0.00255650287726894,0.001658358514153709,4.7623930754525645e-07,0.00025751697588323924,9.013981313425272e-05,0.00128582496351252,0.0,0.0,0.0,0.0,0.0,0.0,0.0,0.0,0.05244259939839443,0.12271083518862724,0.05000000000000001,12,179|180|23|126,46,all_filtered,9,True,D:\Running_Place\PostGraduateProjects\Experiments\PostGraduate\backbones\SpaceFrequencyModulation\Seg-SADG\BaryRadGateLowDimSpatial\a0p08\rho0p5\gb8\sadg0p05\shot4\Seed0,D:\Running_Place\PostGraduateProjects\Experiments\PostGraduate\backbones\Prompts\SpaceFrequencyModulation\Seg-SADG\BaryRadGateLowDimSpatial\a0p08\rho0p5\gb8\sadg0p05\shot4\Seed0
Seg-SADG,Seg-SADG,Seg-SADG,LF-Barycenter-RadialGate-LowDimSpatialMask,fixed,cosine,lowdim,radial,8,1.0,0.45226871967315674,0.5694819688796997,0.4897099733352661,0.46416473|0.56948197|0.53426856|0.48065597|0.49790195|0.45226872|0.45882905|0.46010911,14.771247863769531,0.02078898623585701,0.9836859107017517,0.8536658883094788,0.10341726243495941,0.08,0.5,0.05,0.05,0.5,0.0001,0.001,0.001,0.0,0.0,1e-06,15.0,5.0,40.0,0.02,0.98,0.001,0.001,0.0001,0.01,0.001,0.5,style_rho0p5,sadg_rho0p05,9,9,19,19,new_training,4,0,119,0.06151242305835088,0.061288739244143166,0.004377459719156225,4.811567312875316e-06,4.3358063900692896e-06,0.0016566612272678565,0.002529798890464008,0.0016403411088200908,4.7576099386030063e-07,0.000257614398530374,8.953756150731351e-05,0.0012860902546284099,0.0,0.0,0.0,0.0,0.0,0.0,0.0,0.0,0.0523991904531916,0.13128828816115856,0.05000000000000001,12,179|180|23|126,46,all_filtered,9,True,D:\Running_Place\PostGraduateProjects\Experiments\PostGraduate\backbones\SpaceFrequencyModulation\Seg-SADG\BaryRadGateLowDimSpatial\a0p08\rho0p5\gb8\sadg0p05\shot4\Seed0,D:\Running_Place\PostGraduateProjects\Experiments\PostGraduate\backbones\Prompts\SpaceFrequencyModulation\Seg-SADG\BaryRadGateLowDimSpatial\a0p08\rho0p5\gb8\sadg0p05\shot4\Seed0
Seg-SADG,Seg-SADG,Seg-SADG,LF-Barycenter-RadialGate-LowDimSpatialMask,fixed,cosine,lowdim,radial,8,1.0,0.4521893560886383,0.5697104334831238,0.489765465259552,0.46416664|0.56971043|0.53426343|0.48053372|0.49766776|0.45218936|0.45942932|0.46016297,14.766672134399414,0.020775532349944115,0.9836999773979187,0.8537123799324036,0.10340404510498047,0.08,0.5,0.05,0.05,0.5,0.0001,0.001,0.001,0.0,0.0,1e-06,15.0,5.0,40.0,0.02,0.98,0.001,0.001,0.0001,0.01,0.001,0.5,style_rho0p5,sadg_rho0p05,9,9,19,19,new_training,4,0,120,0.06302776963760455,0.06282608428349097,0.003937878122087568,4.7912803514312445e-06,4.3161122675883234e-06,0.0016517036128789186,0.0025172713212668896,0.0016336703362564247,4.7516809568530033e-07,0.0002581578204020237,8.833579280083843e-05,0.0012867447900741051,0.0,0.0,0.0,0.0,0.0,0.0,0.0,0.0,0.053305190367003284,0.14607666246592999,0.05000000000000001,12,179|180|23|126,46,all_filtered,9,True,D:\Running_Place\PostGraduateProjects\Experiments\PostGraduate\backbones\SpaceFrequencyModulation\Seg-SADG\BaryRadGateLowDimSpatial\a0p08\rho0p5\gb8\sadg0p05\shot4\Seed0,D:\Running_Place\PostGraduateProjects\Experiments\PostGraduate\backbones\Prompts\SpaceFrequencyModulation\Seg-SADG\BaryRadGateLowDimSpatial\a0p08\rho0p5\gb8\sadg0p05\shot4\Seed0
Seg-SADG,Seg-SADG,Seg-SADG,LF-Barycenter-RadialGate-LowDimSpatialMask,fixed,cosine,lowdim,radial,8,1.0,0.4522850215435028,0.5701699256896973,0.4900338351726532,0.46457228|0.57016993|0.53451926|0.48035058|0.49807292|0.45228502|0.46014404|0.46015671,14.787142753601074,0.020744558423757553,0.9837548136711121,0.8535942435264587,0.10346893221139908,0.08,0.5,0.05,0.05,0.5,0.0001,0.001,0.001,0.0,0.0,1e-06,15.0,5.0,40.0,0.02,0.98,0.001,0.001,0.0001,0.01,0.001,0.5,style_rho0p5,sadg_rho0p05,9,9,19,19,new_training,4,0,121,0.06535857201864322,0.0651237058142821,0.004600756200185667,4.828404750393626e-06,4.354716603908552e-06,0.001654243766097352,0.0025423172822532556,0.0016469747157922636,4.736881156948887e-07,0.00025660462900608155,8.843526059839253e-05,0.0012864821280042331,0.0,0.0,0.0,0.0,0.0,0.0,0.0,0.0,0.05423842370510101,0.16454706651469073,0.05000000000000001,12,179|180|23|126,46,all_filtered,9,True,D:\Running_Place\PostGraduateProjects\Experiments\PostGraduate\backbones\SpaceFrequencyModulation\Seg-SADG\BaryRadGateLowDimSpatial\a0p08\rho0p5\gb8\sadg0p05\shot4\Seed0,D:\Running_Place\PostGraduateProjects\Experiments\PostGraduate\backbones\Prompts\SpaceFrequencyModulation\Seg-SADG\BaryRadGateLowDimSpatial\a0p08\rho0p5\gb8\sadg0p05\shot4\Seed0
Seg-SADG,Seg-SADG,Seg-SADG,LF-Barycenter-RadialGate-LowDimSpatialMask,fixed,cosine,lowdim,radial,8,1.0,0.45266762375831604,0.570197343826294,0.49025052785873413,0.46505758|0.57019734|0.53448963|0.48074082|0.49858803|0.45266762|0.46006399|0.46019918,14.84574031829834,0.020643295720219612,0.9837934374809265,0.8531520366668701,0.10365895181894302,0.08,0.5,0.05,0.05,0.5,0.0001,0.001,0.001,0.0,0.0,1e-06,15.0,5.0,40.0,0.02,0.98,0.001,0.001,0.0001,0.01,0.001,0.5,style_rho0p5,sadg_rho0p05,9,9,19,19,new_training,4,0,122,0.06530866647760074,0.06505235284566879,0.0050300292011039955,4.812358194309733e-06,4.3393168880356825e-06,0.001645492302486673,0.002536702416061113,0.001638065082564329,4.7304125416758325e-07,0.0002494404907338321,9.537463968930145e-05,0.0012822610733564943,0.0,0.0,0.0,0.0,0.0,0.0,0.0,0.0,0.055053988161186375,0.15357154235243797,0.05000000000000001,12,179|180|23|126,46,all_filtered,9,True,D:\Running_Place\PostGraduateProjects\Experiments\PostGraduate\backbones\SpaceFrequencyModulation\Seg-SADG\BaryRadGateLowDimSpatial\a0p08\rho0p5\gb8\sadg0p05\shot4\Seed0,D:\Running_Place\PostGraduateProjects\Experiments\PostGraduate\backbones\Prompts\SpaceFrequencyModulation\Seg-SADG\BaryRadGateLowDimSpatial\a0p08\rho0p5\gb8\sadg0p05\shot4\Seed0
Seg-SADG,Seg-SADG,Seg-SADG,LF-Barycenter-RadialGate-LowDimSpatialMask,fixed,cosine,lowdim,radial,8,1.0,0.4524412751197815,0.5700498223304749,0.49029940366744995,0.46511996|0.57004982|0.53459239|0.48070964|0.4988423|0.45244128|0.4599418|0.46069804,14.855305671691895,0.020633049309253693,0.9838020205497742,0.8530827760696411,0.10368913412094116,0.08,0.5,0.05,0.05,0.5,0.0001,0.001,0.001,0.0,0.0,1e-06,15.0,5.0,40.0,0.02,0.98,0.001,0.001,0.0001,0.01,0.001,0.5,style_rho0p5,sadg_rho0p05,9,9,19,19,new_training,4,0,123,0.06438289675861597,0.06415793392807245,0.004403291561175138,4.798126345425165e-06,4.324272898278044e-06,0.001639991484504814,0.0025292414550979934,0.0016310320837267984,4.7385348741120953e-07,0.00024573286888577667,0.0001001753298623953,0.0012794528350544472,0.0,0.0,0.0,0.0,0.0,0.0,0.0,0.0,0.0545194773003459,0.1494690552353859,0.05000000000000001,12,179|180|23|126,46,all_filtered,9,True,D:\Running_Place\PostGraduateProjects\Experiments\PostGraduate\backbones\SpaceFrequencyModulation\Seg-SADG\BaryRadGateLowDimSpatial\a0p08\rho0p5\gb8\sadg0p05\shot4\Seed0,D:\Running_Place\PostGraduateProjects\Experiments\PostGraduate\backbones\Prompts\SpaceFrequencyModulation\Seg-SADG\BaryRadGateLowDimSpatial\a0p08\rho0p5\gb8\sadg0p05\shot4\Seed0
Seg-SADG,Seg-SADG,Seg-SADG,LF-Barycenter-RadialGate-LowDimSpatialMask,fixed,cosine,lowdim,radial,8,1.0,0.4522787630558014,0.569847047328949,0.4903869032859802,0.46530014|0.56984705|0.53473139|0.48095372|0.49904796|0.45227876|0.45978701|0.46114919,14.852484703063965,0.02066000923514366,0.9838140606880188,0.8531191945075989,0.10367724299430847,0.08,0.5,0.05,0.05,0.5,0.0001,0.001,0.001,0.0,0.0,1e-06,15.0,5.0,40.0,0.02,0.98,0.001,0.001,0.0001,0.01,0.001,0.5,style_rho0p5,sadg_rho0p05,9,9,19,19,new_training,4,0,124,0.06136323977261782,0.061143256102999054,0.004304012943369647,4.782358587362978e-06,4.308892963914938e-06,0.0016361738186484824,0.0025238354962008693,0.0016214399074669927,4.734655689730971e-07,0.00024569655700664345,9.981456969399005e-05,0.0012795442210820813,0.0,0.0,0.0,0.0,0.0,0.0,0.0,0.0,0.05266001230726639,0.1317701463898023,0.05000000000000001,12,179|180|23|126,46,all_filtered,9,True,D:\Running_Place\PostGraduateProjects\Experiments\PostGraduate\backbones\SpaceFrequencyModulation\Seg-SADG\BaryRadGateLowDimSpatial\a0p08\rho0p5\gb8\sadg0p05\shot4\Seed0,D:\Running_Place\PostGraduateProjects\Experiments\PostGraduate\backbones\Prompts\SpaceFrequencyModulation\Seg-SADG\BaryRadGateLowDimSpatial\a0p08\rho0p5\gb8\sadg0p05\shot4\Seed0
Seg-SADG,Seg-SADG,Seg-SADG,LF-Barycenter-RadialGate-LowDimSpatialMask,fixed,cosine,lowdim,radial,8,1.0,0.45241186022758484,0.5696961879730225,0.4905001223087311,0.46557158|0.56969619|0.53462785|0.48122984|0.49917814|0.45241186|0.46007934|0.46120608,14.85100269317627,0.020670222118496895,0.9838268160820007,0.8531430959701538,0.10367122292518616,0.08,0.5,0.05,0.05,0.5,0.0001,0.001,0.001,0.0,0.0,1e-06,15.0,5.0,40.0,0.02,0.98,0.001,0.001,0.0001,0.01,0.001,0.5,style_rho0p5,sadg_rho0p05,9,9,19,19,new_training,4,0,125,0.057865425013005733,0.05766354966908693,0.003942381939850748,4.756186778346698e-06,4.283327446804226e-06,0.0016254936344921589,0.0025097569062684975,0.001611020901085188,4.728592652251488e-07,0.0002454167212514828,9.948770578679007e-05,0.0012795481986055772,0.0,0.0,0.0,0.0,0.0,0.0,0.0,0.0,0.0508443396538496,0.10716601212819417,0.05000000000000001,12,179|180|23|126,46,all_filtered,9,True,D:\Running_Place\PostGraduateProjects\Experiments\PostGraduate\backbones\SpaceFrequencyModulation\Seg-SADG\BaryRadGateLowDimSpatial\a0p08\rho0p5\gb8\sadg0p05\shot4\Seed0,D:\Running_Place\PostGraduateProjects\Experiments\PostGraduate\backbones\Prompts\SpaceFrequencyModulation\Seg-SADG\BaryRadGateLowDimSpatial\a0p08\rho0p5\gb8\sadg0p05\shot4\Seed0
Seg-SADG,Seg-SADG,Seg-SADG,LF-Barycenter-RadialGate-LowDimSpatialMask,fixed,cosine,lowdim,radial,8,1.0,0.45283207297325134,0.569248378276825,0.49049636721611023,0.4659366|0.56924838|0.53454328|0.48112801|0.49911928|0.45283207|0.46005401|0.46110949,14.84721851348877,0.02067432925105095,0.9838204383850098,0.8531679511070251,0.10365937650203705,0.08,0.5,0.05,0.05,0.5,0.0001,0.001,0.001,0.0,0.0,1e-06,15.0,5.0,40.0,0.02,0.98,0.001,0.001,0.0001,0.01,0.001,0.5,style_rho0p5,sadg_rho0p05,9,9,19,19,new_training,4,0,126,0.05859907281895479,0.05840554771323999,0.003776259235261629,4.710294774668e-06,4.2377017734906985e-06,0.0016132155336284388,0.0024839771213009953,0.0015924029576126486,4.7259301775663215e-07,0.0002457057538170678,9.890049902120761e-05,0.001279867496729518,0.0,0.0,0.0,0.0,0.0,0.0,0.0,0.0,0.0501441266387701,0.12533940561115742,0.05000000000000001,12,179|180|23|126,46,all_filtered,9,True,D:\Running_Place\PostGraduateProjects\Experiments\PostGraduate\backbones\SpaceFrequencyModulation\Seg-SADG\BaryRadGateLowDimSpatial\a0p08\rho0p5\gb8\sadg0p05\shot4\Seed0,D:\Running_Place\PostGraduateProjects\Experiments\PostGraduate\backbones\Prompts\SpaceFrequencyModulation\Seg-SADG\BaryRadGateLowDimSpatial\a0p08\rho0p5\gb8\sadg0p05\shot4\Seed0
Seg-SADG,Seg-SADG,Seg-SADG,LF-Barycenter-RadialGate-LowDimSpatialMask,fixed,cosine,lowdim,radial,8,1.0,0.45317092537879944,0.5689926743507385,0.4906192421913147,0.46653628|0.56899267|0.53471392|0.48133415|0.49938279|0.45317093|0.45957306|0.46125001,14.834681510925293,0.020684724673628807,0.9838466048240662,0.8532907962799072,0.10361893475055695,0.08,0.5,0.05,0.05,0.5,0.0001,0.001,0.001,0.0,0.0,1e-06,15.0,5.0,40.0,0.02,0.98,0.001,0.001,0.0001,0.01,0.001,0.5,style_rho0p5,sadg_rho0p05,9,9,19,19,new_training,4,0,127,0.05628413334488869,0.05608732377489408,0.0038432899940138063,4.644851818132641e-06,4.17308626765589e-06,0.0015995858217744778,0.002447688253596425,0.00156543921912089,4.7176554337132376e-07,0.0002460680698277429,9.764653320113818e-05,0.00128050929439875,0.0,0.0,0.0,0.0,0.0,0.0,0.0,0.0,0.04843471602847179,0.11704426382978757,0.05000000000000001,12,179|180|23|126,46,all_filtered,9,True,D:\Running_Place\PostGraduateProjects\Experiments\PostGraduate\backbones\SpaceFrequencyModulation\Seg-SADG\BaryRadGateLowDimSpatial\a0p08\rho0p5\gb8\sadg0p05\shot4\Seed0,D:\Running_Place\PostGraduateProjects\Experiments\PostGraduate\backbones\Prompts\SpaceFrequencyModulation\Seg-SADG\BaryRadGateLowDimSpatial\a0p08\rho0p5\gb8\sadg0p05\shot4\Seed0
Seg-SADG,Seg-SADG,Seg-SADG,LF-Barycenter-RadialGate-LowDimSpatialMask,fixed,cosine,lowdim,radial,8,1.0,0.45323503017425537,0.5688903331756592,0.4906223714351654,0.46686947|0.56889033|0.53461796|0.48160377|0.499504|0.45323503|0.45893928|0.46131921,14.828099250793457,0.020698262378573418,0.9838628768920898,0.8533586263656616,0.1035967469215393,0.08,0.5,0.05,0.05,0.5,0.0001,0.001,0.001,0.0,0.0,1e-06,15.0,5.0,40.0,0.02,0.98,0.001,0.001,0.0001,0.01,0.001,0.5,style_rho0p5,sadg_rho0p05,9,9,19,19,new_training,4,0,128,0.056106723534564175,0.05590453092008829,0.00395192231129234,4.596252059248703e-06,4.126158197929423e-06,0.0015933631123819698,0.002421751443762332,0.0015450702242863674,4.7009388974098937e-07,0.0002464818996183264,9.545685861667152e-05,0.0012815512212303777,0.0,0.0,0.0,0.0,0.0,0.0,0.0,0.0,0.04821098782122135,0.11795752060910066,0.05000000000000001,12,179|180|23|126,46,all_filtered,9,True,D:\Running_Place\PostGraduateProjects\Experiments\PostGraduate\backbones\SpaceFrequencyModulation\Seg-SADG\BaryRadGateLowDimSpatial\a0p08\rho0p5\gb8\sadg0p05\shot4\Seed0,D:\Running_Place\PostGraduateProjects\Experiments\PostGraduate\backbones\Prompts\SpaceFrequencyModulation\Seg-SADG\BaryRadGateLowDimSpatial\a0p08\rho0p5\gb8\sadg0p05\shot4\Seed0
Seg-SADG,Seg-SADG,Seg-SADG,LF-Barycenter-RadialGate-LowDimSpatialMask,fixed,cosine,lowdim,radial,8,1.0,0.4527805745601654,0.568795382976532,0.4905511438846588,0.46722373|0.56879538|0.5345996|0.48133609|0.49968892|0.45278057|0.45887974|0.46110514,14.81523323059082,0.02072257548570633,0.9838735461235046,0.8534724116325378,0.10355421900749207,0.08,0.5,0.05,0.05,0.5,0.0001,0.001,0.001,0.0,0.0,1e-06,15.0,5.0,40.0,0.02,0.98,0.001,0.001,0.0001,0.01,0.001,0.5,style_rho0p5,sadg_rho0p05,9,9,19,19,new_training,4,0,129,0.055737972569962345,0.05555506950865189,0.0035665939988878867,4.573670063715933e-06,4.104378755679742e-06,0.0015947451174724847,0.002412129620400568,0.0015327745059039444,4.692912985622873e-07,0.0002470759573043324,9.398673076551252e-05,0.0012822859571315348,0.0,0.0,0.0,0.0,0.0,0.0,0.0,0.0,0.04790467986216148,0.12041991949081421,0.05000000000000001,12,179|180|23|126,46,all_filtered,9,True,D:\Running_Place\PostGraduateProjects\Experiments\PostGraduate\backbones\SpaceFrequencyModulation\Seg-SADG\BaryRadGateLowDimSpatial\a0p08\rho0p5\gb8\sadg0p05\shot4\Seed0,D:\Running_Place\PostGraduateProjects\Experiments\PostGraduate\backbones\Prompts\SpaceFrequencyModulation\Seg-SADG\BaryRadGateLowDimSpatial\a0p08\rho0p5\gb8\sadg0p05\shot4\Seed0
Seg-SADG,Seg-SADG,Seg-SADG,LF-Barycenter-RadialGate-LowDimSpatialMask,fixed,cosine,lowdim,radial,8,1.0,0.4525807201862335,0.5686326026916504,0.4904811680316925,0.46762776|0.5686326|0.53472787|0.48119152|0.49955991|0.45258072|0.45907643|0.46045238,14.810429573059082,0.020723886787891388,0.9838864207267761,0.8535217046737671,0.1035388633608818,0.08,0.5,0.05,0.05,0.5,0.0001,0.001,0.001,0.0,0.0,1e-06,15.0,5.0,40.0,0.02,0.98,0.001,0.001,0.0001,0.01,0.001,0.5,style_rho0p5,sadg_rho0p05,9,9,19,19,new_training,4,0,130,0.05395254741112391,0.0537674097965161,0.003611531399656087,4.561169400100577e-06,4.092765152563516e-06,0.0016004336551607896,0.002410898702995231,0.0015218229091260582,4.684042380631581e-07,0.00024778906905946013,9.229912211594637e-05,0.0012831603235099465,0.0,0.0,0.0,0.0,0.0,0.0,0.0,0.0,0.04651109098146359,0.1082378514111042,0.05000000000000001,12,179|180|23|126,46,all_filtered,9,True,D:\Running_Place\PostGraduateProjects\Experiments\PostGraduate\backbones\SpaceFrequencyModulation\Seg-SADG\BaryRadGateLowDimSpatial\a0p08\rho0p5\gb8\sadg0p05\shot4\Seed0,D:\Running_Place\PostGraduateProjects\Experiments\PostGraduate\backbones\Prompts\SpaceFrequencyModulation\Seg-SADG\BaryRadGateLowDimSpatial\a0p08\rho0p5\gb8\sadg0p05\shot4\Seed0
Seg-SADG,Seg-SADG,Seg-SADG,LF-Barycenter-RadialGate-LowDimSpatialMask,fixed,cosine,lowdim,radial,8,1.0,0.45305269956588745,0.5686769485473633,0.49056529998779297,0.46804497|0.56867695|0.53497279|0.4810209|0.49948215|0.4530527|0.45919248|0.46007928,14.804093360900879,0.020743031054735184,0.9839169383049011,0.8536006212234497,0.10351632535457611,0.08,0.5,0.05,0.05,0.5,0.0001,0.001,0.001,0.0,0.0,1e-06,15.0,5.0,40.0,0.02,0.98,0.001,0.001,0.0001,0.01,0.001,0.5,style_rho0p5,sadg_rho0p05,9,9,19,19,new_training,4,0,131,0.05295415657262007,0.052775430803497635,0.0034839704361123345,4.526977174161099e-06,4.059623355108973e-06,0.0016005500219762325,0.002393946109805256,0.0015056220872793347,4.673538024727956e-07,0.0002479247365651342,9.105717314620658e-05,0.0012837188454189648,0.0,0.0,0.0,0.0,0.0,0.0,0.0,0.0,0.04579105911155542,0.10754320894678433,0.05000000000000001,12,179|180|23|126,46,all_filtered,9,True,D:\Running_Place\PostGraduateProjects\Experiments\PostGraduate\backbones\SpaceFrequencyModulation\Seg-SADG\BaryRadGateLowDimSpatial\a0p08\rho0p5\gb8\sadg0p05\shot4\Seed0,D:\Running_Place\PostGraduateProjects\Experiments\PostGraduate\backbones\Prompts\SpaceFrequencyModulation\Seg-SADG\BaryRadGateLowDimSpatial\a0p08\rho0p5\gb8\sadg0p05\shot4\Seed0
Seg-SADG,Seg-SADG,Seg-SADG,LF-Barycenter-RadialGate-LowDimSpatialMask,fixed,cosine,lowdim,radial,8,1.0,0.4529574513435364,0.5687381029129028,0.49065083265304565,0.46829146|0.5687381|0.53493208|0.48095679|0.49963412|0.45295745|0.45957401|0.46012273,14.798079490661621,0.020752791315317154,0.9839370846748352,0.8536667823791504,0.10349610447883606,0.08,0.5,0.05,0.05,0.5,0.0001,0.001,0.001,0.0,0.0,1e-06,15.0,5.0,40.0,0.02,0.98,0.001,0.001,0.0001,0.01,0.001,0.5,style_rho0p5,sadg_rho0p05,9,9,19,19,new_training,4,0,132,0.054268533984820046,0.054084058540562786,0.0035991634358651936,4.517307009640111e-06,4.051066942641531e-06,0.0015978732844814658,0.002389878674875945,0.0015014007512945682,4.662400693670558e-07,0.0002482137836826344,8.958994779580583e-05,0.0012843632624329377,0.0,0.0,0.0,0.0,0.0,0.0,0.0,0.0,0.046490742824971676,0.11851127507785957,0.05000000000000001,12,179|180|23|126,46,all_filtered,9,True,D:\Running_Place\PostGraduateProjects\Experiments\PostGraduate\backbones\SpaceFrequencyModulation\Seg-SADG\BaryRadGateLowDimSpatial\a0p08\rho0p5\gb8\sadg0p05\shot4\Seed0,D:\Running_Place\PostGraduateProjects\Experiments\PostGraduate\backbones\Prompts\SpaceFrequencyModulation\Seg-SADG\BaryRadGateLowDimSpatial\a0p08\rho0p5\gb8\sadg0p05\shot4\Seed0
Seg-SADG,Seg-SADG,Seg-SADG,LF-Barycenter-RadialGate-LowDimSpatialMask,fixed,cosine,lowdim,radial,8,1.0,0.45269834995269775,0.5686250925064087,0.4906727075576782,0.46876228|0.56862509|0.53485578|0.48105773|0.49952409|0.45269835|0.45976996|0.4600884,14.790441513061523,0.020766843110322952,0.9839535355567932,0.8537430763244629,0.10347048193216324,0.08,0.5,0.05,0.05,0.5,0.0001,0.001,0.001,0.0,0.0,1e-06,15.0,5.0,40.0,0.02,0.98,0.001,0.001,0.0001,0.01,0.001,0.5,style_rho0p5,sadg_rho0p05,9,9,19,19,new_training,4,0,133,0.05508579003314177,0.05489988128344218,0.0036282568083455167,4.494997256188071e-06,4.029586989418021e-06,0.0015909027521653722,0.00238038320094347,0.0014901133933259796,4.654102170320584e-07,0.0002485472602226461,8.83671182236867e-05,0.0012849583096491795,0.0,0.0,0.0,0.0,0.0,0.0,0.0,0.0,0.046408550503353276,0.1246516505877177,0.05000000000000001,12,179|180|23|126,46,all_filtered,9,True,D:\Running_Place\PostGraduateProjects\Experiments\PostGraduate\backbones\SpaceFrequencyModulation\Seg-SADG\BaryRadGateLowDimSpatial\a0p08\rho0p5\gb8\sadg0p05\shot4\Seed0,D:\Running_Place\PostGraduateProjects\Experiments\PostGraduate\backbones\Prompts\SpaceFrequencyModulation\Seg-SADG\BaryRadGateLowDimSpatial\a0p08\rho0p5\gb8\sadg0p05\shot4\Seed0
Seg-SADG,Seg-SADG,Seg-SADG,LF-Barycenter-RadialGate-LowDimSpatialMask,fixed,cosine,lowdim,radial,8,1.0,0.4528995752334595,0.5686081647872925,0.4906931221485138,0.46936637|0.56860816|0.53475708|0.48106971|0.49942225|0.45289958|0.45933223|0.46008942,14.782608032226562,0.020785948261618614,0.9839776754379272,0.8538282513618469,0.10344347357749939,0.08,0.5,0.05,0.05,0.5,0.0001,0.001,0.001,0.0,0.0,1e-06,15.0,5.0,40.0,0.02,0.98,0.001,0.001,0.0001,0.01,0.001,0.5,style_rho0p5,sadg_rho0p05,9,9,19,19,new_training,4,0,134,0.05608167561391989,0.05589613256355127,0.0036218463889478394,4.450730367958992e-06,3.9861351600241806e-06,0.0015865380798156063,0.002357201805959145,0.0014702794433105737,4.645952600412784e-07,0.00024925677037875477,8.676385065579477e-05,0.0012857462376511346,0.0,0.0,0.0,0.0,0.0,0.0,0.0,0.0,0.04686442079643408,0.1376727744936943,0.05000000000000001,12,179|180|23|126,46,all_filtered,9,True,D:\Running_Place\PostGraduateProjects\Experiments\PostGraduate\backbones\SpaceFrequencyModulation\Seg-SADG\BaryRadGateLowDimSpatial\a0p08\rho0p5\gb8\sadg0p05\shot4\Seed0,D:\Running_Place\PostGraduateProjects\Experiments\PostGraduate\backbones\Prompts\SpaceFrequencyModulation\Seg-SADG\BaryRadGateLowDimSpatial\a0p08\rho0p5\gb8\sadg0p05\shot4\Seed0
Seg-SADG,Seg-SADG,Seg-SADG,LF-Barycenter-RadialGate-LowDimSpatialMask,fixed,cosine,lowdim,radial,8,1.0,0.4530304968357086,0.5685580372810364,0.49068430066108704,0.46941975|0.56855804|0.53490621|0.48106465|0.49915165|0.4530305|0.45924738|0.46009618,14.77738094329834,0.020788084715604782,0.9839849472045898,0.8538762331008911,0.10342683643102646,0.08,0.5,0.05,0.05,0.5,0.0001,0.001,0.001,0.0,0.0,1e-06,15.0,5.0,40.0,0.02,0.98,0.001,0.001,0.0001,0.01,0.001,0.5,style_rho0p5,sadg_rho0p05,9,9,19,19,new_training,4,0,135,0.05486110101143519,0.05467738304287195,0.0035858943010680377,4.423759075204241e-06,3.959873159449974e-06,0.0015838566857079666,0.002342430040395508,0.0014590573070260386,4.6388597970311213e-07,0.00024986788776004687,8.537281610188074e-05,0.001286452674927811,0.0,0.0,0.0,0.0,0.0,0.0,0.0,0.0,0.04655545515318712,0.13032628782093525,0.05000000000000001,12,179|180|23|126,46,all_filtered,9,True,D:\Running_Place\PostGraduateProjects\Experiments\PostGraduate\backbones\SpaceFrequencyModulation\Seg-SADG\BaryRadGateLowDimSpatial\a0p08\rho0p5\gb8\sadg0p05\shot4\Seed0,D:\Running_Place\PostGraduateProjects\Experiments\PostGraduate\backbones\Prompts\SpaceFrequencyModulation\Seg-SADG\BaryRadGateLowDimSpatial\a0p08\rho0p5\gb8\sadg0p05\shot4\Seed0
Seg-SADG,Seg-SADG,Seg-SADG,LF-Barycenter-RadialGate-LowDimSpatialMask,fixed,cosine,lowdim,radial,8,1.0,0.45324647426605225,0.5683185458183289,0.4907798171043396,0.46981186|0.56831855|0.53529924|0.48133951|0.49907872|0.45324647|0.45920238|0.4599418,14.771440505981445,0.020800340920686722,0.9840053915977478,0.8539422750473022,0.10340648144483566,0.08,0.5,0.05,0.05,0.5,0.0001,0.001,0.001,0.0,0.0,1e-06,15.0,5.0,40.0,0.02,0.98,0.001,0.001,0.0001,0.01,0.001,0.5,style_rho0p5,sadg_rho0p05,9,9,19,19,new_training,4,0,136,0.05340098806967338,0.053217840691407524,0.0035750617971643806,4.3941028404030176e-06,3.9309056774072815e-06,0.0015810125429804127,0.0023242994599665203,0.0014485047819713752,4.631972316815336e-07,0.00024976445759724203,8.476374993430606e-05,0.0012866901621843378,0.0,0.0,0.0,0.0,0.0,0.0,0.0,0.0,0.04544011689722538,0.11887259843448798,0.05000000000000001,12,179|180|23|126,46,all_filtered,9,True,D:\Running_Place\PostGraduateProjects\Experiments\PostGraduate\backbones\SpaceFrequencyModulation\Seg-SADG\BaryRadGateLowDimSpatial\a0p08\rho0p5\gb8\sadg0p05\shot4\Seed0,D:\Running_Place\PostGraduateProjects\Experiments\PostGraduate\backbones\Prompts\SpaceFrequencyModulation\Seg-SADG\BaryRadGateLowDimSpatial\a0p08\rho0p5\gb8\sadg0p05\shot4\Seed0
Seg-SADG,Seg-SADG,Seg-SADG,LF-Barycenter-RadialGate-LowDimSpatialMask,fixed,cosine,lowdim,radial,8,1.0,0.4534115195274353,0.568125307559967,0.49074551463127136,0.47031617|0.56812531|0.53561145|0.48117816|0.49878451|0.45341152|0.45900488|0.45953211,14.762469291687012,0.020821446552872658,0.9840207695960999,0.8540294170379639,0.10337596386671066,0.08,0.5,0.05,0.05,0.5,0.0001,0.001,0.001,0.0,0.0,1e-06,15.0,5.0,40.0,0.02,0.98,0.001,0.001,0.0001,0.01,0.001,0.5,style_rho0p5,sadg_rho0p05,9,9,19,19,new_training,4,0,137,0.05477187130600214,0.05457228887826204,0.003904811067817112,4.342011948210711e-06,3.879377800330985e-06,0.0015769460781787832,0.0022952603176236153,0.0014264227162736158,4.62634178669911e-07,0.0002508145626052283,8.306161059105459e-05,0.001287580031203106,0.0,0.0,0.0,0.0,0.0,0.0,0.0,0.0,0.04577150413145622,0.13186512204507986,0.05000000000000001,12,179|180|23|126,46,all_filtered,9,True,D:\Running_Place\PostGraduateProjects\Experiments\PostGraduate\backbones\SpaceFrequencyModulation\Seg-SADG\BaryRadGateLowDimSpatial\a0p08\rho0p5\gb8\sadg0p05\shot4\Seed0,D:\Running_Place\PostGraduateProjects\Experiments\PostGraduate\backbones\Prompts\SpaceFrequencyModulation\Seg-SADG\BaryRadGateLowDimSpatial\a0p08\rho0p5\gb8\sadg0p05\shot4\Seed0
Seg-SADG,Seg-SADG,Seg-SADG,LF-Barycenter-RadialGate-LowDimSpatialMask,fixed,cosine,lowdim,radial,8,1.0,0.45423388481140137,0.5676613450050354,0.4906400442123413,0.47094184|0.56766135|0.53527111|0.48040813|0.49891308|0.45423388|0.45905507|0.45863578,14.759822845458984,0.020800756290555,0.9840125441551208,0.854040265083313,0.10337018221616745,0.08,0.5,0.05,0.05,0.5,0.0001,0.001,0.001,0.0,0.0,1e-06,15.0,5.0,40.0,0.02,0.98,0.001,0.001,0.0001,0.01,0.001,0.5,style_rho0p5,sadg_rho0p05,9,9,19,19,new_training,4,0,138,0.05513373420884212,0.05494456769277652,0.003697400175345441,4.296556805153766e-06,3.833929876388235e-06,0.0015746541418290387,0.0022725489106960595,0.001403915414509053,4.626269192916273e-07,0.0002517292329381841,8.207787080512692e-05,0.0012881980316403012,0.0,0.0,0.0,0.0,0.0,0.0,0.0,0.0,0.046295857367416225,0.13092192200322947,0.05000000000000001,12,179|180|23|126,46,all_filtered,9,True,D:\Running_Place\PostGraduateProjects\Experiments\PostGraduate\backbones\SpaceFrequencyModulation\Seg-SADG\BaryRadGateLowDimSpatial\a0p08\rho0p5\gb8\sadg0p05\shot4\Seed0,D:\Running_Place\PostGraduateProjects\Experiments\PostGraduate\backbones\Prompts\SpaceFrequencyModulation\Seg-SADG\BaryRadGateLowDimSpatial\a0p08\rho0p5\gb8\sadg0p05\shot4\Seed0
Seg-SADG,Seg-SADG,Seg-SADG,LF-Barycenter-RadialGate-LowDimSpatialMask,fixed,cosine,lowdim,radial,8,1.0,0.45478808879852295,0.5673220753669739,0.490751713514328,0.47159696|0.56732208|0.5351916|0.4807407|0.49903294|0.45478809|0.4591136|0.45822772,14.754148483276367,0.02081308886408806,0.9840344786643982,0.8541056513786316,0.10335056483745575,0.08,0.5,0.05,0.05,0.5,0.0001,0.001,0.001,0.0,0.0,1e-06,15.0,5.0,40.0,0.02,0.98,0.001,0.001,0.0001,0.01,0.001,0.5,style_rho0p5,sadg_rho0p05,9,9,19,19,new_training,4,0,139,0.05481878202408552,0.054629405649999775,0.0037030233070254326,4.224997345166533e-06,3.762493273976967e-06,0.0015581312860983114,0.0022320766972067454,0.001374603317041571,4.6250408776889646e-07,0.00025205069929749396,8.160178246422826e-05,0.0012885159715854873,0.0,0.0,0.0,0.0,0.0,0.0,0.0,0.0,0.04616680399825176,0.13080977400143942,0.05000000000000001,12,179|180|23|126,46,all_filtered,9,True,D:\Running_Place\PostGraduateProjects\Experiments\PostGraduate\backbones\SpaceFrequencyModulation\Seg-SADG\BaryRadGateLowDimSpatial\a0p08\rho0p5\gb8\sadg0p05\shot4\Seed0,D:\Running_Place\PostGraduateProjects\Experiments\PostGraduate\backbones\Prompts\SpaceFrequencyModulation\Seg-SADG\BaryRadGateLowDimSpatial\a0p08\rho0p5\gb8\sadg0p05\shot4\Seed0
Seg-SADG,Seg-SADG,Seg-SADG,LF-Barycenter-RadialGate-LowDimSpatialMask,fixed,cosine,lowdim,radial,8,1.0,0.4547603726387024,0.5671853423118591,0.4907723367214203,0.47197181|0.56718534|0.53506255|0.48085755|0.49911192|0.45476037|0.45897642|0.45825264,14.753110885620117,0.02082068845629692,0.9840477705001831,0.8541264533996582,0.10334613174200058,0.08,0.5,0.05,0.05,0.5,0.0001,0.001,0.001,0.0,0.0,1e-06,15.0,5.0,40.0,0.02,0.98,0.001,0.001,0.0001,0.01,0.001,0.5,style_rho0p5,sadg_rho0p05,9,9,19,19,new_training,4,0,140,0.05251870770007372,0.052338551729917526,0.0035197046236135066,4.169598165996528e-06,3.7078578998261946e-06,0.001550549689757948,0.0022010707568066814,0.0013517320427733164,4.6174024485405124e-07,0.00025211693719029427,8.073726894508582e-05,0.0012888602504972368,0.0,0.0,0.0,0.0,0.0,0.0,0.0,0.0,0.044782974757254124,0.1181047869225343,0.05000000000000001,12,179|180|23|126,46,all_filtered,9,True,D:\Running_Place\PostGraduateProjects\Experiments\PostGraduate\backbones\SpaceFrequencyModulation\Seg-SADG\BaryRadGateLowDimSpatial\a0p08\rho0p5\gb8\sadg0p05\shot4\Seed0,D:\Running_Place\PostGraduateProjects\Experiments\PostGraduate\backbones\Prompts\SpaceFrequencyModulation\Seg-SADG\BaryRadGateLowDimSpatial\a0p08\rho0p5\gb8\sadg0p05\shot4\Seed0
Seg-SADG,Seg-SADG,Seg-SADG,LF-Barycenter-RadialGate-LowDimSpatialMask,fixed,cosine,lowdim,radial,8,1.0,0.45474350452423096,0.5668331384658813,0.490901917219162,0.47225505|0.56683314|0.53485215|0.48124927|0.49924737|0.4547435|0.4595452|0.45848969,14.754318237304688,0.020826051011681557,0.9840513467788696,0.8541208505630493,0.10334920138120651,0.08,0.5,0.05,0.05,0.5,0.0001,0.001,0.001,0.0,0.0,1e-06,15.0,5.0,40.0,0.02,0.98,0.001,0.001,0.0001,0.01,0.001,0.5,style_rho0p5,sadg_rho0p05,9,9,19,19,new_training,4,0,141,0.051732383047540985,0.05155106447637081,0.0035436692220779755,4.134141401361073e-06,3.672706971732017e-06,0.0015360223381624867,0.0021810898324474692,0.0013380147574935108,4.6143443199753165e-07,0.0002520271737012081,8.051602708292194e-05,0.0012889121717307717,0.0,0.0,0.0,0.0,0.0,0.0,0.0,0.0,0.04400118285169204,0.11370943610866864,0.05000000000000001,12,179|180|23|126,46,all_filtered,9,True,D:\Running_Place\PostGraduateProjects\Experiments\PostGraduate\backbones\SpaceFrequencyModulation\Seg-SADG\BaryRadGateLowDimSpatial\a0p08\rho0p5\gb8\sadg0p05\shot4\Seed0,D:\Running_Place\PostGraduateProjects\Experiments\PostGraduate\backbones\Prompts\SpaceFrequencyModulation\Seg-SADG\BaryRadGateLowDimSpatial\a0p08\rho0p5\gb8\sadg0p05\shot4\Seed0
Seg-SADG,Seg-SADG,Seg-SADG,LF-Barycenter-RadialGate-LowDimSpatialMask,fixed,cosine,lowdim,radial,8,1.0,0.45464038848876953,0.5666508674621582,0.4909929633140564,0.47241962|0.56665087|0.53490818|0.48132914|0.49914864|0.45464039|0.4599663|0.45888063,14.758010864257812,0.020831570029258728,0.9840570688247681,0.854097306728363,0.1033599004149437,0.08,0.5,0.05,0.05,0.5,0.0001,0.001,0.001,0.0,0.0,1e-06,15.0,5.0,40.0,0.02,0.98,0.001,0.001,0.0001,0.01,0.001,0.5,style_rho0p5,sadg_rho0p05,9,9,19,19,new_training,4,0,142,0.05159324718018373,0.051423499981562294,0.0033130301744677126,4.095533957600613e-06,3.6342936482469668e-06,0.0015202378563117236,0.002160380807860444,0.001321888897412767,4.612402430363242e-07,0.00025144167254135635,8.09396369731985e-05,0.0012885892162254702,0.0,0.0,0.0,0.0,0.0,0.0,0.0,0.0,0.04348609068741401,0.11853196223576863,0.05000000000000001,12,179|180|23|126,46,all_filtered,9,True,D:\Running_Place\PostGraduateProjects\Experiments\PostGraduate\backbones\SpaceFrequencyModulation\Seg-SADG\BaryRadGateLowDimSpatial\a0p08\rho0p5\gb8\sadg0p05\shot4\Seed0,D:\Running_Place\PostGraduateProjects\Experiments\PostGraduate\backbones\Prompts\SpaceFrequencyModulation\Seg-SADG\BaryRadGateLowDimSpatial\a0p08\rho0p5\gb8\sadg0p05\shot4\Seed0
Seg-SADG,Seg-SADG,Seg-SADG,LF-Barycenter-RadialGate-LowDimSpatialMask,fixed,cosine,lowdim,radial,8,1.0,0.45476341247558594,0.5664507746696472,0.4911503195762634,0.47274956|0.56645077|0.53454971|0.48188013|0.49932137|0.45476341|0.4604032|0.4590843,14.75741958618164,0.02083946019411087,0.9840717315673828,0.8541157245635986,0.10335677117109299,0.08,0.5,0.05,0.05,0.5,0.0001,0.001,0.001,0.0,0.0,1e-06,15.0,5.0,40.0,0.02,0.98,0.001,0.001,0.0001,0.01,0.001,0.5,style_rho0p5,sadg_rho0p05,9,9,19,19,new_training,4,0,143,0.05130393678943316,0.051114119278887905,0.003714979626238346,4.068615870285915e-06,3.607682629080955e-06,0.0015076807370254148,0.0021449195919558406,0.0013119947883145262,4.609331962039202e-07,0.00025120127490178373,8.087933201750275e-05,0.0012885257019661367,0.0,0.0,0.0,0.0,0.0,0.0,0.0,0.0,0.04337508728106817,0.11874048163493474,0.05000000000000001,12,179|180|23|126,46,all_filtered,9,True,D:\Running_Place\PostGraduateProjects\Experiments\PostGraduate\backbones\SpaceFrequencyModulation\Seg-SADG\BaryRadGateLowDimSpatial\a0p08\rho0p5\gb8\sadg0p05\shot4\Seed0,D:\Running_Place\PostGraduateProjects\Experiments\PostGraduate\backbones\Prompts\SpaceFrequencyModulation\Seg-SADG\BaryRadGateLowDimSpatial\a0p08\rho0p5\gb8\sadg0p05\shot4\Seed0
Seg-SADG,Seg-SADG,Seg-SADG,LF-Barycenter-RadialGate-LowDimSpatialMask,fixed,cosine,lowdim,radial,8,1.0,0.4548271894454956,0.5664770007133484,0.4912427067756653,0.47296587|0.566477|0.5348196|0.48165065|0.49926117|0.45482719|0.46070871|0.45923173,14.7529935836792,0.020837951451539993,0.9840896129608154,0.8541659116744995,0.10334262251853943,0.08,0.5,0.05,0.05,0.5,0.0001,0.001,0.001,0.0,0.0,1e-06,15.0,5.0,40.0,0.02,0.98,0.001,0.001,0.0001,0.01,0.001,0.5,style_rho0p5,sadg_rho0p05,9,9,19,19,new_training,4,0,144,0.05100506078451872,0.05082856770604849,0.0034491627399499216,4.035225894464626e-06,3.5748475018711665e-06,0.0014939262764528394,0.0021259000447268286,0.0012995546276215464,4.603784375944997e-07,0.0002512684538184355,8.022710062505212e-05,0.0012888287019450217,0.0,0.0,0.0,0.0,0.0,0.0,0.0,0.0,0.043321553307274975,0.11665130158265431,0.05000000000000001,12,179|180|23|126,46,all_filtered,9,True,D:\Running_Place\PostGraduateProjects\Experiments\PostGraduate\backbones\SpaceFrequencyModulation\Seg-SADG\BaryRadGateLowDimSpatial\a0p08\rho0p5\gb8\sadg0p05\shot4\Seed0,D:\Running_Place\PostGraduateProjects\Experiments\PostGraduate\backbones\Prompts\SpaceFrequencyModulation\Seg-SADG\BaryRadGateLowDimSpatial\a0p08\rho0p5\gb8\sadg0p05\shot4\Seed0
Seg-SADG,Seg-SADG,Seg-SADG,LF-Barycenter-RadialGate-LowDimSpatialMask,fixed,cosine,lowdim,radial,8,1.0,0.4550439119338989,0.5663409233093262,0.4913140535354614,0.47351277|0.56634092|0.5350942|0.48145819|0.49904221|0.45504391|0.46061257|0.45940763,14.74792766571045,0.020838933065533638,0.9841104745864868,0.8542240858078003,0.10332609713077545,0.08,0.5,0.05,0.05,0.5,0.0001,0.001,0.001,0.0,0.0,1e-06,15.0,5.0,40.0,0.02,0.98,0.001,0.001,0.0001,0.01,0.001,0.5,style_rho0p5,sadg_rho0p05,9,9,19,19,new_training,4,0,145,0.052464211049179234,0.05228017705182234,0.0036002903943881392,4.018996605736902e-06,3.5594063660937536e-06,0.0014917556545697153,0.002119690393252919,0.0012905402788116287,4.5959019464210843e-07,0.0002513962972443551,7.926755097287241e-05,0.00128926337735417,0.0,0.0,0.0,0.0,0.0,0.0,0.0,0.0,0.0438318665449818,0.1303423581024011,0.05000000000000001,12,179|180|23|126,46,all_filtered,9,True,D:\Running_Place\PostGraduateProjects\Experiments\PostGraduate\backbones\SpaceFrequencyModulation\Seg-SADG\BaryRadGateLowDimSpatial\a0p08\rho0p5\gb8\sadg0p05\shot4\Seed0,D:\Running_Place\PostGraduateProjects\Experiments\PostGraduate\backbones\Prompts\SpaceFrequencyModulation\Seg-SADG\BaryRadGateLowDimSpatial\a0p08\rho0p5\gb8\sadg0p05\shot4\Seed0
Seg-SADG,Seg-SADG,Seg-SADG,LF-Barycenter-RadialGate-LowDimSpatialMask,fixed,cosine,lowdim,radial,8,1.0,0.4553320109844208,0.5662876963615417,0.4913747012615204,0.47376963|0.5662877|0.53491133|0.48120958|0.49936947|0.45533201|0.46077099|0.45934707,14.74471378326416,0.020824898034334183,0.9841234683990479,0.8542585372924805,0.10331716388463974,0.08,0.5,0.05,0.05,0.5,0.0001,0.001,0.001,0.0,0.0,1e-06,15.0,5.0,40.0,0.02,0.98,0.001,0.001,0.0001,0.01,0.001,0.5,style_rho0p5,sadg_rho0p05,9,9,19,19,new_training,4,0,146,0.050980169946948685,0.05079976314057907,0.003528388449922204,3.986648797157007e-06,3.5273664593660214e-06,0.001483921941447382,0.0021035673950488367,0.001275406723531584,4.5928236147574353e-07,0.00025184097709522274,7.846462237163603e-05,0.0012897674265938501,0.0,0.0,0.0,0.0,0.0,0.0,0.0,0.0,0.04306082924207052,0.11972880115111668,0.05000000000000001,12,179|180|23|126,46,all_filtered,9,True,D:\Running_Place\PostGraduateProjects\Experiments\PostGraduate\backbones\SpaceFrequencyModulation\Seg-SADG\BaryRadGateLowDimSpatial\a0p08\rho0p5\gb8\sadg0p05\shot4\Seed0,D:\Running_Place\PostGraduateProjects\Experiments\PostGraduate\backbones\Prompts\SpaceFrequencyModulation\Seg-SADG\BaryRadGateLowDimSpatial\a0p08\rho0p5\gb8\sadg0p05\shot4\Seed0
Seg-SADG,Seg-SADG,Seg-SADG,LF-Barycenter-RadialGate-LowDimSpatialMask,fixed,cosine,lowdim,radial,8,1.0,0.45563170313835144,0.5662822723388672,0.49151307344436646,0.47386599|0.56628227|0.53521317|0.48123115|0.4994083|0.4556317|0.46111774|0.45935425,14.744516372680664,0.020819084718823433,0.9841426610946655,0.8542759418487549,0.10331655293703079,0.08,0.5,0.05,0.05,0.5,0.0001,0.001,0.001,0.0,0.0,1e-06,15.0,5.0,40.0,0.02,0.98,0.001,0.001,0.0001,0.01,0.001,0.5,style_rho0p5,sadg_rho0p05,9,9,19,19,new_training,4,0,147,0.052530829794704914,0.05235665043195089,0.003403929256213208,3.983021580703887e-06,3.524522033634033e-06,0.0014799082612929244,0.0021030892385169864,0.0012734418366259586,4.584995423329019e-07,0.000251632018868501,7.786229677246108e-05,0.0012900522075748693,0.0,0.0,0.0,0.0,0.0,0.0,0.0,0.0,0.04374248224000136,0.1300373605142037,0.05000000000000001,12,179|180|23|126,46,all_filtered,9,True,D:\Running_Place\PostGraduateProjects\Experiments\PostGraduate\backbones\SpaceFrequencyModulation\Seg-SADG\BaryRadGateLowDimSpatial\a0p08\rho0p5\gb8\sadg0p05\shot4\Seed0,D:\Running_Place\PostGraduateProjects\Experiments\PostGraduate\backbones\Prompts\SpaceFrequencyModulation\Seg-SADG\BaryRadGateLowDimSpatial\a0p08\rho0p5\gb8\sadg0p05\shot4\Seed0
Seg-SADG,Seg-SADG,Seg-SADG,LF-Barycenter-RadialGate-LowDimSpatialMask,fixed,cosine,lowdim,radial,8,1.0,0.45582443475723267,0.5660330653190613,0.4915221333503723,0.47392029|0.56603307|0.53518444|0.48154223|0.49907506|0.45582443|0.46136203|0.45923522,14.733745574951172,0.02083035558462143,0.9841450452804565,0.8543646931648254,0.10328177362680435,0.08,0.5,0.05,0.05,0.5,0.0001,0.001,0.001,0.0,0.0,1e-06,15.0,5.0,40.0,0.02,0.98,0.001,0.001,0.0001,0.01,0.001,0.5,style_rho0p5,sadg_rho0p05,9,9,19,19,new_training,4,0,148,0.05091175561149915,0.05071953218430281,0.0037652208896664283,3.961595401354619e-06,3.503134773078879e-06,0.0014701724673310916,0.0020884897482270994,0.0012676276091951877,4.584607324886747e-07,0.00025214462220901623,7.727787912396404e-05,0.0012903821868045877,0.0,0.0,0.0,0.0,0.0,0.0,0.0,0.0,0.04262519286324581,0.12162326648831367,0.05000000000000001,12,179|180|23|126,46,all_filtered,9,True,D:\Running_Place\PostGraduateProjects\Experiments\PostGraduate\backbones\SpaceFrequencyModulation\Seg-SADG\BaryRadGateLowDimSpatial\a0p08\rho0p5\gb8\sadg0p05\shot4\Seed0,D:\Running_Place\PostGraduateProjects\Experiments\PostGraduate\backbones\Prompts\SpaceFrequencyModulation\Seg-SADG\BaryRadGateLowDimSpatial\a0p08\rho0p5\gb8\sadg0p05\shot4\Seed0
Seg-SADG,Seg-SADG,Seg-SADG,LF-Barycenter-RadialGate-LowDimSpatialMask,fixed,cosine,lowdim,radial,8,1.0,0.4553489685058594,0.5656339526176453,0.4913893938064575,0.47398841|0.56563395|0.53498828|0.48159033|0.49904922|0.45534897|0.46087655|0.45963949,14.72778034210205,0.020813563838601112,0.9841334819793701,0.8543996214866638,0.10326531529426575,0.08,0.5,0.05,0.05,0.5,0.0001,0.001,0.001,0.0,0.0,1e-06,15.0,5.0,40.0,0.02,0.98,0.001,0.001,0.0001,0.01,0.001,0.5,style_rho0p5,sadg_rho0p05,9,9,19,19,new_training,4,0,149,0.05279698067655166,0.05260399108131727,0.003781309312519928,3.925101168533729e-06,3.4663332447356274e-06,0.0014625917150018115,0.0020670122855032482,0.0012530616465179871,4.587678906394406e-07,0.00025365852100852254,7.598219175027528e-05,0.0012912716871748369,0.0,0.0,0.0,0.0,0.0,0.0,0.0,0.0,0.043939463794231415,0.1298632820447286,0.05000000000000001,12,179|180|23|126,46,all_filtered,9,True,D:\Running_Place\PostGraduateProjects\Experiments\PostGraduate\backbones\SpaceFrequencyModulation\Seg-SADG\BaryRadGateLowDimSpatial\a0p08\rho0p5\gb8\sadg0p05\shot4\Seed0,D:\Running_Place\PostGraduateProjects\Experiments\PostGraduate\backbones\Prompts\SpaceFrequencyModulation\Seg-SADG\BaryRadGateLowDimSpatial\a0p08\rho0p5\gb8\sadg0p05\shot4\Seed0
Seg-SADG,Seg-SADG,Seg-SADG,LF-Barycenter-RadialGate-LowDimSpatialMask,fixed,cosine,lowdim,radial,8,1.0,0.45508038997650146,0.5657387375831604,0.49131083488464355,0.47403914|0.56573874|0.53477037|0.48174018|0.49892953|0.45508039|0.46048504|0.45970345,14.723493576049805,0.020796142518520355,0.9841411113739014,0.8544377684593201,0.10325352102518082,0.08,0.5,0.05,0.05,0.5,0.0001,0.001,0.001,0.0,0.0,1e-06,15.0,5.0,40.0,0.02,0.98,0.001,0.001,0.0001,0.01,0.001,0.5,style_rho0p5,sadg_rho0p05,9,9,19,19,new_training,4,0,150,0.05102970823645592,0.050852308981120586,0.0034697087636838355,3.913519018775939e-06,3.454445675288298e-06,0.0014646213288263727,0.002060575371918579,0.001247407994621123,4.5907336243544705e-07,0.00025446504635813955,7.543345175993939e-05,0.0012917485437355936,0.0,0.0,0.0,0.0,0.0,0.0,0.0,0.0,0.0426170639693737,0.1279758649567763,0.05000000000000001,12,179|180|23|126,46,all_filtered,9,True,D:\Running_Place\PostGraduateProjects\Experiments\PostGraduate\backbones\SpaceFrequencyModulation\Seg-SADG\BaryRadGateLowDimSpatial\a0p08\rho0p5\gb8\sadg0p05\shot4\Seed0,D:\Running_Place\PostGraduateProjects\Experiments\PostGraduate\backbones\Prompts\SpaceFrequencyModulation\Seg-SADG\BaryRadGateLowDimSpatial\a0p08\rho0p5\gb8\sadg0p05\shot4\Seed0
Seg-SADG,Seg-SADG,Seg-SADG,LF-Barycenter-RadialGate-LowDimSpatialMask,fixed,cosine,lowdim,radial,8,1.0,0.45514845848083496,0.5655613541603088,0.49132758378982544,0.47421831|0.56556135|0.53465897|0.48172849|0.49908248|0.45514846|0.46025124|0.45997125,14.717644691467285,0.020796868950128555,0.9841457009315491,0.8544880747795105,0.10323505103588104,0.08,0.5,0.05,0.05,0.5,0.0001,0.001,0.001,0.0,0.0,1e-06,15.0,5.0,40.0,0.02,0.98,0.001,0.001,0.0001,0.01,0.001,0.5,style_rho0p5,sadg_rho0p05,9,9,19,19,new_training,4,0,151,0.047141180684169136,0.04698558741559585,0.003033617821832498,3.9116635358974845e-06,3.4525933756412996e-06,0.0014668605484378834,0.00206013301309819,0.0012457741637869428,4.5907014367685406e-07,0.00025507433504875127,7.477485936154456e-05,0.001292209344683215,0.0,0.0,0.0,0.0,0.0,0.0,0.0,0.0,0.040656415124734245,0.09890967917939027,0.05000000000000001,12,179|180|23|126,46,all_filtered,9,True,D:\Running_Place\PostGraduateProjects\Experiments\PostGraduate\backbones\SpaceFrequencyModulation\Seg-SADG\BaryRadGateLowDimSpatial\a0p08\rho0p5\gb8\sadg0p05\shot4\Seed0,D:\Running_Place\PostGraduateProjects\Experiments\PostGraduate\backbones\Prompts\SpaceFrequencyModulation\Seg-SADG\BaryRadGateLowDimSpatial\a0p08\rho0p5\gb8\sadg0p05\shot4\Seed0
Seg-SADG,Seg-SADG,Seg-SADG,LF-Barycenter-RadialGate-LowDimSpatialMask,fixed,cosine,lowdim,radial,8,1.0,0.45565199851989746,0.5652958750724792,0.49152177572250366,0.4749198|0.56529588|0.53475636|0.48178494|0.49921456|0.455652|0.46038991|0.46016085,14.711099624633789,0.020827043801546097,0.9841741323471069,0.8545680642127991,0.10321054607629776,0.08,0.5,0.05,0.05,0.5,0.0001,0.001,0.001,0.0,0.0,1e-06,15.0,5.0,40.0,0.02,0.98,0.001,0.001,0.0001,0.01,0.001,0.5,style_rho0p5,sadg_rho0p05,9,9,19,19,new_training,4,0,152,0.04700796616574129,0.04684861625234286,0.003109667062138518,3.8661817143292865e-06,3.4072054025576413e-06,0.0014526289984739076,0.0020356687794749937,0.0012262736078506957,4.589763401933548e-07,0.0002562288088180746,7.345217212180917e-05,0.001292953461719056,0.0,0.0,0.0,0.0,0.0,0.0,0.0,0.0,0.0401479077214996,0.10604912042617798,0.05000000000000001,12,179|180|23|126,46,all_filtered,9,True,D:\Running_Place\PostGraduateProjects\Experiments\PostGraduate\backbones\SpaceFrequencyModulation\Seg-SADG\BaryRadGateLowDimSpatial\a0p08\rho0p5\gb8\sadg0p05\shot4\Seed0,D:\Running_Place\PostGraduateProjects\Experiments\PostGraduate\backbones\Prompts\SpaceFrequencyModulation\Seg-SADG\BaryRadGateLowDimSpatial\a0p08\rho0p5\gb8\sadg0p05\shot4\Seed0
Seg-SADG,Seg-SADG,Seg-SADG,LF-Barycenter-RadialGate-LowDimSpatialMask,fixed,cosine,lowdim,radial,8,1.0,0.45595961809158325,0.5651617646217346,0.49160897731781006,0.4754062|0.56516176|0.53467661|0.48212275|0.49937409|0.45595962|0.46006641|0.46010426,14.710315704345703,0.02083011530339718,0.9841991066932678,0.8545966148376465,0.10320698469877243,0.08,0.5,0.05,0.05,0.5,0.0001,0.001,0.001,0.0,0.0,1e-06,15.0,5.0,40.0,0.02,0.98,0.001,0.001,0.0001,0.01,0.001,0.5,style_rho0p5,sadg_rho0p05,9,9,19,19,new_training,4,0,153,0.04716148320585489,0.04699471717079481,0.003259097478197267,3.8109132371270484e-06,3.352837154579902e-06,0.0014406524618001033,0.00200476311147213,0.0012040085857734084,4.580760399145826e-07,0.0002562209847383201,7.252973712941942e-05,0.001293252978939563,0.0,0.0,0.0,0.0,0.0,0.0,0.0,0.0,0.03963156106571356,0.11058952535192172,0.05000000000000001,12,179|180|23|126,46,all_filtered,9,True,D:\Running_Place\PostGraduateProjects\Experiments\PostGraduate\backbones\SpaceFrequencyModulation\Seg-SADG\BaryRadGateLowDimSpatial\a0p08\rho0p5\gb8\sadg0p05\shot4\Seed0,D:\Running_Place\PostGraduateProjects\Experiments\PostGraduate\backbones\Prompts\SpaceFrequencyModulation\Seg-SADG\BaryRadGateLowDimSpatial\a0p08\rho0p5\gb8\sadg0p05\shot4\Seed0
Seg-SADG,Seg-SADG,Seg-SADG,LF-Barycenter-RadialGate-LowDimSpatialMask,fixed,cosine,lowdim,radial,8,1.0,0.45616182684898376,0.564893364906311,0.49159854650497437,0.47575837|0.56489336|0.53483206|0.48201293|0.49940479|0.45616183|0.45986998|0.4598549,14.702990531921387,0.020835796371102333,0.984210193157196,0.8546645641326904,0.10318313539028168,0.08,0.5,0.05,0.05,0.5,0.0001,0.001,0.001,0.0,0.0,1e-06,15.0,5.0,40.0,0.02,0.98,0.001,0.001,0.0001,0.01,0.001,0.5,style_rho0p5,sadg_rho0p05,9,9,19,19,new_training,4,0,154,0.04890923170993725,0.04875133310755094,0.0030824653416251144,3.7753978669267476e-06,3.3178792667361754e-06,0.0014354985711785655,0.001984854054171592,0.001189475190282489,4.575186049275241e-07,0.0002562060981290415,7.196114529506303e-05,0.001293513555234919,0.0,0.0,0.0,0.0,0.0,0.0,0.0,0.0,0.04016224667429924,0.12792432370285192,0.05000000000000001,12,179|180|23|126,46,all_filtered,9,True,D:\Running_Place\PostGraduateProjects\Experiments\PostGraduate\backbones\SpaceFrequencyModulation\Seg-SADG\BaryRadGateLowDimSpatial\a0p08\rho0p5\gb8\sadg0p05\shot4\Seed0,D:\Running_Place\PostGraduateProjects\Experiments\PostGraduate\backbones\Prompts\SpaceFrequencyModulation\Seg-SADG\BaryRadGateLowDimSpatial\a0p08\rho0p5\gb8\sadg0p05\shot4\Seed0
Seg-SADG,Seg-SADG,Seg-SADG,LF-Barycenter-RadialGate-LowDimSpatialMask,fixed,cosine,lowdim,radial,8,1.0,0.45602503418922424,0.5644532442092896,0.4915498197078705,0.47622401|0.56445324|0.53515542|0.48184738|0.49953967|0.45602503|0.45949602|0.4596577,14.705421447753906,0.0208392683416605,0.9842161536216736,0.8546509742736816,0.10319016873836517,0.08,0.5,0.05,0.05,0.5,0.0001,0.001,0.001,0.0,0.0,1e-06,15.0,5.0,40.0,0.02,0.98,0.001,0.001,0.0001,0.01,0.001,0.5,style_rho0p5,sadg_rho0p05,9,9,19,19,new_training,4,0,155,0.04768751530597607,0.04751694823304812,0.0033366175872894623,3.737528478116777e-06,3.2798715020968907e-06,0.0014356996883482982,0.0019665927781412997,0.0011697086641409744,4.5765698786226494e-07,0.0002570156478517068,7.124729503023748e-05,0.001293940362908567,0.0,0.0,0.0,0.0,0.0,0.0,0.0,0.0,0.039760070542494454,0.1159073890497287,0.05000000000000001,12,179|180|23|126,46,all_filtered,9,True,D:\Running_Place\PostGraduateProjects\Experiments\PostGraduate\backbones\SpaceFrequencyModulation\Seg-SADG\BaryRadGateLowDimSpatial\a0p08\rho0p5\gb8\sadg0p05\shot4\Seed0,D:\Running_Place\PostGraduateProjects\Experiments\PostGraduate\backbones\Prompts\SpaceFrequencyModulation\Seg-SADG\BaryRadGateLowDimSpatial\a0p08\rho0p5\gb8\sadg0p05\shot4\Seed0
Seg-SADG,Seg-SADG,Seg-SADG,LF-Barycenter-RadialGate-LowDimSpatialMask,fixed,cosine,lowdim,radial,8,1.0,0.45592787861824036,0.5645284056663513,0.4916685223579407,0.47665161|0.56452841|0.53520751|0.48190573|0.49945599|0.45592788|0.45998499|0.45968601,14.71318244934082,0.020849386230111122,0.984242856502533,0.8546140789985657,0.10321251302957535,0.08,0.5,0.05,0.05,0.5,0.0001,0.001,0.001,0.0,0.0,1e-06,15.0,5.0,40.0,0.02,0.98,0.001,0.001,0.0001,0.01,0.001,0.5,style_rho0p5,sadg_rho0p05,9,9,19,19,new_training,4,0,156,0.045330893248319626,0.045173749017218746,0.003068715256328384,3.7088391877659888e-06,3.2520742555182855e-06,0.00143342749409688,0.001954596819511304,0.0011541345544780295,4.5676495119550964e-07,0.0002556379307255459,7.178225556951172e-05,0.001293447499241059,0.0,0.0,0.0,0.0,0.0,0.0,0.0,0.0,0.038915089952449,0.09791950074334939,0.05000000000000001,12,179|180|23|126,46,all_filtered,9,True,D:\Running_Place\PostGraduateProjects\Experiments\PostGraduate\backbones\SpaceFrequencyModulation\Seg-SADG\BaryRadGateLowDimSpatial\a0p08\rho0p5\gb8\sadg0p05\shot4\Seed0,D:\Running_Place\PostGraduateProjects\Experiments\PostGraduate\backbones\Prompts\SpaceFrequencyModulation\Seg-SADG\BaryRadGateLowDimSpatial\a0p08\rho0p5\gb8\sadg0p05\shot4\Seed0
Seg-SADG,Seg-SADG,Seg-SADG,LF-Barycenter-RadialGate-LowDimSpatialMask,fixed,cosine,lowdim,radial,8,1.0,0.4560302495956421,0.5645155906677246,0.4917856454849243,0.47709063|0.56451559|0.53502423|0.48232922|0.49954718|0.45603025|0.46019474|0.45955357,14.723758697509766,0.020860107615590096,0.984269917011261,0.854555606842041,0.10324353724718094,0.08,0.5,0.05,0.05,0.5,0.0001,0.001,0.001,0.0,0.0,1e-06,15.0,5.0,40.0,0.02,0.98,0.001,0.001,0.0001,0.01,0.001,0.5,style_rho0p5,sadg_rho0p05,9,9,19,19,new_training,4,0,157,0.046635029216607414,0.04647776546577612,0.0030716789381889007,3.6792897238531927e-06,3.2241587177850306e-06,0.001425789746766289,0.001938237847449879,0.001143341709394008,4.551310368583472e-07,0.0002533466007056025,7.25207974028308e-05,0.001292636210564524,0.0,0.0,0.0,0.0,0.0,0.0,0.0,0.0,0.03874417363355557,0.11524016534288724,0.05000000000000001,12,179|180|23|126,46,all_filtered,9,True,D:\Running_Place\PostGraduateProjects\Experiments\PostGraduate\backbones\SpaceFrequencyModulation\Seg-SADG\BaryRadGateLowDimSpatial\a0p08\rho0p5\gb8\sadg0p05\shot4\Seed0,D:\Running_Place\PostGraduateProjects\Experiments\PostGraduate\backbones\Prompts\SpaceFrequencyModulation\Seg-SADG\BaryRadGateLowDimSpatial\a0p08\rho0p5\gb8\sadg0p05\shot4\Seed0
Seg-SADG,Seg-SADG,Seg-SADG,LF-Barycenter-RadialGate-LowDimSpatialMask,fixed,cosine,lowdim,radial,8,1.0,0.456222265958786,0.5643647313117981,0.491891086101532,0.47754431|0.56436473|0.53498173|0.48241371|0.49967685|0.45622227|0.46011254|0.45981267,14.723548889160156,0.020868375897407532,0.9842895269393921,0.8545752763748169,0.10324139147996902,0.08,0.5,0.05,0.05,0.5,0.0001,0.001,0.001,0.0,0.0,1e-06,15.0,5.0,40.0,0.02,0.98,0.001,0.001,0.0001,0.01,0.001,0.5,style_rho0p5,sadg_rho0p05,9,9,19,19,new_training,4,0,158,0.046402049250900745,0.04624194527665774,0.00312913991122817,3.647119626748463e-06,3.193158458240456e-06,0.0014184888471694042,0.0019206561943671356,0.0011306531766119103,4.5396118508733707e-07,0.0002516526898640829,7.310753305015776e-05,0.0012920094595756382,0.0,0.0,0.0,0.0,0.0,0.0,0.0,0.0,0.038914114547272526,0.1139119453728199,0.05000000000000001,12,179|180|23|126,46,all_filtered,9,True,D:\Running_Place\PostGraduateProjects\Experiments\PostGraduate\backbones\SpaceFrequencyModulation\Seg-SADG\BaryRadGateLowDimSpatial\a0p08\rho0p5\gb8\sadg0p05\shot4\Seed0,D:\Running_Place\PostGraduateProjects\Experiments\PostGraduate\backbones\Prompts\SpaceFrequencyModulation\Seg-SADG\BaryRadGateLowDimSpatial\a0p08\rho0p5\gb8\sadg0p05\shot4\Seed0
Seg-SADG,Seg-SADG,Seg-SADG,LF-Barycenter-RadialGate-LowDimSpatialMask,fixed,cosine,lowdim,radial,8,1.0,0.45670273900032043,0.5643710494041443,0.49201342463493347,0.47812766|0.56437105|0.53516829|0.48226234|0.49938539|0.45670274|0.46009377|0.45999607,14.716976165771484,0.020869068801403046,0.9843183755874634,0.8546524047851562,0.10321986675262451,0.08,0.5,0.05,0.05,0.5,0.0001,0.001,0.001,0.0,0.0,1e-06,15.0,5.0,40.0,0.02,0.98,0.001,0.001,0.0001,0.01,0.001,0.5,style_rho0p5,sadg_rho0p05,9,9,19,19,new_training,4,0,159,0.043960832680265106,0.043816955760121346,0.0028053281906371317,3.6105980901387133e-06,3.1570745780603224e-06,0.001410156604833901,0.0019008309949034203,0.0011152278069251527,4.535235097099151e-07,0.0002522790552272151,7.19815464738834e-05,0.001292629031619678,0.0,0.0,0.0,0.0,0.0,0.0,0.0,0.0,0.037595764733850956,0.09579278404513995,0.05000000000000001,12,179|180|23|126,46,all_filtered,9,True,D:\Running_Place\PostGraduateProjects\Experiments\PostGraduate\backbones\SpaceFrequencyModulation\Seg-SADG\BaryRadGateLowDimSpatial\a0p08\rho0p5\gb8\sadg0p05\shot4\Seed0,D:\Running_Place\PostGraduateProjects\Experiments\PostGraduate\backbones\Prompts\SpaceFrequencyModulation\Seg-SADG\BaryRadGateLowDimSpatial\a0p08\rho0p5\gb8\sadg0p05\shot4\Seed0
Seg-SADG,Seg-SADG,Seg-SADG,LF-Barycenter-RadialGate-LowDimSpatialMask,fixed,cosine,lowdim,radial,8,1.0,0.45707967877388,0.5641148686408997,0.49214228987693787,0.47849268|0.56411487|0.53522909|0.48216194|0.49932507|0.45707968|0.46068227|0.4600527,14.711246490478516,0.02086719311773777,0.9843265414237976,0.8547042608261108,0.10320191830396652,0.08,0.5,0.05,0.05,0.5,0.0001,0.001,0.001,0.0,0.0,1e-06,15.0,5.0,40.0,0.02,0.98,0.001,0.001,0.0001,0.01,0.001,0.5,style_rho0p5,sadg_rho0p05,9,9,19,19,new_training,4,0,160,0.04393759245673815,0.04378085800757011,0.003063318862890204,3.5688406872698883e-06,3.115846880064055e-06,0.001396883502214526,0.001877004620231067,0.001099153790467729,4.529938308905912e-07,0.00025266900047427043,7.101164737832732e-05,0.0012931317614857107,0.0,0.0,0.0,0.0,0.0,0.0,0.0,0.0,0.03694397148986658,0.10444307141005993,0.05000000000000001,12,179|180|23|126,46,all_filtered,9,True,D:\Running_Place\PostGraduateProjects\Experiments\PostGraduate\backbones\SpaceFrequencyModulation\Seg-SADG\BaryRadGateLowDimSpatial\a0p08\rho0p5\gb8\sadg0p05\shot4\Seed0,D:\Running_Place\PostGraduateProjects\Experiments\PostGraduate\backbones\Prompts\SpaceFrequencyModulation\Seg-SADG\BaryRadGateLowDimSpatial\a0p08\rho0p5\gb8\sadg0p05\shot4\Seed0
Seg-SADG,Seg-SADG,Seg-SADG,LF-Barycenter-RadialGate-LowDimSpatialMask,fixed,cosine,lowdim,radial,8,1.0,0.4572688341140747,0.5639116168022156,0.4922820031642914,0.47897401|0.56391162|0.53554165|0.4820475|0.49933776|0.45726883|0.46102965|0.46014485,14.698202133178711,0.02086394466459751,0.984345555305481,0.8548233509063721,0.10316086560487747,0.08,0.5,0.05,0.05,0.5,0.0001,0.001,0.001,0.0,0.0,1e-06,15.0,5.0,40.0,0.02,0.98,0.001,0.001,0.0001,0.01,0.001,0.5,style_rho0p5,sadg_rho0p05,9,9,19,19,new_training,4,0,161,0.044552111687759556,0.044398666049043335,0.0029981600237078965,3.5379125051804294e-06,3.084576784810148e-06,0.0013865726941730827,0.0018618567652689915,0.0010840625715597223,4.533357227387569e-07,0.00025438220230474445,6.954068036672349e-05,0.0012941282766405493,0.0,0.0,0.0,0.0,0.0,0.0,0.0,0.0,0.0375221191594998,0.10664315894246101,0.05000000000000001,12,179|180|23|126,46,all_filtered,9,True,D:\Running_Place\PostGraduateProjects\Experiments\PostGraduate\backbones\SpaceFrequencyModulation\Seg-SADG\BaryRadGateLowDimSpatial\a0p08\rho0p5\gb8\sadg0p05\shot4\Seed0,D:\Running_Place\PostGraduateProjects\Experiments\PostGraduate\backbones\Prompts\SpaceFrequencyModulation\Seg-SADG\BaryRadGateLowDimSpatial\a0p08\rho0p5\gb8\sadg0p05\shot4\Seed0
Seg-SADG,Seg-SADG,Seg-SADG,LF-Barycenter-RadialGate-LowDimSpatialMask,fixed,cosine,lowdim,radial,8,1.0,0.45770856738090515,0.5638037323951721,0.49235668778419495,0.47948274|0.56380373|0.53545898|0.48181835|0.49940717|0.45770857|0.46133193|0.45984197,14.694066047668457,0.02086213231086731,0.9843658208847046,0.8548732399940491,0.1031474694609642,0.08,0.5,0.05,0.05,0.5,0.0001,0.001,0.001,0.0,0.0,1e-06,15.0,5.0,40.0,0.02,0.98,0.001,0.001,0.0001,0.01,0.001,0.5,style_rho0p5,sadg_rho0p05,9,9,19,19,new_training,4,0,162,0.042958108708262444,0.04280684267481168,0.0029552194755524397,3.505356175992347e-06,3.052182648843882e-06,0.0013750211995405455,0.0018451849173288792,0.001069495522339518,4.531735342538923e-07,0.00025541812162070226,6.826391290815081e-05,0.001294914894970134,0.0,0.0,0.0,0.0,0.0,0.0,0.0,0.0,0.0364034678786993,0.09642914930979411,0.05000000000000001,12,179|180|23|126,46,all_filtered,9,True,D:\Running_Place\PostGraduateProjects\Experiments\PostGraduate\backbones\SpaceFrequencyModulation\Seg-SADG\BaryRadGateLowDimSpatial\a0p08\rho0p5\gb8\sadg0p05\shot4\Seed0,D:\Running_Place\PostGraduateProjects\Experiments\PostGraduate\backbones\Prompts\SpaceFrequencyModulation\Seg-SADG\BaryRadGateLowDimSpatial\a0p08\rho0p5\gb8\sadg0p05\shot4\Seed0
Seg-SADG,Seg-SADG,Seg-SADG,LF-Barycenter-RadialGate-LowDimSpatialMask,fixed,cosine,lowdim,radial,8,1.0,0.45767566561698914,0.5638816356658936,0.4923396706581116,0.48024872|0.56388164|0.53507823|0.48169509|0.49982834|0.45767567|0.46071613|0.45959353,14.691378593444824,0.020857853814959526,0.9843952059745789,0.8549193739891052,0.10313855111598969,0.08,0.5,0.05,0.05,0.5,0.0001,0.001,0.001,0.0,0.0,1e-06,15.0,5.0,40.0,0.02,0.98,0.001,0.001,0.0001,0.01,0.001,0.5,style_rho0p5,sadg_rho0p05,9,9,19,19,new_training,4,0,163,0.04586653939137856,0.04571533451477686,0.002954603871330619,3.4734285160690583e-06,3.0209475691359935e-06,0.0013747330813203007,0.0018299299602707226,0.001053544246436407,4.5248093272221013e-07,0.0002556608475667114,6.728041626047343e-05,0.0012953966118705769,0.0,0.0,0.0,0.0,0.0,0.0,0.0,0.0,0.03753125046690305,0.12229991393784682,0.05000000000000001,12,179|180|23|126,46,all_filtered,9,True,D:\Running_Place\PostGraduateProjects\Experiments\PostGraduate\backbones\SpaceFrequencyModulation\Seg-SADG\BaryRadGateLowDimSpatial\a0p08\rho0p5\gb8\sadg0p05\shot4\Seed0,D:\Running_Place\PostGraduateProjects\Experiments\PostGraduate\backbones\Prompts\SpaceFrequencyModulation\Seg-SADG\BaryRadGateLowDimSpatial\a0p08\rho0p5\gb8\sadg0p05\shot4\Seed0
Seg-SADG,Seg-SADG,Seg-SADG,LF-Barycenter-RadialGate-LowDimSpatialMask,fixed,cosine,lowdim,radial,8,1.0,0.45739859342575073,0.5638304352760315,0.49243536591529846,0.480717|0.56383044|0.53496242|0.4814404|0.49982411|0.45739859|0.46110183|0.46020812,14.686169624328613,0.020854080095887184,0.9844107627868652,0.8549737930297852,0.10312213003635406,0.08,0.5,0.05,0.05,0.5,0.0001,0.001,0.001,0.0,0.0,1e-06,15.0,5.0,40.0,0.02,0.98,0.001,0.001,0.0001,0.01,0.001,0.5,style_rho0p5,sadg_rho0p05,9,9,19,19,new_training,4,0,164,0.0470149132112662,0.04684984777122736,0.0032322038896381855,3.4550159853097284e-06,3.003064686405802e-06,0.0013718716121123482,0.0018244061211589724,0.001041471230564639,4.5195128232459564e-07,0.00025589176220819354,6.647732031221192e-05,0.0012958218770412107,0.0,0.0,0.0,0.0,0.0,0.0,0.0,0.0,0.038009126049776874,0.13162634645899138,0.05000000000000001,12,179|180|23|126,46,all_filtered,9,True,D:\Running_Place\PostGraduateProjects\Experiments\PostGraduate\backbones\SpaceFrequencyModulation\Seg-SADG\BaryRadGateLowDimSpatial\a0p08\rho0p5\gb8\sadg0p05\shot4\Seed0,D:\Running_Place\PostGraduateProjects\Experiments\PostGraduate\backbones\Prompts\SpaceFrequencyModulation\Seg-SADG\BaryRadGateLowDimSpatial\a0p08\rho0p5\gb8\sadg0p05\shot4\Seed0
Seg-SADG,Seg-SADG,Seg-SADG,LF-Barycenter-RadialGate-LowDimSpatialMask,fixed,cosine,lowdim,radial,8,1.0,0.45717674493789673,0.5638537406921387,0.4924822747707367,0.48095658|0.56385374|0.53456604|0.48157871|0.49975681|0.45717674|0.46130109|0.46066841,14.69020938873291,0.020824799314141273,0.9844175577163696,0.8549437522888184,0.10313764214515686,0.08,0.5,0.05,0.05,0.5,0.0001,0.001,0.001,0.0,0.0,1e-06,15.0,5.0,40.0,0.02,0.98,0.001,0.001,0.0001,0.01,0.001,0.5,style_rho0p5,sadg_rho0p05,9,9,19,19,new_training,4,0,165,0.04550153327484926,0.04534246493130922,0.0031125039289084575,3.4430877538701075e-06,2.991510806774992e-06,0.0013594654834984492,0.0018204305379185826,0.0010351335998469342,4.515769399896878e-07,0.0002557091283961199,6.627123487608817e-05,0.0012959657178726047,0.0,0.0,0.0,0.0,0.0,0.0,0.0,0.0,0.037789255691071354,0.11580143372217815,0.05000000000000001,12,179|180|23|126,46,all_filtered,9,True,D:\Running_Place\PostGraduateProjects\Experiments\PostGraduate\backbones\SpaceFrequencyModulation\Seg-SADG\BaryRadGateLowDimSpatial\a0p08\rho0p5\gb8\sadg0p05\shot4\Seed0,D:\Running_Place\PostGraduateProjects\Experiments\PostGraduate\backbones\Prompts\SpaceFrequencyModulation\Seg-SADG\BaryRadGateLowDimSpatial\a0p08\rho0p5\gb8\sadg0p05\shot4\Seed0
Seg-SADG,Seg-SADG,Seg-SADG,LF-Barycenter-RadialGate-LowDimSpatialMask,fixed,cosine,lowdim,radial,8,1.0,0.4574621617794037,0.5634199976921082,0.49252408742904663,0.48104021|0.56342|0.53467214|0.48170745|0.49999547|0.45746216|0.46145105|0.46044448,14.677105903625488,0.020830363035202026,0.984417200088501,0.8550475239753723,0.10309598594903946,0.08,0.5,0.05,0.05,0.5,0.0001,0.001,0.001,0.0,0.0,1e-06,15.0,5.0,40.0,0.02,0.98,0.001,0.001,0.0001,0.01,0.001,0.5,style_rho0p5,sadg_rho0p05,9,9,19,19,new_training,4,0,166,0.04384891968220472,0.04369295543680588,0.0030508870452952883,3.419532485319602e-06,2.967640549892773e-06,0.0013517636398319155,0.0018065106705762446,0.0010259533980085205,4.5189193779530495e-07,0.00025645430529645335,6.579989409753277e-05,0.001296377246035263,0.0,0.0,0.0,0.0,0.0,0.0,0.0,0.0,0.036882784217596054,0.10292253270745277,0.05000000000000001,12,179|180|23|126,46,all_filtered,9,True,D:\Running_Place\PostGraduateProjects\Experiments\PostGraduate\backbones\SpaceFrequencyModulation\Seg-SADG\BaryRadGateLowDimSpatial\a0p08\rho0p5\gb8\sadg0p05\shot4\Seed0,D:\Running_Place\PostGraduateProjects\Experiments\PostGraduate\backbones\Prompts\SpaceFrequencyModulation\Seg-SADG\BaryRadGateLowDimSpatial\a0p08\rho0p5\gb8\sadg0p05\shot4\Seed0
Seg-SADG,Seg-SADG,Seg-SADG,LF-Barycenter-RadialGate-LowDimSpatialMask,fixed,cosine,lowdim,radial,8,1.0,0.45731639862060547,0.5632135272026062,0.4925740957260132,0.48134172|0.56321353|0.53477031|0.48187625|0.50029606|0.4573164|0.46167007|0.46010849,14.670683860778809,0.02084246091544628,0.984434187412262,0.855114758014679,0.10307401418685913,0.08,0.5,0.05,0.05,0.5,0.0001,0.001,0.001,0.0,0.0,1e-06,15.0,5.0,40.0,0.02,0.98,0.001,0.001,0.0001,0.01,0.001,0.5,style_rho0p5,sadg_rho0p05,9,9,19,19,new_training,4,0,167,0.044557804241776466,0.044414217273394264,0.0028037844652620456,3.397963477406544e-06,2.945370586833936e-06,0.001346716657280922,0.0017946758986605953,0.001016022899420932,4.525929000465112e-07,0.0002585858795403813,6.426723242232886e-05,0.0012973977621489514,0.0,0.0,0.0,0.0,0.0,0.0,0.0,0.0,0.036299726304908596,0.11693907963732879,0.05000000000000001,12,179|180|23|126,46,all_filtered,9,True,D:\Running_Place\PostGraduateProjects\Experiments\PostGraduate\backbones\SpaceFrequencyModulation\Seg-SADG\BaryRadGateLowDimSpatial\a0p08\rho0p5\gb8\sadg0p05\shot4\Seed0,D:\Running_Place\PostGraduateProjects\Experiments\PostGraduate\backbones\Prompts\SpaceFrequencyModulation\Seg-SADG\BaryRadGateLowDimSpatial\a0p08\rho0p5\gb8\sadg0p05\shot4\Seed0
Seg-SADG,Seg-SADG,Seg-SADG,LF-Barycenter-RadialGate-LowDimSpatialMask,fixed,cosine,lowdim,radial,8,1.0,0.4572193920612335,0.5630913376808167,0.49262726306915283,0.48182008|0.56309134|0.53470153|0.48195711|0.50035733|0.45721939|0.46168324|0.46018806,14.669280052185059,0.020847801119089127,0.9844505190849304,0.8551405072212219,0.1030685305595398,0.08,0.5,0.05,0.05,0.5,0.0001,0.001,0.001,0.0,0.0,1e-06,15.0,5.0,40.0,0.02,0.98,0.001,0.001,0.0001,0.01,0.001,0.5,style_rho0p5,sadg_rho0p05,9,9,19,19,new_training,4,0,168,0.043161965906620026,0.043015746399760246,0.002856966224499047,3.371088894255081e-06,2.918850687668358e-06,0.0013438885216601193,0.0017819875793065876,0.0010024741156181942,4.522381923758682e-07,0.0002588924132093477,6.357427931410105e-05,0.001297714877485608,0.0,0.0,0.0,0.0,0.0,0.0,0.0,0.0,0.035637854132801294,0.10954212335248788,0.05000000000000001,12,179|180|23|126,46,all_filtered,9,True,D:\Running_Place\PostGraduateProjects\Experiments\PostGraduate\backbones\SpaceFrequencyModulation\Seg-SADG\BaryRadGateLowDimSpatial\a0p08\rho0p5\gb8\sadg0p05\shot4\Seed0,D:\Running_Place\PostGraduateProjects\Experiments\PostGraduate\backbones\Prompts\SpaceFrequencyModulation\Seg-SADG\BaryRadGateLowDimSpatial\a0p08\rho0p5\gb8\sadg0p05\shot4\Seed0
Seg-SADG,Seg-SADG,Seg-SADG,LF-Barycenter-RadialGate-LowDimSpatialMask,fixed,cosine,lowdim,radial,8,1.0,0.45718133449554443,0.562737762928009,0.492571622133255,0.4818359|0.56273776|0.5345633|0.48214835|0.50037122|0.45718133|0.46187013|0.4598648,14.673288345336914,0.02083476074039936,0.9844434261322021,0.8551012277603149,0.10308270901441574,0.08,0.5,0.05,0.05,0.5,0.0001,0.001,0.001,0.0,0.0,1e-06,15.0,5.0,40.0,0.02,0.98,0.001,0.001,0.0001,0.01,0.001,0.5,style_rho0p5,sadg_rho0p05,9,9,19,19,new_training,4,0,169,0.042383646902938686,0.04224171179036299,0.0027718725614249706,3.3407758716445337e-06,2.8887898793072964e-06,0.0013385912073620905,0.001765512628480792,0.0009894180402625352,4.519859781263828e-07,0.00025856475743542734,6.365769695548806e-05,0.0012976351329901565,0.0,0.0,0.0,0.0,0.0,0.0,0.0,0.0,0.03582314526041349,0.10316141943136851,0.05000000000000001,12,179|180|23|126,46,all_filtered,9,True,D:\Running_Place\PostGraduateProjects\Experiments\PostGraduate\backbones\SpaceFrequencyModulation\Seg-SADG\BaryRadGateLowDimSpatial\a0p08\rho0p5\gb8\sadg0p05\shot4\Seed0,D:\Running_Place\PostGraduateProjects\Experiments\PostGraduate\backbones\Prompts\SpaceFrequencyModulation\Seg-SADG\BaryRadGateLowDimSpatial\a0p08\rho0p5\gb8\sadg0p05\shot4\Seed0
Seg-SADG,Seg-SADG,Seg-SADG,LF-Barycenter-RadialGate-LowDimSpatialMask,fixed,cosine,lowdim,radial,8,1.0,0.457451194524765,0.5626193284988403,0.49265119433403015,0.48203322|0.56261933|0.53472644|0.48238048|0.50025183|0.45745119|0.46208048|0.45966658,14.685894966125488,0.02080569788813591,0.9844605326652527,0.8550124168395996,0.10312474519014359,0.08,0.5,0.05,0.05,0.5,0.0001,0.001,0.001,0.0,0.0,1e-06,15.0,5.0,40.0,0.02,0.98,0.001,0.001,0.0001,0.01,0.001,0.5,style_rho0p5,sadg_rho0p05,9,9,19,19,new_training,4,0,170,0.04431501993288597,0.044157431150476135,0.0030853566034541777,3.320764903946838e-06,2.8696437842275677e-06,0.0013329752255231142,0.001753025921061635,0.0009833201960039635,4.51121100771464e-07,0.000256821413737877,6.460031242265056e-05,0.0012969937330732744,0.0,0.0,0.0,0.0,0.0,0.0,0.0,0.0,0.036347542268534504,0.12027301142613094,0.05000000000000001,12,179|180|23|126,46,all_filtered,9,True,D:\Running_Place\PostGraduateProjects\Experiments\PostGraduate\backbones\SpaceFrequencyModulation\Seg-SADG\BaryRadGateLowDimSpatial\a0p08\rho0p5\gb8\sadg0p05\shot4\Seed0,D:\Running_Place\PostGraduateProjects\Experiments\PostGraduate\backbones\Prompts\SpaceFrequencyModulation\Seg-SADG\BaryRadGateLowDimSpatial\a0p08\rho0p5\gb8\sadg0p05\shot4\Seed0
Seg-SADG,Seg-SADG,Seg-SADG,LF-Barycenter-RadialGate-LowDimSpatialMask,fixed,cosine,lowdim,radial,8,1.0,0.4575372636318207,0.5625468492507935,0.4927580952644348,0.4822883|0.56254685|0.53482246|0.48255184|0.49992144|0.45753726|0.46214998|0.46024653,14.698700904846191,0.020774682983756065,0.9844743609428406,0.8549188375473022,0.10316765308380127,0.08,0.5,0.05,0.05,0.5,0.0001,0.001,0.001,0.0,0.0,1e-06,15.0,5.0,40.0,0.02,0.98,0.001,0.001,0.0001,0.01,0.001,0.5,style_rho0p5,sadg_rho0p05,9,9,19,19,new_training,4,0,171,0.04480391771843036,0.04465382142613331,0.0029362411005422473,3.2840416489913573e-06,2.834950294072769e-06,0.001323468895861879,0.0017320690191506098,0.0009705342866557961,4.4909134307620963e-07,0.00025310059572802857,6.642386748959932e-05,0.0012956686647764097,0.0,0.0,0.0,0.0,0.0,0.0,0.0,0.0,0.03651755986114343,0.1262377668172121,0.05000000000000001,12,179|180|23|126,46,all_filtered,9,True,D:\Running_Place\PostGraduateProjects\Experiments\PostGraduate\backbones\SpaceFrequencyModulation\Seg-SADG\BaryRadGateLowDimSpatial\a0p08\rho0p5\gb8\sadg0p05\shot4\Seed0,D:\Running_Place\PostGraduateProjects\Experiments\PostGraduate\backbones\Prompts\SpaceFrequencyModulation\Seg-SADG\BaryRadGateLowDimSpatial\a0p08\rho0p5\gb8\sadg0p05\shot4\Seed0
Seg-SADG,Seg-SADG,Seg-SADG,LF-Barycenter-RadialGate-LowDimSpatialMask,fixed,cosine,lowdim,radial,8,1.0,0.4582985043525696,0.5626881718635559,0.492959588766098,0.48279214|0.56268817|0.535034|0.48284593|0.49947733|0.4582985|0.46204734|0.46049333,14.697572708129883,0.02075623720884323,0.9845144748687744,0.8549599647521973,0.10316476970911026,0.08,0.5,0.05,0.05,0.5,0.0001,0.001,0.001,0.0,0.0,1e-06,15.0,5.0,40.0,0.02,0.98,0.001,0.001,0.0001,0.01,0.001,0.5,style_rho0p5,sadg_rho0p05,9,9,19,19,new_training,4,0,172,0.04321184599151214,0.043068796706696354,0.0027960703785841665,3.2451286529067147e-06,2.7974344334324996e-06,0.0013147530359371256,0.0017074380108776193,0.0009585210015454019,4.4769421710573926e-07,0.0002514489824534394,6.670992055054133e-05,0.00129535305313766,0.0,0.0,0.0,0.0,0.0,0.0,0.0,0.0,0.036150262070198856,0.10935171196858089,0.05000000000000001,12,179|180|23|126,46,all_filtered,9,True,D:\Running_Place\PostGraduateProjects\Experiments\PostGraduate\backbones\SpaceFrequencyModulation\Seg-SADG\BaryRadGateLowDimSpatial\a0p08\rho0p5\gb8\sadg0p05\shot4\Seed0,D:\Running_Place\PostGraduateProjects\Experiments\PostGraduate\backbones\Prompts\SpaceFrequencyModulation\Seg-SADG\BaryRadGateLowDimSpatial\a0p08\rho0p5\gb8\sadg0p05\shot4\Seed0
Seg-SADG,Seg-SADG,Seg-SADG,LF-Barycenter-RadialGate-LowDimSpatialMask,fixed,cosine,lowdim,radial,8,1.0,0.45862385630607605,0.5630566477775574,0.49307066202163696,0.48312747|0.56305665|0.53526706|0.48249456|0.49919057|0.45862386|0.46170112|0.46110386,14.688253402709961,0.020775562152266502,0.9845480918884277,0.855065643787384,0.10313247889280319,0.08,0.5,0.05,0.05,0.5,0.0001,0.001,0.001,0.0,0.0,1e-06,15.0,5.0,40.0,0.02,0.98,0.001,0.001,0.0001,0.01,0.001,0.5,style_rho0p5,sadg_rho0p05,9,9,19,19,new_training,4,0,173,0.04200512822717428,0.04185365109393994,0.00296505579414467,3.224336770320709e-06,2.777580978848467e-06,0.0013102337252348661,0.0016931529971770942,0.0009534044559889784,4.4675582699937877e-07,0.000251468891898791,6.570111327164341e-05,0.0012958580628037453,0.0,0.0,0.0,0.0,0.0,0.0,0.0,0.0,0.034983438750108085,0.1056359534462293,0.05000000000000001,12,179|180|23|126,46,all_filtered,9,True,D:\Running_Place\PostGraduateProjects\Experiments\PostGraduate\backbones\SpaceFrequencyModulation\Seg-SADG\BaryRadGateLowDimSpatial\a0p08\rho0p5\gb8\sadg0p05\shot4\Seed0,D:\Running_Place\PostGraduateProjects\Experiments\PostGraduate\backbones\Prompts\SpaceFrequencyModulation\Seg-SADG\BaryRadGateLowDimSpatial\a0p08\rho0p5\gb8\sadg0p05\shot4\Seed0
Seg-SADG,Seg-SADG,Seg-SADG,LF-Barycenter-RadialGate-LowDimSpatialMask,fixed,cosine,lowdim,radial,8,1.0,0.45884791016578674,0.563254714012146,0.49309390783309937,0.4835543|0.56325471|0.53545463|0.48213682|0.49890104|0.45884791|0.46127921|0.46132255,14.681187629699707,0.02077789045870304,0.9845755100250244,0.8551453351974487,0.10310922563076019,0.08,0.5,0.05,0.05,0.5,0.0001,0.001,0.001,0.0,0.0,1e-06,15.0,5.0,40.0,0.02,0.98,0.001,0.001,0.0001,0.01,0.001,0.5,style_rho0p5,sadg_rho0p05,9,9,19,19,new_training,4,0,174,0.04125841458638509,0.041106970670322575,0.0029642253648489714,3.23210584459351e-06,2.785465236835686e-06,0.0013165245666944732,0.001700107881333679,0.0009537048123699302,4.466405698622111e-07,0.000253185161758059,6.375964827990781e-05,0.0012969575279081862,0.0,0.0,0.0,0.0,0.0,0.0,0.0,0.0,0.03465367419024309,0.1079059721281131,0.05000000000000001,12,179|180|23|126,46,all_filtered,9,True,D:\Running_Place\PostGraduateProjects\Experiments\PostGraduate\backbones\SpaceFrequencyModulation\Seg-SADG\BaryRadGateLowDimSpatial\a0p08\rho0p5\gb8\sadg0p05\shot4\Seed0,D:\Running_Place\PostGraduateProjects\Experiments\PostGraduate\backbones\Prompts\SpaceFrequencyModulation\Seg-SADG\BaryRadGateLowDimSpatial\a0p08\rho0p5\gb8\sadg0p05\shot4\Seed0
Seg-SADG,Seg-SADG,Seg-SADG,LF-Barycenter-RadialGate-LowDimSpatialMask,fixed,cosine,lowdim,radial,8,1.0,0.4588005244731903,0.5628240704536438,0.4930185079574585,0.48381862|0.56282407|0.53553903|0.48227054|0.49886954|0.45880052|0.46109599|0.4609299,14.677773475646973,0.020780496299266815,0.9845730066299438,0.8551706671714783,0.1030983030796051,0.08,0.5,0.05,0.05,0.5,0.0001,0.001,0.001,0.0,0.0,1e-06,15.0,5.0,40.0,0.02,0.98,0.001,0.001,0.0001,0.01,0.001,0.5,style_rho0p5,sadg_rho0p05,9,9,19,19,new_training,4,0,175,0.043002587743103504,0.042866673320531845,0.0026541825015253076,3.2056540059481145e-06,2.7591954297652896e-06,0.0013172240578569472,0.0016855233698152006,0.000941949556969727,4.4645857144587353e-07,0.00025350622066374245,6.322517037915532e-05,0.0012972717134592433,0.0,0.0,0.0,0.0,0.0,0.0,0.0,0.0,0.03492211472863952,0.12249384137491386,0.05000000000000001,12,179|180|23|126,46,all_filtered,9,True,D:\Running_Place\PostGraduateProjects\Experiments\PostGraduate\backbones\SpaceFrequencyModulation\Seg-SADG\BaryRadGateLowDimSpatial\a0p08\rho0p5\gb8\sadg0p05\shot4\Seed0,D:\Running_Place\PostGraduateProjects\Experiments\PostGraduate\backbones\Prompts\SpaceFrequencyModulation\Seg-SADG\BaryRadGateLowDimSpatial\a0p08\rho0p5\gb8\sadg0p05\shot4\Seed0
Seg-SADG,Seg-SADG,Seg-SADG,LF-Barycenter-RadialGate-LowDimSpatialMask,fixed,cosine,lowdim,radial,8,1.0,0.4590510427951813,0.5625997185707092,0.4930395781993866,0.48425636|0.56259972|0.53583968|0.48190549|0.49872351|0.45905104|0.4612357|0.46070516,14.674560546875,0.020770909264683723,0.9845850467681885,0.8552049994468689,0.1030888482928276,0.08,0.5,0.05,0.05,0.5,0.0001,0.001,0.001,0.0,0.0,1e-06,15.0,5.0,40.0,0.02,0.98,0.001,0.001,0.0001,0.01,0.001,0.5,style_rho0p5,sadg_rho0p05,9,9,19,19,new_training,4,0,176,0.041365950678785644,0.04120660604288181,0.0031234442916077874,3.17208851659719e-06,2.725300646488904e-06,0.0013141680101398379,0.001668323917935292,0.0009255597688024864,4.467878819506647e-07,0.0002543237375599953,6.2698368007356e-05,0.0012976576884587605,0.0,0.0,0.0,0.0,0.0,0.0,0.0,0.0,0.03408147022128105,0.10685947351157665,0.05000000000000001,12,179|180|23|126,46,all_filtered,9,True,D:\Running_Place\PostGraduateProjects\Experiments\PostGraduate\backbones\SpaceFrequencyModulation\Seg-SADG\BaryRadGateLowDimSpatial\a0p08\rho0p5\gb8\sadg0p05\shot4\Seed0,D:\Running_Place\PostGraduateProjects\Experiments\PostGraduate\backbones\Prompts\SpaceFrequencyModulation\Seg-SADG\BaryRadGateLowDimSpatial\a0p08\rho0p5\gb8\sadg0p05\shot4\Seed0
Seg-SADG,Seg-SADG,Seg-SADG,LF-Barycenter-RadialGate-LowDimSpatialMask,fixed,cosine,lowdim,radial,8,1.0,0.4594417214393616,0.5627481937408447,0.4932440221309662,0.48475137|0.56274819|0.53612053|0.48168629|0.49899524|0.45944172|0.46113363|0.46107543,14.67866039276123,0.020783167332410812,0.9846225380897522,0.8552069664001465,0.10309921950101852,0.08,0.5,0.05,0.05,0.5,0.0001,0.001,0.001,0.0,0.0,1e-06,15.0,5.0,40.0,0.02,0.98,0.001,0.001,0.0001,0.01,0.001,0.5,style_rho0p5,sadg_rho0p05,9,9,19,19,new_training,4,0,177,0.04085813524822394,0.040722970850765705,0.0026402575992203006,3.150912372499685e-06,2.7049866654730672e-06,0.0013124221974673371,0.0016586463995433103,0.0009150979409848029,4.4592569992119024e-07,0.00025383556688514847,6.231499658800506e-05,0.0012977512184685718,0.0,0.0,0.0,0.0,0.0,0.0,0.0,0.0,0.03425288759171963,0.10374222385386626,0.05000000000000001,12,179|180|23|126,46,all_filtered,9,True,D:\Running_Place\PostGraduateProjects\Experiments\PostGraduate\backbones\SpaceFrequencyModulation\Seg-SADG\BaryRadGateLowDimSpatial\a0p08\rho0p5\gb8\sadg0p05\shot4\Seed0,D:\Running_Place\PostGraduateProjects\Experiments\PostGraduate\backbones\Prompts\SpaceFrequencyModulation\Seg-SADG\BaryRadGateLowDimSpatial\a0p08\rho0p5\gb8\sadg0p05\shot4\Seed0
Seg-SADG,Seg-SADG,Seg-SADG,LF-Barycenter-RadialGate-LowDimSpatialMask,fixed,cosine,lowdim,radial,8,1.0,0.4594724178314209,0.5626667141914368,0.4932587146759033,0.48523501|0.56266671|0.53593516|0.48149425|0.49916741|0.45947242|0.46077946|0.46131939,14.684591293334961,0.020775526762008667,0.9846372604370117,0.8551716804504395,0.10311813652515411,0.08,0.5,0.05,0.05,0.5,0.0001,0.001,0.001,0.0,0.0,1e-06,15.0,5.0,40.0,0.02,0.98,0.001,0.001,0.0001,0.01,0.001,0.5,style_rho0p5,sadg_rho0p05,9,9,19,19,new_training,4,0,178,0.04254719770203034,0.04240480593095223,0.0027849291703508547,3.1458347962143307e-06,2.7013200754784825e-06,0.0013091740644692134,0.0016613081485653918,0.0009090943882862726,4.4451474205213043e-07,0.00025235633802367374,6.241569887303437e-05,0.001297426924187069,0.0,0.0,0.0,0.0,0.0,0.0,0.0,0.0,0.03472423211981853,0.11771014270683129,0.05000000000000001,12,179|180|23|126,46,all_filtered,9,True,D:\Running_Place\PostGraduateProjects\Experiments\PostGraduate\backbones\SpaceFrequencyModulation\Seg-SADG\BaryRadGateLowDimSpatial\a0p08\rho0p5\gb8\sadg0p05\shot4\Seed0,D:\Running_Place\PostGraduateProjects\Experiments\PostGraduate\backbones\Prompts\SpaceFrequencyModulation\Seg-SADG\BaryRadGateLowDimSpatial\a0p08\rho0p5\gb8\sadg0p05\shot4\Seed0
Seg-SADG,Seg-SADG,Seg-SADG,LF-Barycenter-RadialGate-LowDimSpatialMask,fixed,cosine,lowdim,radial,8,1.0,0.4597083330154419,0.5624918341636658,0.49333277344703674,0.48586416|0.56249183|0.53557265|0.48178321|0.49922064|0.45970833|0.46059015|0.46143112,14.691022872924805,0.02076816000044346,0.9846553206443787,0.8551353812217712,0.1031384989619255,0.08,0.5,0.05,0.05,0.5,0.0001,0.001,0.001,0.0,0.0,1e-06,15.0,5.0,40.0,0.02,0.98,0.001,0.001,0.0001,0.01,0.001,0.5,style_rho0p5,sadg_rho0p05,9,9,19,19,new_training,4,0,179,0.03993726118157307,0.0398028576746583,0.00262600727728568,3.103666870174493e-06,2.6602785586267905e-06,0.001301559842734908,0.001637797763881584,0.0008923247126707187,4.433883115477026e-07,0.0002505229931557551,6.318511987046804e-05,0.0012968018709216267,0.0,0.0,0.0,0.0,0.0,0.0,0.0,0.0,0.03333894054715832,0.10202246656020482,0.05000000000000001,12,179|180|23|126,46,all_filtered,9,True,D:\Running_Place\PostGraduateProjects\Experiments\PostGraduate\backbones\SpaceFrequencyModulation\Seg-SADG\BaryRadGateLowDimSpatial\a0p08\rho0p5\gb8\sadg0p05\shot4\Seed0,D:\Running_Place\PostGraduateProjects\Experiments\PostGraduate\backbones\Prompts\SpaceFrequencyModulation\Seg-SADG\BaryRadGateLowDimSpatial\a0p08\rho0p5\gb8\sadg0p05\shot4\Seed0
Seg-SADG,Seg-SADG,Seg-SADG,LF-Barycenter-RadialGate-LowDimSpatialMask,fixed,cosine,lowdim,radial,8,1.0,0.46001943945884705,0.5624199509620667,0.4934232831001282,0.48598915|0.56241995|0.53545147|0.48200861|0.49927032|0.46001944|0.46075201|0.46147522,14.693574905395508,0.02072678506374359,0.9846675992012024,0.8551204204559326,0.10315042734146118,0.08,0.5,0.05,0.05,0.5,0.0001,0.001,0.001,0.0,0.0,1e-06,15.0,5.0,40.0,0.02,0.98,0.001,0.001,0.0001,0.01,0.001,0.5,style_rho0p5,sadg_rho0p05,9,9,19,19,new_training,4,0,180,0.041302161291241646,0.0411572577431798,0.0028367299431314072,3.0661232699458196e-06,2.6238464746105214e-06,0.0012914765005310376,0.0016150236964070548,0.0008796749995478118,4.42276788229871e-07,0.00024899517787465203,6.36390450381441e-05,0.0012964255389912676,0.0,0.0,0.0,0.0,0.0,0.0,0.0,0.0,0.033408974297344685,0.11420782034595807,0.05000000000000001,12,179|180|23|126,46,all_filtered,9,True,D:\Running_Place\PostGraduateProjects\Experiments\PostGraduate\backbones\SpaceFrequencyModulation\Seg-SADG\BaryRadGateLowDimSpatial\a0p08\rho0p5\gb8\sadg0p05\shot4\Seed0,D:\Running_Place\PostGraduateProjects\Experiments\PostGraduate\backbones\Prompts\SpaceFrequencyModulation\Seg-SADG\BaryRadGateLowDimSpatial\a0p08\rho0p5\gb8\sadg0p05\shot4\Seed0
Seg-SADG,Seg-SADG,Seg-SADG,LF-Barycenter-RadialGate-LowDimSpatialMask,fixed,cosine,lowdim,radial,8,1.0,0.46029648184776306,0.5623661875724792,0.4935094118118286,0.48614922|0.56236619|0.53563398|0.48204973|0.49934664|0.46029648|0.46064535|0.46158737,14.689804077148438,0.020726749673485756,0.9846847653388977,0.8551650047302246,0.10313806682825089,0.08,0.5,0.05,0.05,0.5,0.0001,0.001,0.001,0.0,0.0,1e-06,15.0,5.0,40.0,0.02,0.98,0.001,0.001,0.0001,0.01,0.001,0.5,style_rho0p5,sadg_rho0p05,9,9,19,19,new_training,4,0,181,0.04111421232422193,0.04097989574074745,0.002625289470112572,3.051588597221174e-06,2.609768330330553e-06,0.0012858313857577741,0.0016063066917316367,0.000874878377847684,4.4182030478623346e-07,0.00024863129753308993,6.353697851106214e-05,0.0012965201361415286,0.0,0.0,0.0,0.0,0.0,0.0,0.0,0.0,0.03385381028056145,0.11157579720020294,0.05000000000000001,12,179|180|23|126,46,all_filtered,9,True,D:\Running_Place\PostGraduateProjects\Experiments\PostGraduate\backbones\SpaceFrequencyModulation\Seg-SADG\BaryRadGateLowDimSpatial\a0p08\rho0p5\gb8\sadg0p05\shot4\Seed0,D:\Running_Place\PostGraduateProjects\Experiments\PostGraduate\backbones\Prompts\SpaceFrequencyModulation\Seg-SADG\BaryRadGateLowDimSpatial\a0p08\rho0p5\gb8\sadg0p05\shot4\Seed0
Seg-SADG,Seg-SADG,Seg-SADG,LF-Barycenter-RadialGate-LowDimSpatialMask,fixed,cosine,lowdim,radial,8,1.0,0.46037089824676514,0.5623958110809326,0.49356377124786377,0.48663667|0.56239581|0.5358091|0.48222041|0.4992595|0.46060568|0.4603709|0.46121216,14.68480110168457,0.020759735256433487,0.984714925289154,0.8552348613739014,0.10311796516180038,0.08,0.5,0.05,0.05,0.5,0.0001,0.001,0.001,0.0,0.0,1e-06,15.0,5.0,40.0,0.02,0.98,0.001,0.001,0.0001,0.01,0.001,0.5,style_rho0p5,sadg_rho0p05,9,9,19,19,new_training,4,0,182,0.04002756904810667,0.039889092557132244,0.0027088872933139405,3.031995902347262e-06,2.5904207632265752e-06,0.0012850461450094979,0.0015947844173448782,0.000867131631821394,4.41575136752211e-07,0.0002494859339397711,6.237676279852167e-05,0.0012971243413630873,0.0,0.0,0.0,0.0,0.0,0.0,0.0,0.0,0.032620813542356096,0.10594511404633522,0.05000000000000001,12,179|180|23|126,46,all_filtered,9,True,D:\Running_Place\PostGraduateProjects\Experiments\PostGraduate\backbones\SpaceFrequencyModulation\Seg-SADG\BaryRadGateLowDimSpatial\a0p08\rho0p5\gb8\sadg0p05\shot4\Seed0,D:\Running_Place\PostGraduateProjects\Experiments\PostGraduate\backbones\Prompts\SpaceFrequencyModulation\Seg-SADG\BaryRadGateLowDimSpatial\a0p08\rho0p5\gb8\sadg0p05\shot4\Seed0
Seg-SADG,Seg-SADG,Seg-SADG,LF-Barycenter-RadialGate-LowDimSpatialMask,fixed,cosine,lowdim,radial,8,1.0,0.46057644486427307,0.5621461272239685,0.4935891628265381,0.48711893|0.56214613|0.53556699|0.48201361|0.49949172|0.46072033|0.46057644|0.46107924,14.684106826782227,0.020758504047989845,0.984722375869751,0.8552467226982117,0.10311567783355713,0.08,0.5,0.05,0.05,0.5,0.0001,0.001,0.001,0.0,0.0,1e-06,15.0,5.0,40.0,0.02,0.98,0.001,0.001,0.0001,0.01,0.001,0.5,style_rho0p5,sadg_rho0p05,9,9,19,19,new_training,4,0,183,0.0395837485169371,0.0394554203376174,0.0025064873528511575,3.0038674291669545e-06,2.5629385239274902e-06,0.001284250329869489,0.0015791860641911626,0.0008553273413175096,4.4092890997641615e-07,0.00024936940947857994,6.183147949438232e-05,0.0012972801050636917,0.0,0.0,0.0,0.0,0.0,0.0,0.0,0.0,0.032719549567749105,0.10673593667646249,0.05000000000000001,12,179|180|23|126,46,all_filtered,9,True,D:\Running_Place\PostGraduateProjects\Experiments\PostGraduate\backbones\SpaceFrequencyModulation\Seg-SADG\BaryRadGateLowDimSpatial\a0p08\rho0p5\gb8\sadg0p05\shot4\Seed0,D:\Running_Place\PostGraduateProjects\Experiments\PostGraduate\backbones\Prompts\SpaceFrequencyModulation\Seg-SADG\BaryRadGateLowDimSpatial\a0p08\rho0p5\gb8\sadg0p05\shot4\Seed0
Seg-SADG,Seg-SADG,Seg-SADG,LF-Barycenter-RadialGate-LowDimSpatialMask,fixed,cosine,lowdim,radial,8,1.0,0.4607297480106354,0.5620967745780945,0.4937632977962494,0.48751891|0.56209677|0.53531659|0.48204845|0.4997324|0.46072975|0.46113247|0.46153122,14.684560775756836,0.020768113434314728,0.9847390055656433,0.8552590012550354,0.10311555862426758,0.08,0.5,0.05,0.05,0.5,0.0001,0.001,0.001,0.0,0.0,1e-06,15.0,5.0,40.0,0.02,0.98,0.001,0.001,0.0001,0.01,0.001,0.5,style_rho0p5,sadg_rho0p05,9,9,19,19,new_training,4,0,184,0.040040102787315845,0.039900917249421276,0.0027240995162477097,2.9803382327979002e-06,2.5396598933487744e-06,0.0012718139235706378,0.001568954554386437,0.000843523865720878,4.4067831813284403e-07,0.00024930999643402174,6.163281977933366e-05,0.001297354921310519,0.0,0.0,0.0,0.0,0.0,0.0,0.0,0.0,0.03257933988546332,0.11144811784227689,0.05000000000000001,12,179|180|23|126,46,all_filtered,9,True,D:\Running_Place\PostGraduateProjects\Experiments\PostGraduate\backbones\SpaceFrequencyModulation\Seg-SADG\BaryRadGateLowDimSpatial\a0p08\rho0p5\gb8\sadg0p05\shot4\Seed0,D:\Running_Place\PostGraduateProjects\Experiments\PostGraduate\backbones\Prompts\SpaceFrequencyModulation\Seg-SADG\BaryRadGateLowDimSpatial\a0p08\rho0p5\gb8\sadg0p05\shot4\Seed0
Seg-SADG,Seg-SADG,Seg-SADG,LF-Barycenter-RadialGate-LowDimSpatialMask,fixed,cosine,lowdim,radial,8,1.0,0.46062561869621277,0.5620827078819275,0.4938090443611145,0.48789158|0.56208271|0.53535968|0.48186487|0.4997068|0.46062562|0.46143705|0.46150416,14.680599212646484,0.02078312449157238,0.9847559928894043,0.8553071022033691,0.10310100764036179,0.08,0.5,0.05,0.05,0.5,0.0001,0.001,0.001,0.0,0.0,1e-06,15.0,5.0,40.0,0.02,0.98,0.001,0.001,0.0001,0.01,0.001,0.5,style_rho0p5,sadg_rho0p05,9,9,19,19,new_training,4,0,185,0.04034478651980559,0.04021057207137346,0.0026248414263439677,2.9728224717473495e-06,2.5323806198684906e-06,0.0012647527813290556,0.0015673285621839266,0.0008385767044577127,4.404418660897136e-07,0.0002494749617956889,6.121573733253172e-05,0.0012975116163336982,0.0,0.0,0.0,0.0,0.0,0.0,0.0,0.0,0.03277496279527744,0.1142051915327708,0.05000000000000001,12,179|180|23|126,46,all_filtered,9,True,D:\Running_Place\PostGraduateProjects\Experiments\PostGraduate\backbones\SpaceFrequencyModulation\Seg-SADG\BaryRadGateLowDimSpatial\a0p08\rho0p5\gb8\sadg0p05\shot4\Seed0,D:\Running_Place\PostGraduateProjects\Experiments\PostGraduate\backbones\Prompts\SpaceFrequencyModulation\Seg-SADG\BaryRadGateLowDimSpatial\a0p08\rho0p5\gb8\sadg0p05\shot4\Seed0
Seg-SADG,Seg-SADG,Seg-SADG,LF-Barycenter-RadialGate-LowDimSpatialMask,fixed,cosine,lowdim,radial,8,1.0,0.4609938859939575,0.5619708895683289,0.49389415979385376,0.48852766|0.56197089|0.53545332|0.48201802|0.49945861|0.46099389|0.4616178|0.4611131,14.679594993591309,0.020776061341166496,0.9847810864448547,0.8553357720375061,0.10309779644012451,0.08,0.5,0.05,0.05,0.5,0.0001,0.001,0.001,0.0,0.0,1e-06,15.0,5.0,40.0,0.02,0.98,0.001,0.001,0.0001,0.01,0.001,0.5,style_rho0p5,sadg_rho0p05,9,9,19,19,new_training,4,0,186,0.041758229956030846,0.041618372003237404,0.002738449334477385,2.9359249348696417e-06,2.496113324923499e-06,0.0012601740600075573,0.0015477472237156082,0.0008223485686661055,4.39811607577667e-07,0.00024964969149247435,6.037141580842823e-05,0.00129790489639466,0.0,0.0,0.0,0.0,0.0,0.0,0.0,0.0,0.033812518852452435,0.1245587021112442,0.05000000000000001,12,179|180|23|126,46,all_filtered,9,True,D:\Running_Place\PostGraduateProjects\Experiments\PostGraduate\backbones\SpaceFrequencyModulation\Seg-SADG\BaryRadGateLowDimSpatial\a0p08\rho0p5\gb8\sadg0p05\shot4\Seed0,D:\Running_Place\PostGraduateProjects\Experiments\PostGraduate\backbones\Prompts\SpaceFrequencyModulation\Seg-SADG\BaryRadGateLowDimSpatial\a0p08\rho0p5\gb8\sadg0p05\shot4\Seed0
Seg-SADG,Seg-SADG,Seg-SADG,LF-Barycenter-RadialGate-LowDimSpatialMask,fixed,cosine,lowdim,radial,8,1.0,0.4612271189689636,0.5618692636489868,0.49400803446769714,0.4888705|0.56186926|0.53545612|0.48222905|0.49951875|0.46122712|0.46151626|0.46137714,14.675107955932617,0.02077886089682579,0.9847998023033142,0.8553876280784607,0.10308283567428589,0.08,0.5,0.05,0.05,0.5,0.0001,0.001,0.001,0.0,0.0,1e-06,15.0,5.0,40.0,0.02,0.98,0.001,0.001,0.0001,0.01,0.001,0.5,style_rho0p5,sadg_rho0p05,9,9,19,19,new_training,4,0,187,0.04046643618494272,0.04032728976259629,0.002724967993951092,2.8979752263088208e-06,2.4587309515785214e-06,0.0012526990709981571,0.0015246304004297901,0.0008088305476121604,4.392442415716384e-07,0.0002493545932035583,6.008796481182799e-05,0.0012980167812202126,0.0,0.0,0.0,0.0,0.0,0.0,0.0,0.0,0.0329909841530025,0.11253801981608073,0.05000000000000001,12,179|180|23|126,46,all_filtered,9,True,D:\Running_Place\PostGraduateProjects\Experiments\PostGraduate\backbones\SpaceFrequencyModulation\Seg-SADG\BaryRadGateLowDimSpatial\a0p08\rho0p5\gb8\sadg0p05\shot4\Seed0,D:\Running_Place\PostGraduateProjects\Experiments\PostGraduate\backbones\Prompts\SpaceFrequencyModulation\Seg-SADG\BaryRadGateLowDimSpatial\a0p08\rho0p5\gb8\sadg0p05\shot4\Seed0
Seg-SADG,Seg-SADG,Seg-SADG,LF-Barycenter-RadialGate-LowDimSpatialMask,fixed,cosine,lowdim,radial,8,1.0,0.4613800048828125,0.5616646409034729,0.4940697252750397,0.48907247|0.56166464|0.53561532|0.48221931|0.49937445|0.46138|0.46163675|0.46159476,14.679746627807617,0.02076953463256359,0.9848106503486633,0.8553593158721924,0.10309801250696182,0.08,0.5,0.05,0.05,0.5,0.0001,0.001,0.001,0.0,0.0,1e-06,15.0,5.0,40.0,0.02,0.98,0.001,0.001,0.0001,0.01,0.001,0.5,style_rho0p5,sadg_rho0p05,9,9,19,19,new_training,4,0,188,0.039662860023478665,0.03952784898380438,0.002642696703939388,2.8762040074070683e-06,2.437152583449157e-06,0.0012474099445777636,0.0015130401297938079,0.0007993713758575419,4.3905143816876563e-07,0.00024978349877831835,5.942761678549383e-05,0.0012984031054656953,0.0,0.0,0.0,0.0,0.0,0.0,0.0,0.0,0.03224699664860964,0.11260115106900533,0.05000000000000001,12,179|180|23|126,46,all_filtered,9,True,D:\Running_Place\PostGraduateProjects\Experiments\PostGraduate\backbones\SpaceFrequencyModulation\Seg-SADG\BaryRadGateLowDimSpatial\a0p08\rho0p5\gb8\sadg0p05\shot4\Seed0,D:\Running_Place\PostGraduateProjects\Experiments\PostGraduate\backbones\Prompts\SpaceFrequencyModulation\Seg-SADG\BaryRadGateLowDimSpatial\a0p08\rho0p5\gb8\sadg0p05\shot4\Seed0
Seg-SADG,Seg-SADG,Seg-SADG,LF-Barycenter-RadialGate-LowDimSpatialMask,fixed,cosine,lowdim,radial,8,1.0,0.46131768822669983,0.5613003373146057,0.49407511949539185,0.48921326|0.56130034|0.53558004|0.48230937|0.49913603|0.46131769|0.4620114|0.46173277,14.674494743347168,0.02075151726603508,0.9848065376281738,0.8553946614265442,0.1030835434794426,0.08,0.5,0.05,0.05,0.5,0.0001,0.001,0.001,0.0,0.0,1e-06,15.0,5.0,40.0,0.02,0.98,0.001,0.001,0.0001,0.01,0.001,0.5,style_rho0p5,sadg_rho0p05,9,9,19,19,new_training,4,0,189,0.03902298863977194,0.03889044560492039,0.0025938712254477045,2.8488187240327534e-06,2.4102495027970385e-06,0.001238030594928811,0.0014965515292715281,0.0007898948145642256,4.3856924492047256e-07,0.0002487711632663074,5.999528457323322e-05,0.0012980278115719557,0.0,0.0,0.0,0.0,0.0,0.0,0.0,0.0,0.03204141091555357,0.10910489968955517,0.05000000000000001,12,179|180|23|126,46,all_filtered,9,True,D:\Running_Place\PostGraduateProjects\Experiments\PostGraduate\backbones\SpaceFrequencyModulation\Seg-SADG\BaryRadGateLowDimSpatial\a0p08\rho0p5\gb8\sadg0p05\shot4\Seed0,D:\Running_Place\PostGraduateProjects\Experiments\PostGraduate\backbones\Prompts\SpaceFrequencyModulation\Seg-SADG\BaryRadGateLowDimSpatial\a0p08\rho0p5\gb8\sadg0p05\shot4\Seed0
Seg-SADG,Seg-SADG,Seg-SADG,LF-Barycenter-RadialGate-LowDimSpatialMask,fixed,cosine,lowdim,radial,8,1.0,0.46113842725753784,0.5612496137619019,0.49419885873794556,0.48966444|0.56124961|0.53542614|0.48231724|0.49912772|0.46113843|0.4623372|0.46233031,14.667481422424316,0.020763488486409187,0.9848225712776184,0.8554656505584717,0.10305973142385483,0.08,0.5,0.05,0.05,0.5,0.0001,0.001,0.001,0.0,0.0,1e-06,15.0,5.0,40.0,0.02,0.98,0.001,0.001,0.0001,0.01,0.001,0.5,style_rho0p5,sadg_rho0p05,9,9,19,19,new_training,4,0,190,0.03858325630426407,0.03845674420396487,0.002473809445897738,2.821691585571292e-06,2.382290006153198e-06,0.001227455339782561,0.0014817487778297316,0.0007777955858424926,4.394015983658998e-07,0.0002508829129510559,5.861341439109916e-05,0.0012990526350525518,0.0,0.0,0.0,0.0,0.0,0.0,0.0,0.0,0.03175621805712581,0.10655266419053078,0.05000000000000001,12,179|180|23|126,46,all_filtered,9,True,D:\Running_Place\PostGraduateProjects\Experiments\PostGraduate\backbones\SpaceFrequencyModulation\Seg-SADG\BaryRadGateLowDimSpatial\a0p08\rho0p5\gb8\sadg0p05\shot4\Seed0,D:\Running_Place\PostGraduateProjects\Experiments\PostGraduate\backbones\Prompts\SpaceFrequencyModulation\Seg-SADG\BaryRadGateLowDimSpatial\a0p08\rho0p5\gb8\sadg0p05\shot4\Seed0
Seg-SADG,Seg-SADG,Seg-SADG,LF-Barycenter-RadialGate-LowDimSpatialMask,fixed,cosine,lowdim,radial,8,1.0,0.46104440093040466,0.5609109401702881,0.4941455125808716,0.48997572|0.56091094|0.53542447|0.48236498|0.49889809|0.4610444|0.46230787|0.46223769,14.665803909301758,0.02075878158211708,0.9848219156265259,0.8554779291152954,0.10305497795343399,0.08,0.5,0.05,0.05,0.5,0.0001,0.001,0.001,0.0,0.0,1e-06,15.0,5.0,40.0,0.02,0.98,0.001,0.001,0.0001,0.01,0.001,0.5,style_rho0p5,sadg_rho0p05,9,9,19,19,new_training,4,0,191,0.03747166506946087,0.0373442821825544,0.0024917628519081822,2.7944405095089073e-06,2.354861768102031e-06,0.0012195391949110974,0.0014675905695185065,0.000765317187566931,4.3957877693401315e-07,0.0002515217323283044,5.811952996737091e-05,0.0012993751054940124,0.0,0.0,0.0,0.0,0.0,0.0,0.0,0.0,0.030831096538652975,0.10098282806575298,0.05000000000000001,12,179|180|23|126,46,all_filtered,9,True,D:\Running_Place\PostGraduateProjects\Experiments\PostGraduate\backbones\SpaceFrequencyModulation\Seg-SADG\BaryRadGateLowDimSpatial\a0p08\rho0p5\gb8\sadg0p05\shot4\Seed0,D:\Running_Place\PostGraduateProjects\Experiments\PostGraduate\backbones\Prompts\SpaceFrequencyModulation\Seg-SADG\BaryRadGateLowDimSpatial\a0p08\rho0p5\gb8\sadg0p05\shot4\Seed0
Seg-SADG,Seg-SADG,Seg-SADG,LF-Barycenter-RadialGate-LowDimSpatialMask,fixed,cosine,lowdim,radial,8,1.0,0.4611148238182068,0.5608566999435425,0.49414801597595215,0.49039841|0.5608567|0.53544527|0.48241371|0.49864507|0.46111482|0.46210253|0.46220741,14.666635513305664,0.020763564854860306,0.9848400950431824,0.855487585067749,0.10305652022361755,0.08,0.5,0.05,0.05,0.5,0.0001,0.001,0.001,0.0,0.0,1e-06,15.0,5.0,40.0,0.02,0.98,0.001,0.001,0.0001,0.01,0.001,0.5,style_rho0p5,sadg_rho0p05,9,9,19,19,new_training,4,0,192,0.038388341975708805,0.038251543107132115,0.002680643869098276,2.766698817898335e-06,2.327221731472188e-06,0.0012177394043343763,0.001452138783254971,0.0007533088840621834,4.394770887946227e-07,0.0002517209795769304,5.7799918370922874e-05,0.0012995618162676692,0.0,0.0,0.0,0.0,0.0,0.0,0.0,0.0,0.03098136403908332,0.11123441966871421,0.05000000000000001,12,179|180|23|126,46,all_filtered,9,True,D:\Running_Place\PostGraduateProjects\Experiments\PostGraduate\backbones\SpaceFrequencyModulation\Seg-SADG\BaryRadGateLowDimSpatial\a0p08\rho0p5\gb8\sadg0p05\shot4\Seed0,D:\Running_Place\PostGraduateProjects\Experiments\PostGraduate\backbones\Prompts\SpaceFrequencyModulation\Seg-SADG\BaryRadGateLowDimSpatial\a0p08\rho0p5\gb8\sadg0p05\shot4\Seed0
Seg-SADG,Seg-SADG,Seg-SADG,LF-Barycenter-RadialGate-LowDimSpatialMask,fixed,cosine,lowdim,radial,8,1.0,0.4611298143863678,0.5605592131614685,0.49423784017562866,0.49029362|0.56055921|0.53526431|0.48305881|0.49902025|0.46112981|0.46213078|0.46244583,14.672607421875,0.02073231153190136,0.9848437905311584,0.8554395437240601,0.1030784323811531,0.08,0.5,0.05,0.05,0.5,0.0001,0.001,0.001,0.0,0.0,1e-06,15.0,5.0,40.0,0.02,0.98,0.001,0.001,0.0001,0.01,0.001,0.5,style_rho0p5,sadg_rho0p05,9,9,19,19,new_training,4,0,193,0.0376762223119537,0.037557658118506275,0.002316473915319269,2.740250427753684e-06,2.302013285770954e-06,0.0012126912673314412,0.0014352442037003736,0.0007454998267348856,4.382371040871173e-07,0.00024987619690364227,5.846005842613522e-05,0.0012990083972302575,0.0,0.0,0.0,0.0,0.0,0.0,0.0,0.0,0.030768034669260185,0.10218515247106552,0.05000000000000001,12,179|180|23|126,46,all_filtered,9,True,D:\Running_Place\PostGraduateProjects\Experiments\PostGraduate\backbones\SpaceFrequencyModulation\Seg-SADG\BaryRadGateLowDimSpatial\a0p08\rho0p5\gb8\sadg0p05\shot4\Seed0,D:\Running_Place\PostGraduateProjects\Experiments\PostGraduate\backbones\Prompts\SpaceFrequencyModulation\Seg-SADG\BaryRadGateLowDimSpatial\a0p08\rho0p5\gb8\sadg0p05\shot4\Seed0
Seg-SADG,Seg-SADG,Seg-SADG,LF-Barycenter-RadialGate-LowDimSpatialMask,fixed,cosine,lowdim,radial,8,1.0,0.4613058567047119,0.5603899955749512,0.4943544268608093,0.49097681|0.56039|0.53528702|0.48332757|0.49931559|0.46130586|0.46203366|0.462199,14.677994728088379,0.020724022760987282,0.984873354434967,0.8554214239120483,0.10309527069330215,0.08,0.5,0.05,0.05,0.5,0.0001,0.001,0.001,0.0,0.0,1e-06,15.0,5.0,40.0,0.02,0.98,0.001,0.001,0.0001,0.01,0.001,0.5,style_rho0p5,sadg_rho0p05,9,9,19,19,new_training,4,0,194,0.03719812383254369,0.03707380344470342,0.002432103006867692,2.7153533703009694e-06,2.2780800653284436e-06,0.0012047318062589814,0.0014215462821690987,0.000736060508643277,4.3727331681490494e-07,0.0002487312158336863,5.8663256822910625e-05,0.0012987883334668975,0.0,0.0,0.0,0.0,0.0,0.0,0.0,0.0,0.030607744120061398,0.09969245766599973,0.05000000000000001,12,179|180|23|126,46,all_filtered,9,True,D:\Running_Place\PostGraduateProjects\Experiments\PostGraduate\backbones\SpaceFrequencyModulation\Seg-SADG\BaryRadGateLowDimSpatial\a0p08\rho0p5\gb8\sadg0p05\shot4\Seed0,D:\Running_Place\PostGraduateProjects\Experiments\PostGraduate\backbones\Prompts\SpaceFrequencyModulation\Seg-SADG\BaryRadGateLowDimSpatial\a0p08\rho0p5\gb8\sadg0p05\shot4\Seed0
Seg-SADG,Seg-SADG,Seg-SADG,LF-Barycenter-RadialGate-LowDimSpatialMask,fixed,cosine,lowdim,radial,8,1.0,0.46143415570259094,0.5604034662246704,0.49441713094711304,0.49124089|0.56040347|0.5353784|0.48333731|0.49907506|0.46143416|0.46224123|0.46222657,14.670944213867188,0.02068428136408329,0.9848881363868713,0.8554844856262207,0.10307680815458298,0.08,0.5,0.05,0.05,0.5,0.0001,0.001,0.001,0.0,0.0,1e-06,15.0,5.0,40.0,0.02,0.98,0.001,0.001,0.0001,0.01,0.001,0.5,style_rho0p5,sadg_rho0p05,9,9,19,19,new_training,4,0,195,0.0428692956144611,0.04273842088878155,0.0025639303882295885,2.6782380473378e-06,2.2425167192826243e-06,0.0012011691772689421,0.0014019198909712334,0.0007204798118133718,4.3572132331822405e-07,0.00024655903689563274,5.934366132957317e-05,0.0012981861364096403,0.0,0.0,0.0,0.0,0.0,0.0,0.0,0.0,0.030250809000184137,0.11603596930702527,0.05000000000000001,12,179|180|23|126,46,all_filtered,9,True,D:\Running_Place\PostGraduateProjects\Experiments\PostGraduate\backbones\SpaceFrequencyModulation\Seg-SADG\BaryRadGateLowDimSpatial\a0p08\rho0p5\gb8\sadg0p05\shot4\Seed0,D:\Running_Place\PostGraduateProjects\Experiments\PostGraduate\backbones\Prompts\SpaceFrequencyModulation\Seg-SADG\BaryRadGateLowDimSpatial\a0p08\rho0p5\gb8\sadg0p05\shot4\Seed0
Seg-SADG,Seg-SADG,Seg-SADG,LF-Barycenter-RadialGate-LowDimSpatialMask,fixed,cosine,lowdim,radial,8,1.0,0.45988795161247253,0.5619408488273621,0.49489033222198486,0.4913367|0.56194085|0.53650069|0.48568672|0.49794614|0.45988795|0.46329278|0.46253073,14.635563850402832,0.020248068496584892,0.9850011467933655,0.8558039665222168,0.10300741344690323,0.08,0.5,0.05,0.05,0.5,0.0001,0.001,0.001,0.0,0.0,1e-06,15.0,5.0,40.0,0.02,0.98,0.001,0.001,0.0001,0.01,0.001,0.5,style_rho0p5,sadg_rho0p05,9,9,19,19,new_training,4,0,196,0.08469316984216373,0.0844403797139724,0.0050022724899463356,2.675527772074323e-06,2.2372155020396653e-06,0.001207682304084301,0.0013924746211462964,0.000723972533402654,4.3831230556179435e-07,0.000253766163950786,5.427613268693676e-05,0.0013026998979815592,0.0,0.0,0.0,0.0,0.0,0.0,0.0,0.0,0.06564858338485162,0.3221532466510932,0.05000000000000001,12,179|180|23|126,46,all_filtered,9,True,D:\Running_Place\PostGraduateProjects\Experiments\PostGraduate\backbones\SpaceFrequencyModulation\Seg-SADG\BaryRadGateLowDimSpatial\a0p08\rho0p5\gb8\sadg0p05\shot4\Seed0,D:\Running_Place\PostGraduateProjects\Experiments\PostGraduate\backbones\Prompts\SpaceFrequencyModulation\Seg-SADG\BaryRadGateLowDimSpatial\a0p08\rho0p5\gb8\sadg0p05\shot4\Seed0
Seg-SADG,Seg-SADG,Seg-SADG,LF-Barycenter-RadialGate-LowDimSpatialMask,fixed,cosine,lowdim,radial,8,1.0,0.4588763415813446,0.5634288787841797,0.4953050911426544,0.49101055|0.56342888|0.53729296|0.48788381|0.49824628|0.45887634|0.46287644|0.46282557,14.641741752624512,0.02004988119006157,0.985105574131012,0.8558187484741211,0.10304427891969681,0.08,0.5,0.05,0.05,0.5,0.0001,0.001,0.001,0.0,0.0,1e-06,15.0,5.0,40.0,0.02,0.98,0.001,0.001,0.0001,0.01,0.001,0.5,style_rho0p5,sadg_rho0p05,9,9,19,19,new_training,4,0,197,0.07489038538187742,0.07455142556379239,0.006724581917903076,2.7299115951488298e-06,2.2967173360181428e-06,0.0012428428453858942,0.0014203361643012613,0.0007520967774325982,4.331942709730659e-07,0.0002492100587308717,5.3586136345984414e-05,0.0013039806411446382,0.0,0.0,0.0,0.0,0.0,0.0,0.0,0.0,0.06267510696003835,0.20101295287410417,0.05000000000000001,12,179|180|23|126,46,all_filtered,9,True,D:\Running_Place\PostGraduateProjects\Experiments\PostGraduate\backbones\SpaceFrequencyModulation\Seg-SADG\BaryRadGateLowDimSpatial\a0p08\rho0p5\gb8\sadg0p05\shot4\Seed0,D:\Running_Place\PostGraduateProjects\Experiments\PostGraduate\backbones\Prompts\SpaceFrequencyModulation\Seg-SADG\BaryRadGateLowDimSpatial\a0p08\rho0p5\gb8\sadg0p05\shot4\Seed0
Seg-SADG,Seg-SADG,Seg-SADG,LF-Barycenter-RadialGate-LowDimSpatialMask,fixed,cosine,lowdim,radial,8,1.0,0.45869606733322144,0.5644919872283936,0.49572938680648804,0.49117887|0.56449199|0.53826797|0.48870575|0.49813598|0.45869607|0.46273041|0.46362817,14.624505043029785,0.020005302503705025,0.9851891398429871,0.8560218214988708,0.10299178212881088,0.08,0.5,0.05,0.05,0.5,0.0001,0.001,0.001,0.0,0.0,1e-06,15.0,5.0,40.0,0.02,0.98,0.001,0.001,0.0001,0.01,0.001,0.5,style_rho0p5,sadg_rho0p05,9,9,19,19,new_training,4,0,198,0.06243790748218695,0.062165915966033936,0.005384322294654946,2.77559670773068e-06,2.3454582371111123e-06,0.0012717572002050777,0.0014425726937285315,0.0007757097337162122,4.3013848956737394e-07,0.0002478222838059689,5.180458629183704e-05,0.001305116117388631,0.0,0.0,0.0,0.0,0.0,0.0,0.0,0.0,0.05331266392022371,0.15280067237714925,0.05000000000000001,12,179|180|23|126,46,all_filtered,9,True,D:\Running_Place\PostGraduateProjects\Experiments\PostGraduate\backbones\SpaceFrequencyModulation\Seg-SADG\BaryRadGateLowDimSpatial\a0p08\rho0p5\gb8\sadg0p05\shot4\Seed0,D:\Running_Place\PostGraduateProjects\Experiments\PostGraduate\backbones\Prompts\SpaceFrequencyModulation\Seg-SADG\BaryRadGateLowDimSpatial\a0p08\rho0p5\gb8\sadg0p05\shot4\Seed0
Seg-SADG,Seg-SADG,Seg-SADG,LF-Barycenter-RadialGate-LowDimSpatialMask,fixed,cosine,lowdim,radial,8,1.0,0.4579319953918457,0.5652012825012207,0.4958893656730652,0.49186927|0.56520128|0.53862989|0.48828605|0.4978354|0.457932|0.46257961|0.46478176,14.617044448852539,0.019982723519206047,0.9852387309074402,0.8561208248138428,0.10296893864870071,0.08,0.5,0.05,0.05,0.5,0.0001,0.001,0.001,0.0,0.0,1e-06,15.0,5.0,40.0,0.02,0.98,0.001,0.001,0.0001,0.01,0.001,0.5,style_rho0p5,sadg_rho0p05,9,9,19,19,new_training,4,0,199,0.05549417374034723,0.055271691332260765,0.004393573054888596,2.804037876558141e-06,2.373296031995172e-06,0.0012880909198429435,0.0014624079825201382,0.0007820788790316632,4.3074186351077515e-07,0.00025082957290578634,4.921602794638602e-05,0.0013069625420030206,0.0,0.0,0.0,0.0,0.0,0.0,0.0,0.0,0.04669241731365522,0.13753477359811464,0.05000000000000001,12,179|180|23|126,46,all_filtered,9,True,D:\Running_Place\PostGraduateProjects\Experiments\PostGraduate\backbones\SpaceFrequencyModulation\Seg-SADG\BaryRadGateLowDimSpatial\a0p08\rho0p5\gb8\sadg0p05\shot4\Seed0,D:\Running_Place\PostGraduateProjects\Experiments\PostGraduate\backbones\Prompts\SpaceFrequencyModulation\Seg-SADG\BaryRadGateLowDimSpatial\a0p08\rho0p5\gb8\sadg0p05\shot4\Seed0
Seg-SADG,Seg-SADG,Seg-SADG,LF-Barycenter-RadialGate-LowDimSpatialMask,fixed,cosine,lowdim,radial,8,1.0,0.4572104811668396,0.5654151439666748,0.4959184527397156,0.49204758|0.56541514|0.53872466|0.48869687|0.49804631|0.45721048|0.46237394|0.46483254,14.61518669128418,0.01996781677007675,0.98526531457901,0.8561566472053528,0.10296373814344406,0.08,0.5,0.05,0.05,0.5,0.0001,0.001,0.001,0.0,0.0,1e-06,15.0,5.0,40.0,0.02,0.98,0.001,0.001,0.0001,0.01,0.001,0.5,style_rho0p5,sadg_rho0p05,9,9,19,19,new_training,4,0,200,0.056223117746412754,0.056020669639110565,0.003992438510370751,2.8264893406534006e-06,2.3963899404103963e-06,0.0013017115416005254,0.0014815485337749124,0.0007846701385763785,4.30099400243004e-07,0.00025077545433305204,4.858760803472251e-05,0.001307363292047133,0.0,0.0,0.0,0.0,0.0,0.0,0.0,0.0,0.04626591441531976,0.15653176171084246,0.05000000000000001,12,179|180|23|126,46,all_filtered,9,True,D:\Running_Place\PostGraduateProjects\Experiments\PostGraduate\backbones\SpaceFrequencyModulation\Seg-SADG\BaryRadGateLowDimSpatial\a0p08\rho0p5\gb8\sadg0p05\shot4\Seed0,D:\Running_Place\PostGraduateProjects\Experiments\PostGraduate\backbones\Prompts\SpaceFrequencyModulation\Seg-SADG\BaryRadGateLowDimSpatial\a0p08\rho0p5\gb8\sadg0p05\shot4\Seed0
