loss_mode,ablation,sadg_method,style_method,template_mode,mask_mode,spatial_mask_mode,gate_mode,gate_num_bins,gate_rho_max,rho_bin_min,rho_bin_max,rho_bin_mean,rho_bins,spatial_margin_px,spatial_edge_calib,spatial_inner_calib,spatial_calib_mean,spatial_preserve_edge_mean,style_alpha,style_rho,sadg_rho,lambda_disp,dice_weight,lambda_gate_anchor,lambda_gate_smooth,lambda_gate_mono,lambda_spectral_consistency,lambda_gate_budget,spectral_cons_eps,spatial_mask_margin_px,spatial_mask_margin_min_px,spatial_mask_margin_max_px,spatial_mask_edge_init,spatial_mask_inner_init,lambda_spatial_anchor,lambda_spatial_budget,lambda_spatial_tv,lambda_spatial_source_bg_edge,lambda_spatial_source_fg_inner,geometry_preserving,lambda_geo,geo_sdt_clip_px,geo_eps,geo_loss_type,teacher_checkpoint,teacher_train_case_ids,teacher_case_ids_match,rho,rho_tag,sadg_rho_tag,lf_radius_h,lf_radius_w,lf_size_h,lf_size_w,checkpoint_source,shot,seed,epoch,train_loss,train_seg_loss,train_disp_loss,style_reg_loss,gate_reg_loss,gate_anchor_loss,gate_smooth_loss,gate_mono_loss,spatial_reg_loss,spatial_anchor_loss,spatial_budget_loss,spatial_tv_loss,spatial_source_reg_loss,spatial_source_bg_edge_loss,spatial_source_fg_inner_loss,spectral_cons_loss,gate_budget_loss,spectral_style_loss,geo_loss,geo_style_loss,geo_weight_mean,template_l2_loss,template_smooth_loss,epsilon_loss,sadg_grad_norm,perturb_norm,steps,train_case_ids,n_train_slices,slice_policy,num_middle_slices,filter_min_fg,output_dir,prompt_dir
Seg-SADG,Seg-SADG,Seg-SADG,LF-Barycenter-RadialGate,fixed,cosine,none,radial,8,1.0,0.4979323148727417,0.5011070966720581,0.49965858459472656,0.50012535|0.49945128|0.5011071|0.49793231|0.50076914|0.50083393|0.4989382|0.49811125,15.0,1.0,1.0,1.0,0.0,0.08,0.5,0.05,0.05,0.5,0.0001,0.001,0.001,0.0,0.0,1e-06,15.0,5.0,40.0,0.02,0.98,0.001,0.001,0.0001,0.01,0.001,False,0.1,32.0,1e-06,none,,,False,0.5,style_rho0p5,sadg_rho0p05,9,9,19,19,new_training,3,1,1,1.4545224905014038,1.4280984269248114,0.5284808112515343,2.1084177151100807e-09,2.1084177151100807e-09,5.721405532060292e-07,1.4240311874876472e-06,6.271723217802597e-07,0.0,0.0,0.0,0.0,0.0,0.0,0.0,0.0,0.0,0.0,0.0,0.0,0.0,0.0,0.0,1.3161023722754583,2.32281223932902,0.05,9,72|31|126,35,all_filtered,9,True,D:\Running_Place\PostGraduateProjects\Experiments\PostGraduate\backbones\GeometryPreservingRadialGate\Seg-SADG\BaryRadGate\a0p08\rho0p5\gb8\sadg0p05\shot3\Seed1,D:\Running_Place\PostGraduateProjects\Experiments\PostGraduate\backbones\Prompts\GeometryPreservingRadialGate\Seg-SADG\BaryRadGate\a0p08\rho0p5\gb8\sadg0p05\shot3\Seed1
Seg-SADG,Seg-SADG,Seg-SADG,LF-Barycenter-RadialGate,fixed,cosine,none,radial,8,1.0,0.49698302149772644,0.5024727582931519,0.49945250153541565,0.49943131|0.50038481|0.50247276|0.49698302|0.50025564|0.50092572|0.49810979|0.49705699,15.0,1.0,1.0,1.0,0.0,0.08,0.5,0.05,0.05,0.5,0.0001,0.001,0.001,0.0,0.0,1e-06,15.0,5.0,40.0,0.02,0.98,0.001,0.001,0.0001,0.01,0.001,False,0.1,32.0,1e-06,none,,,False,0.5,style_rho0p5,sadg_rho0p05,9,9,19,19,new_training,3,1,2,1.066482616795434,1.0459166831440396,0.4113187226984236,7.589920889314625e-09,7.589920889314625e-09,2.297818797261344e-06,5.464162692684719e-06,1.8959759068416638e-06,0.0,0.0,0.0,0.0,0.0,0.0,0.0,0.0,0.0,0.0,0.0,0.0,0.0,0.0,0.0,0.979305214352078,1.2452122237947252,0.05,9,72|31|126,35,all_filtered,9,True,D:\Running_Place\PostGraduateProjects\Experiments\PostGraduate\backbones\GeometryPreservingRadialGate\Seg-SADG\BaryRadGate\a0p08\rho0p5\gb8\sadg0p05\shot3\Seed1,D:\Running_Place\PostGraduateProjects\Experiments\PostGraduate\backbones\Prompts\GeometryPreservingRadialGate\Seg-SADG\BaryRadGate\a0p08\rho0p5\gb8\sadg0p05\shot3\Seed1
Seg-SADG,Seg-SADG,Seg-SADG,LF-Barycenter-RadialGate,fixed,cosine,none,radial,8,1.0,0.4958902895450592,0.5033784508705139,0.49938350915908813,0.49802253|0.50158429|0.50337845|0.49727845|0.50028831|0.50111103|0.49751493|0.49589029,15.0,1.0,1.0,1.0,0.0,0.08,0.5,0.05,0.05,0.5,0.0001,0.001,0.001,0.0,0.0,1e-06,15.0,5.0,40.0,0.02,0.98,0.001,0.001,0.0001,0.01,0.001,False,0.1,32.0,1e-06,none,,,False,0.5,style_rho0p5,sadg_rho0p05,9,9,19,19,new_training,3,1,3,0.9040279322200351,0.8856122162606981,0.3683141900433434,1.2725328445305372e-08,1.2725328445305372e-08,4.808069661521586e-06,9.417283561358798e-06,2.827237595839607e-06,0.0,0.0,0.0,0.0,0.0,0.0,0.0,0.0,0.0,0.0,0.0,0.0,0.0,0.0,0.0,0.8341521554523044,0.9595221281051636,0.05,9,72|31|126,35,all_filtered,9,True,D:\Running_Place\PostGraduateProjects\Experiments\PostGraduate\backbones\GeometryPreservingRadialGate\Seg-SADG\BaryRadGate\a0p08\rho0p5\gb8\sadg0p05\shot3\Seed1,D:\Running_Place\PostGraduateProjects\Experiments\PostGraduate\backbones\Prompts\GeometryPreservingRadialGate\Seg-SADG\BaryRadGate\a0p08\rho0p5\gb8\sadg0p05\shot3\Seed1
Seg-SADG,Seg-SADG,Seg-SADG,LF-Barycenter-RadialGate,fixed,cosine,none,radial,8,1.0,0.4956029951572418,0.503940999507904,0.4995356798171997,0.49696156|0.50232828|0.503941|0.49781317|0.50065923|0.50133193|0.49764726|0.495603,15.0,1.0,1.0,1.0,0.0,0.08,0.5,0.05,0.05,0.5,0.0001,0.001,0.001,0.0,0.0,1e-06,15.0,5.0,40.0,0.02,0.98,0.001,0.001,0.0001,0.01,0.001,False,0.1,32.0,1e-06,none,,,False,0.5,style_rho0p5,sadg_rho0p05,9,9,19,19,new_training,3,1,4,0.7831810381677415,0.7722599241468642,0.21842231353123984,1.771505845719427e-08,1.771505845719427e-08,7.0873864691141835e-06,1.2423768263640037e-05,4.582550748940169e-06,0.0,0.0,0.0,0.0,0.0,0.0,0.0,0.0,0.0,0.0,0.0,0.0,0.0,0.0,0.0,0.7259450753529867,0.8467229339811537,0.05,9,72|31|126,35,all_filtered,9,True,D:\Running_Place\PostGraduateProjects\Experiments\PostGraduate\backbones\GeometryPreservingRadialGate\Seg-SADG\BaryRadGate\a0p08\rho0p5\gb8\sadg0p05\shot3\Seed1,D:\Running_Place\PostGraduateProjects\Experiments\PostGraduate\backbones\Prompts\GeometryPreservingRadialGate\Seg-SADG\BaryRadGate\a0p08\rho0p5\gb8\sadg0p05\shot3\Seed1
Seg-SADG,Seg-SADG,Seg-SADG,LF-Barycenter-RadialGate,fixed,cosine,none,radial,8,1.0,0.4959195554256439,0.5044463872909546,0.49971115589141846,0.49633056|0.50266021|0.50444639|0.49801037|0.50082666|0.50152367|0.49797156|0.49591956,15.0,1.0,1.0,1.0,0.0,0.08,0.5,0.05,0.05,0.5,0.0001,0.001,0.001,0.0,0.0,1e-06,15.0,5.0,40.0,0.02,0.98,0.001,0.001,0.0001,0.01,0.001,False,0.1,32.0,1e-06,none,,,False,0.5,style_rho0p5,sadg_rho0p05,9,9,19,19,new_training,3,1,5,0.7067656450801425,0.6985540191332499,0.164232537150383,2.1933752394589746e-08,2.1933752394589746e-08,8.11425090634859e-06,1.4601230961691019e-05,6.521095454243348e-06,0.0,0.0,0.0,0.0,0.0,0.0,0.0,0.0,0.0,0.0,0.0,0.0,0.0,0.0,0.0,0.658453126748403,0.741234732998742,0.05,9,72|31|126,35,all_filtered,9,True,D:\Running_Place\PostGraduateProjects\Experiments\PostGraduate\backbones\GeometryPreservingRadialGate\Seg-SADG\BaryRadGate\a0p08\rho0p5\gb8\sadg0p05\shot3\Seed1,D:\Running_Place\PostGraduateProjects\Experiments\PostGraduate\backbones\Prompts\GeometryPreservingRadialGate\Seg-SADG\BaryRadGate\a0p08\rho0p5\gb8\sadg0p05\shot3\Seed1
Seg-SADG,Seg-SADG,Seg-SADG,LF-Barycenter-RadialGate,fixed,cosine,none,radial,8,1.0,0.4956068694591522,0.5050283074378967,0.49984073638916016,0.49560687|0.50292826|0.50502831|0.49811444|0.50046957|0.50179362|0.49851456|0.49627009,15.0,1.0,1.0,1.0,0.0,0.08,0.5,0.05,0.05,0.5,0.0001,0.001,0.001,0.0,0.0,1e-06,15.0,5.0,40.0,0.02,0.98,0.001,0.001,0.0001,0.01,0.001,False,0.1,32.0,1e-06,none,,,False,0.5,style_rho0p5,sadg_rho0p05,9,9,19,19,new_training,3,1,6,0.6553643014695909,0.6486151152186923,0.13498367369174957,2.5825436209301088e-08,2.5825436209301088e-08,8.919730640223457e-06,1.6854751366837365e-05,8.07871043030496e-06,0.0,0.0,0.0,0.0,0.0,0.0,0.0,0.0,0.0,0.0,0.0,0.0,0.0,0.0,0.0,0.6091080904006958,0.7207073039478726,0.05,9,72|31|126,35,all_filtered,9,True,D:\Running_Place\PostGraduateProjects\Experiments\PostGraduate\backbones\GeometryPreservingRadialGate\Seg-SADG\BaryRadGate\a0p08\rho0p5\gb8\sadg0p05\shot3\Seed1,D:\Running_Place\PostGraduateProjects\Experiments\PostGraduate\backbones\Prompts\GeometryPreservingRadialGate\Seg-SADG\BaryRadGate\a0p08\rho0p5\gb8\sadg0p05\shot3\Seed1
Seg-SADG,Seg-SADG,Seg-SADG,LF-Barycenter-RadialGate,fixed,cosine,none,radial,8,1.0,0.4945054352283478,0.505451500415802,0.4998975396156311,0.49450544|0.50324881|0.5054515|0.49799499|0.50020802|0.50207376|0.49878964|0.49690822,15.0,1.0,1.0,1.0,0.0,0.08,0.5,0.05,0.05,0.5,0.0001,0.001,0.001,0.0,0.0,1e-06,15.0,5.0,40.0,0.02,0.98,0.001,0.001,0.0001,0.01,0.001,False,0.1,32.0,1e-06,none,,,False,0.5,style_rho0p5,sadg_rho0p05,9,9,19,19,new_training,3,1,7,0.6300805674658881,0.623918890953064,0.12323267426755694,3.1836509132669257e-08,3.1836509132669257e-08,1.0183963847036162e-05,2.0066124205994936e-05,1.0751987146148975e-05,0.0,0.0,0.0,0.0,0.0,0.0,0.0,0.0,0.0,0.0,0.0,0.0,0.0,0.0,0.0,0.5714627703030905,0.7005795571539137,0.05,9,72|31|126,35,all_filtered,9,True,D:\Running_Place\PostGraduateProjects\Experiments\PostGraduate\backbones\GeometryPreservingRadialGate\Seg-SADG\BaryRadGate\a0p08\rho0p5\gb8\sadg0p05\shot3\Seed1,D:\Running_Place\PostGraduateProjects\Experiments\PostGraduate\backbones\Prompts\GeometryPreservingRadialGate\Seg-SADG\BaryRadGate\a0p08\rho0p5\gb8\sadg0p05\shot3\Seed1
Seg-SADG,Seg-SADG,Seg-SADG,LF-Barycenter-RadialGate,fixed,cosine,none,radial,8,1.0,0.4936906695365906,0.506035566329956,0.4999655485153198,0.49369067|0.50356781|0.50603557|0.49813765|0.50009847|0.5022518|0.49915212|0.49679017,15.0,1.0,1.0,1.0,0.0,0.08,0.5,0.05,0.05,0.5,0.0001,0.001,0.001,0.0,0.0,1e-06,15.0,5.0,40.0,0.02,0.98,0.001,0.001,0.0001,0.01,0.001,False,0.1,32.0,1e-06,none,,,False,0.5,style_rho0p5,sadg_rho0p05,9,9,19,19,new_training,3,1,8,0.5883574287096659,0.5834129452705383,0.09888848910729091,4.0433366876868604e-08,4.0433366876868604e-08,1.2257676947532067e-05,2.4916080898644093e-05,1.4291516385532708e-05,0.0,0.0,0.0,0.0,0.0,0.0,0.0,0.0,0.0,0.0,0.0,0.0,0.0,0.0,0.0,0.5482616159651015,0.6279077331225077,0.05,9,72|31|126,35,all_filtered,9,True,D:\Running_Place\PostGraduateProjects\Experiments\PostGraduate\backbones\GeometryPreservingRadialGate\Seg-SADG\BaryRadGate\a0p08\rho0p5\gb8\sadg0p05\shot3\Seed1,D:\Running_Place\PostGraduateProjects\Experiments\PostGraduate\backbones\Prompts\GeometryPreservingRadialGate\Seg-SADG\BaryRadGate\a0p08\rho0p5\gb8\sadg0p05\shot3\Seed1
Seg-SADG,Seg-SADG,Seg-SADG,LF-Barycenter-RadialGate,fixed,cosine,none,radial,8,1.0,0.4927321970462799,0.5064303874969482,0.5000945925712585,0.4927322|0.5037123|0.50643039|0.49867138|0.50008553|0.50256407|0.49955657|0.49700439,15.0,1.0,1.0,1.0,0.0,0.08,0.5,0.05,0.05,0.5,0.0001,0.001,0.001,0.0,0.0,1e-06,15.0,5.0,40.0,0.02,0.98,0.001,0.001,0.0001,0.01,0.001,False,0.1,32.0,1e-06,none,,,False,0.5,style_rho0p5,sadg_rho0p05,9,9,19,19,new_training,3,1,9,0.5455166300137838,0.541110270553165,0.08812615358167225,4.746282813685967e-08,4.746282813685967e-08,1.453589680345936e-05,2.8515225494629703e-05,1.749400992897184e-05,0.0,0.0,0.0,0.0,0.0,0.0,0.0,0.0,0.0,0.0,0.0,0.0,0.0,0.0,0.0,0.5104720526271396,0.5654579467243619,0.05,9,72|31|126,35,all_filtered,9,True,D:\Running_Place\PostGraduateProjects\Experiments\PostGraduate\backbones\GeometryPreservingRadialGate\Seg-SADG\BaryRadGate\a0p08\rho0p5\gb8\sadg0p05\shot3\Seed1,D:\Running_Place\PostGraduateProjects\Experiments\PostGraduate\backbones\Prompts\GeometryPreservingRadialGate\Seg-SADG\BaryRadGate\a0p08\rho0p5\gb8\sadg0p05\shot3\Seed1
Seg-SADG,Seg-SADG,Seg-SADG,LF-Barycenter-RadialGate,fixed,cosine,none,radial,8,1.0,0.4923382103443146,0.5065369009971619,0.5002532601356506,0.49233821|0.5044412|0.5065369|0.49914151|0.49973896|0.50288206|0.4998937|0.49705338,15.0,1.0,1.0,1.0,0.0,0.08,0.5,0.05,0.05,0.5,0.0001,0.001,0.001,0.0,0.0,1e-06,15.0,5.0,40.0,0.02,0.98,0.001,0.001,0.0001,0.01,0.001,False,0.1,32.0,1e-06,none,,,False,0.5,style_rho0p5,sadg_rho0p05,9,9,19,19,new_training,3,1,10,0.5097373558415307,0.5060273309548696,0.07419930150111516,5.4019979008520146e-08,5.4019979008520146e-08,1.6414271764612447e-05,3.1414847398991697e-05,2.0963702101855437e-05,0.0,0.0,0.0,0.0,0.0,0.0,0.0,0.0,0.0,0.0,0.0,0.0,0.0,0.0,0.0,0.47708143459426033,0.5400847130351596,0.05,9,72|31|126,35,all_filtered,9,True,D:\Running_Place\PostGraduateProjects\Experiments\PostGraduate\backbones\GeometryPreservingRadialGate\Seg-SADG\BaryRadGate\a0p08\rho0p5\gb8\sadg0p05\shot3\Seed1,D:\Running_Place\PostGraduateProjects\Experiments\PostGraduate\backbones\Prompts\GeometryPreservingRadialGate\Seg-SADG\BaryRadGate\a0p08\rho0p5\gb8\sadg0p05\shot3\Seed1
Seg-SADG,Seg-SADG,Seg-SADG,LF-Barycenter-RadialGate,fixed,cosine,none,radial,8,1.0,0.49162471294403076,0.506833016872406,0.5003193616867065,0.49162471|0.50479347|0.50683302|0.49924397|0.4995282|0.50288373|0.50002939|0.49761856,15.0,1.0,1.0,1.0,0.0,0.08,0.5,0.05,0.05,0.5,0.0001,0.001,0.001,0.0,0.0,1e-06,15.0,5.0,40.0,0.02,0.98,0.001,0.001,0.0001,0.01,0.001,False,0.1,32.0,1e-06,none,,,False,0.5,style_rho0p5,sadg_rho0p05,9,9,19,19,new_training,3,1,11,0.4810913536283705,0.47769490877787274,0.06792768215139706,6.143825596420054e-08,6.143825596420054e-08,1.816044540545489e-05,3.486017441092473e-05,2.4762033111376997e-05,0.0,0.0,0.0,0.0,0.0,0.0,0.0,0.0,0.0,0.0,0.0,0.0,0.0,0.0,0.0,0.45046226183573407,0.5043716099527147,0.05,9,72|31|126,35,all_filtered,9,True,D:\Running_Place\PostGraduateProjects\Experiments\PostGraduate\backbones\GeometryPreservingRadialGate\Seg-SADG\BaryRadGate\a0p08\rho0p5\gb8\sadg0p05\shot3\Seed1,D:\Running_Place\PostGraduateProjects\Experiments\PostGraduate\backbones\Prompts\GeometryPreservingRadialGate\Seg-SADG\BaryRadGate\a0p08\rho0p5\gb8\sadg0p05\shot3\Seed1
Seg-SADG,Seg-SADG,Seg-SADG,LF-Barycenter-RadialGate,fixed,cosine,none,radial,8,1.0,0.4905475378036499,0.5070846080780029,0.5001333951950073,0.49054754|0.50449586|0.50708461|0.49924013|0.49923572|0.50261205|0.4999336|0.49791795,15.0,1.0,1.0,1.0,0.0,0.08,0.5,0.05,0.05,0.5,0.0001,0.001,0.001,0.0,0.0,1e-06,15.0,5.0,40.0,0.02,0.98,0.001,0.001,0.0001,0.01,0.001,False,0.1,32.0,1e-06,none,,,False,0.5,style_rho0p5,sadg_rho0p05,9,9,19,19,new_training,3,1,12,0.4568804171350267,0.453563176923328,0.06634356495406893,6.963693977013463e-08,6.963693977013463e-08,2.0428307632553493e-05,3.894101610057987e-05,2.8653088722623783e-05,0.0,0.0,0.0,0.0,0.0,0.0,0.0,0.0,0.0,0.0,0.0,0.0,0.0,0.0,0.0,0.4285907910929786,0.46814027428627014,0.05,9,72|31|126,35,all_filtered,9,True,D:\Running_Place\PostGraduateProjects\Experiments\PostGraduate\backbones\GeometryPreservingRadialGate\Seg-SADG\BaryRadGate\a0p08\rho0p5\gb8\sadg0p05\shot3\Seed1,D:\Running_Place\PostGraduateProjects\Experiments\PostGraduate\backbones\Prompts\GeometryPreservingRadialGate\Seg-SADG\BaryRadGate\a0p08\rho0p5\gb8\sadg0p05\shot3\Seed1
Seg-SADG,Seg-SADG,Seg-SADG,LF-Barycenter-RadialGate,fixed,cosine,none,radial,8,1.0,0.49023208022117615,0.5072128176689148,0.499946653842926,0.49023208|0.50431168|0.50721282|0.49904114|0.4985145|0.50225884|0.50012851|0.49787381,15.0,1.0,1.0,1.0,0.0,0.08,0.5,0.05,0.05,0.5,0.0001,0.001,0.001,0.0,0.0,1e-06,15.0,5.0,40.0,0.02,0.98,0.001,0.001,0.0001,0.01,0.001,False,0.1,32.0,1e-06,none,,,False,0.5,style_rho0p5,sadg_rho0p05,9,9,19,19,new_training,3,1,13,0.43709161546495223,0.43401309847831726,0.06156876766019397,7.504774638770566e-08,7.504774638770566e-08,2.1976600085812e-05,4.1717080118057005e-05,3.1133001458430146e-05,0.0,0.0,0.0,0.0,0.0,0.0,0.0,0.0,0.0,0.0,0.0,0.0,0.0,0.0,0.0,0.4094918966293335,0.4592531720797221,0.05,9,72|31|126,35,all_filtered,9,True,D:\Running_Place\PostGraduateProjects\Experiments\PostGraduate\backbones\GeometryPreservingRadialGate\Seg-SADG\BaryRadGate\a0p08\rho0p5\gb8\sadg0p05\shot3\Seed1,D:\Running_Place\PostGraduateProjects\Experiments\PostGraduate\backbones\Prompts\GeometryPreservingRadialGate\Seg-SADG\BaryRadGate\a0p08\rho0p5\gb8\sadg0p05\shot3\Seed1
Seg-SADG,Seg-SADG,Seg-SADG,LF-Barycenter-RadialGate,fixed,cosine,none,radial,8,1.0,0.48987913131713867,0.507408618927002,0.4999360740184784,0.48987913|0.50431454|0.50740862|0.49871781|0.49743024|0.50221157|0.50062776|0.4988991,15.0,1.0,1.0,1.0,0.0,0.08,0.5,0.05,0.05,0.5,0.0001,0.001,0.001,0.0,0.0,1e-06,15.0,5.0,40.0,0.02,0.98,0.001,0.001,0.0001,0.01,0.001,False,0.1,32.0,1e-06,none,,,False,0.5,style_rho0p5,sadg_rho0p05,9,9,19,19,new_training,3,1,14,0.41796772016419304,0.41488953100310433,0.06156197438637415,7.881320050905237e-08,7.881320050905237e-08,2.289814842192249e-05,4.391294674456326e-05,3.261043659424306e-05,0.0,0.0,0.0,0.0,0.0,0.0,0.0,0.0,0.0,0.0,0.0,0.0,0.0,0.0,0.0,0.39095720648765564,0.4479218257798089,0.05,9,72|31|126,35,all_filtered,9,True,D:\Running_Place\PostGraduateProjects\Experiments\PostGraduate\backbones\GeometryPreservingRadialGate\Seg-SADG\BaryRadGate\a0p08\rho0p5\gb8\sadg0p05\shot3\Seed1,D:\Running_Place\PostGraduateProjects\Experiments\PostGraduate\backbones\Prompts\GeometryPreservingRadialGate\Seg-SADG\BaryRadGate\a0p08\rho0p5\gb8\sadg0p05\shot3\Seed1
Seg-SADG,Seg-SADG,Seg-SADG,LF-Barycenter-RadialGate,fixed,cosine,none,radial,8,1.0,0.4894322156906128,0.5076420307159424,0.49996185302734375,0.48943222|0.50428128|0.50764203|0.49831247|0.49688187|0.50202149|0.50115931|0.49996412,15.0,1.0,1.0,1.0,0.0,0.08,0.5,0.05,0.05,0.5,0.0001,0.001,0.001,0.0,0.0,1e-06,15.0,5.0,40.0,0.02,0.98,0.001,0.001,0.0001,0.01,0.001,False,0.1,32.0,1e-06,none,,,False,0.5,style_rho0p5,sadg_rho0p05,9,9,19,19,new_training,3,1,15,0.39665408266915214,0.393708027071423,0.05891934740874502,8.6559891106693e-08,8.6559891106693e-08,2.4835380423206112e-05,4.819924409578865e-05,3.587710428594922e-05,0.0,0.0,0.0,0.0,0.0,0.0,0.0,0.0,0.0,0.0,0.0,0.0,0.0,0.0,0.0,0.3715248207251231,0.41552016139030457,0.05,9,72|31|126,35,all_filtered,9,True,D:\Running_Place\PostGraduateProjects\Experiments\PostGraduate\backbones\GeometryPreservingRadialGate\Seg-SADG\BaryRadGate\a0p08\rho0p5\gb8\sadg0p05\shot3\Seed1,D:\Running_Place\PostGraduateProjects\Experiments\PostGraduate\backbones\Prompts\GeometryPreservingRadialGate\Seg-SADG\BaryRadGate\a0p08\rho0p5\gb8\sadg0p05\shot3\Seed1
Seg-SADG,Seg-SADG,Seg-SADG,LF-Barycenter-RadialGate,fixed,cosine,none,radial,8,1.0,0.489186555147171,0.5076525211334229,0.49996742606163025,0.48918656|0.50410229|0.50765252|0.4980675|0.49695334|0.50149411|0.50171357|0.5005694,15.0,1.0,1.0,1.0,0.0,0.08,0.5,0.05,0.05,0.5,0.0001,0.001,0.001,0.0,0.0,1e-06,15.0,5.0,40.0,0.02,0.98,0.001,0.001,0.0001,0.01,0.001,False,0.1,32.0,1e-06,none,,,False,0.5,style_rho0p5,sadg_rho0p05,9,9,19,19,new_training,3,1,16,0.3836289544900258,0.3808634380499522,0.055308624274200864,8.894670442158612e-08,8.894670442158612e-08,2.596016586014432e-05,4.978262424831175e-05,3.656805913326227e-05,0.0,0.0,0.0,0.0,0.0,0.0,0.0,0.0,0.0,0.0,0.0,0.0,0.0,0.0,0.0,0.3584737380345662,0.4173867437574599,0.05,9,72|31|126,35,all_filtered,9,True,D:\Running_Place\PostGraduateProjects\Experiments\PostGraduate\backbones\GeometryPreservingRadialGate\Seg-SADG\BaryRadGate\a0p08\rho0p5\gb8\sadg0p05\shot3\Seed1,D:\Running_Place\PostGraduateProjects\Experiments\PostGraduate\backbones\Prompts\GeometryPreservingRadialGate\Seg-SADG\BaryRadGate\a0p08\rho0p5\gb8\sadg0p05\shot3\Seed1
Seg-SADG,Seg-SADG,Seg-SADG,LF-Barycenter-RadialGate,fixed,cosine,none,radial,8,1.0,0.48896533250808716,0.5076082944869995,0.49995526671409607,0.48896533|0.5041492|0.50760829|0.4977124|0.49656633|0.50138199|0.50208384|0.50117463,15.0,1.0,1.0,1.0,0.0,0.08,0.5,0.05,0.05,0.5,0.0001,0.001,0.001,0.0,0.0,1e-06,15.0,5.0,40.0,0.02,0.98,0.001,0.001,0.0001,0.01,0.001,False,0.1,32.0,1e-06,none,,,False,0.5,style_rho0p5,sadg_rho0p05,9,9,19,19,new_training,3,1,17,0.3665752841366662,0.36398064096768695,0.05189111911588245,9.12384850140471e-08,9.12384850140471e-08,2.7043700861718713e-05,5.12757910150362e-05,3.7258319126623166e-05,0.0,0.0,0.0,0.0,0.0,0.0,0.0,0.0,0.0,0.0,0.0,0.0,0.0,0.0,0.0,0.3431951701641083,0.3963252835803562,0.05,9,72|31|126,35,all_filtered,9,True,D:\Running_Place\PostGraduateProjects\Experiments\PostGraduate\backbones\GeometryPreservingRadialGate\Seg-SADG\BaryRadGate\a0p08\rho0p5\gb8\sadg0p05\shot3\Seed1,D:\Running_Place\PostGraduateProjects\Experiments\PostGraduate\backbones\Prompts\GeometryPreservingRadialGate\Seg-SADG\BaryRadGate\a0p08\rho0p5\gb8\sadg0p05\shot3\Seed1
Seg-SADG,Seg-SADG,Seg-SADG,LF-Barycenter-RadialGate,fixed,cosine,none,radial,8,1.0,0.4890270233154297,0.5076606869697571,0.5000535249710083,0.48902702|0.50418729|0.50766069|0.49755317|0.49642402|0.50134355|0.50242656|0.50180566,15.0,1.0,1.0,1.0,0.0,0.08,0.5,0.05,0.05,0.5,0.0001,0.001,0.001,0.0,0.0,1e-06,15.0,5.0,40.0,0.02,0.98,0.001,0.001,0.0001,0.01,0.001,False,0.1,32.0,1e-06,none,,,False,0.5,style_rho0p5,sadg_rho0p05,9,9,19,19,new_training,3,1,18,0.3504752781656053,0.348163429233763,0.0462352509299914,9.355112240427843e-08,9.355112240427843e-08,2.7941122930820307e-05,5.269698845545968e-05,3.8060017282583023e-05,0.0,0.0,0.0,0.0,0.0,0.0,0.0,0.0,0.0,0.0,0.0,0.0,0.0,0.0,0.0,0.32720456851853263,0.3890301485856374,0.05,9,72|31|126,35,all_filtered,9,True,D:\Running_Place\PostGraduateProjects\Experiments\PostGraduate\backbones\GeometryPreservingRadialGate\Seg-SADG\BaryRadGate\a0p08\rho0p5\gb8\sadg0p05\shot3\Seed1,D:\Running_Place\PostGraduateProjects\Experiments\PostGraduate\backbones\Prompts\GeometryPreservingRadialGate\Seg-SADG\BaryRadGate\a0p08\rho0p5\gb8\sadg0p05\shot3\Seed1
Seg-SADG,Seg-SADG,Seg-SADG,LF-Barycenter-RadialGate,fixed,cosine,none,radial,8,1.0,0.48891592025756836,0.5078245997428894,0.5001538991928101,0.48891592|0.50423908|0.5078246|0.49729249|0.49645418|0.50130701|0.50266165|0.50253648,15.0,1.0,1.0,1.0,0.0,0.08,0.5,0.05,0.05,0.5,0.0001,0.001,0.001,0.0,0.0,1e-06,15.0,5.0,40.0,0.02,0.98,0.001,0.001,0.0001,0.01,0.001,False,0.1,32.0,1e-06,none,,,False,0.5,style_rho0p5,sadg_rho0p05,9,9,19,19,new_training,3,1,19,0.33954352140426636,0.3373993999428219,0.04288074953688516,9.558885949445539e-08,9.558885949445539e-08,2.8926663516257475e-05,5.394319466884351e-05,3.875299161235388e-05,0.0,0.0,0.0,0.0,0.0,0.0,0.0,0.0,0.0,0.0,0.0,0.0,0.0,0.0,0.0,0.3161112500561608,0.39745208621025085,0.05,9,72|31|126,35,all_filtered,9,True,D:\Running_Place\PostGraduateProjects\Experiments\PostGraduate\backbones\GeometryPreservingRadialGate\Seg-SADG\BaryRadGate\a0p08\rho0p5\gb8\sadg0p05\shot3\Seed1,D:\Running_Place\PostGraduateProjects\Experiments\PostGraduate\backbones\Prompts\GeometryPreservingRadialGate\Seg-SADG\BaryRadGate\a0p08\rho0p5\gb8\sadg0p05\shot3\Seed1
Seg-SADG,Seg-SADG,Seg-SADG,LF-Barycenter-RadialGate,fixed,cosine,none,radial,8,1.0,0.48917171359062195,0.507804274559021,0.5002074837684631,0.48917171|0.5040912|0.50780427|0.49705735|0.49695876|0.50099784|0.5029918|0.50258672,15.0,1.0,1.0,1.0,0.0,0.08,0.5,0.05,0.05,0.5,0.0001,0.001,0.001,0.0,0.0,1e-06,15.0,5.0,40.0,0.02,0.98,0.001,0.001,0.0001,0.01,0.001,False,0.1,32.0,1e-06,none,,,False,0.5,style_rho0p5,sadg_rho0p05,9,9,19,19,new_training,3,1,20,0.3308025333616469,0.3288228114446004,0.03959267379509078,9.553783778907625e-08,9.553783778907625e-08,2.940259299874823e-05,5.454792295091061e-05,3.804965065986229e-05,0.0,0.0,0.0,0.0,0.0,0.0,0.0,0.0,0.0,0.0,0.0,0.0,0.0,0.0,0.0,0.3070886466238234,0.40684615903430515,0.05,9,72|31|126,35,all_filtered,9,True,D:\Running_Place\PostGraduateProjects\Experiments\PostGraduate\backbones\GeometryPreservingRadialGate\Seg-SADG\BaryRadGate\a0p08\rho0p5\gb8\sadg0p05\shot3\Seed1,D:\Running_Place\PostGraduateProjects\Experiments\PostGraduate\backbones\Prompts\GeometryPreservingRadialGate\Seg-SADG\BaryRadGate\a0p08\rho0p5\gb8\sadg0p05\shot3\Seed1
Seg-SADG,Seg-SADG,Seg-SADG,LF-Barycenter-RadialGate,fixed,cosine,none,radial,8,1.0,0.4894266426563263,0.5079430937767029,0.500118613243103,0.48942664|0.50378031|0.50794309|0.49668568|0.49678987|0.50062412|0.50334901|0.50235003,15.0,1.0,1.0,1.0,0.0,0.08,0.5,0.05,0.05,0.5,0.0001,0.001,0.001,0.0,0.0,1e-06,15.0,5.0,40.0,0.02,0.98,0.001,0.001,0.0001,0.01,0.001,False,0.1,32.0,1e-06,none,,,False,0.5,style_rho0p5,sadg_rho0p05,9,9,19,19,new_training,3,1,21,0.3155476450920105,0.31373922030131024,0.036166669386956424,9.170558475564879e-08,9.170558475564879e-08,2.84540753151911e-05,5.3029223636258394e-05,3.583094884460378e-05,0.0,0.0,0.0,0.0,0.0,0.0,0.0,0.0,0.0,0.0,0.0,0.0,0.0,0.0,0.0,0.29267143540912205,0.3915102779865265,0.05,9,72|31|126,35,all_filtered,9,True,D:\Running_Place\PostGraduateProjects\Experiments\PostGraduate\backbones\GeometryPreservingRadialGate\Seg-SADG\BaryRadGate\a0p08\rho0p5\gb8\sadg0p05\shot3\Seed1,D:\Running_Place\PostGraduateProjects\Experiments\PostGraduate\backbones\Prompts\GeometryPreservingRadialGate\Seg-SADG\BaryRadGate\a0p08\rho0p5\gb8\sadg0p05\shot3\Seed1
Seg-SADG,Seg-SADG,Seg-SADG,LF-Barycenter-RadialGate,fixed,cosine,none,radial,8,1.0,0.4893537163734436,0.5080572366714478,0.5000381469726562,0.48935372|0.50362998|0.50805724|0.49638718|0.49671111|0.50035954|0.50349134|0.50231522,15.0,1.0,1.0,1.0,0.0,0.08,0.5,0.05,0.05,0.5,0.0001,0.001,0.001,0.0,0.0,1e-06,15.0,5.0,40.0,0.02,0.98,0.001,0.001,0.0001,0.01,0.001,False,0.1,32.0,1e-06,none,,,False,0.5,style_rho0p5,sadg_rho0p05,9,9,19,19,new_training,3,1,22,0.2976147598690457,0.2960386441813575,0.03152056617869271,9.210760509859028e-08,9.210760509859028e-08,2.8789582453706924e-05,5.4095858407284446e-05,3.5132783927514945e-05,0.0,0.0,0.0,0.0,0.0,0.0,0.0,0.0,0.0,0.0,0.0,0.0,0.0,0.0,0.0,0.2772820558812883,0.3573795755704244,0.05,9,72|31|126,35,all_filtered,9,True,D:\Running_Place\PostGraduateProjects\Experiments\PostGraduate\backbones\GeometryPreservingRadialGate\Seg-SADG\BaryRadGate\a0p08\rho0p5\gb8\sadg0p05\shot3\Seed1,D:\Running_Place\PostGraduateProjects\Experiments\PostGraduate\backbones\Prompts\GeometryPreservingRadialGate\Seg-SADG\BaryRadGate\a0p08\rho0p5\gb8\sadg0p05\shot3\Seed1
Seg-SADG,Seg-SADG,Seg-SADG,LF-Barycenter-RadialGate,fixed,cosine,none,radial,8,1.0,0.48922374844551086,0.5079385042190552,0.49989163875579834,0.48922375|0.50354224|0.5079385|0.4960092|0.49637672|0.50019586|0.50335968|0.50248712,15.0,1.0,1.0,1.0,0.0,0.08,0.5,0.05,0.05,0.5,0.0001,0.001,0.001,0.0,0.0,1e-06,15.0,5.0,40.0,0.02,0.98,0.001,0.001,0.0001,0.01,0.001,False,0.1,32.0,1e-06,none,,,False,0.5,style_rho0p5,sadg_rho0p05,9,9,19,19,new_training,3,1,23,0.286203083064821,0.2848166591591305,0.027726625402768452,9.293928589689433e-08,9.293928589689433e-08,2.9189282738823546e-05,5.489537013798124e-05,3.5124982484073065e-05,0.0,0.0,0.0,0.0,0.0,0.0,0.0,0.0,0.0,0.0,0.0,0.0,0.0,0.0,0.0,0.2646708521578047,0.3776826659838359,0.05,9,72|31|126,35,all_filtered,9,True,D:\Running_Place\PostGraduateProjects\Experiments\PostGraduate\backbones\GeometryPreservingRadialGate\Seg-SADG\BaryRadGate\a0p08\rho0p5\gb8\sadg0p05\shot3\Seed1,D:\Running_Place\PostGraduateProjects\Experiments\PostGraduate\backbones\Prompts\GeometryPreservingRadialGate\Seg-SADG\BaryRadGate\a0p08\rho0p5\gb8\sadg0p05\shot3\Seed1
Seg-SADG,Seg-SADG,Seg-SADG,LF-Barycenter-RadialGate,fixed,cosine,none,radial,8,1.0,0.48862627148628235,0.5076964497566223,0.49964436888694763,0.48862627|0.50363225|0.50769645|0.49521628|0.49566087|0.50015575|0.50312072|0.50304645,15.0,1.0,1.0,1.0,0.0,0.08,0.5,0.05,0.05,0.5,0.0001,0.001,0.001,0.0,0.0,1e-06,15.0,5.0,40.0,0.02,0.98,0.001,0.001,0.0001,0.01,0.001,False,0.1,32.0,1e-06,none,,,False,0.5,style_rho0p5,sadg_rho0p05,9,9,19,19,new_training,3,1,24,0.2741570870081584,0.2728853192594316,0.02543354593217373,9.926901374986603e-08,9.926901374986603e-08,3.138337261690241e-05,5.895006244019088e-05,3.718060987820435e-05,0.0,0.0,0.0,0.0,0.0,0.0,0.0,0.0,0.0,0.0,0.0,0.0,0.0,0.0,0.0,0.25359246300326455,0.3644143177403344,0.05,9,72|31|126,35,all_filtered,9,True,D:\Running_Place\PostGraduateProjects\Experiments\PostGraduate\backbones\GeometryPreservingRadialGate\Seg-SADG\BaryRadGate\a0p08\rho0p5\gb8\sadg0p05\shot3\Seed1,D:\Running_Place\PostGraduateProjects\Experiments\PostGraduate\backbones\Prompts\GeometryPreservingRadialGate\Seg-SADG\BaryRadGate\a0p08\rho0p5\gb8\sadg0p05\shot3\Seed1
Seg-SADG,Seg-SADG,Seg-SADG,LF-Barycenter-RadialGate,fixed,cosine,none,radial,8,1.0,0.48847633600234985,0.5075457096099854,0.4996725022792816,0.48847634|0.50337338|0.50754571|0.49537921|0.49504215|0.50036466|0.50388443|0.50331414,15.0,1.0,1.0,1.0,0.0,0.08,0.5,0.05,0.05,0.5,0.0001,0.001,0.001,0.0,0.0,1e-06,15.0,5.0,40.0,0.02,0.98,0.001,0.001,0.0001,0.01,0.001,False,0.1,32.0,1e-06,none,,,False,0.5,style_rho0p5,sadg_rho0p05,9,9,19,19,new_training,3,1,25,0.2606301274564531,0.2594891952143775,0.02281668016480075,1.0392349183676843e-07,1.0392349183676843e-07,3.3500850501392655e-05,6.118310435946721e-05,3.939029759041862e-05,0.0,0.0,0.0,0.0,0.0,0.0,0.0,0.0,0.0,0.0,0.0,0.0,0.0,0.0,0.0,0.2403967926899592,0.3571525447898441,0.05,9,72|31|126,35,all_filtered,9,True,D:\Running_Place\PostGraduateProjects\Experiments\PostGraduate\backbones\GeometryPreservingRadialGate\Seg-SADG\BaryRadGate\a0p08\rho0p5\gb8\sadg0p05\shot3\Seed1,D:\Running_Place\PostGraduateProjects\Experiments\PostGraduate\backbones\Prompts\GeometryPreservingRadialGate\Seg-SADG\BaryRadGate\a0p08\rho0p5\gb8\sadg0p05\shot3\Seed1
Seg-SADG,Seg-SADG,Seg-SADG,LF-Barycenter-RadialGate,fixed,cosine,none,radial,8,1.0,0.4883931875228882,0.5072910189628601,0.49975594878196716,0.48839319|0.50328535|0.50729102|0.49558976|0.49483949|0.50040805|0.50456858|0.50367206,15.0,1.0,1.0,1.0,0.0,0.08,0.5,0.05,0.05,0.5,0.0001,0.001,0.001,0.0,0.0,1e-06,15.0,5.0,40.0,0.02,0.98,0.001,0.001,0.0001,0.01,0.001,False,0.1,32.0,1e-06,none,,,False,0.5,style_rho0p5,sadg_rho0p05,9,9,19,19,new_training,3,1,26,0.24926448530620998,0.24820470975504982,0.021193388021654554,1.0513209660858693e-07,1.0513209660858693e-07,3.461480648386189e-05,6.126284157896104e-05,4.0407769120065495e-05,0.0,0.0,0.0,0.0,0.0,0.0,0.0,0.0,0.0,0.0,0.0,0.0,0.0,0.0,0.0,0.2293100588851505,0.3501214252577888,0.05,9,72|31|126,35,all_filtered,9,True,D:\Running_Place\PostGraduateProjects\Experiments\PostGraduate\backbones\GeometryPreservingRadialGate\Seg-SADG\BaryRadGate\a0p08\rho0p5\gb8\sadg0p05\shot3\Seed1,D:\Running_Place\PostGraduateProjects\Experiments\PostGraduate\backbones\Prompts\GeometryPreservingRadialGate\Seg-SADG\BaryRadGate\a0p08\rho0p5\gb8\sadg0p05\shot3\Seed1
Seg-SADG,Seg-SADG,Seg-SADG,LF-Barycenter-RadialGate,fixed,cosine,none,radial,8,1.0,0.48849600553512573,0.5070900321006775,0.49997901916503906,0.48849601|0.50350386|0.50709003|0.49588314|0.49494773|0.50036657|0.50524151|0.5043034,15.0,1.0,1.0,1.0,0.0,0.08,0.5,0.05,0.05,0.5,0.0001,0.001,0.001,0.0,0.0,1e-06,15.0,5.0,40.0,0.02,0.98,0.001,0.001,0.0001,0.01,0.001,False,0.1,32.0,1e-06,none,,,False,0.5,style_rho0p5,sadg_rho0p05,9,9,19,19,new_training,3,1,27,0.23960268828603956,0.23856052921877968,0.020841086904207867,1.0461147720914394e-07,1.0461147720914394e-07,3.499269304383132e-05,5.988777532669095e-05,4.122442826175959e-05,0.0,0.0,0.0,0.0,0.0,0.0,0.0,0.0,0.0,0.0,0.0,0.0,0.0,0.0,0.0,0.21910473042064244,0.3607887625694275,0.05,9,72|31|126,35,all_filtered,9,True,D:\Running_Place\PostGraduateProjects\Experiments\PostGraduate\backbones\GeometryPreservingRadialGate\Seg-SADG\BaryRadGate\a0p08\rho0p5\gb8\sadg0p05\shot3\Seed1,D:\Running_Place\PostGraduateProjects\Experiments\PostGraduate\backbones\Prompts\GeometryPreservingRadialGate\Seg-SADG\BaryRadGate\a0p08\rho0p5\gb8\sadg0p05\shot3\Seed1
Seg-SADG,Seg-SADG,Seg-SADG,LF-Barycenter-RadialGate,fixed,cosine,none,radial,8,1.0,0.48813682794570923,0.5070642232894897,0.4998016953468323,0.48813683|0.50296515|0.50706422|0.49592528|0.49500394|0.50008297|0.50529873|0.50393635,15.0,1.0,1.0,1.0,0.0,0.08,0.5,0.05,0.05,0.5,0.0001,0.001,0.001,0.0,0.0,1e-06,15.0,5.0,40.0,0.02,0.98,0.001,0.001,0.0001,0.01,0.001,False,0.1,32.0,1e-06,none,,,False,0.5,style_rho0p5,sadg_rho0p05,9,9,19,19,new_training,3,1,28,0.22805794576803842,0.22711382144027287,0.018880433299475245,1.0520622042678143e-07,1.0520622042678143e-07,3.5720921409342234e-05,5.995852188789286e-05,4.167560109635815e-05,0.0,0.0,0.0,0.0,0.0,0.0,0.0,0.0,0.0,0.0,0.0,0.0,0.0,0.0,0.0,0.20865117013454437,0.34247517585754395,0.05,9,72|31|126,35,all_filtered,9,True,D:\Running_Place\PostGraduateProjects\Experiments\PostGraduate\backbones\GeometryPreservingRadialGate\Seg-SADG\BaryRadGate\a0p08\rho0p5\gb8\sadg0p05\shot3\Seed1,D:\Running_Place\PostGraduateProjects\Experiments\PostGraduate\backbones\Prompts\GeometryPreservingRadialGate\Seg-SADG\BaryRadGate\a0p08\rho0p5\gb8\sadg0p05\shot3\Seed1
Seg-SADG,Seg-SADG,Seg-SADG,LF-Barycenter-RadialGate,fixed,cosine,none,radial,8,1.0,0.48791027069091797,0.5069407224655151,0.4996752440929413,0.48791027|0.50266558|0.50694072|0.49610677|0.49486774|0.49992979|0.50507659|0.50390458,15.0,1.0,1.0,1.0,0.0,0.08,0.5,0.05,0.05,0.5,0.0001,0.001,0.001,0.0,0.0,1e-06,15.0,5.0,40.0,0.02,0.98,0.001,0.001,0.0001,0.01,0.001,False,0.1,32.0,1e-06,none,,,False,0.5,style_rho0p5,sadg_rho0p05,9,9,19,19,new_training,3,1,29,0.2166154980659485,0.2157059990697437,0.018187862924403615,1.036384528813667e-07,1.036384528813667e-07,3.543244141231602e-05,5.885843064687732e-05,4.123677394495139e-05,0.0,0.0,0.0,0.0,0.0,0.0,0.0,0.0,0.0,0.0,0.0,0.0,0.0,0.0,0.0,0.19853100842899746,0.3145805564191606,0.05,9,72|31|126,35,all_filtered,9,True,D:\Running_Place\PostGraduateProjects\Experiments\PostGraduate\backbones\GeometryPreservingRadialGate\Seg-SADG\BaryRadGate\a0p08\rho0p5\gb8\sadg0p05\shot3\Seed1,D:\Running_Place\PostGraduateProjects\Experiments\PostGraduate\backbones\Prompts\GeometryPreservingRadialGate\Seg-SADG\BaryRadGate\a0p08\rho0p5\gb8\sadg0p05\shot3\Seed1
Seg-SADG,Seg-SADG,Seg-SADG,LF-Barycenter-RadialGate,fixed,cosine,none,radial,8,1.0,0.48771214485168457,0.5068215131759644,0.49953821301460266,0.48771214|0.50220203|0.50682151|0.49624577|0.4947741|0.49989006|0.50503284|0.50362724,15.0,1.0,1.0,1.0,0.0,0.08,0.5,0.05,0.05,0.5,0.0001,0.001,0.001,0.0,0.0,1e-06,15.0,5.0,40.0,0.02,0.98,0.001,0.001,0.0001,0.01,0.001,False,0.1,32.0,1e-06,none,,,False,0.5,style_rho0p5,sadg_rho0p05,9,9,19,19,new_training,3,1,30,0.2085308035214742,0.20762858953740862,0.01804222073405981,1.0228778772140383e-07,1.0228778772140383e-07,3.5446758880021255e-05,5.786825163846111e-05,4.087485326130668e-05,0.0,0.0,0.0,0.0,0.0,0.0,0.0,0.0,0.0,0.0,0.0,0.0,0.0,0.0,0.0,0.1896845367219713,0.3221706251303355,0.05,9,72|31|126,35,all_filtered,9,True,D:\Running_Place\PostGraduateProjects\Experiments\PostGraduate\backbones\GeometryPreservingRadialGate\Seg-SADG\BaryRadGate\a0p08\rho0p5\gb8\sadg0p05\shot3\Seed1,D:\Running_Place\PostGraduateProjects\Experiments\PostGraduate\backbones\Prompts\GeometryPreservingRadialGate\Seg-SADG\BaryRadGate\a0p08\rho0p5\gb8\sadg0p05\shot3\Seed1
Seg-SADG,Seg-SADG,Seg-SADG,LF-Barycenter-RadialGate,fixed,cosine,none,radial,8,1.0,0.48776161670684814,0.5065383911132812,0.499423086643219,0.48776162|0.50193465|0.50653839|0.49619874|0.49451825|0.49985662|0.50487942|0.50369686,15.0,1.0,1.0,1.0,0.0,0.08,0.5,0.05,0.05,0.5,0.0001,0.001,0.001,0.0,0.0,1e-06,15.0,5.0,40.0,0.02,0.98,0.001,0.001,0.0001,0.01,0.001,False,0.1,32.0,1e-06,none,,,False,0.5,style_rho0p5,sadg_rho0p05,9,9,19,19,new_training,3,1,31,0.19623667995134988,0.19542599552207524,0.016211552545428276,1.0013942070625288e-07,1.0013942070625288e-07,3.510711919969051e-05,5.6442393947185745e-05,4.0186310393942724e-05,0.0,0.0,0.0,0.0,0.0,0.0,0.0,0.0,0.0,0.0,0.0,0.0,0.0,0.0,0.0,0.17904307113753426,0.2955661780304379,0.05,9,72|31|126,35,all_filtered,9,True,D:\Running_Place\PostGraduateProjects\Experiments\PostGraduate\backbones\GeometryPreservingRadialGate\Seg-SADG\BaryRadGate\a0p08\rho0p5\gb8\sadg0p05\shot3\Seed1,D:\Running_Place\PostGraduateProjects\Experiments\PostGraduate\backbones\Prompts\GeometryPreservingRadialGate\Seg-SADG\BaryRadGate\a0p08\rho0p5\gb8\sadg0p05\shot3\Seed1
Seg-SADG,Seg-SADG,Seg-SADG,LF-Barycenter-RadialGate,fixed,cosine,none,radial,8,1.0,0.4878743886947632,0.5062013268470764,0.4993126392364502,0.48787439|0.50173956|0.50620133|0.49627641|0.49458215|0.49970686|0.50461906|0.50350147,15.0,1.0,1.0,1.0,0.0,0.08,0.5,0.05,0.05,0.5,0.0001,0.001,0.001,0.0,0.0,1e-06,15.0,5.0,40.0,0.02,0.98,0.001,0.001,0.0001,0.01,0.001,False,0.1,32.0,1e-06,none,,,False,0.5,style_rho0p5,sadg_rho0p05,9,9,19,19,new_training,3,1,32,0.1876335855987337,0.18681695891751182,0.01633060806327396,9.634878495035082e-08,9.634878495035082e-08,3.4198310863252525e-05,5.419645418037867e-05,3.873249604819446e-05,0.0,0.0,0.0,0.0,0.0,0.0,0.0,0.0,0.0,0.0,0.0,0.0,0.0,0.0,0.0,0.17033909095658195,0.29132723477151656,0.05,9,72|31|126,35,all_filtered,9,True,D:\Running_Place\PostGraduateProjects\Experiments\PostGraduate\backbones\GeometryPreservingRadialGate\Seg-SADG\BaryRadGate\a0p08\rho0p5\gb8\sadg0p05\shot3\Seed1,D:\Running_Place\PostGraduateProjects\Experiments\PostGraduate\backbones\Prompts\GeometryPreservingRadialGate\Seg-SADG\BaryRadGate\a0p08\rho0p5\gb8\sadg0p05\shot3\Seed1
Seg-SADG,Seg-SADG,Seg-SADG,LF-Barycenter-RadialGate,fixed,cosine,none,radial,8,1.0,0.4878940284252167,0.5057559609413147,0.49906498193740845,0.48789403|0.50136155|0.50575596|0.4962258|0.49428222|0.49957526|0.50446671|0.50295824,15.0,1.0,1.0,1.0,0.0,0.08,0.5,0.05,0.05,0.5,0.0001,0.001,0.001,0.0,0.0,1e-06,15.0,5.0,40.0,0.02,0.98,0.001,0.001,0.0001,0.01,0.001,False,0.1,32.0,1e-06,none,,,False,0.5,style_rho0p5,sadg_rho0p05,9,9,19,19,new_training,3,1,33,0.18354284266630808,0.18269449969132742,0.016965109544495743,9.110808463219655e-08,9.110808463219655e-08,3.2715215234525706e-05,5.1012987468210566e-05,3.6823573787437956e-05,0.0,0.0,0.0,0.0,0.0,0.0,0.0,0.0,0.0,0.0,0.0,0.0,0.0,0.0,0.0,0.16523129244645438,0.3046405447853936,0.05,9,72|31|126,35,all_filtered,9,True,D:\Running_Place\PostGraduateProjects\Experiments\PostGraduate\backbones\GeometryPreservingRadialGate\Seg-SADG\BaryRadGate\a0p08\rho0p5\gb8\sadg0p05\shot3\Seed1,D:\Running_Place\PostGraduateProjects\Experiments\PostGraduate\backbones\Prompts\GeometryPreservingRadialGate\Seg-SADG\BaryRadGate\a0p08\rho0p5\gb8\sadg0p05\shot3\Seed1
Seg-SADG,Seg-SADG,Seg-SADG,LF-Barycenter-RadialGate,fixed,cosine,none,radial,8,1.0,0.48794397711753845,0.5051559209823608,0.498989462852478,0.48794398|0.50118941|0.50515592|0.49646786|0.49381179|0.49951738|0.5047437|0.50308603,15.0,1.0,1.0,1.0,0.0,0.08,0.5,0.05,0.05,0.5,0.0001,0.001,0.001,0.0,0.0,1e-06,15.0,5.0,40.0,0.02,0.98,0.001,0.001,0.0001,0.01,0.001,False,0.1,32.0,1e-06,none,,,False,0.5,style_rho0p5,sadg_rho0p05,9,9,19,19,new_training,3,1,34,0.17563222679826948,0.17487313018904793,0.015180174778732989,8.812775654910689e-08,8.812775654910689e-08,3.201807299370153e-05,4.9023017102930076e-05,3.590292908484116e-05,0.0,0.0,0.0,0.0,0.0,0.0,0.0,0.0,0.0,0.0,0.0,0.0,0.0,0.0,0.0,0.15855377084679073,0.28902268409729004,0.05,9,72|31|126,35,all_filtered,9,True,D:\Running_Place\PostGraduateProjects\Experiments\PostGraduate\backbones\GeometryPreservingRadialGate\Seg-SADG\BaryRadGate\a0p08\rho0p5\gb8\sadg0p05\shot3\Seed1,D:\Running_Place\PostGraduateProjects\Experiments\PostGraduate\backbones\Prompts\GeometryPreservingRadialGate\Seg-SADG\BaryRadGate\a0p08\rho0p5\gb8\sadg0p05\shot3\Seed1
Seg-SADG,Seg-SADG,Seg-SADG,LF-Barycenter-RadialGate,fixed,cosine,none,radial,8,1.0,0.4880235195159912,0.5050952434539795,0.4989667534828186,0.48802352|0.50120521|0.50479358|0.49653938|0.49351326|0.4992961|0.50509524|0.50326782,15.0,1.0,1.0,1.0,0.0,0.08,0.5,0.05,0.05,0.5,0.0001,0.001,0.001,0.0,0.0,1e-06,15.0,5.0,40.0,0.02,0.98,0.001,0.001,0.0001,0.01,0.001,False,0.1,32.0,1e-06,none,,,False,0.5,style_rho0p5,sadg_rho0p05,9,9,19,19,new_training,3,1,35,0.16726965208848318,0.16652495993508232,0.014892118776010143,8.682085371623947e-08,8.682085371623947e-08,3.218687965676913e-05,4.773187740486012e-05,3.587028347990579e-05,0.0,0.0,0.0,0.0,0.0,0.0,0.0,0.0,0.0,0.0,0.0,0.0,0.0,0.0,0.0,0.1505715681446923,0.27766493293974137,0.05,9,72|31|126,35,all_filtered,9,True,D:\Running_Place\PostGraduateProjects\Experiments\PostGraduate\backbones\GeometryPreservingRadialGate\Seg-SADG\BaryRadGate\a0p08\rho0p5\gb8\sadg0p05\shot3\Seed1,D:\Running_Place\PostGraduateProjects\Experiments\PostGraduate\backbones\Prompts\GeometryPreservingRadialGate\Seg-SADG\BaryRadGate\a0p08\rho0p5\gb8\sadg0p05\shot3\Seed1
Seg-SADG,Seg-SADG,Seg-SADG,LF-Barycenter-RadialGate,fixed,cosine,none,radial,8,1.0,0.4878966510295868,0.5050298571586609,0.49885624647140503,0.48789665|0.50100929|0.50453788|0.49644372|0.49363917|0.49924719|0.50502986|0.50304621,15.0,1.0,1.0,1.0,0.0,0.08,0.5,0.05,0.05,0.5,0.0001,0.001,0.001,0.0,0.0,1e-06,15.0,5.0,40.0,0.02,0.98,0.001,0.001,0.0001,0.01,0.001,False,0.1,32.0,1e-06,none,,,False,0.5,style_rho0p5,sadg_rho0p05,9,9,19,19,new_training,3,1,36,0.16422021389007568,0.16342600683371225,0.015882311802771356,8.689075296312392e-08,8.689075296312392e-08,3.227772564666035e-05,4.742660571031997e-05,3.6236370457724355e-05,0.0,0.0,0.0,0.0,0.0,0.0,0.0,0.0,0.0,0.0,0.0,0.0,0.0,0.0,0.0,0.14598659012052748,0.30069659815894234,0.05,9,72|31|126,35,all_filtered,9,True,D:\Running_Place\PostGraduateProjects\Experiments\PostGraduate\backbones\GeometryPreservingRadialGate\Seg-SADG\BaryRadGate\a0p08\rho0p5\gb8\sadg0p05\shot3\Seed1,D:\Running_Place\PostGraduateProjects\Experiments\PostGraduate\backbones\Prompts\GeometryPreservingRadialGate\Seg-SADG\BaryRadGate\a0p08\rho0p5\gb8\sadg0p05\shot3\Seed1
Seg-SADG,Seg-SADG,Seg-SADG,LF-Barycenter-RadialGate,fixed,cosine,none,radial,8,1.0,0.48778003454208374,0.5052716135978699,0.49891573190689087,0.48778003|0.50059825|0.50456941|0.49661064|0.49431053|0.49902773|0.50527161|0.50315756,15.0,1.0,1.0,1.0,0.0,0.08,0.5,0.05,0.05,0.5,0.0001,0.001,0.001,0.0,0.0,1e-06,15.0,5.0,40.0,0.02,0.98,0.001,0.001,0.0001,0.01,0.001,False,0.1,32.0,1e-06,none,,,False,0.5,style_rho0p5,sadg_rho0p05,9,9,19,19,new_training,3,1,37,0.16978803442584145,0.1689558426539103,0.01664206199347973,8.427872049626077e-08,8.427872049626077e-08,3.203622004043104e-05,4.597951556206681e-05,3.5095579530914416e-05,0.0,0.0,0.0,0.0,0.0,0.0,0.0,0.0,0.0,0.0,0.0,0.0,0.0,0.0,0.0,0.1491054826312595,0.33721786075168186,0.05,9,72|31|126,35,all_filtered,9,True,D:\Running_Place\PostGraduateProjects\Experiments\PostGraduate\backbones\GeometryPreservingRadialGate\Seg-SADG\BaryRadGate\a0p08\rho0p5\gb8\sadg0p05\shot3\Seed1,D:\Running_Place\PostGraduateProjects\Experiments\PostGraduate\backbones\Prompts\GeometryPreservingRadialGate\Seg-SADG\BaryRadGate\a0p08\rho0p5\gb8\sadg0p05\shot3\Seed1
Seg-SADG,Seg-SADG,Seg-SADG,LF-Barycenter-RadialGate,fixed,cosine,none,radial,8,1.0,0.4880390763282776,0.5055435299873352,0.4991045594215393,0.48803908|0.5003804|0.50471938|0.49702758|0.49491468|0.4989408|0.50554353|0.50327104,15.0,1.0,1.0,1.0,0.0,0.08,0.5,0.05,0.05,0.5,0.0001,0.001,0.001,0.0,0.0,1e-06,15.0,5.0,40.0,0.02,0.98,0.001,0.001,0.0001,0.01,0.001,False,0.1,32.0,1e-06,none,,,False,0.5,style_rho0p5,sadg_rho0p05,9,9,19,19,new_training,3,1,38,0.15763013230429757,0.15684784452120462,0.01564414633644952,8.073743471312709e-08,8.073743471312709e-08,3.1018012628515455e-05,4.386650511555167e-05,3.376912475990442e-05,0.0,0.0,0.0,0.0,0.0,0.0,0.0,0.0,0.0,0.0,0.0,0.0,0.0,0.0,0.0,0.14164971808592478,0.2662387142578761,0.05,9,72|31|126,35,all_filtered,9,True,D:\Running_Place\PostGraduateProjects\Experiments\PostGraduate\backbones\GeometryPreservingRadialGate\Seg-SADG\BaryRadGate\a0p08\rho0p5\gb8\sadg0p05\shot3\Seed1,D:\Running_Place\PostGraduateProjects\Experiments\PostGraduate\backbones\Prompts\GeometryPreservingRadialGate\Seg-SADG\BaryRadGate\a0p08\rho0p5\gb8\sadg0p05\shot3\Seed1
Seg-SADG,Seg-SADG,Seg-SADG,LF-Barycenter-RadialGate,fixed,cosine,none,radial,8,1.0,0.48809707164764404,0.5053553581237793,0.49910926818847656,0.48809707|0.50040972|0.50448579|0.49664828|0.49519679|0.49924281|0.50535536|0.50343847,15.0,1.0,1.0,1.0,0.0,0.08,0.5,0.05,0.05,0.5,0.0001,0.001,0.001,0.0,0.0,1e-06,15.0,5.0,40.0,0.02,0.98,0.001,0.001,0.0001,0.01,0.001,False,0.1,32.0,1e-06,none,,,False,0.5,style_rho0p5,sadg_rho0p05,9,9,19,19,new_training,3,1,39,0.14836937851376003,0.14766203032599556,0.014145484297639795,7.867074221697597e-08,7.867074221697597e-08,3.029175321797892e-05,4.287307415830178e-05,3.276848817929729e-05,0.0,0.0,0.0,0.0,0.0,0.0,0.0,0.0,0.0,0.0,0.0,0.0,0.0,0.0,0.0,0.13288141952620613,0.24652704927656385,0.05,9,72|31|126,35,all_filtered,9,True,D:\Running_Place\PostGraduateProjects\Experiments\PostGraduate\backbones\GeometryPreservingRadialGate\Seg-SADG\BaryRadGate\a0p08\rho0p5\gb8\sadg0p05\shot3\Seed1,D:\Running_Place\PostGraduateProjects\Experiments\PostGraduate\backbones\Prompts\GeometryPreservingRadialGate\Seg-SADG\BaryRadGate\a0p08\rho0p5\gb8\sadg0p05\shot3\Seed1
Seg-SADG,Seg-SADG,Seg-SADG,LF-Barycenter-RadialGate,fixed,cosine,none,radial,8,1.0,0.48818671703338623,0.5054672956466675,0.49900996685028076,0.48818672|0.49969274|0.50388825|0.4966701|0.49572355|0.49919859|0.5054673|0.50325239,15.0,1.0,1.0,1.0,0.0,0.08,0.5,0.05,0.05,0.5,0.0001,0.001,0.001,0.0,0.0,1e-06,15.0,5.0,40.0,0.02,0.98,0.001,0.001,0.0001,0.01,0.001,False,0.1,32.0,1e-06,none,,,False,0.5,style_rho0p5,sadg_rho0p05,9,9,19,19,new_training,3,1,40,0.1510138644112481,0.1502152664793862,0.01597053940511412,7.234069856723282e-08,7.234069856723282e-08,2.8843365119731363e-05,3.92618171139879e-05,3.019454096728522e-05,0.0,0.0,0.0,0.0,0.0,0.0,0.0,0.0,0.0,0.0,0.0,0.0,0.0,0.0,0.0,0.13272014922565883,0.2891799410184224,0.05,9,72|31|126,35,all_filtered,9,True,D:\Running_Place\PostGraduateProjects\Experiments\PostGraduate\backbones\GeometryPreservingRadialGate\Seg-SADG\BaryRadGate\a0p08\rho0p5\gb8\sadg0p05\shot3\Seed1,D:\Running_Place\PostGraduateProjects\Experiments\PostGraduate\backbones\Prompts\GeometryPreservingRadialGate\Seg-SADG\BaryRadGate\a0p08\rho0p5\gb8\sadg0p05\shot3\Seed1
Seg-SADG,Seg-SADG,Seg-SADG,LF-Barycenter-RadialGate,fixed,cosine,none,radial,8,1.0,0.48794806003570557,0.5052863359451294,0.4987749457359314,0.48794806|0.49886936|0.50336367|0.49675441|0.49560052|0.49920839|0.50528634|0.503169,15.0,1.0,1.0,1.0,0.0,0.08,0.5,0.05,0.05,0.5,0.0001,0.001,0.001,0.0,0.0,1e-06,15.0,5.0,40.0,0.02,0.98,0.001,0.001,0.0001,0.01,0.001,False,0.1,32.0,1e-06,none,,,False,0.5,style_rho0p5,sadg_rho0p05,9,9,19,19,new_training,3,1,41,0.14028878509998322,0.13961650927861533,0.013444224993387857,6.587826817394671e-08,6.587826817394671e-08,2.802785699410985e-05,3.535691171742251e-05,2.7718566343537532e-05,0.0,0.0,0.0,0.0,0.0,0.0,0.0,0.0,0.0,0.0,0.0,0.0,0.0,0.0,0.0,0.12518829686774147,0.246708901392089,0.05,9,72|31|126,35,all_filtered,9,True,D:\Running_Place\PostGraduateProjects\Experiments\PostGraduate\backbones\GeometryPreservingRadialGate\Seg-SADG\BaryRadGate\a0p08\rho0p5\gb8\sadg0p05\shot3\Seed1,D:\Running_Place\PostGraduateProjects\Experiments\PostGraduate\backbones\Prompts\GeometryPreservingRadialGate\Seg-SADG\BaryRadGate\a0p08\rho0p5\gb8\sadg0p05\shot3\Seed1
Seg-SADG,Seg-SADG,Seg-SADG,LF-Barycenter-RadialGate,fixed,cosine,none,radial,8,1.0,0.4878878891468048,0.5054885149002075,0.4988263249397278,0.48788789|0.49865767|0.50304645|0.49668092|0.49555218|0.49908519|0.50548851|0.50421178,15.0,1.0,1.0,1.0,0.0,0.08,0.5,0.05,0.05,0.5,0.0001,0.001,0.001,0.0,0.0,1e-06,15.0,5.0,40.0,0.02,0.98,0.001,0.001,0.0001,0.01,0.001,False,0.1,32.0,1e-06,none,,,False,0.5,style_rho0p5,sadg_rho0p05,9,9,19,19,new_training,3,1,42,0.13466616306040022,0.13397366967466143,0.013848668688701259,6.342090980777155e-08,6.342090980777155e-08,2.8829842146175604e-05,3.353681111346102e-05,2.7001111650153893e-05,0.0,0.0,0.0,0.0,0.0,0.0,0.0,0.0,0.0,0.0,0.0,0.0,0.0,0.0,0.0,0.1206182994776302,0.2263345652156406,0.05,9,72|31|126,35,all_filtered,9,True,D:\Running_Place\PostGraduateProjects\Experiments\PostGraduate\backbones\GeometryPreservingRadialGate\Seg-SADG\BaryRadGate\a0p08\rho0p5\gb8\sadg0p05\shot3\Seed1,D:\Running_Place\PostGraduateProjects\Experiments\PostGraduate\backbones\Prompts\GeometryPreservingRadialGate\Seg-SADG\BaryRadGate\a0p08\rho0p5\gb8\sadg0p05\shot3\Seed1
Seg-SADG,Seg-SADG,Seg-SADG,LF-Barycenter-RadialGate,fixed,cosine,none,radial,8,1.0,0.4876258075237274,0.5056381225585938,0.4988783001899719,0.48762581|0.49854174|0.50301343|0.49686208|0.49580604|0.49897861|0.50563812|0.50456077,15.0,1.0,1.0,1.0,0.0,0.08,0.5,0.05,0.05,0.5,0.0001,0.001,0.001,0.0,0.0,1e-06,15.0,5.0,40.0,0.02,0.98,0.001,0.001,0.0001,0.01,0.001,False,0.1,32.0,1e-06,none,,,False,0.5,style_rho0p5,sadg_rho0p05,9,9,19,19,new_training,3,1,43,0.12889552778667873,0.12831087079313067,0.011691907317274146,6.350851183217148e-08,6.350851183217148e-08,3.0193143579203428e-05,3.32954534517032e-05,2.719374181954966e-05,0.0,0.0,0.0,0.0,0.0,0.0,0.0,0.0,0.0,0.0,0.0,0.0,0.0,0.0,0.0,0.1159100044104788,0.2128784027364519,0.05,9,72|31|126,35,all_filtered,9,True,D:\Running_Place\PostGraduateProjects\Experiments\PostGraduate\backbones\GeometryPreservingRadialGate\Seg-SADG\BaryRadGate\a0p08\rho0p5\gb8\sadg0p05\shot3\Seed1,D:\Running_Place\PostGraduateProjects\Experiments\PostGraduate\backbones\Prompts\GeometryPreservingRadialGate\Seg-SADG\BaryRadGate\a0p08\rho0p5\gb8\sadg0p05\shot3\Seed1
Seg-SADG,Seg-SADG,Seg-SADG,LF-Barycenter-RadialGate,fixed,cosine,none,radial,8,1.0,0.4875205457210541,0.5059215426445007,0.49878382682800293,0.48752055|0.49771559|0.50286692|0.49711967|0.49624431|0.49878049|0.50592154|0.50410128,15.0,1.0,1.0,1.0,0.0,0.08,0.5,0.05,0.05,0.5,0.0001,0.001,0.001,0.0,0.0,1e-06,15.0,5.0,40.0,0.02,0.98,0.001,0.001,0.0001,0.01,0.001,False,0.1,32.0,1e-06,none,,,False,0.5,style_rho0p5,sadg_rho0p05,9,9,19,19,new_training,3,1,44,0.12414319730467266,0.123540707760387,0.012048592377040122,6.286974180764244e-08,6.286974180764244e-08,3.05850197845656e-05,3.269126722847836e-05,2.711996886420012e-05,0.0,0.0,0.0,0.0,0.0,0.0,0.0,0.0,0.0,0.0,0.0,0.0,0.0,0.0,0.0,0.11109881765312618,0.21024150484138066,0.05,9,72|31|126,35,all_filtered,9,True,D:\Running_Place\PostGraduateProjects\Experiments\PostGraduate\backbones\GeometryPreservingRadialGate\Seg-SADG\BaryRadGate\a0p08\rho0p5\gb8\sadg0p05\shot3\Seed1,D:\Running_Place\PostGraduateProjects\Experiments\PostGraduate\backbones\Prompts\GeometryPreservingRadialGate\Seg-SADG\BaryRadGate\a0p08\rho0p5\gb8\sadg0p05\shot3\Seed1
Seg-SADG,Seg-SADG,Seg-SADG,LF-Barycenter-RadialGate,fixed,cosine,none,radial,8,1.0,0.4875968396663666,0.5061678886413574,0.4986588954925537,0.48759684|0.49748659|0.50244063|0.49702257|0.49634948|0.49862313|0.50616789|0.50358391,15.0,1.0,1.0,1.0,0.0,0.08,0.5,0.05,0.05,0.5,0.0001,0.001,0.001,0.0,0.0,1e-06,15.0,5.0,40.0,0.02,0.98,0.001,0.001,0.0001,0.01,0.001,False,0.1,32.0,1e-06,none,,,False,0.5,style_rho0p5,sadg_rho0p05,9,9,19,19,new_training,3,1,45,0.11800132195154826,0.11738826251692241,0.012260039750900533,6.171411983915378e-08,6.171411983915378e-08,3.050952808633964e-05,3.193656044054983e-05,2.6726604725505847e-05,0.0,0.0,0.0,0.0,0.0,0.0,0.0,0.0,0.0,0.0,0.0,0.0,0.0,0.0,0.0,0.1062627633412679,0.19221804042657217,0.05,9,72|31|126,35,all_filtered,9,True,D:\Running_Place\PostGraduateProjects\Experiments\PostGraduate\backbones\GeometryPreservingRadialGate\Seg-SADG\BaryRadGate\a0p08\rho0p5\gb8\sadg0p05\shot3\Seed1,D:\Running_Place\PostGraduateProjects\Experiments\PostGraduate\backbones\Prompts\GeometryPreservingRadialGate\Seg-SADG\BaryRadGate\a0p08\rho0p5\gb8\sadg0p05\shot3\Seed1
Seg-SADG,Seg-SADG,Seg-SADG,LF-Barycenter-RadialGate,fixed,cosine,none,radial,8,1.0,0.48756644129753113,0.5059332251548767,0.49848490953445435,0.48756644|0.49722469|0.5020473|0.49697301|0.49645346|0.49861133|0.50593323|0.50306964,15.0,1.0,1.0,1.0,0.0,0.08,0.5,0.05,0.05,0.5,0.0001,0.001,0.001,0.0,0.0,1e-06,15.0,5.0,40.0,0.02,0.98,0.001,0.001,0.0001,0.01,0.001,False,0.1,32.0,1e-06,none,,,False,0.5,style_rho0p5,sadg_rho0p05,9,9,19,19,new_training,3,1,46,0.11566017236974505,0.11509362525410122,0.011329778107917972,5.937584251430255e-08,5.937584251430255e-08,2.9687153477829674e-05,3.075595830321415e-05,2.56511664499865e-05,0.0,0.0,0.0,0.0,0.0,0.0,0.0,0.0,0.0,0.0,0.0,0.0,0.0,0.0,0.0,0.1030356991622183,0.19675512611865997,0.05,9,72|31|126,35,all_filtered,9,True,D:\Running_Place\PostGraduateProjects\Experiments\PostGraduate\backbones\GeometryPreservingRadialGate\Seg-SADG\BaryRadGate\a0p08\rho0p5\gb8\sadg0p05\shot3\Seed1,D:\Running_Place\PostGraduateProjects\Experiments\PostGraduate\backbones\Prompts\GeometryPreservingRadialGate\Seg-SADG\BaryRadGate\a0p08\rho0p5\gb8\sadg0p05\shot3\Seed1
Seg-SADG,Seg-SADG,Seg-SADG,LF-Barycenter-RadialGate,fixed,cosine,none,radial,8,1.0,0.4877983629703522,0.5056121349334717,0.4984152019023895,0.48779836|0.49703282|0.50182891|0.4972201|0.49628589|0.49864575|0.50561213|0.50289756,15.0,1.0,1.0,1.0,0.0,0.08,0.5,0.05,0.05,0.5,0.0001,0.001,0.001,0.0,0.0,1e-06,15.0,5.0,40.0,0.02,0.98,0.001,0.001,0.0001,0.01,0.001,False,0.1,32.0,1e-06,none,,,False,0.5,style_rho0p5,sadg_rho0p05,9,9,19,19,new_training,3,1,47,0.1109260842204094,0.11039723290337457,0.010575879468686052,5.6095396179974465e-08,5.6095396179974465e-08,2.8907746430680465e-05,2.890105537921449e-05,2.430356350184108e-05,0.0,0.0,0.0,0.0,0.0,0.0,0.0,0.0,0.0,0.0,0.0,0.0,0.0,0.0,0.0,0.09957310226228502,0.1825004799498452,0.05,9,72|31|126,35,all_filtered,9,True,D:\Running_Place\PostGraduateProjects\Experiments\PostGraduate\backbones\GeometryPreservingRadialGate\Seg-SADG\BaryRadGate\a0p08\rho0p5\gb8\sadg0p05\shot3\Seed1,D:\Running_Place\PostGraduateProjects\Experiments\PostGraduate\backbones\Prompts\GeometryPreservingRadialGate\Seg-SADG\BaryRadGate\a0p08\rho0p5\gb8\sadg0p05\shot3\Seed1
Seg-SADG,Seg-SADG,Seg-SADG,LF-Barycenter-RadialGate,fixed,cosine,none,radial,8,1.0,0.4879015386104584,0.5053205490112305,0.4983668923377991,0.48790154|0.49682429|0.50157893|0.49749473|0.49651483|0.49869627|0.50532055|0.50260395,15.0,1.0,1.0,1.0,0.0,0.08,0.5,0.05,0.05,0.5,0.0001,0.001,0.001,0.0,0.0,1e-06,15.0,5.0,40.0,0.02,0.98,0.001,0.001,0.0001,0.01,0.001,False,0.1,32.0,1e-06,none,,,False,0.5,style_rho0p5,sadg_rho0p05,9,9,19,19,new_training,3,1,48,0.10887998673650953,0.10830692615773943,0.011460162078340849,5.1623280859934717e-08,5.1623280859934717e-08,2.7487867959684485e-05,2.6397239101546195e-05,2.2477252868055883e-05,0.0,0.0,0.0,0.0,0.0,0.0,0.0,0.0,0.0,0.0,0.0,0.0,0.0,0.0,0.0,0.09668783677948846,0.19114633401234946,0.05,9,72|31|126,35,all_filtered,9,True,D:\Running_Place\PostGraduateProjects\Experiments\PostGraduate\backbones\GeometryPreservingRadialGate\Seg-SADG\BaryRadGate\a0p08\rho0p5\gb8\sadg0p05\shot3\Seed1,D:\Running_Place\PostGraduateProjects\Experiments\PostGraduate\backbones\Prompts\GeometryPreservingRadialGate\Seg-SADG\BaryRadGate\a0p08\rho0p5\gb8\sadg0p05\shot3\Seed1
Seg-SADG,Seg-SADG,Seg-SADG,LF-Barycenter-RadialGate,fixed,cosine,none,radial,8,1.0,0.48820194602012634,0.5052710175514221,0.4983426630496979,0.48820195|0.49664459|0.50124633|0.49784791|0.49649778|0.49875298|0.50527102|0.50227869,15.0,1.0,1.0,1.0,0.0,0.08,0.5,0.05,0.05,0.5,0.0001,0.001,0.001,0.0,0.0,1e-06,15.0,5.0,40.0,0.02,0.98,0.001,0.001,0.0001,0.01,0.001,False,0.1,32.0,1e-06,none,,,False,0.5,style_rho0p5,sadg_rho0p05,9,9,19,19,new_training,3,1,49,0.10752646625041962,0.10698645893070433,0.010799178232749304,4.787639874671691e-08,4.787639874671691e-08,2.6210775710448313e-05,2.4310878264562536e-05,2.094443981251162e-05,0.0,0.0,0.0,0.0,0.0,0.0,0.0,0.0,0.0,0.0,0.0,0.0,0.0,0.0,0.0,0.09413783417807685,0.2021494193209542,0.05,9,72|31|126,35,all_filtered,9,True,D:\Running_Place\PostGraduateProjects\Experiments\PostGraduate\backbones\GeometryPreservingRadialGate\Seg-SADG\BaryRadGate\a0p08\rho0p5\gb8\sadg0p05\shot3\Seed1,D:\Running_Place\PostGraduateProjects\Experiments\PostGraduate\backbones\Prompts\GeometryPreservingRadialGate\Seg-SADG\BaryRadGate\a0p08\rho0p5\gb8\sadg0p05\shot3\Seed1
Seg-SADG,Seg-SADG,Seg-SADG,LF-Barycenter-RadialGate,fixed,cosine,none,radial,8,1.0,0.4885233938694,0.5051090121269226,0.4983059763908386,0.48852339|0.49652335|0.50116545|0.49808896|0.49639353|0.4987537|0.50510901|0.50189054,15.0,1.0,1.0,1.0,0.0,0.08,0.5,0.05,0.05,0.5,0.0001,0.001,0.001,0.0,0.0,1e-06,15.0,5.0,40.0,0.02,0.98,0.001,0.001,0.0001,0.01,0.001,False,0.1,32.0,1e-06,none,,,False,0.5,style_rho0p5,sadg_rho0p05,9,9,19,19,new_training,3,1,50,0.10439490112993452,0.10385550227430132,0.010787057276401255,4.46831115318168e-08,4.46831115318168e-08,2.4973423933261074e-05,2.2682346348624884e-05,1.9503420440337828e-05,0.0,0.0,0.0,0.0,0.0,0.0,0.0,0.0,0.0,0.0,0.0,0.0,0.0,0.0,0.0,0.09175261441204283,0.19513267940945095,0.05,9,72|31|126,35,all_filtered,9,True,D:\Running_Place\PostGraduateProjects\Experiments\PostGraduate\backbones\GeometryPreservingRadialGate\Seg-SADG\BaryRadGate\a0p08\rho0p5\gb8\sadg0p05\shot3\Seed1,D:\Running_Place\PostGraduateProjects\Experiments\PostGraduate\backbones\Prompts\GeometryPreservingRadialGate\Seg-SADG\BaryRadGate\a0p08\rho0p5\gb8\sadg0p05\shot3\Seed1
Seg-SADG,Seg-SADG,Seg-SADG,LF-Barycenter-RadialGate,fixed,cosine,none,radial,8,1.0,0.48877471685409546,0.5049683451652527,0.498282253742218,0.48877472|0.49668044|0.5009805|0.49825245|0.49635276|0.498615|0.50496835|0.50163388,15.0,1.0,1.0,1.0,0.0,0.08,0.5,0.05,0.05,0.5,0.0001,0.001,0.001,0.0,0.0,1e-06,15.0,5.0,40.0,0.02,0.98,0.001,0.001,0.0001,0.01,0.001,False,0.1,32.0,1e-06,none,,,False,0.5,style_rho0p5,sadg_rho0p05,9,9,19,19,new_training,3,1,51,0.1017408851120207,0.10123874495426814,0.010041914362874296,4.224202143632283e-08,4.224202143632283e-08,2.3419517472373424e-05,2.1575483212169882e-05,1.8324584743822925e-05,0.0,0.0,0.0,0.0,0.0,0.0,0.0,0.0,0.0,0.0,0.0,0.0,0.0,0.0,0.0,0.08983470830652449,0.1869631657997767,0.05,9,72|31|126,35,all_filtered,9,True,D:\Running_Place\PostGraduateProjects\Experiments\PostGraduate\backbones\GeometryPreservingRadialGate\Seg-SADG\BaryRadGate\a0p08\rho0p5\gb8\sadg0p05\shot3\Seed1,D:\Running_Place\PostGraduateProjects\Experiments\PostGraduate\backbones\Prompts\GeometryPreservingRadialGate\Seg-SADG\BaryRadGate\a0p08\rho0p5\gb8\sadg0p05\shot3\Seed1
Seg-SADG,Seg-SADG,Seg-SADG,LF-Barycenter-RadialGate,fixed,cosine,none,radial,8,1.0,0.48881515860557556,0.5051334500312805,0.4982336163520813,0.48881516|0.49608642|0.50075287|0.49823096|0.4963654|0.49854642|0.50513345|0.50193834,15.0,1.0,1.0,1.0,0.0,0.08,0.5,0.05,0.05,0.5,0.0001,0.001,0.001,0.0,0.0,1e-06,15.0,5.0,40.0,0.02,0.98,0.001,0.001,0.0001,0.01,0.001,False,0.1,32.0,1e-06,none,,,False,0.5,style_rho0p5,sadg_rho0p05,9,9,19,19,new_training,3,1,52,0.09999821335077286,0.09951119538810518,0.009739470564656787,4.141035721734928e-08,4.141035721734928e-08,2.3280265951244575e-05,2.1077165810210216e-05,1.8005163332822525e-05,0.0,0.0,0.0,0.0,0.0,0.0,0.0,0.0,0.0,0.0,0.0,0.0,0.0,0.0,0.0,0.08755886554718018,0.19092361629009247,0.05,9,72|31|126,35,all_filtered,9,True,D:\Running_Place\PostGraduateProjects\Experiments\PostGraduate\backbones\GeometryPreservingRadialGate\Seg-SADG\BaryRadGate\a0p08\rho0p5\gb8\sadg0p05\shot3\Seed1,D:\Running_Place\PostGraduateProjects\Experiments\PostGraduate\backbones\Prompts\GeometryPreservingRadialGate\Seg-SADG\BaryRadGate\a0p08\rho0p5\gb8\sadg0p05\shot3\Seed1
Seg-SADG,Seg-SADG,Seg-SADG,LF-Barycenter-RadialGate,fixed,cosine,none,radial,8,1.0,0.48884570598602295,0.5050249099731445,0.4981731176376343,0.48884571|0.49561015|0.50024897|0.49857506|0.49629098|0.49858993|0.50502491|0.50219917,15.0,1.0,1.0,1.0,0.0,0.08,0.5,0.05,0.05,0.5,0.0001,0.001,0.001,0.0,0.0,1e-06,15.0,5.0,40.0,0.02,0.98,0.001,0.001,0.0001,0.01,0.001,False,0.1,32.0,1e-06,none,,,False,0.5,style_rho0p5,sadg_rho0p05,9,9,19,19,new_training,3,1,53,0.09598683151933882,0.09549971007638508,0.009741702168765996,3.894249031885819e-08,3.894249031885819e-08,2.390324476032725e-05,1.9574564955999245e-05,1.6977599443634972e-05,0.0,0.0,0.0,0.0,0.0,0.0,0.0,0.0,0.0,0.0,0.0,0.0,0.0,0.0,0.0,0.0852708261873987,0.1690712438689338,0.05,9,72|31|126,35,all_filtered,9,True,D:\Running_Place\PostGraduateProjects\Experiments\PostGraduate\backbones\GeometryPreservingRadialGate\Seg-SADG\BaryRadGate\a0p08\rho0p5\gb8\sadg0p05\shot3\Seed1,D:\Running_Place\PostGraduateProjects\Experiments\PostGraduate\backbones\Prompts\GeometryPreservingRadialGate\Seg-SADG\BaryRadGate\a0p08\rho0p5\gb8\sadg0p05\shot3\Seed1
Seg-SADG,Seg-SADG,Seg-SADG,LF-Barycenter-RadialGate,fixed,cosine,none,radial,8,1.0,0.489062637090683,0.5047807097434998,0.4981454014778137,0.48906264|0.49543944|0.50001734|0.49890068|0.49638778|0.49847075|0.50478071|0.50210392,15.0,1.0,1.0,1.0,0.0,0.08,0.5,0.05,0.05,0.5,0.0001,0.001,0.001,0.0,0.0,1e-06,15.0,5.0,40.0,0.02,0.98,0.001,0.001,0.0001,0.01,0.001,False,0.1,32.0,1e-06,none,,,False,0.5,style_rho0p5,sadg_rho0p05,9,9,19,19,new_training,3,1,54,0.09393214682737987,0.09343202329344219,0.01000171299609873,3.6002532116046695e-08,3.6002532116046695e-08,2.3599848443862153e-05,1.7897245521049223e-05,1.5745300111626017e-05,0.0,0.0,0.0,0.0,0.0,0.0,0.0,0.0,0.0,0.0,0.0,0.0,0.0,0.0,0.0,0.08271461311313841,0.1707309666607115,0.05,9,72|31|126,35,all_filtered,9,True,D:\Running_Place\PostGraduateProjects\Experiments\PostGraduate\backbones\GeometryPreservingRadialGate\Seg-SADG\BaryRadGate\a0p08\rho0p5\gb8\sadg0p05\shot3\Seed1,D:\Running_Place\PostGraduateProjects\Experiments\PostGraduate\backbones\Prompts\GeometryPreservingRadialGate\Seg-SADG\BaryRadGate\a0p08\rho0p5\gb8\sadg0p05\shot3\Seed1
Seg-SADG,Seg-SADG,Seg-SADG,LF-Barycenter-RadialGate,fixed,cosine,none,radial,8,1.0,0.4892650544643402,0.504429817199707,0.498054176568985,0.48926505|0.49540532|0.49969834|0.49887949|0.49656832|0.49833935|0.50442982|0.5018478,15.0,1.0,1.0,1.0,0.0,0.08,0.5,0.05,0.05,0.5,0.0001,0.001,0.001,0.0,0.0,1e-06,15.0,5.0,40.0,0.02,0.98,0.001,0.001,0.0001,0.01,0.001,False,0.1,32.0,1e-06,none,,,False,0.5,style_rho0p5,sadg_rho0p05,9,9,19,19,new_training,3,1,55,0.09288843224445979,0.09239045944478777,0.009958825281096829,3.279586538143222e-08,3.279586538143222e-08,2.2343800891475337e-05,1.6256327095713157e-05,1.4305155976520231e-05,0.0,0.0,0.0,0.0,0.0,0.0,0.0,0.0,0.0,0.0,0.0,0.0,0.0,0.0,0.0,0.08171753336985906,0.17303574747509426,0.05,9,72|31|126,35,all_filtered,9,True,D:\Running_Place\PostGraduateProjects\Experiments\PostGraduate\backbones\GeometryPreservingRadialGate\Seg-SADG\BaryRadGate\a0p08\rho0p5\gb8\sadg0p05\shot3\Seed1,D:\Running_Place\PostGraduateProjects\Experiments\PostGraduate\backbones\Prompts\GeometryPreservingRadialGate\Seg-SADG\BaryRadGate\a0p08\rho0p5\gb8\sadg0p05\shot3\Seed1
Seg-SADG,Seg-SADG,Seg-SADG,LF-Barycenter-RadialGate,fixed,cosine,none,radial,8,1.0,0.4893099367618561,0.5041683912277222,0.49792423844337463,0.48930994|0.49520463|0.49956444|0.49886379|0.49652353|0.49825162|0.50416839|0.50150734,15.0,1.0,1.0,1.0,0.0,0.08,0.5,0.05,0.05,0.5,0.0001,0.001,0.001,0.0,0.0,1e-06,15.0,5.0,40.0,0.02,0.98,0.001,0.001,0.0001,0.01,0.001,False,0.1,32.0,1e-06,none,,,False,0.5,style_rho0p5,sadg_rho0p05,9,9,19,19,new_training,3,1,56,0.09268750167555279,0.09222625113195843,0.009224408150961002,3.0882363135889236e-08,3.0882363135889236e-08,2.1840645786141977e-05,1.5256754118632267e-05,1.3441543059242475e-05,0.0,0.0,0.0,0.0,0.0,0.0,0.0,0.0,0.0,0.0,0.0,0.0,0.0,0.0,0.0,0.07979996502399445,0.18898952669567531,0.05,9,72|31|126,35,all_filtered,9,True,D:\Running_Place\PostGraduateProjects\Experiments\PostGraduate\backbones\GeometryPreservingRadialGate\Seg-SADG\BaryRadGate\a0p08\rho0p5\gb8\sadg0p05\shot3\Seed1,D:\Running_Place\PostGraduateProjects\Experiments\PostGraduate\backbones\Prompts\GeometryPreservingRadialGate\Seg-SADG\BaryRadGate\a0p08\rho0p5\gb8\sadg0p05\shot3\Seed1
Seg-SADG,Seg-SADG,Seg-SADG,LF-Barycenter-RadialGate,fixed,cosine,none,radial,8,1.0,0.48937997221946716,0.5037625432014465,0.4977914094924927,0.48937997|0.4952389|0.49956343|0.49874383|0.4965612|0.4979718|0.50376254|0.50110966,15.0,1.0,1.0,1.0,0.0,0.08,0.5,0.05,0.05,0.5,0.0001,0.001,0.001,0.0,0.0,1e-06,15.0,5.0,40.0,0.02,0.98,0.001,0.001,0.0001,0.01,0.001,False,0.1,32.0,1e-06,none,,,False,0.5,style_rho0p5,sadg_rho0p05,9,9,19,19,new_training,3,1,57,0.08849434885713789,0.08803730209668477,0.009140324106232988,2.9840090102576745e-08,2.9840090102576745e-08,2.1461786673171446e-05,1.476685924394082e-05,1.2927051102451514e-05,0.0,0.0,0.0,0.0,0.0,0.0,0.0,0.0,0.0,0.0,0.0,0.0,0.0,0.0,0.0,0.07741446130805546,0.1668816084663073,0.05,9,72|31|126,35,all_filtered,9,True,D:\Running_Place\PostGraduateProjects\Experiments\PostGraduate\backbones\GeometryPreservingRadialGate\Seg-SADG\BaryRadGate\a0p08\rho0p5\gb8\sadg0p05\shot3\Seed1,D:\Running_Place\PostGraduateProjects\Experiments\PostGraduate\backbones\Prompts\GeometryPreservingRadialGate\Seg-SADG\BaryRadGate\a0p08\rho0p5\gb8\sadg0p05\shot3\Seed1
Seg-SADG,Seg-SADG,Seg-SADG,LF-Barycenter-RadialGate,fixed,cosine,none,radial,8,1.0,0.489443302154541,0.5032886862754822,0.49764734506607056,0.4894433|0.49530375|0.4994131|0.4987509|0.49669015|0.49769539|0.50328869|0.50059354,15.0,1.0,1.0,1.0,0.0,0.08,0.5,0.05,0.05,0.5,0.0001,0.001,0.001,0.0,0.0,1e-06,15.0,5.0,40.0,0.02,0.98,0.001,0.001,0.0001,0.01,0.001,False,0.1,32.0,1e-06,none,,,False,0.5,style_rho0p5,sadg_rho0p05,9,9,19,19,new_training,3,1,58,0.08953086203998989,0.08903529991706212,0.00991063978936937,2.8602032742242045e-08,2.8602032742242045e-08,2.0751579035681465e-05,1.4128922682882856e-05,1.2397950942815643e-05,0.0,0.0,0.0,0.0,0.0,0.0,0.0,0.0,0.0,0.0,0.0,0.0,0.0,0.0,0.0,0.07724518328905106,0.18351163301202986,0.05,9,72|31|126,35,all_filtered,9,True,D:\Running_Place\PostGraduateProjects\Experiments\PostGraduate\backbones\GeometryPreservingRadialGate\Seg-SADG\BaryRadGate\a0p08\rho0p5\gb8\sadg0p05\shot3\Seed1,D:\Running_Place\PostGraduateProjects\Experiments\PostGraduate\backbones\Prompts\GeometryPreservingRadialGate\Seg-SADG\BaryRadGate\a0p08\rho0p5\gb8\sadg0p05\shot3\Seed1
Seg-SADG,Seg-SADG,Seg-SADG,LF-Barycenter-RadialGate,fixed,cosine,none,radial,8,1.0,0.4893607199192047,0.503034234046936,0.4976195991039276,0.48936072|0.49519482|0.49918783|0.4990935|0.49694338|0.49745089|0.50303423|0.50069124,15.0,1.0,1.0,1.0,0.0,0.08,0.5,0.05,0.05,0.5,0.0001,0.001,0.001,0.0,0.0,1e-06,15.0,5.0,40.0,0.02,0.98,0.001,0.001,0.0001,0.01,0.001,False,0.1,32.0,1e-06,none,,,False,0.5,style_rho0p5,sadg_rho0p05,9,9,19,19,new_training,3,1,59,0.0878791105416086,0.0874137207865715,0.009307182445708249,2.7289485831576915e-08,2.7289485831576915e-08,2.044849598961365e-05,1.3418766987645844e-05,1.1825867962519018e-05,0.0,0.0,0.0,0.0,0.0,0.0,0.0,0.0,0.0,0.0,0.0,0.0,0.0,0.0,0.0,0.07639578150378333,0.17622468372186026,0.05,9,72|31|126,35,all_filtered,9,True,D:\Running_Place\PostGraduateProjects\Experiments\PostGraduate\backbones\GeometryPreservingRadialGate\Seg-SADG\BaryRadGate\a0p08\rho0p5\gb8\sadg0p05\shot3\Seed1,D:\Running_Place\PostGraduateProjects\Experiments\PostGraduate\backbones\Prompts\GeometryPreservingRadialGate\Seg-SADG\BaryRadGate\a0p08\rho0p5\gb8\sadg0p05\shot3\Seed1
Seg-SADG,Seg-SADG,Seg-SADG,LF-Barycenter-RadialGate,fixed,cosine,none,radial,8,1.0,0.4895614981651306,0.502508282661438,0.497577428817749,0.4895615|0.49549702|0.49861762|0.49913308|0.49718249|0.49757212|0.50250828|0.50054717,15.0,1.0,1.0,1.0,0.0,0.08,0.5,0.05,0.05,0.5,0.0001,0.001,0.001,0.0,0.0,1e-06,15.0,5.0,40.0,0.02,0.98,0.001,0.001,0.0001,0.01,0.001,False,0.1,32.0,1e-06,none,,,False,0.5,style_rho0p5,sadg_rho0p05,9,9,19,19,new_training,3,1,60,0.0881548093424903,0.08768678704897563,0.00935996189299557,2.5366197636205673e-08,2.5366197636205673e-08,1.986480391577869e-05,1.2350303829104329e-05,1.1029412134020175e-05,0.0,0.0,0.0,0.0,0.0,0.0,0.0,0.0,0.0,0.0,0.0,0.0,0.0,0.0,0.0,0.0755284536215994,0.18683282534281412,0.05,9,72|31|126,35,all_filtered,9,True,D:\Running_Place\PostGraduateProjects\Experiments\PostGraduate\backbones\GeometryPreservingRadialGate\Seg-SADG\BaryRadGate\a0p08\rho0p5\gb8\sadg0p05\shot3\Seed1,D:\Running_Place\PostGraduateProjects\Experiments\PostGraduate\backbones\Prompts\GeometryPreservingRadialGate\Seg-SADG\BaryRadGate\a0p08\rho0p5\gb8\sadg0p05\shot3\Seed1
Seg-SADG,Seg-SADG,Seg-SADG,LF-Barycenter-RadialGate,fixed,cosine,none,radial,8,1.0,0.48960497975349426,0.5023632645606995,0.4975630044937134,0.48960498|0.49571705|0.49830708|0.49901548|0.49723837|0.49775976|0.50236326|0.50049818,15.0,1.0,1.0,1.0,0.0,0.08,0.5,0.05,0.05,0.5,0.0001,0.001,0.001,0.0,0.0,1e-06,15.0,5.0,40.0,0.02,0.98,0.001,0.001,0.0001,0.01,0.001,False,0.1,32.0,1e-06,none,,,False,0.5,style_rho0p5,sadg_rho0p05,9,9,19,19,new_training,3,1,61,0.08683147695329455,0.0863718514641126,0.00919207651168108,2.199952733563906e-08,2.199952733563906e-08,1.862400757899094e-05,1.0565175721745214e-05,9.571950108187997e-06,0.0,0.0,0.0,0.0,0.0,0.0,0.0,0.0,0.0,0.0,0.0,0.0,0.0,0.0,0.0,0.0755659615000089,0.17500880195034874,0.05,9,72|31|126,35,all_filtered,9,True,D:\Running_Place\PostGraduateProjects\Experiments\PostGraduate\backbones\GeometryPreservingRadialGate\Seg-SADG\BaryRadGate\a0p08\rho0p5\gb8\sadg0p05\shot3\Seed1,D:\Running_Place\PostGraduateProjects\Experiments\PostGraduate\backbones\Prompts\GeometryPreservingRadialGate\Seg-SADG\BaryRadGate\a0p08\rho0p5\gb8\sadg0p05\shot3\Seed1
Seg-SADG,Seg-SADG,Seg-SADG,LF-Barycenter-RadialGate,fixed,cosine,none,radial,8,1.0,0.48992055654525757,0.5026912093162537,0.4977024793624878,0.48992056|0.49565277|0.49815515|0.49919063|0.49742076|0.49782193|0.50269121|0.50076669,15.0,1.0,1.0,1.0,0.0,0.08,0.5,0.05,0.05,0.5,0.0001,0.001,0.001,0.0,0.0,1e-06,15.0,5.0,40.0,0.02,0.98,0.001,0.001,0.0001,0.01,0.001,False,0.1,32.0,1e-06,none,,,False,0.5,style_rho0p5,sadg_rho0p05,9,9,19,19,new_training,3,1,62,0.08394936554961735,0.08346466637319988,0.009693550773792796,2.1256102063678856e-08,2.1256102063678856e-08,1.82990422925084e-05,1.0191941025065413e-05,9.234256241244213e-06,0.0,0.0,0.0,0.0,0.0,0.0,0.0,0.0,0.0,0.0,0.0,0.0,0.0,0.0,0.0,0.07290779633654489,0.1666278772883945,0.05,9,72|31|126,35,all_filtered,9,True,D:\Running_Place\PostGraduateProjects\Experiments\PostGraduate\backbones\GeometryPreservingRadialGate\Seg-SADG\BaryRadGate\a0p08\rho0p5\gb8\sadg0p05\shot3\Seed1,D:\Running_Place\PostGraduateProjects\Experiments\PostGraduate\backbones\Prompts\GeometryPreservingRadialGate\Seg-SADG\BaryRadGate\a0p08\rho0p5\gb8\sadg0p05\shot3\Seed1
Seg-SADG,Seg-SADG,Seg-SADG,LF-Barycenter-RadialGate,fixed,cosine,none,radial,8,1.0,0.4901290535926819,0.5030065178871155,0.49779245257377625,0.49012905|0.4956325|0.49794301|0.49929455|0.49768275|0.49800083|0.50300652|0.50065047,15.0,1.0,1.0,1.0,0.0,0.08,0.5,0.05,0.05,0.5,0.0001,0.001,0.001,0.0,0.0,1e-06,15.0,5.0,40.0,0.02,0.98,0.001,0.001,0.0001,0.01,0.001,False,0.1,32.0,1e-06,none,,,False,0.5,style_rho0p5,sadg_rho0p05,9,9,19,19,new_training,3,1,63,0.0793826464149687,0.07897295637263192,0.008193335133708186,2.1170364227095384e-08,2.1170364227095384e-08,1.7746217256192016e-05,1.0203616006442138e-05,9.192125617119018e-06,0.0,0.0,0.0,0.0,0.0,0.0,0.0,0.0,0.0,0.0,0.0,0.0,0.0,0.0,0.0,0.06963624474075106,0.1439862483077579,0.05,9,72|31|126,35,all_filtered,9,True,D:\Running_Place\PostGraduateProjects\Experiments\PostGraduate\backbones\GeometryPreservingRadialGate\Seg-SADG\BaryRadGate\a0p08\rho0p5\gb8\sadg0p05\shot3\Seed1,D:\Running_Place\PostGraduateProjects\Experiments\PostGraduate\backbones\Prompts\GeometryPreservingRadialGate\Seg-SADG\BaryRadGate\a0p08\rho0p5\gb8\sadg0p05\shot3\Seed1
Seg-SADG,Seg-SADG,Seg-SADG,LF-Barycenter-RadialGate,fixed,cosine,none,radial,8,1.0,0.4903005063533783,0.5028483867645264,0.4977012872695923,0.49030051|0.49540326|0.49774146|0.49938467|0.49757719|0.49814248|0.50284839|0.50021231,15.0,1.0,1.0,1.0,0.0,0.08,0.5,0.05,0.05,0.5,0.0001,0.001,0.001,0.0,0.0,1e-06,15.0,5.0,40.0,0.02,0.98,0.001,0.001,0.0001,0.01,0.001,False,0.1,32.0,1e-06,none,,,False,0.5,style_rho0p5,sadg_rho0p05,9,9,19,19,new_training,3,1,64,0.07727609243657854,0.07685026278098424,0.008516135780761639,1.993181975024072e-08,1.993181975024072e-08,1.7337616251703974e-05,9.77660177644187e-06,8.421455580294909e-06,0.0,0.0,0.0,0.0,0.0,0.0,0.0,0.0,0.0,0.0,0.0,0.0,0.0,0.0,0.0,0.06730566836065716,0.1516118190354771,0.05,9,72|31|126,35,all_filtered,9,True,D:\Running_Place\PostGraduateProjects\Experiments\PostGraduate\backbones\GeometryPreservingRadialGate\Seg-SADG\BaryRadGate\a0p08\rho0p5\gb8\sadg0p05\shot3\Seed1,D:\Running_Place\PostGraduateProjects\Experiments\PostGraduate\backbones\Prompts\GeometryPreservingRadialGate\Seg-SADG\BaryRadGate\a0p08\rho0p5\gb8\sadg0p05\shot3\Seed1
Seg-SADG,Seg-SADG,Seg-SADG,LF-Barycenter-RadialGate,fixed,cosine,none,radial,8,1.0,0.4902500510215759,0.5028104782104492,0.49760469794273376,0.49025005|0.49532914|0.49758744|0.49948156|0.49754691|0.4979004|0.50281048|0.49993169,15.0,1.0,1.0,1.0,0.0,0.08,0.5,0.05,0.05,0.5,0.0001,0.001,0.001,0.0,0.0,1e-06,15.0,5.0,40.0,0.02,0.98,0.001,0.001,0.0001,0.01,0.001,False,0.1,32.0,1e-06,none,,,False,0.5,style_rho0p5,sadg_rho0p05,9,9,19,19,new_training,3,1,65,0.07609757781028748,0.07568553338448207,0.00824042445876532,1.9835309493664177e-08,1.9835309493664177e-08,1.75072932001462e-05,9.821106080683725e-06,8.263473217892977e-06,0.0,0.0,0.0,0.0,0.0,0.0,0.0,0.0,0.0,0.0,0.0,0.0,0.0,0.0,0.0,0.06581498020225102,0.15012181798617044,0.05,9,72|31|126,35,all_filtered,9,True,D:\Running_Place\PostGraduateProjects\Experiments\PostGraduate\backbones\GeometryPreservingRadialGate\Seg-SADG\BaryRadGate\a0p08\rho0p5\gb8\sadg0p05\shot3\Seed1,D:\Running_Place\PostGraduateProjects\Experiments\PostGraduate\backbones\Prompts\GeometryPreservingRadialGate\Seg-SADG\BaryRadGate\a0p08\rho0p5\gb8\sadg0p05\shot3\Seed1
Seg-SADG,Seg-SADG,Seg-SADG,LF-Barycenter-RadialGate,fixed,cosine,none,radial,8,1.0,0.4904108941555023,0.5027083158493042,0.4975394606590271,0.49041089|0.49524567|0.49741468|0.49947354|0.49759325|0.49771312|0.50270832|0.4997561,15.0,1.0,1.0,1.0,0.0,0.08,0.5,0.05,0.05,0.5,0.0001,0.001,0.001,0.0,0.0,1e-06,15.0,5.0,40.0,0.02,0.98,0.001,0.001,0.0001,0.01,0.001,False,0.1,32.0,1e-06,none,,,False,0.5,style_rho0p5,sadg_rho0p05,9,9,19,19,new_training,3,1,66,0.07399323831001918,0.07363090498579873,0.007246223537044393,2.025480484569976e-08,2.025480484569976e-08,1.7591452180770124e-05,1.0120532149610679e-05,8.375126627571364e-06,0.0,0.0,0.0,0.0,0.0,0.0,0.0,0.0,0.0,0.0,0.0,0.0,0.0,0.0,0.0,0.06449133116337988,0.14325242820713255,0.05,9,72|31|126,35,all_filtered,9,True,D:\Running_Place\PostGraduateProjects\Experiments\PostGraduate\backbones\GeometryPreservingRadialGate\Seg-SADG\BaryRadGate\a0p08\rho0p5\gb8\sadg0p05\shot3\Seed1,D:\Running_Place\PostGraduateProjects\Experiments\PostGraduate\backbones\Prompts\GeometryPreservingRadialGate\Seg-SADG\BaryRadGate\a0p08\rho0p5\gb8\sadg0p05\shot3\Seed1
Seg-SADG,Seg-SADG,Seg-SADG,LF-Barycenter-RadialGate,fixed,cosine,none,radial,8,1.0,0.49079906940460205,0.5024198293685913,0.4975131154060364,0.49079907|0.49518159|0.4972828|0.49963704|0.49747774|0.49778286|0.50241983|0.49952385,15.0,1.0,1.0,1.0,0.0,0.08,0.5,0.05,0.05,0.5,0.0001,0.001,0.001,0.0,0.0,1e-06,15.0,5.0,40.0,0.02,0.98,0.001,0.001,0.0001,0.01,0.001,False,0.1,32.0,1e-06,none,,,False,0.5,style_rho0p5,sadg_rho0p05,9,9,19,19,new_training,3,1,67,0.07298449261320962,0.07259869989421633,0.007715479419049289,1.8999765908726356e-08,1.8999765908726356e-08,1.7079597657559338e-05,9.544808866242723e-06,7.746996642607781e-06,0.0,0.0,0.0,0.0,0.0,0.0,0.0,0.0,0.0,0.0,0.0,0.0,0.0,0.0,0.0,0.06322674122121599,0.1449993004401525,0.05,9,72|31|126,35,all_filtered,9,True,D:\Running_Place\PostGraduateProjects\Experiments\PostGraduate\backbones\GeometryPreservingRadialGate\Seg-SADG\BaryRadGate\a0p08\rho0p5\gb8\sadg0p05\shot3\Seed1,D:\Running_Place\PostGraduateProjects\Experiments\PostGraduate\backbones\Prompts\GeometryPreservingRadialGate\Seg-SADG\BaryRadGate\a0p08\rho0p5\gb8\sadg0p05\shot3\Seed1
Seg-SADG,Seg-SADG,Seg-SADG,LF-Barycenter-RadialGate,fixed,cosine,none,radial,8,1.0,0.4909522235393524,0.5020922422409058,0.4974634051322937,0.49095222|0.49509701|0.49688303|0.50005674|0.49759808|0.49777076|0.50209224|0.49925724,15.0,1.0,1.0,1.0,0.0,0.08,0.5,0.05,0.05,0.5,0.0001,0.001,0.001,0.0,0.0,1e-06,15.0,5.0,40.0,0.02,0.98,0.001,0.001,0.0001,0.01,0.001,False,0.1,32.0,1e-06,none,,,False,0.5,style_rho0p5,sadg_rho0p05,9,9,19,19,new_training,3,1,68,0.07060245672861735,0.07020987073580424,0.0078514465648267,1.7783031146399885e-08,1.7783031146399885e-08,1.6547718284224782e-05,9.031925401359331e-06,7.0963328653306235e-06,0.0,0.0,0.0,0.0,0.0,0.0,0.0,0.0,0.0,0.0,0.0,0.0,0.0,0.0,0.0,0.06154968299799495,0.13562023556894726,0.05,9,72|31|126,35,all_filtered,9,True,D:\Running_Place\PostGraduateProjects\Experiments\PostGraduate\backbones\GeometryPreservingRadialGate\Seg-SADG\BaryRadGate\a0p08\rho0p5\gb8\sadg0p05\shot3\Seed1,D:\Running_Place\PostGraduateProjects\Experiments\PostGraduate\backbones\Prompts\GeometryPreservingRadialGate\Seg-SADG\BaryRadGate\a0p08\rho0p5\gb8\sadg0p05\shot3\Seed1
Seg-SADG,Seg-SADG,Seg-SADG,LF-Barycenter-RadialGate,fixed,cosine,none,radial,8,1.0,0.49104246497154236,0.5021061897277832,0.49743056297302246,0.49104246|0.49510491|0.49646398|0.50034374|0.49759725|0.49767017|0.50210619|0.49911574,15.0,1.0,1.0,1.0,0.0,0.08,0.5,0.05,0.05,0.5,0.0001,0.001,0.001,0.0,0.0,1e-06,15.0,5.0,40.0,0.02,0.98,0.001,0.001,0.0001,0.01,0.001,False,0.1,32.0,1e-06,none,,,False,0.5,style_rho0p5,sadg_rho0p05,9,9,19,19,new_training,3,1,69,0.06803820033868153,0.06767839524481031,0.007195754494104121,1.8137877570249355e-08,1.8137877570249355e-08,1.641740446858522e-05,9.325835587029966e-06,7.1703005536013125e-06,0.0,0.0,0.0,0.0,0.0,0.0,0.0,0.0,0.0,0.0,0.0,0.0,0.0,0.0,0.0,0.059478328045871526,0.12800373964839512,0.05,9,72|31|126,35,all_filtered,9,True,D:\Running_Place\PostGraduateProjects\Experiments\PostGraduate\backbones\GeometryPreservingRadialGate\Seg-SADG\BaryRadGate\a0p08\rho0p5\gb8\sadg0p05\shot3\Seed1,D:\Running_Place\PostGraduateProjects\Experiments\PostGraduate\backbones\Prompts\GeometryPreservingRadialGate\Seg-SADG\BaryRadGate\a0p08\rho0p5\gb8\sadg0p05\shot3\Seed1
Seg-SADG,Seg-SADG,Seg-SADG,LF-Barycenter-RadialGate,fixed,cosine,none,radial,8,1.0,0.49125054478645325,0.502017080783844,0.4973394274711609,0.49125054|0.49475801|0.49627021|0.50040257|0.49754825|0.49760008|0.50201708|0.49886876,15.0,1.0,1.0,1.0,0.0,0.08,0.5,0.05,0.05,0.5,0.0001,0.001,0.001,0.0,0.0,1e-06,15.0,5.0,40.0,0.02,0.98,0.001,0.001,0.0001,0.01,0.001,False,0.1,32.0,1e-06,none,,,False,0.5,style_rho0p5,sadg_rho0p05,9,9,19,19,new_training,3,1,70,0.07002042937609884,0.06962513758076562,0.007905428246077564,1.9205650008618452e-08,1.9205650008618452e-08,1.675647723055186e-05,9.97924548250416e-06,7.55075633504829e-06,0.0,0.0,0.0,0.0,0.0,0.0,0.0,0.0,0.0,0.0,0.0,0.0,0.0,0.0,0.0,0.060026857174105115,0.15100437154372534,0.05,9,72|31|126,35,all_filtered,9,True,D:\Running_Place\PostGraduateProjects\Experiments\PostGraduate\backbones\GeometryPreservingRadialGate\Seg-SADG\BaryRadGate\a0p08\rho0p5\gb8\sadg0p05\shot3\Seed1,D:\Running_Place\PostGraduateProjects\Experiments\PostGraduate\backbones\Prompts\GeometryPreservingRadialGate\Seg-SADG\BaryRadGate\a0p08\rho0p5\gb8\sadg0p05\shot3\Seed1
Seg-SADG,Seg-SADG,Seg-SADG,LF-Barycenter-RadialGate,fixed,cosine,none,radial,8,1.0,0.49139201641082764,0.5018098950386047,0.4972882866859436,0.49139202|0.49483341|0.49599066|0.50025845|0.49766591|0.49762973|0.5018099|0.49872622,15.0,1.0,1.0,1.0,0.0,0.08,0.5,0.05,0.05,0.5,0.0001,0.001,0.001,0.0,0.0,1e-06,15.0,5.0,40.0,0.02,0.98,0.001,0.001,0.0001,0.01,0.001,False,0.1,32.0,1e-06,none,,,False,0.5,style_rho0p5,sadg_rho0p05,9,9,19,19,new_training,3,1,71,0.06831453575028314,0.06792129493421978,0.007864497860686647,1.840208420213053e-08,1.840208420213053e-08,1.6815849448903464e-05,9.612140982224244e-06,7.108357547420181e-06,0.0,0.0,0.0,0.0,0.0,0.0,0.0,0.0,0.0,0.0,0.0,0.0,0.0,0.0,0.0,0.058740482148196965,0.1475247417887052,0.05,9,72|31|126,35,all_filtered,9,True,D:\Running_Place\PostGraduateProjects\Experiments\PostGraduate\backbones\GeometryPreservingRadialGate\Seg-SADG\BaryRadGate\a0p08\rho0p5\gb8\sadg0p05\shot3\Seed1,D:\Running_Place\PostGraduateProjects\Experiments\PostGraduate\backbones\Prompts\GeometryPreservingRadialGate\Seg-SADG\BaryRadGate\a0p08\rho0p5\gb8\sadg0p05\shot3\Seed1
Seg-SADG,Seg-SADG,Seg-SADG,LF-Barycenter-RadialGate,fixed,cosine,none,radial,8,1.0,0.49136754870414734,0.5018235445022583,0.4972410202026367,0.49136755|0.49487147|0.49589598|0.50017291|0.49769545|0.49776137|0.50182354|0.49833977,15.0,1.0,1.0,1.0,0.0,0.08,0.5,0.05,0.05,0.5,0.0001,0.001,0.001,0.0,0.0,1e-06,15.0,5.0,40.0,0.02,0.98,0.001,0.001,0.0001,0.01,0.001,False,0.1,32.0,1e-06,none,,,False,0.5,style_rho0p5,sadg_rho0p05,9,9,19,19,new_training,3,1,72,0.06829466960496372,0.0679321541554398,0.0072499920303622884,1.8047536403603065e-08,1.8047536403603065e-08,1.6521596787950126e-05,9.380198813839039e-06,7.015177490959306e-06,0.0,0.0,0.0,0.0,0.0,0.0,0.0,0.0,0.0,0.0,0.0,0.0,0.0,0.0,0.0,0.05837387094895045,0.1474299861325158,0.05,9,72|31|126,35,all_filtered,9,True,D:\Running_Place\PostGraduateProjects\Experiments\PostGraduate\backbones\GeometryPreservingRadialGate\Seg-SADG\BaryRadGate\a0p08\rho0p5\gb8\sadg0p05\shot3\Seed1,D:\Running_Place\PostGraduateProjects\Experiments\PostGraduate\backbones\Prompts\GeometryPreservingRadialGate\Seg-SADG\BaryRadGate\a0p08\rho0p5\gb8\sadg0p05\shot3\Seed1
Seg-SADG,Seg-SADG,Seg-SADG,LF-Barycenter-RadialGate,fixed,cosine,none,radial,8,1.0,0.4915109872817993,0.5020337104797363,0.49726957082748413,0.49151099|0.49485338|0.49572057|0.50013727|0.49776348|0.49771246|0.50203371|0.49842486,15.0,1.0,1.0,1.0,0.0,0.08,0.5,0.05,0.05,0.5,0.0001,0.001,0.001,0.0,0.0,1e-06,15.0,5.0,40.0,0.02,0.98,0.001,0.001,0.0001,0.01,0.001,False,0.1,32.0,1e-06,none,,,False,0.5,style_rho0p5,sadg_rho0p05,9,9,19,19,new_training,3,1,73,0.06694974253575008,0.06659823324945238,0.0070298776651422186,1.809899765861347e-08,1.809899765861347e-08,1.6883070000201566e-05,9.552150206420467e-06,6.858539816473947e-06,0.0,0.0,0.0,0.0,0.0,0.0,0.0,0.0,0.0,0.0,0.0,0.0,0.0,0.0,0.0,0.05720653633276621,0.14350618504815632,0.05,9,72|31|126,35,all_filtered,9,True,D:\Running_Place\PostGraduateProjects\Experiments\PostGraduate\backbones\GeometryPreservingRadialGate\Seg-SADG\BaryRadGate\a0p08\rho0p5\gb8\sadg0p05\shot3\Seed1,D:\Running_Place\PostGraduateProjects\Experiments\PostGraduate\backbones\Prompts\GeometryPreservingRadialGate\Seg-SADG\BaryRadGate\a0p08\rho0p5\gb8\sadg0p05\shot3\Seed1
Seg-SADG,Seg-SADG,Seg-SADG,LF-Barycenter-RadialGate,fixed,cosine,none,radial,8,1.0,0.4916836619377136,0.5020080804824829,0.49725568294525146,0.49168366|0.4949277|0.4953329|0.50005454|0.49792421|0.49757063|0.50200808|0.49854371,15.0,1.0,1.0,1.0,0.0,0.08,0.5,0.05,0.05,0.5,0.0001,0.001,0.001,0.0,0.0,1e-06,15.0,5.0,40.0,0.02,0.98,0.001,0.001,0.0001,0.01,0.001,False,0.1,32.0,1e-06,none,,,False,0.5,style_rho0p5,sadg_rho0p05,9,9,19,19,new_training,3,1,74,0.06456116628315714,0.0642010627521409,0.007201617738852899,1.897618950863489e-08,1.897618950863489e-08,1.665458775177184e-05,9.922857316269074e-06,7.387872958335922e-06,0.0,0.0,0.0,0.0,0.0,0.0,0.0,0.0,0.0,0.0,0.0,0.0,0.0,0.0,0.0,0.055289376940992147,0.13520538061857224,0.05,9,72|31|126,35,all_filtered,9,True,D:\Running_Place\PostGraduateProjects\Experiments\PostGraduate\backbones\GeometryPreservingRadialGate\Seg-SADG\BaryRadGate\a0p08\rho0p5\gb8\sadg0p05\shot3\Seed1,D:\Running_Place\PostGraduateProjects\Experiments\PostGraduate\backbones\Prompts\GeometryPreservingRadialGate\Seg-SADG\BaryRadGate\a0p08\rho0p5\gb8\sadg0p05\shot3\Seed1
Seg-SADG,Seg-SADG,Seg-SADG,LF-Barycenter-RadialGate,fixed,cosine,none,radial,8,1.0,0.4918898642063141,0.5015546083450317,0.4971543550491333,0.49188986|0.49492496|0.49498373|0.50004119|0.49755535|0.49774984|0.50155461|0.49853516,15.0,1.0,1.0,1.0,0.0,0.08,0.5,0.05,0.05,0.5,0.0001,0.001,0.001,0.0,0.0,1e-06,15.0,5.0,40.0,0.02,0.98,0.001,0.001,0.0001,0.01,0.001,False,0.1,32.0,1e-06,none,,,False,0.5,style_rho0p5,sadg_rho0p05,9,9,19,19,new_training,3,1,75,0.06568418815732002,0.06532711908221245,0.007141026254329417,1.8590103876034746e-08,1.8590103876034746e-08,1.6562682705827887e-05,9.579811275115288e-06,7.354023384525337e-06,0.0,0.0,0.0,0.0,0.0,0.0,0.0,0.0,0.0,0.0,0.0,0.0,0.0,0.0,0.0,0.05530804561244117,0.15403840276930067,0.05,9,72|31|126,35,all_filtered,9,True,D:\Running_Place\PostGraduateProjects\Experiments\PostGraduate\backbones\GeometryPreservingRadialGate\Seg-SADG\BaryRadGate\a0p08\rho0p5\gb8\sadg0p05\shot3\Seed1,D:\Running_Place\PostGraduateProjects\Experiments\PostGraduate\backbones\Prompts\GeometryPreservingRadialGate\Seg-SADG\BaryRadGate\a0p08\rho0p5\gb8\sadg0p05\shot3\Seed1
Seg-SADG,Seg-SADG,Seg-SADG,LF-Barycenter-RadialGate,fixed,cosine,none,radial,8,1.0,0.49214041233062744,0.5012305378913879,0.4971516728401184,0.49214041|0.49499366|0.49495649|0.50005174|0.49739197|0.49773803|0.50123054|0.49871033,15.0,1.0,1.0,1.0,0.0,0.08,0.5,0.05,0.05,0.5,0.0001,0.001,0.001,0.0,0.0,1e-06,15.0,5.0,40.0,0.02,0.98,0.001,0.001,0.0001,0.01,0.001,False,0.1,32.0,1e-06,none,,,False,0.5,style_rho0p5,sadg_rho0p05,9,9,19,19,new_training,3,1,76,0.06206993924246894,0.06175343278381559,0.006329796846128172,1.7129359659091076e-08,1.7129359659091076e-08,1.6240870536421426e-05,8.77417308705238e-06,6.731098791432386e-06,0.0,0.0,0.0,0.0,0.0,0.0,0.0,0.0,0.0,0.0,0.0,0.0,0.0,0.0,0.0,0.05365990805957052,0.12467488729291493,0.05,9,72|31|126,35,all_filtered,9,True,D:\Running_Place\PostGraduateProjects\Experiments\PostGraduate\backbones\GeometryPreservingRadialGate\Seg-SADG\BaryRadGate\a0p08\rho0p5\gb8\sadg0p05\shot3\Seed1,D:\Running_Place\PostGraduateProjects\Experiments\PostGraduate\backbones\Prompts\GeometryPreservingRadialGate\Seg-SADG\BaryRadGate\a0p08\rho0p5\gb8\sadg0p05\shot3\Seed1
Seg-SADG,Seg-SADG,Seg-SADG,LF-Barycenter-RadialGate,fixed,cosine,none,radial,8,1.0,0.4920295476913452,0.5012064576148987,0.49706006050109863,0.49202955|0.49497834|0.49466825|0.5000084|0.4973954|0.49734047|0.50120646|0.49885392,15.0,1.0,1.0,1.0,0.0,0.08,0.5,0.05,0.05,0.5,0.0001,0.001,0.001,0.0,0.0,1e-06,15.0,5.0,40.0,0.02,0.98,0.001,0.001,0.0001,0.01,0.001,False,0.1,32.0,1e-06,none,,,False,0.5,style_rho0p5,sadg_rho0p05,9,9,19,19,new_training,3,1,77,0.061968126644690834,0.0616282212237517,0.00679777143523097,1.7259668459877908e-08,1.7259668459877908e-08,1.61842415562003e-05,8.739000299505682e-06,6.90224300746599e-06,0.0,0.0,0.0,0.0,0.0,0.0,0.0,0.0,0.0,0.0,0.0,0.0,0.0,0.0,0.0,0.05292273064454397,0.13226020418935353,0.05,9,72|31|126,35,all_filtered,9,True,D:\Running_Place\PostGraduateProjects\Experiments\PostGraduate\backbones\GeometryPreservingRadialGate\Seg-SADG\BaryRadGate\a0p08\rho0p5\gb8\sadg0p05\shot3\Seed1,D:\Running_Place\PostGraduateProjects\Experiments\PostGraduate\backbones\Prompts\GeometryPreservingRadialGate\Seg-SADG\BaryRadGate\a0p08\rho0p5\gb8\sadg0p05\shot3\Seed1
Seg-SADG,Seg-SADG,Seg-SADG,LF-Barycenter-RadialGate,fixed,cosine,none,radial,8,1.0,0.4921473264694214,0.501186192035675,0.4969913959503174,0.49214733|0.49499914|0.4940789|0.50003475|0.49726507|0.49702671|0.50118619|0.49919295,15.0,1.0,1.0,1.0,0.0,0.08,0.5,0.05,0.05,0.5,0.0001,0.001,0.001,0.0,0.0,1e-06,15.0,5.0,40.0,0.02,0.98,0.001,0.001,0.0001,0.01,0.001,False,0.1,32.0,1e-06,none,,,False,0.5,style_rho0p5,sadg_rho0p05,9,9,19,19,new_training,3,1,78,0.061342606527937785,0.06102233587039842,0.006405020598322153,1.9680859806056915e-08,1.9680859806056915e-08,1.7185553386096013e-05,9.867132474836479e-06,8.09517127385738e-06,0.0,0.0,0.0,0.0,0.0,0.0,0.0,0.0,0.0,0.0,0.0,0.0,0.0,0.0,0.0,0.05226193575395478,0.13374449064334235,0.05,9,72|31|126,35,all_filtered,9,True,D:\Running_Place\PostGraduateProjects\Experiments\PostGraduate\backbones\GeometryPreservingRadialGate\Seg-SADG\BaryRadGate\a0p08\rho0p5\gb8\sadg0p05\shot3\Seed1,D:\Running_Place\PostGraduateProjects\Experiments\PostGraduate\backbones\Prompts\GeometryPreservingRadialGate\Seg-SADG\BaryRadGate\a0p08\rho0p5\gb8\sadg0p05\shot3\Seed1
Seg-SADG,Seg-SADG,Seg-SADG,LF-Barycenter-RadialGate,fixed,cosine,none,radial,8,1.0,0.49259597063064575,0.5010841488838196,0.49697259068489075,0.49259597|0.49536723|0.49371064|0.50003541|0.49687126|0.4969326|0.50108415|0.49918345,15.0,1.0,1.0,1.0,0.0,0.08,0.5,0.05,0.05,0.5,0.0001,0.001,0.001,0.0,0.0,1e-06,15.0,5.0,40.0,0.02,0.98,0.001,0.001,0.0001,0.01,0.001,False,0.1,32.0,1e-06,none,,,False,0.5,style_rho0p5,sadg_rho0p05,9,9,19,19,new_training,3,1,79,0.060326887087689504,0.05999923083517286,0.006552681482086579,2.1643096598861828e-08,2.1643096598861828e-08,1.7339888977908737e-05,1.0957031109784213e-05,8.952075606632408e-06,0.0,0.0,0.0,0.0,0.0,0.0,0.0,0.0,0.0,0.0,0.0,0.0,0.0,0.0,0.0,0.05117151223950916,0.13260904947916666,0.05,9,72|31|126,35,all_filtered,9,True,D:\Running_Place\PostGraduateProjects\Experiments\PostGraduate\backbones\GeometryPreservingRadialGate\Seg-SADG\BaryRadGate\a0p08\rho0p5\gb8\sadg0p05\shot3\Seed1,D:\Running_Place\PostGraduateProjects\Experiments\PostGraduate\backbones\Prompts\GeometryPreservingRadialGate\Seg-SADG\BaryRadGate\a0p08\rho0p5\gb8\sadg0p05\shot3\Seed1
Seg-SADG,Seg-SADG,Seg-SADG,LF-Barycenter-RadialGate,fixed,cosine,none,radial,8,1.0,0.49286919832229614,0.5005881786346436,0.49684733152389526,0.4928692|0.49547765|0.49331498|0.49995255|0.49669945|0.49686572|0.50058818|0.49901104,15.0,1.0,1.0,1.0,0.0,0.08,0.5,0.05,0.05,0.5,0.0001,0.001,0.001,0.0,0.0,1e-06,15.0,5.0,40.0,0.02,0.98,0.001,0.001,0.0001,0.01,0.001,False,0.1,32.0,1e-06,none,,,False,0.5,style_rho0p5,sadg_rho0p05,9,9,19,19,new_training,3,1,80,0.05964513412780232,0.05931102194719844,0.006681811167962021,2.275311415821256e-08,2.275311415821256e-08,1.7110791708950677e-05,1.1746488679717812e-05,9.29554547231722e-06,0.0,0.0,0.0,0.0,0.0,0.0,0.0,0.0,0.0,0.0,0.0,0.0,0.0,0.0,0.0,0.05062471661302778,0.1304426963130633,0.05,9,72|31|126,35,all_filtered,9,True,D:\Running_Place\PostGraduateProjects\Experiments\PostGraduate\backbones\GeometryPreservingRadialGate\Seg-SADG\BaryRadGate\a0p08\rho0p5\gb8\sadg0p05\shot3\Seed1,D:\Running_Place\PostGraduateProjects\Experiments\PostGraduate\backbones\Prompts\GeometryPreservingRadialGate\Seg-SADG\BaryRadGate\a0p08\rho0p5\gb8\sadg0p05\shot3\Seed1
Seg-SADG,Seg-SADG,Seg-SADG,LF-Barycenter-RadialGate,fixed,cosine,none,radial,8,1.0,0.4929586350917816,0.500420331954956,0.4967861473560333,0.49295864|0.49542561|0.49314821|0.49967143|0.49667794|0.49694297|0.50042033|0.49904403,15.0,1.0,1.0,1.0,0.0,0.08,0.5,0.05,0.05,0.5,0.0001,0.001,0.001,0.0,0.0,1e-06,15.0,5.0,40.0,0.02,0.98,0.001,0.001,0.0001,0.01,0.001,False,0.1,32.0,1e-06,none,,,False,0.5,style_rho0p5,sadg_rho0p05,9,9,19,19,new_training,3,1,81,0.05950900208618906,0.05919316162665685,0.0063163465820252895,2.1823827485908016e-08,2.1823827485908016e-08,1.7200170987052843e-05,1.1235172981590344e-05,8.868636541592423e-06,0.0,0.0,0.0,0.0,0.0,0.0,0.0,0.0,0.0,0.0,0.0,0.0,0.0,0.0,0.0,0.049948120696677104,0.1379340042670568,0.05,9,72|31|126,35,all_filtered,9,True,D:\Running_Place\PostGraduateProjects\Experiments\PostGraduate\backbones\GeometryPreservingRadialGate\Seg-SADG\BaryRadGate\a0p08\rho0p5\gb8\sadg0p05\shot3\Seed1,D:\Running_Place\PostGraduateProjects\Experiments\PostGraduate\backbones\Prompts\GeometryPreservingRadialGate\Seg-SADG\BaryRadGate\a0p08\rho0p5\gb8\sadg0p05\shot3\Seed1
Seg-SADG,Seg-SADG,Seg-SADG,LF-Barycenter-RadialGate,fixed,cosine,none,radial,8,1.0,0.492937296628952,0.5008913278579712,0.4968641996383667,0.49307626|0.49558881|0.4929373|0.49933404|0.49653459|0.49688703|0.50089133|0.49966419,15.0,1.0,1.0,1.0,0.0,0.08,0.5,0.05,0.05,0.5,0.0001,0.001,0.001,0.0,0.0,1e-06,15.0,5.0,40.0,0.02,0.98,0.001,0.001,0.0001,0.01,0.001,False,0.1,32.0,1e-06,none,,,False,0.5,style_rho0p5,sadg_rho0p05,9,9,19,19,new_training,3,1,82,0.058148825334178075,0.05782802609933747,0.006415536264992422,2.1352391262515386e-08,2.1352391262515386e-08,1.7434400837777906e-05,1.0896645310114965e-05,8.71230460890931e-06,0.0,0.0,0.0,0.0,0.0,0.0,0.0,0.0,0.0,0.0,0.0,0.0,0.0,0.0,0.0,0.048988689151075154,0.13253502713309395,0.05,9,72|31|126,35,all_filtered,9,True,D:\Running_Place\PostGraduateProjects\Experiments\PostGraduate\backbones\GeometryPreservingRadialGate\Seg-SADG\BaryRadGate\a0p08\rho0p5\gb8\sadg0p05\shot3\Seed1,D:\Running_Place\PostGraduateProjects\Experiments\PostGraduate\backbones\Prompts\GeometryPreservingRadialGate\Seg-SADG\BaryRadGate\a0p08\rho0p5\gb8\sadg0p05\shot3\Seed1
Seg-SADG,Seg-SADG,Seg-SADG,LF-Barycenter-RadialGate,fixed,cosine,none,radial,8,1.0,0.4926357865333557,0.5012636780738831,0.49692124128341675,0.49334329|0.49560195|0.49263579|0.49968681|0.49611148|0.49697581|0.50126368|0.49975133,15.0,1.0,1.0,1.0,0.0,0.08,0.5,0.05,0.05,0.5,0.0001,0.001,0.001,0.0,0.0,1e-06,15.0,5.0,40.0,0.02,0.98,0.001,0.001,0.0001,0.01,0.001,False,0.1,32.0,1e-06,none,,,False,0.5,style_rho0p5,sadg_rho0p05,9,9,19,19,new_training,3,1,83,0.0563137030435933,0.05602046557598644,0.005864288192242384,2.4000222451389973e-08,2.4000222451389973e-08,1.769303404823101e-05,1.2511385547339967e-05,9.719532701840055e-06,0.0,0.0,0.0,0.0,0.0,0.0,0.0,0.0,0.0,0.0,0.0,0.0,0.0,0.0,0.0,0.048255344231923424,0.1205055026544465,0.05,9,72|31|126,35,all_filtered,9,True,D:\Running_Place\PostGraduateProjects\Experiments\PostGraduate\backbones\GeometryPreservingRadialGate\Seg-SADG\BaryRadGate\a0p08\rho0p5\gb8\sadg0p05\shot3\Seed1,D:\Running_Place\PostGraduateProjects\Experiments\PostGraduate\backbones\Prompts\GeometryPreservingRadialGate\Seg-SADG\BaryRadGate\a0p08\rho0p5\gb8\sadg0p05\shot3\Seed1
Seg-SADG,Seg-SADG,Seg-SADG,LF-Barycenter-RadialGate,fixed,cosine,none,radial,8,1.0,0.4924294650554657,0.5014656186103821,0.49690720438957214,0.49359792|0.49547881|0.49242947|0.4997642|0.49615431|0.49674556|0.50146562|0.49962169,15.0,1.0,1.0,1.0,0.0,0.08,0.5,0.05,0.05,0.5,0.0001,0.001,0.001,0.0,0.0,1e-06,15.0,5.0,40.0,0.02,0.98,0.001,0.001,0.0001,0.01,0.001,False,0.1,32.0,1e-06,none,,,False,0.5,style_rho0p5,sadg_rho0p05,9,9,19,19,new_training,3,1,84,0.05640618296133147,0.056097780250840716,0.0061674948988689315,2.7579149038577572e-08,2.7579149038577572e-08,1.8148384899379584e-05,1.4716941324069114e-05,1.1047368287917278e-05,0.0,0.0,0.0,0.0,0.0,0.0,0.0,0.0,0.0,0.0,0.0,0.0,0.0,0.0,0.0,0.04749402941928969,0.129939343366358,0.05,9,72|31|126,35,all_filtered,9,True,D:\Running_Place\PostGraduateProjects\Experiments\PostGraduate\backbones\GeometryPreservingRadialGate\Seg-SADG\BaryRadGate\a0p08\rho0p5\gb8\sadg0p05\shot3\Seed1,D:\Running_Place\PostGraduateProjects\Experiments\PostGraduate\backbones\Prompts\GeometryPreservingRadialGate\Seg-SADG\BaryRadGate\a0p08\rho0p5\gb8\sadg0p05\shot3\Seed1
Seg-SADG,Seg-SADG,Seg-SADG,LF-Barycenter-RadialGate,fixed,cosine,none,radial,8,1.0,0.4922182559967041,0.5012490749359131,0.49686622619628906,0.49382365|0.49517983|0.49221826|0.49968496|0.49619916|0.49679828|0.50124907|0.49977669,15.0,1.0,1.0,1.0,0.0,0.08,0.5,0.05,0.05,0.5,0.0001,0.001,0.001,0.0,0.0,1e-06,15.0,5.0,40.0,0.02,0.98,0.001,0.001,0.0001,0.01,0.001,False,0.1,32.0,1e-06,none,,,False,0.5,style_rho0p5,sadg_rho0p05,9,9,19,19,new_training,3,1,85,0.055447719577285975,0.05513123588429557,0.0063291194124354255,2.793163014460889e-08,2.793163014460889e-08,1.8449560634002813e-05,1.4787690209535262e-05,1.1298982321426996e-05,0.0,0.0,0.0,0.0,0.0,0.0,0.0,0.0,0.0,0.0,0.0,0.0,0.0,0.0,0.0,0.04664386105206278,0.12615081750684315,0.05,9,72|31|126,35,all_filtered,9,True,D:\Running_Place\PostGraduateProjects\Experiments\PostGraduate\backbones\GeometryPreservingRadialGate\Seg-SADG\BaryRadGate\a0p08\rho0p5\gb8\sadg0p05\shot3\Seed1,D:\Running_Place\PostGraduateProjects\Experiments\PostGraduate\backbones\Prompts\GeometryPreservingRadialGate\Seg-SADG\BaryRadGate\a0p08\rho0p5\gb8\sadg0p05\shot3\Seed1
Seg-SADG,Seg-SADG,Seg-SADG,LF-Barycenter-RadialGate,fixed,cosine,none,radial,8,1.0,0.4921072721481323,0.5011522173881531,0.4968758821487427,0.4938854|0.49506697|0.49210727|0.49968359|0.49625129|0.49695155|0.50115222|0.49990872,15.0,1.0,1.0,1.0,0.0,0.08,0.5,0.05,0.05,0.5,0.0001,0.001,0.001,0.0,0.0,1e-06,15.0,5.0,40.0,0.02,0.98,0.001,0.001,0.0001,0.01,0.001,False,0.1,32.0,1e-06,none,,,False,0.5,style_rho0p5,sadg_rho0p05,9,9,19,19,new_training,3,1,86,0.05463038840227657,0.05433408046762148,0.005925645844803916,2.7212543329824257e-08,2.7212543329824257e-08,1.860775895086893e-05,1.4286391079723318e-05,1.1065375878792514e-05,0.0,0.0,0.0,0.0,0.0,0.0,0.0,0.0,0.0,0.0,0.0,0.0,0.0,0.0,0.0,0.046003811061382294,0.12470508863528569,0.05,9,72|31|126,35,all_filtered,9,True,D:\Running_Place\PostGraduateProjects\Experiments\PostGraduate\backbones\GeometryPreservingRadialGate\Seg-SADG\BaryRadGate\a0p08\rho0p5\gb8\sadg0p05\shot3\Seed1,D:\Running_Place\PostGraduateProjects\Experiments\PostGraduate\backbones\Prompts\GeometryPreservingRadialGate\Seg-SADG\BaryRadGate\a0p08\rho0p5\gb8\sadg0p05\shot3\Seed1
Seg-SADG,Seg-SADG,Seg-SADG,LF-Barycenter-RadialGate,fixed,cosine,none,radial,8,1.0,0.4918099641799927,0.5011996030807495,0.49681609869003296,0.49360403|0.49521878|0.49180996|0.49967518|0.49609968|0.49701247|0.5011996|0.49990907,15.0,1.0,1.0,1.0,0.0,0.08,0.5,0.05,0.05,0.5,0.0001,0.001,0.001,0.0,0.0,1e-06,15.0,5.0,40.0,0.02,0.98,0.001,0.001,0.0001,0.01,0.001,False,0.1,32.0,1e-06,none,,,False,0.5,style_rho0p5,sadg_rho0p05,9,9,19,19,new_training,3,1,87,0.05729032266471121,0.056989779902829066,0.006010295719736152,2.791902985342808e-08,2.791902985342808e-08,1.9119731506281016e-05,1.4717175771592236e-05,1.1289879997396687e-05,0.0,0.0,0.0,0.0,0.0,0.0,0.0,0.0,0.0,0.0,0.0,0.0,0.0,0.0,0.0,0.04661023120085398,0.15319984406232834,0.05,9,72|31|126,35,all_filtered,9,True,D:\Running_Place\PostGraduateProjects\Experiments\PostGraduate\backbones\GeometryPreservingRadialGate\Seg-SADG\BaryRadGate\a0p08\rho0p5\gb8\sadg0p05\shot3\Seed1,D:\Running_Place\PostGraduateProjects\Experiments\PostGraduate\backbones\Prompts\GeometryPreservingRadialGate\Seg-SADG\BaryRadGate\a0p08\rho0p5\gb8\sadg0p05\shot3\Seed1
Seg-SADG,Seg-SADG,Seg-SADG,LF-Barycenter-RadialGate,fixed,cosine,none,radial,8,1.0,0.4916852116584778,0.5013359785079956,0.49679023027420044,0.49365219|0.49502298|0.49168521|0.49975681|0.4961043|0.49684891|0.50133598|0.49991536,15.0,1.0,1.0,1.0,0.0,0.08,0.5,0.05,0.05,0.5,0.0001,0.001,0.001,0.0,0.0,1e-06,15.0,5.0,40.0,0.02,0.98,0.001,0.001,0.0001,0.01,0.001,False,0.1,32.0,1e-06,none,,,False,0.5,style_rho0p5,sadg_rho0p05,9,9,19,19,new_training,3,1,88,0.05313715711236,0.05283344743980302,0.00607359761165248,3.0135403505937575e-08,3.0135403505937575e-08,1.98115758394124e-05,1.5953393610996296e-05,1.220085121329046e-05,0.0,0.0,0.0,0.0,0.0,0.0,0.0,0.0,0.0,0.0,0.0,0.0,0.0,0.0,0.0,0.04499434679746628,0.11861395918660694,0.05,9,72|31|126,35,all_filtered,9,True,D:\Running_Place\PostGraduateProjects\Experiments\PostGraduate\backbones\GeometryPreservingRadialGate\Seg-SADG\BaryRadGate\a0p08\rho0p5\gb8\sadg0p05\shot3\Seed1,D:\Running_Place\PostGraduateProjects\Experiments\PostGraduate\backbones\Prompts\GeometryPreservingRadialGate\Seg-SADG\BaryRadGate\a0p08\rho0p5\gb8\sadg0p05\shot3\Seed1
Seg-SADG,Seg-SADG,Seg-SADG,LF-Barycenter-RadialGate,fixed,cosine,none,radial,8,1.0,0.49155372381210327,0.5012341141700745,0.49669599533081055,0.49361339|0.49484545|0.49155372|0.49984676|0.49589598|0.49650213|0.50123411|0.50007617,15.0,1.0,1.0,1.0,0.0,0.08,0.5,0.05,0.05,0.5,0.0001,0.001,0.001,0.0,0.0,1e-06,15.0,5.0,40.0,0.02,0.98,0.001,0.001,0.0001,0.01,0.001,False,0.1,32.0,1e-06,none,,,False,0.5,style_rho0p5,sadg_rho0p05,9,9,19,19,new_training,3,1,89,0.05151314122809304,0.051246641410721674,0.005329370860838228,3.156014827254694e-08,3.156014827254694e-08,2.0518960607458008e-05,1.668492708025345e-05,1.2823323635934179e-05,0.0,0.0,0.0,0.0,0.0,0.0,0.0,0.0,0.0,0.0,0.0,0.0,0.0,0.0,0.0,0.04387642774316999,0.11640236112806532,0.05,9,72|31|126,35,all_filtered,9,True,D:\Running_Place\PostGraduateProjects\Experiments\PostGraduate\backbones\GeometryPreservingRadialGate\Seg-SADG\BaryRadGate\a0p08\rho0p5\gb8\sadg0p05\shot3\Seed1,D:\Running_Place\PostGraduateProjects\Experiments\PostGraduate\backbones\Prompts\GeometryPreservingRadialGate\Seg-SADG\BaryRadGate\a0p08\rho0p5\gb8\sadg0p05\shot3\Seed1
Seg-SADG,Seg-SADG,Seg-SADG,LF-Barycenter-RadialGate,fixed,cosine,none,radial,8,1.0,0.4918065071105957,0.5012370944023132,0.49672263860702515,0.49383667|0.49498868|0.49180651|0.49971882|0.49585059|0.49627724|0.50123709|0.50006574,15.0,1.0,1.0,1.0,0.0,0.08,0.5,0.05,0.05,0.5,0.0001,0.001,0.001,0.0,0.0,1e-06,15.0,5.0,40.0,0.02,0.98,0.001,0.001,0.0001,0.01,0.001,False,0.1,32.0,1e-06,none,,,False,0.5,style_rho0p5,sadg_rho0p05,9,9,19,19,new_training,3,1,90,0.05078179182277785,0.05052048878537284,0.005225400621485379,3.2129726040213626e-08,3.2129726040213626e-08,2.0952633349224925e-05,1.696943379809252e-05,1.306502781517338e-05,0.0,0.0,0.0,0.0,0.0,0.0,0.0,0.0,0.0,0.0,0.0,0.0,0.0,0.0,0.0,0.0430424962606695,0.11436079525285298,0.05,9,72|31|126,35,all_filtered,9,True,D:\Running_Place\PostGraduateProjects\Experiments\PostGraduate\backbones\GeometryPreservingRadialGate\Seg-SADG\BaryRadGate\a0p08\rho0p5\gb8\sadg0p05\shot3\Seed1,D:\Running_Place\PostGraduateProjects\Experiments\PostGraduate\backbones\Prompts\GeometryPreservingRadialGate\Seg-SADG\BaryRadGate\a0p08\rho0p5\gb8\sadg0p05\shot3\Seed1
Seg-SADG,Seg-SADG,Seg-SADG,LF-Barycenter-RadialGate,fixed,cosine,none,radial,8,1.0,0.49176302552223206,0.501086413860321,0.49673426151275635,0.49410927|0.49514243|0.49176303|0.49947509|0.4961046|0.49607122|0.50108641|0.50012189,15.0,1.0,1.0,1.0,0.0,0.08,0.5,0.05,0.05,0.5,0.0001,0.001,0.001,0.0,0.0,1e-06,15.0,5.0,40.0,0.02,0.98,0.001,0.001,0.0001,0.01,0.001,False,0.1,32.0,1e-06,none,,,False,0.5,style_rho0p5,sadg_rho0p05,9,9,19,19,new_training,3,1,91,0.051395622392495476,0.051121277941597834,0.005486293980437849,2.9969373945467247e-08,2.9969373945467247e-08,1.9932914963444797e-05,1.5749082093760888e-05,1.2226998983856498e-05,0.0,0.0,0.0,0.0,0.0,0.0,0.0,0.0,0.0,0.0,0.0,0.0,0.0,0.0,0.0,0.042586691263649196,0.12756610413392386,0.05,9,72|31|126,35,all_filtered,9,True,D:\Running_Place\PostGraduateProjects\Experiments\PostGraduate\backbones\GeometryPreservingRadialGate\Seg-SADG\BaryRadGate\a0p08\rho0p5\gb8\sadg0p05\shot3\Seed1,D:\Running_Place\PostGraduateProjects\Experiments\PostGraduate\backbones\Prompts\GeometryPreservingRadialGate\Seg-SADG\BaryRadGate\a0p08\rho0p5\gb8\sadg0p05\shot3\Seed1
Seg-SADG,Seg-SADG,Seg-SADG,LF-Barycenter-RadialGate,fixed,cosine,none,radial,8,1.0,0.49147048592567444,0.5011324882507324,0.4966928958892822,0.49434894|0.49513727|0.49147049|0.49941382|0.49587992|0.49591145|0.50113249|0.50024891,15.0,1.0,1.0,1.0,0.0,0.08,0.5,0.05,0.05,0.5,0.0001,0.001,0.001,0.0,0.0,1e-06,15.0,5.0,40.0,0.02,0.98,0.001,0.001,0.0001,0.01,0.001,False,0.1,32.0,1e-06,none,,,False,0.5,style_rho0p5,sadg_rho0p05,9,9,19,19,new_training,3,1,92,0.051214245044522815,0.0509404122001595,0.005476051010191441,3.074523391433104e-08,3.074523391433104e-08,2.0007914928202e-05,1.6166687095796482e-05,1.2577754104212443e-05,0.0,0.0,0.0,0.0,0.0,0.0,0.0,0.0,0.0,0.0,0.0,0.0,0.0,0.0,0.0,0.04248159709903929,0.12639841685692468,0.05,9,72|31|126,35,all_filtered,9,True,D:\Running_Place\PostGraduateProjects\Experiments\PostGraduate\backbones\GeometryPreservingRadialGate\Seg-SADG\BaryRadGate\a0p08\rho0p5\gb8\sadg0p05\shot3\Seed1,D:\Running_Place\PostGraduateProjects\Experiments\PostGraduate\backbones\Prompts\GeometryPreservingRadialGate\Seg-SADG\BaryRadGate\a0p08\rho0p5\gb8\sadg0p05\shot3\Seed1
Seg-SADG,Seg-SADG,Seg-SADG,LF-Barycenter-RadialGate,fixed,cosine,none,radial,8,1.0,0.49094533920288086,0.5009637475013733,0.49661821126937866,0.49442941|0.49507275|0.49094534|0.4993785|0.49596259|0.49605742|0.50096375|0.50013602,15.0,1.0,1.0,1.0,0.0,0.08,0.5,0.05,0.05,0.5,0.0001,0.001,0.001,0.0,0.0,1e-06,15.0,5.0,40.0,0.02,0.98,0.001,0.001,0.0001,0.01,0.001,False,0.1,32.0,1e-06,none,,,False,0.5,style_rho0p5,sadg_rho0p05,9,9,19,19,new_training,3,1,93,0.0500977018641101,0.049835616101821266,0.005241036544450455,3.2618220618335016e-08,3.2618220618335016e-08,2.090020724507566e-05,1.7209276848006994e-05,1.3318921244515675e-05,0.0,0.0,0.0,0.0,0.0,0.0,0.0,0.0,0.0,0.0,0.0,0.0,0.0,0.0,0.0,0.0417694714334276,0.1176945095260938,0.05,9,72|31|126,35,all_filtered,9,True,D:\Running_Place\PostGraduateProjects\Experiments\PostGraduate\backbones\GeometryPreservingRadialGate\Seg-SADG\BaryRadGate\a0p08\rho0p5\gb8\sadg0p05\shot3\Seed1,D:\Running_Place\PostGraduateProjects\Experiments\PostGraduate\backbones\Prompts\GeometryPreservingRadialGate\Seg-SADG\BaryRadGate\a0p08\rho0p5\gb8\sadg0p05\shot3\Seed1
Seg-SADG,Seg-SADG,Seg-SADG,LF-Barycenter-RadialGate,fixed,cosine,none,radial,8,1.0,0.49037253856658936,0.5008026361465454,0.4964834153652191,0.49473208|0.49502105|0.49037254|0.49896467|0.49579293|0.49621126|0.50080264|0.4999702,15.0,1.0,1.0,1.0,0.0,0.08,0.5,0.05,0.05,0.5,0.0001,0.001,0.001,0.0,0.0,1e-06,15.0,5.0,40.0,0.02,0.98,0.001,0.001,0.0001,0.01,0.001,False,0.1,32.0,1e-06,none,,,False,0.5,style_rho0p5,sadg_rho0p05,9,9,19,19,new_training,3,1,94,0.0513592085076703,0.05108115904861026,0.005560314489735497,3.3752521962545266e-08,3.3752521962545266e-08,2.1714912185820544e-05,1.8012535696875097e-05,1.356849326030998e-05,0.0,0.0,0.0,0.0,0.0,0.0,0.0,0.0,0.0,0.0,0.0,0.0,0.0,0.0,0.0,0.04220722450150384,0.1340183201763365,0.05,9,72|31|126,35,all_filtered,9,True,D:\Running_Place\PostGraduateProjects\Experiments\PostGraduate\backbones\GeometryPreservingRadialGate\Seg-SADG\BaryRadGate\a0p08\rho0p5\gb8\sadg0p05\shot3\Seed1,D:\Running_Place\PostGraduateProjects\Experiments\PostGraduate\backbones\Prompts\GeometryPreservingRadialGate\Seg-SADG\BaryRadGate\a0p08\rho0p5\gb8\sadg0p05\shot3\Seed1
Seg-SADG,Seg-SADG,Seg-SADG,LF-Barycenter-RadialGate,fixed,cosine,none,radial,8,1.0,0.4903736412525177,0.5010035037994385,0.4963609278202057,0.49466091|0.49477738|0.49037364|0.49822286|0.49554461|0.49649972|0.5010035|0.49980488,15.0,1.0,1.0,1.0,0.0,0.08,0.5,0.05,0.05,0.5,0.0001,0.001,0.001,0.0,0.0,1e-06,15.0,5.0,40.0,0.02,0.98,0.001,0.001,0.0001,0.01,0.001,False,0.1,32.0,1e-06,none,,,False,0.5,style_rho0p5,sadg_rho0p05,9,9,19,19,new_training,3,1,95,0.05496829334232542,0.054670231623782053,0.005960560196803676,3.42559691230488e-08,3.42559691230488e-08,2.286358964435446e-05,1.8370011376747345e-05,1.3599598383330482e-05,0.0,0.0,0.0,0.0,0.0,0.0,0.0,0.0,0.0,0.0,0.0,0.0,0.0,0.0,0.0,0.043984598169724144,0.17881865137153202,0.05,9,72|31|126,35,all_filtered,9,True,D:\Running_Place\PostGraduateProjects\Experiments\PostGraduate\backbones\GeometryPreservingRadialGate\Seg-SADG\BaryRadGate\a0p08\rho0p5\gb8\sadg0p05\shot3\Seed1,D:\Running_Place\PostGraduateProjects\Experiments\PostGraduate\backbones\Prompts\GeometryPreservingRadialGate\Seg-SADG\BaryRadGate\a0p08\rho0p5\gb8\sadg0p05\shot3\Seed1
Seg-SADG,Seg-SADG,Seg-SADG,LF-Barycenter-RadialGate,fixed,cosine,none,radial,8,1.0,0.4917566478252411,0.5016844868659973,0.4965273141860962,0.49414676|0.49339622|0.49175665|0.49730888|0.49662876|0.49717399|0.50168449|0.50012261,15.0,1.0,1.0,1.0,0.0,0.08,0.5,0.05,0.05,0.5,0.0001,0.001,0.001,0.0,0.0,1e-06,15.0,5.0,40.0,0.02,0.98,0.001,0.001,0.0001,0.01,0.001,False,0.1,32.0,1e-06,none,,,False,0.5,style_rho0p5,sadg_rho0p05,9,9,19,19,new_training,3,1,96,0.06362328264448378,0.0632565025654104,0.007335158220181863,2.217874299030124e-08,2.217874299030124e-08,2.1880719941691495e-05,1.1025981823169988e-05,8.964688428629112e-06,0.0,0.0,0.0,0.0,0.0,0.0,0.0,0.0,0.0,0.0,0.0,0.0,0.0,0.0,0.0,0.04863180716832479,0.23064736359649235,0.05,9,72|31|126,35,all_filtered,9,True,D:\Running_Place\PostGraduateProjects\Experiments\PostGraduate\backbones\GeometryPreservingRadialGate\Seg-SADG\BaryRadGate\a0p08\rho0p5\gb8\sadg0p05\shot3\Seed1,D:\Running_Place\PostGraduateProjects\Experiments\PostGraduate\backbones\Prompts\GeometryPreservingRadialGate\Seg-SADG\BaryRadGate\a0p08\rho0p5\gb8\sadg0p05\shot3\Seed1
Seg-SADG,Seg-SADG,Seg-SADG,LF-Barycenter-RadialGate,fixed,cosine,none,radial,8,1.0,0.49221131205558777,0.5024409294128418,0.496643602848053,0.49399406|0.49325848|0.49221131|0.49692678|0.49655128|0.49728695|0.50244093|0.5004791,15.0,1.0,1.0,1.0,0.0,0.08,0.5,0.05,0.05,0.5,0.0001,0.001,0.001,0.0,0.0,1e-06,15.0,5.0,40.0,0.02,0.98,0.001,0.001,0.0001,0.01,0.001,False,0.1,32.0,1e-06,none,,,False,0.5,style_rho0p5,sadg_rho0p05,9,9,19,19,new_training,3,1,97,0.05845279950234625,0.058105706754657954,0.006941500119864941,1.7091176868828168e-08,1.7091176868828168e-08,2.2280296131308813e-05,7.799795235364905e-06,7.063351202102947e-06,0.0,0.0,0.0,0.0,0.0,0.0,0.0,0.0,0.0,0.0,0.0,0.0,0.0,0.0,0.0,0.048171646893024445,0.1569771377576722,0.05,9,72|31|126,35,all_filtered,9,True,D:\Running_Place\PostGraduateProjects\Experiments\PostGraduate\backbones\GeometryPreservingRadialGate\Seg-SADG\BaryRadGate\a0p08\rho0p5\gb8\sadg0p05\shot3\Seed1,D:\Running_Place\PostGraduateProjects\Experiments\PostGraduate\backbones\Prompts\GeometryPreservingRadialGate\Seg-SADG\BaryRadGate\a0p08\rho0p5\gb8\sadg0p05\shot3\Seed1
Seg-SADG,Seg-SADG,Seg-SADG,LF-Barycenter-RadialGate,fixed,cosine,none,radial,8,1.0,0.492390513420105,0.5028245449066162,0.49672731757164,0.49365714|0.49342024|0.49239051|0.49710304|0.49714807|0.49710199|0.50282454|0.50017303,15.0,1.0,1.0,1.0,0.0,0.08,0.5,0.05,0.05,0.5,0.0001,0.001,0.001,0.0,0.0,1e-06,15.0,5.0,40.0,0.02,0.98,0.001,0.001,0.0001,0.01,0.001,False,0.1,32.0,1e-06,none,,,False,0.5,style_rho0p5,sadg_rho0p05,9,9,19,19,new_training,3,1,98,0.05404059920046064,0.05371677875518799,0.0064760432578623295,1.7648170727271563e-08,1.7648170727271563e-08,2.168561918046584e-05,8.219042279557067e-06,7.2605658816529385e-06,0.0,0.0,0.0,0.0,0.0,0.0,0.0,0.0,0.0,0.0,0.0,0.0,0.0,0.0,0.0,0.04537723254826334,0.12899523228406906,0.05,9,72|31|126,35,all_filtered,9,True,D:\Running_Place\PostGraduateProjects\Experiments\PostGraduate\backbones\GeometryPreservingRadialGate\Seg-SADG\BaryRadGate\a0p08\rho0p5\gb8\sadg0p05\shot3\Seed1,D:\Running_Place\PostGraduateProjects\Experiments\PostGraduate\backbones\Prompts\GeometryPreservingRadialGate\Seg-SADG\BaryRadGate\a0p08\rho0p5\gb8\sadg0p05\shot3\Seed1
Seg-SADG,Seg-SADG,Seg-SADG,LF-Barycenter-RadialGate,fixed,cosine,none,radial,8,1.0,0.49206429719924927,0.5023567080497742,0.49663040041923523,0.49361095|0.49343017|0.4920643|0.49738801|0.49758473|0.49684584|0.50235671|0.49976254,15.0,1.0,1.0,1.0,0.0,0.08,0.5,0.05,0.05,0.5,0.0001,0.001,0.001,0.0,0.0,1e-06,15.0,5.0,40.0,0.02,0.98,0.001,0.001,0.0001,0.01,0.001,False,0.1,32.0,1e-06,none,,,False,0.5,style_rho0p5,sadg_rho0p05,9,9,19,19,new_training,3,1,99,0.0506692917810546,0.050361406058073044,0.006157337273988459,1.9716660304425204e-08,1.9716660304425204e-08,2.186753024741645e-05,9.369560454312401e-06,8.160345613658945e-06,0.0,0.0,0.0,0.0,0.0,0.0,0.0,0.0,0.0,0.0,0.0,0.0,0.0,0.0,0.0,0.042737719085481435,0.1181122577852673,0.05,9,72|31|126,35,all_filtered,9,True,D:\Running_Place\PostGraduateProjects\Experiments\PostGraduate\backbones\GeometryPreservingRadialGate\Seg-SADG\BaryRadGate\a0p08\rho0p5\gb8\sadg0p05\shot3\Seed1,D:\Running_Place\PostGraduateProjects\Experiments\PostGraduate\backbones\Prompts\GeometryPreservingRadialGate\Seg-SADG\BaryRadGate\a0p08\rho0p5\gb8\sadg0p05\shot3\Seed1
Seg-SADG,Seg-SADG,Seg-SADG,LF-Barycenter-RadialGate,fixed,cosine,none,radial,8,1.0,0.4919481873512268,0.5022512674331665,0.49665161967277527,0.49376297|0.49344677|0.49194819|0.49745208|0.49800196|0.49665523|0.50225127|0.49969459,15.0,1.0,1.0,1.0,0.0,0.08,0.5,0.05,0.05,0.5,0.0001,0.001,0.001,0.0,0.0,1e-06,15.0,5.0,40.0,0.02,0.98,0.001,0.001,0.0001,0.01,0.001,False,0.1,32.0,1e-06,none,,,False,0.5,style_rho0p5,sadg_rho0p05,9,9,19,19,new_training,3,1,100,0.05019786126083798,0.04991363982359568,0.005684010581009918,2.07476114313623e-08,2.07476114313623e-08,2.1731018932769075e-05,9.981355105992407e-06,8.593153122799575e-06,0.0,0.0,0.0,0.0,0.0,0.0,0.0,0.0,0.0,0.0,0.0,0.0,0.0,0.0,0.0,0.04145874869492319,0.12804495874378416,0.05,9,72|31|126,35,all_filtered,9,True,D:\Running_Place\PostGraduateProjects\Experiments\PostGraduate\backbones\GeometryPreservingRadialGate\Seg-SADG\BaryRadGate\a0p08\rho0p5\gb8\sadg0p05\shot3\Seed1,D:\Running_Place\PostGraduateProjects\Experiments\PostGraduate\backbones\Prompts\GeometryPreservingRadialGate\Seg-SADG\BaryRadGate\a0p08\rho0p5\gb8\sadg0p05\shot3\Seed1
Seg-SADG,Seg-SADG,Seg-SADG,LF-Barycenter-RadialGate,fixed,cosine,none,radial,8,1.0,0.49189233779907227,0.5019866228103638,0.4966208338737488,0.49369171|0.4935092|0.49189234|0.49740735|0.49807695|0.49659643|0.50198662|0.49980614,15.0,1.0,1.0,1.0,0.0,0.08,0.5,0.05,0.05,0.5,0.0001,0.001,0.001,0.0,0.0,1e-06,15.0,5.0,40.0,0.02,0.98,0.001,0.001,0.0001,0.01,0.001,False,0.1,32.0,1e-06,none,,,False,0.5,style_rho0p5,sadg_rho0p05,9,9,19,19,new_training,3,1,101,0.04907793179154396,0.04882255776060952,0.005107023002993729,2.133747854947564e-08,2.133747854947564e-08,2.181293307835909e-05,1.0317780530992119e-05,8.838403522935954e-06,0.0,0.0,0.0,0.0,0.0,0.0,0.0,0.0,0.0,0.0,0.0,0.0,0.0,0.0,0.0,0.04078825439016024,0.1243286861313714,0.05,9,72|31|126,35,all_filtered,9,True,D:\Running_Place\PostGraduateProjects\Experiments\PostGraduate\backbones\GeometryPreservingRadialGate\Seg-SADG\BaryRadGate\a0p08\rho0p5\gb8\sadg0p05\shot3\Seed1,D:\Running_Place\PostGraduateProjects\Experiments\PostGraduate\backbones\Prompts\GeometryPreservingRadialGate\Seg-SADG\BaryRadGate\a0p08\rho0p5\gb8\sadg0p05\shot3\Seed1
Seg-SADG,Seg-SADG,Seg-SADG,LF-Barycenter-RadialGate,fixed,cosine,none,radial,8,1.0,0.49200692772865295,0.5017423629760742,0.49658632278442383,0.49363616|0.49376947|0.49200693|0.49727315|0.49789384|0.49661216|0.50174236|0.49975634,15.0,1.0,1.0,1.0,0.0,0.08,0.5,0.05,0.05,0.5,0.0001,0.001,0.001,0.0,0.0,1e-06,15.0,5.0,40.0,0.02,0.98,0.001,0.001,0.0001,0.01,0.001,False,0.1,32.0,1e-06,none,,,False,0.5,style_rho0p5,sadg_rho0p05,9,9,19,19,new_training,3,1,102,0.045206420951419406,0.04496231178442637,0.004881796013149951,1.968475733033554e-08,1.968475733033554e-08,2.1417647278414937e-05,9.419438255362264e-06,8.123553723433159e-06,0.0,0.0,0.0,0.0,0.0,0.0,0.0,0.0,0.0,0.0,0.0,0.0,0.0,0.0,0.0,0.03846840270691448,0.10167959498034583,0.05,9,72|31|126,35,all_filtered,9,True,D:\Running_Place\PostGraduateProjects\Experiments\PostGraduate\backbones\GeometryPreservingRadialGate\Seg-SADG\BaryRadGate\a0p08\rho0p5\gb8\sadg0p05\shot3\Seed1,D:\Running_Place\PostGraduateProjects\Experiments\PostGraduate\backbones\Prompts\GeometryPreservingRadialGate\Seg-SADG\BaryRadGate\a0p08\rho0p5\gb8\sadg0p05\shot3\Seed1
Seg-SADG,Seg-SADG,Seg-SADG,LF-Barycenter-RadialGate,fixed,cosine,none,radial,8,1.0,0.49204665422439575,0.5017915964126587,0.49659764766693115,0.49361235|0.4937911|0.49204665|0.49741018|0.49765837|0.49668911|0.5017916|0.49978182,15.0,1.0,1.0,1.0,0.0,0.08,0.5,0.05,0.05,0.5,0.0001,0.001,0.001,0.0,0.0,1e-06,15.0,5.0,40.0,0.02,0.98,0.001,0.001,0.0001,0.01,0.001,False,0.1,32.0,1e-06,none,,,False,0.5,style_rho0p5,sadg_rho0p05,9,9,19,19,new_training,3,1,103,0.04767904720372624,0.04742554451028506,0.005069689462996191,1.8662717198796802e-08,1.8662717198796802e-08,2.110534175396121e-05,8.8555776124445e-06,7.696604774941483e-06,0.0,0.0,0.0,0.0,0.0,0.0,0.0,0.0,0.0,0.0,0.0,0.0,0.0,0.0,0.0,0.038776065740320415,0.13054950618081623,0.05,9,72|31|126,35,all_filtered,9,True,D:\Running_Place\PostGraduateProjects\Experiments\PostGraduate\backbones\GeometryPreservingRadialGate\Seg-SADG\BaryRadGate\a0p08\rho0p5\gb8\sadg0p05\shot3\Seed1,D:\Running_Place\PostGraduateProjects\Experiments\PostGraduate\backbones\Prompts\GeometryPreservingRadialGate\Seg-SADG\BaryRadGate\a0p08\rho0p5\gb8\sadg0p05\shot3\Seed1
Seg-SADG,Seg-SADG,Seg-SADG,LF-Barycenter-RadialGate,fixed,cosine,none,radial,8,1.0,0.4918147027492523,0.5015913844108582,0.49659666419029236,0.49378812|0.4940078|0.4918147|0.49752638|0.49771932|0.49676156|0.50159138|0.49956396,15.0,1.0,1.0,1.0,0.0,0.08,0.5,0.05,0.05,0.5,0.0001,0.001,0.001,0.0,0.0,1e-06,15.0,5.0,40.0,0.02,0.98,0.001,0.001,0.0001,0.01,0.001,False,0.1,32.0,1e-06,none,,,False,0.5,style_rho0p5,sadg_rho0p05,9,9,19,19,new_training,3,1,104,0.0484947661558787,0.04824443616800838,0.005006216233596206,1.918430530483622e-08,1.918430530483622e-08,2.0891155145363882e-05,9.172915674248037e-06,7.922272844653991e-06,0.0,0.0,0.0,0.0,0.0,0.0,0.0,0.0,0.0,0.0,0.0,0.0,0.0,0.0,0.0,0.03914073192410999,0.13496778491470549,0.05,9,72|31|126,35,all_filtered,9,True,D:\Running_Place\PostGraduateProjects\Experiments\PostGraduate\backbones\GeometryPreservingRadialGate\Seg-SADG\BaryRadGate\a0p08\rho0p5\gb8\sadg0p05\shot3\Seed1,D:\Running_Place\PostGraduateProjects\Experiments\PostGraduate\backbones\Prompts\GeometryPreservingRadialGate\Seg-SADG\BaryRadGate\a0p08\rho0p5\gb8\sadg0p05\shot3\Seed1
Seg-SADG,Seg-SADG,Seg-SADG,LF-Barycenter-RadialGate,fixed,cosine,none,radial,8,1.0,0.4917450547218323,0.5012478828430176,0.49660444259643555,0.49394408|0.49417612|0.49174505|0.49741521|0.4978978|0.49659353|0.50124788|0.49981594,15.0,1.0,1.0,1.0,0.0,0.08,0.5,0.05,0.05,0.5,0.0001,0.001,0.001,0.0,0.0,1e-06,15.0,5.0,40.0,0.02,0.98,0.001,0.001,0.0001,0.01,0.001,False,0.1,32.0,1e-06,none,,,False,0.5,style_rho0p5,sadg_rho0p05,9,9,19,19,new_training,3,1,105,0.04561149701476097,0.04538173062933816,0.004594950781514247,1.9147119050760214e-08,1.9147119050760214e-08,2.052769438402417e-05,9.237015446059457e-06,7.857333508177868e-06,0.0,0.0,0.0,0.0,0.0,0.0,0.0,0.0,0.0,0.0,0.0,0.0,0.0,0.0,0.0,0.03753723369704352,0.11625927769475514,0.05,9,72|31|126,35,all_filtered,9,True,D:\Running_Place\PostGraduateProjects\Experiments\PostGraduate\backbones\GeometryPreservingRadialGate\Seg-SADG\BaryRadGate\a0p08\rho0p5\gb8\sadg0p05\shot3\Seed1,D:\Running_Place\PostGraduateProjects\Experiments\PostGraduate\backbones\Prompts\GeometryPreservingRadialGate\Seg-SADG\BaryRadGate\a0p08\rho0p5\gb8\sadg0p05\shot3\Seed1
Seg-SADG,Seg-SADG,Seg-SADG,LF-Barycenter-RadialGate,fixed,cosine,none,radial,8,1.0,0.4916181266307831,0.5011612772941589,0.49657636880874634,0.49416104|0.4941569|0.49161813|0.49738926|0.49784425|0.49662086|0.50116128|0.49965936,15.0,1.0,1.0,1.0,0.0,0.08,0.5,0.05,0.05,0.5,0.0001,0.001,0.001,0.0,0.0,1e-06,15.0,5.0,40.0,0.02,0.98,0.001,0.001,0.0001,0.01,0.001,False,0.1,32.0,1e-06,none,,,False,0.5,style_rho0p5,sadg_rho0p05,9,9,19,19,new_training,3,1,106,0.04299725964665413,0.04277897046671973,0.004365395030213727,1.8787847722023798e-08,1.8787847722023798e-08,2.0402121258990115e-05,9.065465443806412e-06,7.682169881364745e-06,0.0,0.0,0.0,0.0,0.0,0.0,0.0,0.0,0.0,0.0,0.0,0.0,0.0,0.0,0.0,0.0360822512043847,0.1002064264482922,0.05,9,72|31|126,35,all_filtered,9,True,D:\Running_Place\PostGraduateProjects\Experiments\PostGraduate\backbones\GeometryPreservingRadialGate\Seg-SADG\BaryRadGate\a0p08\rho0p5\gb8\sadg0p05\shot3\Seed1,D:\Running_Place\PostGraduateProjects\Experiments\PostGraduate\backbones\Prompts\GeometryPreservingRadialGate\Seg-SADG\BaryRadGate\a0p08\rho0p5\gb8\sadg0p05\shot3\Seed1
Seg-SADG,Seg-SADG,Seg-SADG,LF-Barycenter-RadialGate,fixed,cosine,none,radial,8,1.0,0.4915153682231903,0.5013124346733093,0.4965595602989197,0.4943243|0.49416786|0.49151537|0.49708384|0.49783391|0.496775|0.50131243|0.49946377,15.0,1.0,1.0,1.0,0.0,0.08,0.5,0.05,0.05,0.5,0.0001,0.001,0.001,0.0,0.0,1e-06,15.0,5.0,40.0,0.02,0.98,0.001,0.001,0.0001,0.01,0.001,False,0.1,32.0,1e-06,none,,,False,0.5,style_rho0p5,sadg_rho0p05,9,9,19,19,new_training,3,1,107,0.04278966370556089,0.0425730554593934,0.004331797723554903,1.888438896615854e-08,1.888438896615854e-08,2.039011754580618e-05,9.203742896109665e-06,7.641633651979242e-06,0.0,0.0,0.0,0.0,0.0,0.0,0.0,0.0,0.0,0.0,0.0,0.0,0.0,0.0,0.0,0.03550314613514476,0.10326575736204784,0.05,9,72|31|126,35,all_filtered,9,True,D:\Running_Place\PostGraduateProjects\Experiments\PostGraduate\backbones\GeometryPreservingRadialGate\Seg-SADG\BaryRadGate\a0p08\rho0p5\gb8\sadg0p05\shot3\Seed1,D:\Running_Place\PostGraduateProjects\Experiments\PostGraduate\backbones\Prompts\GeometryPreservingRadialGate\Seg-SADG\BaryRadGate\a0p08\rho0p5\gb8\sadg0p05\shot3\Seed1
Seg-SADG,Seg-SADG,Seg-SADG,LF-Barycenter-RadialGate,fixed,cosine,none,radial,8,1.0,0.4915947914123535,0.5014638900756836,0.49656909704208374,0.49432406|0.49415371|0.49159479|0.4969227|0.49781063|0.49663463|0.50146389|0.49964845,15.0,1.0,1.0,1.0,0.0,0.08,0.5,0.05,0.05,0.5,0.0001,0.001,0.001,0.0,0.0,1e-06,15.0,5.0,40.0,0.02,0.98,0.001,0.001,0.0001,0.01,0.001,False,0.1,32.0,1e-06,none,,,False,0.5,style_rho0p5,sadg_rho0p05,9,9,19,19,new_training,3,1,108,0.04359883028599951,0.043353401538398534,0.004908191635169917,1.8695598550759012e-08,1.8695598550759012e-08,2.057791668145607e-05,9.164555801059274e-06,7.4732509144976375e-06,0.0,0.0,0.0,0.0,0.0,0.0,0.0,0.0,0.0,0.0,0.0,0.0,0.0,0.0,0.0,0.035430292702383466,0.1154956685172187,0.05,9,72|31|126,35,all_filtered,9,True,D:\Running_Place\PostGraduateProjects\Experiments\PostGraduate\backbones\GeometryPreservingRadialGate\Seg-SADG\BaryRadGate\a0p08\rho0p5\gb8\sadg0p05\shot3\Seed1,D:\Running_Place\PostGraduateProjects\Experiments\PostGraduate\backbones\Prompts\GeometryPreservingRadialGate\Seg-SADG\BaryRadGate\a0p08\rho0p5\gb8\sadg0p05\shot3\Seed1
Seg-SADG,Seg-SADG,Seg-SADG,LF-Barycenter-RadialGate,fixed,cosine,none,radial,8,1.0,0.4916766881942749,0.5015868544578552,0.49655699729919434,0.49437964|0.49424863|0.49167669|0.49689788|0.49751827|0.49648979|0.50158685|0.49965805,15.0,1.0,1.0,1.0,0.0,0.08,0.5,0.05,0.05,0.5,0.0001,0.001,0.001,0.0,0.0,1e-06,15.0,5.0,40.0,0.02,0.98,0.001,0.001,0.0001,0.01,0.001,False,0.1,32.0,1e-06,none,,,False,0.5,style_rho0p5,sadg_rho0p05,9,9,19,19,new_training,3,1,109,0.040932635880178876,0.040727921244170934,0.004093917966302898,1.8864596798253942e-08,1.8864596798253942e-08,2.0725919764825245e-05,9.201896823975e-06,7.590107240199965e-06,0.0,0.0,0.0,0.0,0.0,0.0,0.0,0.0,0.0,0.0,0.0,0.0,0.0,0.0,0.0,0.03400512288014094,0.09886734104818767,0.05,9,72|31|126,35,all_filtered,9,True,D:\Running_Place\PostGraduateProjects\Experiments\PostGraduate\backbones\GeometryPreservingRadialGate\Seg-SADG\BaryRadGate\a0p08\rho0p5\gb8\sadg0p05\shot3\Seed1,D:\Running_Place\PostGraduateProjects\Experiments\PostGraduate\backbones\Prompts\GeometryPreservingRadialGate\Seg-SADG\BaryRadGate\a0p08\rho0p5\gb8\sadg0p05\shot3\Seed1
Seg-SADG,Seg-SADG,Seg-SADG,LF-Barycenter-RadialGate,fixed,cosine,none,radial,8,1.0,0.4915294647216797,0.5014370083808899,0.49651724100112915,0.49434164|0.49441007|0.49152946|0.49693236|0.49754739|0.49630162|0.50143701|0.49963835,15.0,1.0,1.0,1.0,0.0,0.08,0.5,0.05,0.05,0.5,0.0001,0.001,0.001,0.0,0.0,1e-06,15.0,5.0,40.0,0.02,0.98,0.001,0.001,0.0001,0.01,0.001,False,0.1,32.0,1e-06,none,,,False,0.5,style_rho0p5,sadg_rho0p05,9,9,19,19,new_training,3,1,110,0.03983184529675378,0.03960833284589979,0.00446988510278364,1.943742470681779e-08,1.943742470681779e-08,2.0695245742293384e-05,9.549972370829588e-06,7.817926719629517e-06,0.0,0.0,0.0,0.0,0.0,0.0,0.0,0.0,0.0,0.0,0.0,0.0,0.0,0.0,0.0,0.033273098369439445,0.09517038696342045,0.05,9,72|31|126,35,all_filtered,9,True,D:\Running_Place\PostGraduateProjects\Experiments\PostGraduate\backbones\GeometryPreservingRadialGate\Seg-SADG\BaryRadGate\a0p08\rho0p5\gb8\sadg0p05\shot3\Seed1,D:\Running_Place\PostGraduateProjects\Experiments\PostGraduate\backbones\Prompts\GeometryPreservingRadialGate\Seg-SADG\BaryRadGate\a0p08\rho0p5\gb8\sadg0p05\shot3\Seed1
Seg-SADG,Seg-SADG,Seg-SADG,LF-Barycenter-RadialGate,fixed,cosine,none,radial,8,1.0,0.49130532145500183,0.5014059543609619,0.4965583384037018,0.49445039|0.49455428|0.49130532|0.49699926|0.49745727|0.4966858|0.50140595|0.49960846,15.0,1.0,1.0,1.0,0.0,0.08,0.5,0.05,0.05,0.5,0.0001,0.001,0.001,0.0,0.0,1e-06,15.0,5.0,40.0,0.02,0.98,0.001,0.001,0.0001,0.01,0.001,False,0.1,32.0,1e-06,none,,,False,0.5,style_rho0p5,sadg_rho0p05,9,9,19,19,new_training,3,1,111,0.03824681291977564,0.038050878793001175,0.003918305220496323,1.9800681193436908e-08,1.9800681193436908e-08,2.0617070832587262e-05,9.835354426791633e-06,7.903619310430562e-06,0.0,0.0,0.0,0.0,0.0,0.0,0.0,0.0,0.0,0.0,0.0,0.0,0.0,0.0,0.0,0.032080074979199305,0.0881411698129442,0.05,9,72|31|126,35,all_filtered,9,True,D:\Running_Place\PostGraduateProjects\Experiments\PostGraduate\backbones\GeometryPreservingRadialGate\Seg-SADG\BaryRadGate\a0p08\rho0p5\gb8\sadg0p05\shot3\Seed1,D:\Running_Place\PostGraduateProjects\Experiments\PostGraduate\backbones\Prompts\GeometryPreservingRadialGate\Seg-SADG\BaryRadGate\a0p08\rho0p5\gb8\sadg0p05\shot3\Seed1
Seg-SADG,Seg-SADG,Seg-SADG,LF-Barycenter-RadialGate,fixed,cosine,none,radial,8,1.0,0.4911162853240967,0.5013874173164368,0.4965483546257019,0.49469596|0.49463442|0.49111629|0.49688646|0.49698666|0.49676788|0.50138742|0.49991164,15.0,1.0,1.0,1.0,0.0,0.08,0.5,0.05,0.05,0.5,0.0001,0.001,0.001,0.0,0.0,1e-06,15.0,5.0,40.0,0.02,0.98,0.001,0.001,0.0001,0.01,0.001,False,0.1,32.0,1e-06,none,,,False,0.5,style_rho0p5,sadg_rho0p05,9,9,19,19,new_training,3,1,112,0.04048779979348183,0.04028972817791833,0.003961051270986597,1.973022792059156e-08,1.973022792059156e-08,2.0710690377099025e-05,9.881124141328553e-06,7.778034159855451e-06,0.0,0.0,0.0,0.0,0.0,0.0,0.0,0.0,0.0,0.0,0.0,0.0,0.0,0.0,0.0,0.03223191139598688,0.11053185744418038,0.05,9,72|31|126,35,all_filtered,9,True,D:\Running_Place\PostGraduateProjects\Experiments\PostGraduate\backbones\GeometryPreservingRadialGate\Seg-SADG\BaryRadGate\a0p08\rho0p5\gb8\sadg0p05\shot3\Seed1,D:\Running_Place\PostGraduateProjects\Experiments\PostGraduate\backbones\Prompts\GeometryPreservingRadialGate\Seg-SADG\BaryRadGate\a0p08\rho0p5\gb8\sadg0p05\shot3\Seed1
Seg-SADG,Seg-SADG,Seg-SADG,LF-Barycenter-RadialGate,fixed,cosine,none,radial,8,1.0,0.4910798966884613,0.5014150142669678,0.49658429622650146,0.49512431|0.4946937|0.4910799|0.49685025|0.4967204|0.49670985|0.50141501|0.50008112,15.0,1.0,1.0,1.0,0.0,0.08,0.5,0.05,0.05,0.5,0.0001,0.001,0.001,0.0,0.0,1e-06,15.0,5.0,40.0,0.02,0.98,0.001,0.001,0.0001,0.01,0.001,False,0.1,32.0,1e-06,none,,,False,0.5,style_rho0p5,sadg_rho0p05,9,9,19,19,new_training,3,1,113,0.039437191353903875,0.039247593532005944,0.003791583495007621,2.0002077229087767e-08,2.0002077229087767e-08,2.088710021376351e-05,1.0023014207642214e-05,7.890352410160833e-06,0.0,0.0,0.0,0.0,0.0,0.0,0.0,0.0,0.0,0.0,0.0,0.0,0.0,0.0,0.0,0.032084942484895386,0.10577891518672307,0.05,9,72|31|126,35,all_filtered,9,True,D:\Running_Place\PostGraduateProjects\Experiments\PostGraduate\backbones\GeometryPreservingRadialGate\Seg-SADG\BaryRadGate\a0p08\rho0p5\gb8\sadg0p05\shot3\Seed1,D:\Running_Place\PostGraduateProjects\Experiments\PostGraduate\backbones\Prompts\GeometryPreservingRadialGate\Seg-SADG\BaryRadGate\a0p08\rho0p5\gb8\sadg0p05\shot3\Seed1
Seg-SADG,Seg-SADG,Seg-SADG,LF-Barycenter-RadialGate,fixed,cosine,none,radial,8,1.0,0.49109581112861633,0.5013650059700012,0.49653181433677673,0.49525937|0.49471337|0.49109581|0.49684978|0.49645722|0.49669981|0.50136501|0.49981415,15.0,1.0,1.0,1.0,0.0,0.08,0.5,0.05,0.05,0.5,0.0001,0.001,0.001,0.0,0.0,1e-06,15.0,5.0,40.0,0.02,0.98,0.001,0.001,0.0001,0.01,0.001,False,0.1,32.0,1e-06,none,,,False,0.5,style_rho0p5,sadg_rho0p05,9,9,19,19,new_training,3,1,114,0.03819155568877856,0.037987944980462394,0.004071842646226287,2.01115663382249e-08,2.01115663382249e-08,2.0615850290697483e-05,1.0112350537383463e-05,7.937629763748393e-06,0.0,0.0,0.0,0.0,0.0,0.0,0.0,0.0,0.0,0.0,0.0,0.0,0.0,0.0,0.0,0.031245896799696818,0.09877071281274159,0.05,9,72|31|126,35,all_filtered,9,True,D:\Running_Place\PostGraduateProjects\Experiments\PostGraduate\backbones\GeometryPreservingRadialGate\Seg-SADG\BaryRadGate\a0p08\rho0p5\gb8\sadg0p05\shot3\Seed1,D:\Running_Place\PostGraduateProjects\Experiments\PostGraduate\backbones\Prompts\GeometryPreservingRadialGate\Seg-SADG\BaryRadGate\a0p08\rho0p5\gb8\sadg0p05\shot3\Seed1
Seg-SADG,Seg-SADG,Seg-SADG,LF-Barycenter-RadialGate,fixed,cosine,none,radial,8,1.0,0.49116161465644836,0.5013353228569031,0.4966301918029785,0.49546191|0.4949103|0.49116161|0.49686781|0.49662295|0.49693197|0.50133532|0.4997496,15.0,1.0,1.0,1.0,0.0,0.08,0.5,0.05,0.05,0.5,0.0001,0.001,0.001,0.0,0.0,1e-06,15.0,5.0,40.0,0.02,0.98,0.001,0.001,0.0001,0.01,0.001,False,0.1,32.0,1e-06,none,,,False,0.5,style_rho0p5,sadg_rho0p05,9,9,19,19,new_training,3,1,115,0.0381699585252338,0.03798305160469479,0.0037377726079689134,1.964719685708537e-08,1.964719685708537e-08,2.0289981572811182e-05,9.977978960604458e-06,7.640218932970634e-06,0.0,0.0,0.0,0.0,0.0,0.0,0.0,0.0,0.0,0.0,0.0,0.0,0.0,0.0,0.0,0.03109583941598733,0.10292510357167986,0.05,9,72|31|126,35,all_filtered,9,True,D:\Running_Place\PostGraduateProjects\Experiments\PostGraduate\backbones\GeometryPreservingRadialGate\Seg-SADG\BaryRadGate\a0p08\rho0p5\gb8\sadg0p05\shot3\Seed1,D:\Running_Place\PostGraduateProjects\Experiments\PostGraduate\backbones\Prompts\GeometryPreservingRadialGate\Seg-SADG\BaryRadGate\a0p08\rho0p5\gb8\sadg0p05\shot3\Seed1
Seg-SADG,Seg-SADG,Seg-SADG,LF-Barycenter-RadialGate,fixed,cosine,none,radial,8,1.0,0.4908343255519867,0.5012262463569641,0.496693879365921,0.49562454|0.49513501|0.49083433|0.49694932|0.49672452|0.49716833|0.50122625|0.49988857,15.0,1.0,1.0,1.0,0.0,0.08,0.5,0.05,0.05,0.5,0.0001,0.001,0.001,0.0,0.0,1e-06,15.0,5.0,40.0,0.02,0.98,0.001,0.001,0.0001,0.01,0.001,False,0.1,32.0,1e-06,none,,,False,0.5,style_rho0p5,sadg_rho0p05,9,9,19,19,new_training,3,1,116,0.03866155238615142,0.03846552181575033,0.0039202395516137285,1.9636827077975895e-08,1.9636827077975895e-08,1.9461881594098588e-05,1.0185101827018014e-05,7.50553656164104e-06,0.0,0.0,0.0,0.0,0.0,0.0,0.0,0.0,0.0,0.0,0.0,0.0,0.0,0.0,0.0,0.03100274834367964,0.10768283738030328,0.05,9,72|31|126,35,all_filtered,9,True,D:\Running_Place\PostGraduateProjects\Experiments\PostGraduate\backbones\GeometryPreservingRadialGate\Seg-SADG\BaryRadGate\a0p08\rho0p5\gb8\sadg0p05\shot3\Seed1,D:\Running_Place\PostGraduateProjects\Experiments\PostGraduate\backbones\Prompts\GeometryPreservingRadialGate\Seg-SADG\BaryRadGate\a0p08\rho0p5\gb8\sadg0p05\shot3\Seed1
Seg-SADG,Seg-SADG,Seg-SADG,LF-Barycenter-RadialGate,fixed,cosine,none,radial,8,1.0,0.4910573959350586,0.501064658164978,0.49666470289230347,0.49546114|0.49494669|0.4910574|0.49721748|0.49712974|0.49687156|0.50106466|0.49956906,15.0,1.0,1.0,1.0,0.0,0.08,0.5,0.05,0.05,0.5,0.0001,0.001,0.001,0.0,0.0,1e-06,15.0,5.0,40.0,0.02,0.98,0.001,0.001,0.0001,0.01,0.001,False,0.1,32.0,1e-06,none,,,False,0.5,style_rho0p5,sadg_rho0p05,9,9,19,19,new_training,3,1,117,0.03825815311736531,0.03807141135136286,0.003734424373962813,2.046936486976847e-08,2.046936486976847e-08,1.9446725774388244e-05,1.0660668724287663e-05,7.864022841709408e-06,0.0,0.0,0.0,0.0,0.0,0.0,0.0,0.0,0.0,0.0,0.0,0.0,0.0,0.0,0.0,0.030894055341680843,0.10414909736977683,0.05,9,72|31|126,35,all_filtered,9,True,D:\Running_Place\PostGraduateProjects\Experiments\PostGraduate\backbones\GeometryPreservingRadialGate\Seg-SADG\BaryRadGate\a0p08\rho0p5\gb8\sadg0p05\shot3\Seed1,D:\Running_Place\PostGraduateProjects\Experiments\PostGraduate\backbones\Prompts\GeometryPreservingRadialGate\Seg-SADG\BaryRadGate\a0p08\rho0p5\gb8\sadg0p05\shot3\Seed1
Seg-SADG,Seg-SADG,Seg-SADG,LF-Barycenter-RadialGate,fixed,cosine,none,radial,8,1.0,0.49121740460395813,0.5010250210762024,0.4965410530567169,0.4953979|0.49483159|0.4912174|0.49717557|0.49705321|0.49642527|0.50102502|0.49920246,15.0,1.0,1.0,1.0,0.0,0.08,0.5,0.05,0.05,0.5,0.0001,0.001,0.001,0.0,0.0,1e-06,15.0,5.0,40.0,0.02,0.98,0.001,0.001,0.0001,0.01,0.001,False,0.1,32.0,1e-06,none,,,False,0.5,style_rho0p5,sadg_rho0p05,9,9,19,19,new_training,3,1,118,0.036883112457063466,0.036696562750471964,0.0037306208784381547,2.029785268259982e-08,2.029785268259982e-08,1.9205764450210456e-05,1.0420544337345442e-05,7.956731173584962e-06,0.0,0.0,0.0,0.0,0.0,0.0,0.0,0.0,0.0,0.0,0.0,0.0,0.0,0.0,0.0,0.03026342185007201,0.09764328681760365,0.05,9,72|31|126,35,all_filtered,9,True,D:\Running_Place\PostGraduateProjects\Experiments\PostGraduate\backbones\GeometryPreservingRadialGate\Seg-SADG\BaryRadGate\a0p08\rho0p5\gb8\sadg0p05\shot3\Seed1,D:\Running_Place\PostGraduateProjects\Experiments\PostGraduate\backbones\Prompts\GeometryPreservingRadialGate\Seg-SADG\BaryRadGate\a0p08\rho0p5\gb8\sadg0p05\shot3\Seed1
Seg-SADG,Seg-SADG,Seg-SADG,LF-Barycenter-RadialGate,fixed,cosine,none,radial,8,1.0,0.49116837978363037,0.5009648203849792,0.4965572953224182,0.49552196|0.49508315|0.49116838|0.49709597|0.49686554|0.49636099|0.50096482|0.49939752,15.0,1.0,1.0,1.0,0.0,0.08,0.5,0.05,0.05,0.5,0.0001,0.001,0.001,0.0,0.0,1e-06,15.0,5.0,40.0,0.02,0.98,0.001,0.001,0.0001,0.01,0.001,False,0.1,32.0,1e-06,none,,,False,0.5,style_rho0p5,sadg_rho0p05,9,9,19,19,new_training,3,1,119,0.03723194864061144,0.03703479924135738,0.003942539708481895,2.0930807506955617e-08,2.0930807506955617e-08,1.9568636667423158e-05,1.076203049403072e-05,8.211912245315034e-06,0.0,0.0,0.0,0.0,0.0,0.0,0.0,0.0,0.0,0.0,0.0,0.0,0.0,0.0,0.0,0.030092464552985296,0.10469392935434978,0.05,9,72|31|126,35,all_filtered,9,True,D:\Running_Place\PostGraduateProjects\Experiments\PostGraduate\backbones\GeometryPreservingRadialGate\Seg-SADG\BaryRadGate\a0p08\rho0p5\gb8\sadg0p05\shot3\Seed1,D:\Running_Place\PostGraduateProjects\Experiments\PostGraduate\backbones\Prompts\GeometryPreservingRadialGate\Seg-SADG\BaryRadGate\a0p08\rho0p5\gb8\sadg0p05\shot3\Seed1
Seg-SADG,Seg-SADG,Seg-SADG,LF-Barycenter-RadialGate,fixed,cosine,none,radial,8,1.0,0.4913072884082794,0.5008785724639893,0.49659377336502075,0.49574006|0.49533772|0.49130729|0.49685761|0.49654609|0.49628371|0.50087857|0.49979922,15.0,1.0,1.0,1.0,0.0,0.08,0.5,0.05,0.05,0.5,0.0001,0.001,0.001,0.0,0.0,1e-06,15.0,5.0,40.0,0.02,0.98,0.001,0.001,0.0001,0.01,0.001,False,0.1,32.0,1e-06,none,,,False,0.5,style_rho0p5,sadg_rho0p05,9,9,19,19,new_training,3,1,120,0.035725072440173894,0.03555012370149294,0.0034985934228946767,1.9924740770862727e-08,1.9924740770862727e-08,1.9174579695876066e-05,1.0311614965353834e-05,7.695667136431439e-06,0.0,0.0,0.0,0.0,0.0,0.0,0.0,0.0,0.0,0.0,0.0,0.0,0.0,0.0,0.0,0.029109302080339856,0.09486296855741078,0.05,9,72|31|126,35,all_filtered,9,True,D:\Running_Place\PostGraduateProjects\Experiments\PostGraduate\backbones\GeometryPreservingRadialGate\Seg-SADG\BaryRadGate\a0p08\rho0p5\gb8\sadg0p05\shot3\Seed1,D:\Running_Place\PostGraduateProjects\Experiments\PostGraduate\backbones\Prompts\GeometryPreservingRadialGate\Seg-SADG\BaryRadGate\a0p08\rho0p5\gb8\sadg0p05\shot3\Seed1
Seg-SADG,Seg-SADG,Seg-SADG,LF-Barycenter-RadialGate,fixed,cosine,none,radial,8,1.0,0.4912030100822449,0.5011367201805115,0.4965721070766449,0.49583453|0.49534956|0.49120301|0.49661848|0.49634641|0.49607304|0.50113672|0.50001502,15.0,1.0,1.0,1.0,0.0,0.08,0.5,0.05,0.05,0.5,0.0001,0.001,0.001,0.0,0.0,1e-06,15.0,5.0,40.0,0.02,0.98,0.001,0.001,0.0001,0.01,0.001,False,0.1,32.0,1e-06,none,,,False,0.5,style_rho0p5,sadg_rho0p05,9,9,19,19,new_training,3,1,121,0.03520850609574053,0.035045634334286056,0.0032570612254656022,1.9839411298979332e-08,1.9839411298979332e-08,1.932329824841064e-05,1.0238605783443847e-05,7.668475013310348e-06,0.0,0.0,0.0,0.0,0.0,0.0,0.0,0.0,0.0,0.0,0.0,0.0,0.0,0.0,0.0,0.02861758942405383,0.09434297266933653,0.05,9,72|31|126,35,all_filtered,9,True,D:\Running_Place\PostGraduateProjects\Experiments\PostGraduate\backbones\GeometryPreservingRadialGate\Seg-SADG\BaryRadGate\a0p08\rho0p5\gb8\sadg0p05\shot3\Seed1,D:\Running_Place\PostGraduateProjects\Experiments\PostGraduate\backbones\Prompts\GeometryPreservingRadialGate\Seg-SADG\BaryRadGate\a0p08\rho0p5\gb8\sadg0p05\shot3\Seed1
Seg-SADG,Seg-SADG,Seg-SADG,LF-Barycenter-RadialGate,fixed,cosine,none,radial,8,1.0,0.49087923765182495,0.5009945034980774,0.49658122658729553,0.49615771|0.49560529|0.49087924|0.49637133|0.49638543|0.4960556|0.5009945|0.50020069,15.0,1.0,1.0,1.0,0.0,0.08,0.5,0.05,0.05,0.5,0.0001,0.001,0.001,0.0,0.0,1e-06,15.0,5.0,40.0,0.02,0.98,0.001,0.001,0.0001,0.01,0.001,False,0.1,32.0,1e-06,none,,,False,0.5,style_rho0p5,sadg_rho0p05,9,9,19,19,new_training,3,1,122,0.034324285884698234,0.03414724187718497,0.0035404752060357067,2.0639981575717076e-08,2.0639981575717076e-08,1.9868468573097038e-05,1.081472318118257e-05,7.83841056141278e-06,0.0,0.0,0.0,0.0,0.0,0.0,0.0,0.0,0.0,0.0,0.0,0.0,0.0,0.0,0.0,0.028081845492124557,0.09352210577991274,0.05,9,72|31|126,35,all_filtered,9,True,D:\Running_Place\PostGraduateProjects\Experiments\PostGraduate\backbones\GeometryPreservingRadialGate\Seg-SADG\BaryRadGate\a0p08\rho0p5\gb8\sadg0p05\shot3\Seed1,D:\Running_Place\PostGraduateProjects\Experiments\PostGraduate\backbones\Prompts\GeometryPreservingRadialGate\Seg-SADG\BaryRadGate\a0p08\rho0p5\gb8\sadg0p05\shot3\Seed1
Seg-SADG,Seg-SADG,Seg-SADG,LF-Barycenter-RadialGate,fixed,cosine,none,radial,8,1.0,0.490823358297348,0.5013938546180725,0.4966616630554199,0.49636805|0.4955298|0.49082336|0.49629509|0.49638307|0.49620891|0.50139385|0.50029099,15.0,1.0,1.0,1.0,0.0,0.08,0.5,0.05,0.05,0.5,0.0001,0.001,0.001,0.0,0.0,1e-06,15.0,5.0,40.0,0.02,0.98,0.001,0.001,0.0001,0.01,0.001,False,0.1,32.0,1e-06,none,,,False,0.5,style_rho0p5,sadg_rho0p05,9,9,19,19,new_training,3,1,123,0.035387496567434736,0.035212679041756526,0.003495892613298363,2.1091195950222957e-08,2.1091195950222957e-08,1.9944679580577133e-05,1.1244568162914624e-05,7.852158584379746e-06,0.0,0.0,0.0,0.0,0.0,0.0,0.0,0.0,0.0,0.0,0.0,0.0,0.0,0.0,0.0,0.02791275353067451,0.1050888995329539,0.05,9,72|31|126,35,all_filtered,9,True,D:\Running_Place\PostGraduateProjects\Experiments\PostGraduate\backbones\GeometryPreservingRadialGate\Seg-SADG\BaryRadGate\a0p08\rho0p5\gb8\sadg0p05\shot3\Seed1,D:\Running_Place\PostGraduateProjects\Experiments\PostGraduate\backbones\Prompts\GeometryPreservingRadialGate\Seg-SADG\BaryRadGate\a0p08\rho0p5\gb8\sadg0p05\shot3\Seed1
Seg-SADG,Seg-SADG,Seg-SADG,LF-Barycenter-RadialGate,fixed,cosine,none,radial,8,1.0,0.49067366123199463,0.5017445087432861,0.496675968170166,0.49657401|0.49555802|0.49067366|0.49624741|0.49619007|0.49627936|0.50174451|0.50014067,15.0,1.0,1.0,1.0,0.0,0.08,0.5,0.05,0.05,0.5,0.0001,0.001,0.001,0.0,0.0,1e-06,15.0,5.0,40.0,0.02,0.98,0.001,0.001,0.0001,0.01,0.001,False,0.1,32.0,1e-06,none,,,False,0.5,style_rho0p5,sadg_rho0p05,9,9,19,19,new_training,3,1,124,0.03381755823890368,0.033650436335139804,0.003341990833481153,2.2368020522220732e-08,2.2368020522220732e-08,2.0333893796002183e-05,1.196496345477903e-05,8.369666526656753e-06,0.0,0.0,0.0,0.0,0.0,0.0,0.0,0.0,0.0,0.0,0.0,0.0,0.0,0.0,0.0,0.02728972335656484,0.0926619420448939,0.05,9,72|31|126,35,all_filtered,9,True,D:\Running_Place\PostGraduateProjects\Experiments\PostGraduate\backbones\GeometryPreservingRadialGate\Seg-SADG\BaryRadGate\a0p08\rho0p5\gb8\sadg0p05\shot3\Seed1,D:\Running_Place\PostGraduateProjects\Experiments\PostGraduate\backbones\Prompts\GeometryPreservingRadialGate\Seg-SADG\BaryRadGate\a0p08\rho0p5\gb8\sadg0p05\shot3\Seed1
Seg-SADG,Seg-SADG,Seg-SADG,LF-Barycenter-RadialGate,fixed,cosine,none,radial,8,1.0,0.4904603958129883,0.5016387701034546,0.49669480323791504,0.49674121|0.49578542|0.4904604|0.49629804|0.4961502|0.49649331|0.50163877|0.49999094,15.0,1.0,1.0,1.0,0.0,0.08,0.5,0.05,0.05,0.5,0.0001,0.001,0.001,0.0,0.0,1e-06,15.0,5.0,40.0,0.02,0.98,0.001,0.001,0.0001,0.01,0.001,False,0.1,32.0,1e-06,none,,,False,0.5,style_rho0p5,sadg_rho0p05,9,9,19,19,new_training,3,1,125,0.03300187405612734,0.032846598368552,0.0031050564721226692,2.3775432388283157e-08,2.3775432388283157e-08,2.0496300041688504e-05,1.2970527778735333e-05,8.755273281874704e-06,0.0,0.0,0.0,0.0,0.0,0.0,0.0,0.0,0.0,0.0,0.0,0.0,0.0,0.0,0.0,0.026893626277645428,0.09154644939634535,0.05,9,72|31|126,35,all_filtered,9,True,D:\Running_Place\PostGraduateProjects\Experiments\PostGraduate\backbones\GeometryPreservingRadialGate\Seg-SADG\BaryRadGate\a0p08\rho0p5\gb8\sadg0p05\shot3\Seed1,D:\Running_Place\PostGraduateProjects\Experiments\PostGraduate\backbones\Prompts\GeometryPreservingRadialGate\Seg-SADG\BaryRadGate\a0p08\rho0p5\gb8\sadg0p05\shot3\Seed1
Seg-SADG,Seg-SADG,Seg-SADG,LF-Barycenter-RadialGate,fixed,cosine,none,radial,8,1.0,0.4902827739715576,0.5014782547950745,0.4966410994529724,0.49700525|0.49569184|0.49028277|0.49619874|0.49611548|0.49652228|0.50147825|0.49983424,15.0,1.0,1.0,1.0,0.0,0.08,0.5,0.05,0.05,0.5,0.0001,0.001,0.001,0.0,0.0,1e-06,15.0,5.0,40.0,0.02,0.98,0.001,0.001,0.0001,0.01,0.001,False,0.1,32.0,1e-06,none,,,False,0.5,style_rho0p5,sadg_rho0p05,9,9,19,19,new_training,3,1,126,0.03379411498705546,0.03362824167642328,0.003317030871080028,2.3823659489607962e-08,2.3823659489607962e-08,2.035111679611469e-05,1.3254895545994967e-05,8.533651149870517e-06,0.0,0.0,0.0,0.0,0.0,0.0,0.0,0.0,0.0,0.0,0.0,0.0,0.0,0.0,0.0,0.026587035920884874,0.09975261158413357,0.05,9,72|31|126,35,all_filtered,9,True,D:\Running_Place\PostGraduateProjects\Experiments\PostGraduate\backbones\GeometryPreservingRadialGate\Seg-SADG\BaryRadGate\a0p08\rho0p5\gb8\sadg0p05\shot3\Seed1,D:\Running_Place\PostGraduateProjects\Experiments\PostGraduate\backbones\Prompts\GeometryPreservingRadialGate\Seg-SADG\BaryRadGate\a0p08\rho0p5\gb8\sadg0p05\shot3\Seed1
Seg-SADG,Seg-SADG,Seg-SADG,LF-Barycenter-RadialGate,fixed,cosine,none,radial,8,1.0,0.4901456832885742,0.5014303922653198,0.4966195821762085,0.49726889|0.49580747|0.49014568|0.49611712|0.49572986|0.49644595|0.50143039|0.50001138,15.0,1.0,1.0,1.0,0.0,0.08,0.5,0.05,0.05,0.5,0.0001,0.001,0.001,0.0,0.0,1e-06,15.0,5.0,40.0,0.02,0.98,0.001,0.001,0.0001,0.01,0.001,False,0.1,32.0,1e-06,none,,,False,0.5,style_rho0p5,sadg_rho0p05,9,9,19,19,new_training,3,1,127,0.03533442235655255,0.035174051920572914,0.00320694737860726,2.4206176816063717e-08,2.4206176816063717e-08,2.0960504116374068e-05,1.3533883247873746e-05,8.576242180424742e-06,0.0,0.0,0.0,0.0,0.0,0.0,0.0,0.0,0.0,0.0,0.0,0.0,0.0,0.0,0.0,0.027382594636744924,0.11622144116295709,0.05,9,72|31|126,35,all_filtered,9,True,D:\Running_Place\PostGraduateProjects\Experiments\PostGraduate\backbones\GeometryPreservingRadialGate\Seg-SADG\BaryRadGate\a0p08\rho0p5\gb8\sadg0p05\shot3\Seed1,D:\Running_Place\PostGraduateProjects\Experiments\PostGraduate\backbones\Prompts\GeometryPreservingRadialGate\Seg-SADG\BaryRadGate\a0p08\rho0p5\gb8\sadg0p05\shot3\Seed1
Seg-SADG,Seg-SADG,Seg-SADG,LF-Barycenter-RadialGate,fixed,cosine,none,radial,8,1.0,0.4898538887500763,0.5013614296913147,0.4965769052505493,0.49747238|0.49576297|0.48985389|0.49598277|0.49574944|0.49645546|0.50136143|0.49997699,15.0,1.0,1.0,1.0,0.0,0.08,0.5,0.05,0.05,0.5,0.0001,0.001,0.001,0.0,0.0,1e-06,15.0,5.0,40.0,0.02,0.98,0.001,0.001,0.0001,0.01,0.001,False,0.1,32.0,1e-06,none,,,False,0.5,style_rho0p5,sadg_rho0p05,9,9,19,19,new_training,3,1,128,0.036161723650164075,0.03599634559618102,0.0033070342097845343,2.532999410220782e-08,2.532999410220782e-08,2.1498388782169463e-05,1.4302643952153934e-05,8.877509976122787e-06,0.0,0.0,0.0,0.0,0.0,0.0,0.0,0.0,0.0,0.0,0.0,0.0,0.0,0.0,0.0,0.028159200110369258,0.12175347987148497,0.05,9,72|31|126,35,all_filtered,9,True,D:\Running_Place\PostGraduateProjects\Experiments\PostGraduate\backbones\GeometryPreservingRadialGate\Seg-SADG\BaryRadGate\a0p08\rho0p5\gb8\sadg0p05\shot3\Seed1,D:\Running_Place\PostGraduateProjects\Experiments\PostGraduate\backbones\Prompts\GeometryPreservingRadialGate\Seg-SADG\BaryRadGate\a0p08\rho0p5\gb8\sadg0p05\shot3\Seed1
Seg-SADG,Seg-SADG,Seg-SADG,LF-Barycenter-RadialGate,fixed,cosine,none,radial,8,1.0,0.4896295666694641,0.5012093186378479,0.4964148998260498,0.49718556|0.49547163|0.48962957|0.49583119|0.4957383|0.49638003|0.50120932|0.49987343,15.0,1.0,1.0,1.0,0.0,0.08,0.5,0.05,0.05,0.5,0.0001,0.001,0.001,0.0,0.0,1e-06,15.0,5.0,40.0,0.02,0.98,0.001,0.001,0.0001,0.01,0.001,False,0.1,32.0,1e-06,none,,,False,0.5,style_rho0p5,sadg_rho0p05,9,9,19,19,new_training,3,1,129,0.03447394466234578,0.034317603127823934,0.0031263116591920457,2.5409218235634196e-08,2.5409218235634196e-08,2.2515336442868123e-05,1.4387487883343258e-05,8.770195664611594e-06,0.0,0.0,0.0,0.0,0.0,0.0,0.0,0.0,0.0,0.0,0.0,0.0,0.0,0.0,0.0,0.027263503521680832,0.10706479433510038,0.05,9,72|31|126,35,all_filtered,9,True,D:\Running_Place\PostGraduateProjects\Experiments\PostGraduate\backbones\GeometryPreservingRadialGate\Seg-SADG\BaryRadGate\a0p08\rho0p5\gb8\sadg0p05\shot3\Seed1,D:\Running_Place\PostGraduateProjects\Experiments\PostGraduate\backbones\Prompts\GeometryPreservingRadialGate\Seg-SADG\BaryRadGate\a0p08\rho0p5\gb8\sadg0p05\shot3\Seed1
Seg-SADG,Seg-SADG,Seg-SADG,LF-Barycenter-RadialGate,fixed,cosine,none,radial,8,1.0,0.48955515027046204,0.5010353922843933,0.49638184905052185,0.49726218|0.49565336|0.48955515|0.49579456|0.49571365|0.49628863|0.50103539|0.49975181,15.0,1.0,1.0,1.0,0.0,0.08,0.5,0.05,0.05,0.5,0.0001,0.001,0.001,0.0,0.0,1e-06,15.0,5.0,40.0,0.02,0.98,0.001,0.001,0.0001,0.01,0.001,False,0.1,32.0,1e-06,none,,,False,0.5,style_rho0p5,sadg_rho0p05,9,9,19,19,new_training,3,1,130,0.03332971905668577,0.033165783103969365,0.0032782003335240814,2.5632171940515036e-08,2.5632171940515036e-08,2.330932430696622e-05,1.4471080855097776e-05,8.830157033420013e-06,0.0,0.0,0.0,0.0,0.0,0.0,0.0,0.0,0.0,0.0,0.0,0.0,0.0,0.0,0.0,0.02647728741996818,0.10095613615380393,0.05,9,72|31|126,35,all_filtered,9,True,D:\Running_Place\PostGraduateProjects\Experiments\PostGraduate\backbones\GeometryPreservingRadialGate\Seg-SADG\BaryRadGate\a0p08\rho0p5\gb8\sadg0p05\shot3\Seed1,D:\Running_Place\PostGraduateProjects\Experiments\PostGraduate\backbones\Prompts\GeometryPreservingRadialGate\Seg-SADG\BaryRadGate\a0p08\rho0p5\gb8\sadg0p05\shot3\Seed1
Seg-SADG,Seg-SADG,Seg-SADG,LF-Barycenter-RadialGate,fixed,cosine,none,radial,8,1.0,0.4894595146179199,0.5012074708938599,0.49643751978874207,0.49736819|0.49590442|0.48945951|0.49588302|0.49580747|0.49628052|0.50120747|0.49958971,15.0,1.0,1.0,1.0,0.0,0.08,0.5,0.05,0.05,0.5,0.0001,0.001,0.001,0.0,0.0,1e-06,15.0,5.0,40.0,0.02,0.98,0.001,0.001,0.0001,0.01,0.001,False,0.1,32.0,1e-06,none,,,False,0.5,style_rho0p5,sadg_rho0p05,9,9,19,19,new_training,3,1,131,0.03260788362887171,0.03246086111499204,0.002939908118504617,2.6800955331572773e-08,2.6800955331572773e-08,2.3171846098395894e-05,1.537375687298158e-05,9.110012090079383e-06,0.0,0.0,0.0,0.0,0.0,0.0,0.0,0.0,0.0,0.0,0.0,0.0,0.0,0.0,0.0,0.02606106859942277,0.09577109085188971,0.05,9,72|31|126,35,all_filtered,9,True,D:\Running_Place\PostGraduateProjects\Experiments\PostGraduate\backbones\GeometryPreservingRadialGate\Seg-SADG\BaryRadGate\a0p08\rho0p5\gb8\sadg0p05\shot3\Seed1,D:\Running_Place\PostGraduateProjects\Experiments\PostGraduate\backbones\Prompts\GeometryPreservingRadialGate\Seg-SADG\BaryRadGate\a0p08\rho0p5\gb8\sadg0p05\shot3\Seed1
Seg-SADG,Seg-SADG,Seg-SADG,LF-Barycenter-RadialGate,fixed,cosine,none,radial,8,1.0,0.4895128309726715,0.5010073184967041,0.4964090585708618,0.49761781|0.49596494|0.48951283|0.49579227|0.495684|0.49621284|0.50100732|0.49948061,15.0,1.0,1.0,1.0,0.0,0.08,0.5,0.05,0.05,0.5,0.0001,0.001,0.001,0.0,0.0,1e-06,15.0,5.0,40.0,0.02,0.98,0.001,0.001,0.0001,0.01,0.001,False,0.1,32.0,1e-06,none,,,False,0.5,style_rho0p5,sadg_rho0p05,9,9,19,19,new_training,3,1,132,0.03376134733359019,0.03359879098004765,0.0032506019860092136,2.736594555901522e-08,2.736594555901522e-08,2.3096312765523584e-05,1.5858742699492723e-05,9.197570357678665e-06,0.0,0.0,0.0,0.0,0.0,0.0,0.0,0.0,0.0,0.0,0.0,0.0,0.0,0.0,0.0,0.026422353461384773,0.10571464068359798,0.05,9,72|31|126,35,all_filtered,9,True,D:\Running_Place\PostGraduateProjects\Experiments\PostGraduate\backbones\GeometryPreservingRadialGate\Seg-SADG\BaryRadGate\a0p08\rho0p5\gb8\sadg0p05\shot3\Seed1,D:\Running_Place\PostGraduateProjects\Experiments\PostGraduate\backbones\Prompts\GeometryPreservingRadialGate\Seg-SADG\BaryRadGate\a0p08\rho0p5\gb8\sadg0p05\shot3\Seed1
Seg-SADG,Seg-SADG,Seg-SADG,LF-Barycenter-RadialGate,fixed,cosine,none,radial,8,1.0,0.4893987476825714,0.5010352730751038,0.49634653329849243,0.49778712|0.4958677|0.48939875|0.49555036|0.49524686|0.4963282|0.50103527|0.49955788,15.0,1.0,1.0,1.0,0.0,0.08,0.5,0.05,0.05,0.5,0.0001,0.001,0.001,0.0,0.0,1e-06,15.0,5.0,40.0,0.02,0.98,0.001,0.001,0.0001,0.01,0.001,False,0.1,32.0,1e-06,none,,,False,0.5,style_rho0p5,sadg_rho0p05,9,9,19,19,new_training,3,1,133,0.0339416621459855,0.03378288302984503,0.003175064998989304,2.674415296629225e-08,2.674415296629225e-08,2.34668524272921e-05,1.55630776943225e-05,8.834388811212395e-06,0.0,0.0,0.0,0.0,0.0,0.0,0.0,0.0,0.0,0.0,0.0,0.0,0.0,0.0,0.0,0.026267018997006945,0.10882058325741026,0.05,9,72|31|126,35,all_filtered,9,True,D:\Running_Place\PostGraduateProjects\Experiments\PostGraduate\backbones\GeometryPreservingRadialGate\Seg-SADG\BaryRadGate\a0p08\rho0p5\gb8\sadg0p05\shot3\Seed1,D:\Running_Place\PostGraduateProjects\Experiments\PostGraduate\backbones\Prompts\GeometryPreservingRadialGate\Seg-SADG\BaryRadGate\a0p08\rho0p5\gb8\sadg0p05\shot3\Seed1
Seg-SADG,Seg-SADG,Seg-SADG,LF-Barycenter-RadialGate,fixed,cosine,none,radial,8,1.0,0.4893924295902252,0.5011136531829834,0.49642103910446167,0.49800533|0.49618447|0.48939243|0.49549186|0.49510145|0.49627918|0.50111365|0.49979994,15.0,1.0,1.0,1.0,0.0,0.08,0.5,0.05,0.05,0.5,0.0001,0.001,0.001,0.0,0.0,1e-06,15.0,5.0,40.0,0.02,0.98,0.001,0.001,0.0001,0.01,0.001,False,0.1,32.0,1e-06,none,,,False,0.5,style_rho0p5,sadg_rho0p05,9,9,19,19,new_training,3,1,134,0.03304580164452394,0.032892406400707036,0.003067379972587029,2.7282431918567656e-08,2.7282431918567656e-08,2.4011131851390626e-05,1.5993654920344448e-05,8.887662766533645e-06,0.0,0.0,0.0,0.0,0.0,0.0,0.0,0.0,0.0,0.0,0.0,0.0,0.0,0.0,0.0,0.025458365471826658,0.10939765059285694,0.05,9,72|31|126,35,all_filtered,9,True,D:\Running_Place\PostGraduateProjects\Experiments\PostGraduate\backbones\GeometryPreservingRadialGate\Seg-SADG\BaryRadGate\a0p08\rho0p5\gb8\sadg0p05\shot3\Seed1,D:\Running_Place\PostGraduateProjects\Experiments\PostGraduate\backbones\Prompts\GeometryPreservingRadialGate\Seg-SADG\BaryRadGate\a0p08\rho0p5\gb8\sadg0p05\shot3\Seed1
Seg-SADG,Seg-SADG,Seg-SADG,LF-Barycenter-RadialGate,fixed,cosine,none,radial,8,1.0,0.48956385254859924,0.5008561015129089,0.496379017829895,0.49801698|0.49614432|0.48956385|0.49543047|0.49514589|0.49621326|0.5008561|0.49966145,15.0,1.0,1.0,1.0,0.0,0.08,0.5,0.05,0.05,0.5,0.0001,0.001,0.001,0.0,0.0,1e-06,15.0,5.0,40.0,0.02,0.98,0.001,0.001,0.0001,0.01,0.001,False,0.1,32.0,1e-06,none,,,False,0.5,style_rho0p5,sadg_rho0p05,9,9,19,19,new_training,3,1,135,0.03221467054552502,0.03206979897287157,0.0028969107143994835,2.647650138638053e-08,2.647650138638053e-08,2.3454194282142755e-05,1.560555584647874e-05,8.525525218930044e-06,0.0,0.0,0.0,0.0,0.0,0.0,0.0,0.0,0.0,0.0,0.0,0.0,0.0,0.0,0.0,0.025292331559790507,0.10000229626893997,0.05,9,72|31|126,35,all_filtered,9,True,D:\Running_Place\PostGraduateProjects\Experiments\PostGraduate\backbones\GeometryPreservingRadialGate\Seg-SADG\BaryRadGate\a0p08\rho0p5\gb8\sadg0p05\shot3\Seed1,D:\Running_Place\PostGraduateProjects\Experiments\PostGraduate\backbones\Prompts\GeometryPreservingRadialGate\Seg-SADG\BaryRadGate\a0p08\rho0p5\gb8\sadg0p05\shot3\Seed1
Seg-SADG,Seg-SADG,Seg-SADG,LF-Barycenter-RadialGate,fixed,cosine,none,radial,8,1.0,0.4893859624862671,0.5008240342140198,0.4963843822479248,0.4981322|0.49623474|0.48938596|0.49536237|0.49486834|0.49639577|0.50082403|0.49987164,15.0,1.0,1.0,1.0,0.0,0.08,0.5,0.05,0.05,0.5,0.0001,0.001,0.001,0.0,0.0,1e-06,15.0,5.0,40.0,0.02,0.98,0.001,0.001,0.0001,0.01,0.001,False,0.1,32.0,1e-06,none,,,False,0.5,style_rho0p5,sadg_rho0p05,9,9,19,19,new_training,3,1,136,0.030998592989312276,0.03085523160795371,0.0028667194872266715,2.5708400544191235e-08,2.5708400544191235e-08,2.366945025439943e-05,1.5212446063136062e-05,8.129008468434526e-06,0.0,0.0,0.0,0.0,0.0,0.0,0.0,0.0,0.0,0.0,0.0,0.0,0.0,0.0,0.0,0.024801485654380586,0.09307793445057339,0.05,9,72|31|126,35,all_filtered,9,True,D:\Running_Place\PostGraduateProjects\Experiments\PostGraduate\backbones\GeometryPreservingRadialGate\Seg-SADG\BaryRadGate\a0p08\rho0p5\gb8\sadg0p05\shot3\Seed1,D:\Running_Place\PostGraduateProjects\Experiments\PostGraduate\backbones\Prompts\GeometryPreservingRadialGate\Seg-SADG\BaryRadGate\a0p08\rho0p5\gb8\sadg0p05\shot3\Seed1
Seg-SADG,Seg-SADG,Seg-SADG,LF-Barycenter-RadialGate,fixed,cosine,none,radial,8,1.0,0.4892106056213379,0.5009435415267944,0.4963853359222412,0.49808362|0.49622416|0.48921061|0.49531901|0.49486867|0.49650735|0.50094354|0.49992585,15.0,1.0,1.0,1.0,0.0,0.08,0.5,0.05,0.05,0.5,0.0001,0.001,0.001,0.0,0.0,1e-06,15.0,5.0,40.0,0.02,0.98,0.001,0.001,0.0001,0.01,0.001,False,0.1,32.0,1e-06,none,,,False,0.5,style_rho0p5,sadg_rho0p05,9,9,19,19,new_training,3,1,137,0.03101769731276565,0.030869381709231272,0.0029657843988388777,2.6657006873481098e-08,2.6657006873481098e-08,2.4057555290508186e-05,1.5883107658333352e-05,8.368142314591549e-06,0.0,0.0,0.0,0.0,0.0,0.0,0.0,0.0,0.0,0.0,0.0,0.0,0.0,0.0,0.0,0.024441510024997923,0.09472512288226022,0.05,9,72|31|126,35,all_filtered,9,True,D:\Running_Place\PostGraduateProjects\Experiments\PostGraduate\backbones\GeometryPreservingRadialGate\Seg-SADG\BaryRadGate\a0p08\rho0p5\gb8\sadg0p05\shot3\Seed1,D:\Running_Place\PostGraduateProjects\Experiments\PostGraduate\backbones\Prompts\GeometryPreservingRadialGate\Seg-SADG\BaryRadGate\a0p08\rho0p5\gb8\sadg0p05\shot3\Seed1
Seg-SADG,Seg-SADG,Seg-SADG,LF-Barycenter-RadialGate,fixed,cosine,none,radial,8,1.0,0.4889810085296631,0.5007754564285278,0.49628710746765137,0.49823084|0.49626204|0.48898101|0.49512339|0.49462742|0.49681553|0.50077546|0.49948102,15.0,1.0,1.0,1.0,0.0,0.08,0.5,0.05,0.05,0.5,0.0001,0.001,0.001,0.0,0.0,1e-06,15.0,5.0,40.0,0.02,0.98,0.001,0.001,0.0001,0.01,0.001,False,0.1,32.0,1e-06,none,,,False,0.5,style_rho0p5,sadg_rho0p05,9,9,19,19,new_training,3,1,138,0.03162915425168143,0.03149104966885514,0.0027615550853725937,2.7252859524651285e-08,2.7252859524651285e-08,2.4767996971301425e-05,1.6345792674757024e-05,8.430266158635883e-06,0.0,0.0,0.0,0.0,0.0,0.0,0.0,0.0,0.0,0.0,0.0,0.0,0.0,0.0,0.0,0.024189773326118786,0.10567471219433679,0.05,9,72|31|126,35,all_filtered,9,True,D:\Running_Place\PostGraduateProjects\Experiments\PostGraduate\backbones\GeometryPreservingRadialGate\Seg-SADG\BaryRadGate\a0p08\rho0p5\gb8\sadg0p05\shot3\Seed1,D:\Running_Place\PostGraduateProjects\Experiments\PostGraduate\backbones\Prompts\GeometryPreservingRadialGate\Seg-SADG\BaryRadGate\a0p08\rho0p5\gb8\sadg0p05\shot3\Seed1
Seg-SADG,Seg-SADG,Seg-SADG,LF-Barycenter-RadialGate,fixed,cosine,none,radial,8,1.0,0.4888894557952881,0.5009453296661377,0.4964185357093811,0.49855721|0.49637997|0.48888946|0.49523142|0.4949401|0.49671298|0.50094533|0.49969167,15.0,1.0,1.0,1.0,0.0,0.08,0.5,0.05,0.05,0.5,0.0001,0.001,0.001,0.0,0.0,1e-06,15.0,5.0,40.0,0.02,0.98,0.001,0.001,0.0001,0.01,0.001,False,0.1,32.0,1e-06,none,,,False,0.5,style_rho0p5,sadg_rho0p05,9,9,19,19,new_training,3,1,139,0.03176052557925383,0.03162376955151558,0.002734564089526733,2.8218023868160142e-08,2.8218023868160142e-08,2.508720940063035e-05,1.7188984808550838e-05,8.520316744882924e-06,0.0,0.0,0.0,0.0,0.0,0.0,0.0,0.0,0.0,0.0,0.0,0.0,0.0,0.0,0.0,0.024313681448499363,0.10612498472134273,0.05,9,72|31|126,35,all_filtered,9,True,D:\Running_Place\PostGraduateProjects\Experiments\PostGraduate\backbones\GeometryPreservingRadialGate\Seg-SADG\BaryRadGate\a0p08\rho0p5\gb8\sadg0p05\shot3\Seed1,D:\Running_Place\PostGraduateProjects\Experiments\PostGraduate\backbones\Prompts\GeometryPreservingRadialGate\Seg-SADG\BaryRadGate\a0p08\rho0p5\gb8\sadg0p05\shot3\Seed1
Seg-SADG,Seg-SADG,Seg-SADG,LF-Barycenter-RadialGate,fixed,cosine,none,radial,8,1.0,0.4887005686759949,0.5012127161026001,0.4965112507343292,0.49906698|0.49633405|0.48870057|0.49502078|0.49486834|0.49661687|0.50121272|0.50026965,15.0,1.0,1.0,1.0,0.0,0.08,0.5,0.05,0.05,0.5,0.0001,0.001,0.001,0.0,0.0,1e-06,15.0,5.0,40.0,0.02,0.98,0.001,0.001,0.0001,0.01,0.001,False,0.1,32.0,1e-06,none,,,False,0.5,style_rho0p5,sadg_rho0p05,9,9,19,19,new_training,3,1,140,0.03118970286515024,0.031055554747581482,0.0026823734968072837,2.964073707466418e-08,2.964073707466418e-08,2.5313125459231538e-05,1.8135638634299135e-05,8.973785144108762e-06,0.0,0.0,0.0,0.0,0.0,0.0,0.0,0.0,0.0,0.0,0.0,0.0,0.0,0.0,0.0,0.024301249947812822,0.10010493712292777,0.05,9,72|31|126,35,all_filtered,9,True,D:\Running_Place\PostGraduateProjects\Experiments\PostGraduate\backbones\GeometryPreservingRadialGate\Seg-SADG\BaryRadGate\a0p08\rho0p5\gb8\sadg0p05\shot3\Seed1,D:\Running_Place\PostGraduateProjects\Experiments\PostGraduate\backbones\Prompts\GeometryPreservingRadialGate\Seg-SADG\BaryRadGate\a0p08\rho0p5\gb8\sadg0p05\shot3\Seed1
Seg-SADG,Seg-SADG,Seg-SADG,LF-Barycenter-RadialGate,fixed,cosine,none,radial,8,1.0,0.48881983757019043,0.5013627409934998,0.49660199880599976,0.49932536|0.49631071|0.48881984|0.49493939|0.49486014|0.49656966|0.50136274|0.50062799,15.0,1.0,1.0,1.0,0.0,0.08,0.5,0.05,0.05,0.5,0.0001,0.001,0.001,0.0,0.0,1e-06,15.0,5.0,40.0,0.02,0.98,0.001,0.001,0.0001,0.01,0.001,False,0.1,32.0,1e-06,none,,,False,0.5,style_rho0p5,sadg_rho0p05,9,9,19,19,new_training,3,1,141,0.030722784499327343,0.030577687546610832,0.002901346810782949,3.0450143147694085e-08,3.0450143147694085e-08,2.579558268836182e-05,1.8697058395547276e-05,9.17352493464326e-06,0.0,0.0,0.0,0.0,0.0,0.0,0.0,0.0,0.0,0.0,0.0,0.0,0.0,0.0,0.0,0.02386362250480387,0.10059611168172625,0.05,9,72|31|126,35,all_filtered,9,True,D:\Running_Place\PostGraduateProjects\Experiments\PostGraduate\backbones\GeometryPreservingRadialGate\Seg-SADG\BaryRadGate\a0p08\rho0p5\gb8\sadg0p05\shot3\Seed1,D:\Running_Place\PostGraduateProjects\Experiments\PostGraduate\backbones\Prompts\GeometryPreservingRadialGate\Seg-SADG\BaryRadGate\a0p08\rho0p5\gb8\sadg0p05\shot3\Seed1
Seg-SADG,Seg-SADG,Seg-SADG,LF-Barycenter-RadialGate,fixed,cosine,none,radial,8,1.0,0.48899561166763306,0.501478374004364,0.4966405928134918,0.49932596|0.49642563|0.48899561|0.49495241|0.49477783|0.49658018|0.50147837|0.50058866,15.0,1.0,1.0,1.0,0.0,0.08,0.5,0.05,0.05,0.5,0.0001,0.001,0.001,0.0,0.0,1e-06,15.0,5.0,40.0,0.02,0.98,0.001,0.001,0.0001,0.01,0.001,False,0.1,32.0,1e-06,none,,,False,0.5,style_rho0p5,sadg_rho0p05,9,9,19,19,new_training,3,1,142,0.029107279868589506,0.02898290856844849,0.002486824911708633,2.9602998965730066e-08,2.9602998965730066e-08,2.5333400117233396e-05,1.8138964757478487e-05,8.930692678808959e-06,0.0,0.0,0.0,0.0,0.0,0.0,0.0,0.0,0.0,0.0,0.0,0.0,0.0,0.0,0.0,0.02324665006664064,0.08714206599526936,0.05,9,72|31|126,35,all_filtered,9,True,D:\Running_Place\PostGraduateProjects\Experiments\PostGraduate\backbones\GeometryPreservingRadialGate\Seg-SADG\BaryRadGate\a0p08\rho0p5\gb8\sadg0p05\shot3\Seed1,D:\Running_Place\PostGraduateProjects\Experiments\PostGraduate\backbones\Prompts\GeometryPreservingRadialGate\Seg-SADG\BaryRadGate\a0p08\rho0p5\gb8\sadg0p05\shot3\Seed1
Seg-SADG,Seg-SADG,Seg-SADG,LF-Barycenter-RadialGate,fixed,cosine,none,radial,8,1.0,0.48877957463264465,0.5017732977867126,0.49660930037498474,0.49916336|0.49624366|0.48877957|0.49501482|0.49457395|0.49667203|0.5017733|0.50065386,15.0,1.0,1.0,1.0,0.0,0.08,0.5,0.05,0.05,0.5,0.0001,0.001,0.001,0.0,0.0,1e-06,15.0,5.0,40.0,0.02,0.98,0.001,0.001,0.0001,0.01,0.001,False,0.1,32.0,1e-06,none,,,False,0.5,style_rho0p5,sadg_rho0p05,9,9,19,19,new_training,3,1,143,0.02839135006070137,0.02826376010974248,0.002551182224932644,3.0559894170778534e-08,3.0559894170778534e-08,2.5544945553216774e-05,1.8649702421195496e-05,9.355695813913675e-06,0.0,0.0,0.0,0.0,0.0,0.0,0.0,0.0,0.0,0.0,0.0,0.0,0.0,0.0,0.0,0.022480112810929615,0.08733777619070476,0.05,9,72|31|126,35,all_filtered,9,True,D:\Running_Place\PostGraduateProjects\Experiments\PostGraduate\backbones\GeometryPreservingRadialGate\Seg-SADG\BaryRadGate\a0p08\rho0p5\gb8\sadg0p05\shot3\Seed1,D:\Running_Place\PostGraduateProjects\Experiments\PostGraduate\backbones\Prompts\GeometryPreservingRadialGate\Seg-SADG\BaryRadGate\a0p08\rho0p5\gb8\sadg0p05\shot3\Seed1
Seg-SADG,Seg-SADG,Seg-SADG,LF-Barycenter-RadialGate,fixed,cosine,none,radial,8,1.0,0.4884944260120392,0.5016791224479675,0.49663299322128296,0.49926141|0.49628076|0.48849443|0.49499676|0.49464935|0.49669591|0.50167912|0.50100607,15.0,1.0,1.0,1.0,0.0,0.08,0.5,0.05,0.05,0.5,0.0001,0.001,0.001,0.0,0.0,1e-06,15.0,5.0,40.0,0.02,0.98,0.001,0.001,0.0001,0.01,0.001,False,0.1,32.0,1e-06,none,,,False,0.5,style_rho0p5,sadg_rho0p05,9,9,19,19,new_training,3,1,144,0.02944859965807862,0.02931570489373472,0.0026572336597989,3.2297732685846213e-08,3.2297732685846213e-08,2.6706120075282848e-05,1.962367524457578e-05,1.0003443397484565e-05,0.0,0.0,0.0,0.0,0.0,0.0,0.0,0.0,0.0,0.0,0.0,0.0,0.0,0.0,0.0,0.022579331157935992,0.10104412585496902,0.05,9,72|31|126,35,all_filtered,9,True,D:\Running_Place\PostGraduateProjects\Experiments\PostGraduate\backbones\GeometryPreservingRadialGate\Seg-SADG\BaryRadGate\a0p08\rho0p5\gb8\sadg0p05\shot3\Seed1,D:\Running_Place\PostGraduateProjects\Experiments\PostGraduate\backbones\Prompts\GeometryPreservingRadialGate\Seg-SADG\BaryRadGate\a0p08\rho0p5\gb8\sadg0p05\shot3\Seed1
Seg-SADG,Seg-SADG,Seg-SADG,LF-Barycenter-RadialGate,fixed,cosine,none,radial,8,1.0,0.4883236885070801,0.5014559030532837,0.4966290295124054,0.49940228|0.49625868|0.48832369|0.49508935|0.49454874|0.49689439|0.5014559|0.50105911,15.0,1.0,1.0,1.0,0.0,0.08,0.5,0.05,0.05,0.5,0.0001,0.001,0.001,0.0,0.0,1e-06,15.0,5.0,40.0,0.02,0.98,0.001,0.001,0.0001,0.01,0.001,False,0.1,32.0,1e-06,none,,,False,0.5,style_rho0p5,sadg_rho0p05,9,9,19,19,new_training,3,1,145,0.028298508789804246,0.028178764921095636,0.0023942104695985713,3.357635907579808e-08,3.357635907579808e-08,2.6902455728203575e-05,2.0617013231256147e-05,1.0269098816530055e-05,0.0,0.0,0.0,0.0,0.0,0.0,0.0,0.0,0.0,0.0,0.0,0.0,0.0,0.0,0.0,0.021948290160960622,0.08986443363957936,0.05,9,72|31|126,35,all_filtered,9,True,D:\Running_Place\PostGraduateProjects\Experiments\PostGraduate\backbones\GeometryPreservingRadialGate\Seg-SADG\BaryRadGate\a0p08\rho0p5\gb8\sadg0p05\shot3\Seed1,D:\Running_Place\PostGraduateProjects\Experiments\PostGraduate\backbones\Prompts\GeometryPreservingRadialGate\Seg-SADG\BaryRadGate\a0p08\rho0p5\gb8\sadg0p05\shot3\Seed1
Seg-SADG,Seg-SADG,Seg-SADG,LF-Barycenter-RadialGate,fixed,cosine,none,radial,8,1.0,0.48825183510780334,0.5015525817871094,0.4965434670448303,0.49925527|0.4961684|0.48825184|0.4949992|0.49412215|0.49697036|0.50155258|0.501028,15.0,1.0,1.0,1.0,0.0,0.08,0.5,0.05,0.05,0.5,0.0001,0.001,0.001,0.0,0.0,1e-06,15.0,5.0,40.0,0.02,0.98,0.001,0.001,0.0001,0.01,0.001,False,0.1,32.0,1e-06,none,,,False,0.5,style_rho0p5,sadg_rho0p05,9,9,19,19,new_training,3,1,146,0.028356637805700302,0.028236982102195423,0.002392442715871665,3.3846981513837214e-08,3.3846981513837214e-08,2.7456920280302358e-05,2.0750395277799624e-05,1.0350892807764467e-05,0.0,0.0,0.0,0.0,0.0,0.0,0.0,0.0,0.0,0.0,0.0,0.0,0.0,0.0,0.0,0.021900342570410833,0.09606423394547568,0.05,9,72|31|126,35,all_filtered,9,True,D:\Running_Place\PostGraduateProjects\Experiments\PostGraduate\backbones\GeometryPreservingRadialGate\Seg-SADG\BaryRadGate\a0p08\rho0p5\gb8\sadg0p05\shot3\Seed1,D:\Running_Place\PostGraduateProjects\Experiments\PostGraduate\backbones\Prompts\GeometryPreservingRadialGate\Seg-SADG\BaryRadGate\a0p08\rho0p5\gb8\sadg0p05\shot3\Seed1
Seg-SADG,Seg-SADG,Seg-SADG,LF-Barycenter-RadialGate,fixed,cosine,none,radial,8,1.0,0.48798951506614685,0.5017433166503906,0.49652495980262756,0.4992418|0.49608684|0.48798952|0.49483761|0.49421746|0.49688998|0.50174332|0.50119305,15.0,1.0,1.0,1.0,0.0,0.08,0.5,0.05,0.05,0.5,0.0001,0.001,0.001,0.0,0.0,1e-06,15.0,5.0,40.0,0.02,0.98,0.001,0.001,0.0001,0.01,0.001,False,0.1,32.0,1e-06,none,,,False,0.5,style_rho0p5,sadg_rho0p05,9,9,19,19,new_training,3,1,147,0.02656770394080215,0.0264547411352396,0.002258543727091617,3.570782030553548e-08,3.570782030553548e-08,2.8848916271171118e-05,2.17649232783717e-05,1.1058003817904844e-05,0.0,0.0,0.0,0.0,0.0,0.0,0.0,0.0,0.0,0.0,0.0,0.0,0.0,0.0,0.0,0.021082143609722454,0.08097497953308953,0.05,9,72|31|126,35,all_filtered,9,True,D:\Running_Place\PostGraduateProjects\Experiments\PostGraduate\backbones\GeometryPreservingRadialGate\Seg-SADG\BaryRadGate\a0p08\rho0p5\gb8\sadg0p05\shot3\Seed1,D:\Running_Place\PostGraduateProjects\Experiments\PostGraduate\backbones\Prompts\GeometryPreservingRadialGate\Seg-SADG\BaryRadGate\a0p08\rho0p5\gb8\sadg0p05\shot3\Seed1
Seg-SADG,Seg-SADG,Seg-SADG,LF-Barycenter-RadialGate,fixed,cosine,none,radial,8,1.0,0.48830509185791016,0.5017845034599304,0.4965447783470154,0.49960122|0.49616733|0.48830509|0.49437043|0.49414694|0.49686927|0.5017845|0.50111347,15.0,1.0,1.0,1.0,0.0,0.08,0.5,0.05,0.05,0.5,0.0001,0.001,0.001,0.0,0.0,1e-06,15.0,5.0,40.0,0.02,0.98,0.001,0.001,0.0001,0.01,0.001,False,0.1,32.0,1e-06,none,,,False,0.5,style_rho0p5,sadg_rho0p05,9,9,19,19,new_training,3,1,148,0.026859899154967733,0.026735909490121737,0.0024791002377039855,3.462961315234578e-08,3.462961315234578e-08,2.9180766634656014e-05,2.1200545234023593e-05,1.0510990149567886e-05,0.0,0.0,0.0,0.0,0.0,0.0,0.0,0.0,0.0,0.0,0.0,0.0,0.0,0.0,0.0,0.020999193812410038,0.08628628734085295,0.05,9,72|31|126,35,all_filtered,9,True,D:\Running_Place\PostGraduateProjects\Experiments\PostGraduate\backbones\GeometryPreservingRadialGate\Seg-SADG\BaryRadGate\a0p08\rho0p5\gb8\sadg0p05\shot3\Seed1,D:\Running_Place\PostGraduateProjects\Experiments\PostGraduate\backbones\Prompts\GeometryPreservingRadialGate\Seg-SADG\BaryRadGate\a0p08\rho0p5\gb8\sadg0p05\shot3\Seed1
Seg-SADG,Seg-SADG,Seg-SADG,LF-Barycenter-RadialGate,fixed,cosine,none,radial,8,1.0,0.48849961161613464,0.5016869306564331,0.4965575337409973,0.49963298|0.49594522|0.48849961|0.49446326|0.4942587|0.4968814|0.50168693|0.50109226,15.0,1.0,1.0,1.0,0.0,0.08,0.5,0.05,0.05,0.5,0.0001,0.001,0.001,0.0,0.0,1e-06,15.0,5.0,40.0,0.02,0.98,0.001,0.001,0.0001,0.01,0.001,False,0.1,32.0,1e-06,none,,,False,0.5,style_rho0p5,sadg_rho0p05,9,9,19,19,new_training,3,1,149,0.027518431552582316,0.02739919846256574,0.002384013819715215,3.198804776616271e-08,3.198804776616271e-08,2.8616362518126454e-05,1.9706038478438535e-05,9.42037089165145e-06,0.0,0.0,0.0,0.0,0.0,0.0,0.0,0.0,0.0,0.0,0.0,0.0,0.0,0.0,0.0,0.0207205917686224,0.0938199729555183,0.05,9,72|31|126,35,all_filtered,9,True,D:\Running_Place\PostGraduateProjects\Experiments\PostGraduate\backbones\GeometryPreservingRadialGate\Seg-SADG\BaryRadGate\a0p08\rho0p5\gb8\sadg0p05\shot3\Seed1,D:\Running_Place\PostGraduateProjects\Experiments\PostGraduate\backbones\Prompts\GeometryPreservingRadialGate\Seg-SADG\BaryRadGate\a0p08\rho0p5\gb8\sadg0p05\shot3\Seed1
Seg-SADG,Seg-SADG,Seg-SADG,LF-Barycenter-RadialGate,fixed,cosine,none,radial,8,1.0,0.48825058341026306,0.5015548467636108,0.49651196599006653,0.4995335|0.49566931|0.48825058|0.49461341|0.49431148|0.49701044|0.50155485|0.50115216,15.0,1.0,1.0,1.0,0.0,0.08,0.5,0.05,0.05,0.5,0.0001,0.001,0.001,0.0,0.0,1e-06,15.0,5.0,40.0,0.02,0.98,0.001,0.001,0.0001,0.01,0.001,False,0.1,32.0,1e-06,none,,,False,0.5,style_rho0p5,sadg_rho0p05,9,9,19,19,new_training,3,1,150,0.027159132063388824,0.027042176574468613,0.0023384751467448142,3.20690038475075e-08,3.20690038475075e-08,2.850359204684436e-05,1.9573431119271037e-05,9.64521273595488e-06,0.0,0.0,0.0,0.0,0.0,0.0,0.0,0.0,0.0,0.0,0.0,0.0,0.0,0.0,0.0,0.020674492749902938,0.09362550328175227,0.05,9,72|31|126,35,all_filtered,9,True,D:\Running_Place\PostGraduateProjects\Experiments\PostGraduate\backbones\GeometryPreservingRadialGate\Seg-SADG\BaryRadGate\a0p08\rho0p5\gb8\sadg0p05\shot3\Seed1,D:\Running_Place\PostGraduateProjects\Experiments\PostGraduate\backbones\Prompts\GeometryPreservingRadialGate\Seg-SADG\BaryRadGate\a0p08\rho0p5\gb8\sadg0p05\shot3\Seed1
Seg-SADG,Seg-SADG,Seg-SADG,LF-Barycenter-RadialGate,fixed,cosine,none,radial,8,1.0,0.48808321356773376,0.5016613602638245,0.4964960813522339,0.49959895|0.49569729|0.48808321|0.49458|0.49413666|0.49695051|0.50166136|0.50126082,15.0,1.0,1.0,1.0,0.0,0.08,0.5,0.05,0.05,0.5,0.0001,0.001,0.001,0.0,0.0,1e-06,15.0,5.0,40.0,0.02,0.98,0.001,0.001,0.0001,0.01,0.001,False,0.1,32.0,1e-06,none,,,False,0.5,style_rho0p5,sadg_rho0p05,9,9,19,19,new_training,3,1,151,0.02596196449465222,0.025856327679422166,0.0021120707970112562,3.334337408647217e-08,3.334337408647217e-08,2.9349318639207115e-05,2.0339904343321297e-05,1.0068536842785155e-05,0.0,0.0,0.0,0.0,0.0,0.0,0.0,0.0,0.0,0.0,0.0,0.0,0.0,0.0,0.0,0.02016623504459858,0.08757070948680241,0.05,9,72|31|126,35,all_filtered,9,True,D:\Running_Place\PostGraduateProjects\Experiments\PostGraduate\backbones\GeometryPreservingRadialGate\Seg-SADG\BaryRadGate\a0p08\rho0p5\gb8\sadg0p05\shot3\Seed1,D:\Running_Place\PostGraduateProjects\Experiments\PostGraduate\backbones\Prompts\GeometryPreservingRadialGate\Seg-SADG\BaryRadGate\a0p08\rho0p5\gb8\sadg0p05\shot3\Seed1
Seg-SADG,Seg-SADG,Seg-SADG,LF-Barycenter-RadialGate,fixed,cosine,none,radial,8,1.0,0.4879729449748993,0.5014846920967102,0.49645012617111206,0.49983305|0.49567786|0.48797294|0.49458823|0.49404514|0.49682653|0.50148469|0.50117236,15.0,1.0,1.0,1.0,0.0,0.08,0.5,0.05,0.05,0.5,0.0001,0.001,0.001,0.0,0.0,1e-06,15.0,5.0,40.0,0.02,0.98,0.001,0.001,0.0001,0.01,0.001,False,0.1,32.0,1e-06,none,,,False,0.5,style_rho0p5,sadg_rho0p05,9,9,19,19,new_training,3,1,152,0.026061844287647143,0.02595163281593058,0.0022035399451851845,3.4481448017863336e-08,3.4481448017863336e-08,2.9879649244119515e-05,2.1077479282717428e-05,1.0416002219749822e-05,0.0,0.0,0.0,0.0,0.0,0.0,0.0,0.0,0.0,0.0,0.0,0.0,0.0,0.0,0.0,0.02000309382047918,0.08632884174585342,0.05,9,72|31|126,35,all_filtered,9,True,D:\Running_Place\PostGraduateProjects\Experiments\PostGraduate\backbones\GeometryPreservingRadialGate\Seg-SADG\BaryRadGate\a0p08\rho0p5\gb8\sadg0p05\shot3\Seed1,D:\Running_Place\PostGraduateProjects\Experiments\PostGraduate\backbones\Prompts\GeometryPreservingRadialGate\Seg-SADG\BaryRadGate\a0p08\rho0p5\gb8\sadg0p05\shot3\Seed1
Seg-SADG,Seg-SADG,Seg-SADG,LF-Barycenter-RadialGate,fixed,cosine,none,radial,8,1.0,0.487966924905777,0.5012233853340149,0.49633172154426575,0.49963155|0.49560106|0.48796692|0.49435773|0.49377355|0.49693862|0.5011611|0.50122339,15.0,1.0,1.0,1.0,0.0,0.08,0.5,0.05,0.05,0.5,0.0001,0.001,0.001,0.0,0.0,1e-06,15.0,5.0,40.0,0.02,0.98,0.001,0.001,0.0001,0.01,0.001,False,0.1,32.0,1e-06,none,,,False,0.5,style_rho0p5,sadg_rho0p05,9,9,19,19,new_training,3,1,153,0.025795696924130123,0.025692655187514093,0.0020601559921892155,3.436253276984442e-08,3.436253276984442e-08,3.0441973851540955e-05,2.1123246470880178e-05,1.0195087775678581e-05,0.0,0.0,0.0,0.0,0.0,0.0,0.0,0.0,0.0,0.0,0.0,0.0,0.0,0.0,0.0,0.019640235230326653,0.09007679091559516,0.05,9,72|31|126,35,all_filtered,9,True,D:\Running_Place\PostGraduateProjects\Experiments\PostGraduate\backbones\GeometryPreservingRadialGate\Seg-SADG\BaryRadGate\a0p08\rho0p5\gb8\sadg0p05\shot3\Seed1,D:\Running_Place\PostGraduateProjects\Experiments\PostGraduate\backbones\Prompts\GeometryPreservingRadialGate\Seg-SADG\BaryRadGate\a0p08\rho0p5\gb8\sadg0p05\shot3\Seed1
Seg-SADG,Seg-SADG,Seg-SADG,LF-Barycenter-RadialGate,fixed,cosine,none,radial,8,1.0,0.48788756132125854,0.5010190010070801,0.49619632959365845,0.49963191|0.49558708|0.48788756|0.49407965|0.49369833|0.49703401|0.501019|0.50063324,15.0,1.0,1.0,1.0,0.0,0.08,0.5,0.05,0.05,0.5,0.0001,0.001,0.001,0.0,0.0,1e-06,15.0,5.0,40.0,0.02,0.98,0.001,0.001,0.0001,0.01,0.001,False,0.1,32.0,1e-06,none,,,False,0.5,style_rho0p5,sadg_rho0p05,9,9,19,19,new_training,3,1,154,0.025994402666886646,0.025890612974762917,0.0020751203280977076,3.303140832460687e-08,3.303140832460687e-08,3.130127071118396e-05,2.0304878085476554e-05,9.596401772190196e-06,0.0,0.0,0.0,0.0,0.0,0.0,0.0,0.0,0.0,0.0,0.0,0.0,0.0,0.0,0.0,0.019931036771999464,0.09099520328972074,0.05,9,72|31|126,35,all_filtered,9,True,D:\Running_Place\PostGraduateProjects\Experiments\PostGraduate\backbones\GeometryPreservingRadialGate\Seg-SADG\BaryRadGate\a0p08\rho0p5\gb8\sadg0p05\shot3\Seed1,D:\Running_Place\PostGraduateProjects\Experiments\PostGraduate\backbones\Prompts\GeometryPreservingRadialGate\Seg-SADG\BaryRadGate\a0p08\rho0p5\gb8\sadg0p05\shot3\Seed1
Seg-SADG,Seg-SADG,Seg-SADG,LF-Barycenter-RadialGate,fixed,cosine,none,radial,8,1.0,0.4874553978443146,0.5008134245872498,0.4961209297180176,0.4996624|0.49563813|0.4874554|0.49404982|0.49386957|0.49736372|0.50081342|0.50011492,15.0,1.0,1.0,1.0,0.0,0.08,0.5,0.05,0.05,0.5,0.0001,0.001,0.001,0.0,0.0,1e-06,15.0,5.0,40.0,0.02,0.98,0.001,0.001,0.0001,0.01,0.001,False,0.1,32.0,1e-06,none,,,False,0.5,style_rho0p5,sadg_rho0p05,9,9,19,19,new_training,3,1,155,0.025285572227504518,0.02518378011882305,0.0020351726691135103,3.353245266642565e-08,3.353245266642565e-08,3.1692937126434925e-05,2.083127603529849e-05,9.531881510661657e-06,0.0,0.0,0.0,0.0,0.0,0.0,0.0,0.0,0.0,0.0,0.0,0.0,0.0,0.0,0.0,0.01966093625459406,0.08475954830646515,0.05,9,72|31|126,35,all_filtered,9,True,D:\Running_Place\PostGraduateProjects\Experiments\PostGraduate\backbones\GeometryPreservingRadialGate\Seg-SADG\BaryRadGate\a0p08\rho0p5\gb8\sadg0p05\shot3\Seed1,D:\Running_Place\PostGraduateProjects\Experiments\PostGraduate\backbones\Prompts\GeometryPreservingRadialGate\Seg-SADG\BaryRadGate\a0p08\rho0p5\gb8\sadg0p05\shot3\Seed1
Seg-SADG,Seg-SADG,Seg-SADG,LF-Barycenter-RadialGate,fixed,cosine,none,radial,8,1.0,0.48769819736480713,0.5007491111755371,0.49620863795280457,0.49976563|0.49587095|0.4876982|0.4940626|0.49382201|0.497713|0.50074911|0.49998748,15.0,1.0,1.0,1.0,0.0,0.08,0.5,0.05,0.05,0.5,0.0001,0.001,0.001,0.0,0.0,1e-06,15.0,5.0,40.0,0.02,0.98,0.001,0.001,0.0001,0.01,0.001,False,0.1,32.0,1e-06,none,,,False,0.5,style_rho0p5,sadg_rho0p05,9,9,19,19,new_training,3,1,156,0.025564208212825987,0.02546134177181456,0.0020566328894346952,3.447038289373773e-08,3.447038289373773e-08,3.188557497600818e-05,2.1682014954017683e-05,9.599809547782772e-06,0.0,0.0,0.0,0.0,0.0,0.0,0.0,0.0,0.0,0.0,0.0,0.0,0.0,0.0,0.0,0.019351551309227943,0.08866845733589596,0.05,9,72|31|126,35,all_filtered,9,True,D:\Running_Place\PostGraduateProjects\Experiments\PostGraduate\backbones\GeometryPreservingRadialGate\Seg-SADG\BaryRadGate\a0p08\rho0p5\gb8\sadg0p05\shot3\Seed1,D:\Running_Place\PostGraduateProjects\Experiments\PostGraduate\backbones\Prompts\GeometryPreservingRadialGate\Seg-SADG\BaryRadGate\a0p08\rho0p5\gb8\sadg0p05\shot3\Seed1
Seg-SADG,Seg-SADG,Seg-SADG,LF-Barycenter-RadialGate,fixed,cosine,none,radial,8,1.0,0.4879084527492523,0.5010678172111511,0.4963705241680145,0.49997288|0.49606323|0.48790845|0.4940117|0.49366015|0.49791992|0.50106782|0.50035995,15.0,1.0,1.0,1.0,0.0,0.08,0.5,0.05,0.05,0.5,0.0001,0.001,0.001,0.0,0.0,1e-06,15.0,5.0,40.0,0.02,0.98,0.001,0.001,0.0001,0.01,0.001,False,0.1,32.0,1e-06,none,,,False,0.5,style_rho0p5,sadg_rho0p05,9,9,19,19,new_training,3,1,157,0.024958899658587243,0.024855683868130047,0.0020636587481324873,3.288853791774373e-08,3.288853791774373e-08,3.05367654315584e-05,2.074529584206175e-05,9.089564223864323e-06,0.0,0.0,0.0,0.0,0.0,0.0,0.0,0.0,0.0,0.0,0.0,0.0,0.0,0.0,0.0,0.019020424741837714,0.08538730318347613,0.05,9,72|31|126,35,all_filtered,9,True,D:\Running_Place\PostGraduateProjects\Experiments\PostGraduate\backbones\GeometryPreservingRadialGate\Seg-SADG\BaryRadGate\a0p08\rho0p5\gb8\sadg0p05\shot3\Seed1,D:\Running_Place\PostGraduateProjects\Experiments\PostGraduate\backbones\Prompts\GeometryPreservingRadialGate\Seg-SADG\BaryRadGate\a0p08\rho0p5\gb8\sadg0p05\shot3\Seed1
Seg-SADG,Seg-SADG,Seg-SADG,LF-Barycenter-RadialGate,fixed,cosine,none,radial,8,1.0,0.48785272240638733,0.5012169480323792,0.49644386768341064,0.5002405|0.49626985|0.48785272|0.49392205|0.493523|0.49807915|0.50121695|0.5004465,15.0,1.0,1.0,1.0,0.0,0.08,0.5,0.05,0.05,0.5,0.0001,0.001,0.001,0.0,0.0,1e-06,15.0,5.0,40.0,0.02,0.98,0.001,0.001,0.0001,0.01,0.001,False,0.1,32.0,1e-06,none,,,False,0.5,style_rho0p5,sadg_rho0p05,9,9,19,19,new_training,3,1,158,0.024166765726274915,0.024072149354550574,0.0018916454088563721,3.412156956983381e-08,3.412156956983381e-08,3.049234712509335e-05,2.155485526600387e-05,9.517478247289546e-06,0.0,0.0,0.0,0.0,0.0,0.0,0.0,0.0,0.0,0.0,0.0,0.0,0.0,0.0,0.0,0.018641396529144712,0.0806407021979491,0.05,9,72|31|126,35,all_filtered,9,True,D:\Running_Place\PostGraduateProjects\Experiments\PostGraduate\backbones\GeometryPreservingRadialGate\Seg-SADG\BaryRadGate\a0p08\rho0p5\gb8\sadg0p05\shot3\Seed1,D:\Running_Place\PostGraduateProjects\Experiments\PostGraduate\backbones\Prompts\GeometryPreservingRadialGate\Seg-SADG\BaryRadGate\a0p08\rho0p5\gb8\sadg0p05\shot3\Seed1
Seg-SADG,Seg-SADG,Seg-SADG,LF-Barycenter-RadialGate,fixed,cosine,none,radial,8,1.0,0.48744767904281616,0.5010758638381958,0.4963732957839966,0.50047451|0.49605244|0.48744768|0.4936831|0.49401069|0.49773899|0.50107586|0.50050306,15.0,1.0,1.0,1.0,0.0,0.08,0.5,0.05,0.05,0.5,0.0001,0.001,0.001,0.0,0.0,1e-06,15.0,5.0,40.0,0.02,0.98,0.001,0.001,0.0001,0.01,0.001,False,0.1,32.0,1e-06,none,,,False,0.5,style_rho0p5,sadg_rho0p05,9,9,19,19,new_training,3,1,159,0.02432323930164178,0.02422850475543075,0.0018939832354792291,3.491741098729209e-08,3.491741098729209e-08,3.123877063949799e-05,2.236107563173088e-05,9.432457065688342e-06,0.0,0.0,0.0,0.0,0.0,0.0,0.0,0.0,0.0,0.0,0.0,0.0,0.0,0.0,0.0,0.018560895696282387,0.08478525694873598,0.05,9,72|31|126,35,all_filtered,9,True,D:\Running_Place\PostGraduateProjects\Experiments\PostGraduate\backbones\GeometryPreservingRadialGate\Seg-SADG\BaryRadGate\a0p08\rho0p5\gb8\sadg0p05\shot3\Seed1,D:\Running_Place\PostGraduateProjects\Experiments\PostGraduate\backbones\Prompts\GeometryPreservingRadialGate\Seg-SADG\BaryRadGate\a0p08\rho0p5\gb8\sadg0p05\shot3\Seed1
Seg-SADG,Seg-SADG,Seg-SADG,LF-Barycenter-RadialGate,fixed,cosine,none,radial,8,1.0,0.4872722327709198,0.5012545585632324,0.49633994698524475,0.50044078|0.49600318|0.48727223|0.49337816|0.49446532|0.49759725|0.50125456|0.50030804,15.0,1.0,1.0,1.0,0.0,0.08,0.5,0.05,0.05,0.5,0.0001,0.001,0.001,0.0,0.0,1e-06,15.0,5.0,40.0,0.02,0.98,0.001,0.001,0.0001,0.01,0.001,False,0.1,32.0,1e-06,none,,,False,0.5,style_rho0p5,sadg_rho0p05,9,9,19,19,new_training,3,1,160,0.023641653772857454,0.023545338668757014,0.0019255915604945687,3.485441940003713e-08,3.485441940003713e-08,3.237319348651605e-05,2.2615628040512092e-05,9.001470971270464e-06,0.0,0.0,0.0,0.0,0.0,0.0,0.0,0.0,0.0,0.0,0.0,0.0,0.0,0.0,0.0,0.01818630326953199,0.07970235662327872,0.05,9,72|31|126,35,all_filtered,9,True,D:\Running_Place\PostGraduateProjects\Experiments\PostGraduate\backbones\GeometryPreservingRadialGate\Seg-SADG\BaryRadGate\a0p08\rho0p5\gb8\sadg0p05\shot3\Seed1,D:\Running_Place\PostGraduateProjects\Experiments\PostGraduate\backbones\Prompts\GeometryPreservingRadialGate\Seg-SADG\BaryRadGate\a0p08\rho0p5\gb8\sadg0p05\shot3\Seed1
Seg-SADG,Seg-SADG,Seg-SADG,LF-Barycenter-RadialGate,fixed,cosine,none,radial,8,1.0,0.4870995879173279,0.5011184215545654,0.49632540345191956,0.5006032|0.49606782|0.48709959|0.49355441|0.49457002|0.49763492|0.50111842|0.499955,15.0,1.0,1.0,1.0,0.0,0.08,0.5,0.05,0.05,0.5,0.0001,0.001,0.001,0.0,0.0,1e-06,15.0,5.0,40.0,0.02,0.98,0.001,0.001,0.0001,0.01,0.001,False,0.1,32.0,1e-06,none,,,False,0.5,style_rho0p5,sadg_rho0p05,9,9,19,19,new_training,3,1,161,0.023633572376436658,0.023542215012841754,0.001826440527414282,3.508193557877348e-08,3.508193557877348e-08,3.234906964482636e-05,2.2969960708804945e-05,8.877066243763289e-06,0.0,0.0,0.0,0.0,0.0,0.0,0.0,0.0,0.0,0.0,0.0,0.0,0.0,0.0,0.0,0.017866158650981054,0.08159773175915082,0.05,9,72|31|126,35,all_filtered,9,True,D:\Running_Place\PostGraduateProjects\Experiments\PostGraduate\backbones\GeometryPreservingRadialGate\Seg-SADG\BaryRadGate\a0p08\rho0p5\gb8\sadg0p05\shot3\Seed1,D:\Running_Place\PostGraduateProjects\Experiments\PostGraduate\backbones\Prompts\GeometryPreservingRadialGate\Seg-SADG\BaryRadGate\a0p08\rho0p5\gb8\sadg0p05\shot3\Seed1
Seg-SADG,Seg-SADG,Seg-SADG,LF-Barycenter-RadialGate,fixed,cosine,none,radial,8,1.0,0.48684585094451904,0.5009635090827942,0.49635833501815796,0.50081885|0.49619892|0.48684585|0.49360079|0.49482664|0.49755174|0.50096351|0.5000602,15.0,1.0,1.0,1.0,0.0,0.08,0.5,0.05,0.05,0.5,0.0001,0.001,0.001,0.0,0.0,1e-06,15.0,5.0,40.0,0.02,0.98,0.001,0.001,0.0001,0.01,0.001,False,0.1,32.0,1e-06,none,,,False,0.5,style_rho0p5,sadg_rho0p05,9,9,19,19,new_training,3,1,162,0.024105681520369317,0.024007878369755216,0.001955321291461587,3.7010642649369807e-08,3.7010642649369807e-08,3.2763871179971225e-05,2.4420083516613682e-05,9.314170509039994e-06,0.0,0.0,0.0,0.0,0.0,0.0,0.0,0.0,0.0,0.0,0.0,0.0,0.0,0.0,0.0,0.01793518103659153,0.0896648301018609,0.05,9,72|31|126,35,all_filtered,9,True,D:\Running_Place\PostGraduateProjects\Experiments\PostGraduate\backbones\GeometryPreservingRadialGate\Seg-SADG\BaryRadGate\a0p08\rho0p5\gb8\sadg0p05\shot3\Seed1,D:\Running_Place\PostGraduateProjects\Experiments\PostGraduate\backbones\Prompts\GeometryPreservingRadialGate\Seg-SADG\BaryRadGate\a0p08\rho0p5\gb8\sadg0p05\shot3\Seed1
Seg-SADG,Seg-SADG,Seg-SADG,LF-Barycenter-RadialGate,fixed,cosine,none,radial,8,1.0,0.4865756034851074,0.501459538936615,0.49646759033203125,0.50093514|0.49657032|0.4865756|0.49343359|0.49496701|0.49742818|0.50145954|0.50037134,15.0,1.0,1.0,1.0,0.0,0.08,0.5,0.05,0.05,0.5,0.0001,0.001,0.001,0.0,0.0,1e-06,15.0,5.0,40.0,0.02,0.98,0.001,0.001,0.0001,0.01,0.001,False,0.1,32.0,1e-06,none,,,False,0.5,style_rho0p5,sadg_rho0p05,9,9,19,19,new_training,3,1,163,0.023932391984595194,0.023834116549955472,0.0019647294603702095,3.9165016119113716e-08,3.9165016119113716e-08,3.306441026830321e-05,2.6065644811347334e-05,9.792928722163197e-06,0.0,0.0,0.0,0.0,0.0,0.0,0.0,0.0,0.0,0.0,0.0,0.0,0.0,0.0,0.0,0.018194647712839976,0.08724300811688106,0.05,9,72|31|126,35,all_filtered,9,True,D:\Running_Place\PostGraduateProjects\Experiments\PostGraduate\backbones\GeometryPreservingRadialGate\Seg-SADG\BaryRadGate\a0p08\rho0p5\gb8\sadg0p05\shot3\Seed1,D:\Running_Place\PostGraduateProjects\Experiments\PostGraduate\backbones\Prompts\GeometryPreservingRadialGate\Seg-SADG\BaryRadGate\a0p08\rho0p5\gb8\sadg0p05\shot3\Seed1
Seg-SADG,Seg-SADG,Seg-SADG,LF-Barycenter-RadialGate,fixed,cosine,none,radial,8,1.0,0.4865262508392334,0.501406192779541,0.4964625835418701,0.50118107|0.49649408|0.48652625|0.49342442|0.49483553|0.49756348|0.50140619|0.50026971,15.0,1.0,1.0,1.0,0.0,0.08,0.5,0.05,0.05,0.5,0.0001,0.001,0.001,0.0,0.0,1e-06,15.0,5.0,40.0,0.02,0.98,0.001,0.001,0.0001,0.01,0.001,False,0.1,32.0,1e-06,none,,,False,0.5,style_rho0p5,sadg_rho0p05,9,9,19,19,new_training,3,1,164,0.024470015118519466,0.024375036358833313,0.0018987552288712726,4.1139250031265974e-08,4.1139250031265974e-08,3.3993624836309915e-05,2.751510227325424e-05,1.022478429351597e-05,0.0,0.0,0.0,0.0,0.0,0.0,0.0,0.0,0.0,0.0,0.0,0.0,0.0,0.0,0.0,0.01809769765370422,0.09296859883599812,0.05,9,72|31|126,35,all_filtered,9,True,D:\Running_Place\PostGraduateProjects\Experiments\PostGraduate\backbones\GeometryPreservingRadialGate\Seg-SADG\BaryRadGate\a0p08\rho0p5\gb8\sadg0p05\shot3\Seed1,D:\Running_Place\PostGraduateProjects\Experiments\PostGraduate\backbones\Prompts\GeometryPreservingRadialGate\Seg-SADG\BaryRadGate\a0p08\rho0p5\gb8\sadg0p05\shot3\Seed1
Seg-SADG,Seg-SADG,Seg-SADG,LF-Barycenter-RadialGate,fixed,cosine,none,radial,8,1.0,0.48649927973747253,0.5014093518257141,0.4964851438999176,0.50140935|0.49640706|0.48649928|0.49355838|0.49484655|0.49776945|0.50127631|0.50011492,15.0,1.0,1.0,1.0,0.0,0.08,0.5,0.05,0.05,0.5,0.0001,0.001,0.001,0.0,0.0,1e-06,15.0,5.0,40.0,0.02,0.98,0.001,0.001,0.0001,0.01,0.001,False,0.1,32.0,1e-06,none,,,False,0.5,style_rho0p5,sadg_rho0p05,9,9,19,19,new_training,3,1,165,0.025510957257615194,0.025410890993144777,0.0020005065533849928,4.1327402537187176e-08,4.1327402537187176e-08,3.386672000892254e-05,2.7732832475319607e-05,1.0207896391673583e-05,0.0,0.0,0.0,0.0,0.0,0.0,0.0,0.0,0.0,0.0,0.0,0.0,0.0,0.0,0.0,0.017982369288802147,0.10267337908347447,0.05,9,72|31|126,35,all_filtered,9,True,D:\Running_Place\PostGraduateProjects\Experiments\PostGraduate\backbones\GeometryPreservingRadialGate\Seg-SADG\BaryRadGate\a0p08\rho0p5\gb8\sadg0p05\shot3\Seed1,D:\Running_Place\PostGraduateProjects\Experiments\PostGraduate\backbones\Prompts\GeometryPreservingRadialGate\Seg-SADG\BaryRadGate\a0p08\rho0p5\gb8\sadg0p05\shot3\Seed1
Seg-SADG,Seg-SADG,Seg-SADG,LF-Barycenter-RadialGate,fixed,cosine,none,radial,8,1.0,0.4864957928657532,0.5016005039215088,0.49659252166748047,0.5016005|0.49652165|0.48649579|0.49346679|0.49472323|0.49811718|0.50127029|0.50054455,15.0,1.0,1.0,1.0,0.0,0.08,0.5,0.05,0.05,0.5,0.0001,0.001,0.001,0.0,0.0,1e-06,15.0,5.0,40.0,0.02,0.98,0.001,0.001,0.0001,0.01,0.001,False,0.1,32.0,1e-06,none,,,False,0.5,style_rho0p5,sadg_rho0p05,9,9,19,19,new_training,3,1,166,0.024078756777776614,0.023989549941486783,0.001783286467091077,4.21305214912435e-08,4.21305214912435e-08,3.415404757510664e-05,2.837748818112434e-05,1.033762712015434e-05,0.0,0.0,0.0,0.0,0.0,0.0,0.0,0.0,0.0,0.0,0.0,0.0,0.0,0.0,0.0,0.017591212979621358,0.09501448025306065,0.05,9,72|31|126,35,all_filtered,9,True,D:\Running_Place\PostGraduateProjects\Experiments\PostGraduate\backbones\GeometryPreservingRadialGate\Seg-SADG\BaryRadGate\a0p08\rho0p5\gb8\sadg0p05\shot3\Seed1,D:\Running_Place\PostGraduateProjects\Experiments\PostGraduate\backbones\Prompts\GeometryPreservingRadialGate\Seg-SADG\BaryRadGate\a0p08\rho0p5\gb8\sadg0p05\shot3\Seed1
Seg-SADG,Seg-SADG,Seg-SADG,LF-Barycenter-RadialGate,fixed,cosine,none,radial,8,1.0,0.4863363206386566,0.5018398761749268,0.4966585040092468,0.50183988|0.49648213|0.48633632|0.49342826|0.49482313|0.49820048|0.50125778|0.50090003,15.0,1.0,1.0,1.0,0.0,0.08,0.5,0.05,0.05,0.5,0.0001,0.001,0.001,0.0,0.0,1e-06,15.0,5.0,40.0,0.02,0.98,0.001,0.001,0.0001,0.01,0.001,False,0.1,32.0,1e-06,none,,,False,0.5,style_rho0p5,sadg_rho0p05,9,9,19,19,new_training,3,1,167,0.025123097002506256,0.02502572536468506,0.0019465756809545888,4.251372784677996e-08,4.251372784677996e-08,3.421642921037144e-05,2.8753052497955246e-05,1.033903036942421e-05,0.0,0.0,0.0,0.0,0.0,0.0,0.0,0.0,0.0,0.0,0.0,0.0,0.0,0.0,0.0,0.017910490019453898,0.10240407453642951,0.05,9,72|31|126,35,all_filtered,9,True,D:\Running_Place\PostGraduateProjects\Experiments\PostGraduate\backbones\GeometryPreservingRadialGate\Seg-SADG\BaryRadGate\a0p08\rho0p5\gb8\sadg0p05\shot3\Seed1,D:\Running_Place\PostGraduateProjects\Experiments\PostGraduate\backbones\Prompts\GeometryPreservingRadialGate\Seg-SADG\BaryRadGate\a0p08\rho0p5\gb8\sadg0p05\shot3\Seed1
Seg-SADG,Seg-SADG,Seg-SADG,LF-Barycenter-RadialGate,fixed,cosine,none,radial,8,1.0,0.4861159920692444,0.5020628571510315,0.49662265181541443,0.50206286|0.49654457|0.48611599|0.4933672|0.49456513|0.49802533|0.50103158|0.50126874,15.0,1.0,1.0,1.0,0.0,0.08,0.5,0.05,0.05,0.5,0.0001,0.001,0.001,0.0,0.0,1e-06,15.0,5.0,40.0,0.02,0.98,0.001,0.001,0.0001,0.01,0.001,False,0.1,32.0,1e-06,none,,,False,0.5,style_rho0p5,sadg_rho0p05,9,9,19,19,new_training,3,1,168,0.025342418915695615,0.0252317829678456,0.0022118526976555586,4.37669357545979e-08,4.37669357545979e-08,3.535432147651186e-05,2.9709732795405824e-05,1.0521769076553432e-05,0.0,0.0,0.0,0.0,0.0,0.0,0.0,0.0,0.0,0.0,0.0,0.0,0.0,0.0,0.0,0.018163963531454403,0.1044821408059862,0.05,9,72|31|126,35,all_filtered,9,True,D:\Running_Place\PostGraduateProjects\Experiments\PostGraduate\backbones\GeometryPreservingRadialGate\Seg-SADG\BaryRadGate\a0p08\rho0p5\gb8\sadg0p05\shot3\Seed1,D:\Running_Place\PostGraduateProjects\Experiments\PostGraduate\backbones\Prompts\GeometryPreservingRadialGate\Seg-SADG\BaryRadGate\a0p08\rho0p5\gb8\sadg0p05\shot3\Seed1
Seg-SADG,Seg-SADG,Seg-SADG,LF-Barycenter-RadialGate,fixed,cosine,none,radial,8,1.0,0.48588868975639343,0.5022128820419312,0.49649593234062195,0.50221288|0.49672508|0.48588869|0.49321669|0.49432534|0.49749184|0.50091606|0.5011909,15.0,1.0,1.0,1.0,0.0,0.08,0.5,0.05,0.05,0.5,0.0001,0.001,0.001,0.0,0.0,1e-06,15.0,5.0,40.0,0.02,0.98,0.001,0.001,0.0001,0.01,0.001,False,0.1,32.0,1e-06,none,,,False,0.5,style_rho0p5,sadg_rho0p05,9,9,19,19,new_training,3,1,169,0.024169816118147638,0.024072698420948453,0.0019414324261662033,4.6207298333279645e-08,4.6207298333279645e-08,3.697699139593169e-05,3.159197513014078e-05,1.0917622199081557e-05,0.0,0.0,0.0,0.0,0.0,0.0,0.0,0.0,0.0,0.0,0.0,0.0,0.0,0.0,0.0,0.017987764957878325,0.09356632580359776,0.05,9,72|31|126,35,all_filtered,9,True,D:\Running_Place\PostGraduateProjects\Experiments\PostGraduate\backbones\GeometryPreservingRadialGate\Seg-SADG\BaryRadGate\a0p08\rho0p5\gb8\sadg0p05\shot3\Seed1,D:\Running_Place\PostGraduateProjects\Experiments\PostGraduate\backbones\Prompts\GeometryPreservingRadialGate\Seg-SADG\BaryRadGate\a0p08\rho0p5\gb8\sadg0p05\shot3\Seed1
Seg-SADG,Seg-SADG,Seg-SADG,LF-Barycenter-RadialGate,fixed,cosine,none,radial,8,1.0,0.4859960675239563,0.5025590062141418,0.49651333689689636,0.50255901|0.49703082|0.48599607|0.4929581|0.49425906|0.49746233|0.50096834|0.50087303,15.0,1.0,1.0,1.0,0.0,0.08,0.5,0.05,0.05,0.5,0.0001,0.001,0.001,0.0,0.0,1e-06,15.0,5.0,40.0,0.02,0.98,0.001,0.001,0.0001,0.01,0.001,False,0.1,32.0,1e-06,none,,,False,0.5,style_rho0p5,sadg_rho0p05,9,9,19,19,new_training,3,1,170,0.02234025403029389,0.022250301101141505,0.0017981338056011333,4.635780154810871e-08,4.635780154810871e-08,3.7683044663733905e-05,3.195821288196991e-05,1.0631282748363446e-05,0.0,0.0,0.0,0.0,0.0,0.0,0.0,0.0,0.0,0.0,0.0,0.0,0.0,0.0,0.0,0.017059394468863804,0.08172423144181569,0.05,9,72|31|126,35,all_filtered,9,True,D:\Running_Place\PostGraduateProjects\Experiments\PostGraduate\backbones\GeometryPreservingRadialGate\Seg-SADG\BaryRadGate\a0p08\rho0p5\gb8\sadg0p05\shot3\Seed1,D:\Running_Place\PostGraduateProjects\Experiments\PostGraduate\backbones\Prompts\GeometryPreservingRadialGate\Seg-SADG\BaryRadGate\a0p08\rho0p5\gb8\sadg0p05\shot3\Seed1
Seg-SADG,Seg-SADG,Seg-SADG,LF-Barycenter-RadialGate,fixed,cosine,none,radial,8,1.0,0.4860866963863373,0.50269615650177,0.4964744746685028,0.50269616|0.49708697|0.4860867|0.49299914|0.49419859|0.49759725|0.50083673|0.50029427,15.0,1.0,1.0,1.0,0.0,0.08,0.5,0.05,0.05,0.5,0.0001,0.001,0.001,0.0,0.0,1e-06,15.0,5.0,40.0,0.02,0.98,0.001,0.001,0.0001,0.01,0.001,False,0.1,32.0,1e-06,none,,,False,0.5,style_rho0p5,sadg_rho0p05,9,9,19,19,new_training,3,1,171,0.022364927041861746,0.022266540883315936,0.0019667900503716534,4.615481922580026e-08,4.615481922580026e-08,3.762074306400286e-05,3.212030504881922e-05,1.0272437773690197e-05,0.0,0.0,0.0,0.0,0.0,0.0,0.0,0.0,0.0,0.0,0.0,0.0,0.0,0.0,0.0,0.01669838320877817,0.08322497747010654,0.05,9,72|31|126,35,all_filtered,9,True,D:\Running_Place\PostGraduateProjects\Experiments\PostGraduate\backbones\GeometryPreservingRadialGate\Seg-SADG\BaryRadGate\a0p08\rho0p5\gb8\sadg0p05\shot3\Seed1,D:\Running_Place\PostGraduateProjects\Experiments\PostGraduate\backbones\Prompts\GeometryPreservingRadialGate\Seg-SADG\BaryRadGate\a0p08\rho0p5\gb8\sadg0p05\shot3\Seed1
Seg-SADG,Seg-SADG,Seg-SADG,LF-Barycenter-RadialGate,fixed,cosine,none,radial,8,1.0,0.4858810603618622,0.50282222032547,0.4964880347251892,0.50282222|0.49696699|0.48588106|0.49304357|0.4942672|0.49769408|0.50086683|0.50036228,15.0,1.0,1.0,1.0,0.0,0.08,0.5,0.05,0.05,0.5,0.0001,0.001,0.001,0.0,0.0,1e-06,15.0,5.0,40.0,0.02,0.98,0.001,0.001,0.0001,0.01,0.001,False,0.1,32.0,1e-06,none,,,False,0.5,style_rho0p5,sadg_rho0p05,9,9,19,19,new_training,3,1,172,0.021198252629902627,0.02111133746802807,0.0017373682025613056,4.674600222958563e-08,4.674600222958563e-08,3.767499987993183e-05,3.254096049608456e-05,1.0437539862727539e-05,0.0,0.0,0.0,0.0,0.0,0.0,0.0,0.0,0.0,0.0,0.0,0.0,0.0,0.0,0.0,0.01598874583012528,0.07587710726592276,0.05,9,72|31|126,35,all_filtered,9,True,D:\Running_Place\PostGraduateProjects\Experiments\PostGraduate\backbones\GeometryPreservingRadialGate\Seg-SADG\BaryRadGate\a0p08\rho0p5\gb8\sadg0p05\shot3\Seed1,D:\Running_Place\PostGraduateProjects\Experiments\PostGraduate\backbones\Prompts\GeometryPreservingRadialGate\Seg-SADG\BaryRadGate\a0p08\rho0p5\gb8\sadg0p05\shot3\Seed1
Seg-SADG,Seg-SADG,Seg-SADG,LF-Barycenter-RadialGate,fixed,cosine,none,radial,8,1.0,0.4856787323951721,0.5032564401626587,0.49662160873413086,0.50325644|0.49710494|0.48567873|0.49288377|0.49412045|0.49801829|0.50107157|0.50083858,15.0,1.0,1.0,1.0,0.0,0.08,0.5,0.05,0.05,0.5,0.0001,0.001,0.001,0.0,0.0,1e-06,15.0,5.0,40.0,0.02,0.98,0.001,0.001,0.0001,0.01,0.001,False,0.1,32.0,1e-06,none,,,False,0.5,style_rho0p5,sadg_rho0p05,9,9,19,19,new_training,3,1,173,0.021646437959538564,0.02156264976494842,0.0016747891851183441,4.870427932562254e-08,4.870427932562254e-08,3.845212510592925e-05,3.39935977535788e-05,1.0865466720133554e-05,0.0,0.0,0.0,0.0,0.0,0.0,0.0,0.0,0.0,0.0,0.0,0.0,0.0,0.0,0.0,0.015910384866098564,0.08360631143053372,0.05,9,72|31|126,35,all_filtered,9,True,D:\Running_Place\PostGraduateProjects\Experiments\PostGraduate\backbones\GeometryPreservingRadialGate\Seg-SADG\BaryRadGate\a0p08\rho0p5\gb8\sadg0p05\shot3\Seed1,D:\Running_Place\PostGraduateProjects\Experiments\PostGraduate\backbones\Prompts\GeometryPreservingRadialGate\Seg-SADG\BaryRadGate\a0p08\rho0p5\gb8\sadg0p05\shot3\Seed1
Seg-SADG,Seg-SADG,Seg-SADG,LF-Barycenter-RadialGate,fixed,cosine,none,radial,8,1.0,0.4854671359062195,0.5035545229911804,0.49657732248306274,0.50355452|0.49709892|0.48546714|0.49247158|0.49389681|0.49844411|0.50099683|0.50068879,15.0,1.0,1.0,1.0,0.0,0.08,0.5,0.05,0.05,0.5,0.0001,0.001,0.001,0.0,0.0,1e-06,15.0,5.0,40.0,0.02,0.98,0.001,0.001,0.0001,0.01,0.001,False,0.1,32.0,1e-06,none,,,False,0.5,style_rho0p5,sadg_rho0p05,9,9,19,19,new_training,3,1,174,0.02176039210624165,0.02168045358525382,0.0015977558343567783,5.084718581984917e-08,5.084718581984917e-08,4.020804408355616e-05,3.568638567230664e-05,1.1139994765269674e-05,0.0,0.0,0.0,0.0,0.0,0.0,0.0,0.0,0.0,0.0,0.0,0.0,0.0,0.0,0.0,0.016133377328515053,0.0853264265590244,0.05,9,72|31|126,35,all_filtered,9,True,D:\Running_Place\PostGraduateProjects\Experiments\PostGraduate\backbones\GeometryPreservingRadialGate\Seg-SADG\BaryRadGate\a0p08\rho0p5\gb8\sadg0p05\shot3\Seed1,D:\Running_Place\PostGraduateProjects\Experiments\PostGraduate\backbones\Prompts\GeometryPreservingRadialGate\Seg-SADG\BaryRadGate\a0p08\rho0p5\gb8\sadg0p05\shot3\Seed1
Seg-SADG,Seg-SADG,Seg-SADG,LF-Barycenter-RadialGate,fixed,cosine,none,radial,8,1.0,0.4853692650794983,0.503678023815155,0.4965047538280487,0.50367802|0.49716109|0.48536927|0.49231371|0.49381155|0.49821195|0.50107127|0.50042123,15.0,1.0,1.0,1.0,0.0,0.08,0.5,0.05,0.05,0.5,0.0001,0.001,0.001,0.0,0.0,1e-06,15.0,5.0,40.0,0.02,0.98,0.001,0.001,0.0001,0.01,0.001,False,0.1,32.0,1e-06,none,,,False,0.5,style_rho0p5,sadg_rho0p05,9,9,19,19,new_training,3,1,175,0.02206608901421229,0.02198565730618106,0.0016075929484537079,5.2289311646013125e-08,5.2289311646013125e-08,4.1855041571478876e-05,3.690658923005685e-05,1.1197216129706552e-05,0.0,0.0,0.0,0.0,0.0,0.0,0.0,0.0,0.0,0.0,0.0,0.0,0.0,0.0,0.0,0.01587684949239095,0.08663005340430471,0.05,9,72|31|126,35,all_filtered,9,True,D:\Running_Place\PostGraduateProjects\Experiments\PostGraduate\backbones\GeometryPreservingRadialGate\Seg-SADG\BaryRadGate\a0p08\rho0p5\gb8\sadg0p05\shot3\Seed1,D:\Running_Place\PostGraduateProjects\Experiments\PostGraduate\backbones\Prompts\GeometryPreservingRadialGate\Seg-SADG\BaryRadGate\a0p08\rho0p5\gb8\sadg0p05\shot3\Seed1
Seg-SADG,Seg-SADG,Seg-SADG,LF-Barycenter-RadialGate,fixed,cosine,none,radial,8,1.0,0.48546314239501953,0.5038325786590576,0.49656927585601807,0.50383258|0.49703142|0.48546314|0.49232602|0.49380261|0.49827054|0.50118393|0.50064403,15.0,1.0,1.0,1.0,0.0,0.08,0.5,0.05,0.05,0.5,0.0001,0.001,0.001,0.0,0.0,1e-06,15.0,5.0,40.0,0.02,0.98,0.001,0.001,0.0001,0.01,0.001,False,0.1,32.0,1e-06,none,,,False,0.5,style_rho0p5,sadg_rho0p05,9,9,19,19,new_training,3,1,176,0.02105225208732817,0.020974542738662824,0.0015531464272903071,5.261324413178651e-08,5.261324413178651e-08,4.240605630911887e-05,3.7203818566114125e-05,1.1168818269248328e-05,0.0,0.0,0.0,0.0,0.0,0.0,0.0,0.0,0.0,0.0,0.0,0.0,0.0,0.0,0.0,0.015802639536559582,0.08031778617037667,0.05,9,72|31|126,35,all_filtered,9,True,D:\Running_Place\PostGraduateProjects\Experiments\PostGraduate\backbones\GeometryPreservingRadialGate\Seg-SADG\BaryRadGate\a0p08\rho0p5\gb8\sadg0p05\shot3\Seed1,D:\Running_Place\PostGraduateProjects\Experiments\PostGraduate\backbones\Prompts\GeometryPreservingRadialGate\Seg-SADG\BaryRadGate\a0p08\rho0p5\gb8\sadg0p05\shot3\Seed1
Seg-SADG,Seg-SADG,Seg-SADG,LF-Barycenter-RadialGate,fixed,cosine,none,radial,8,1.0,0.4854966998100281,0.5039989948272705,0.49649906158447266,0.50399899|0.4970184|0.4854967|0.49221542|0.49383864|0.49823895|0.50077355|0.50041199,15.0,1.0,1.0,1.0,0.0,0.08,0.5,0.05,0.05,0.5,0.0001,0.001,0.001,0.0,0.0,1e-06,15.0,5.0,40.0,0.02,0.98,0.001,0.001,0.0001,0.01,0.001,False,0.1,32.0,1e-06,none,,,False,0.5,style_rho0p5,sadg_rho0p05,9,9,19,19,new_training,3,1,177,0.02148306369781494,0.021402167570259836,0.0016168768698763517,5.177119138327018e-08,5.177119138327018e-08,4.212565222082453e-05,3.6678052209835085e-05,1.08805719113055e-05,0.0,0.0,0.0,0.0,0.0,0.0,0.0,0.0,0.0,0.0,0.0,0.0,0.0,0.0,0.0,0.015716731651789613,0.08651160862710741,0.05,9,72|31|126,35,all_filtered,9,True,D:\Running_Place\PostGraduateProjects\Experiments\PostGraduate\backbones\GeometryPreservingRadialGate\Seg-SADG\BaryRadGate\a0p08\rho0p5\gb8\sadg0p05\shot3\Seed1,D:\Running_Place\PostGraduateProjects\Experiments\PostGraduate\backbones\Prompts\GeometryPreservingRadialGate\Seg-SADG\BaryRadGate\a0p08\rho0p5\gb8\sadg0p05\shot3\Seed1
Seg-SADG,Seg-SADG,Seg-SADG,LF-Barycenter-RadialGate,fixed,cosine,none,radial,8,1.0,0.48604387044906616,0.5039737820625305,0.4966752231121063,0.50397378|0.49706781|0.48604387|0.49223477|0.49430892|0.49844417|0.50047773|0.50085074,15.0,1.0,1.0,1.0,0.0,0.08,0.5,0.05,0.05,0.5,0.0001,0.001,0.001,0.0,0.0,1e-06,15.0,5.0,40.0,0.02,0.98,0.001,0.001,0.0001,0.01,0.001,False,0.1,32.0,1e-06,none,,,False,0.5,style_rho0p5,sadg_rho0p05,9,9,19,19,new_training,3,1,178,0.02144178416993883,0.02136233966383669,0.0015879093876315488,4.916940415316478e-08,4.916940415316478e-08,4.1147584043857125e-05,3.5170951984279476e-05,9.883692150146493e-06,0.0,0.0,0.0,0.0,0.0,0.0,0.0,0.0,0.0,0.0,0.0,0.0,0.0,0.0,0.0,0.015599209401342604,0.08610618611176808,0.05,9,72|31|126,35,all_filtered,9,True,D:\Running_Place\PostGraduateProjects\Experiments\PostGraduate\backbones\GeometryPreservingRadialGate\Seg-SADG\BaryRadGate\a0p08\rho0p5\gb8\sadg0p05\shot3\Seed1,D:\Running_Place\PostGraduateProjects\Experiments\PostGraduate\backbones\Prompts\GeometryPreservingRadialGate\Seg-SADG\BaryRadGate\a0p08\rho0p5\gb8\sadg0p05\shot3\Seed1
Seg-SADG,Seg-SADG,Seg-SADG,LF-Barycenter-RadialGate,fixed,cosine,none,radial,8,1.0,0.4862256348133087,0.5040541291236877,0.4967930316925049,0.50405413|0.49711093|0.48622563|0.49242446|0.49456573|0.49849743|0.50048178|0.50098401,15.0,1.0,1.0,1.0,0.0,0.08,0.5,0.05,0.05,0.5,0.0001,0.001,0.001,0.0,0.0,1e-06,15.0,5.0,40.0,0.02,0.98,0.001,0.001,0.0001,0.01,0.001,False,0.1,32.0,1e-06,none,,,False,0.5,style_rho0p5,sadg_rho0p05,9,9,19,19,new_training,3,1,179,0.02160334897538026,0.021524487477209833,0.0015763042675745157,4.590543175216529e-08,4.590543175216529e-08,3.8661273315988685e-05,3.2979690230503264e-05,9.059612036960769e-06,0.0,0.0,0.0,0.0,0.0,0.0,0.0,0.0,0.0,0.0,0.0,0.0,0.0,0.0,0.0,0.015578050373329056,0.08817869755956861,0.05,9,72|31|126,35,all_filtered,9,True,D:\Running_Place\PostGraduateProjects\Experiments\PostGraduate\backbones\GeometryPreservingRadialGate\Seg-SADG\BaryRadGate\a0p08\rho0p5\gb8\sadg0p05\shot3\Seed1,D:\Running_Place\PostGraduateProjects\Experiments\PostGraduate\backbones\Prompts\GeometryPreservingRadialGate\Seg-SADG\BaryRadGate\a0p08\rho0p5\gb8\sadg0p05\shot3\Seed1
Seg-SADG,Seg-SADG,Seg-SADG,LF-Barycenter-RadialGate,fixed,cosine,none,radial,8,1.0,0.4864206910133362,0.5041509866714478,0.4968873858451843,0.50415099|0.49746448|0.48642069|0.49227262|0.49488875|0.49855086|0.50055051|0.50080025,15.0,1.0,1.0,1.0,0.0,0.08,0.5,0.05,0.05,0.5,0.0001,0.001,0.001,0.0,0.0,1e-06,15.0,5.0,40.0,0.02,0.98,0.001,0.001,0.0001,0.01,0.001,False,0.1,32.0,1e-06,none,,,False,0.5,style_rho0p5,sadg_rho0p05,9,9,19,19,new_training,3,1,180,0.020922959885663457,0.020844544387525983,0.0015674166950500673,4.4882216264517815e-08,4.4882216264517815e-08,3.764344768973792e-05,3.2459783849642714e-05,8.658085789647885e-06,0.0,0.0,0.0,0.0,0.0,0.0,0.0,0.0,0.0,0.0,0.0,0.0,0.0,0.0,0.0,0.015139954371584786,0.08432839562495549,0.05,9,72|31|126,35,all_filtered,9,True,D:\Running_Place\PostGraduateProjects\Experiments\PostGraduate\backbones\GeometryPreservingRadialGate\Seg-SADG\BaryRadGate\a0p08\rho0p5\gb8\sadg0p05\shot3\Seed1,D:\Running_Place\PostGraduateProjects\Experiments\PostGraduate\backbones\Prompts\GeometryPreservingRadialGate\Seg-SADG\BaryRadGate\a0p08\rho0p5\gb8\sadg0p05\shot3\Seed1
Seg-SADG,Seg-SADG,Seg-SADG,LF-Barycenter-RadialGate,fixed,cosine,none,radial,8,1.0,0.4868376553058624,0.5040345788002014,0.4968954920768738,0.50403458|0.49754059|0.48683766|0.49211684|0.49495381|0.49853304|0.50061673|0.50053066,15.0,1.0,1.0,1.0,0.0,0.08,0.5,0.05,0.05,0.5,0.0001,0.001,0.001,0.0,0.0,1e-06,15.0,5.0,40.0,0.02,0.98,0.001,0.001,0.0001,0.01,0.001,False,0.1,32.0,1e-06,none,,,False,0.5,style_rho0p5,sadg_rho0p05,9,9,19,19,new_training,3,1,181,0.022391040292051103,0.022305118333962228,0.001717575657595363,4.3110379661154894e-08,4.3110379661154894e-08,3.656474614722861e-05,3.137627795189878e-05,8.077626464202896e-06,0.0,0.0,0.0,0.0,0.0,0.0,0.0,0.0,0.0,0.0,0.0,0.0,0.0,0.0,0.0,0.015480251051485538,0.09925041844447453,0.05,9,72|31|126,35,all_filtered,9,True,D:\Running_Place\PostGraduateProjects\Experiments\PostGraduate\backbones\GeometryPreservingRadialGate\Seg-SADG\BaryRadGate\a0p08\rho0p5\gb8\sadg0p05\shot3\Seed1,D:\Running_Place\PostGraduateProjects\Experiments\PostGraduate\backbones\Prompts\GeometryPreservingRadialGate\Seg-SADG\BaryRadGate\a0p08\rho0p5\gb8\sadg0p05\shot3\Seed1
Seg-SADG,Seg-SADG,Seg-SADG,LF-Barycenter-RadialGate,fixed,cosine,none,radial,8,1.0,0.48705610632896423,0.5044022798538208,0.49699535965919495,0.50440228|0.49792847|0.48705611|0.49213427|0.49455506|0.49843255|0.50094014|0.50051397,15.0,1.0,1.0,1.0,0.0,0.08,0.5,0.05,0.05,0.5,0.0001,0.001,0.001,0.0,0.0,1e-06,15.0,5.0,40.0,0.02,0.98,0.001,0.001,0.0001,0.01,0.001,False,0.1,32.0,1e-06,none,,,False,0.5,style_rho0p5,sadg_rho0p05,9,9,19,19,new_training,3,1,182,0.022429915352000132,0.022350502096944384,0.001587448809813294,4.098463632671054e-08,4.098463632671054e-08,3.5570516855740505e-05,2.994225158343195e-05,7.485332338951088e-06,0.0,0.0,0.0,0.0,0.0,0.0,0.0,0.0,0.0,0.0,0.0,0.0,0.0,0.0,0.0,0.01577182434913185,0.10250300665696462,0.05,9,72|31|126,35,all_filtered,9,True,D:\Running_Place\PostGraduateProjects\Experiments\PostGraduate\backbones\GeometryPreservingRadialGate\Seg-SADG\BaryRadGate\a0p08\rho0p5\gb8\sadg0p05\shot3\Seed1,D:\Running_Place\PostGraduateProjects\Experiments\PostGraduate\backbones\Prompts\GeometryPreservingRadialGate\Seg-SADG\BaryRadGate\a0p08\rho0p5\gb8\sadg0p05\shot3\Seed1
Seg-SADG,Seg-SADG,Seg-SADG,LF-Barycenter-RadialGate,fixed,cosine,none,radial,8,1.0,0.48700422048568726,0.5048166513442993,0.4971025288105011,0.50481665|0.4982354|0.48700422|0.49217495|0.49427629|0.49852225|0.50114024|0.50065035,15.0,1.0,1.0,1.0,0.0,0.08,0.5,0.05,0.05,0.5,0.0001,0.001,0.001,0.0,0.0,1e-06,15.0,5.0,40.0,0.02,0.98,0.001,0.001,0.0001,0.01,0.001,False,0.1,32.0,1e-06,none,,,False,0.5,style_rho0p5,sadg_rho0p05,9,9,19,19,new_training,3,1,183,0.02192571096950107,0.021841986725727718,0.0016736419767969185,4.232704498008388e-08,4.232704498008388e-08,3.597600233560014e-05,3.0996916595742936e-05,7.73252723875986e-06,0.0,0.0,0.0,0.0,0.0,0.0,0.0,0.0,0.0,0.0,0.0,0.0,0.0,0.0,0.0,0.01551155528674523,0.0926956981420517,0.05,9,72|31|126,35,all_filtered,9,True,D:\Running_Place\PostGraduateProjects\Experiments\PostGraduate\backbones\GeometryPreservingRadialGate\Seg-SADG\BaryRadGate\a0p08\rho0p5\gb8\sadg0p05\shot3\Seed1,D:\Running_Place\PostGraduateProjects\Experiments\PostGraduate\backbones\Prompts\GeometryPreservingRadialGate\Seg-SADG\BaryRadGate\a0p08\rho0p5\gb8\sadg0p05\shot3\Seed1
Seg-SADG,Seg-SADG,Seg-SADG,LF-Barycenter-RadialGate,fixed,cosine,none,radial,8,1.0,0.48696228861808777,0.5052675008773804,0.49717268347740173,0.5052675|0.49813622|0.48696229|0.49214238|0.49398997|0.49861246|0.50145608|0.50081462,15.0,1.0,1.0,1.0,0.0,0.08,0.5,0.05,0.05,0.5,0.0001,0.001,0.001,0.0,0.0,1e-06,15.0,5.0,40.0,0.02,0.98,0.001,0.001,0.0001,0.01,0.001,False,0.1,32.0,1e-06,none,,,False,0.5,style_rho0p5,sadg_rho0p05,9,9,19,19,new_training,3,1,184,0.02182294697397285,0.02174240392115381,0.001609956858576172,4.488813034855512e-08,4.488813034855512e-08,3.720110220860483e-05,3.291292078857724e-05,8.255096771689649e-06,0.0,0.0,0.0,0.0,0.0,0.0,0.0,0.0,0.0,0.0,0.0,0.0,0.0,0.0,0.0,0.0155591598401467,0.0943195770184199,0.05,9,72|31|126,35,all_filtered,9,True,D:\Running_Place\PostGraduateProjects\Experiments\PostGraduate\backbones\GeometryPreservingRadialGate\Seg-SADG\BaryRadGate\a0p08\rho0p5\gb8\sadg0p05\shot3\Seed1,D:\Running_Place\PostGraduateProjects\Experiments\PostGraduate\backbones\Prompts\GeometryPreservingRadialGate\Seg-SADG\BaryRadGate\a0p08\rho0p5\gb8\sadg0p05\shot3\Seed1
Seg-SADG,Seg-SADG,Seg-SADG,LF-Barycenter-RadialGate,fixed,cosine,none,radial,8,1.0,0.4870319962501526,0.5055180191993713,0.4971468448638916,0.50551802|0.49802998|0.487032|0.49196273|0.49389353|0.49858436|0.5016979|0.50045609,15.0,1.0,1.0,1.0,0.0,0.08,0.5,0.05,0.05,0.5,0.0001,0.001,0.001,0.0,0.0,1e-06,15.0,5.0,40.0,0.02,0.98,0.001,0.001,0.0001,0.01,0.001,False,0.1,32.0,1e-06,none,,,False,0.5,style_rho0p5,sadg_rho0p05,9,9,19,19,new_training,3,1,185,0.02167579469581445,0.021577282084359065,0.0019693257054314017,4.66975309778819e-08,4.66975309778819e-08,3.84843325365283e-05,3.419875146290805e-05,8.650344878131162e-06,0.0,0.0,0.0,0.0,0.0,0.0,0.0,0.0,0.0,0.0,0.0,0.0,0.0,0.0,0.0,0.015375491852561632,0.0917932606405682,0.05,9,72|31|126,35,all_filtered,9,True,D:\Running_Place\PostGraduateProjects\Experiments\PostGraduate\backbones\GeometryPreservingRadialGate\Seg-SADG\BaryRadGate\a0p08\rho0p5\gb8\sadg0p05\shot3\Seed1,D:\Running_Place\PostGraduateProjects\Experiments\PostGraduate\backbones\Prompts\GeometryPreservingRadialGate\Seg-SADG\BaryRadGate\a0p08\rho0p5\gb8\sadg0p05\shot3\Seed1
Seg-SADG,Seg-SADG,Seg-SADG,LF-Barycenter-RadialGate,fixed,cosine,none,radial,8,1.0,0.487160861492157,0.5054296255111694,0.4971446394920349,0.50542963|0.49776569|0.48716086|0.49199298|0.49386656|0.49839643|0.50188679|0.50065804,15.0,1.0,1.0,1.0,0.0,0.08,0.5,0.05,0.05,0.5,0.0001,0.001,0.001,0.0,0.0,1e-06,15.0,5.0,40.0,0.02,0.98,0.001,0.001,0.0001,0.01,0.001,False,0.1,32.0,1e-06,none,,,False,0.5,style_rho0p5,sadg_rho0p05,9,9,19,19,new_training,3,1,186,0.02031724713742733,0.020232653038369283,0.0016909487312659621,4.60693279080715e-08,4.60693279080715e-08,3.8583610957074496e-05,3.368950233885294e-05,8.52146200082239e-06,0.0,0.0,0.0,0.0,0.0,0.0,0.0,0.0,0.0,0.0,0.0,0.0,0.0,0.0,0.0,0.014963939372036193,0.08322255603141254,0.05,9,72|31|126,35,all_filtered,9,True,D:\Running_Place\PostGraduateProjects\Experiments\PostGraduate\backbones\GeometryPreservingRadialGate\Seg-SADG\BaryRadGate\a0p08\rho0p5\gb8\sadg0p05\shot3\Seed1,D:\Running_Place\PostGraduateProjects\Experiments\PostGraduate\backbones\Prompts\GeometryPreservingRadialGate\Seg-SADG\BaryRadGate\a0p08\rho0p5\gb8\sadg0p05\shot3\Seed1
Seg-SADG,Seg-SADG,Seg-SADG,LF-Barycenter-RadialGate,fixed,cosine,none,radial,8,1.0,0.4870436489582062,0.5054659247398376,0.4970160722732544,0.50546592|0.49769744|0.48704365|0.49186701|0.49354637|0.49801603|0.50161463|0.50087744,15.0,1.0,1.0,1.0,0.0,0.08,0.5,0.05,0.05,0.5,0.0001,0.001,0.001,0.0,0.0,1e-06,15.0,5.0,40.0,0.02,0.98,0.001,0.001,0.0001,0.01,0.001,False,0.1,32.0,1e-06,none,,,False,0.5,style_rho0p5,sadg_rho0p05,9,9,19,19,new_training,3,1,187,0.019155170975459948,0.01907779462635517,0.0015466304677021173,4.509466459505044e-08,4.509466459505044e-08,3.880407408966372e-05,3.2874046559704264e-05,8.340209610145797e-06,0.0,0.0,0.0,0.0,0.0,0.0,0.0,0.0,0.0,0.0,0.0,0.0,0.0,0.0,0.0,0.014141119292212857,0.07513503068023258,0.05,9,72|31|126,35,all_filtered,9,True,D:\Running_Place\PostGraduateProjects\Experiments\PostGraduate\backbones\GeometryPreservingRadialGate\Seg-SADG\BaryRadGate\a0p08\rho0p5\gb8\sadg0p05\shot3\Seed1,D:\Running_Place\PostGraduateProjects\Experiments\PostGraduate\backbones\Prompts\GeometryPreservingRadialGate\Seg-SADG\BaryRadGate\a0p08\rho0p5\gb8\sadg0p05\shot3\Seed1
Seg-SADG,Seg-SADG,Seg-SADG,LF-Barycenter-RadialGate,fixed,cosine,none,radial,8,1.0,0.4866451919078827,0.5056903958320618,0.4969938099384308,0.5056904|0.49778795|0.48664519|0.49177504|0.49347219|0.49824178|0.50125384|0.50108415,15.0,1.0,1.0,1.0,0.0,0.08,0.5,0.05,0.05,0.5,0.0001,0.001,0.001,0.0,0.0,1e-06,15.0,5.0,40.0,0.02,0.98,0.001,0.001,0.0001,0.01,0.001,False,0.1,32.0,1e-06,none,,,False,0.5,style_rho0p5,sadg_rho0p05,9,9,19,19,new_training,3,1,188,0.019406834824217692,0.019339684603942767,0.0013420616354172428,4.68465416582199e-08,4.68465416582199e-08,4.051651558256708e-05,3.4231496505930816e-05,8.563391525563526e-06,0.0,0.0,0.0,0.0,0.0,0.0,0.0,0.0,0.0,0.0,0.0,0.0,0.0,0.0,0.0,0.014249298928512467,0.08234410484631856,0.05,9,72|31|126,35,all_filtered,9,True,D:\Running_Place\PostGraduateProjects\Experiments\PostGraduate\backbones\GeometryPreservingRadialGate\Seg-SADG\BaryRadGate\a0p08\rho0p5\gb8\sadg0p05\shot3\Seed1,D:\Running_Place\PostGraduateProjects\Experiments\PostGraduate\backbones\Prompts\GeometryPreservingRadialGate\Seg-SADG\BaryRadGate\a0p08\rho0p5\gb8\sadg0p05\shot3\Seed1
Seg-SADG,Seg-SADG,Seg-SADG,LF-Barycenter-RadialGate,fixed,cosine,none,radial,8,1.0,0.4862750172615051,0.5060126185417175,0.4970335364341736,0.50601262|0.49792391|0.48627502|0.49194485|0.49348852|0.49824363|0.50118887|0.50119108,15.0,1.0,1.0,1.0,0.0,0.08,0.5,0.05,0.05,0.5,0.0001,0.001,0.001,0.0,0.0,1e-06,15.0,5.0,40.0,0.02,0.98,0.001,0.001,0.0001,0.01,0.001,False,0.1,32.0,1e-06,none,,,False,0.5,style_rho0p5,sadg_rho0p05,9,9,19,19,new_training,3,1,189,0.018281187241276104,0.018224554343356028,0.0011316633705670636,5.010036316674713e-08,5.010036316674713e-08,4.222292449816855e-05,3.680077417003405e-05,9.077294432952638e-06,0.0,0.0,0.0,0.0,0.0,0.0,0.0,0.0,0.0,0.0,0.0,0.0,0.0,0.0,0.0,0.013772505852911208,0.07228255023558934,0.05,9,72|31|126,35,all_filtered,9,True,D:\Running_Place\PostGraduateProjects\Experiments\PostGraduate\backbones\GeometryPreservingRadialGate\Seg-SADG\BaryRadGate\a0p08\rho0p5\gb8\sadg0p05\shot3\Seed1,D:\Running_Place\PostGraduateProjects\Experiments\PostGraduate\backbones\Prompts\GeometryPreservingRadialGate\Seg-SADG\BaryRadGate\a0p08\rho0p5\gb8\sadg0p05\shot3\Seed1
Seg-SADG,Seg-SADG,Seg-SADG,LF-Barycenter-RadialGate,fixed,cosine,none,radial,8,1.0,0.48628485202789307,0.5064071416854858,0.49703535437583923,0.50640714|0.49781218|0.48628485|0.4918839|0.49324027|0.49820095|0.50127876|0.50117481,15.0,1.0,1.0,1.0,0.0,0.08,0.5,0.05,0.05,0.5,0.0001,0.001,0.001,0.0,0.0,1e-06,15.0,5.0,40.0,0.02,0.98,0.001,0.001,0.0001,0.01,0.001,False,0.1,32.0,1e-06,none,,,False,0.5,style_rho0p5,sadg_rho0p05,9,9,19,19,new_training,3,1,190,0.018876195678280458,0.018806999652749963,0.0013828591456533307,5.2755781767801736e-08,5.2755781767801736e-08,4.332461685407907e-05,3.883247093957228e-05,9.590846679606733e-06,0.0,0.0,0.0,0.0,0.0,0.0,0.0,0.0,0.0,0.0,0.0,0.0,0.0,0.0,0.0,0.013668252983027034,0.07949200438128577,0.05,9,72|31|126,35,all_filtered,9,True,D:\Running_Place\PostGraduateProjects\Experiments\PostGraduate\backbones\GeometryPreservingRadialGate\Seg-SADG\BaryRadGate\a0p08\rho0p5\gb8\sadg0p05\shot3\Seed1,D:\Running_Place\PostGraduateProjects\Experiments\PostGraduate\backbones\Prompts\GeometryPreservingRadialGate\Seg-SADG\BaryRadGate\a0p08\rho0p5\gb8\sadg0p05\shot3\Seed1
Seg-SADG,Seg-SADG,Seg-SADG,LF-Barycenter-RadialGate,fixed,cosine,none,radial,8,1.0,0.4862469434738159,0.5065416097640991,0.49708136916160583,0.50654161|0.49794486|0.48624694|0.49159509|0.49319118|0.49831915|0.50124794|0.50156432,15.0,1.0,1.0,1.0,0.0,0.08,0.5,0.05,0.05,0.5,0.0001,0.001,0.001,0.0,0.0,1e-06,15.0,5.0,40.0,0.02,0.98,0.001,0.001,0.0001,0.01,0.001,False,0.1,32.0,1e-06,none,,,False,0.5,style_rho0p5,sadg_rho0p05,9,9,19,19,new_training,3,1,191,0.018853750804232225,0.018786358647048473,0.0013467707839380535,5.314731410521745e-08,5.314731410521745e-08,4.447210529987286e-05,3.918712375000016e-05,9.512976652735637e-06,0.0,0.0,0.0,0.0,0.0,0.0,0.0,0.0,0.0,0.0,0.0,0.0,0.0,0.0,0.0,0.013593036577933364,0.082871509095033,0.05,9,72|31|126,35,all_filtered,9,True,D:\Running_Place\PostGraduateProjects\Experiments\PostGraduate\backbones\GeometryPreservingRadialGate\Seg-SADG\BaryRadGate\a0p08\rho0p5\gb8\sadg0p05\shot3\Seed1,D:\Running_Place\PostGraduateProjects\Experiments\PostGraduate\backbones\Prompts\GeometryPreservingRadialGate\Seg-SADG\BaryRadGate\a0p08\rho0p5\gb8\sadg0p05\shot3\Seed1
Seg-SADG,Seg-SADG,Seg-SADG,LF-Barycenter-RadialGate,fixed,cosine,none,radial,8,1.0,0.48593610525131226,0.5066982507705688,0.4970386028289795,0.50669825|0.49818912|0.48593611|0.49146554|0.49311465|0.49836695|0.50079417|0.50174421,15.0,1.0,1.0,1.0,0.0,0.08,0.5,0.05,0.05,0.5,0.0001,0.001,0.001,0.0,0.0,1e-06,15.0,5.0,40.0,0.02,0.98,0.001,0.001,0.0001,0.01,0.001,False,0.1,32.0,1e-06,none,,,False,0.5,style_rho0p5,sadg_rho0p05,9,9,19,19,new_training,3,1,192,0.01996491166452567,0.019894432069526777,0.0014085098842365874,5.420834151929436e-08,5.420834151929436e-08,4.561110876642892e-05,4.02114839946282e-05,9.435744484815385e-06,0.0,0.0,0.0,0.0,0.0,0.0,0.0,0.0,0.0,0.0,0.0,0.0,0.0,0.0,0.0,0.013659538908137215,0.09116737213399675,0.05,9,72|31|126,35,all_filtered,9,True,D:\Running_Place\PostGraduateProjects\Experiments\PostGraduate\backbones\GeometryPreservingRadialGate\Seg-SADG\BaryRadGate\a0p08\rho0p5\gb8\sadg0p05\shot3\Seed1,D:\Running_Place\PostGraduateProjects\Experiments\PostGraduate\backbones\Prompts\GeometryPreservingRadialGate\Seg-SADG\BaryRadGate\a0p08\rho0p5\gb8\sadg0p05\shot3\Seed1
Seg-SADG,Seg-SADG,Seg-SADG,LF-Barycenter-RadialGate,fixed,cosine,none,radial,8,1.0,0.48546943068504333,0.5070059299468994,0.49703454971313477,0.50700593|0.49836349|0.48546943|0.49136105|0.49339873|0.49837837|0.50049639|0.50180292,15.0,1.0,1.0,1.0,0.0,0.08,0.5,0.05,0.05,0.5,0.0001,0.001,0.001,0.0,0.0,1e-06,15.0,5.0,40.0,0.02,0.98,0.001,0.001,0.0001,0.01,0.001,False,0.1,32.0,1e-06,none,,,False,0.5,style_rho0p5,sadg_rho0p05,9,9,19,19,new_training,3,1,193,0.019930275157094002,0.019860597948233288,0.0013923970594381292,5.714967580653744e-08,5.714967580653744e-08,4.729697967478488e-05,4.2634529462601575e-05,9.785445601866943e-06,0.0,0.0,0.0,0.0,0.0,0.0,0.0,0.0,0.0,0.0,0.0,0.0,0.0,0.0,0.0,0.013899492306841744,0.09143266495731142,0.05,9,72|31|126,35,all_filtered,9,True,D:\Running_Place\PostGraduateProjects\Experiments\PostGraduate\backbones\GeometryPreservingRadialGate\Seg-SADG\BaryRadGate\a0p08\rho0p5\gb8\sadg0p05\shot3\Seed1,D:\Running_Place\PostGraduateProjects\Experiments\PostGraduate\backbones\Prompts\GeometryPreservingRadialGate\Seg-SADG\BaryRadGate\a0p08\rho0p5\gb8\sadg0p05\shot3\Seed1
Seg-SADG,Seg-SADG,Seg-SADG,LF-Barycenter-RadialGate,fixed,cosine,none,radial,8,1.0,0.48516249656677246,0.5070425271987915,0.49702733755111694,0.50704253|0.49833637|0.4851625|0.49153256|0.49339575|0.49826878|0.50068921|0.50179094,15.0,1.0,1.0,1.0,0.0,0.08,0.5,0.05,0.05,0.5,0.0001,0.001,0.001,0.0,0.0,1e-06,15.0,5.0,40.0,0.02,0.98,0.001,0.001,0.0001,0.01,0.001,False,0.1,32.0,1e-06,none,,,False,0.5,style_rho0p5,sadg_rho0p05,9,9,19,19,new_training,3,1,194,0.021402142114109464,0.021326791702045336,0.0015058038277655011,6.04076547795608e-08,6.04076547795608e-08,4.8883836118168096e-05,4.532586495366154e-05,1.01934055136452e-05,0.0,0.0,0.0,0.0,0.0,0.0,0.0,0.0,0.0,0.0,0.0,0.0,0.0,0.0,0.0,0.014436493110325601,0.10412701384888755,0.05,9,72|31|126,35,all_filtered,9,True,D:\Running_Place\PostGraduateProjects\Experiments\PostGraduate\backbones\GeometryPreservingRadialGate\Seg-SADG\BaryRadGate\a0p08\rho0p5\gb8\sadg0p05\shot3\Seed1,D:\Running_Place\PostGraduateProjects\Experiments\PostGraduate\backbones\Prompts\GeometryPreservingRadialGate\Seg-SADG\BaryRadGate\a0p08\rho0p5\gb8\sadg0p05\shot3\Seed1
Seg-SADG,Seg-SADG,Seg-SADG,LF-Barycenter-RadialGate,fixed,cosine,none,radial,8,1.0,0.48521867394447327,0.5072478652000427,0.4969567656517029,0.50724787|0.49783516|0.48521867|0.4914467|0.49377027|0.49808666|0.50059223|0.50145644,15.0,1.0,1.0,1.0,0.0,0.08,0.5,0.05,0.05,0.5,0.0001,0.001,0.001,0.0,0.0,1e-06,15.0,5.0,40.0,0.02,0.98,0.001,0.001,0.0001,0.01,0.001,False,0.1,32.0,1e-06,none,,,False,0.5,style_rho0p5,sadg_rho0p05,9,9,19,19,new_training,3,1,195,0.020226478369699583,0.020147950285010867,0.00156933657773253,6.160197724764456e-08,6.160197724764456e-08,4.926888100777028e-05,4.610190323243538e-05,1.0573183115209556e-05,0.0,0.0,0.0,0.0,0.0,0.0,0.0,0.0,0.0,0.0,0.0,0.0,0.0,0.0,0.0,0.014129329472780228,0.09367050147718853,0.05,9,72|31|126,35,all_filtered,9,True,D:\Running_Place\PostGraduateProjects\Experiments\PostGraduate\backbones\GeometryPreservingRadialGate\Seg-SADG\BaryRadGate\a0p08\rho0p5\gb8\sadg0p05\shot3\Seed1,D:\Running_Place\PostGraduateProjects\Experiments\PostGraduate\backbones\Prompts\GeometryPreservingRadialGate\Seg-SADG\BaryRadGate\a0p08\rho0p5\gb8\sadg0p05\shot3\Seed1
Seg-SADG,Seg-SADG,Seg-SADG,LF-Barycenter-RadialGate,fixed,cosine,none,radial,8,1.0,0.4853757917881012,0.5076771974563599,0.4969579577445984,0.5076772|0.49788237|0.48537579|0.49119353|0.493799|0.49828884|0.5004788|0.5009681,15.0,1.0,1.0,1.0,0.0,0.08,0.5,0.05,0.05,0.5,0.0001,0.001,0.001,0.0,0.0,1e-06,15.0,5.0,40.0,0.02,0.98,0.001,0.001,0.0001,0.01,0.001,False,0.1,32.0,1e-06,none,,,False,0.5,style_rho0p5,sadg_rho0p05,9,9,19,19,new_training,3,1,196,0.019803587554229632,0.0197289004507992,0.001492558292941087,5.972025678918018e-08,5.972025678918018e-08,4.9324602312279036e-05,4.5172264637787724e-05,9.61552915315325e-06,0.0,0.0,0.0,0.0,0.0,0.0,0.0,0.0,0.0,0.0,0.0,0.0,0.0,0.0,0.0,0.014291695112155544,0.0867501472433408,0.05,9,72|31|126,35,all_filtered,9,True,D:\Running_Place\PostGraduateProjects\Experiments\PostGraduate\backbones\GeometryPreservingRadialGate\Seg-SADG\BaryRadGate\a0p08\rho0p5\gb8\sadg0p05\shot3\Seed1,D:\Running_Place\PostGraduateProjects\Experiments\PostGraduate\backbones\Prompts\GeometryPreservingRadialGate\Seg-SADG\BaryRadGate\a0p08\rho0p5\gb8\sadg0p05\shot3\Seed1
Seg-SADG,Seg-SADG,Seg-SADG,LF-Barycenter-RadialGate,fixed,cosine,none,radial,8,1.0,0.4855235517024994,0.5078283548355103,0.4968930780887604,0.50782835|0.4979744|0.48552355|0.49099004|0.49336573|0.49845016|0.50043643|0.50057596,15.0,1.0,1.0,1.0,0.0,0.08,0.5,0.05,0.05,0.5,0.0001,0.001,0.001,0.0,0.0,1e-06,15.0,5.0,40.0,0.02,0.98,0.001,0.001,0.0001,0.01,0.001,False,0.1,32.0,1e-06,none,,,False,0.5,style_rho0p5,sadg_rho0p05,9,9,19,19,new_training,3,1,197,0.019344757207565837,0.019274310519297917,0.0014077375979266232,6.010743981556112e-08,6.010743981556112e-08,5.031397449783981e-05,4.5644828787771985e-05,9.431212573771416e-06,0.0,0.0,0.0,0.0,0.0,0.0,0.0,0.0,0.0,0.0,0.0,0.0,0.0,0.0,0.0,0.013740504884885417,0.08376820716593,0.05,9,72|31|126,35,all_filtered,9,True,D:\Running_Place\PostGraduateProjects\Experiments\PostGraduate\backbones\GeometryPreservingRadialGate\Seg-SADG\BaryRadGate\a0p08\rho0p5\gb8\sadg0p05\shot3\Seed1,D:\Running_Place\PostGraduateProjects\Experiments\PostGraduate\backbones\Prompts\GeometryPreservingRadialGate\Seg-SADG\BaryRadGate\a0p08\rho0p5\gb8\sadg0p05\shot3\Seed1
Seg-SADG,Seg-SADG,Seg-SADG,LF-Barycenter-RadialGate,fixed,cosine,none,radial,8,1.0,0.48592135310173035,0.5080134272575378,0.4969726800918579,0.50801343|0.49800456|0.48592135|0.49094602|0.49373204|0.4987056|0.50036108|0.50009727,15.0,1.0,1.0,1.0,0.0,0.08,0.5,0.05,0.05,0.5,0.0001,0.001,0.001,0.0,0.0,1e-06,15.0,5.0,40.0,0.02,0.98,0.001,0.001,0.0001,0.01,0.001,False,0.1,32.0,1e-06,none,,,False,0.5,style_rho0p5,sadg_rho0p05,9,9,19,19,new_training,3,1,198,0.019528368694914713,0.0194602542453342,0.0013611221090993946,5.85471503376943e-08,5.85471503376943e-08,4.972997501479565e-05,4.462838235970897e-05,8.94576866509548e-06,0.0,0.0,0.0,0.0,0.0,0.0,0.0,0.0,0.0,0.0,0.0,0.0,0.0,0.0,0.0,0.013927873120539717,0.08447201218869951,0.05,9,72|31|126,35,all_filtered,9,True,D:\Running_Place\PostGraduateProjects\Experiments\PostGraduate\backbones\GeometryPreservingRadialGate\Seg-SADG\BaryRadGate\a0p08\rho0p5\gb8\sadg0p05\shot3\Seed1,D:\Running_Place\PostGraduateProjects\Experiments\PostGraduate\backbones\Prompts\GeometryPreservingRadialGate\Seg-SADG\BaryRadGate\a0p08\rho0p5\gb8\sadg0p05\shot3\Seed1
Seg-SADG,Seg-SADG,Seg-SADG,LF-Barycenter-RadialGate,fixed,cosine,none,radial,8,1.0,0.48604467511177063,0.5079490542411804,0.49699750542640686,0.50794905|0.49783954|0.48604468|0.49082473|0.49409729|0.49901405|0.50046825|0.49974251,15.0,1.0,1.0,1.0,0.0,0.08,0.5,0.05,0.05,0.5,0.0001,0.001,0.001,0.0,0.0,1e-06,15.0,5.0,40.0,0.02,0.98,0.001,0.001,0.0001,0.01,0.001,False,0.1,32.0,1e-06,none,,,False,0.5,style_rho0p5,sadg_rho0p05,9,9,19,19,new_training,3,1,199,0.019564417708251212,0.019492783687180944,0.0014315231108210152,5.710592926928055e-08,5.710592926928055e-08,4.849528098323693e-05,4.365895923304682e-05,8.597439975548898e-06,0.0,0.0,0.0,0.0,0.0,0.0,0.0,0.0,0.0,0.0,0.0,0.0,0.0,0.0,0.0,0.013451674021780491,0.08522936784558827,0.05,9,72|31|126,35,all_filtered,9,True,D:\Running_Place\PostGraduateProjects\Experiments\PostGraduate\backbones\GeometryPreservingRadialGate\Seg-SADG\BaryRadGate\a0p08\rho0p5\gb8\sadg0p05\shot3\Seed1,D:\Running_Place\PostGraduateProjects\Experiments\PostGraduate\backbones\Prompts\GeometryPreservingRadialGate\Seg-SADG\BaryRadGate\a0p08\rho0p5\gb8\sadg0p05\shot3\Seed1
Seg-SADG,Seg-SADG,Seg-SADG,LF-Barycenter-RadialGate,fixed,cosine,none,radial,8,1.0,0.4863112270832062,0.5079166889190674,0.49694371223449707,0.50791669|0.49746045|0.48631123|0.4905605|0.4941009|0.49905217|0.50049961|0.49964809,15.0,1.0,1.0,1.0,0.0,0.08,0.5,0.05,0.05,0.5,0.0001,0.001,0.001,0.0,0.0,1e-06,15.0,5.0,40.0,0.02,0.98,0.001,0.001,0.0001,0.01,0.001,False,0.1,32.0,1e-06,none,,,False,0.5,style_rho0p5,sadg_rho0p05,9,9,19,19,new_training,3,1,200,0.020911199144191213,0.020834527702795133,0.0015323147591617373,5.570985806002682e-08,5.570985806002682e-08,4.7649205144908694e-05,4.250213694629363e-05,8.442798894571348e-06,0.0,0.0,0.0,0.0,0.0,0.0,0.0,0.0,0.0,0.0,0.0,0.0,0.0,0.0,0.0,0.01429517101496458,0.0953015246325069,0.05,9,72|31|126,35,all_filtered,9,True,D:\Running_Place\PostGraduateProjects\Experiments\PostGraduate\backbones\GeometryPreservingRadialGate\Seg-SADG\BaryRadGate\a0p08\rho0p5\gb8\sadg0p05\shot3\Seed1,D:\Running_Place\PostGraduateProjects\Experiments\PostGraduate\backbones\Prompts\GeometryPreservingRadialGate\Seg-SADG\BaryRadGate\a0p08\rho0p5\gb8\sadg0p05\shot3\Seed1
