experiment,base_method,loss_mode,ablation,sadg_method,bn_method,bn_method_tag,bn_layers,bn_mu_std,bn_logvar_std,bn_adv_radius,lambda_bn_cons,lambda_bn_adv,lambda_bn_sens,lambda_bn_affine,lambda_bn_compact,lambda_disp,dice_weight,rho,rho_tag,checkpoint_source,shot,seed,epoch,train_loss,train_base_loss,train_seg_loss,train_disp_loss,epsilon_loss,sadg_grad_norm,perturb_norm,bn_cons_loss,bn_adv_loss,bn_sens_loss,bn_affine_loss,bn_compact_loss,bn_total_reg_loss,steps,train_case_ids,n_train_slices,slice_policy,num_middle_slices,filter_min_fg,output_dir
PertubatedBNStatistics,Disperssion+Seg-SADG,BN-Consistency,BN-Consistency,Seg-SADG,BN-Consistency,bn_consistency,shallow,0.1,0.1,1.0,0.05,0.1,0.001,0.0001,0.001,0.05,0.5,0.05,rho0p05,new_training,3,3,1,1.6696734958224826,1.6695504585901897,1.6371797853045993,0.6474136180347867,1.5038118097517226,2.7832024892171225,0.05,0.0024608774757426647,0.0,0.0,0.0,0.0,0.0001230438784760837,9,108|224|72,36,all_filtered,9,True,D:\Running_Place\PostGraduateProjects\Experiments\PostGraduate\backbones\PertubatedBNStatistics\BN-Consistency\shot3\Seed3
PertubatedBNStatistics,Disperssion+Seg-SADG,BN-Consistency,BN-Consistency,Seg-SADG,BN-Consistency,bn_consistency,shallow,0.1,0.1,1.0,0.05,0.1,0.001,0.0001,0.001,0.05,0.5,0.05,rho0p05,new_training,3,3,2,1.2484550343619452,1.2484152581956651,1.2289510700437758,0.38928407099511886,1.1507042116589017,1.5045637687047322,0.05,0.0007952560101532274,0.0,0.0,0.0,0.0,3.976280155863302e-05,9,108|224|72,36,all_filtered,9,True,D:\Running_Place\PostGraduateProjects\Experiments\PostGraduate\backbones\PertubatedBNStatistics\BN-Consistency\shot3\Seed3
PertubatedBNStatistics,Disperssion+Seg-SADG,BN-Consistency,BN-Consistency,Seg-SADG,BN-Consistency,bn_consistency,shallow,0.1,0.1,1.0,0.05,0.1,0.001,0.0001,0.001,0.05,0.5,0.05,rho0p05,new_training,3,3,3,1.0366130934821234,1.0365936822361417,1.0274695290459528,0.1824832691086663,0.9668976333406236,1.1402117676205106,0.05,0.00038819571879381937,0.0,0.0,0.0,0.0,1.94097861418009e-05,9,108|224|72,36,all_filtered,9,True,D:\Running_Place\PostGraduateProjects\Experiments\PostGraduate\backbones\PertubatedBNStatistics\BN-Consistency\shot3\Seed3
PertubatedBNStatistics,Disperssion+Seg-SADG,BN-Consistency,BN-Consistency,Seg-SADG,BN-Consistency,bn_consistency,shallow,0.1,0.1,1.0,0.05,0.1,0.001,0.0001,0.001,0.05,0.5,0.05,rho0p05,new_training,3,3,4,0.8962344394789802,0.8962061272727119,0.8905050489637587,0.11402148836188847,0.8363287780019972,1.0195552441808913,0.05,0.0005662184347683149,0.0,0.0,0.0,0.0,2.831092246601151e-05,9,108|224|72,36,all_filtered,9,True,D:\Running_Place\PostGraduateProjects\Experiments\PostGraduate\backbones\PertubatedBNStatistics\BN-Consistency\shot3\Seed3
PertubatedBNStatistics,Disperssion+Seg-SADG,BN-Consistency,BN-Consistency,Seg-SADG,BN-Consistency,bn_consistency,shallow,0.1,0.1,1.0,0.05,0.1,0.001,0.0001,0.001,0.05,0.5,0.05,rho0p05,new_training,3,3,5,0.7658318546083238,0.7657949659559462,0.7620359857877096,0.07517959756983651,0.706312788857354,0.96381190750334,0.05,0.0007377224230569684,0.0,0.0,0.0,0.0,3.6886121354958355e-05,9,108|224|72,36,all_filtered,9,True,D:\Running_Place\PostGraduateProjects\Experiments\PostGraduate\backbones\PertubatedBNStatistics\BN-Consistency\shot3\Seed3
PertubatedBNStatistics,Disperssion+Seg-SADG,BN-Consistency,BN-Consistency,Seg-SADG,BN-Consistency,bn_consistency,shallow,0.1,0.1,1.0,0.05,0.1,0.001,0.0001,0.001,0.05,0.5,0.05,rho0p05,new_training,3,3,6,0.669102840953403,0.6690761182043288,0.666789087984297,0.04574055100480715,0.6223775678210788,0.8523076971371969,0.05,0.000534423833919896,0.0,0.0,0.0,0.0,2.672119191831573e-05,9,108|224|72,36,all_filtered,9,True,D:\Running_Place\PostGraduateProjects\Experiments\PostGraduate\backbones\PertubatedBNStatistics\BN-Consistency\shot3\Seed3
PertubatedBNStatistics,Disperssion+Seg-SADG,BN-Consistency,BN-Consistency,Seg-SADG,BN-Consistency,bn_consistency,shallow,0.1,0.1,1.0,0.05,0.1,0.001,0.0001,0.001,0.05,0.5,0.05,rho0p05,new_training,3,3,7,0.598413904507955,0.5983941091431512,0.5959002640512254,0.04987684968445036,0.5547040767139859,0.7773495846324496,0.05,0.00039582103232128755,0.0,0.0,0.0,0.0,1.979105157564239e-05,9,108|224|72,36,all_filtered,9,True,D:\Running_Place\PostGraduateProjects\Experiments\PostGraduate\backbones\PertubatedBNStatistics\BN-Consistency\shot3\Seed3
PertubatedBNStatistics,Disperssion+Seg-SADG,BN-Consistency,BN-Consistency,Seg-SADG,BN-Consistency,bn_consistency,shallow,0.1,0.1,1.0,0.05,0.1,0.001,0.0001,0.001,0.05,0.5,0.05,rho0p05,new_training,3,3,8,0.5521461566289266,0.552119685543908,0.5495677126778497,0.051039424621396594,0.5118719869189792,0.7052334679497613,0.05,0.0005292846310314619,0.0,0.0,0.0,0.0,2.646423207705892e-05,9,108|224|72,36,all_filtered,9,True,D:\Running_Place\PostGraduateProjects\Experiments\PostGraduate\backbones\PertubatedBNStatistics\BN-Consistency\shot3\Seed3
PertubatedBNStatistics,Disperssion+Seg-SADG,BN-Consistency,BN-Consistency,Seg-SADG,BN-Consistency,bn_consistency,shallow,0.1,0.1,1.0,0.05,0.1,0.001,0.0001,0.001,0.05,0.5,0.05,rho0p05,new_training,3,3,9,0.5176427298121982,0.5176173448562622,0.5160231788953146,0.031883353781369,0.47969400220447117,0.6744900345802307,0.05,0.0005079763278546226,0.0,0.0,0.0,0.0,2.5398817039482918e-05,9,108|224|72,36,all_filtered,9,True,D:\Running_Place\PostGraduateProjects\Experiments\PostGraduate\backbones\PertubatedBNStatistics\BN-Consistency\shot3\Seed3
PertubatedBNStatistics,Disperssion+Seg-SADG,BN-Consistency,BN-Consistency,Seg-SADG,BN-Consistency,bn_consistency,shallow,0.1,0.1,1.0,0.05,0.1,0.001,0.0001,0.001,0.05,0.5,0.05,rho0p05,new_training,3,3,10,0.4848808679315779,0.48485247956381905,0.4836295048395793,0.024459404663907156,0.4496940639283922,0.6466611358854506,0.05,0.0005677726003341377,0.0,0.0,0.0,0.0,2.8388630501770724e-05,9,108|224|72,36,all_filtered,9,True,D:\Running_Place\PostGraduateProjects\Experiments\PostGraduate\backbones\PertubatedBNStatistics\BN-Consistency\shot3\Seed3
PertubatedBNStatistics,Disperssion+Seg-SADG,BN-Consistency,BN-Consistency,Seg-SADG,BN-Consistency,bn_consistency,shallow,0.1,0.1,1.0,0.05,0.1,0.001,0.0001,0.001,0.05,0.5,0.05,rho0p05,new_training,3,3,11,0.4585704571670956,0.45854290657573277,0.4576878282758925,0.017101517050630517,0.4242848886383904,0.624044848812951,0.05,0.000550974533931973,0.0,0.0,0.0,0.0,2.754872679765362e-05,9,108|224|72,36,all_filtered,9,True,D:\Running_Place\PostGraduateProjects\Experiments\PostGraduate\backbones\PertubatedBNStatistics\BN-Consistency\shot3\Seed3
PertubatedBNStatistics,Disperssion+Seg-SADG,BN-Consistency,BN-Consistency,Seg-SADG,BN-Consistency,bn_consistency,shallow,0.1,0.1,1.0,0.05,0.1,0.001,0.0001,0.001,0.05,0.5,0.05,rho0p05,new_training,3,3,12,0.4352797269821167,0.43525855077637565,0.43433330787552726,0.01850494783785608,0.4026500880718231,0.5989583664470248,0.05,0.0004235671529184199,0.0,0.0,0.0,0.0,2.1178357807608943e-05,9,108|224|72,36,all_filtered,9,True,D:\Running_Place\PostGraduateProjects\Experiments\PostGraduate\backbones\PertubatedBNStatistics\BN-Consistency\shot3\Seed3
PertubatedBNStatistics,Disperssion+Seg-SADG,BN-Consistency,BN-Consistency,Seg-SADG,BN-Consistency,bn_consistency,shallow,0.1,0.1,1.0,0.05,0.1,0.001,0.0001,0.001,0.05,0.5,0.05,rho0p05,new_training,3,3,13,0.4121640655729506,0.41214131315549213,0.41135960817337036,0.015634083085589938,0.38099685311317444,0.5738946199417114,0.05,0.00045504677432796196,0.0,0.0,0.0,0.0,2.2752339241883925e-05,9,108|224|72,36,all_filtered,9,True,D:\Running_Place\PostGraduateProjects\Experiments\PostGraduate\backbones\PertubatedBNStatistics\BN-Consistency\shot3\Seed3
PertubatedBNStatistics,Disperssion+Seg-SADG,BN-Consistency,BN-Consistency,Seg-SADG,BN-Consistency,bn_consistency,shallow,0.1,0.1,1.0,0.05,0.1,0.001,0.0001,0.001,0.05,0.5,0.05,rho0p05,new_training,3,3,14,0.3903466959794362,0.39031784070862663,0.38957900802294415,0.014776586141023371,0.3601757420433892,0.5515704684787326,0.05,0.0005770159316145711,0.0,0.0,0.0,0.0,2.8850797106214384e-05,9,108|224|72,36,all_filtered,9,True,D:\Running_Place\PostGraduateProjects\Experiments\PostGraduate\backbones\PertubatedBNStatistics\BN-Consistency\shot3\Seed3
PertubatedBNStatistics,Disperssion+Seg-SADG,BN-Consistency,BN-Consistency,Seg-SADG,BN-Consistency,bn_consistency,shallow,0.1,0.1,1.0,0.05,0.1,0.001,0.0001,0.001,0.05,0.5,0.05,rho0p05,new_training,3,3,15,0.37342829836739433,0.373407072491116,0.3726702663633559,0.014736068952414725,0.3440220786465539,0.538679129547543,0.05,0.00042448662700028054,0.0,0.0,0.0,0.0,2.1224331653178928e-05,9,108|224|72,36,all_filtered,9,True,D:\Running_Place\PostGraduateProjects\Experiments\PostGraduate\backbones\PertubatedBNStatistics\BN-Consistency\shot3\Seed3
PertubatedBNStatistics,Disperssion+Seg-SADG,BN-Consistency,BN-Consistency,Seg-SADG,BN-Consistency,bn_consistency,shallow,0.1,0.1,1.0,0.05,0.1,0.001,0.0001,0.001,0.05,0.5,0.05,rho0p05,new_training,3,3,16,0.35050760043991935,0.3504859507083893,0.3499062524901496,0.01159395608637068,0.3235531780454848,0.49611080686251324,0.05,0.0004328322441627582,0.0,0.0,0.0,0.0,2.1641612672990756e-05,9,108|224|72,36,all_filtered,9,True,D:\Running_Place\PostGraduateProjects\Experiments\PostGraduate\backbones\PertubatedBNStatistics\BN-Consistency\shot3\Seed3
PertubatedBNStatistics,Disperssion+Seg-SADG,BN-Consistency,BN-Consistency,Seg-SADG,BN-Consistency,bn_consistency,shallow,0.1,0.1,1.0,0.05,0.1,0.001,0.0001,0.001,0.05,0.5,0.05,rho0p05,new_training,3,3,17,0.3288327952226003,0.32880787385834587,0.32824747098816764,0.01120806061145332,0.30297401878568864,0.47510413659943473,0.05,0.0004983721203946819,0.0,0.0,0.0,0.0,2.491860676754085e-05,9,108|224|72,36,all_filtered,9,True,D:\Running_Place\PostGraduateProjects\Experiments\PostGraduate\backbones\PertubatedBNStatistics\BN-Consistency\shot3\Seed3
PertubatedBNStatistics,Disperssion+Seg-SADG,BN-Consistency,BN-Consistency,Seg-SADG,BN-Consistency,bn_consistency,shallow,0.1,0.1,1.0,0.05,0.1,0.001,0.0001,0.001,0.05,0.5,0.05,rho0p05,new_training,3,3,18,0.3100077675448524,0.309981945488188,0.3095217810736762,0.009203291963785887,0.28558771477805245,0.44905363851123387,0.05,0.000516530271852389,0.0,0.0,0.0,0.0,2.5826513794729384e-05,9,108|224|72,36,all_filtered,9,True,D:\Running_Place\PostGraduateProjects\Experiments\PostGraduate\backbones\PertubatedBNStatistics\BN-Consistency\shot3\Seed3
PertubatedBNStatistics,Disperssion+Seg-SADG,BN-Consistency,BN-Consistency,Seg-SADG,BN-Consistency,bn_consistency,shallow,0.1,0.1,1.0,0.05,0.1,0.001,0.0001,0.001,0.05,0.5,0.05,rho0p05,new_training,3,3,19,0.30178969767358566,0.3017533520857493,0.3011827634440528,0.011411730717453692,0.2733992172612084,0.49600567751460606,0.05,0.0007269927914926989,0.0,0.0,0.0,0.0,3.6349639938432825e-05,9,108|224|72,36,all_filtered,9,True,D:\Running_Place\PostGraduateProjects\Experiments\PostGraduate\backbones\PertubatedBNStatistics\BN-Consistency\shot3\Seed3
PertubatedBNStatistics,Disperssion+Seg-SADG,BN-Consistency,BN-Consistency,Seg-SADG,BN-Consistency,bn_consistency,shallow,0.1,0.1,1.0,0.05,0.1,0.001,0.0001,0.001,0.05,0.5,0.05,rho0p05,new_training,3,3,20,0.29194267259703743,0.2919163505236308,0.2913438048627641,0.011450884139372243,0.26725059747695923,0.44789310958650375,0.05,0.0005265683220285508,0.0,0.0,0.0,0.0,2.632841662691337e-05,9,108|224|72,36,all_filtered,9,True,D:\Running_Place\PostGraduateProjects\Experiments\PostGraduate\backbones\PertubatedBNStatistics\BN-Consistency\shot3\Seed3
PertubatedBNStatistics,Disperssion+Seg-SADG,BN-Consistency,BN-Consistency,Seg-SADG,BN-Consistency,bn_consistency,shallow,0.1,0.1,1.0,0.05,0.1,0.001,0.0001,0.001,0.05,0.5,0.05,rho0p05,new_training,3,3,21,0.2754622134897444,0.2754370801978641,0.27487871050834656,0.011167317628860474,0.2520788560311,0.42323969470130074,0.05,0.000502762976490582,0.0,0.0,0.0,0.0,2.5138149087272017e-05,9,108|224|72,36,all_filtered,9,True,D:\Running_Place\PostGraduateProjects\Experiments\PostGraduate\backbones\PertubatedBNStatistics\BN-Consistency\shot3\Seed3
PertubatedBNStatistics,Disperssion+Seg-SADG,BN-Consistency,BN-Consistency,Seg-SADG,BN-Consistency,bn_consistency,shallow,0.1,0.1,1.0,0.05,0.1,0.001,0.0001,0.001,0.05,0.5,0.05,rho0p05,new_training,3,3,22,0.268091168668535,0.2680596245659722,0.2675095929039849,0.011000561113986704,0.23951138390435112,0.39631259110238815,0.05,0.000630954794663315,0.0,0.0,0.0,0.0,3.1547739935275684e-05,9,108|224|72,36,all_filtered,9,True,D:\Running_Place\PostGraduateProjects\Experiments\PostGraduate\backbones\PertubatedBNStatistics\BN-Consistency\shot3\Seed3
PertubatedBNStatistics,Disperssion+Seg-SADG,BN-Consistency,BN-Consistency,Seg-SADG,BN-Consistency,bn_consistency,shallow,0.1,0.1,1.0,0.05,0.1,0.001,0.0001,0.001,0.05,0.5,0.05,rho0p05,new_training,3,3,23,0.2884369492530823,0.28840166992611355,0.28699297375149196,0.028173841743005648,0.25950584808985394,0.4704530073536767,0.05,0.0007055750724652575,0.0,0.0,0.0,0.0,3.527875378495082e-05,9,108|224|72,36,all_filtered,9,True,D:\Running_Place\PostGraduateProjects\Experiments\PostGraduate\backbones\PertubatedBNStatistics\BN-Consistency\shot3\Seed3
PertubatedBNStatistics,Disperssion+Seg-SADG,BN-Consistency,BN-Consistency,Seg-SADG,BN-Consistency,bn_consistency,shallow,0.1,0.1,1.0,0.05,0.1,0.001,0.0001,0.001,0.05,0.5,0.05,rho0p05,new_training,3,3,24,0.2690158751275804,0.2689855694770813,0.2675008243984646,0.0296948810832368,0.24588201277785832,0.383327133125729,0.05,0.0006060845723065237,0.0,0.0,0.0,0.0,3.0304229262077974e-05,9,108|224|72,36,all_filtered,9,True,D:\Running_Place\PostGraduateProjects\Experiments\PostGraduate\backbones\PertubatedBNStatistics\BN-Consistency\shot3\Seed3
PertubatedBNStatistics,Disperssion+Seg-SADG,BN-Consistency,BN-Consistency,Seg-SADG,BN-Consistency,bn_consistency,shallow,0.1,0.1,1.0,0.05,0.1,0.001,0.0001,0.001,0.05,0.5,0.05,rho0p05,new_training,3,3,25,0.2488708562321133,0.2488444530301624,0.24805419809288448,0.015805109817948606,0.2284376406007343,0.3523377577463786,0.05,0.0005280641974726071,0.0,0.0,0.0,0.0,2.6403210641648104e-05,9,108|224|72,36,all_filtered,9,True,D:\Running_Place\PostGraduateProjects\Experiments\PostGraduate\backbones\PertubatedBNStatistics\BN-Consistency\shot3\Seed3
PertubatedBNStatistics,Disperssion+Seg-SADG,BN-Consistency,BN-Consistency,Seg-SADG,BN-Consistency,bn_consistency,shallow,0.1,0.1,1.0,0.05,0.1,0.001,0.0001,0.001,0.05,0.5,0.05,rho0p05,new_training,3,3,26,0.23809286952018738,0.23806999292638567,0.23755372398429447,0.010325347901218467,0.21668506662050882,0.3708542287349701,0.05,0.0004575878265313804,0.0,0.0,0.0,0.0,2.2879391407412993e-05,9,108|224|72,36,all_filtered,9,True,D:\Running_Place\PostGraduateProjects\Experiments\PostGraduate\backbones\PertubatedBNStatistics\BN-Consistency\shot3\Seed3
PertubatedBNStatistics,Disperssion+Seg-SADG,BN-Consistency,BN-Consistency,Seg-SADG,BN-Consistency,bn_consistency,shallow,0.1,0.1,1.0,0.05,0.1,0.001,0.0001,0.001,0.05,0.5,0.05,rho0p05,new_training,3,3,27,0.22400738298892975,0.22398777802785239,0.22357055379284752,0.00834444227317969,0.20420863065454695,0.3441246979766422,0.05,0.00039207321889181103,0.0,0.0,0.0,0.0,1.9603661207333465e-05,9,108|224|72,36,all_filtered,9,True,D:\Running_Place\PostGraduateProjects\Experiments\PostGraduate\backbones\PertubatedBNStatistics\BN-Consistency\shot3\Seed3
PertubatedBNStatistics,Disperssion+Seg-SADG,BN-Consistency,BN-Consistency,Seg-SADG,BN-Consistency,bn_consistency,shallow,0.1,0.1,1.0,0.05,0.1,0.001,0.0001,0.001,0.05,0.5,0.05,rho0p05,new_training,3,3,28,0.20839639339182112,0.20837863948610094,0.20800776779651642,0.007417400988439719,0.19180852505895826,0.2997958693239424,0.05,0.0003550608008582559,0.0,0.0,0.0,0.0,1.7753040588609616e-05,9,108|224|72,36,all_filtered,9,True,D:\Running_Place\PostGraduateProjects\Experiments\PostGraduate\backbones\PertubatedBNStatistics\BN-Consistency\shot3\Seed3
PertubatedBNStatistics,Disperssion+Seg-SADG,BN-Consistency,BN-Consistency,Seg-SADG,BN-Consistency,bn_consistency,shallow,0.1,0.1,1.0,0.05,0.1,0.001,0.0001,0.001,0.05,0.5,0.05,rho0p05,new_training,3,3,29,0.19827356106705135,0.19825439817375606,0.19792120820946163,0.006663760946442683,0.18218495945135751,0.2873329718907674,0.05,0.00038324443933864433,0.0,0.0,0.0,0.0,1.9162222391363077e-05,9,108|224|72,36,all_filtered,9,True,D:\Running_Place\PostGraduateProjects\Experiments\PostGraduate\backbones\PertubatedBNStatistics\BN-Consistency\shot3\Seed3
PertubatedBNStatistics,Disperssion+Seg-SADG,BN-Consistency,BN-Consistency,Seg-SADG,BN-Consistency,bn_consistency,shallow,0.1,0.1,1.0,0.05,0.1,0.001,0.0001,0.001,0.05,0.5,0.05,rho0p05,new_training,3,3,30,0.19295175042417315,0.19292905761135948,0.1925649344921112,0.007282453640881512,0.17621799310048422,0.2956639627615611,0.05,0.0004537949086322139,0.0,0.0,0.0,0.0,2.2689745492243674e-05,9,108|224|72,36,all_filtered,9,True,D:\Running_Place\PostGraduateProjects\Experiments\PostGraduate\backbones\PertubatedBNStatistics\BN-Consistency\shot3\Seed3
PertubatedBNStatistics,Disperssion+Seg-SADG,BN-Consistency,BN-Consistency,Seg-SADG,BN-Consistency,bn_consistency,shallow,0.1,0.1,1.0,0.05,0.1,0.001,0.0001,0.001,0.05,0.5,0.05,rho0p05,new_training,3,3,31,0.1861056321197086,0.18608403868145412,0.18573747409714592,0.006931346841156483,0.16962857047716776,0.290892544719908,0.05,0.0004318907918382643,0.0,0.0,0.0,0.0,2.1594540359930965e-05,9,108|224|72,36,all_filtered,9,True,D:\Running_Place\PostGraduateProjects\Experiments\PostGraduate\backbones\PertubatedBNStatistics\BN-Consistency\shot3\Seed3
PertubatedBNStatistics,Disperssion+Seg-SADG,BN-Consistency,BN-Consistency,Seg-SADG,BN-Consistency,bn_consistency,shallow,0.1,0.1,1.0,0.05,0.1,0.001,0.0001,0.001,0.05,0.5,0.05,rho0p05,new_training,3,3,32,0.17674708531962502,0.17672314412064022,0.17642447517977822,0.005973371107959085,0.1616566843456692,0.2691154132286708,0.05,0.00047881535364366654,0.0,0.0,0.0,0.0,2.394076818745816e-05,9,108|224|72,36,all_filtered,9,True,D:\Running_Place\PostGraduateProjects\Experiments\PostGraduate\backbones\PertubatedBNStatistics\BN-Consistency\shot3\Seed3
PertubatedBNStatistics,Disperssion+Seg-SADG,BN-Consistency,BN-Consistency,Seg-SADG,BN-Consistency,bn_consistency,shallow,0.1,0.1,1.0,0.05,0.1,0.001,0.0001,0.001,0.05,0.5,0.05,rho0p05,new_training,3,3,33,0.1715799007150862,0.17155635356903076,0.1712214317586687,0.00669839440120591,0.15591160621907976,0.2704902622434828,0.05,0.00047089473001607176,0.0,0.0,0.0,0.0,2.354473650080359e-05,9,108|224|72,36,all_filtered,9,True,D:\Running_Place\PostGraduateProjects\Experiments\PostGraduate\backbones\PertubatedBNStatistics\BN-Consistency\shot3\Seed3
PertubatedBNStatistics,Disperssion+Seg-SADG,BN-Consistency,BN-Consistency,Seg-SADG,BN-Consistency,bn_consistency,shallow,0.1,0.1,1.0,0.05,0.1,0.001,0.0001,0.001,0.05,0.5,0.05,rho0p05,new_training,3,3,34,0.164405913816558,0.16438381539450753,0.16406283113691542,0.0064197260782950455,0.14984061817328134,0.25160303711891174,0.05,0.0004419217293616384,0.0,0.0,0.0,0.0,2.2096086973356756e-05,9,108|224|72,36,all_filtered,9,True,D:\Running_Place\PostGraduateProjects\Experiments\PostGraduate\backbones\PertubatedBNStatistics\BN-Consistency\shot3\Seed3
PertubatedBNStatistics,Disperssion+Seg-SADG,BN-Consistency,BN-Consistency,Seg-SADG,BN-Consistency,bn_consistency,shallow,0.1,0.1,1.0,0.05,0.1,0.001,0.0001,0.001,0.05,0.5,0.05,rho0p05,new_training,3,3,35,0.1579518566528956,0.15792925655841827,0.15763277146551344,0.0059296620699266596,0.14434337284829882,0.24123317996660867,0.05,0.0004520363290794194,0.0,0.0,0.0,0.0,2.2601816656080904e-05,9,108|224|72,36,all_filtered,9,True,D:\Running_Place\PostGraduateProjects\Experiments\PostGraduate\backbones\PertubatedBNStatistics\BN-Consistency\shot3\Seed3
PertubatedBNStatistics,Disperssion+Seg-SADG,BN-Consistency,BN-Consistency,Seg-SADG,BN-Consistency,bn_consistency,shallow,0.1,0.1,1.0,0.05,0.1,0.001,0.0001,0.001,0.05,0.5,0.05,rho0p05,new_training,3,3,36,0.1526978446377648,0.15267935891946158,0.15239250825511086,0.005737005215552118,0.13898944523599413,0.23779332637786865,0.05,0.00036970915001196164,0.0,0.0,0.0,0.0,1.8485457985661924e-05,9,108|224|72,36,all_filtered,9,True,D:\Running_Place\PostGraduateProjects\Experiments\PostGraduate\backbones\PertubatedBNStatistics\BN-Consistency\shot3\Seed3
PertubatedBNStatistics,Disperssion+Seg-SADG,BN-Consistency,BN-Consistency,Seg-SADG,BN-Consistency,bn_consistency,shallow,0.1,0.1,1.0,0.05,0.1,0.001,0.0001,0.001,0.05,0.5,0.05,rho0p05,new_training,3,3,37,0.14825309150748783,0.1482362449169159,0.14792925781673855,0.006139738329996665,0.13472073939111498,0.23317164017094505,0.05,0.00033690633103510156,0.0,0.0,0.0,0.0,1.684531667302104e-05,9,108|224|72,36,all_filtered,9,True,D:\Running_Place\PostGraduateProjects\Experiments\PostGraduate\backbones\PertubatedBNStatistics\BN-Consistency\shot3\Seed3
PertubatedBNStatistics,Disperssion+Seg-SADG,BN-Consistency,BN-Consistency,Seg-SADG,BN-Consistency,bn_consistency,shallow,0.1,0.1,1.0,0.05,0.1,0.001,0.0001,0.001,0.05,0.5,0.05,rho0p05,new_training,3,3,38,0.1432164659102758,0.143192728360494,0.1428613712390264,0.006627127372970183,0.1297302163309521,0.2278474900457594,0.05,0.0004747307523050242,0.0,0.0,0.0,0.0,2.373653771630618e-05,9,108|224|72,36,all_filtered,9,True,D:\Running_Place\PostGraduateProjects\Experiments\PostGraduate\backbones\PertubatedBNStatistics\BN-Consistency\shot3\Seed3
PertubatedBNStatistics,Disperssion+Seg-SADG,BN-Consistency,BN-Consistency,Seg-SADG,BN-Consistency,bn_consistency,shallow,0.1,0.1,1.0,0.05,0.1,0.001,0.0001,0.001,0.05,0.5,0.05,rho0p05,new_training,3,3,39,0.1411841246816847,0.1411578787697686,0.14084689650270674,0.0062196883372962475,0.1274193541871177,0.2400349196460512,0.05,0.000524930403723071,0.0,0.0,0.0,0.0,2.6246520772272357e-05,9,108|224|72,36,all_filtered,9,True,D:\Running_Place\PostGraduateProjects\Experiments\PostGraduate\backbones\PertubatedBNStatistics\BN-Consistency\shot3\Seed3
PertubatedBNStatistics,Disperssion+Seg-SADG,BN-Consistency,BN-Consistency,Seg-SADG,BN-Consistency,bn_consistency,shallow,0.1,0.1,1.0,0.05,0.1,0.001,0.0001,0.001,0.05,0.5,0.05,rho0p05,new_training,3,3,40,0.1356461453768942,0.13562319013807508,0.13530511491828495,0.006361509880257977,0.12310148610009088,0.21788929071691301,0.05,0.00045914203251918987,0.0,0.0,0.0,0.0,2.295710166638148e-05,9,108|224|72,36,all_filtered,9,True,D:\Running_Place\PostGraduateProjects\Experiments\PostGraduate\backbones\PertubatedBNStatistics\BN-Consistency\shot3\Seed3
PertubatedBNStatistics,Disperssion+Seg-SADG,BN-Consistency,BN-Consistency,Seg-SADG,BN-Consistency,bn_consistency,shallow,0.1,0.1,1.0,0.05,0.1,0.001,0.0001,0.001,0.05,0.5,0.05,rho0p05,new_training,3,3,41,0.13222844898700714,0.13220658236079746,0.1318203541967604,0.00772453968723615,0.11924927681684494,0.217208132147789,0.05,0.00043732198213951453,0.0,0.0,0.0,0.0,2.186609941014063e-05,9,108|224|72,36,all_filtered,9,True,D:\Running_Place\PostGraduateProjects\Experiments\PostGraduate\backbones\PertubatedBNStatistics\BN-Consistency\shot3\Seed3
PertubatedBNStatistics,Disperssion+Seg-SADG,BN-Consistency,BN-Consistency,Seg-SADG,BN-Consistency,bn_consistency,shallow,0.1,0.1,1.0,0.05,0.1,0.001,0.0001,0.001,0.05,0.5,0.05,rho0p05,new_training,3,3,42,0.12668830653031668,0.12667069418562782,0.1263737670249409,0.005938542023715045,0.11486498845948113,0.20559485256671906,0.05,0.00035224344497287855,0.0,0.0,0.0,0.0,1.7612172794340746e-05,9,108|224|72,36,all_filtered,9,True,D:\Running_Place\PostGraduateProjects\Experiments\PostGraduate\backbones\PertubatedBNStatistics\BN-Consistency\shot3\Seed3
PertubatedBNStatistics,Disperssion+Seg-SADG,BN-Consistency,BN-Consistency,Seg-SADG,BN-Consistency,bn_consistency,shallow,0.1,0.1,1.0,0.05,0.1,0.001,0.0001,0.001,0.05,0.5,0.05,rho0p05,new_training,3,3,43,0.12105801784329945,0.12103740374247234,0.12073290679189894,0.00608989813675483,0.11012616422441271,0.18518494731850094,0.05,0.00041226702321889915,0.0,0.0,0.0,0.0,2.0613351201366942e-05,9,108|224|72,36,all_filtered,9,True,D:\Running_Place\PostGraduateProjects\Experiments\PostGraduate\backbones\PertubatedBNStatistics\BN-Consistency\shot3\Seed3
PertubatedBNStatistics,Disperssion+Seg-SADG,BN-Consistency,BN-Consistency,Seg-SADG,BN-Consistency,bn_consistency,shallow,0.1,0.1,1.0,0.05,0.1,0.001,0.0001,0.001,0.05,0.5,0.05,rho0p05,new_training,3,3,44,0.12019034226735432,0.12017015450530583,0.11984176850981182,0.006567694815910525,0.10824809223413467,0.19565455118815103,0.05,0.00040375108397307084,0.0,0.0,0.0,0.0,2.0187554683717382e-05,9,108|224|72,36,all_filtered,9,True,D:\Running_Place\PostGraduateProjects\Experiments\PostGraduate\backbones\PertubatedBNStatistics\BN-Consistency\shot3\Seed3
PertubatedBNStatistics,Disperssion+Seg-SADG,BN-Consistency,BN-Consistency,Seg-SADG,BN-Consistency,bn_consistency,shallow,0.1,0.1,1.0,0.05,0.1,0.001,0.0001,0.001,0.05,0.5,0.05,rho0p05,new_training,3,3,45,0.11570011410448286,0.11568302743964726,0.11534606748157078,0.0067391847260296345,0.10463271041711171,0.18415886494848463,0.05,0.0003417270054342225,0.0,0.0,0.0,0.0,1.7086350756774966e-05,9,108|224|72,36,all_filtered,9,True,D:\Running_Place\PostGraduateProjects\Experiments\PostGraduate\backbones\PertubatedBNStatistics\BN-Consistency\shot3\Seed3
PertubatedBNStatistics,Disperssion+Seg-SADG,BN-Consistency,BN-Consistency,Seg-SADG,BN-Consistency,bn_consistency,shallow,0.1,0.1,1.0,0.05,0.1,0.001,0.0001,0.001,0.05,0.5,0.05,rho0p05,new_training,3,3,46,0.11390638599793117,0.11388466176059511,0.11354201949305004,0.006852814772476752,0.10226533479160732,0.19820835855272081,0.05,0.0004344962103964968,0.0,0.0,0.0,0.0,2.172481112615464e-05,9,108|224|72,36,all_filtered,9,True,D:\Running_Place\PostGraduateProjects\Experiments\PostGraduate\backbones\PertubatedBNStatistics\BN-Consistency\shot3\Seed3
PertubatedBNStatistics,Disperssion+Seg-SADG,BN-Consistency,BN-Consistency,Seg-SADG,BN-Consistency,bn_consistency,shallow,0.1,0.1,1.0,0.05,0.1,0.001,0.0001,0.001,0.05,0.5,0.05,rho0p05,new_training,3,3,47,0.11069075514872868,0.11066479484240214,0.11032784399059084,0.00673900611905588,0.09929805083407296,0.1850206669833925,0.05,0.000519214705693432,0.0,0.0,0.0,0.0,2.5960736012267363e-05,9,108|224|72,36,all_filtered,9,True,D:\Running_Place\PostGraduateProjects\Experiments\PostGraduate\backbones\PertubatedBNStatistics\BN-Consistency\shot3\Seed3
PertubatedBNStatistics,Disperssion+Seg-SADG,BN-Consistency,BN-Consistency,Seg-SADG,BN-Consistency,bn_consistency,shallow,0.1,0.1,1.0,0.05,0.1,0.001,0.0001,0.001,0.05,0.5,0.05,rho0p05,new_training,3,3,48,0.10967126488685608,0.1096457408534156,0.10929551637834972,0.00700450771384769,0.09725772755013572,0.19649170173539054,0.05,0.0005104952142573893,0.0,0.0,0.0,0.0,2.552476123835529e-05,9,108|224|72,36,all_filtered,9,True,D:\Running_Place\PostGraduateProjects\Experiments\PostGraduate\backbones\PertubatedBNStatistics\BN-Consistency\shot3\Seed3
PertubatedBNStatistics,Disperssion+Seg-SADG,BN-Consistency,BN-Consistency,Seg-SADG,BN-Consistency,bn_consistency,shallow,0.1,0.1,1.0,0.05,0.1,0.001,0.0001,0.001,0.05,0.5,0.05,rho0p05,new_training,3,3,49,0.10701327274243037,0.10698892424503963,0.10665277640024821,0.006722961086779833,0.09546694325076209,0.18731982509295145,0.05,0.0004869551371989979,0.0,0.0,0.0,0.0,2.4347757466279694e-05,9,108|224|72,36,all_filtered,9,True,D:\Running_Place\PostGraduateProjects\Experiments\PostGraduate\backbones\PertubatedBNStatistics\BN-Consistency\shot3\Seed3
PertubatedBNStatistics,Disperssion+Seg-SADG,BN-Consistency,BN-Consistency,Seg-SADG,BN-Consistency,bn_consistency,shallow,0.1,0.1,1.0,0.05,0.1,0.001,0.0001,0.001,0.05,0.5,0.05,rho0p05,new_training,3,3,50,0.1025891544090377,0.10256772571139866,0.1022176659769482,0.007001191843301058,0.09250192592541377,0.16627590523825753,0.05,0.0004285507117553304,0.0,0.0,0.0,0.0,2.1427535810087444e-05,9,108|224|72,36,all_filtered,9,True,D:\Running_Place\PostGraduateProjects\Experiments\PostGraduate\backbones\PertubatedBNStatistics\BN-Consistency\shot3\Seed3
PertubatedBNStatistics,Disperssion+Seg-SADG,BN-Consistency,BN-Consistency,Seg-SADG,BN-Consistency,bn_consistency,shallow,0.1,0.1,1.0,0.05,0.1,0.001,0.0001,0.001,0.05,0.5,0.05,rho0p05,new_training,3,3,51,0.10188964009284973,0.10187225954400168,0.10154436859819624,0.006557833972490496,0.09055465045902464,0.18035468127992418,0.05,0.00034761452924511913,0.0,0.0,0.0,0.0,1.7380726805842845e-05,9,108|224|72,36,all_filtered,9,True,D:\Running_Place\PostGraduateProjects\Experiments\PostGraduate\backbones\PertubatedBNStatistics\BN-Consistency\shot3\Seed3
PertubatedBNStatistics,Disperssion+Seg-SADG,BN-Consistency,BN-Consistency,Seg-SADG,BN-Consistency,bn_consistency,shallow,0.1,0.1,1.0,0.05,0.1,0.001,0.0001,0.001,0.05,0.5,0.05,rho0p05,new_training,3,3,52,0.10046382910675472,0.1004412786828147,0.10011337449153264,0.006558075598958466,0.08917123658789529,0.18170985248353747,0.05,0.0004510019094191699,0.0,0.0,0.0,0.0,2.255009581454538e-05,9,108|224|72,36,all_filtered,9,True,D:\Running_Place\PostGraduateProjects\Experiments\PostGraduate\backbones\PertubatedBNStatistics\BN-Consistency\shot3\Seed3
PertubatedBNStatistics,Disperssion+Seg-SADG,BN-Consistency,BN-Consistency,Seg-SADG,BN-Consistency,bn_consistency,shallow,0.1,0.1,1.0,0.05,0.1,0.001,0.0001,0.001,0.05,0.5,0.05,rho0p05,new_training,3,3,53,0.09662181552913454,0.09660251107480791,0.09628046717908648,0.006440909631136391,0.08602762884563869,0.16944471995035806,0.05,0.0003860951530643635,0.0,0.0,0.0,0.0,1.9304757996805063e-05,9,108|224|72,36,all_filtered,9,True,D:\Running_Place\PostGraduateProjects\Experiments\PostGraduate\backbones\PertubatedBNStatistics\BN-Consistency\shot3\Seed3
PertubatedBNStatistics,Disperssion+Seg-SADG,BN-Consistency,BN-Consistency,Seg-SADG,BN-Consistency,bn_consistency,shallow,0.1,0.1,1.0,0.05,0.1,0.001,0.0001,0.001,0.05,0.5,0.05,rho0p05,new_training,3,3,54,0.09387172261873881,0.09384900414281422,0.09352712912691964,0.006437479414873653,0.08350944187906054,0.16341207259231144,0.05,0.000454376694203044,0.0,0.0,0.0,0.0,2.2718834871840147e-05,9,108|224|72,36,all_filtered,9,True,D:\Running_Place\PostGraduateProjects\Experiments\PostGraduate\backbones\PertubatedBNStatistics\BN-Consistency\shot3\Seed3
PertubatedBNStatistics,Disperssion+Seg-SADG,BN-Consistency,BN-Consistency,Seg-SADG,BN-Consistency,bn_consistency,shallow,0.1,0.1,1.0,0.05,0.1,0.001,0.0001,0.001,0.05,0.5,0.05,rho0p05,new_training,3,3,55,0.09167082524961895,0.09165096200174755,0.09135488669077556,0.00592151072083248,0.08153486748536427,0.16145232485400307,0.05,0.00039727372576534335,0.0,0.0,0.0,0.0,1.986368655101008e-05,9,108|224|72,36,all_filtered,9,True,D:\Running_Place\PostGraduateProjects\Experiments\PostGraduate\backbones\PertubatedBNStatistics\BN-Consistency\shot3\Seed3
PertubatedBNStatistics,Disperssion+Seg-SADG,BN-Consistency,BN-Consistency,Seg-SADG,BN-Consistency,bn_consistency,shallow,0.1,0.1,1.0,0.05,0.1,0.001,0.0001,0.001,0.05,0.5,0.05,rho0p05,new_training,3,3,56,0.09063116792175505,0.09061242474450006,0.09032434556219313,0.005761578084073133,0.08055329653951857,0.16438083350658417,0.05,0.00037483599670748744,0.0,0.0,0.0,0.0,1.8741800077906293e-05,9,108|224|72,36,all_filtered,9,True,D:\Running_Place\PostGraduateProjects\Experiments\PostGraduate\backbones\PertubatedBNStatistics\BN-Consistency\shot3\Seed3
PertubatedBNStatistics,Disperssion+Seg-SADG,BN-Consistency,BN-Consistency,Seg-SADG,BN-Consistency,bn_consistency,shallow,0.1,0.1,1.0,0.05,0.1,0.001,0.0001,0.001,0.05,0.5,0.05,rho0p05,new_training,3,3,57,0.09228510989083184,0.09226137068536547,0.09198523892296685,0.0055226475103861755,0.08025173097848892,0.17873710062768725,0.05,0.0004747780169256859,0.0,0.0,0.0,0.0,2.373890129092615e-05,9,108|224|72,36,all_filtered,9,True,D:\Running_Place\PostGraduateProjects\Experiments\PostGraduate\backbones\PertubatedBNStatistics\BN-Consistency\shot3\Seed3
PertubatedBNStatistics,Disperssion+Seg-SADG,BN-Consistency,BN-Consistency,Seg-SADG,BN-Consistency,bn_consistency,shallow,0.1,0.1,1.0,0.05,0.1,0.001,0.0001,0.001,0.05,0.5,0.05,rho0p05,new_training,3,3,58,0.09349320414993498,0.09345338907506731,0.09314456002579795,0.006176582175410456,0.08121457944313686,0.1819945904943678,0.05,0.0007963175141614758,0.0,0.0,0.0,0.0,3.981587704199935e-05,9,108|224|72,36,all_filtered,9,True,D:\Running_Place\PostGraduateProjects\Experiments\PostGraduate\backbones\PertubatedBNStatistics\BN-Consistency\shot3\Seed3
PertubatedBNStatistics,Disperssion+Seg-SADG,BN-Consistency,BN-Consistency,Seg-SADG,BN-Consistency,bn_consistency,shallow,0.1,0.1,1.0,0.05,0.1,0.001,0.0001,0.001,0.05,0.5,0.05,rho0p05,new_training,3,3,59,0.11036321520805359,0.1103271163172192,0.10985092322031657,0.009523865818563435,0.09340527322557238,0.26418011552757686,0.05,0.0007219799477348311,0.0,0.0,0.0,0.0,3.6098998761089104e-05,9,108|224|72,36,all_filtered,9,True,D:\Running_Place\PostGraduateProjects\Experiments\PostGraduate\backbones\PertubatedBNStatistics\BN-Consistency\shot3\Seed3
PertubatedBNStatistics,Disperssion+Seg-SADG,BN-Consistency,BN-Consistency,Seg-SADG,BN-Consistency,bn_consistency,shallow,0.1,0.1,1.0,0.05,0.1,0.001,0.0001,0.001,0.05,0.5,0.05,rho0p05,new_training,3,3,60,0.10540262030230628,0.10537902017434438,0.10490741994645861,0.009431997676276498,0.09150066061152352,0.22506634891033173,0.05,0.00047201033481138036,0.0,0.0,0.0,0.0,2.3600517326687826e-05,9,108|224|72,36,all_filtered,9,True,D:\Running_Place\PostGraduateProjects\Experiments\PostGraduate\backbones\PertubatedBNStatistics\BN-Consistency\shot3\Seed3
PertubatedBNStatistics,Disperssion+Seg-SADG,BN-Consistency,BN-Consistency,Seg-SADG,BN-Consistency,bn_consistency,shallow,0.1,0.1,1.0,0.05,0.1,0.001,0.0001,0.001,0.05,0.5,0.05,rho0p05,new_training,3,3,61,0.09879207362731297,0.098775467938847,0.09836613055732515,0.008186769826958576,0.08730340252319972,0.18886535531944698,0.05,0.0003321436492519246,0.0,0.0,0.0,0.0,1.6607182765761132e-05,9,108|224|72,36,all_filtered,9,True,D:\Running_Place\PostGraduateProjects\Experiments\PostGraduate\backbones\PertubatedBNStatistics\BN-Consistency\shot3\Seed3
PertubatedBNStatistics,Disperssion+Seg-SADG,BN-Consistency,BN-Consistency,Seg-SADG,BN-Consistency,bn_consistency,shallow,0.1,0.1,1.0,0.05,0.1,0.001,0.0001,0.001,0.05,0.5,0.05,rho0p05,new_training,3,3,62,0.0907158139679167,0.09069821155733532,0.09037910484605366,0.006382118910551071,0.0812163468864229,0.15596738623248207,0.05,0.0003520458154121621,0.0,0.0,0.0,0.0,1.7602290831241084e-05,9,108|224|72,36,all_filtered,9,True,D:\Running_Place\PostGraduateProjects\Experiments\PostGraduate\backbones\PertubatedBNStatistics\BN-Consistency\shot3\Seed3
PertubatedBNStatistics,Disperssion+Seg-SADG,BN-Consistency,BN-Consistency,Seg-SADG,BN-Consistency,bn_consistency,shallow,0.1,0.1,1.0,0.05,0.1,0.001,0.0001,0.001,0.05,0.5,0.05,rho0p05,new_training,3,3,63,0.0895302544037501,0.08951093835963143,0.08913093308607738,0.0076001110590166515,0.07890300866630343,0.1680140495300293,0.05,0.0003863142661025955,0.0,0.0,0.0,0.0,1.9315713365762753e-05,9,108|224|72,36,all_filtered,9,True,D:\Running_Place\PostGraduateProjects\Experiments\PostGraduate\backbones\PertubatedBNStatistics\BN-Consistency\shot3\Seed3
PertubatedBNStatistics,Disperssion+Seg-SADG,BN-Consistency,BN-Consistency,Seg-SADG,BN-Consistency,bn_consistency,shallow,0.1,0.1,1.0,0.05,0.1,0.001,0.0001,0.001,0.05,0.5,0.05,rho0p05,new_training,3,3,64,0.08516975492238998,0.08515016155110465,0.08485797378751966,0.005843758220887846,0.07562350978453954,0.1508893089161979,0.05,0.00039186976371436485,0.0,0.0,0.0,0.0,1.9593488408039168e-05,9,108|224|72,36,all_filtered,9,True,D:\Running_Place\PostGraduateProjects\Experiments\PostGraduate\backbones\PertubatedBNStatistics\BN-Consistency\shot3\Seed3
PertubatedBNStatistics,Disperssion+Seg-SADG,BN-Consistency,BN-Consistency,Seg-SADG,BN-Consistency,bn_consistency,shallow,0.1,0.1,1.0,0.05,0.1,0.001,0.0001,0.001,0.05,0.5,0.05,rho0p05,new_training,3,3,65,0.08163042945994271,0.08160993456840515,0.08131315973069933,0.005935502135091358,0.07280558016565111,0.13793111509746975,0.05,0.0004099076920990936,0.0,0.0,0.0,0.0,2.0495384887908585e-05,9,108|224|72,36,all_filtered,9,True,D:\Running_Place\PostGraduateProjects\Experiments\PostGraduate\backbones\PertubatedBNStatistics\BN-Consistency\shot3\Seed3
PertubatedBNStatistics,Disperssion+Seg-SADG,BN-Consistency,BN-Consistency,Seg-SADG,BN-Consistency,bn_consistency,shallow,0.1,0.1,1.0,0.05,0.1,0.001,0.0001,0.001,0.05,0.5,0.05,rho0p05,new_training,3,3,66,0.079514027469688,0.07949757741557227,0.07920311805274752,0.00588919274095032,0.07068609363502926,0.13646163129144245,0.05,0.00032900441308609315,0.0,0.0,0.0,0.0,1.645022095746956e-05,9,108|224|72,36,all_filtered,9,True,D:\Running_Place\PostGraduateProjects\Experiments\PostGraduate\backbones\PertubatedBNStatistics\BN-Consistency\shot3\Seed3
PertubatedBNStatistics,Disperssion+Seg-SADG,BN-Consistency,BN-Consistency,Seg-SADG,BN-Consistency,bn_consistency,shallow,0.1,0.1,1.0,0.05,0.1,0.001,0.0001,0.001,0.05,0.5,0.05,rho0p05,new_training,3,3,67,0.0786985233426094,0.07867842829889721,0.07835647960503896,0.006438967564867603,0.06951039698388842,0.14243932565053305,0.05,0.00040189539948995743,0.0,0.0,0.0,0.0,2.009477015639681e-05,9,108|224|72,36,all_filtered,9,True,D:\Running_Place\PostGraduateProjects\Experiments\PostGraduate\backbones\PertubatedBNStatistics\BN-Consistency\shot3\Seed3
PertubatedBNStatistics,Disperssion+Seg-SADG,BN-Consistency,BN-Consistency,Seg-SADG,BN-Consistency,bn_consistency,shallow,0.1,0.1,1.0,0.05,0.1,0.001,0.0001,0.001,0.05,0.5,0.05,rho0p05,new_training,3,3,68,0.07760113146569994,0.07758204970094892,0.07733018944660823,0.005037211735422413,0.06809969577524397,0.14621133274502224,0.05,0.0003816437027934525,0.0,0.0,0.0,0.0,1.9082185442837523e-05,9,108|224|72,36,all_filtered,9,True,D:\Running_Place\PostGraduateProjects\Experiments\PostGraduate\backbones\PertubatedBNStatistics\BN-Consistency\shot3\Seed3
PertubatedBNStatistics,Disperssion+Seg-SADG,BN-Consistency,BN-Consistency,Seg-SADG,BN-Consistency,bn_consistency,shallow,0.1,0.1,1.0,0.05,0.1,0.001,0.0001,0.001,0.05,0.5,0.05,rho0p05,new_training,3,3,69,0.07548095948166317,0.07546245803435643,0.07520324571265115,0.00518422721264263,0.06628671412666638,0.1401795827680164,0.05,0.0003700273648266577,0.0,0.0,0.0,0.0,1.8501368483864804e-05,9,108|224|72,36,all_filtered,9,True,D:\Running_Place\PostGraduateProjects\Experiments\PostGraduate\backbones\PertubatedBNStatistics\BN-Consistency\shot3\Seed3
PertubatedBNStatistics,Disperssion+Seg-SADG,BN-Consistency,BN-Consistency,Seg-SADG,BN-Consistency,bn_consistency,shallow,0.1,0.1,1.0,0.05,0.1,0.001,0.0001,0.001,0.05,0.5,0.05,rho0p05,new_training,3,3,70,0.0744689620203442,0.07445033308532503,0.0741697566376792,0.005611546363474594,0.06526666921046045,0.14029347482654783,0.05,0.00037257639471338026,0.0,0.0,0.0,0.0,1.8628819816512987e-05,9,108|224|72,36,all_filtered,9,True,D:\Running_Place\PostGraduateProjects\Experiments\PostGraduate\backbones\PertubatedBNStatistics\BN-Consistency\shot3\Seed3
PertubatedBNStatistics,Disperssion+Seg-SADG,BN-Consistency,BN-Consistency,Seg-SADG,BN-Consistency,bn_consistency,shallow,0.1,0.1,1.0,0.05,0.1,0.001,0.0001,0.001,0.05,0.5,0.05,rho0p05,new_training,3,3,71,0.07435006979438993,0.07432961960633595,0.07407384779718187,0.005115447979834344,0.06466005494197209,0.1497244934240977,0.05,0.0004090390866622329,0.0,0.0,0.0,0.0,2.045195449479959e-05,9,108|224|72,36,all_filtered,9,True,D:\Running_Place\PostGraduateProjects\Experiments\PostGraduate\backbones\PertubatedBNStatistics\BN-Consistency\shot3\Seed3
PertubatedBNStatistics,Disperssion+Seg-SADG,BN-Consistency,BN-Consistency,Seg-SADG,BN-Consistency,bn_consistency,shallow,0.1,0.1,1.0,0.05,0.1,0.001,0.0001,0.001,0.05,0.5,0.05,rho0p05,new_training,3,3,72,0.0728972860508495,0.07287733919090694,0.07260520093970829,0.005442771750191848,0.06347304872340626,0.14500908139679167,0.05,0.000398946288947223,0.0,0.0,0.0,0.0,1.9947314689893068e-05,9,108|224|72,36,all_filtered,9,True,D:\Running_Place\PostGraduateProjects\Experiments\PostGraduate\backbones\PertubatedBNStatistics\BN-Consistency\shot3\Seed3
PertubatedBNStatistics,Disperssion+Seg-SADG,BN-Consistency,BN-Consistency,Seg-SADG,BN-Consistency,bn_consistency,shallow,0.1,0.1,1.0,0.05,0.1,0.001,0.0001,0.001,0.05,0.5,0.05,rho0p05,new_training,3,3,73,0.06965050432417128,0.06963162124156952,0.06937422106663386,0.005147997057065368,0.061335987514919706,0.12764722605546316,0.05,0.00037763501071215916,0.0,0.0,0.0,0.0,1.8881751101515773e-05,9,108|224|72,36,all_filtered,9,True,D:\Running_Place\PostGraduateProjects\Experiments\PostGraduate\backbones\PertubatedBNStatistics\BN-Consistency\shot3\Seed3
PertubatedBNStatistics,Disperssion+Seg-SADG,BN-Consistency,BN-Consistency,Seg-SADG,BN-Consistency,bn_consistency,shallow,0.1,0.1,1.0,0.05,0.1,0.001,0.0001,0.001,0.05,0.5,0.05,rho0p05,new_training,3,3,74,0.06870660185813904,0.06868653496106465,0.06845901409784953,0.004550425051194098,0.06045528625448545,0.12771593613757026,0.05,0.0004013379802927375,0.0,0.0,0.0,0.0,2.0066899297590782e-05,9,108|224|72,36,all_filtered,9,True,D:\Running_Place\PostGraduateProjects\Experiments\PostGraduate\backbones\PertubatedBNStatistics\BN-Consistency\shot3\Seed3
PertubatedBNStatistics,Disperssion+Seg-SADG,BN-Consistency,BN-Consistency,Seg-SADG,BN-Consistency,bn_consistency,shallow,0.1,0.1,1.0,0.05,0.1,0.001,0.0001,0.001,0.05,0.5,0.05,rho0p05,new_training,3,3,75,0.06808688905504015,0.0680662447379695,0.06783161270949575,0.004692643285832471,0.05949469986889097,0.13007756653759214,0.05,0.0004128964630783432,0.0,0.0,0.0,0.0,2.064482376024696e-05,9,108|224|72,36,all_filtered,9,True,D:\Running_Place\PostGraduateProjects\Experiments\PostGraduate\backbones\PertubatedBNStatistics\BN-Consistency\shot3\Seed3
PertubatedBNStatistics,Disperssion+Seg-SADG,BN-Consistency,BN-Consistency,Seg-SADG,BN-Consistency,bn_consistency,shallow,0.1,0.1,1.0,0.05,0.1,0.001,0.0001,0.001,0.05,0.5,0.05,rho0p05,new_training,3,3,76,0.0677159469988611,0.06769533993469344,0.06746160321765476,0.004674719775923424,0.05860014839304818,0.13468591620524725,0.05,0.00041215763323836855,0.0,0.0,0.0,0.0,2.0607882106560282e-05,9,108|224|72,36,all_filtered,9,True,D:\Running_Place\PostGraduateProjects\Experiments\PostGraduate\backbones\PertubatedBNStatistics\BN-Consistency\shot3\Seed3
PertubatedBNStatistics,Disperssion+Seg-SADG,BN-Consistency,BN-Consistency,Seg-SADG,BN-Consistency,bn_consistency,shallow,0.1,0.1,1.0,0.05,0.1,0.001,0.0001,0.001,0.05,0.5,0.05,rho0p05,new_training,3,3,77,0.06645079743531015,0.06642546008030574,0.066205233335495,0.004404535154915518,0.05802139267325401,0.13138706650998858,0.05,0.0005067445712888406,0.0,0.0,0.0,0.0,2.5337228685707993e-05,9,108|224|72,36,all_filtered,9,True,D:\Running_Place\PostGraduateProjects\Experiments\PostGraduate\backbones\PertubatedBNStatistics\BN-Consistency\shot3\Seed3
PertubatedBNStatistics,Disperssion+Seg-SADG,BN-Consistency,BN-Consistency,Seg-SADG,BN-Consistency,bn_consistency,shallow,0.1,0.1,1.0,0.05,0.1,0.001,0.0001,0.001,0.05,0.5,0.05,rho0p05,new_training,3,3,78,0.06663338219126065,0.06661353260278702,0.06638093168536822,0.004652018219025599,0.05751204490661621,0.13671839237213135,0.05,0.00039697477930328913,0.0,0.0,0.0,0.0,1.9848739510861276e-05,9,108|224|72,36,all_filtered,9,True,D:\Running_Place\PostGraduateProjects\Experiments\PostGraduate\backbones\PertubatedBNStatistics\BN-Consistency\shot3\Seed3
PertubatedBNStatistics,Disperssion+Seg-SADG,BN-Consistency,BN-Consistency,Seg-SADG,BN-Consistency,bn_consistency,shallow,0.1,0.1,1.0,0.05,0.1,0.001,0.0001,0.001,0.05,0.5,0.05,rho0p05,new_training,3,3,79,0.06523193791508675,0.06521198567416933,0.06498364607493083,0.0045667945717771845,0.05654410438405143,0.1320381462574005,0.05,0.00039905929265336855,0.0,0.0,0.0,0.0,1.9952965077310284e-05,9,108|224|72,36,all_filtered,9,True,D:\Running_Place\PostGraduateProjects\Experiments\PostGraduate\backbones\PertubatedBNStatistics\BN-Consistency\shot3\Seed3
PertubatedBNStatistics,Disperssion+Seg-SADG,BN-Consistency,BN-Consistency,Seg-SADG,BN-Consistency,bn_consistency,shallow,0.1,0.1,1.0,0.05,0.1,0.001,0.0001,0.001,0.05,0.5,0.05,rho0p05,new_training,3,3,80,0.06321351809634103,0.06319131784968907,0.06297126702136463,0.004401003424492147,0.055146027356386185,0.12374469389518102,0.05,0.00044399898130601895,0.0,0.0,0.0,0.0,2.2199949348254853e-05,9,108|224|72,36,all_filtered,9,True,D:\Running_Place\PostGraduateProjects\Experiments\PostGraduate\backbones\PertubatedBNStatistics\BN-Consistency\shot3\Seed3
PertubatedBNStatistics,Disperssion+Seg-SADG,BN-Consistency,BN-Consistency,Seg-SADG,BN-Consistency,bn_consistency,shallow,0.1,0.1,1.0,0.05,0.1,0.001,0.0001,0.001,0.05,0.5,0.05,rho0p05,new_training,3,3,81,0.06448960594005054,0.06446661344832844,0.06421901823745833,0.004951921757310629,0.05526912295156055,0.13898769517739615,0.05,0.00045984672356603877,0.0,0.0,0.0,0.0,2.2992336097457963e-05,9,108|224|72,36,all_filtered,9,True,D:\Running_Place\PostGraduateProjects\Experiments\PostGraduate\backbones\PertubatedBNStatistics\BN-Consistency\shot3\Seed3
PertubatedBNStatistics,Disperssion+Seg-SADG,BN-Consistency,BN-Consistency,Seg-SADG,BN-Consistency,bn_consistency,shallow,0.1,0.1,1.0,0.05,0.1,0.001,0.0001,0.001,0.05,0.5,0.05,rho0p05,new_training,3,3,82,0.06337649457984501,0.06335465610027313,0.0631714483930005,0.003664149540579981,0.05439658835530281,0.1374395994676484,0.05,0.00043676943945077557,0.0,0.0,0.0,0.0,2.1838472295914675e-05,9,108|224|72,36,all_filtered,9,True,D:\Running_Place\PostGraduateProjects\Experiments\PostGraduate\backbones\PertubatedBNStatistics\BN-Consistency\shot3\Seed3
PertubatedBNStatistics,Disperssion+Seg-SADG,BN-Consistency,BN-Consistency,Seg-SADG,BN-Consistency,bn_consistency,shallow,0.1,0.1,1.0,0.05,0.1,0.001,0.0001,0.001,0.05,0.5,0.05,rho0p05,new_training,3,3,83,0.06152488415439924,0.06150680739018652,0.0612995901869403,0.004144334260167347,0.053017106735044055,0.13057193160057068,0.05,0.0003615350853781112,0.0,0.0,0.0,0.0,1.807675461249245e-05,9,108|224|72,36,all_filtered,9,True,D:\Running_Place\PostGraduateProjects\Experiments\PostGraduate\backbones\PertubatedBNStatistics\BN-Consistency\shot3\Seed3
PertubatedBNStatistics,Disperssion+Seg-SADG,BN-Consistency,BN-Consistency,Seg-SADG,BN-Consistency,bn_consistency,shallow,0.1,0.1,1.0,0.05,0.1,0.001,0.0001,0.001,0.05,0.5,0.05,rho0p05,new_training,3,3,84,0.06087595514125294,0.06085550785064697,0.0606397543516424,0.004315078750045763,0.05187426714433564,0.1326027669840389,0.05,0.00040893916027723916,0.0,0.0,0.0,0.0,2.044695813512792e-05,9,108|224|72,36,all_filtered,9,True,D:\Running_Place\PostGraduateProjects\Experiments\PostGraduate\backbones\PertubatedBNStatistics\BN-Consistency\shot3\Seed3
PertubatedBNStatistics,Disperssion+Seg-SADG,BN-Consistency,BN-Consistency,Seg-SADG,BN-Consistency,bn_consistency,shallow,0.1,0.1,1.0,0.05,0.1,0.001,0.0001,0.001,0.05,0.5,0.05,rho0p05,new_training,3,3,85,0.05888705617851681,0.05886860564351082,0.058687621934546366,0.0036196947718660035,0.05101429960793919,0.11888206087880665,0.05,0.0003690197449436204,0.0,0.0,0.0,0.0,1.8450987631189895e-05,9,108|224|72,36,all_filtered,9,True,D:\Running_Place\PostGraduateProjects\Experiments\PostGraduate\backbones\PertubatedBNStatistics\BN-Consistency\shot3\Seed3
PertubatedBNStatistics,Disperssion+Seg-SADG,BN-Consistency,BN-Consistency,Seg-SADG,BN-Consistency,bn_consistency,shallow,0.1,0.1,1.0,0.05,0.1,0.001,0.0001,0.001,0.05,0.5,0.05,rho0p05,new_training,3,3,86,0.05914033411277665,0.05911789006657071,0.05892209832866987,0.003915829170081351,0.05037623105777635,0.129856971402963,0.05,0.00044888031293845014,0.0,0.0,0.0,0.0,2.244401609156436e-05,9,108|224|72,36,all_filtered,9,True,D:\Running_Place\PostGraduateProjects\Experiments\PostGraduate\backbones\PertubatedBNStatistics\BN-Consistency\shot3\Seed3
PertubatedBNStatistics,Disperssion+Seg-SADG,BN-Consistency,BN-Consistency,Seg-SADG,BN-Consistency,bn_consistency,shallow,0.1,0.1,1.0,0.05,0.1,0.001,0.0001,0.001,0.05,0.5,0.05,rho0p05,new_training,3,3,87,0.057524570988284215,0.0575026600725121,0.057324872662623726,0.0035557529319905573,0.04957620923717817,0.1215301975607872,0.05,0.0004382168149782552,0.0,0.0,0.0,0.0,2.1910841193554614e-05,9,108|224|72,36,all_filtered,9,True,D:\Running_Place\PostGraduateProjects\Experiments\PostGraduate\backbones\PertubatedBNStatistics\BN-Consistency\shot3\Seed3
PertubatedBNStatistics,Disperssion+Seg-SADG,BN-Consistency,BN-Consistency,Seg-SADG,BN-Consistency,bn_consistency,shallow,0.1,0.1,1.0,0.05,0.1,0.001,0.0001,0.001,0.05,0.5,0.05,rho0p05,new_training,3,3,88,0.05753217927283711,0.05750718919767274,0.057326445562971964,0.003614858982877599,0.04911959833568997,0.12679859664705065,0.05,0.000499817807899995,0.0,0.0,0.0,0.0,2.4990890779008623e-05,9,108|224|72,36,all_filtered,9,True,D:\Running_Place\PostGraduateProjects\Experiments\PostGraduate\backbones\PertubatedBNStatistics\BN-Consistency\shot3\Seed3
PertubatedBNStatistics,Disperssion+Seg-SADG,BN-Consistency,BN-Consistency,Seg-SADG,BN-Consistency,bn_consistency,shallow,0.1,0.1,1.0,0.05,0.1,0.001,0.0001,0.001,0.05,0.5,0.05,rho0p05,new_training,3,3,89,0.058311777810255684,0.05828877414266268,0.058094593385855355,0.003883618085334698,0.0489344737595982,0.13955150875780317,0.05,0.00046006340481754806,0.0,0.0,0.0,0.0,2.300317100889515e-05,9,108|224|72,36,all_filtered,9,True,D:\Running_Place\PostGraduateProjects\Experiments\PostGraduate\backbones\PertubatedBNStatistics\BN-Consistency\shot3\Seed3
PertubatedBNStatistics,Disperssion+Seg-SADG,BN-Consistency,BN-Consistency,Seg-SADG,BN-Consistency,bn_consistency,shallow,0.1,0.1,1.0,0.05,0.1,0.001,0.0001,0.001,0.05,0.5,0.05,rho0p05,new_training,3,3,90,0.0628197006881237,0.06279279208845562,0.0625850251979298,0.00415533393000563,0.051207593745655484,0.16262217031584847,0.05,0.0005381698817169914,0.0,0.0,0.0,0.0,2.6908494975133282e-05,9,108|224|72,36,all_filtered,9,True,D:\Running_Place\PostGraduateProjects\Experiments\PostGraduate\backbones\PertubatedBNStatistics\BN-Consistency\shot3\Seed3
PertubatedBNStatistics,Disperssion+Seg-SADG,BN-Consistency,BN-Consistency,Seg-SADG,BN-Consistency,bn_consistency,shallow,0.1,0.1,1.0,0.05,0.1,0.001,0.0001,0.001,0.05,0.5,0.05,rho0p05,new_training,3,3,91,0.06111257067985005,0.06108541124396854,0.06088243673245112,0.004059482831507921,0.051946269969145455,0.1444570314553049,0.05,0.000543181936437678,0.0,0.0,0.0,0.0,2.7159097145259795e-05,9,108|224|72,36,all_filtered,9,True,D:\Running_Place\PostGraduateProjects\Experiments\PostGraduate\backbones\PertubatedBNStatistics\BN-Consistency\shot3\Seed3
PertubatedBNStatistics,Disperssion+Seg-SADG,BN-Consistency,BN-Consistency,Seg-SADG,BN-Consistency,bn_consistency,shallow,0.1,0.1,1.0,0.05,0.1,0.001,0.0001,0.001,0.05,0.5,0.05,rho0p05,new_training,3,3,92,0.06067699690659841,0.060652683592504926,0.06043581912914912,0.004337290534749627,0.05102612616287337,0.14651325345039368,0.05,0.0004862609752712564,0.0,0.0,0.0,0.0,2.4313049026305736e-05,9,108|224|72,36,all_filtered,9,True,D:\Running_Place\PostGraduateProjects\Experiments\PostGraduate\backbones\PertubatedBNStatistics\BN-Consistency\shot3\Seed3
PertubatedBNStatistics,Disperssion+Seg-SADG,BN-Consistency,BN-Consistency,Seg-SADG,BN-Consistency,bn_consistency,shallow,0.1,0.1,1.0,0.05,0.1,0.001,0.0001,0.001,0.05,0.5,0.05,rho0p05,new_training,3,3,93,0.05862585372394986,0.05860595322317547,0.058399845328595906,0.004122163919318054,0.04984074624048339,0.13561612947119606,0.05,0.0003980133090711509,0.0,0.0,0.0,0.0,1.9900665696089465e-05,9,108|224|72,36,all_filtered,9,True,D:\Running_Place\PostGraduateProjects\Experiments\PostGraduate\backbones\PertubatedBNStatistics\BN-Consistency\shot3\Seed3
PertubatedBNStatistics,Disperssion+Seg-SADG,BN-Consistency,BN-Consistency,Seg-SADG,BN-Consistency,bn_consistency,shallow,0.1,0.1,1.0,0.05,0.1,0.001,0.0001,0.001,0.05,0.5,0.05,rho0p05,new_training,3,3,94,0.05639116962750753,0.05637051620417171,0.056157807923025556,0.004254162803085314,0.048249161491791405,0.12577449530363083,0.05,0.00041307873390097584,0.0,0.0,0.0,0.0,2.0653937200323628e-05,9,108|224|72,36,all_filtered,9,True,D:\Running_Place\PostGraduateProjects\Experiments\PostGraduate\backbones\PertubatedBNStatistics\BN-Consistency\shot3\Seed3
PertubatedBNStatistics,Disperssion+Seg-SADG,BN-Consistency,BN-Consistency,Seg-SADG,BN-Consistency,bn_consistency,shallow,0.1,0.1,1.0,0.05,0.1,0.001,0.0001,0.001,0.05,0.5,0.05,rho0p05,new_training,3,3,95,0.05674371040529675,0.056722209685378604,0.056519692142804466,0.0040503626223653555,0.04736115038394928,0.13850489838255775,0.05,0.00043002604636260204,0.0,0.0,0.0,0.0,2.150130260108401e-05,9,108|224|72,36,all_filtered,9,True,D:\Running_Place\PostGraduateProjects\Experiments\PostGraduate\backbones\PertubatedBNStatistics\BN-Consistency\shot3\Seed3
PertubatedBNStatistics,Disperssion+Seg-SADG,BN-Consistency,BN-Consistency,Seg-SADG,BN-Consistency,bn_consistency,shallow,0.1,0.1,1.0,0.05,0.1,0.001,0.0001,0.001,0.05,0.5,0.05,rho0p05,new_training,3,3,96,0.056604003326760396,0.056582974476946726,0.0563925483988391,0.0038085199064678615,0.046962580333153404,0.14387348459826577,0.05,0.00042057001458791393,0.0,0.0,0.0,0.0,2.1028500971927617e-05,9,108|224|72,36,all_filtered,9,True,D:\Running_Place\PostGraduateProjects\Experiments\PostGraduate\backbones\PertubatedBNStatistics\BN-Consistency\shot3\Seed3
PertubatedBNStatistics,Disperssion+Seg-SADG,BN-Consistency,BN-Consistency,Seg-SADG,BN-Consistency,bn_consistency,shallow,0.1,0.1,1.0,0.05,0.1,0.001,0.0001,0.001,0.05,0.5,0.05,rho0p05,new_training,3,3,97,0.0551485742131869,0.055122873849338956,0.05493990000751284,0.0036594672387258876,0.04603789001703262,0.13619504372278848,0.05,0.0005140117233774314,0.0,0.0,0.0,0.0,2.5700586775201373e-05,9,108|224|72,36,all_filtered,9,True,D:\Running_Place\PostGraduateProjects\Experiments\PostGraduate\backbones\PertubatedBNStatistics\BN-Consistency\shot3\Seed3
PertubatedBNStatistics,Disperssion+Seg-SADG,BN-Consistency,BN-Consistency,Seg-SADG,BN-Consistency,bn_consistency,shallow,0.1,0.1,1.0,0.05,0.1,0.001,0.0001,0.001,0.05,0.5,0.05,rho0p05,new_training,3,3,98,0.052687166879574455,0.05266686611705356,0.05248530788554086,0.0036311670620408324,0.04484162645207511,0.12097407877445221,0.05,0.0004060153086255822,0.0,0.0,0.0,0.0,2.0300765451490104e-05,9,108|224|72,36,all_filtered,9,True,D:\Running_Place\PostGraduateProjects\Experiments\PostGraduate\backbones\PertubatedBNStatistics\BN-Consistency\shot3\Seed3
PertubatedBNStatistics,Disperssion+Seg-SADG,BN-Consistency,BN-Consistency,Seg-SADG,BN-Consistency,bn_consistency,shallow,0.1,0.1,1.0,0.05,0.1,0.001,0.0001,0.001,0.05,0.5,0.05,rho0p05,new_training,3,3,99,0.050327475286192365,0.05030572911103567,0.050134631908602185,0.0034219457560943235,0.04328400476111306,0.10821709036827087,0.05,0.00043492515235104493,0.0,0.0,0.0,0.0,2.174625781966218e-05,9,108|224|72,36,all_filtered,9,True,D:\Running_Place\PostGraduateProjects\Experiments\PostGraduate\backbones\PertubatedBNStatistics\BN-Consistency\shot3\Seed3
PertubatedBNStatistics,Disperssion+Seg-SADG,BN-Consistency,BN-Consistency,Seg-SADG,BN-Consistency,bn_consistency,shallow,0.1,0.1,1.0,0.05,0.1,0.001,0.0001,0.001,0.05,0.5,0.05,rho0p05,new_training,3,3,100,0.05004142431749238,0.05001949891448021,0.04986289433307118,0.0031320879028903115,0.042345275481541954,0.11620947966972987,0.05,0.00043850673440222937,0.0,0.0,0.0,0.0,2.1925337124331338e-05,9,108|224|72,36,all_filtered,9,True,D:\Running_Place\PostGraduateProjects\Experiments\PostGraduate\backbones\PertubatedBNStatistics\BN-Consistency\shot3\Seed3
PertubatedBNStatistics,Disperssion+Seg-SADG,BN-Consistency,BN-Consistency,Seg-SADG,BN-Consistency,bn_consistency,shallow,0.1,0.1,1.0,0.05,0.1,0.001,0.0001,0.001,0.05,0.5,0.05,rho0p05,new_training,3,3,101,0.05028098573287328,0.050258807010120816,0.050092491424745984,0.0033263100518120658,0.042171655843655266,0.12149135354492399,0.05,0.0004435754704496099,0.0,0.0,0.0,0.0,2.2178773684168442e-05,9,108|224|72,36,all_filtered,9,True,D:\Running_Place\PostGraduateProjects\Experiments\PostGraduate\backbones\PertubatedBNStatistics\BN-Consistency\shot3\Seed3
PertubatedBNStatistics,Disperssion+Seg-SADG,BN-Consistency,BN-Consistency,Seg-SADG,BN-Consistency,bn_consistency,shallow,0.1,0.1,1.0,0.05,0.1,0.001,0.0001,0.001,0.05,0.5,0.05,rho0p05,new_training,3,3,102,0.05011621407336659,0.050092346552345485,0.04992681327793333,0.0033106671309926445,0.04167259857058525,0.12545475529299843,0.05,0.00047733701002370153,0.0,0.0,0.0,0.0,2.3866850925615938e-05,9,108|224|72,36,all_filtered,9,True,D:\Running_Place\PostGraduateProjects\Experiments\PostGraduate\backbones\PertubatedBNStatistics\BN-Consistency\shot3\Seed3
PertubatedBNStatistics,Disperssion+Seg-SADG,BN-Consistency,BN-Consistency,Seg-SADG,BN-Consistency,bn_consistency,shallow,0.1,0.1,1.0,0.05,0.1,0.001,0.0001,0.001,0.05,0.5,0.05,rho0p05,new_training,3,3,103,0.049648039042949677,0.04962532015310393,0.049472021145953074,0.0030659720198147828,0.0411665141582489,0.12368219345808029,0.05,0.00045436817648199696,0.0,0.0,0.0,0.0,2.2718409329374684e-05,9,108|224|72,36,all_filtered,9,True,D:\Running_Place\PostGraduateProjects\Experiments\PostGraduate\backbones\PertubatedBNStatistics\BN-Consistency\shot3\Seed3
PertubatedBNStatistics,Disperssion+Seg-SADG,BN-Consistency,BN-Consistency,Seg-SADG,BN-Consistency,bn_consistency,shallow,0.1,0.1,1.0,0.05,0.1,0.001,0.0001,0.001,0.05,0.5,0.05,rho0p05,new_training,3,3,104,0.04769585364394718,0.04767637327313423,0.04753764553202523,0.0027745412145223883,0.0403849006527,0.1129722719391187,0.05,0.00038960667411124124,0.0,0.0,0.0,0.0,1.9480334129992923e-05,9,108|224|72,36,all_filtered,9,True,D:\Running_Place\PostGraduateProjects\Experiments\PostGraduate\backbones\PertubatedBNStatistics\BN-Consistency\shot3\Seed3
PertubatedBNStatistics,Disperssion+Seg-SADG,BN-Consistency,BN-Consistency,Seg-SADG,BN-Consistency,bn_consistency,shallow,0.1,0.1,1.0,0.05,0.1,0.001,0.0001,0.001,0.05,0.5,0.05,rho0p05,new_training,3,3,105,0.048576244049602084,0.0485514679716693,0.04840972812639342,0.0028347986129422984,0.04066628962755203,0.12077136917246713,0.05,0.0004955106899918368,0.0,0.0,0.0,0.0,2.4775535469719518e-05,9,108|224|72,36,all_filtered,9,True,D:\Running_Place\PostGraduateProjects\Experiments\PostGraduate\backbones\PertubatedBNStatistics\BN-Consistency\shot3\Seed3
PertubatedBNStatistics,Disperssion+Seg-SADG,BN-Consistency,BN-Consistency,Seg-SADG,BN-Consistency,bn_consistency,shallow,0.1,0.1,1.0,0.05,0.1,0.001,0.0001,0.001,0.05,0.5,0.05,rho0p05,new_training,3,3,106,0.04786820585529009,0.04784377829896079,0.0476889270875189,0.0030970231940348945,0.03999225174387296,0.11974040832784441,0.05,0.0004885450180154294,0.0,0.0,0.0,0.0,2.4427251547523258e-05,9,108|224|72,36,all_filtered,9,True,D:\Running_Place\PostGraduateProjects\Experiments\PostGraduate\backbones\PertubatedBNStatistics\BN-Consistency\shot3\Seed3
PertubatedBNStatistics,Disperssion+Seg-SADG,BN-Consistency,BN-Consistency,Seg-SADG,BN-Consistency,bn_consistency,shallow,0.1,0.1,1.0,0.05,0.1,0.001,0.0001,0.001,0.05,0.5,0.05,rho0p05,new_training,3,3,107,0.046394969854089946,0.04637350348962678,0.046212825924158096,0.003213556586868233,0.038609012961387634,0.11160885956552294,0.05,0.00042932596988976,0.0,0.0,0.0,0.0,2.1466298575331974e-05,9,108|224|72,36,all_filtered,9,True,D:\Running_Place\PostGraduateProjects\Experiments\PostGraduate\backbones\PertubatedBNStatistics\BN-Consistency\shot3\Seed3
PertubatedBNStatistics,Disperssion+Seg-SADG,BN-Consistency,BN-Consistency,Seg-SADG,BN-Consistency,bn_consistency,shallow,0.1,0.1,1.0,0.05,0.1,0.001,0.0001,0.001,0.05,0.5,0.05,rho0p05,new_training,3,3,108,0.04542815933624903,0.045405818356408015,0.04527192066113154,0.0026779677460177075,0.0380565221938822,0.11136286209026973,0.05,0.00044682550166423124,0.0,0.0,0.0,0.0,2.2341275527853417e-05,9,108|224|72,36,all_filtered,9,True,D:\Running_Place\PostGraduateProjects\Experiments\PostGraduate\backbones\PertubatedBNStatistics\BN-Consistency\shot3\Seed3
PertubatedBNStatistics,Disperssion+Seg-SADG,BN-Consistency,BN-Consistency,Seg-SADG,BN-Consistency,bn_consistency,shallow,0.1,0.1,1.0,0.05,0.1,0.001,0.0001,0.001,0.05,0.5,0.05,rho0p05,new_training,3,3,109,0.04546942561864853,0.04544249797860781,0.04531757988863521,0.002498352227525579,0.037788540538814336,0.11564409070544773,0.05,0.0005385429992909647,0.0,0.0,0.0,0.0,2.6927150328346113e-05,9,108|224|72,36,all_filtered,9,True,D:\Running_Place\PostGraduateProjects\Experiments\PostGraduate\backbones\PertubatedBNStatistics\BN-Consistency\shot3\Seed3
PertubatedBNStatistics,Disperssion+Seg-SADG,BN-Consistency,BN-Consistency,Seg-SADG,BN-Consistency,bn_consistency,shallow,0.1,0.1,1.0,0.05,0.1,0.001,0.0001,0.001,0.05,0.5,0.05,rho0p05,new_training,3,3,110,0.04490098771121767,0.04487625302539931,0.04473533439967367,0.002818373937366737,0.037233671380413905,0.11268034163448545,0.05,0.0004946935320428262,0.0,0.0,0.0,0.0,2.473467732973707e-05,9,108|224|72,36,all_filtered,9,True,D:\Running_Place\PostGraduateProjects\Experiments\PostGraduate\backbones\PertubatedBNStatistics\BN-Consistency\shot3\Seed3
PertubatedBNStatistics,Disperssion+Seg-SADG,BN-Consistency,BN-Consistency,Seg-SADG,BN-Consistency,bn_consistency,shallow,0.1,0.1,1.0,0.05,0.1,0.001,0.0001,0.001,0.05,0.5,0.05,rho0p05,new_training,3,3,111,0.04567509061760373,0.04565234978993734,0.04551234799954626,0.0028000405937847164,0.037472866061660975,0.1219618171453476,0.05,0.00045482218330208625,0.0,0.0,0.0,0.0,2.2741109609746167e-05,9,108|224|72,36,all_filtered,9,True,D:\Running_Place\PostGraduateProjects\Experiments\PostGraduate\backbones\PertubatedBNStatistics\BN-Consistency\shot3\Seed3
PertubatedBNStatistics,Disperssion+Seg-SADG,BN-Consistency,BN-Consistency,Seg-SADG,BN-Consistency,bn_consistency,shallow,0.1,0.1,1.0,0.05,0.1,0.001,0.0001,0.001,0.05,0.5,0.05,rho0p05,new_training,3,3,112,0.04604283513294326,0.04602010837859578,0.0458914480275578,0.0025732104485440585,0.03721393272280693,0.12654289934370253,0.05,0.00045453706924389634,0.0,0.0,0.0,0.0,2.272685378557071e-05,9,108|224|72,36,all_filtered,9,True,D:\Running_Place\PostGraduateProjects\Experiments\PostGraduate\backbones\PertubatedBNStatistics\BN-Consistency\shot3\Seed3
PertubatedBNStatistics,Disperssion+Seg-SADG,BN-Consistency,BN-Consistency,Seg-SADG,BN-Consistency,bn_consistency,shallow,0.1,0.1,1.0,0.05,0.1,0.001,0.0001,0.001,0.05,0.5,0.05,rho0p05,new_training,3,3,113,0.04615798137254185,0.04613580803076426,0.04598547559645441,0.0030066583098636735,0.036929106132851705,0.13273158255550596,0.05,0.000443469820311293,0.0,0.0,0.0,0.0,2.2173491541050476e-05,9,108|224|72,36,all_filtered,9,True,D:\Running_Place\PostGraduateProjects\Experiments\PostGraduate\backbones\PertubatedBNStatistics\BN-Consistency\shot3\Seed3
PertubatedBNStatistics,Disperssion+Seg-SADG,BN-Consistency,BN-Consistency,Seg-SADG,BN-Consistency,bn_consistency,shallow,0.1,0.1,1.0,0.05,0.1,0.001,0.0001,0.001,0.05,0.5,0.05,rho0p05,new_training,3,3,114,0.04516905753148927,0.04514909287293752,0.045004305326276355,0.0028957499242905113,0.036744046956300735,0.12322329398658541,0.05,0.0003992883495003399,0.0,0.0,0.0,0.0,1.9964417838814876e-05,9,108|224|72,36,all_filtered,9,True,D:\Running_Place\PostGraduateProjects\Experiments\PostGraduate\backbones\PertubatedBNStatistics\BN-Consistency\shot3\Seed3
PertubatedBNStatistics,Disperssion+Seg-SADG,BN-Consistency,BN-Consistency,Seg-SADG,BN-Consistency,bn_consistency,shallow,0.1,0.1,1.0,0.05,0.1,0.001,0.0001,0.001,0.05,0.5,0.05,rho0p05,new_training,3,3,115,0.043135884735319346,0.04311378548542658,0.042985637568765216,0.0025629542198859984,0.03610736628373464,0.10758562551604377,0.05,0.0004419890497552438,0.0,0.0,0.0,0.0,2.2099453013248018e-05,9,108|224|72,36,all_filtered,9,True,D:\Running_Place\PostGraduateProjects\Experiments\PostGraduate\backbones\PertubatedBNStatistics\BN-Consistency\shot3\Seed3
PertubatedBNStatistics,Disperssion+Seg-SADG,BN-Consistency,BN-Consistency,Seg-SADG,BN-Consistency,bn_consistency,shallow,0.1,0.1,1.0,0.05,0.1,0.001,0.0001,0.001,0.05,0.5,0.05,rho0p05,new_training,3,3,116,0.0415248539712694,0.04150551350580321,0.041374550511439644,0.002619264233443472,0.034970376226637095,0.10086368521054585,0.05,0.00038681227144681744,0.0,0.0,0.0,0.0,1.9340614016982727e-05,9,108|224|72,36,all_filtered,9,True,D:\Running_Place\PostGraduateProjects\Experiments\PostGraduate\backbones\PertubatedBNStatistics\BN-Consistency\shot3\Seed3
PertubatedBNStatistics,Disperssion+Seg-SADG,BN-Consistency,BN-Consistency,Seg-SADG,BN-Consistency,bn_consistency,shallow,0.1,0.1,1.0,0.05,0.1,0.001,0.0001,0.001,0.05,0.5,0.05,rho0p05,new_training,3,3,117,0.04057040769192907,0.040547417683733836,0.04043891694810656,0.0021700182050052616,0.03417869243356916,0.09850692997376125,0.05,0.0004598139558867034,0.0,0.0,0.0,0.0,2.2990697996445102e-05,9,108|224|72,36,all_filtered,9,True,D:\Running_Place\PostGraduateProjects\Experiments\PostGraduate\backbones\PertubatedBNStatistics\BN-Consistency\shot3\Seed3
PertubatedBNStatistics,Disperssion+Seg-SADG,BN-Consistency,BN-Consistency,Seg-SADG,BN-Consistency,bn_consistency,shallow,0.1,0.1,1.0,0.05,0.1,0.001,0.0001,0.001,0.05,0.5,0.05,rho0p05,new_training,3,3,118,0.04158230953746372,0.04155887539188067,0.041435043017069496,0.0024766558134514424,0.03408686278594865,0.11132290214300156,0.05,0.00046867551282048225,0.0,0.0,0.0,0.0,2.3433776126087953e-05,9,108|224|72,36,all_filtered,9,True,D:\Running_Place\PostGraduateProjects\Experiments\PostGraduate\backbones\PertubatedBNStatistics\BN-Consistency\shot3\Seed3
PertubatedBNStatistics,Disperssion+Seg-SADG,BN-Consistency,BN-Consistency,Seg-SADG,BN-Consistency,bn_consistency,shallow,0.1,0.1,1.0,0.05,0.1,0.001,0.0001,0.001,0.05,0.5,0.05,rho0p05,new_training,3,3,119,0.04102027705974049,0.04099226536022292,0.04087708849045965,0.0023035285477009085,0.033820080674356885,0.10608355369832781,0.05,0.0005602380228487568,0.0,0.0,0.0,0.0,2.801190162750168e-05,9,108|224|72,36,all_filtered,9,True,D:\Running_Place\PostGraduateProjects\Experiments\PostGraduate\backbones\PertubatedBNStatistics\BN-Consistency\shot3\Seed3
PertubatedBNStatistics,Disperssion+Seg-SADG,BN-Consistency,BN-Consistency,Seg-SADG,BN-Consistency,bn_consistency,shallow,0.1,0.1,1.0,0.05,0.1,0.001,0.0001,0.001,0.05,0.5,0.05,rho0p05,new_training,3,3,120,0.04156408210595449,0.041539543204837374,0.0414307891494698,0.002175089838500652,0.03365664184093475,0.11803693572680156,0.05,0.0004907858060000257,0.0,0.0,0.0,0.0,2.4539290785065128e-05,9,108|224|72,36,all_filtered,9,True,D:\Running_Place\PostGraduateProjects\Experiments\PostGraduate\backbones\PertubatedBNStatistics\BN-Consistency\shot3\Seed3
PertubatedBNStatistics,Disperssion+Seg-SADG,BN-Consistency,BN-Consistency,Seg-SADG,BN-Consistency,bn_consistency,shallow,0.1,0.1,1.0,0.05,0.1,0.001,0.0001,0.001,0.05,0.5,0.05,rho0p05,new_training,3,3,121,0.04028579385744201,0.040258627798822194,0.040146798723273806,0.0022365813169421423,0.03324973748789893,0.1064636359612147,0.05,0.0005433213955257088,0.0,0.0,0.0,0.0,2.7166069937973385e-05,9,108|224|72,36,all_filtered,9,True,D:\Running_Place\PostGraduateProjects\Experiments\PostGraduate\backbones\PertubatedBNStatistics\BN-Consistency\shot3\Seed3
PertubatedBNStatistics,Disperssion+Seg-SADG,BN-Consistency,BN-Consistency,Seg-SADG,BN-Consistency,bn_consistency,shallow,0.1,0.1,1.0,0.05,0.1,0.001,0.0001,0.001,0.05,0.5,0.05,rho0p05,new_training,3,3,122,0.03939849096867773,0.039373940891689725,0.03927529065145387,0.001972999617767831,0.03240521914429135,0.10324210673570633,0.05,0.0004909913760558185,0.0,0.0,0.0,0.0,2.4549568883634896e-05,9,108|224|72,36,all_filtered,9,True,D:\Running_Place\PostGraduateProjects\Experiments\PostGraduate\backbones\PertubatedBNStatistics\BN-Consistency\shot3\Seed3
PertubatedBNStatistics,Disperssion+Seg-SADG,BN-Consistency,BN-Consistency,Seg-SADG,BN-Consistency,bn_consistency,shallow,0.1,0.1,1.0,0.05,0.1,0.001,0.0001,0.001,0.05,0.5,0.05,rho0p05,new_training,3,3,123,0.03933885527981652,0.0393156326479382,0.03919103369116783,0.002491982395036353,0.03193675664563974,0.10728072706196043,0.05,0.0004644473503705942,0.0,0.0,0.0,0.0,2.322236751852971e-05,9,108|224|72,36,all_filtered,9,True,D:\Running_Place\PostGraduateProjects\Experiments\PostGraduate\backbones\PertubatedBNStatistics\BN-Consistency\shot3\Seed3
PertubatedBNStatistics,Disperssion+Seg-SADG,BN-Consistency,BN-Consistency,Seg-SADG,BN-Consistency,bn_consistency,shallow,0.1,0.1,1.0,0.05,0.1,0.001,0.0001,0.001,0.05,0.5,0.05,rho0p05,new_training,3,3,124,0.04043554845783445,0.04040929882062806,0.04030733100242085,0.0020393573860120443,0.03209336681498422,0.12151249332560433,0.05,0.0005249942866309235,0.0,0.0,0.0,0.0,2.624971501871995e-05,9,108|224|72,36,all_filtered,9,True,D:\Running_Place\PostGraduateProjects\Experiments\PostGraduate\backbones\PertubatedBNStatistics\BN-Consistency\shot3\Seed3
PertubatedBNStatistics,Disperssion+Seg-SADG,BN-Consistency,BN-Consistency,Seg-SADG,BN-Consistency,bn_consistency,shallow,0.1,0.1,1.0,0.05,0.1,0.001,0.0001,0.001,0.05,0.5,0.05,rho0p05,new_training,3,3,125,0.0411045683754815,0.04107654632793532,0.04095924355917507,0.0023460579880823693,0.032209699145621724,0.12834119382831785,0.05,0.0005604483788677802,0.0,0.0,0.0,0.0,2.8022419630562785e-05,9,108|224|72,36,all_filtered,9,True,D:\Running_Place\PostGraduateProjects\Experiments\PostGraduate\backbones\PertubatedBNStatistics\BN-Consistency\shot3\Seed3
PertubatedBNStatistics,Disperssion+Seg-SADG,BN-Consistency,BN-Consistency,Seg-SADG,BN-Consistency,bn_consistency,shallow,0.1,0.1,1.0,0.05,0.1,0.001,0.0001,0.001,0.05,0.5,0.05,rho0p05,new_training,3,3,126,0.039553875310553446,0.03953133192327288,0.039417738715807595,0.00227187087552415,0.03170194187098079,0.11747848739226659,0.05,0.0004508559068199247,0.0,0.0,0.0,0.0,2.254279590690405e-05,9,108|224|72,36,all_filtered,9,True,D:\Running_Place\PostGraduateProjects\Experiments\PostGraduate\backbones\PertubatedBNStatistics\BN-Consistency\shot3\Seed3
PertubatedBNStatistics,Disperssion+Seg-SADG,BN-Consistency,BN-Consistency,Seg-SADG,BN-Consistency,bn_consistency,shallow,0.1,0.1,1.0,0.05,0.1,0.001,0.0001,0.001,0.05,0.5,0.05,rho0p05,new_training,3,3,127,0.039773727042807475,0.039746861077017255,0.03963715127772755,0.0021942020781959095,0.03191747640570005,0.1195468149251408,0.05,0.000537326148737015,0.0,0.0,0.0,0.0,2.686630755811671e-05,9,108|224|72,36,all_filtered,9,True,D:\Running_Place\PostGraduateProjects\Experiments\PostGraduate\backbones\PertubatedBNStatistics\BN-Consistency\shot3\Seed3
PertubatedBNStatistics,Disperssion+Seg-SADG,BN-Consistency,BN-Consistency,Seg-SADG,BN-Consistency,bn_consistency,shallow,0.1,0.1,1.0,0.05,0.1,0.001,0.0001,0.001,0.05,0.5,0.05,rho0p05,new_training,3,3,128,0.038722984906699925,0.038696254707045026,0.038572402050097786,0.002477049420122057,0.0311852710114585,0.1127090412709448,0.05,0.0005346032655021796,0.0,0.0,0.0,0.0,2.673016408354872e-05,9,108|224|72,36,all_filtered,9,True,D:\Running_Place\PostGraduateProjects\Experiments\PostGraduate\backbones\PertubatedBNStatistics\BN-Consistency\shot3\Seed3
PertubatedBNStatistics,Disperssion+Seg-SADG,BN-Consistency,BN-Consistency,Seg-SADG,BN-Consistency,bn_consistency,shallow,0.1,0.1,1.0,0.05,0.1,0.001,0.0001,0.001,0.05,0.5,0.05,rho0p05,new_training,3,3,129,0.03997270266215006,0.039950033028920494,0.03983390289876196,0.0023226045951661137,0.03146705590188503,0.12648236172066796,0.05,0.00045339003554545343,0.0,0.0,0.0,0.0,2.266950206022658e-05,9,108|224|72,36,all_filtered,9,True,D:\Running_Place\PostGraduateProjects\Experiments\PostGraduate\backbones\PertubatedBNStatistics\BN-Consistency\shot3\Seed3
PertubatedBNStatistics,Disperssion+Seg-SADG,BN-Consistency,BN-Consistency,Seg-SADG,BN-Consistency,bn_consistency,shallow,0.1,0.1,1.0,0.05,0.1,0.001,0.0001,0.001,0.05,0.5,0.05,rho0p05,new_training,3,3,130,0.0376791548397806,0.03765496528810925,0.037550925794574946,0.0020807940357675156,0.030596526753571298,0.10762783553865221,0.05,0.00048379275378667645,0.0,0.0,0.0,0.0,2.41896383765076e-05,9,108|224|72,36,all_filtered,9,True,D:\Running_Place\PostGraduateProjects\Experiments\PostGraduate\backbones\PertubatedBNStatistics\BN-Consistency\shot3\Seed3
PertubatedBNStatistics,Disperssion+Seg-SADG,BN-Consistency,BN-Consistency,Seg-SADG,BN-Consistency,bn_consistency,shallow,0.1,0.1,1.0,0.05,0.1,0.001,0.0001,0.001,0.05,0.5,0.05,rho0p05,new_training,3,3,131,0.03680278443627887,0.03677749178475804,0.03666859492659569,0.0021779448078531357,0.02958682945205106,0.10595645176039802,0.05,0.0005058467342880451,0.0,0.0,0.0,0.0,2.529233703777815e-05,9,108|224|72,36,all_filtered,9,True,D:\Running_Place\PostGraduateProjects\Experiments\PostGraduate\backbones\PertubatedBNStatistics\BN-Consistency\shot3\Seed3
PertubatedBNStatistics,Disperssion+Seg-SADG,BN-Consistency,BN-Consistency,Seg-SADG,BN-Consistency,bn_consistency,shallow,0.1,0.1,1.0,0.05,0.1,0.001,0.0001,0.001,0.05,0.5,0.05,rho0p05,new_training,3,3,132,0.03518203770120939,0.03515359738634692,0.03505662000841565,0.0019395420224302346,0.028863209610184033,0.09595631228552924,0.05,0.0005687932069930765,0.0,0.0,0.0,0.0,2.8439660228387867e-05,9,108|224|72,36,all_filtered,9,True,D:\Running_Place\PostGraduateProjects\Experiments\PostGraduate\backbones\PertubatedBNStatistics\BN-Consistency\shot3\Seed3
PertubatedBNStatistics,Disperssion+Seg-SADG,BN-Consistency,BN-Consistency,Seg-SADG,BN-Consistency,bn_consistency,shallow,0.1,0.1,1.0,0.05,0.1,0.001,0.0001,0.001,0.05,0.5,0.05,rho0p05,new_training,3,3,133,0.036135845300224095,0.03611130971047613,0.03601070286499129,0.00201212495772375,0.02900232519540522,0.10807900710238351,0.05,0.0004907145630568266,0.0,0.0,0.0,0.0,2.4535727991153384e-05,9,108|224|72,36,all_filtered,9,True,D:\Running_Place\PostGraduateProjects\Experiments\PostGraduate\backbones\PertubatedBNStatistics\BN-Consistency\shot3\Seed3
PertubatedBNStatistics,Disperssion+Seg-SADG,BN-Consistency,BN-Consistency,Seg-SADG,BN-Consistency,bn_consistency,shallow,0.1,0.1,1.0,0.05,0.1,0.001,0.0001,0.001,0.05,0.5,0.05,rho0p05,new_training,3,3,134,0.03765564701623387,0.03763370091716448,0.037524021334118314,0.002193597404079305,0.029455346158809133,0.12230445030662748,0.05,0.0004389167685682575,0.0,0.0,0.0,0.0,2.1945838751788768e-05,9,108|224|72,36,all_filtered,9,True,D:\Running_Place\PostGraduateProjects\Experiments\PostGraduate\backbones\PertubatedBNStatistics\BN-Consistency\shot3\Seed3
PertubatedBNStatistics,Disperssion+Seg-SADG,BN-Consistency,BN-Consistency,Seg-SADG,BN-Consistency,bn_consistency,shallow,0.1,0.1,1.0,0.05,0.1,0.001,0.0001,0.001,0.05,0.5,0.05,rho0p05,new_training,3,3,135,0.03590978475080596,0.035885134918822184,0.0357828541762299,0.002045606819188429,0.02855486733218034,0.10855953643719356,0.05,0.000492998046360703,0.0,0.0,0.0,0.0,2.464990292436495e-05,9,108|224|72,36,all_filtered,9,True,D:\Running_Place\PostGraduateProjects\Experiments\PostGraduate\backbones\PertubatedBNStatistics\BN-Consistency\shot3\Seed3
PertubatedBNStatistics,Disperssion+Seg-SADG,BN-Consistency,BN-Consistency,Seg-SADG,BN-Consistency,bn_consistency,shallow,0.1,0.1,1.0,0.05,0.1,0.001,0.0001,0.001,0.05,0.5,0.05,rho0p05,new_training,3,3,136,0.03451885489953889,0.03449667803943157,0.034403699760635696,0.0018595638038176629,0.028054571607046656,0.09811487048864365,0.05,0.00044354158388968144,0.0,0.0,0.0,0.0,2.2177079396594006e-05,9,108|224|72,36,all_filtered,9,True,D:\Running_Place\PostGraduateProjects\Experiments\PostGraduate\backbones\PertubatedBNStatistics\BN-Consistency\shot3\Seed3
PertubatedBNStatistics,Disperssion+Seg-SADG,BN-Consistency,BN-Consistency,Seg-SADG,BN-Consistency,bn_consistency,shallow,0.1,0.1,1.0,0.05,0.1,0.001,0.0001,0.001,0.05,0.5,0.05,rho0p05,new_training,3,3,137,0.03493913200994333,0.034913533884618014,0.03481117429004775,0.0020471946724380055,0.028044273248977132,0.1029809456732538,0.05,0.0005119700799696147,0.0,0.0,0.0,0.0,2.5598504685654512e-05,9,108|224|72,36,all_filtered,9,True,D:\Running_Place\PostGraduateProjects\Experiments\PostGraduate\backbones\PertubatedBNStatistics\BN-Consistency\shot3\Seed3
PertubatedBNStatistics,Disperssion+Seg-SADG,BN-Consistency,BN-Consistency,Seg-SADG,BN-Consistency,bn_consistency,shallow,0.1,0.1,1.0,0.05,0.1,0.001,0.0001,0.001,0.05,0.5,0.05,rho0p05,new_training,3,3,138,0.034158421473370656,0.03413601757751571,0.03404085006978777,0.0019033591185385983,0.027324938111835055,0.10148595107926263,0.05,0.00044807511019623943,0.0,0.0,0.0,0.0,2.2403755792765878e-05,9,108|224|72,36,all_filtered,9,True,D:\Running_Place\PostGraduateProjects\Experiments\PostGraduate\backbones\PertubatedBNStatistics\BN-Consistency\shot3\Seed3
PertubatedBNStatistics,Disperssion+Seg-SADG,BN-Consistency,BN-Consistency,Seg-SADG,BN-Consistency,bn_consistency,shallow,0.1,0.1,1.0,0.05,0.1,0.001,0.0001,0.001,0.05,0.5,0.05,rho0p05,new_training,3,3,139,0.034881068393588066,0.03485433922873603,0.03476246943076452,0.0018373953902886973,0.02740372282763322,0.11677962044874828,0.05,0.0005345843609474185,0.0,0.0,0.0,0.0,2.6729218613278743e-05,9,108|224|72,36,all_filtered,9,True,D:\Running_Place\PostGraduateProjects\Experiments\PostGraduate\backbones\PertubatedBNStatistics\BN-Consistency\shot3\Seed3
PertubatedBNStatistics,Disperssion+Seg-SADG,BN-Consistency,BN-Consistency,Seg-SADG,BN-Consistency,bn_consistency,shallow,0.1,0.1,1.0,0.05,0.1,0.001,0.0001,0.001,0.05,0.5,0.05,rho0p05,new_training,3,3,140,0.03538150816327996,0.03535093387795819,0.03525698081486755,0.0018790615981237756,0.027549630651871364,0.11523884617620045,0.05,0.0006114959089447641,0.0,0.0,0.0,0.0,3.057479585145807e-05,9,108|224|72,36,all_filtered,9,True,D:\Running_Place\PostGraduateProjects\Experiments\PostGraduate\backbones\PertubatedBNStatistics\BN-Consistency\shot3\Seed3
PertubatedBNStatistics,Disperssion+Seg-SADG,BN-Consistency,BN-Consistency,Seg-SADG,BN-Consistency,bn_consistency,shallow,0.1,0.1,1.0,0.05,0.1,0.001,0.0001,0.001,0.05,0.5,0.05,rho0p05,new_training,3,3,141,0.03490284913116031,0.034877900034189224,0.03479048361380895,0.0017483321846359307,0.02704202114707894,0.11391861653990215,0.05,0.0004989833946132825,0.0,0.0,0.0,0.0,2.4949170134883996e-05,9,108|224|72,36,all_filtered,9,True,D:\Running_Place\PostGraduateProjects\Experiments\PostGraduate\backbones\PertubatedBNStatistics\BN-Consistency\shot3\Seed3
PertubatedBNStatistics,Disperssion+Seg-SADG,BN-Consistency,BN-Consistency,Seg-SADG,BN-Consistency,bn_consistency,shallow,0.1,0.1,1.0,0.05,0.1,0.001,0.0001,0.001,0.05,0.5,0.05,rho0p05,new_training,3,3,142,0.03545480138725705,0.0354291626976596,0.03533307007617421,0.0019218423791850607,0.027517028980784945,0.11902812785572475,0.05,0.0005127751274913964,0.0,0.0,0.0,0.0,2.5638756293725844e-05,9,108|224|72,36,all_filtered,9,True,D:\Running_Place\PostGraduateProjects\Experiments\PostGraduate\backbones\PertubatedBNStatistics\BN-Consistency\shot3\Seed3
PertubatedBNStatistics,Disperssion+Seg-SADG,BN-Consistency,BN-Consistency,Seg-SADG,BN-Consistency,bn_consistency,shallow,0.1,0.1,1.0,0.05,0.1,0.001,0.0001,0.001,0.05,0.5,0.05,rho0p05,new_training,3,3,143,0.03325732797384262,0.03323180518216557,0.033132644163237676,0.0019832108195664156,0.026354868999785848,0.10095800128248003,0.05,0.0005104526062496006,0.0,0.0,0.0,0.0,2.5522630696488908e-05,9,108|224|72,36,all_filtered,9,True,D:\Running_Place\PostGraduateProjects\Experiments\PostGraduate\backbones\PertubatedBNStatistics\BN-Consistency\shot3\Seed3
PertubatedBNStatistics,Disperssion+Seg-SADG,BN-Consistency,BN-Consistency,Seg-SADG,BN-Consistency,bn_consistency,shallow,0.1,0.1,1.0,0.05,0.1,0.001,0.0001,0.001,0.05,0.5,0.05,rho0p05,new_training,3,3,144,0.03324140649702814,0.033218959967295326,0.03313006998764144,0.0017777913728625411,0.02646809381743272,0.10223829249540965,0.05,0.0004489348082441009,0.0,0.0,0.0,0.0,2.2446740836635905e-05,9,108|224|72,36,all_filtered,9,True,D:\Running_Place\PostGraduateProjects\Experiments\PostGraduate\backbones\PertubatedBNStatistics\BN-Consistency\shot3\Seed3
PertubatedBNStatistics,Disperssion+Seg-SADG,BN-Consistency,BN-Consistency,Seg-SADG,BN-Consistency,bn_consistency,shallow,0.1,0.1,1.0,0.05,0.1,0.001,0.0001,0.001,0.05,0.5,0.05,rho0p05,new_training,3,3,145,0.032889662931362786,0.03286351367003388,0.032771488858593836,0.0018405045848339796,0.025955004203650687,0.10412061545583937,0.05,0.0005229802401218978,0.0,0.0,0.0,0.0,2.614901232947078e-05,9,108|224|72,36,all_filtered,9,True,D:\Running_Place\PostGraduateProjects\Experiments\PostGraduate\backbones\PertubatedBNStatistics\BN-Consistency\shot3\Seed3
PertubatedBNStatistics,Disperssion+Seg-SADG,BN-Consistency,BN-Consistency,Seg-SADG,BN-Consistency,bn_consistency,shallow,0.1,0.1,1.0,0.05,0.1,0.001,0.0001,0.001,0.05,0.5,0.05,rho0p05,new_training,3,3,146,0.033832029749949775,0.03380960412323475,0.033728631834189095,0.0016194458132506246,0.026138142579131655,0.11079347216420704,0.05,0.0004485063707559473,0.0,0.0,0.0,0.0,2.2425319002650212e-05,9,108|224|72,36,all_filtered,9,True,D:\Running_Place\PostGraduateProjects\Experiments\PostGraduate\backbones\PertubatedBNStatistics\BN-Consistency\shot3\Seed3
PertubatedBNStatistics,Disperssion+Seg-SADG,BN-Consistency,BN-Consistency,Seg-SADG,BN-Consistency,bn_consistency,shallow,0.1,0.1,1.0,0.05,0.1,0.001,0.0001,0.001,0.05,0.5,0.05,rho0p05,new_training,3,3,147,0.03457022955020269,0.03454617514378495,0.03445278542737166,0.0018678042623731825,0.026482603202263515,0.11928195589118534,0.05,0.00048108477171303495,0.0,0.0,0.0,0.0,2.4054239272825522e-05,9,108|224|72,36,all_filtered,9,True,D:\Running_Place\PostGraduateProjects\Experiments\PostGraduate\backbones\PertubatedBNStatistics\BN-Consistency\shot3\Seed3
PertubatedBNStatistics,Disperssion+Seg-SADG,BN-Consistency,BN-Consistency,Seg-SADG,BN-Consistency,bn_consistency,shallow,0.1,0.1,1.0,0.05,0.1,0.001,0.0001,0.001,0.05,0.5,0.05,rho0p05,new_training,3,3,148,0.03261564899649885,0.032592765159077115,0.03250232256121106,0.0018088543373677465,0.025988601355089083,0.09898171656661564,0.05,0.0004576800404013031,0.0,0.0,0.0,0.0,2.288400234344105e-05,9,108|224|72,36,all_filtered,9,True,D:\Running_Place\PostGraduateProjects\Experiments\PostGraduate\backbones\PertubatedBNStatistics\BN-Consistency\shot3\Seed3
PertubatedBNStatistics,Disperssion+Seg-SADG,BN-Consistency,BN-Consistency,Seg-SADG,BN-Consistency,bn_consistency,shallow,0.1,0.1,1.0,0.05,0.1,0.001,0.0001,0.001,0.05,0.5,0.05,rho0p05,new_training,3,3,149,0.030657073482871056,0.030632300716307428,0.030541275731391378,0.0018205043419988619,0.024713599640462134,0.08926361550887425,0.05,0.0004954588948749006,0.0,0.0,0.0,0.0,2.477294522880887e-05,9,108|224|72,36,all_filtered,9,True,D:\Running_Place\PostGraduateProjects\Experiments\PostGraduate\backbones\PertubatedBNStatistics\BN-Consistency\shot3\Seed3
PertubatedBNStatistics,Disperssion+Seg-SADG,BN-Consistency,BN-Consistency,Seg-SADG,BN-Consistency,bn_consistency,shallow,0.1,0.1,1.0,0.05,0.1,0.001,0.0001,0.001,0.05,0.5,0.05,rho0p05,new_training,3,3,150,0.03121284395456314,0.0311869066208601,0.031106538863645658,0.0016073521951006518,0.024468777908219233,0.0969705945915646,0.05,0.0005187508747136841,0.0,0.0,0.0,0.0,2.593754430159202e-05,9,108|224|72,36,all_filtered,9,True,D:\Running_Place\PostGraduateProjects\Experiments\PostGraduate\backbones\PertubatedBNStatistics\BN-Consistency\shot3\Seed3
PertubatedBNStatistics,Disperssion+Seg-SADG,BN-Consistency,BN-Consistency,Seg-SADG,BN-Consistency,bn_consistency,shallow,0.1,0.1,1.0,0.05,0.1,0.001,0.0001,0.001,0.05,0.5,0.05,rho0p05,new_training,3,3,151,0.030607596246732607,0.030584459089570575,0.03049962284664313,0.0016967337837235795,0.02398455660376284,0.097156570189529,0.05,0.0004627403589741637,0.0,0.0,0.0,0.0,2.313701831250607e-05,9,108|224|72,36,all_filtered,9,True,D:\Running_Place\PostGraduateProjects\Experiments\PostGraduate\backbones\PertubatedBNStatistics\BN-Consistency\shot3\Seed3
PertubatedBNStatistics,Disperssion+Seg-SADG,BN-Consistency,BN-Consistency,Seg-SADG,BN-Consistency,bn_consistency,shallow,0.1,0.1,1.0,0.05,0.1,0.001,0.0001,0.001,0.05,0.5,0.05,rho0p05,new_training,3,3,152,0.029927650259600744,0.029902518623405032,0.02982385891179244,0.0015731977376465995,0.023909457234872714,0.09061944650279151,0.05,0.0005026342631835076,0.0,0.0,0.0,0.0,2.5131713603817236e-05,9,108|224|72,36,all_filtered,9,True,D:\Running_Place\PostGraduateProjects\Experiments\PostGraduate\backbones\PertubatedBNStatistics\BN-Consistency\shot3\Seed3
PertubatedBNStatistics,Disperssion+Seg-SADG,BN-Consistency,BN-Consistency,Seg-SADG,BN-Consistency,bn_consistency,shallow,0.1,0.1,1.0,0.05,0.1,0.001,0.0001,0.001,0.05,0.5,0.05,rho0p05,new_training,3,3,153,0.029557806336217456,0.029532189170519512,0.029464975620309513,0.00134427012461755,0.023395074531435966,0.0920402424203025,0.05,0.0005123399670184073,0.0,0.0,0.0,0.0,2.5616998553030295e-05,9,108|224|72,36,all_filtered,9,True,D:\Running_Place\PostGraduateProjects\Experiments\PostGraduate\backbones\PertubatedBNStatistics\BN-Consistency\shot3\Seed3
PertubatedBNStatistics,Disperssion+Seg-SADG,BN-Consistency,BN-Consistency,Seg-SADG,BN-Consistency,bn_consistency,shallow,0.1,0.1,1.0,0.05,0.1,0.001,0.0001,0.001,0.05,0.5,0.05,rho0p05,new_training,3,3,154,0.028460432464877766,0.028437229494253796,0.02835976891219616,0.0015492097785075505,0.02272519821094142,0.08642443435059653,0.05,0.0004640602888280733,0.0,0.0,0.0,0.0,2.320301488604552e-05,9,108|224|72,36,all_filtered,9,True,D:\Running_Place\PostGraduateProjects\Experiments\PostGraduate\backbones\PertubatedBNStatistics\BN-Consistency\shot3\Seed3
PertubatedBNStatistics,Disperssion+Seg-SADG,BN-Consistency,BN-Consistency,Seg-SADG,BN-Consistency,bn_consistency,shallow,0.1,0.1,1.0,0.05,0.1,0.001,0.0001,0.001,0.05,0.5,0.05,rho0p05,new_training,3,3,155,0.02978172567155626,0.029761323912276164,0.02967988368537691,0.001628804001181076,0.022933118666211765,0.09920597655905618,0.05,0.00040802999056823965,0.0,0.0,0.0,0.0,2.0401499973053837e-05,9,108|224|72,36,all_filtered,9,True,D:\Running_Place\PostGraduateProjects\Experiments\PostGraduate\backbones\PertubatedBNStatistics\BN-Consistency\shot3\Seed3
PertubatedBNStatistics,Disperssion+Seg-SADG,BN-Consistency,BN-Consistency,Seg-SADG,BN-Consistency,bn_consistency,shallow,0.1,0.1,1.0,0.05,0.1,0.001,0.0001,0.001,0.05,0.5,0.05,rho0p05,new_training,3,3,156,0.030381665668553777,0.030354649242427614,0.030281102905670803,0.0014709226023923191,0.023075871583488252,0.10682470103104909,0.05,0.0005403256897504131,0.0,0.0,0.0,0.0,2.7016284851318535e-05,9,108|224|72,36,all_filtered,9,True,D:\Running_Place\PostGraduateProjects\Experiments\PostGraduate\backbones\PertubatedBNStatistics\BN-Consistency\shot3\Seed3
PertubatedBNStatistics,Disperssion+Seg-SADG,BN-Consistency,BN-Consistency,Seg-SADG,BN-Consistency,bn_consistency,shallow,0.1,0.1,1.0,0.05,0.1,0.001,0.0001,0.001,0.05,0.5,0.05,rho0p05,new_training,3,3,157,0.028598700960477192,0.028574164542886946,0.02850570860836241,0.0013691173969871467,0.02234503895872169,0.08911248958773083,0.05,0.0004907328596649071,0.0,0.0,0.0,0.0,2.4536643751263102e-05,9,108|224|72,36,all_filtered,9,True,D:\Running_Place\PostGraduateProjects\Experiments\PostGraduate\backbones\PertubatedBNStatistics\BN-Consistency\shot3\Seed3
PertubatedBNStatistics,Disperssion+Seg-SADG,BN-Consistency,BN-Consistency,Seg-SADG,BN-Consistency,bn_consistency,shallow,0.1,0.1,1.0,0.05,0.1,0.001,0.0001,0.001,0.05,0.5,0.05,rho0p05,new_training,3,3,158,0.02867929596039984,0.02865277065171136,0.028581699770357873,0.0014214153505033916,0.021913620746797986,0.09477947403987248,0.05,0.0005305047961883247,0.0,0.0,0.0,0.0,2.6525240173214115e-05,9,108|224|72,36,all_filtered,9,True,D:\Running_Place\PostGraduateProjects\Experiments\PostGraduate\backbones\PertubatedBNStatistics\BN-Consistency\shot3\Seed3
PertubatedBNStatistics,Disperssion+Seg-SADG,BN-Consistency,BN-Consistency,Seg-SADG,BN-Consistency,bn_consistency,shallow,0.1,0.1,1.0,0.05,0.1,0.001,0.0001,0.001,0.05,0.5,0.05,rho0p05,new_training,3,3,159,0.028544848784804344,0.028521747845742438,0.028452146384451125,0.0013920297173576222,0.021955881267786026,0.09988109270731609,0.05,0.0004620197028594299,0.0,0.0,0.0,0.0,2.3100985749301293e-05,9,108|224|72,36,all_filtered,9,True,D:\Running_Place\PostGraduateProjects\Experiments\PostGraduate\backbones\PertubatedBNStatistics\BN-Consistency\shot3\Seed3
PertubatedBNStatistics,Disperssion+Seg-SADG,BN-Consistency,BN-Consistency,Seg-SADG,BN-Consistency,bn_consistency,shallow,0.1,0.1,1.0,0.05,0.1,0.001,0.0001,0.001,0.05,0.5,0.05,rho0p05,new_training,3,3,160,0.028766332608130243,0.028740376234054565,0.02866759006347921,0.00145572163293966,0.022217925844921008,0.09795924607250425,0.05,0.0005191269156057388,0.0,0.0,0.0,0.0,2.5956346184506805e-05,9,108|224|72,36,all_filtered,9,True,D:\Running_Place\PostGraduateProjects\Experiments\PostGraduate\backbones\PertubatedBNStatistics\BN-Consistency\shot3\Seed3
PertubatedBNStatistics,Disperssion+Seg-SADG,BN-Consistency,BN-Consistency,Seg-SADG,BN-Consistency,bn_consistency,shallow,0.1,0.1,1.0,0.05,0.1,0.001,0.0001,0.001,0.05,0.5,0.05,rho0p05,new_training,3,3,161,0.02858464564714167,0.028556193328566022,0.028479764031039342,0.0015285849027956526,0.02206261186963982,0.09794771671295166,0.05,0.0005690432315330125,0.0,0.0,0.0,0.0,2.8452161940448503e-05,9,108|224|72,36,all_filtered,9,True,D:\Running_Place\PostGraduateProjects\Experiments\PostGraduate\backbones\PertubatedBNStatistics\BN-Consistency\shot3\Seed3
PertubatedBNStatistics,Disperssion+Seg-SADG,BN-Consistency,BN-Consistency,Seg-SADG,BN-Consistency,bn_consistency,shallow,0.1,0.1,1.0,0.05,0.1,0.001,0.0001,0.001,0.05,0.5,0.05,rho0p05,new_training,3,3,162,0.02847575644652049,0.028446239315801196,0.028389217125044927,0.001140440089835061,0.021934345364570618,0.097545492152373,0.05,0.0005903423718538963,0.0,0.0,0.0,0.0,2.9517118592694816e-05,9,108|224|72,36,all_filtered,9,True,D:\Running_Place\PostGraduateProjects\Experiments\PostGraduate\backbones\PertubatedBNStatistics\BN-Consistency\shot3\Seed3
PertubatedBNStatistics,Disperssion+Seg-SADG,BN-Consistency,BN-Consistency,Seg-SADG,BN-Consistency,bn_consistency,shallow,0.1,0.1,1.0,0.05,0.1,0.001,0.0001,0.001,0.05,0.5,0.05,rho0p05,new_training,3,3,163,0.02939806092116568,0.029372356832027435,0.029298172228866153,0.0014836936413000028,0.02203913177880976,0.10734743790494071,0.05,0.0005140808708448377,0.0,0.0,0.0,0.0,2.5704043663507844e-05,9,108|224|72,36,all_filtered,9,True,D:\Running_Place\PostGraduateProjects\Experiments\PostGraduate\backbones\PertubatedBNStatistics\BN-Consistency\shot3\Seed3
PertubatedBNStatistics,Disperssion+Seg-SADG,BN-Consistency,BN-Consistency,Seg-SADG,BN-Consistency,bn_consistency,shallow,0.1,0.1,1.0,0.05,0.1,0.001,0.0001,0.001,0.05,0.5,0.05,rho0p05,new_training,3,3,164,0.0297260456201103,0.029703176062968042,0.029630650869674154,0.0014505003152104716,0.0224547754559252,0.10898210687769784,0.05,0.00045738678050434426,0.0,0.0,0.0,0.0,2.2869339469859067e-05,9,108|224|72,36,all_filtered,9,True,D:\Running_Place\PostGraduateProjects\Experiments\PostGraduate\backbones\PertubatedBNStatistics\BN-Consistency\shot3\Seed3
PertubatedBNStatistics,Disperssion+Seg-SADG,BN-Consistency,BN-Consistency,Seg-SADG,BN-Consistency,bn_consistency,shallow,0.1,0.1,1.0,0.05,0.1,0.001,0.0001,0.001,0.05,0.5,0.05,rho0p05,new_training,3,3,165,0.02813978513909711,0.028113923346002895,0.02804508867363135,0.0013766953230111136,0.021290191345744662,0.097144049902757,0.05,0.0005172347138997995,0.0,0.0,0.0,0.0,2.5861736402374743e-05,9,108|224|72,36,all_filtered,9,True,D:\Running_Place\PostGraduateProjects\Experiments\PostGraduate\backbones\PertubatedBNStatistics\BN-Consistency\shot3\Seed3
PertubatedBNStatistics,Disperssion+Seg-SADG,BN-Consistency,BN-Consistency,Seg-SADG,BN-Consistency,bn_consistency,shallow,0.1,0.1,1.0,0.05,0.1,0.001,0.0001,0.001,0.05,0.5,0.05,rho0p05,new_training,3,3,166,0.02811677733229266,0.028091433354549937,0.028017623763945367,0.0014761913723001878,0.021469586218396824,0.09702978034814198,0.05,0.0005068780317540384,0.0,0.0,0.0,0.0,2.5343902153609735e-05,9,108|224|72,36,all_filtered,9,True,D:\Running_Place\PostGraduateProjects\Experiments\PostGraduate\backbones\PertubatedBNStatistics\BN-Consistency\shot3\Seed3
PertubatedBNStatistics,Disperssion+Seg-SADG,BN-Consistency,BN-Consistency,Seg-SADG,BN-Consistency,bn_consistency,shallow,0.1,0.1,1.0,0.05,0.1,0.001,0.0001,0.001,0.05,0.5,0.05,rho0p05,new_training,3,3,167,0.02723302671478854,0.027206391510036256,0.027143039430181187,0.0012670376260454457,0.021103619287411373,0.09329806516567866,0.05,0.0005327046415509863,0.0,0.0,0.0,0.0,2.663523264345713e-05,9,108|224|72,36,all_filtered,9,True,D:\Running_Place\PostGraduateProjects\Experiments\PostGraduate\backbones\PertubatedBNStatistics\BN-Consistency\shot3\Seed3
PertubatedBNStatistics,Disperssion+Seg-SADG,BN-Consistency,BN-Consistency,Seg-SADG,BN-Consistency,bn_consistency,shallow,0.1,0.1,1.0,0.05,0.1,0.001,0.0001,0.001,0.05,0.5,0.05,rho0p05,new_training,3,3,168,0.027483597604764834,0.027455774860249624,0.02739071949488587,0.0013011065311729908,0.020635235433777172,0.1009368101755778,0.05,0.0005564633077786615,0.0,0.0,0.0,0.0,2.7823165712308968e-05,9,108|224|72,36,all_filtered,9,True,D:\Running_Place\PostGraduateProjects\Experiments\PostGraduate\backbones\PertubatedBNStatistics\BN-Consistency\shot3\Seed3
PertubatedBNStatistics,Disperssion+Seg-SADG,BN-Consistency,BN-Consistency,Seg-SADG,BN-Consistency,bn_consistency,shallow,0.1,0.1,1.0,0.05,0.1,0.001,0.0001,0.001,0.05,0.5,0.05,rho0p05,new_training,3,3,169,0.026533119587434664,0.02650765495167838,0.026441465442379315,0.001323783899553948,0.020494075285063848,0.09280079106489818,0.05,0.0005092941961872081,0.0,0.0,0.0,0.0,2.5464710334846233e-05,9,108|224|72,36,all_filtered,9,True,D:\Running_Place\PostGraduateProjects\Experiments\PostGraduate\backbones\PertubatedBNStatistics\BN-Consistency\shot3\Seed3
PertubatedBNStatistics,Disperssion+Seg-SADG,BN-Consistency,BN-Consistency,Seg-SADG,BN-Consistency,bn_consistency,shallow,0.1,0.1,1.0,0.05,0.1,0.001,0.0001,0.001,0.05,0.5,0.05,rho0p05,new_training,3,3,170,0.025640257116821077,0.025615799344248243,0.025552875672777493,0.0012584725951051547,0.019770765884055033,0.08600144336620967,0.05,0.000489154368147461,0.0,0.0,0.0,0.0,2.445771860948298e-05,9,108|224|72,36,all_filtered,9,True,D:\Running_Place\PostGraduateProjects\Experiments\PostGraduate\backbones\PertubatedBNStatistics\BN-Consistency\shot3\Seed3
PertubatedBNStatistics,Disperssion+Seg-SADG,BN-Consistency,BN-Consistency,Seg-SADG,BN-Consistency,bn_consistency,shallow,0.1,0.1,1.0,0.05,0.1,0.001,0.0001,0.001,0.05,0.5,0.05,rho0p05,new_training,3,3,171,0.025521321843067806,0.025497480399078794,0.02544126845896244,0.0011242465180758801,0.019409830785459943,0.08884978294372559,0.05,0.0004768278546786557,0.0,0.0,0.0,0.0,2.3841393057308676e-05,9,108|224|72,36,all_filtered,9,True,D:\Running_Place\PostGraduateProjects\Experiments\PostGraduate\backbones\PertubatedBNStatistics\BN-Consistency\shot3\Seed3
PertubatedBNStatistics,Disperssion+Seg-SADG,BN-Consistency,BN-Consistency,Seg-SADG,BN-Consistency,bn_consistency,shallow,0.1,0.1,1.0,0.05,0.1,0.001,0.0001,0.001,0.05,0.5,0.05,rho0p05,new_training,3,3,172,0.026432536128494475,0.026406764363249142,0.02633815651966466,0.001372155604056186,0.01975700052248107,0.0978327128622267,0.05,0.0005154288341549949,0.0,0.0,0.0,0.0,2.577144207154763e-05,9,108|224|72,36,all_filtered,9,True,D:\Running_Place\PostGraduateProjects\Experiments\PostGraduate\backbones\PertubatedBNStatistics\BN-Consistency\shot3\Seed3
PertubatedBNStatistics,Disperssion+Seg-SADG,BN-Consistency,BN-Consistency,Seg-SADG,BN-Consistency,bn_consistency,shallow,0.1,0.1,1.0,0.05,0.1,0.001,0.0001,0.001,0.05,0.5,0.05,rho0p05,new_training,3,3,173,0.026294192713167932,0.02626779323650731,0.02620739137960805,0.0012080374225560161,0.019611404794785712,0.0970323234796524,0.05,0.000527994668421646,0.0,0.0,0.0,0.0,2.6399733946568125e-05,9,108|224|72,36,all_filtered,9,True,D:\Running_Place\PostGraduateProjects\Experiments\PostGraduate\backbones\PertubatedBNStatistics\BN-Consistency\shot3\Seed3
PertubatedBNStatistics,Disperssion+Seg-SADG,BN-Consistency,BN-Consistency,Seg-SADG,BN-Consistency,bn_consistency,shallow,0.1,0.1,1.0,0.05,0.1,0.001,0.0001,0.001,0.05,0.5,0.05,rho0p05,new_training,3,3,174,0.025549467653036118,0.025525262993243005,0.02546498758925332,0.001205511294150104,0.01923839623729388,0.09273242950439453,0.05,0.0004840965428027428,0.0,0.0,0.0,0.0,2.4204827544357006e-05,9,108|224|72,36,all_filtered,9,True,D:\Running_Place\PostGraduateProjects\Experiments\PostGraduate\backbones\PertubatedBNStatistics\BN-Consistency\shot3\Seed3
PertubatedBNStatistics,Disperssion+Seg-SADG,BN-Consistency,BN-Consistency,Seg-SADG,BN-Consistency,bn_consistency,shallow,0.1,0.1,1.0,0.05,0.1,0.001,0.0001,0.001,0.05,0.5,0.05,rho0p05,new_training,3,3,175,0.025605265465047624,0.025577735155820847,0.025514325954847865,0.00126818736963388,0.019211009351743594,0.09442980339129765,0.05,0.0005506062686132888,0.0,0.0,0.0,0.0,2.7530313471086425e-05,9,108|224|72,36,all_filtered,9,True,D:\Running_Place\PostGraduateProjects\Experiments\PostGraduate\backbones\PertubatedBNStatistics\BN-Consistency\shot3\Seed3
PertubatedBNStatistics,Disperssion+Seg-SADG,BN-Consistency,BN-Consistency,Seg-SADG,BN-Consistency,bn_consistency,shallow,0.1,0.1,1.0,0.05,0.1,0.001,0.0001,0.001,0.05,0.5,0.05,rho0p05,new_training,3,3,176,0.026237530012925465,0.026210315111610625,0.026149045469032392,0.001225396188803845,0.019481873760620754,0.0998461859093772,0.05,0.0005443009512317884,0.0,0.0,0.0,0.0,2.7215048349818164e-05,9,108|224|72,36,all_filtered,9,True,D:\Running_Place\PostGraduateProjects\Experiments\PostGraduate\backbones\PertubatedBNStatistics\BN-Consistency\shot3\Seed3
PertubatedBNStatistics,Disperssion+Seg-SADG,BN-Consistency,BN-Consistency,Seg-SADG,BN-Consistency,bn_consistency,shallow,0.1,0.1,1.0,0.05,0.1,0.001,0.0001,0.001,0.05,0.5,0.05,rho0p05,new_training,3,3,177,0.026053672656416893,0.026029125062955752,0.025963015026516385,0.0013221981094425751,0.019492088092697993,0.09909793900118934,0.05,0.0004909507535760187,0.0,0.0,0.0,0.0,2.4547537678800938e-05,9,108|224|72,36,all_filtered,9,True,D:\Running_Place\PostGraduateProjects\Experiments\PostGraduate\backbones\PertubatedBNStatistics\BN-Consistency\shot3\Seed3
PertubatedBNStatistics,Disperssion+Seg-SADG,BN-Consistency,BN-Consistency,Seg-SADG,BN-Consistency,bn_consistency,shallow,0.1,0.1,1.0,0.05,0.1,0.001,0.0001,0.001,0.05,0.5,0.05,rho0p05,new_training,3,3,178,0.028276002655426662,0.028249133999149006,0.02818546299305227,0.0012734172632917762,0.02044634148478508,0.11630180146959093,0.05,0.0005373718191145195,0.0,0.0,0.0,0.0,2.686859140036783e-05,9,108|224|72,36,all_filtered,9,True,D:\Running_Place\PostGraduateProjects\Experiments\PostGraduate\backbones\PertubatedBNStatistics\BN-Consistency\shot3\Seed3
PertubatedBNStatistics,Disperssion+Seg-SADG,BN-Consistency,BN-Consistency,Seg-SADG,BN-Consistency,bn_consistency,shallow,0.1,0.1,1.0,0.05,0.1,0.001,0.0001,0.001,0.05,0.5,0.05,rho0p05,new_training,3,3,179,0.025967239919635985,0.025941125427683193,0.02587627557416757,0.0012969853511701028,0.01968447346654203,0.09383003993166818,0.05,0.0005222897743806243,0.0,0.0,0.0,0.0,2.6114489123251082e-05,9,108|224|72,36,all_filtered,9,True,D:\Running_Place\PostGraduateProjects\Experiments\PostGraduate\backbones\PertubatedBNStatistics\BN-Consistency\shot3\Seed3
PertubatedBNStatistics,Disperssion+Seg-SADG,BN-Consistency,BN-Consistency,Seg-SADG,BN-Consistency,bn_consistency,shallow,0.1,0.1,1.0,0.05,0.1,0.001,0.0001,0.001,0.05,0.5,0.05,rho0p05,new_training,3,3,180,0.02496800882120927,0.02494539548125532,0.024883272954159312,0.0012424486340023577,0.018790355366137292,0.08771259503232108,0.05,0.0004522646033567273,0.0,0.0,0.0,0.0,2.261323061247822e-05,9,108|224|72,36,all_filtered,9,True,D:\Running_Place\PostGraduateProjects\Experiments\PostGraduate\backbones\PertubatedBNStatistics\BN-Consistency\shot3\Seed3
PertubatedBNStatistics,Disperssion+Seg-SADG,BN-Consistency,BN-Consistency,Seg-SADG,BN-Consistency,bn_consistency,shallow,0.1,0.1,1.0,0.05,0.1,0.001,0.0001,0.001,0.05,0.5,0.05,rho0p05,new_training,3,3,181,0.024969892990258005,0.024945362367563777,0.024890373978349898,0.001099771697125915,0.018469355379541714,0.09301829503642188,0.05,0.0004906080559723907,0.0,0.0,0.0,0.0,2.4530403202839403e-05,9,108|224|72,36,all_filtered,9,True,D:\Running_Place\PostGraduateProjects\Experiments\PostGraduate\backbones\PertubatedBNStatistics\BN-Consistency\shot3\Seed3
PertubatedBNStatistics,Disperssion+Seg-SADG,BN-Consistency,BN-Consistency,Seg-SADG,BN-Consistency,bn_consistency,shallow,0.1,0.1,1.0,0.05,0.1,0.001,0.0001,0.001,0.05,0.5,0.05,rho0p05,new_training,3,3,182,0.02389272695614232,0.023865960124466155,0.023806311190128326,0.0011929816941523717,0.017900647595524788,0.08576934536298116,0.05,0.0005353404461250951,0.0,0.0,0.0,0.0,2.6767022872162568e-05,9,108|224|72,36,all_filtered,9,True,D:\Running_Place\PostGraduateProjects\Experiments\PostGraduate\backbones\PertubatedBNStatistics\BN-Consistency\shot3\Seed3
PertubatedBNStatistics,Disperssion+Seg-SADG,BN-Consistency,BN-Consistency,Seg-SADG,BN-Consistency,bn_consistency,shallow,0.1,0.1,1.0,0.05,0.1,0.001,0.0001,0.001,0.05,0.5,0.05,rho0p05,new_training,3,3,183,0.024483710734380618,0.02445740418301688,0.02440791701277097,0.0009897407985085414,0.01806586484114329,0.09176519595914417,0.05,0.0005261284920076529,0.0,0.0,0.0,0.0,2.6306424842914566e-05,9,108|224|72,36,all_filtered,9,True,D:\Running_Place\PostGraduateProjects\Experiments\PostGraduate\backbones\PertubatedBNStatistics\BN-Consistency\shot3\Seed3
PertubatedBNStatistics,Disperssion+Seg-SADG,BN-Consistency,BN-Consistency,Seg-SADG,BN-Consistency,bn_consistency,shallow,0.1,0.1,1.0,0.05,0.1,0.001,0.0001,0.001,0.05,0.5,0.05,rho0p05,new_training,3,3,184,0.02465294198029571,0.024627650156617165,0.024572380507985752,0.0011053920671757725,0.017976256501343515,0.0983026267753707,0.05,0.0005058371785303785,0.0,0.0,0.0,0.0,2.5291859249894817e-05,9,108|224|72,36,all_filtered,9,True,D:\Running_Place\PostGraduateProjects\Experiments\PostGraduate\backbones\PertubatedBNStatistics\BN-Consistency\shot3\Seed3
PertubatedBNStatistics,Disperssion+Seg-SADG,BN-Consistency,BN-Consistency,Seg-SADG,BN-Consistency,bn_consistency,shallow,0.1,0.1,1.0,0.05,0.1,0.001,0.0001,0.001,0.05,0.5,0.05,rho0p05,new_training,3,3,185,0.024721847847104073,0.024695711210370064,0.024639368057250977,0.001126864317080213,0.017915885481569502,0.09690182656049728,0.05,0.0005227320555907985,0.0,0.0,0.0,0.0,2.613660318375979e-05,9,108|224|72,36,all_filtered,9,True,D:\Running_Place\PostGraduateProjects\Experiments\PostGraduate\backbones\PertubatedBNStatistics\BN-Consistency\shot3\Seed3
PertubatedBNStatistics,Disperssion+Seg-SADG,BN-Consistency,BN-Consistency,Seg-SADG,BN-Consistency,bn_consistency,shallow,0.1,0.1,1.0,0.05,0.1,0.001,0.0001,0.001,0.05,0.5,0.05,rho0p05,new_training,3,3,186,0.022873054155045085,0.022849766744507685,0.022800766345527437,0.0009800072487754126,0.017396116215321753,0.0833502858877182,0.05,0.00046575384072235063,0.0,0.0,0.0,0.0,2.328769207653952e-05,9,108|224|72,36,all_filtered,9,True,D:\Running_Place\PostGraduateProjects\Experiments\PostGraduate\backbones\PertubatedBNStatistics\BN-Consistency\shot3\Seed3
PertubatedBNStatistics,Disperssion+Seg-SADG,BN-Consistency,BN-Consistency,Seg-SADG,BN-Consistency,bn_consistency,shallow,0.1,0.1,1.0,0.05,0.1,0.001,0.0001,0.001,0.05,0.5,0.05,rho0p05,new_training,3,3,187,0.024243288156059053,0.024217802824245557,0.024166327797704272,0.0010295011775775088,0.01769452252321773,0.09753982143269645,0.05,0.0005097064002054847,0.0,0.0,0.0,0.0,2.548532069744801e-05,9,108|224|72,36,all_filtered,9,True,D:\Running_Place\PostGraduateProjects\Experiments\PostGraduate\backbones\PertubatedBNStatistics\BN-Consistency\shot3\Seed3
PertubatedBNStatistics,Disperssion+Seg-SADG,BN-Consistency,BN-Consistency,Seg-SADG,BN-Consistency,bn_consistency,shallow,0.1,0.1,1.0,0.05,0.1,0.001,0.0001,0.001,0.05,0.5,0.05,rho0p05,new_training,3,3,188,0.023955325906475384,0.023929224039117496,0.023878915856281917,0.0010061649954877794,0.017667193793588214,0.0974218017525143,0.05,0.0005220380715197987,0.0,0.0,0.0,0.0,2.6101903535567948e-05,9,108|224|72,36,all_filtered,9,True,D:\Running_Place\PostGraduateProjects\Experiments\PostGraduate\backbones\PertubatedBNStatistics\BN-Consistency\shot3\Seed3
PertubatedBNStatistics,Disperssion+Seg-SADG,BN-Consistency,BN-Consistency,Seg-SADG,BN-Consistency,bn_consistency,shallow,0.1,0.1,1.0,0.05,0.1,0.001,0.0001,0.001,0.05,0.5,0.05,rho0p05,new_training,3,3,189,0.02441845854951276,0.024396627727482054,0.02433531793455283,0.0012261990212007528,0.017901051168640453,0.0988444189230601,0.05,0.0004366217795500739,0.0,0.0,0.0,0.0,2.1831089220035614e-05,9,108|224|72,36,all_filtered,9,True,D:\Running_Place\PostGraduateProjects\Experiments\PostGraduate\backbones\PertubatedBNStatistics\BN-Consistency\shot3\Seed3
PertubatedBNStatistics,Disperssion+Seg-SADG,BN-Consistency,BN-Consistency,Seg-SADG,BN-Consistency,bn_consistency,shallow,0.1,0.1,1.0,0.05,0.1,0.001,0.0001,0.001,0.05,0.5,0.05,rho0p05,new_training,3,3,190,0.023518809013896518,0.02349109161231253,0.023431926344831783,0.0011832984099682006,0.017649067358838186,0.0909014062749015,0.05,0.0005543500463116086,0.0,0.0,0.0,0.0,2.7717502638956325e-05,9,108|224|72,36,all_filtered,9,True,D:\Running_Place\PostGraduateProjects\Experiments\PostGraduate\backbones\PertubatedBNStatistics\BN-Consistency\shot3\Seed3
PertubatedBNStatistics,Disperssion+Seg-SADG,BN-Consistency,BN-Consistency,Seg-SADG,BN-Consistency,bn_consistency,shallow,0.1,0.1,1.0,0.05,0.1,0.001,0.0001,0.001,0.05,0.5,0.05,rho0p05,new_training,3,3,191,0.02324028727081087,0.023214197407166164,0.023158191599779658,0.001120113502515273,0.017206782268153295,0.0907730824417538,0.05,0.0005217923640480472,0.0,0.0,0.0,0.0,2.60896186874662e-05,9,108|224|72,36,all_filtered,9,True,D:\Running_Place\PostGraduateProjects\Experiments\PostGraduate\backbones\PertubatedBNStatistics\BN-Consistency\shot3\Seed3
PertubatedBNStatistics,Disperssion+Seg-SADG,BN-Consistency,BN-Consistency,Seg-SADG,BN-Consistency,bn_consistency,shallow,0.1,0.1,1.0,0.05,0.1,0.001,0.0001,0.001,0.05,0.5,0.05,rho0p05,new_training,3,3,192,0.02204314267469777,0.022014020217789546,0.021964226952857442,0.0009958661911595198,0.016584560688998964,0.08258887463145786,0.05,0.0005824503637591584,0.0,0.0,0.0,0.0,2.9122518349645867e-05,9,108|224|72,36,all_filtered,9,True,D:\Running_Place\PostGraduateProjects\Experiments\PostGraduate\backbones\PertubatedBNStatistics\BN-Consistency\shot3\Seed3
PertubatedBNStatistics,Disperssion+Seg-SADG,BN-Consistency,BN-Consistency,Seg-SADG,BN-Consistency,bn_consistency,shallow,0.1,0.1,1.0,0.05,0.1,0.001,0.0001,0.001,0.05,0.5,0.05,rho0p05,new_training,3,3,193,0.02226541294819779,0.02224095393386152,0.02218780666589737,0.0010629469114873144,0.01648412344770299,0.08675895796881782,0.05,0.0004891774733550847,0.0,0.0,0.0,0.0,2.4458874274084035e-05,9,108|224|72,36,all_filtered,9,True,D:\Running_Place\PostGraduateProjects\Experiments\PostGraduate\backbones\PertubatedBNStatistics\BN-Consistency\shot3\Seed3
PertubatedBNStatistics,Disperssion+Seg-SADG,BN-Consistency,BN-Consistency,Seg-SADG,BN-Consistency,bn_consistency,shallow,0.1,0.1,1.0,0.05,0.1,0.001,0.0001,0.001,0.05,0.5,0.05,rho0p05,new_training,3,3,194,0.022042125256525144,0.022016900695032544,0.02196366484794352,0.0010647168124301566,0.016237611882388592,0.08840782940387726,0.05,0.0005044907189181282,0.0,0.0,0.0,0.0,2.522453663308018e-05,9,108|224|72,36,all_filtered,9,True,D:\Running_Place\PostGraduateProjects\Experiments\PostGraduate\backbones\PertubatedBNStatistics\BN-Consistency\shot3\Seed3
PertubatedBNStatistics,Disperssion+Seg-SADG,BN-Consistency,BN-Consistency,Seg-SADG,BN-Consistency,bn_consistency,shallow,0.1,0.1,1.0,0.05,0.1,0.001,0.0001,0.001,0.05,0.5,0.05,rho0p05,new_training,3,3,195,0.021584970669613943,0.021556405971447628,0.021509453447328672,0.000939049551056491,0.015894610848691728,0.08360761569605933,0.05,0.0005712962107888112,0.0,0.0,0.0,0.0,2.8564810741550496e-05,9,108|224|72,36,all_filtered,9,True,D:\Running_Place\PostGraduateProjects\Experiments\PostGraduate\backbones\PertubatedBNStatistics\BN-Consistency\shot3\Seed3
PertubatedBNStatistics,Disperssion+Seg-SADG,BN-Consistency,BN-Consistency,Seg-SADG,BN-Consistency,bn_consistency,shallow,0.1,0.1,1.0,0.05,0.1,0.001,0.0001,0.001,0.05,0.5,0.05,rho0p05,new_training,3,3,196,0.02063673237959544,0.020611490019493632,0.020567120984196663,0.0008873789338395,0.015352086474498114,0.07643389370706347,0.05,0.000504847725905064,0.0,0.0,0.0,0.0,2.5242386376097176e-05,9,108|224|72,36,all_filtered,9,True,D:\Running_Place\PostGraduateProjects\Experiments\PostGraduate\backbones\PertubatedBNStatistics\BN-Consistency\shot3\Seed3
PertubatedBNStatistics,Disperssion+Seg-SADG,BN-Consistency,BN-Consistency,Seg-SADG,BN-Consistency,bn_consistency,shallow,0.1,0.1,1.0,0.05,0.1,0.001,0.0001,0.001,0.05,0.5,0.05,rho0p05,new_training,3,3,197,0.02052525368829568,0.020502625447180536,0.02045852194229762,0.0008820711486300246,0.015251390946408113,0.07869089477592045,0.05,0.0004525684893855618,0.0,0.0,0.0,0.0,2.2628425035185905e-05,9,108|224|72,36,all_filtered,9,True,D:\Running_Place\PostGraduateProjects\Experiments\PostGraduate\backbones\PertubatedBNStatistics\BN-Consistency\shot3\Seed3
PertubatedBNStatistics,Disperssion+Seg-SADG,BN-Consistency,BN-Consistency,Seg-SADG,BN-Consistency,bn_consistency,shallow,0.1,0.1,1.0,0.05,0.1,0.001,0.0001,0.001,0.05,0.5,0.05,rho0p05,new_training,3,3,198,0.020636402898364596,0.020611912426021364,0.0205678627308872,0.0008809995358913309,0.015144154532916017,0.08277140806118648,0.05,0.0004898104525636882,0.0,0.0,0.0,0.0,2.449052287071633e-05,9,108|224|72,36,all_filtered,9,True,D:\Running_Place\PostGraduateProjects\Experiments\PostGraduate\backbones\PertubatedBNStatistics\BN-Consistency\shot3\Seed3
PertubatedBNStatistics,Disperssion+Seg-SADG,BN-Consistency,BN-Consistency,Seg-SADG,BN-Consistency,bn_consistency,shallow,0.1,0.1,1.0,0.05,0.1,0.001,0.0001,0.001,0.05,0.5,0.05,rho0p05,new_training,3,3,199,0.02088191732764244,0.020856415025062032,0.020809333564506635,0.000941623041095833,0.01516729024135404,0.0876639195614391,0.05,0.0005100423198503753,0.0,0.0,0.0,0.0,2.5502116437160617e-05,9,108|224|72,36,all_filtered,9,True,D:\Running_Place\PostGraduateProjects\Experiments\PostGraduate\backbones\PertubatedBNStatistics\BN-Consistency\shot3\Seed3
PertubatedBNStatistics,Disperssion+Seg-SADG,BN-Consistency,BN-Consistency,Seg-SADG,BN-Consistency,bn_consistency,shallow,0.1,0.1,1.0,0.05,0.1,0.001,0.0001,0.001,0.05,0.5,0.05,rho0p05,new_training,3,3,200,0.020909384099973574,0.02088492653436131,0.020839948000179395,0.0008995686010974976,0.015224424190819263,0.08513251278135511,0.05,0.000489146487476925,0.0,0.0,0.0,0.0,2.445732489933208e-05,9,108|224|72,36,all_filtered,9,True,D:\Running_Place\PostGraduateProjects\Experiments\PostGraduate\backbones\PertubatedBNStatistics\BN-Consistency\shot3\Seed3
