experiment,base_method,loss_mode,ablation,sadg_method,bn_method,bn_method_tag,bn_layers,bn_mu_std,bn_logvar_std,bn_adv_radius,lambda_bn_cons,lambda_bn_adv,lambda_bn_sens,lambda_bn_affine,lambda_bn_compact,lambda_disp,dice_weight,rho,rho_tag,checkpoint_source,shot,seed,epoch,train_loss,train_base_loss,train_seg_loss,train_disp_loss,epsilon_loss,sadg_grad_norm,perturb_norm,bn_cons_loss,bn_adv_loss,bn_sens_loss,bn_affine_loss,bn_compact_loss,bn_total_reg_loss,steps,train_case_ids,n_train_slices,slice_policy,num_middle_slices,filter_min_fg,output_dir
PertubatedBNStatistics,Disperssion+Seg-SADG,Baseline-SegSADG,Baseline-SegSADG,Seg-SADG,Baseline-SegSADG,baseline_segsadg,shallow,0.1,0.1,1.0,0.05,0.1,0.001,0.0001,0.001,0.05,0.5,0.05,rho0p05,new_training,5,4,1,1.4423495158553123,1.4423495158553123,1.4144086688756943,0.5588169265538454,1.3066299557685852,2.1863584220409393,0.05,0.0,0.0,0.0,0.0,0.0,0.0,16,108|154|53|179|249,64,all_filtered,9,True,D:\Running_Place\PostGraduateProjects\Experiments\PostGraduate\backbones\PertubatedBNStatistics\Baseline-SegSADG\shot5\Seed4
PertubatedBNStatistics,Disperssion+Seg-SADG,Baseline-SegSADG,Baseline-SegSADG,Seg-SADG,Baseline-SegSADG,baseline_segsadg,shallow,0.1,0.1,1.0,0.05,0.1,0.001,0.0001,0.001,0.05,0.5,0.05,rho0p05,new_training,5,4,2,1.1088763028383255,1.1088763028383255,1.084880031645298,0.4799253009259701,1.0225366093218327,1.1483973190188408,0.05,0.0,0.0,0.0,0.0,0.0,0.0,16,108|154|53|179|249,64,all_filtered,9,True,D:\Running_Place\PostGraduateProjects\Experiments\PostGraduate\backbones\PertubatedBNStatistics\Baseline-SegSADG\shot5\Seed4
PertubatedBNStatistics,Disperssion+Seg-SADG,Baseline-SegSADG,Baseline-SegSADG,Seg-SADG,Baseline-SegSADG,baseline_segsadg,shallow,0.1,0.1,1.0,0.05,0.1,0.001,0.0001,0.001,0.05,0.5,0.05,rho0p05,new_training,5,4,3,0.9651266522705555,0.9651266522705555,0.9441976696252823,0.418579762801528,0.8913769349455833,0.9801169894635677,0.05,0.0,0.0,0.0,0.0,0.0,0.0,16,108|154|53|179|249,64,all_filtered,9,True,D:\Running_Place\PostGraduateProjects\Experiments\PostGraduate\backbones\PertubatedBNStatistics\Baseline-SegSADG\shot5\Seed4
PertubatedBNStatistics,Disperssion+Seg-SADG,Baseline-SegSADG,Baseline-SegSADG,Seg-SADG,Baseline-SegSADG,baseline_segsadg,shallow,0.1,0.1,1.0,0.05,0.1,0.001,0.0001,0.001,0.05,0.5,0.05,rho0p05,new_training,5,4,4,0.8300490975379944,0.8300490975379944,0.8155966252088547,0.28904933854937553,0.7644939459860325,0.951869934797287,0.05,0.0,0.0,0.0,0.0,0.0,0.0,16,108|154|53|179|249,64,all_filtered,9,True,D:\Running_Place\PostGraduateProjects\Experiments\PostGraduate\backbones\PertubatedBNStatistics\Baseline-SegSADG\shot5\Seed4
PertubatedBNStatistics,Disperssion+Seg-SADG,Baseline-SegSADG,Baseline-SegSADG,Seg-SADG,Baseline-SegSADG,baseline_segsadg,shallow,0.1,0.1,1.0,0.05,0.1,0.001,0.0001,0.001,0.05,0.5,0.05,rho0p05,new_training,5,4,5,0.7086787819862366,0.7086787819862366,0.7026102431118488,0.12137081986293197,0.6548058576881886,0.8847948126494884,0.05,0.0,0.0,0.0,0.0,0.0,0.0,16,108|154|53|179|249,64,all_filtered,9,True,D:\Running_Place\PostGraduateProjects\Experiments\PostGraduate\backbones\PertubatedBNStatistics\Baseline-SegSADG\shot5\Seed4
PertubatedBNStatistics,Disperssion+Seg-SADG,Baseline-SegSADG,Baseline-SegSADG,Seg-SADG,Baseline-SegSADG,baseline_segsadg,shallow,0.1,0.1,1.0,0.05,0.1,0.001,0.0001,0.001,0.05,0.5,0.05,rho0p05,new_training,5,4,6,0.6261202543973923,0.6261202543973923,0.6234471052885056,0.05346293083857745,0.5785092264413834,0.8419246636331081,0.05,0.0,0.0,0.0,0.0,0.0,0.0,16,108|154|53|179|249,64,all_filtered,9,True,D:\Running_Place\PostGraduateProjects\Experiments\PostGraduate\backbones\PertubatedBNStatistics\Baseline-SegSADG\shot5\Seed4
PertubatedBNStatistics,Disperssion+Seg-SADG,Baseline-SegSADG,Baseline-SegSADG,Seg-SADG,Baseline-SegSADG,baseline_segsadg,shallow,0.1,0.1,1.0,0.05,0.1,0.001,0.0001,0.001,0.05,0.5,0.05,rho0p05,new_training,5,4,7,0.5990547575056553,0.5990547575056553,0.5963744558393955,0.053606049390509725,0.5432256385684013,0.94396011531353,0.05,0.0,0.0,0.0,0.0,0.0,0.0,16,108|154|53|179|249,64,all_filtered,9,True,D:\Running_Place\PostGraduateProjects\Experiments\PostGraduate\backbones\PertubatedBNStatistics\Baseline-SegSADG\shot5\Seed4
PertubatedBNStatistics,Disperssion+Seg-SADG,Baseline-SegSADG,Baseline-SegSADG,Seg-SADG,Baseline-SegSADG,baseline_segsadg,shallow,0.1,0.1,1.0,0.05,0.1,0.001,0.0001,0.001,0.05,0.5,0.05,rho0p05,new_training,5,4,8,0.5373075231909752,0.5373075231909752,0.535278208553791,0.04058630345389247,0.4952185582369566,0.722778670489788,0.05,0.0,0.0,0.0,0.0,0.0,0.0,16,108|154|53|179|249,64,all_filtered,9,True,D:\Running_Place\PostGraduateProjects\Experiments\PostGraduate\backbones\PertubatedBNStatistics\Baseline-SegSADG\shot5\Seed4
PertubatedBNStatistics,Disperssion+Seg-SADG,Baseline-SegSADG,Baseline-SegSADG,Seg-SADG,Baseline-SegSADG,baseline_segsadg,shallow,0.1,0.1,1.0,0.05,0.1,0.001,0.0001,0.001,0.05,0.5,0.05,rho0p05,new_training,5,4,9,0.48643530905246735,0.48643530905246735,0.4850450213998556,0.02780573576455936,0.4493575692176819,0.6694866679608822,0.05,0.0,0.0,0.0,0.0,0.0,0.0,16,108|154|53|179|249,64,all_filtered,9,True,D:\Running_Place\PostGraduateProjects\Experiments\PostGraduate\backbones\PertubatedBNStatistics\Baseline-SegSADG\shot5\Seed4
PertubatedBNStatistics,Disperssion+Seg-SADG,Baseline-SegSADG,Baseline-SegSADG,Seg-SADG,Baseline-SegSADG,baseline_segsadg,shallow,0.1,0.1,1.0,0.05,0.1,0.001,0.0001,0.001,0.05,0.5,0.05,rho0p05,new_training,5,4,10,0.43710546754300594,0.43710546754300594,0.4361305870115757,0.01949763501761481,0.40406911820173264,0.6062010154128075,0.05,0.0,0.0,0.0,0.0,0.0,0.0,16,108|154|53|179|249,64,all_filtered,9,True,D:\Running_Place\PostGraduateProjects\Experiments\PostGraduate\backbones\PertubatedBNStatistics\Baseline-SegSADG\shot5\Seed4
PertubatedBNStatistics,Disperssion+Seg-SADG,Baseline-SegSADG,Baseline-SegSADG,Seg-SADG,Baseline-SegSADG,baseline_segsadg,shallow,0.1,0.1,1.0,0.05,0.1,0.001,0.0001,0.001,0.05,0.5,0.05,rho0p05,new_training,5,4,11,0.4291506204754114,0.4291506204754114,0.4278835356235504,0.025341665372252464,0.3907078094780445,0.626651406288147,0.05,0.0,0.0,0.0,0.0,0.0,0.0,16,108|154|53|179|249,64,all_filtered,9,True,D:\Running_Place\PostGraduateProjects\Experiments\PostGraduate\backbones\PertubatedBNStatistics\Baseline-SegSADG\shot5\Seed4
PertubatedBNStatistics,Disperssion+Seg-SADG,Baseline-SegSADG,Baseline-SegSADG,Seg-SADG,Baseline-SegSADG,baseline_segsadg,shallow,0.1,0.1,1.0,0.05,0.1,0.001,0.0001,0.001,0.05,0.5,0.05,rho0p05,new_training,5,4,12,0.40432747453451157,0.40432747453451157,0.40319242514669895,0.02270098467124626,0.37031201645731926,0.5979853197932243,0.05,0.0,0.0,0.0,0.0,0.0,0.0,16,108|154|53|179|249,64,all_filtered,9,True,D:\Running_Place\PostGraduateProjects\Experiments\PostGraduate\backbones\PertubatedBNStatistics\Baseline-SegSADG\shot5\Seed4
PertubatedBNStatistics,Disperssion+Seg-SADG,Baseline-SegSADG,Baseline-SegSADG,Seg-SADG,Baseline-SegSADG,baseline_segsadg,shallow,0.1,0.1,1.0,0.05,0.1,0.001,0.0001,0.001,0.05,0.5,0.05,rho0p05,new_training,5,4,13,0.3672297019511461,0.3672297019511461,0.3662651926279068,0.01929014566121623,0.33671097457408905,0.5294730067253113,0.05,0.0,0.0,0.0,0.0,0.0,0.0,16,108|154|53|179|249,64,all_filtered,9,True,D:\Running_Place\PostGraduateProjects\Experiments\PostGraduate\backbones\PertubatedBNStatistics\Baseline-SegSADG\shot5\Seed4
PertubatedBNStatistics,Disperssion+Seg-SADG,Baseline-SegSADG,Baseline-SegSADG,Seg-SADG,Baseline-SegSADG,baseline_segsadg,shallow,0.1,0.1,1.0,0.05,0.1,0.001,0.0001,0.001,0.05,0.5,0.05,rho0p05,new_training,5,4,14,0.33815149776637554,0.33815149776637554,0.33750735595822334,0.012882866896688938,0.31099062599241734,0.4924505837261677,0.05,0.0,0.0,0.0,0.0,0.0,0.0,16,108|154|53|179|249,64,all_filtered,9,True,D:\Running_Place\PostGraduateProjects\Experiments\PostGraduate\backbones\PertubatedBNStatistics\Baseline-SegSADG\shot5\Seed4
PertubatedBNStatistics,Disperssion+Seg-SADG,Baseline-SegSADG,Baseline-SegSADG,Seg-SADG,Baseline-SegSADG,baseline_segsadg,shallow,0.1,0.1,1.0,0.05,0.1,0.001,0.0001,0.001,0.05,0.5,0.05,rho0p05,new_training,5,4,15,0.3267861884087324,0.3267861884087324,0.32603648118674755,0.014994174154708162,0.293155737221241,0.5417285803705454,0.05,0.0,0.0,0.0,0.0,0.0,0.0,16,108|154|53|179|249,64,all_filtered,9,True,D:\Running_Place\PostGraduateProjects\Experiments\PostGraduate\backbones\PertubatedBNStatistics\Baseline-SegSADG\shot5\Seed4
PertubatedBNStatistics,Disperssion+Seg-SADG,Baseline-SegSADG,Baseline-SegSADG,Seg-SADG,Baseline-SegSADG,baseline_segsadg,shallow,0.1,0.1,1.0,0.05,0.1,0.001,0.0001,0.001,0.05,0.5,0.05,rho0p05,new_training,5,4,16,0.31404638290405273,0.31404638290405273,0.3130652904510498,0.019621867744717747,0.2863658480346203,0.46817731112241745,0.05,0.0,0.0,0.0,0.0,0.0,0.0,16,108|154|53|179|249,64,all_filtered,9,True,D:\Running_Place\PostGraduateProjects\Experiments\PostGraduate\backbones\PertubatedBNStatistics\Baseline-SegSADG\shot5\Seed4
PertubatedBNStatistics,Disperssion+Seg-SADG,Baseline-SegSADG,Baseline-SegSADG,Seg-SADG,Baseline-SegSADG,baseline_segsadg,shallow,0.1,0.1,1.0,0.05,0.1,0.001,0.0001,0.001,0.05,0.5,0.05,rho0p05,new_training,5,4,17,0.2907896228134632,0.2907896228134632,0.28989486023783684,0.017895303724799305,0.2622577669098973,0.4682204406708479,0.05,0.0,0.0,0.0,0.0,0.0,0.0,16,108|154|53|179|249,64,all_filtered,9,True,D:\Running_Place\PostGraduateProjects\Experiments\PostGraduate\backbones\PertubatedBNStatistics\Baseline-SegSADG\shot5\Seed4
PertubatedBNStatistics,Disperssion+Seg-SADG,Baseline-SegSADG,Baseline-SegSADG,Seg-SADG,Baseline-SegSADG,baseline_segsadg,shallow,0.1,0.1,1.0,0.05,0.1,0.001,0.0001,0.001,0.05,0.5,0.05,rho0p05,new_training,5,4,18,0.26485359389334917,0.26485359389334917,0.26416936703026295,0.013684612873475999,0.241674292832613,0.3980377111583948,0.05,0.0,0.0,0.0,0.0,0.0,0.0,16,108|154|53|179|249,64,all_filtered,9,True,D:\Running_Place\PostGraduateProjects\Experiments\PostGraduate\backbones\PertubatedBNStatistics\Baseline-SegSADG\shot5\Seed4
PertubatedBNStatistics,Disperssion+Seg-SADG,Baseline-SegSADG,Baseline-SegSADG,Seg-SADG,Baseline-SegSADG,baseline_segsadg,shallow,0.1,0.1,1.0,0.05,0.1,0.001,0.0001,0.001,0.05,0.5,0.05,rho0p05,new_training,5,4,19,0.24457026831805706,0.24457026831805706,0.24385578837245703,0.014289584825746715,0.22327786963433027,0.363548344001174,0.05,0.0,0.0,0.0,0.0,0.0,0.0,16,108|154|53|179|249,64,all_filtered,9,True,D:\Running_Place\PostGraduateProjects\Experiments\PostGraduate\backbones\PertubatedBNStatistics\Baseline-SegSADG\shot5\Seed4
PertubatedBNStatistics,Disperssion+Seg-SADG,Baseline-SegSADG,Baseline-SegSADG,Seg-SADG,Baseline-SegSADG,baseline_segsadg,shallow,0.1,0.1,1.0,0.05,0.1,0.001,0.0001,0.001,0.05,0.5,0.05,rho0p05,new_training,5,4,20,0.22962536290287971,0.22962536290287971,0.22901149094104767,0.012277467059902847,0.20804418809711933,0.3442775849252939,0.05,0.0,0.0,0.0,0.0,0.0,0.0,16,108|154|53|179|249,64,all_filtered,9,True,D:\Running_Place\PostGraduateProjects\Experiments\PostGraduate\backbones\PertubatedBNStatistics\Baseline-SegSADG\shot5\Seed4
PertubatedBNStatistics,Disperssion+Seg-SADG,Baseline-SegSADG,Baseline-SegSADG,Seg-SADG,Baseline-SegSADG,baseline_segsadg,shallow,0.1,0.1,1.0,0.05,0.1,0.001,0.0001,0.001,0.05,0.5,0.05,rho0p05,new_training,5,4,21,0.22639767359942198,0.22639767359942198,0.22573760710656643,0.013201312336605042,0.2040092498064041,0.3596791513264179,0.05,0.0,0.0,0.0,0.0,0.0,0.0,16,108|154|53|179|249,64,all_filtered,9,True,D:\Running_Place\PostGraduateProjects\Experiments\PostGraduate\backbones\PertubatedBNStatistics\Baseline-SegSADG\shot5\Seed4
PertubatedBNStatistics,Disperssion+Seg-SADG,Baseline-SegSADG,Baseline-SegSADG,Seg-SADG,Baseline-SegSADG,baseline_segsadg,shallow,0.1,0.1,1.0,0.05,0.1,0.001,0.0001,0.001,0.05,0.5,0.05,rho0p05,new_training,5,4,22,0.2181073259562254,0.2181073259562254,0.21723932679742575,0.017359979916363955,0.19624023232609034,0.3566659800708294,0.05,0.0,0.0,0.0,0.0,0.0,0.0,16,108|154|53|179|249,64,all_filtered,9,True,D:\Running_Place\PostGraduateProjects\Experiments\PostGraduate\backbones\PertubatedBNStatistics\Baseline-SegSADG\shot5\Seed4
PertubatedBNStatistics,Disperssion+Seg-SADG,Baseline-SegSADG,Baseline-SegSADG,Seg-SADG,Baseline-SegSADG,baseline_segsadg,shallow,0.1,0.1,1.0,0.05,0.1,0.001,0.0001,0.001,0.05,0.5,0.05,rho0p05,new_training,5,4,23,0.19945445004850626,0.19945445004850626,0.19879602920264006,0.01316841586958617,0.18117872904986143,0.302365236915648,0.05,0.0,0.0,0.0,0.0,0.0,0.0,16,108|154|53|179|249,64,all_filtered,9,True,D:\Running_Place\PostGraduateProjects\Experiments\PostGraduate\backbones\PertubatedBNStatistics\Baseline-SegSADG\shot5\Seed4
PertubatedBNStatistics,Disperssion+Seg-SADG,Baseline-SegSADG,Baseline-SegSADG,Seg-SADG,Baseline-SegSADG,baseline_segsadg,shallow,0.1,0.1,1.0,0.05,0.1,0.001,0.0001,0.001,0.05,0.5,0.05,rho0p05,new_training,5,4,24,0.1892768358811736,0.1892768358811736,0.18851183913648129,0.015299952297937125,0.17057770304381847,0.3046191055327654,0.05,0.0,0.0,0.0,0.0,0.0,0.0,16,108|154|53|179|249,64,all_filtered,9,True,D:\Running_Place\PostGraduateProjects\Experiments\PostGraduate\backbones\PertubatedBNStatistics\Baseline-SegSADG\shot5\Seed4
PertubatedBNStatistics,Disperssion+Seg-SADG,Baseline-SegSADG,Baseline-SegSADG,Seg-SADG,Baseline-SegSADG,baseline_segsadg,shallow,0.1,0.1,1.0,0.05,0.1,0.001,0.0001,0.001,0.05,0.5,0.05,rho0p05,new_training,5,4,25,0.17946448177099228,0.17946448177099228,0.17886431608349085,0.012003313866443932,0.16159859113395214,0.29088972602039576,0.05,0.0,0.0,0.0,0.0,0.0,0.0,16,108|154|53|179|249,64,all_filtered,9,True,D:\Running_Place\PostGraduateProjects\Experiments\PostGraduate\backbones\PertubatedBNStatistics\Baseline-SegSADG\shot5\Seed4
PertubatedBNStatistics,Disperssion+Seg-SADG,Baseline-SegSADG,Baseline-SegSADG,Seg-SADG,Baseline-SegSADG,baseline_segsadg,shallow,0.1,0.1,1.0,0.05,0.1,0.001,0.0001,0.001,0.05,0.5,0.05,rho0p05,new_training,5,4,26,0.16780660673975945,0.16780660673975945,0.16711599007248878,0.013812360470183194,0.1517673870548606,0.2608544547110796,0.05,0.0,0.0,0.0,0.0,0.0,0.0,16,108|154|53|179|249,64,all_filtered,9,True,D:\Running_Place\PostGraduateProjects\Experiments\PostGraduate\backbones\PertubatedBNStatistics\Baseline-SegSADG\shot5\Seed4
PertubatedBNStatistics,Disperssion+Seg-SADG,Baseline-SegSADG,Baseline-SegSADG,Seg-SADG,Baseline-SegSADG,baseline_segsadg,shallow,0.1,0.1,1.0,0.05,0.1,0.001,0.0001,0.001,0.05,0.5,0.05,rho0p05,new_training,5,4,27,0.16193823423236609,0.16193823423236609,0.1613636128604412,0.011492454766994342,0.14577093347907066,0.2726155035197735,0.05,0.0,0.0,0.0,0.0,0.0,0.0,16,108|154|53|179|249,64,all_filtered,9,True,D:\Running_Place\PostGraduateProjects\Experiments\PostGraduate\backbones\PertubatedBNStatistics\Baseline-SegSADG\shot5\Seed4
PertubatedBNStatistics,Disperssion+Seg-SADG,Baseline-SegSADG,Baseline-SegSADG,Seg-SADG,Baseline-SegSADG,baseline_segsadg,shallow,0.1,0.1,1.0,0.05,0.1,0.001,0.0001,0.001,0.05,0.5,0.05,rho0p05,new_training,5,4,28,0.1532455002889037,0.1532455002889037,0.15263325162231922,0.012244977580849081,0.13780253753066063,0.24631262198090553,0.05,0.0,0.0,0.0,0.0,0.0,0.0,16,108|154|53|179|249,64,all_filtered,9,True,D:\Running_Place\PostGraduateProjects\Experiments\PostGraduate\backbones\PertubatedBNStatistics\Baseline-SegSADG\shot5\Seed4
PertubatedBNStatistics,Disperssion+Seg-SADG,Baseline-SegSADG,Baseline-SegSADG,Seg-SADG,Baseline-SegSADG,baseline_segsadg,shallow,0.1,0.1,1.0,0.05,0.1,0.001,0.0001,0.001,0.05,0.5,0.05,rho0p05,new_training,5,4,29,0.1505240723490715,0.1505240723490715,0.14996775053441525,0.011126433004392311,0.13405728340148926,0.2592729302123189,0.05,0.0,0.0,0.0,0.0,0.0,0.0,16,108|154|53|179|249,64,all_filtered,9,True,D:\Running_Place\PostGraduateProjects\Experiments\PostGraduate\backbones\PertubatedBNStatistics\Baseline-SegSADG\shot5\Seed4
PertubatedBNStatistics,Disperssion+Seg-SADG,Baseline-SegSADG,Baseline-SegSADG,Seg-SADG,Baseline-SegSADG,baseline_segsadg,shallow,0.1,0.1,1.0,0.05,0.1,0.001,0.0001,0.001,0.05,0.5,0.05,rho0p05,new_training,5,4,30,0.14589114300906658,0.14589114300906658,0.14531573187559843,0.011508223571581766,0.13072653487324715,0.25151082780212164,0.05,0.0,0.0,0.0,0.0,0.0,0.0,16,108|154|53|179|249,64,all_filtered,9,True,D:\Running_Place\PostGraduateProjects\Experiments\PostGraduate\backbones\PertubatedBNStatistics\Baseline-SegSADG\shot5\Seed4
PertubatedBNStatistics,Disperssion+Seg-SADG,Baseline-SegSADG,Baseline-SegSADG,Seg-SADG,Baseline-SegSADG,baseline_segsadg,shallow,0.1,0.1,1.0,0.05,0.1,0.001,0.0001,0.001,0.05,0.5,0.05,rho0p05,new_training,5,4,31,0.1411564452573657,0.1411564452573657,0.1405567592009902,0.011993743246421218,0.1256374972872436,0.24390675220638514,0.05,0.0,0.0,0.0,0.0,0.0,0.0,16,108|154|53|179|249,64,all_filtered,9,True,D:\Running_Place\PostGraduateProjects\Experiments\PostGraduate\backbones\PertubatedBNStatistics\Baseline-SegSADG\shot5\Seed4
PertubatedBNStatistics,Disperssion+Seg-SADG,Baseline-SegSADG,Baseline-SegSADG,Seg-SADG,Baseline-SegSADG,baseline_segsadg,shallow,0.1,0.1,1.0,0.05,0.1,0.001,0.0001,0.001,0.05,0.5,0.05,rho0p05,new_training,5,4,32,0.13783850288018584,0.13783850288018584,0.1372673911973834,0.011422228562878445,0.12250210251659155,0.24262311775237322,0.05,0.0,0.0,0.0,0.0,0.0,0.0,16,108|154|53|179|249,64,all_filtered,9,True,D:\Running_Place\PostGraduateProjects\Experiments\PostGraduate\backbones\PertubatedBNStatistics\Baseline-SegSADG\shot5\Seed4
PertubatedBNStatistics,Disperssion+Seg-SADG,Baseline-SegSADG,Baseline-SegSADG,Seg-SADG,Baseline-SegSADG,baseline_segsadg,shallow,0.1,0.1,1.0,0.05,0.1,0.001,0.0001,0.001,0.05,0.5,0.05,rho0p05,new_training,5,4,33,0.13021527137607336,0.13021527137607336,0.12971517397090793,0.01000195776578039,0.1171446405351162,0.20361765194684267,0.05,0.0,0.0,0.0,0.0,0.0,0.0,16,108|154|53|179|249,64,all_filtered,9,True,D:\Running_Place\PostGraduateProjects\Experiments\PostGraduate\backbones\PertubatedBNStatistics\Baseline-SegSADG\shot5\Seed4
PertubatedBNStatistics,Disperssion+Seg-SADG,Baseline-SegSADG,Baseline-SegSADG,Seg-SADG,Baseline-SegSADG,baseline_segsadg,shallow,0.1,0.1,1.0,0.05,0.1,0.001,0.0001,0.001,0.05,0.5,0.05,rho0p05,new_training,5,4,34,0.1292753522284329,0.1292753522284329,0.12877637054771185,0.009979647293221205,0.1151115563698113,0.2189710447564721,0.05,0.0,0.0,0.0,0.0,0.0,0.0,16,108|154|53|179|249,64,all_filtered,9,True,D:\Running_Place\PostGraduateProjects\Experiments\PostGraduate\backbones\PertubatedBNStatistics\Baseline-SegSADG\shot5\Seed4
PertubatedBNStatistics,Disperssion+Seg-SADG,Baseline-SegSADG,Baseline-SegSADG,Seg-SADG,Baseline-SegSADG,baseline_segsadg,shallow,0.1,0.1,1.0,0.05,0.1,0.001,0.0001,0.001,0.05,0.5,0.05,rho0p05,new_training,5,4,35,0.12672982504591346,0.12672982504591346,0.12614973355084658,0.011601789126871154,0.11271804757416248,0.21815472282469273,0.05,0.0,0.0,0.0,0.0,0.0,0.0,16,108|154|53|179|249,64,all_filtered,9,True,D:\Running_Place\PostGraduateProjects\Experiments\PostGraduate\backbones\PertubatedBNStatistics\Baseline-SegSADG\shot5\Seed4
PertubatedBNStatistics,Disperssion+Seg-SADG,Baseline-SegSADG,Baseline-SegSADG,Seg-SADG,Baseline-SegSADG,baseline_segsadg,shallow,0.1,0.1,1.0,0.05,0.1,0.001,0.0001,0.001,0.05,0.5,0.05,rho0p05,new_training,5,4,36,0.12027192255482078,0.12027192255482078,0.1197847300209105,0.009743844537297264,0.10775841539725661,0.1953026819974184,0.05,0.0,0.0,0.0,0.0,0.0,0.0,16,108|154|53|179|249,64,all_filtered,9,True,D:\Running_Place\PostGraduateProjects\Experiments\PostGraduate\backbones\PertubatedBNStatistics\Baseline-SegSADG\shot5\Seed4
PertubatedBNStatistics,Disperssion+Seg-SADG,Baseline-SegSADG,Baseline-SegSADG,Seg-SADG,Baseline-SegSADG,baseline_segsadg,shallow,0.1,0.1,1.0,0.05,0.1,0.001,0.0001,0.001,0.05,0.5,0.05,rho0p05,new_training,5,4,37,0.1200869525782764,0.1200869525782764,0.11960553750395775,0.009628311585402116,0.10616075294092298,0.2141395378857851,0.05,0.0,0.0,0.0,0.0,0.0,0.0,16,108|154|53|179|249,64,all_filtered,9,True,D:\Running_Place\PostGraduateProjects\Experiments\PostGraduate\backbones\PertubatedBNStatistics\Baseline-SegSADG\shot5\Seed4
PertubatedBNStatistics,Disperssion+Seg-SADG,Baseline-SegSADG,Baseline-SegSADG,Seg-SADG,Baseline-SegSADG,baseline_segsadg,shallow,0.1,0.1,1.0,0.05,0.1,0.001,0.0001,0.001,0.05,0.5,0.05,rho0p05,new_training,5,4,38,0.11772956931963563,0.11772956931963563,0.117204743437469,0.01049651496578008,0.10380290681496263,0.21437449008226395,0.05,0.0,0.0,0.0,0.0,0.0,0.0,16,108|154|53|179|249,64,all_filtered,9,True,D:\Running_Place\PostGraduateProjects\Experiments\PostGraduate\backbones\PertubatedBNStatistics\Baseline-SegSADG\shot5\Seed4
PertubatedBNStatistics,Disperssion+Seg-SADG,Baseline-SegSADG,Baseline-SegSADG,Seg-SADG,Baseline-SegSADG,baseline_segsadg,shallow,0.1,0.1,1.0,0.05,0.1,0.001,0.0001,0.001,0.05,0.5,0.05,rho0p05,new_training,5,4,39,0.11411651829257607,0.11411651829257607,0.11367186577990651,0.008893055259250104,0.10123281227424741,0.1980190295726061,0.05,0.0,0.0,0.0,0.0,0.0,0.0,16,108|154|53|179|249,64,all_filtered,9,True,D:\Running_Place\PostGraduateProjects\Experiments\PostGraduate\backbones\PertubatedBNStatistics\Baseline-SegSADG\shot5\Seed4
PertubatedBNStatistics,Disperssion+Seg-SADG,Baseline-SegSADG,Baseline-SegSADG,Seg-SADG,Baseline-SegSADG,baseline_segsadg,shallow,0.1,0.1,1.0,0.05,0.1,0.001,0.0001,0.001,0.05,0.5,0.05,rho0p05,new_training,5,4,40,0.10999316768720746,0.10999316768720746,0.10959910787642002,0.007881197350798175,0.09821675857529044,0.183852918446064,0.05,0.0,0.0,0.0,0.0,0.0,0.0,16,108|154|53|179|249,64,all_filtered,9,True,D:\Running_Place\PostGraduateProjects\Experiments\PostGraduate\backbones\PertubatedBNStatistics\Baseline-SegSADG\shot5\Seed4
PertubatedBNStatistics,Disperssion+Seg-SADG,Baseline-SegSADG,Baseline-SegSADG,Seg-SADG,Baseline-SegSADG,baseline_segsadg,shallow,0.1,0.1,1.0,0.05,0.1,0.001,0.0001,0.001,0.05,0.5,0.05,rho0p05,new_training,5,4,41,0.10723226610571146,0.10723226610571146,0.10676014889031649,0.009442337526706979,0.09581438731402159,0.1804445255547762,0.05,0.0,0.0,0.0,0.0,0.0,0.0,16,108|154|53|179|249,64,all_filtered,9,True,D:\Running_Place\PostGraduateProjects\Experiments\PostGraduate\backbones\PertubatedBNStatistics\Baseline-SegSADG\shot5\Seed4
PertubatedBNStatistics,Disperssion+Seg-SADG,Baseline-SegSADG,Baseline-SegSADG,Seg-SADG,Baseline-SegSADG,baseline_segsadg,shallow,0.1,0.1,1.0,0.05,0.1,0.001,0.0001,0.001,0.05,0.5,0.05,rho0p05,new_training,5,4,42,0.1090389583259821,0.1090389583259821,0.10857358714565635,0.009307424043072388,0.0957018369808793,0.20343241654336452,0.05,0.0,0.0,0.0,0.0,0.0,0.0,16,108|154|53|179|249,64,all_filtered,9,True,D:\Running_Place\PostGraduateProjects\Experiments\PostGraduate\backbones\PertubatedBNStatistics\Baseline-SegSADG\shot5\Seed4
PertubatedBNStatistics,Disperssion+Seg-SADG,Baseline-SegSADG,Baseline-SegSADG,Seg-SADG,Baseline-SegSADG,baseline_segsadg,shallow,0.1,0.1,1.0,0.05,0.1,0.001,0.0001,0.001,0.05,0.5,0.05,rho0p05,new_training,5,4,43,0.10562849882990122,0.10562849882990122,0.10522102331742644,0.008149524073814973,0.09418393624946475,0.1775927608832717,0.05,0.0,0.0,0.0,0.0,0.0,0.0,16,108|154|53|179|249,64,all_filtered,9,True,D:\Running_Place\PostGraduateProjects\Experiments\PostGraduate\backbones\PertubatedBNStatistics\Baseline-SegSADG\shot5\Seed4
PertubatedBNStatistics,Disperssion+Seg-SADG,Baseline-SegSADG,Baseline-SegSADG,Seg-SADG,Baseline-SegSADG,baseline_segsadg,shallow,0.1,0.1,1.0,0.05,0.1,0.001,0.0001,0.001,0.05,0.5,0.05,rho0p05,new_training,5,4,44,0.1044521052390337,0.1044521052390337,0.10396606475114822,0.009720802714582533,0.09220700804144144,0.18560572527348995,0.05,0.0,0.0,0.0,0.0,0.0,0.0,16,108|154|53|179|249,64,all_filtered,9,True,D:\Running_Place\PostGraduateProjects\Experiments\PostGraduate\backbones\PertubatedBNStatistics\Baseline-SegSADG\shot5\Seed4
PertubatedBNStatistics,Disperssion+Seg-SADG,Baseline-SegSADG,Baseline-SegSADG,Seg-SADG,Baseline-SegSADG,baseline_segsadg,shallow,0.1,0.1,1.0,0.05,0.1,0.001,0.0001,0.001,0.05,0.5,0.05,rho0p05,new_training,5,4,45,0.09899638034403324,0.09899638034403324,0.0986166880466044,0.007593849120894447,0.08848892105743289,0.16427128110080957,0.05,0.0,0.0,0.0,0.0,0.0,0.0,16,108|154|53|179|249,64,all_filtered,9,True,D:\Running_Place\PostGraduateProjects\Experiments\PostGraduate\backbones\PertubatedBNStatistics\Baseline-SegSADG\shot5\Seed4
PertubatedBNStatistics,Disperssion+Seg-SADG,Baseline-SegSADG,Baseline-SegSADG,Seg-SADG,Baseline-SegSADG,baseline_segsadg,shallow,0.1,0.1,1.0,0.05,0.1,0.001,0.0001,0.001,0.05,0.5,0.05,rho0p05,new_training,5,4,46,0.09804407693445683,0.09804407693445683,0.09762051422148943,0.008471259498037398,0.08682559663429856,0.1708028707653284,0.05,0.0,0.0,0.0,0.0,0.0,0.0,16,108|154|53|179|249,64,all_filtered,9,True,D:\Running_Place\PostGraduateProjects\Experiments\PostGraduate\backbones\PertubatedBNStatistics\Baseline-SegSADG\shot5\Seed4
PertubatedBNStatistics,Disperssion+Seg-SADG,Baseline-SegSADG,Baseline-SegSADG,Seg-SADG,Baseline-SegSADG,baseline_segsadg,shallow,0.1,0.1,1.0,0.05,0.1,0.001,0.0001,0.001,0.05,0.5,0.05,rho0p05,new_training,5,4,47,0.09765122411772609,0.09765122411772609,0.09724417235702276,0.008141044934745878,0.0862228418700397,0.17779820086434484,0.05,0.0,0.0,0.0,0.0,0.0,0.0,16,108|154|53|179|249,64,all_filtered,9,True,D:\Running_Place\PostGraduateProjects\Experiments\PostGraduate\backbones\PertubatedBNStatistics\Baseline-SegSADG\shot5\Seed4
PertubatedBNStatistics,Disperssion+Seg-SADG,Baseline-SegSADG,Baseline-SegSADG,Seg-SADG,Baseline-SegSADG,baseline_segsadg,shallow,0.1,0.1,1.0,0.05,0.1,0.001,0.0001,0.001,0.05,0.5,0.05,rho0p05,new_training,5,4,48,0.09406527783721685,0.09406527783721685,0.09369806433096528,0.007344256708165631,0.08416174445301294,0.15472868736833334,0.05,0.0,0.0,0.0,0.0,0.0,0.0,16,108|154|53|179|249,64,all_filtered,9,True,D:\Running_Place\PostGraduateProjects\Experiments\PostGraduate\backbones\PertubatedBNStatistics\Baseline-SegSADG\shot5\Seed4
PertubatedBNStatistics,Disperssion+Seg-SADG,Baseline-SegSADG,Baseline-SegSADG,Seg-SADG,Baseline-SegSADG,baseline_segsadg,shallow,0.1,0.1,1.0,0.05,0.1,0.001,0.0001,0.001,0.05,0.5,0.05,rho0p05,new_training,5,4,49,0.09594685351476073,0.09594685351476073,0.0955139440484345,0.00865819226601161,0.08393006538972259,0.17855997662991285,0.05,0.0,0.0,0.0,0.0,0.0,0.0,16,108|154|53|179|249,64,all_filtered,9,True,D:\Running_Place\PostGraduateProjects\Experiments\PostGraduate\backbones\PertubatedBNStatistics\Baseline-SegSADG\shot5\Seed4
PertubatedBNStatistics,Disperssion+Seg-SADG,Baseline-SegSADG,Baseline-SegSADG,Seg-SADG,Baseline-SegSADG,baseline_segsadg,shallow,0.1,0.1,1.0,0.05,0.1,0.001,0.0001,0.001,0.05,0.5,0.05,rho0p05,new_training,5,4,50,0.09304885379970074,0.09304885379970074,0.09269496705383062,0.007077749032760039,0.08270115219056606,0.15831392258405685,0.05,0.0,0.0,0.0,0.0,0.0,0.0,16,108|154|53|179|249,64,all_filtered,9,True,D:\Running_Place\PostGraduateProjects\Experiments\PostGraduate\backbones\PertubatedBNStatistics\Baseline-SegSADG\shot5\Seed4
PertubatedBNStatistics,Disperssion+Seg-SADG,Baseline-SegSADG,Baseline-SegSADG,Seg-SADG,Baseline-SegSADG,baseline_segsadg,shallow,0.1,0.1,1.0,0.05,0.1,0.001,0.0001,0.001,0.05,0.5,0.05,rho0p05,new_training,5,4,51,0.09216137090697885,0.09216137090697885,0.09175327233970165,0.008161965699400753,0.08098688162863255,0.16931835422292352,0.05,0.0,0.0,0.0,0.0,0.0,0.0,16,108|154|53|179|249,64,all_filtered,9,True,D:\Running_Place\PostGraduateProjects\Experiments\PostGraduate\backbones\PertubatedBNStatistics\Baseline-SegSADG\shot5\Seed4
PertubatedBNStatistics,Disperssion+Seg-SADG,Baseline-SegSADG,Baseline-SegSADG,Seg-SADG,Baseline-SegSADG,baseline_segsadg,shallow,0.1,0.1,1.0,0.05,0.1,0.001,0.0001,0.001,0.05,0.5,0.05,rho0p05,new_training,5,4,52,0.08873744634911418,0.08873744634911418,0.08841339871287346,0.006480971263954416,0.07880683755502105,0.14972210675477982,0.05,0.0,0.0,0.0,0.0,0.0,0.0,16,108|154|53|179|249,64,all_filtered,9,True,D:\Running_Place\PostGraduateProjects\Experiments\PostGraduate\backbones\PertubatedBNStatistics\Baseline-SegSADG\shot5\Seed4
PertubatedBNStatistics,Disperssion+Seg-SADG,Baseline-SegSADG,Baseline-SegSADG,Seg-SADG,Baseline-SegSADG,baseline_segsadg,shallow,0.1,0.1,1.0,0.05,0.1,0.001,0.0001,0.001,0.05,0.5,0.05,rho0p05,new_training,5,4,53,0.0894664996303618,0.0894664996303618,0.08910301001742482,0.007269782712683082,0.07862702012062073,0.16304998425766826,0.05,0.0,0.0,0.0,0.0,0.0,0.0,16,108|154|53|179|249,64,all_filtered,9,True,D:\Running_Place\PostGraduateProjects\Experiments\PostGraduate\backbones\PertubatedBNStatistics\Baseline-SegSADG\shot5\Seed4
PertubatedBNStatistics,Disperssion+Seg-SADG,Baseline-SegSADG,Baseline-SegSADG,Seg-SADG,Baseline-SegSADG,baseline_segsadg,shallow,0.1,0.1,1.0,0.05,0.1,0.001,0.0001,0.001,0.05,0.5,0.05,rho0p05,new_training,5,4,54,0.08529532281681895,0.08529532281681895,0.08493841998279095,0.0071380516747012734,0.07632104656659067,0.14071097504347563,0.05,0.0,0.0,0.0,0.0,0.0,0.0,16,108|154|53|179|249,64,all_filtered,9,True,D:\Running_Place\PostGraduateProjects\Experiments\PostGraduate\backbones\PertubatedBNStatistics\Baseline-SegSADG\shot5\Seed4
PertubatedBNStatistics,Disperssion+Seg-SADG,Baseline-SegSADG,Baseline-SegSADG,Seg-SADG,Baseline-SegSADG,baseline_segsadg,shallow,0.1,0.1,1.0,0.05,0.1,0.001,0.0001,0.001,0.05,0.5,0.05,rho0p05,new_training,5,4,55,0.08526081219315529,0.08526081219315529,0.08492364501580596,0.006743345948052593,0.0752685540355742,0.15412787394598126,0.05,0.0,0.0,0.0,0.0,0.0,0.0,16,108|154|53|179|249,64,all_filtered,9,True,D:\Running_Place\PostGraduateProjects\Experiments\PostGraduate\backbones\PertubatedBNStatistics\Baseline-SegSADG\shot5\Seed4
PertubatedBNStatistics,Disperssion+Seg-SADG,Baseline-SegSADG,Baseline-SegSADG,Seg-SADG,Baseline-SegSADG,baseline_segsadg,shallow,0.1,0.1,1.0,0.05,0.1,0.001,0.0001,0.001,0.05,0.5,0.05,rho0p05,new_training,5,4,56,0.08298719068989158,0.08298719068989158,0.08266467787325382,0.006450264307204634,0.07379215024411678,0.14238901948556304,0.05,0.0,0.0,0.0,0.0,0.0,0.0,16,108|154|53|179|249,64,all_filtered,9,True,D:\Running_Place\PostGraduateProjects\Experiments\PostGraduate\backbones\PertubatedBNStatistics\Baseline-SegSADG\shot5\Seed4
PertubatedBNStatistics,Disperssion+Seg-SADG,Baseline-SegSADG,Baseline-SegSADG,Seg-SADG,Baseline-SegSADG,baseline_segsadg,shallow,0.1,0.1,1.0,0.05,0.1,0.001,0.0001,0.001,0.05,0.5,0.05,rho0p05,new_training,5,4,57,0.08164246752858162,0.08164246752858162,0.08131169667467475,0.006615404054173268,0.0722651993855834,0.14161048457026482,0.05,0.0,0.0,0.0,0.0,0.0,0.0,16,108|154|53|179|249,64,all_filtered,9,True,D:\Running_Place\PostGraduateProjects\Experiments\PostGraduate\backbones\PertubatedBNStatistics\Baseline-SegSADG\shot5\Seed4
PertubatedBNStatistics,Disperssion+Seg-SADG,Baseline-SegSADG,Baseline-SegSADG,Seg-SADG,Baseline-SegSADG,baseline_segsadg,shallow,0.1,0.1,1.0,0.05,0.1,0.001,0.0001,0.001,0.05,0.5,0.05,rho0p05,new_training,5,4,58,0.08065194357186556,0.08065194357186556,0.08033352624624968,0.006368320842739195,0.07152886223047972,0.14382104482501745,0.05,0.0,0.0,0.0,0.0,0.0,0.0,16,108|154|53|179|249,64,all_filtered,9,True,D:\Running_Place\PostGraduateProjects\Experiments\PostGraduate\backbones\PertubatedBNStatistics\Baseline-SegSADG\shot5\Seed4
PertubatedBNStatistics,Disperssion+Seg-SADG,Baseline-SegSADG,Baseline-SegSADG,Seg-SADG,Baseline-SegSADG,baseline_segsadg,shallow,0.1,0.1,1.0,0.05,0.1,0.001,0.0001,0.001,0.05,0.5,0.05,rho0p05,new_training,5,4,59,0.10412423312664032,0.10412423312664032,0.10366257326677442,0.009233165968907997,0.08456125529482961,0.23938593408092856,0.05,0.0,0.0,0.0,0.0,0.0,0.0,16,108|154|53|179|249,64,all_filtered,9,True,D:\Running_Place\PostGraduateProjects\Experiments\PostGraduate\backbones\PertubatedBNStatistics\Baseline-SegSADG\shot5\Seed4
PertubatedBNStatistics,Disperssion+Seg-SADG,Baseline-SegSADG,Baseline-SegSADG,Seg-SADG,Baseline-SegSADG,baseline_segsadg,shallow,0.1,0.1,1.0,0.05,0.1,0.001,0.0001,0.001,0.05,0.5,0.05,rho0p05,new_training,5,4,60,0.10323334485292435,0.10323334485292435,0.10260634776204824,0.012539940275019035,0.08834268897771835,0.23757220432162285,0.05,0.0,0.0,0.0,0.0,0.0,0.0,16,108|154|53|179|249,64,all_filtered,9,True,D:\Running_Place\PostGraduateProjects\Experiments\PostGraduate\backbones\PertubatedBNStatistics\Baseline-SegSADG\shot5\Seed4
PertubatedBNStatistics,Disperssion+Seg-SADG,Baseline-SegSADG,Baseline-SegSADG,Seg-SADG,Baseline-SegSADG,baseline_segsadg,shallow,0.1,0.1,1.0,0.05,0.1,0.001,0.0001,0.001,0.05,0.5,0.05,rho0p05,new_training,5,4,61,0.09878335986286402,0.09878335986286402,0.0982201686128974,0.011263828549999744,0.08353139040991664,0.23611570987850428,0.05,0.0,0.0,0.0,0.0,0.0,0.0,16,108|154|53|179|249,64,all_filtered,9,True,D:\Running_Place\PostGraduateProjects\Experiments\PostGraduate\backbones\PertubatedBNStatistics\Baseline-SegSADG\shot5\Seed4
PertubatedBNStatistics,Disperssion+Seg-SADG,Baseline-SegSADG,Baseline-SegSADG,Seg-SADG,Baseline-SegSADG,baseline_segsadg,shallow,0.1,0.1,1.0,0.05,0.1,0.001,0.0001,0.001,0.05,0.5,0.05,rho0p05,new_training,5,4,62,0.09222146170213819,0.09222146170213819,0.09173494018614292,0.009730437537655234,0.08069542143493891,0.18033178616315126,0.05,0.0,0.0,0.0,0.0,0.0,0.0,16,108|154|53|179|249,64,all_filtered,9,True,D:\Running_Place\PostGraduateProjects\Experiments\PostGraduate\backbones\PertubatedBNStatistics\Baseline-SegSADG\shot5\Seed4
PertubatedBNStatistics,Disperssion+Seg-SADG,Baseline-SegSADG,Baseline-SegSADG,Seg-SADG,Baseline-SegSADG,baseline_segsadg,shallow,0.1,0.1,1.0,0.05,0.1,0.001,0.0001,0.001,0.05,0.5,0.05,rho0p05,new_training,5,4,63,0.08377862768247724,0.08377862768247724,0.08339313324540854,0.007709879806498066,0.07400050992146134,0.14465597178786993,0.05,0.0,0.0,0.0,0.0,0.0,0.0,16,108|154|53|179|249,64,all_filtered,9,True,D:\Running_Place\PostGraduateProjects\Experiments\PostGraduate\backbones\PertubatedBNStatistics\Baseline-SegSADG\shot5\Seed4
PertubatedBNStatistics,Disperssion+Seg-SADG,Baseline-SegSADG,Baseline-SegSADG,Seg-SADG,Baseline-SegSADG,baseline_segsadg,shallow,0.1,0.1,1.0,0.05,0.1,0.001,0.0001,0.001,0.05,0.5,0.05,rho0p05,new_training,5,4,64,0.08161692740395665,0.08161692740395665,0.08125743875280023,0.007189782190835103,0.07206087978556752,0.14643797185271978,0.05,0.0,0.0,0.0,0.0,0.0,0.0,16,108|154|53|179|249,64,all_filtered,9,True,D:\Running_Place\PostGraduateProjects\Experiments\PostGraduate\backbones\PertubatedBNStatistics\Baseline-SegSADG\shot5\Seed4
PertubatedBNStatistics,Disperssion+Seg-SADG,Baseline-SegSADG,Baseline-SegSADG,Seg-SADG,Baseline-SegSADG,baseline_segsadg,shallow,0.1,0.1,1.0,0.05,0.1,0.001,0.0001,0.001,0.05,0.5,0.05,rho0p05,new_training,5,4,65,0.08025230187922716,0.08025230187922716,0.07989581534639001,0.007129717996576801,0.07076123915612698,0.14353620074689388,0.05,0.0,0.0,0.0,0.0,0.0,0.0,16,108|154|53|179|249,64,all_filtered,9,True,D:\Running_Place\PostGraduateProjects\Experiments\PostGraduate\backbones\PertubatedBNStatistics\Baseline-SegSADG\shot5\Seed4
PertubatedBNStatistics,Disperssion+Seg-SADG,Baseline-SegSADG,Baseline-SegSADG,Seg-SADG,Baseline-SegSADG,baseline_segsadg,shallow,0.1,0.1,1.0,0.05,0.1,0.001,0.0001,0.001,0.05,0.5,0.05,rho0p05,new_training,5,4,66,0.07620053505524993,0.07620053505524993,0.07589576439931989,0.006095415854360908,0.06772597739472985,0.13036179589107633,0.05,0.0,0.0,0.0,0.0,0.0,0.0,16,108|154|53|179|249,64,all_filtered,9,True,D:\Running_Place\PostGraduateProjects\Experiments\PostGraduate\backbones\PertubatedBNStatistics\Baseline-SegSADG\shot5\Seed4
PertubatedBNStatistics,Disperssion+Seg-SADG,Baseline-SegSADG,Baseline-SegSADG,Seg-SADG,Baseline-SegSADG,baseline_segsadg,shallow,0.1,0.1,1.0,0.05,0.1,0.001,0.0001,0.001,0.05,0.5,0.05,rho0p05,new_training,5,4,67,0.07436742819845676,0.07436742819845676,0.07406178442761302,0.006112884584581479,0.06593564804643393,0.1254343232139945,0.05,0.0,0.0,0.0,0.0,0.0,0.0,16,108|154|53|179|249,64,all_filtered,9,True,D:\Running_Place\PostGraduateProjects\Experiments\PostGraduate\backbones\PertubatedBNStatistics\Baseline-SegSADG\shot5\Seed4
PertubatedBNStatistics,Disperssion+Seg-SADG,Baseline-SegSADG,Baseline-SegSADG,Seg-SADG,Baseline-SegSADG,baseline_segsadg,shallow,0.1,0.1,1.0,0.05,0.1,0.001,0.0001,0.001,0.05,0.5,0.05,rho0p05,new_training,5,4,68,0.07361053070053458,0.07361053070053458,0.07331771217286587,0.0058563943894114345,0.06556250108405948,0.12498661456629634,0.05,0.0,0.0,0.0,0.0,0.0,0.0,16,108|154|53|179|249,64,all_filtered,9,True,D:\Running_Place\PostGraduateProjects\Experiments\PostGraduate\backbones\PertubatedBNStatistics\Baseline-SegSADG\shot5\Seed4
PertubatedBNStatistics,Disperssion+Seg-SADG,Baseline-SegSADG,Baseline-SegSADG,Seg-SADG,Baseline-SegSADG,baseline_segsadg,shallow,0.1,0.1,1.0,0.05,0.1,0.001,0.0001,0.001,0.05,0.5,0.05,rho0p05,new_training,5,4,69,0.07118414482101798,0.07118414482101798,0.07092247297987342,0.005233422838500701,0.06345534743741155,0.1138278222642839,0.05,0.0,0.0,0.0,0.0,0.0,0.0,16,108|154|53|179|249,64,all_filtered,9,True,D:\Running_Place\PostGraduateProjects\Experiments\PostGraduate\backbones\PertubatedBNStatistics\Baseline-SegSADG\shot5\Seed4
PertubatedBNStatistics,Disperssion+Seg-SADG,Baseline-SegSADG,Baseline-SegSADG,Seg-SADG,Baseline-SegSADG,baseline_segsadg,shallow,0.1,0.1,1.0,0.05,0.1,0.001,0.0001,0.001,0.05,0.5,0.05,rho0p05,new_training,5,4,70,0.07310857530683279,0.07310857530683279,0.07280046632513404,0.006162162739201449,0.06384018785320222,0.14194218022748828,0.05,0.0,0.0,0.0,0.0,0.0,0.0,16,108|154|53|179|249,64,all_filtered,9,True,D:\Running_Place\PostGraduateProjects\Experiments\PostGraduate\backbones\PertubatedBNStatistics\Baseline-SegSADG\shot5\Seed4
PertubatedBNStatistics,Disperssion+Seg-SADG,Baseline-SegSADG,Baseline-SegSADG,Seg-SADG,Baseline-SegSADG,baseline_segsadg,shallow,0.1,0.1,1.0,0.05,0.1,0.001,0.0001,0.001,0.05,0.5,0.05,rho0p05,new_training,5,4,71,0.0699773458763957,0.0699773458763957,0.0697128043975681,0.005290824468829669,0.06226173439063132,0.11540659796446562,0.05,0.0,0.0,0.0,0.0,0.0,0.0,16,108|154|53|179|249,64,all_filtered,9,True,D:\Running_Place\PostGraduateProjects\Experiments\PostGraduate\backbones\PertubatedBNStatistics\Baseline-SegSADG\shot5\Seed4
PertubatedBNStatistics,Disperssion+Seg-SADG,Baseline-SegSADG,Baseline-SegSADG,Seg-SADG,Baseline-SegSADG,baseline_segsadg,shallow,0.1,0.1,1.0,0.05,0.1,0.001,0.0001,0.001,0.05,0.5,0.05,rho0p05,new_training,5,4,72,0.06916786660440266,0.06916786660440266,0.06891987379640341,0.004959849989973009,0.060910845175385475,0.12310540676116943,0.05,0.0,0.0,0.0,0.0,0.0,0.0,16,108|154|53|179|249,64,all_filtered,9,True,D:\Running_Place\PostGraduateProjects\Experiments\PostGraduate\backbones\PertubatedBNStatistics\Baseline-SegSADG\shot5\Seed4
PertubatedBNStatistics,Disperssion+Seg-SADG,Baseline-SegSADG,Baseline-SegSADG,Seg-SADG,Baseline-SegSADG,baseline_segsadg,shallow,0.1,0.1,1.0,0.05,0.1,0.001,0.0001,0.001,0.05,0.5,0.05,rho0p05,new_training,5,4,73,0.06924586393870413,0.06924586393870413,0.06897809985093772,0.00535528885666281,0.06065380549989641,0.12789876712486148,0.05,0.0,0.0,0.0,0.0,0.0,0.0,16,108|154|53|179|249,64,all_filtered,9,True,D:\Running_Place\PostGraduateProjects\Experiments\PostGraduate\backbones\PertubatedBNStatistics\Baseline-SegSADG\shot5\Seed4
PertubatedBNStatistics,Disperssion+Seg-SADG,Baseline-SegSADG,Baseline-SegSADG,Seg-SADG,Baseline-SegSADG,baseline_segsadg,shallow,0.1,0.1,1.0,0.05,0.1,0.001,0.0001,0.001,0.05,0.5,0.05,rho0p05,new_training,5,4,74,0.06776331085711718,0.06776331085711718,0.06751285307109356,0.005009160187910311,0.05955946026369929,0.12535682413727045,0.05,0.0,0.0,0.0,0.0,0.0,0.0,16,108|154|53|179|249,64,all_filtered,9,True,D:\Running_Place\PostGraduateProjects\Experiments\PostGraduate\backbones\PertubatedBNStatistics\Baseline-SegSADG\shot5\Seed4
PertubatedBNStatistics,Disperssion+Seg-SADG,Baseline-SegSADG,Baseline-SegSADG,Seg-SADG,Baseline-SegSADG,baseline_segsadg,shallow,0.1,0.1,1.0,0.05,0.1,0.001,0.0001,0.001,0.05,0.5,0.05,rho0p05,new_training,5,4,75,0.06713320594280958,0.06713320594280958,0.06688947649672627,0.004874596954323351,0.058675296837463975,0.12561717350035906,0.05,0.0,0.0,0.0,0.0,0.0,0.0,16,108|154|53|179|249,64,all_filtered,9,True,D:\Running_Place\PostGraduateProjects\Experiments\PostGraduate\backbones\PertubatedBNStatistics\Baseline-SegSADG\shot5\Seed4
PertubatedBNStatistics,Disperssion+Seg-SADG,Baseline-SegSADG,Baseline-SegSADG,Seg-SADG,Baseline-SegSADG,baseline_segsadg,shallow,0.1,0.1,1.0,0.05,0.1,0.001,0.0001,0.001,0.05,0.5,0.05,rho0p05,new_training,5,4,76,0.06825946876779199,0.06825946876779199,0.06800158927217126,0.005157584615517408,0.059646247420459986,0.1320022684521973,0.05,0.0,0.0,0.0,0.0,0.0,0.0,16,108|154|53|179|249,64,all_filtered,9,True,D:\Running_Place\PostGraduateProjects\Experiments\PostGraduate\backbones\PertubatedBNStatistics\Baseline-SegSADG\shot5\Seed4
PertubatedBNStatistics,Disperssion+Seg-SADG,Baseline-SegSADG,Baseline-SegSADG,Seg-SADG,Baseline-SegSADG,baseline_segsadg,shallow,0.1,0.1,1.0,0.05,0.1,0.001,0.0001,0.001,0.05,0.5,0.05,rho0p05,new_training,5,4,77,0.06940744537860155,0.06940744537860155,0.06913151941262186,0.005518528982065618,0.05950711760669947,0.1448781006038189,0.05,0.0,0.0,0.0,0.0,0.0,0.0,16,108|154|53|179|249,64,all_filtered,9,True,D:\Running_Place\PostGraduateProjects\Experiments\PostGraduate\backbones\PertubatedBNStatistics\Baseline-SegSADG\shot5\Seed4
PertubatedBNStatistics,Disperssion+Seg-SADG,Baseline-SegSADG,Baseline-SegSADG,Seg-SADG,Baseline-SegSADG,baseline_segsadg,shallow,0.1,0.1,1.0,0.05,0.1,0.001,0.0001,0.001,0.05,0.5,0.05,rho0p05,new_training,5,4,78,0.06720936298370361,0.06720936298370361,0.06695243157446384,0.005138625332619995,0.05865017254836857,0.12845299998298287,0.05,0.0,0.0,0.0,0.0,0.0,0.0,16,108|154|53|179|249,64,all_filtered,9,True,D:\Running_Place\PostGraduateProjects\Experiments\PostGraduate\backbones\PertubatedBNStatistics\Baseline-SegSADG\shot5\Seed4
PertubatedBNStatistics,Disperssion+Seg-SADG,Baseline-SegSADG,Baseline-SegSADG,Seg-SADG,Baseline-SegSADG,baseline_segsadg,shallow,0.1,0.1,1.0,0.05,0.1,0.001,0.0001,0.001,0.05,0.5,0.05,rho0p05,new_training,5,4,79,0.0651792751159519,0.0651792751159519,0.06493122782558203,0.004960959078744054,0.05710622598417103,0.1200680355541408,0.05,0.0,0.0,0.0,0.0,0.0,0.0,16,108|154|53|179|249,64,all_filtered,9,True,D:\Running_Place\PostGraduateProjects\Experiments\PostGraduate\backbones\PertubatedBNStatistics\Baseline-SegSADG\shot5\Seed4
PertubatedBNStatistics,Disperssion+Seg-SADG,Baseline-SegSADG,Baseline-SegSADG,Seg-SADG,Baseline-SegSADG,baseline_segsadg,shallow,0.1,0.1,1.0,0.05,0.1,0.001,0.0001,0.001,0.05,0.5,0.05,rho0p05,new_training,5,4,80,0.06709402753040195,0.06709402753040195,0.06684136623516679,0.005053218774264678,0.05762674380093813,0.1426131222397089,0.05,0.0,0.0,0.0,0.0,0.0,0.0,16,108|154|53|179|249,64,all_filtered,9,True,D:\Running_Place\PostGraduateProjects\Experiments\PostGraduate\backbones\PertubatedBNStatistics\Baseline-SegSADG\shot5\Seed4
PertubatedBNStatistics,Disperssion+Seg-SADG,Baseline-SegSADG,Baseline-SegSADG,Seg-SADG,Baseline-SegSADG,baseline_segsadg,shallow,0.1,0.1,1.0,0.05,0.1,0.001,0.0001,0.001,0.05,0.5,0.05,rho0p05,new_training,5,4,81,0.06702233059331775,0.06702233059331775,0.06675112433731556,0.0054241221223492175,0.05763175478205085,0.14402018813416362,0.05,0.0,0.0,0.0,0.0,0.0,0.0,16,108|154|53|179|249,64,all_filtered,9,True,D:\Running_Place\PostGraduateProjects\Experiments\PostGraduate\backbones\PertubatedBNStatistics\Baseline-SegSADG\shot5\Seed4
PertubatedBNStatistics,Disperssion+Seg-SADG,Baseline-SegSADG,Baseline-SegSADG,Seg-SADG,Baseline-SegSADG,baseline_segsadg,shallow,0.1,0.1,1.0,0.05,0.1,0.001,0.0001,0.001,0.05,0.5,0.05,rho0p05,new_training,5,4,82,0.06471233838237822,0.06471233838237822,0.06446064356714487,0.005033897046814673,0.05623209592886269,0.1253446051850915,0.05,0.0,0.0,0.0,0.0,0.0,0.0,16,108|154|53|179|249,64,all_filtered,9,True,D:\Running_Place\PostGraduateProjects\Experiments\PostGraduate\backbones\PertubatedBNStatistics\Baseline-SegSADG\shot5\Seed4
PertubatedBNStatistics,Disperssion+Seg-SADG,Baseline-SegSADG,Baseline-SegSADG,Seg-SADG,Baseline-SegSADG,baseline_segsadg,shallow,0.1,0.1,1.0,0.05,0.1,0.001,0.0001,0.001,0.05,0.5,0.05,rho0p05,new_training,5,4,83,0.06548048625700176,0.06548048625700176,0.06522338674403727,0.005141978384926915,0.05599745595827699,0.13911195192486048,0.05,0.0,0.0,0.0,0.0,0.0,0.0,16,108|154|53|179|249,64,all_filtered,9,True,D:\Running_Place\PostGraduateProjects\Experiments\PostGraduate\backbones\PertubatedBNStatistics\Baseline-SegSADG\shot5\Seed4
PertubatedBNStatistics,Disperssion+Seg-SADG,Baseline-SegSADG,Baseline-SegSADG,Seg-SADG,Baseline-SegSADG,baseline_segsadg,shallow,0.1,0.1,1.0,0.05,0.1,0.001,0.0001,0.001,0.05,0.5,0.05,rho0p05,new_training,5,4,84,0.06368480157107115,0.06368480157107115,0.06344590079970658,0.0047780120657989755,0.05530251539312303,0.12427357723936439,0.05,0.0,0.0,0.0,0.0,0.0,0.0,16,108|154|53|179|249,64,all_filtered,9,True,D:\Running_Place\PostGraduateProjects\Experiments\PostGraduate\backbones\PertubatedBNStatistics\Baseline-SegSADG\shot5\Seed4
PertubatedBNStatistics,Disperssion+Seg-SADG,Baseline-SegSADG,Baseline-SegSADG,Seg-SADG,Baseline-SegSADG,baseline_segsadg,shallow,0.1,0.1,1.0,0.05,0.1,0.001,0.0001,0.001,0.05,0.5,0.05,rho0p05,new_training,5,4,85,0.06291633052751422,0.06291633052751422,0.06267411937005818,0.004844221286475658,0.05432597501203418,0.12733702175319195,0.05,0.0,0.0,0.0,0.0,0.0,0.0,16,108|154|53|179|249,64,all_filtered,9,True,D:\Running_Place\PostGraduateProjects\Experiments\PostGraduate\backbones\PertubatedBNStatistics\Baseline-SegSADG\shot5\Seed4
PertubatedBNStatistics,Disperssion+Seg-SADG,Baseline-SegSADG,Baseline-SegSADG,Seg-SADG,Baseline-SegSADG,baseline_segsadg,shallow,0.1,0.1,1.0,0.05,0.1,0.001,0.0001,0.001,0.05,0.5,0.05,rho0p05,new_training,5,4,86,0.062356177251785994,0.062356177251785994,0.06214121961966157,0.004299155363696627,0.05373158445581794,0.12778191827237606,0.05,0.0,0.0,0.0,0.0,0.0,0.0,16,108|154|53|179|249,64,all_filtered,9,True,D:\Running_Place\PostGraduateProjects\Experiments\PostGraduate\backbones\PertubatedBNStatistics\Baseline-SegSADG\shot5\Seed4
PertubatedBNStatistics,Disperssion+Seg-SADG,Baseline-SegSADG,Baseline-SegSADG,Seg-SADG,Baseline-SegSADG,baseline_segsadg,shallow,0.1,0.1,1.0,0.05,0.1,0.001,0.0001,0.001,0.05,0.5,0.05,rho0p05,new_training,5,4,87,0.06846537231467664,0.06846537231467664,0.06816741218790412,0.005959203015663661,0.057309612864628434,0.1607290473766625,0.05,0.0,0.0,0.0,0.0,0.0,0.0,16,108|154|53|179|249,64,all_filtered,9,True,D:\Running_Place\PostGraduateProjects\Experiments\PostGraduate\backbones\PertubatedBNStatistics\Baseline-SegSADG\shot5\Seed4
PertubatedBNStatistics,Disperssion+Seg-SADG,Baseline-SegSADG,Baseline-SegSADG,Seg-SADG,Baseline-SegSADG,baseline_segsadg,shallow,0.1,0.1,1.0,0.05,0.1,0.001,0.0001,0.001,0.05,0.5,0.05,rho0p05,new_training,5,4,88,0.08087297156453133,0.08087297156453133,0.08052240405231714,0.007011356268776581,0.0665724326390773,0.21573752257972956,0.05,0.0,0.0,0.0,0.0,0.0,0.0,16,108|154|53|179|249,64,all_filtered,9,True,D:\Running_Place\PostGraduateProjects\Experiments\PostGraduate\backbones\PertubatedBNStatistics\Baseline-SegSADG\shot5\Seed4
PertubatedBNStatistics,Disperssion+Seg-SADG,Baseline-SegSADG,Baseline-SegSADG,Seg-SADG,Baseline-SegSADG,baseline_segsadg,shallow,0.1,0.1,1.0,0.05,0.1,0.001,0.0001,0.001,0.05,0.5,0.05,rho0p05,new_training,5,4,89,0.07432392099872231,0.07432392099872231,0.07396219531074166,0.007234512857394293,0.0642023952677846,0.16191732930019498,0.05,0.0,0.0,0.0,0.0,0.0,0.0,16,108|154|53|179|249,64,all_filtered,9,True,D:\Running_Place\PostGraduateProjects\Experiments\PostGraduate\backbones\PertubatedBNStatistics\Baseline-SegSADG\shot5\Seed4
PertubatedBNStatistics,Disperssion+Seg-SADG,Baseline-SegSADG,Baseline-SegSADG,Seg-SADG,Baseline-SegSADG,baseline_segsadg,shallow,0.1,0.1,1.0,0.05,0.1,0.001,0.0001,0.001,0.05,0.5,0.05,rho0p05,new_training,5,4,90,0.06929602171294391,0.06929602171294391,0.06897873990237713,0.006345626345137134,0.05928527424111962,0.15312751196324825,0.05,0.0,0.0,0.0,0.0,0.0,0.0,16,108|154|53|179|249,64,all_filtered,9,True,D:\Running_Place\PostGraduateProjects\Experiments\PostGraduate\backbones\PertubatedBNStatistics\Baseline-SegSADG\shot5\Seed4
PertubatedBNStatistics,Disperssion+Seg-SADG,Baseline-SegSADG,Baseline-SegSADG,Seg-SADG,Baseline-SegSADG,baseline_segsadg,shallow,0.1,0.1,1.0,0.05,0.1,0.001,0.0001,0.001,0.05,0.5,0.05,rho0p05,new_training,5,4,91,0.06717661046423018,0.06717661046423018,0.06687582074664533,0.006015790480887517,0.05754927033558488,0.14441373804584146,0.05,0.0,0.0,0.0,0.0,0.0,0.0,16,108|154|53|179|249,64,all_filtered,9,True,D:\Running_Place\PostGraduateProjects\Experiments\PostGraduate\backbones\PertubatedBNStatistics\Baseline-SegSADG\shot5\Seed4
PertubatedBNStatistics,Disperssion+Seg-SADG,Baseline-SegSADG,Baseline-SegSADG,Seg-SADG,Baseline-SegSADG,baseline_segsadg,shallow,0.1,0.1,1.0,0.05,0.1,0.001,0.0001,0.001,0.05,0.5,0.05,rho0p05,new_training,5,4,92,0.06603608489967883,0.06603608489967883,0.06575507065281272,0.005620277137495577,0.05702324793674052,0.13805417530238628,0.05,0.0,0.0,0.0,0.0,0.0,0.0,16,108|154|53|179|249,64,all_filtered,9,True,D:\Running_Place\PostGraduateProjects\Experiments\PostGraduate\backbones\PertubatedBNStatistics\Baseline-SegSADG\shot5\Seed4
PertubatedBNStatistics,Disperssion+Seg-SADG,Baseline-SegSADG,Baseline-SegSADG,Seg-SADG,Baseline-SegSADG,baseline_segsadg,shallow,0.1,0.1,1.0,0.05,0.1,0.001,0.0001,0.001,0.05,0.5,0.05,rho0p05,new_training,5,4,93,0.06190158030949533,0.06190158030949533,0.06165912630967796,0.004849089862545952,0.05390640418045223,0.11913416534662247,0.05,0.0,0.0,0.0,0.0,0.0,0.0,16,108|154|53|179|249,64,all_filtered,9,True,D:\Running_Place\PostGraduateProjects\Experiments\PostGraduate\backbones\PertubatedBNStatistics\Baseline-SegSADG\shot5\Seed4
PertubatedBNStatistics,Disperssion+Seg-SADG,Baseline-SegSADG,Baseline-SegSADG,Seg-SADG,Baseline-SegSADG,baseline_segsadg,shallow,0.1,0.1,1.0,0.05,0.1,0.001,0.0001,0.001,0.05,0.5,0.05,rho0p05,new_training,5,4,94,0.059299953281879425,0.059299953281879425,0.05908681731671095,0.004262707778252661,0.052214892115443945,0.10886282613500953,0.05,0.0,0.0,0.0,0.0,0.0,0.0,16,108|154|53|179|249,64,all_filtered,9,True,D:\Running_Place\PostGraduateProjects\Experiments\PostGraduate\backbones\PertubatedBNStatistics\Baseline-SegSADG\shot5\Seed4
PertubatedBNStatistics,Disperssion+Seg-SADG,Baseline-SegSADG,Baseline-SegSADG,Seg-SADG,Baseline-SegSADG,baseline_segsadg,shallow,0.1,0.1,1.0,0.05,0.1,0.001,0.0001,0.001,0.05,0.5,0.05,rho0p05,new_training,5,4,95,0.05935820750892162,0.05935820750892162,0.05915008834563196,0.0041623853030614555,0.05121991387568414,0.12044287892058492,0.05,0.0,0.0,0.0,0.0,0.0,0.0,16,108|154|53|179|249,64,all_filtered,9,True,D:\Running_Place\PostGraduateProjects\Experiments\PostGraduate\backbones\PertubatedBNStatistics\Baseline-SegSADG\shot5\Seed4
PertubatedBNStatistics,Disperssion+Seg-SADG,Baseline-SegSADG,Baseline-SegSADG,Seg-SADG,Baseline-SegSADG,baseline_segsadg,shallow,0.1,0.1,1.0,0.05,0.1,0.001,0.0001,0.001,0.05,0.5,0.05,rho0p05,new_training,5,4,96,0.05755207524634898,0.05755207524634898,0.05733871855773032,0.0042671323753893375,0.05014396086335182,0.11182905361056328,0.05,0.0,0.0,0.0,0.0,0.0,0.0,16,108|154|53|179|249,64,all_filtered,9,True,D:\Running_Place\PostGraduateProjects\Experiments\PostGraduate\backbones\PertubatedBNStatistics\Baseline-SegSADG\shot5\Seed4
PertubatedBNStatistics,Disperssion+Seg-SADG,Baseline-SegSADG,Baseline-SegSADG,Seg-SADG,Baseline-SegSADG,baseline_segsadg,shallow,0.1,0.1,1.0,0.05,0.1,0.001,0.0001,0.001,0.05,0.5,0.05,rho0p05,new_training,5,4,97,0.05765350116416812,0.05765350116416812,0.057452833047136664,0.004013353187474422,0.049976664362475276,0.11405342910438776,0.05,0.0,0.0,0.0,0.0,0.0,0.0,16,108|154|53|179|249,64,all_filtered,9,True,D:\Running_Place\PostGraduateProjects\Experiments\PostGraduate\backbones\PertubatedBNStatistics\Baseline-SegSADG\shot5\Seed4
PertubatedBNStatistics,Disperssion+Seg-SADG,Baseline-SegSADG,Baseline-SegSADG,Seg-SADG,Baseline-SegSADG,baseline_segsadg,shallow,0.1,0.1,1.0,0.05,0.1,0.001,0.0001,0.001,0.05,0.5,0.05,rho0p05,new_training,5,4,98,0.05638663307763636,0.05638663307763636,0.05618932843208313,0.0039460840343963355,0.04906334006227553,0.11022659437730908,0.05,0.0,0.0,0.0,0.0,0.0,0.0,16,108|154|53|179|249,64,all_filtered,9,True,D:\Running_Place\PostGraduateProjects\Experiments\PostGraduate\backbones\PertubatedBNStatistics\Baseline-SegSADG\shot5\Seed4
PertubatedBNStatistics,Disperssion+Seg-SADG,Baseline-SegSADG,Baseline-SegSADG,Seg-SADG,Baseline-SegSADG,baseline_segsadg,shallow,0.1,0.1,1.0,0.05,0.1,0.001,0.0001,0.001,0.05,0.5,0.05,rho0p05,new_training,5,4,99,0.056822901824489236,0.056822901824489236,0.05662593268789351,0.003939390226150863,0.04882926819846034,0.11743594985455275,0.05,0.0,0.0,0.0,0.0,0.0,0.0,16,108|154|53|179|249,64,all_filtered,9,True,D:\Running_Place\PostGraduateProjects\Experiments\PostGraduate\backbones\PertubatedBNStatistics\Baseline-SegSADG\shot5\Seed4
PertubatedBNStatistics,Disperssion+Seg-SADG,Baseline-SegSADG,Baseline-SegSADG,Seg-SADG,Baseline-SegSADG,baseline_segsadg,shallow,0.1,0.1,1.0,0.05,0.1,0.001,0.0001,0.001,0.05,0.5,0.05,rho0p05,new_training,5,4,100,0.055241899797692895,0.055241899797692895,0.0550364030059427,0.004109938352485187,0.04774618591181934,0.11080528376623988,0.05,0.0,0.0,0.0,0.0,0.0,0.0,16,108|154|53|179|249,64,all_filtered,9,True,D:\Running_Place\PostGraduateProjects\Experiments\PostGraduate\backbones\PertubatedBNStatistics\Baseline-SegSADG\shot5\Seed4
PertubatedBNStatistics,Disperssion+Seg-SADG,Baseline-SegSADG,Baseline-SegSADG,Seg-SADG,Baseline-SegSADG,baseline_segsadg,shallow,0.1,0.1,1.0,0.05,0.1,0.001,0.0001,0.001,0.05,0.5,0.05,rho0p05,new_training,5,4,101,0.05450416193343699,0.05450416193343699,0.05430549569427967,0.003973335478804074,0.047176851658150554,0.10750437621027231,0.05,0.0,0.0,0.0,0.0,0.0,0.0,16,108|154|53|179|249,64,all_filtered,9,True,D:\Running_Place\PostGraduateProjects\Experiments\PostGraduate\backbones\PertubatedBNStatistics\Baseline-SegSADG\shot5\Seed4
PertubatedBNStatistics,Disperssion+Seg-SADG,Baseline-SegSADG,Baseline-SegSADG,Seg-SADG,Baseline-SegSADG,baseline_segsadg,shallow,0.1,0.1,1.0,0.05,0.1,0.001,0.0001,0.001,0.05,0.5,0.05,rho0p05,new_training,5,4,102,0.05413682386279106,0.05413682386279106,0.05394785990938544,0.003779275153647177,0.04642141726799309,0.11416571028530598,0.05,0.0,0.0,0.0,0.0,0.0,0.0,16,108|154|53|179|249,64,all_filtered,9,True,D:\Running_Place\PostGraduateProjects\Experiments\PostGraduate\backbones\PertubatedBNStatistics\Baseline-SegSADG\shot5\Seed4
PertubatedBNStatistics,Disperssion+Seg-SADG,Baseline-SegSADG,Baseline-SegSADG,Seg-SADG,Baseline-SegSADG,baseline_segsadg,shallow,0.1,0.1,1.0,0.05,0.1,0.001,0.0001,0.001,0.05,0.5,0.05,rho0p05,new_training,5,4,103,0.05307742906734347,0.05307742906734347,0.05288815079256892,0.003785564942518249,0.046010467922315,0.10645595379173756,0.05,0.0,0.0,0.0,0.0,0.0,0.0,16,108|154|53|179|249,64,all_filtered,9,True,D:\Running_Place\PostGraduateProjects\Experiments\PostGraduate\backbones\PertubatedBNStatistics\Baseline-SegSADG\shot5\Seed4
PertubatedBNStatistics,Disperssion+Seg-SADG,Baseline-SegSADG,Baseline-SegSADG,Seg-SADG,Baseline-SegSADG,baseline_segsadg,shallow,0.1,0.1,1.0,0.05,0.1,0.001,0.0001,0.001,0.05,0.5,0.05,rho0p05,new_training,5,4,104,0.05196882947348058,0.05196882947348058,0.05178484646603465,0.003679657951579429,0.04506744956597686,0.1033353260718286,0.05,0.0,0.0,0.0,0.0,0.0,0.0,16,108|154|53|179|249,64,all_filtered,9,True,D:\Running_Place\PostGraduateProjects\Experiments\PostGraduate\backbones\PertubatedBNStatistics\Baseline-SegSADG\shot5\Seed4
PertubatedBNStatistics,Disperssion+Seg-SADG,Baseline-SegSADG,Baseline-SegSADG,Seg-SADG,Baseline-SegSADG,baseline_segsadg,shallow,0.1,0.1,1.0,0.05,0.1,0.001,0.0001,0.001,0.05,0.5,0.05,rho0p05,new_training,5,4,105,0.05317070335149765,0.05317070335149765,0.052984634414315224,0.0037213876348687336,0.045302308863028884,0.11421340703964233,0.05,0.0,0.0,0.0,0.0,0.0,0.0,16,108|154|53|179|249,64,all_filtered,9,True,D:\Running_Place\PostGraduateProjects\Experiments\PostGraduate\backbones\PertubatedBNStatistics\Baseline-SegSADG\shot5\Seed4
PertubatedBNStatistics,Disperssion+Seg-SADG,Baseline-SegSADG,Baseline-SegSADG,Seg-SADG,Baseline-SegSADG,baseline_segsadg,shallow,0.1,0.1,1.0,0.05,0.1,0.001,0.0001,0.001,0.05,0.5,0.05,rho0p05,new_training,5,4,106,0.05210803099907935,0.05210803099907935,0.05192913371138275,0.003577953393687494,0.044897989835590124,0.10929709346964955,0.05,0.0,0.0,0.0,0.0,0.0,0.0,16,108|154|53|179|249,64,all_filtered,9,True,D:\Running_Place\PostGraduateProjects\Experiments\PostGraduate\backbones\PertubatedBNStatistics\Baseline-SegSADG\shot5\Seed4
PertubatedBNStatistics,Disperssion+Seg-SADG,Baseline-SegSADG,Baseline-SegSADG,Seg-SADG,Baseline-SegSADG,baseline_segsadg,shallow,0.1,0.1,1.0,0.05,0.1,0.001,0.0001,0.001,0.05,0.5,0.05,rho0p05,new_training,5,4,107,0.05242055747658014,0.05242055747658014,0.05223103053867817,0.003790543691138737,0.04484634636901319,0.11204547388479114,0.05,0.0,0.0,0.0,0.0,0.0,0.0,16,108|154|53|179|249,64,all_filtered,9,True,D:\Running_Place\PostGraduateProjects\Experiments\PostGraduate\backbones\PertubatedBNStatistics\Baseline-SegSADG\shot5\Seed4
PertubatedBNStatistics,Disperssion+Seg-SADG,Baseline-SegSADG,Baseline-SegSADG,Seg-SADG,Baseline-SegSADG,baseline_segsadg,shallow,0.1,0.1,1.0,0.05,0.1,0.001,0.0001,0.001,0.05,0.5,0.05,rho0p05,new_training,5,4,108,0.05019481061026454,0.05019481061026454,0.050026133889332414,0.0033735403849277645,0.04348464263603091,0.10091818822547793,0.05,0.0,0.0,0.0,0.0,0.0,0.0,16,108|154|53|179|249,64,all_filtered,9,True,D:\Running_Place\PostGraduateProjects\Experiments\PostGraduate\backbones\PertubatedBNStatistics\Baseline-SegSADG\shot5\Seed4
PertubatedBNStatistics,Disperssion+Seg-SADG,Baseline-SegSADG,Baseline-SegSADG,Seg-SADG,Baseline-SegSADG,baseline_segsadg,shallow,0.1,0.1,1.0,0.05,0.1,0.001,0.0001,0.001,0.05,0.5,0.05,rho0p05,new_training,5,4,109,0.04903049417771399,0.04903049417771399,0.0488590314052999,0.0034292570053366944,0.04272792907431722,0.09288630913943052,0.05,0.0,0.0,0.0,0.0,0.0,0.0,16,108|154|53|179|249,64,all_filtered,9,True,D:\Running_Place\PostGraduateProjects\Experiments\PostGraduate\backbones\PertubatedBNStatistics\Baseline-SegSADG\shot5\Seed4
PertubatedBNStatistics,Disperssion+Seg-SADG,Baseline-SegSADG,Baseline-SegSADG,Seg-SADG,Baseline-SegSADG,baseline_segsadg,shallow,0.1,0.1,1.0,0.05,0.1,0.001,0.0001,0.001,0.05,0.5,0.05,rho0p05,new_training,5,4,110,0.04916233406402171,0.04916233406402171,0.049008398316800594,0.003078717287280597,0.04237217456102371,0.1018163519911468,0.05,0.0,0.0,0.0,0.0,0.0,0.0,16,108|154|53|179|249,64,all_filtered,9,True,D:\Running_Place\PostGraduateProjects\Experiments\PostGraduate\backbones\PertubatedBNStatistics\Baseline-SegSADG\shot5\Seed4
PertubatedBNStatistics,Disperssion+Seg-SADG,Baseline-SegSADG,Baseline-SegSADG,Seg-SADG,Baseline-SegSADG,baseline_segsadg,shallow,0.1,0.1,1.0,0.05,0.1,0.001,0.0001,0.001,0.05,0.5,0.05,rho0p05,new_training,5,4,111,0.04945631371811032,0.04945631371811032,0.04928179015405476,0.0034904693311546,0.04249493661336601,0.1037795995362103,0.05,0.0,0.0,0.0,0.0,0.0,0.0,16,108|154|53|179|249,64,all_filtered,9,True,D:\Running_Place\PostGraduateProjects\Experiments\PostGraduate\backbones\PertubatedBNStatistics\Baseline-SegSADG\shot5\Seed4
PertubatedBNStatistics,Disperssion+Seg-SADG,Baseline-SegSADG,Baseline-SegSADG,Seg-SADG,Baseline-SegSADG,baseline_segsadg,shallow,0.1,0.1,1.0,0.05,0.1,0.001,0.0001,0.001,0.05,0.5,0.05,rho0p05,new_training,5,4,112,0.04905771207995713,0.04905771207995713,0.04887993121519685,0.003555614806828089,0.04222445911727846,0.10241998406127095,0.05,0.0,0.0,0.0,0.0,0.0,0.0,16,108|154|53|179|249,64,all_filtered,9,True,D:\Running_Place\PostGraduateProjects\Experiments\PostGraduate\backbones\PertubatedBNStatistics\Baseline-SegSADG\shot5\Seed4
PertubatedBNStatistics,Disperssion+Seg-SADG,Baseline-SegSADG,Baseline-SegSADG,Seg-SADG,Baseline-SegSADG,baseline_segsadg,shallow,0.1,0.1,1.0,0.05,0.1,0.001,0.0001,0.001,0.05,0.5,0.05,rho0p05,new_training,5,4,113,0.047841079300269485,0.047841079300269485,0.04768224246799946,0.0031767417094670236,0.041162011912092566,0.09963219473138452,0.05,0.0,0.0,0.0,0.0,0.0,0.0,16,108|154|53|179|249,64,all_filtered,9,True,D:\Running_Place\PostGraduateProjects\Experiments\PostGraduate\backbones\PertubatedBNStatistics\Baseline-SegSADG\shot5\Seed4
PertubatedBNStatistics,Disperssion+Seg-SADG,Baseline-SegSADG,Baseline-SegSADG,Seg-SADG,Baseline-SegSADG,baseline_segsadg,shallow,0.1,0.1,1.0,0.05,0.1,0.001,0.0001,0.001,0.05,0.5,0.05,rho0p05,new_training,5,4,114,0.04953058669343591,0.04953058669343591,0.049353944370523095,0.0035328377125551924,0.04162291041575372,0.11738627543672919,0.05,0.0,0.0,0.0,0.0,0.0,0.0,16,108|154|53|179|249,64,all_filtered,9,True,D:\Running_Place\PostGraduateProjects\Experiments\PostGraduate\backbones\PertubatedBNStatistics\Baseline-SegSADG\shot5\Seed4
PertubatedBNStatistics,Disperssion+Seg-SADG,Baseline-SegSADG,Baseline-SegSADG,Seg-SADG,Baseline-SegSADG,baseline_segsadg,shallow,0.1,0.1,1.0,0.05,0.1,0.001,0.0001,0.001,0.05,0.5,0.05,rho0p05,new_training,5,4,115,0.05054549127817154,0.05054549127817154,0.05037903971970081,0.003329029663291294,0.04261204460635781,0.12028963910415769,0.05,0.0,0.0,0.0,0.0,0.0,0.0,16,108|154|53|179|249,64,all_filtered,9,True,D:\Running_Place\PostGraduateProjects\Experiments\PostGraduate\backbones\PertubatedBNStatistics\Baseline-SegSADG\shot5\Seed4
PertubatedBNStatistics,Disperssion+Seg-SADG,Baseline-SegSADG,Baseline-SegSADG,Seg-SADG,Baseline-SegSADG,baseline_segsadg,shallow,0.1,0.1,1.0,0.05,0.1,0.001,0.0001,0.001,0.05,0.5,0.05,rho0p05,new_training,5,4,116,0.049256488448008895,0.049256488448008895,0.04907079949043691,0.003713780621183105,0.04190979083068669,0.11172993388026953,0.05,0.0,0.0,0.0,0.0,0.0,0.0,16,108|154|53|179|249,64,all_filtered,9,True,D:\Running_Place\PostGraduateProjects\Experiments\PostGraduate\backbones\PertubatedBNStatistics\Baseline-SegSADG\shot5\Seed4
PertubatedBNStatistics,Disperssion+Seg-SADG,Baseline-SegSADG,Baseline-SegSADG,Seg-SADG,Baseline-SegSADG,baseline_segsadg,shallow,0.1,0.1,1.0,0.05,0.1,0.001,0.0001,0.001,0.05,0.5,0.05,rho0p05,new_training,5,4,117,0.04852207633666694,0.04852207633666694,0.048352736281231046,0.0033868010650621727,0.041008426109328866,0.1125901723280549,0.05,0.0,0.0,0.0,0.0,0.0,0.0,16,108|154|53|179|249,64,all_filtered,9,True,D:\Running_Place\PostGraduateProjects\Experiments\PostGraduate\backbones\PertubatedBNStatistics\Baseline-SegSADG\shot5\Seed4
PertubatedBNStatistics,Disperssion+Seg-SADG,Baseline-SegSADG,Baseline-SegSADG,Seg-SADG,Baseline-SegSADG,baseline_segsadg,shallow,0.1,0.1,1.0,0.05,0.1,0.001,0.0001,0.001,0.05,0.5,0.05,rho0p05,new_training,5,4,118,0.047354326117783785,0.047354326117783785,0.047183361602947116,0.003419286906137131,0.040622750762850046,0.10009159985929728,0.05,0.0,0.0,0.0,0.0,0.0,0.0,16,108|154|53|179|249,64,all_filtered,9,True,D:\Running_Place\PostGraduateProjects\Experiments\PostGraduate\backbones\PertubatedBNStatistics\Baseline-SegSADG\shot5\Seed4
PertubatedBNStatistics,Disperssion+Seg-SADG,Baseline-SegSADG,Baseline-SegSADG,Seg-SADG,Baseline-SegSADG,baseline_segsadg,shallow,0.1,0.1,1.0,0.05,0.1,0.001,0.0001,0.001,0.05,0.5,0.05,rho0p05,new_training,5,4,119,0.0465092365629971,0.0465092365629971,0.04634347837418318,0.00331516659935005,0.039697458734735847,0.1016482524573803,0.05,0.0,0.0,0.0,0.0,0.0,0.0,16,108|154|53|179|249,64,all_filtered,9,True,D:\Running_Place\PostGraduateProjects\Experiments\PostGraduate\backbones\PertubatedBNStatistics\Baseline-SegSADG\shot5\Seed4
PertubatedBNStatistics,Disperssion+Seg-SADG,Baseline-SegSADG,Baseline-SegSADG,Seg-SADG,Baseline-SegSADG,baseline_segsadg,shallow,0.1,0.1,1.0,0.05,0.1,0.001,0.0001,0.001,0.05,0.5,0.05,rho0p05,new_training,5,4,120,0.04570799437351525,0.04570799437351525,0.045561473816633224,0.0029304123745532706,0.03877077251672745,0.10218326887115836,0.05,0.0,0.0,0.0,0.0,0.0,0.0,16,108|154|53|179|249,64,all_filtered,9,True,D:\Running_Place\PostGraduateProjects\Experiments\PostGraduate\backbones\PertubatedBNStatistics\Baseline-SegSADG\shot5\Seed4
PertubatedBNStatistics,Disperssion+Seg-SADG,Baseline-SegSADG,Baseline-SegSADG,Seg-SADG,Baseline-SegSADG,baseline_segsadg,shallow,0.1,0.1,1.0,0.05,0.1,0.001,0.0001,0.001,0.05,0.5,0.05,rho0p05,new_training,5,4,121,0.046389155788347125,0.046389155788347125,0.0462302768137306,0.0031775822790223174,0.03915593679994345,0.10738759487867355,0.05,0.0,0.0,0.0,0.0,0.0,0.0,16,108|154|53|179|249,64,all_filtered,9,True,D:\Running_Place\PostGraduateProjects\Experiments\PostGraduate\backbones\PertubatedBNStatistics\Baseline-SegSADG\shot5\Seed4
PertubatedBNStatistics,Disperssion+Seg-SADG,Baseline-SegSADG,Baseline-SegSADG,Seg-SADG,Baseline-SegSADG,baseline_segsadg,shallow,0.1,0.1,1.0,0.05,0.1,0.001,0.0001,0.001,0.05,0.5,0.05,rho0p05,new_training,5,4,122,0.045392781496047974,0.045392781496047974,0.04524231189861894,0.0030093972745817155,0.03826386434957385,0.10615632403641939,0.05,0.0,0.0,0.0,0.0,0.0,0.0,16,108|154|53|179|249,64,all_filtered,9,True,D:\Running_Place\PostGraduateProjects\Experiments\PostGraduate\backbones\PertubatedBNStatistics\Baseline-SegSADG\shot5\Seed4
PertubatedBNStatistics,Disperssion+Seg-SADG,Baseline-SegSADG,Baseline-SegSADG,Seg-SADG,Baseline-SegSADG,baseline_segsadg,shallow,0.1,0.1,1.0,0.05,0.1,0.001,0.0001,0.001,0.05,0.5,0.05,rho0p05,new_training,5,4,123,0.0456149170640856,0.0456149170640856,0.04544978425838053,0.0033026641031028703,0.03826431045308709,0.108983906917274,0.05,0.0,0.0,0.0,0.0,0.0,0.0,16,108|154|53|179|249,64,all_filtered,9,True,D:\Running_Place\PostGraduateProjects\Experiments\PostGraduate\backbones\PertubatedBNStatistics\Baseline-SegSADG\shot5\Seed4
PertubatedBNStatistics,Disperssion+Seg-SADG,Baseline-SegSADG,Baseline-SegSADG,Seg-SADG,Baseline-SegSADG,baseline_segsadg,shallow,0.1,0.1,1.0,0.05,0.1,0.001,0.0001,0.001,0.05,0.5,0.05,rho0p05,new_training,5,4,124,0.04460541857406497,0.04460541857406497,0.04444544040597975,0.003199556937033776,0.037825554609298706,0.10036405688151717,0.05,0.0,0.0,0.0,0.0,0.0,0.0,16,108|154|53|179|249,64,all_filtered,9,True,D:\Running_Place\PostGraduateProjects\Experiments\PostGraduate\backbones\PertubatedBNStatistics\Baseline-SegSADG\shot5\Seed4
PertubatedBNStatistics,Disperssion+Seg-SADG,Baseline-SegSADG,Baseline-SegSADG,Seg-SADG,Baseline-SegSADG,baseline_segsadg,shallow,0.1,0.1,1.0,0.05,0.1,0.001,0.0001,0.001,0.05,0.5,0.05,rho0p05,new_training,5,4,125,0.04481862438842654,0.04481862438842654,0.04465994075872004,0.0031736770179122686,0.03784070163965225,0.10425645112991333,0.05,0.0,0.0,0.0,0.0,0.0,0.0,16,108|154|53|179|249,64,all_filtered,9,True,D:\Running_Place\PostGraduateProjects\Experiments\PostGraduate\backbones\PertubatedBNStatistics\Baseline-SegSADG\shot5\Seed4
PertubatedBNStatistics,Disperssion+Seg-SADG,Baseline-SegSADG,Baseline-SegSADG,Seg-SADG,Baseline-SegSADG,baseline_segsadg,shallow,0.1,0.1,1.0,0.05,0.1,0.001,0.0001,0.001,0.05,0.5,0.05,rho0p05,new_training,5,4,126,0.04626719304360449,0.04626719304360449,0.0461083825211972,0.003176205631461926,0.03816814022138715,0.12070404086261988,0.05,0.0,0.0,0.0,0.0,0.0,0.0,16,108|154|53|179|249,64,all_filtered,9,True,D:\Running_Place\PostGraduateProjects\Experiments\PostGraduate\backbones\PertubatedBNStatistics\Baseline-SegSADG\shot5\Seed4
PertubatedBNStatistics,Disperssion+Seg-SADG,Baseline-SegSADG,Baseline-SegSADG,Seg-SADG,Baseline-SegSADG,baseline_segsadg,shallow,0.1,0.1,1.0,0.05,0.1,0.001,0.0001,0.001,0.05,0.5,0.05,rho0p05,new_training,5,4,127,0.046211559092625976,0.046211559092625976,0.046061114175245166,0.00300889909703983,0.0381023520603776,0.12100555934011936,0.05,0.0,0.0,0.0,0.0,0.0,0.0,16,108|154|53|179|249,64,all_filtered,9,True,D:\Running_Place\PostGraduateProjects\Experiments\PostGraduate\backbones\PertubatedBNStatistics\Baseline-SegSADG\shot5\Seed4
PertubatedBNStatistics,Disperssion+Seg-SADG,Baseline-SegSADG,Baseline-SegSADG,Seg-SADG,Baseline-SegSADG,baseline_segsadg,shallow,0.1,0.1,1.0,0.05,0.1,0.001,0.0001,0.001,0.05,0.5,0.05,rho0p05,new_training,5,4,128,0.04846545238979161,0.04846545238979161,0.048291461542248726,0.0034798207925632596,0.03959921281784773,0.13419322716072202,0.05,0.0,0.0,0.0,0.0,0.0,0.0,16,108|154|53|179|249,64,all_filtered,9,True,D:\Running_Place\PostGraduateProjects\Experiments\PostGraduate\backbones\PertubatedBNStatistics\Baseline-SegSADG\shot5\Seed4
PertubatedBNStatistics,Disperssion+Seg-SADG,Baseline-SegSADG,Baseline-SegSADG,Seg-SADG,Baseline-SegSADG,baseline_segsadg,shallow,0.1,0.1,1.0,0.05,0.1,0.001,0.0001,0.001,0.05,0.5,0.05,rho0p05,new_training,5,4,129,0.045088728656992316,0.045088728656992316,0.04493799386546016,0.003014691115822643,0.037884481716901064,0.11369477584958076,0.05,0.0,0.0,0.0,0.0,0.0,0.0,16,108|154|53|179|249,64,all_filtered,9,True,D:\Running_Place\PostGraduateProjects\Experiments\PostGraduate\backbones\PertubatedBNStatistics\Baseline-SegSADG\shot5\Seed4
PertubatedBNStatistics,Disperssion+Seg-SADG,Baseline-SegSADG,Baseline-SegSADG,Seg-SADG,Baseline-SegSADG,baseline_segsadg,shallow,0.1,0.1,1.0,0.05,0.1,0.001,0.0001,0.001,0.05,0.5,0.05,rho0p05,new_training,5,4,130,0.04393241764046252,0.04393241764046252,0.04378543538041413,0.002939637561212294,0.036815350875258446,0.10491030057892203,0.05,0.0,0.0,0.0,0.0,0.0,0.0,16,108|154|53|179|249,64,all_filtered,9,True,D:\Running_Place\PostGraduateProjects\Experiments\PostGraduate\backbones\PertubatedBNStatistics\Baseline-SegSADG\shot5\Seed4
PertubatedBNStatistics,Disperssion+Seg-SADG,Baseline-SegSADG,Baseline-SegSADG,Seg-SADG,Baseline-SegSADG,baseline_segsadg,shallow,0.1,0.1,1.0,0.05,0.1,0.001,0.0001,0.001,0.05,0.5,0.05,rho0p05,new_training,5,4,131,0.04383782227523625,0.04383782227523625,0.04368463018909097,0.0030638434691354632,0.03674455126747489,0.10603036778047681,0.05,0.0,0.0,0.0,0.0,0.0,0.0,16,108|154|53|179|249,64,all_filtered,9,True,D:\Running_Place\PostGraduateProjects\Experiments\PostGraduate\backbones\PertubatedBNStatistics\Baseline-SegSADG\shot5\Seed4
PertubatedBNStatistics,Disperssion+Seg-SADG,Baseline-SegSADG,Baseline-SegSADG,Seg-SADG,Baseline-SegSADG,baseline_segsadg,shallow,0.1,0.1,1.0,0.05,0.1,0.001,0.0001,0.001,0.05,0.5,0.05,rho0p05,new_training,5,4,132,0.04393197293393314,0.04393197293393314,0.04377439268864691,0.003151607765175868,0.036687406711280346,0.10963993379846215,0.05,0.0,0.0,0.0,0.0,0.0,0.0,16,108|154|53|179|249,64,all_filtered,9,True,D:\Running_Place\PostGraduateProjects\Experiments\PostGraduate\backbones\PertubatedBNStatistics\Baseline-SegSADG\shot5\Seed4
PertubatedBNStatistics,Disperssion+Seg-SADG,Baseline-SegSADG,Baseline-SegSADG,Seg-SADG,Baseline-SegSADG,baseline_segsadg,shallow,0.1,0.1,1.0,0.05,0.1,0.001,0.0001,0.001,0.05,0.5,0.05,rho0p05,new_training,5,4,133,0.04286483721807599,0.04286483721807599,0.04271590965799987,0.0029785547667415813,0.03575440705753863,0.10429489705711603,0.05,0.0,0.0,0.0,0.0,0.0,0.0,16,108|154|53|179|249,64,all_filtered,9,True,D:\Running_Place\PostGraduateProjects\Experiments\PostGraduate\backbones\PertubatedBNStatistics\Baseline-SegSADG\shot5\Seed4
PertubatedBNStatistics,Disperssion+Seg-SADG,Baseline-SegSADG,Baseline-SegSADG,Seg-SADG,Baseline-SegSADG,baseline_segsadg,shallow,0.1,0.1,1.0,0.05,0.1,0.001,0.0001,0.001,0.05,0.5,0.05,rho0p05,new_training,5,4,134,0.04052138142287731,0.04052138142287731,0.04038297524675727,0.002768121237750165,0.0346455869730562,0.09061328647658229,0.05,0.0,0.0,0.0,0.0,0.0,0.0,16,108|154|53|179|249,64,all_filtered,9,True,D:\Running_Place\PostGraduateProjects\Experiments\PostGraduate\backbones\PertubatedBNStatistics\Baseline-SegSADG\shot5\Seed4
PertubatedBNStatistics,Disperssion+Seg-SADG,Baseline-SegSADG,Baseline-SegSADG,Seg-SADG,Baseline-SegSADG,baseline_segsadg,shallow,0.1,0.1,1.0,0.05,0.1,0.001,0.0001,0.001,0.05,0.5,0.05,rho0p05,new_training,5,4,135,0.04096770682372153,0.04096770682372153,0.040831959806382656,0.0027149416637257673,0.034490230958908796,0.09874201705679297,0.05,0.0,0.0,0.0,0.0,0.0,0.0,16,108|154|53|179|249,64,all_filtered,9,True,D:\Running_Place\PostGraduateProjects\Experiments\PostGraduate\backbones\PertubatedBNStatistics\Baseline-SegSADG\shot5\Seed4
PertubatedBNStatistics,Disperssion+Seg-SADG,Baseline-SegSADG,Baseline-SegSADG,Seg-SADG,Baseline-SegSADG,baseline_segsadg,shallow,0.1,0.1,1.0,0.05,0.1,0.001,0.0001,0.001,0.05,0.5,0.05,rho0p05,new_training,5,4,136,0.040170263731852174,0.040170263731852174,0.0400330584961921,0.0027441003621788695,0.03355115628801286,0.09754206612706184,0.05,0.0,0.0,0.0,0.0,0.0,0.0,16,108|154|53|179|249,64,all_filtered,9,True,D:\Running_Place\PostGraduateProjects\Experiments\PostGraduate\backbones\PertubatedBNStatistics\Baseline-SegSADG\shot5\Seed4
PertubatedBNStatistics,Disperssion+Seg-SADG,Baseline-SegSADG,Baseline-SegSADG,Seg-SADG,Baseline-SegSADG,baseline_segsadg,shallow,0.1,0.1,1.0,0.05,0.1,0.001,0.0001,0.001,0.05,0.5,0.05,rho0p05,new_training,5,4,137,0.04001460480503738,0.04001460480503738,0.039887700229883194,0.0025380995284649543,0.0333340666256845,0.09738536830991507,0.05,0.0,0.0,0.0,0.0,0.0,0.0,16,108|154|53|179|249,64,all_filtered,9,True,D:\Running_Place\PostGraduateProjects\Experiments\PostGraduate\backbones\PertubatedBNStatistics\Baseline-SegSADG\shot5\Seed4
PertubatedBNStatistics,Disperssion+Seg-SADG,Baseline-SegSADG,Baseline-SegSADG,Seg-SADG,Baseline-SegSADG,baseline_segsadg,shallow,0.1,0.1,1.0,0.05,0.1,0.001,0.0001,0.001,0.05,0.5,0.05,rho0p05,new_training,5,4,138,0.040129299042746425,0.040129299042746425,0.039994595339521766,0.002694079448701814,0.03345711948350072,0.10124428756535053,0.05,0.0,0.0,0.0,0.0,0.0,0.0,16,108|154|53|179|249,64,all_filtered,9,True,D:\Running_Place\PostGraduateProjects\Experiments\PostGraduate\backbones\PertubatedBNStatistics\Baseline-SegSADG\shot5\Seed4
PertubatedBNStatistics,Disperssion+Seg-SADG,Baseline-SegSADG,Baseline-SegSADG,Seg-SADG,Baseline-SegSADG,baseline_segsadg,shallow,0.1,0.1,1.0,0.05,0.1,0.001,0.0001,0.001,0.05,0.5,0.05,rho0p05,new_training,5,4,139,0.039392571430653334,0.039392571430653334,0.039266748586669564,0.002516452099371236,0.03303147212136537,0.09596116095781326,0.05,0.0,0.0,0.0,0.0,0.0,0.0,16,108|154|53|179|249,64,all_filtered,9,True,D:\Running_Place\PostGraduateProjects\Experiments\PostGraduate\backbones\PertubatedBNStatistics\Baseline-SegSADG\shot5\Seed4
PertubatedBNStatistics,Disperssion+Seg-SADG,Baseline-SegSADG,Baseline-SegSADG,Seg-SADG,Baseline-SegSADG,baseline_segsadg,shallow,0.1,0.1,1.0,0.05,0.1,0.001,0.0001,0.001,0.05,0.5,0.05,rho0p05,new_training,5,4,140,0.03970210091210902,0.03970210091210902,0.039570222375914454,0.0026375626475783065,0.03292317898012698,0.10232526762410998,0.05,0.0,0.0,0.0,0.0,0.0,0.0,16,108|154|53|179|249,64,all_filtered,9,True,D:\Running_Place\PostGraduateProjects\Experiments\PostGraduate\backbones\PertubatedBNStatistics\Baseline-SegSADG\shot5\Seed4
PertubatedBNStatistics,Disperssion+Seg-SADG,Baseline-SegSADG,Baseline-SegSADG,Seg-SADG,Baseline-SegSADG,baseline_segsadg,shallow,0.1,0.1,1.0,0.05,0.1,0.001,0.0001,0.001,0.05,0.5,0.05,rho0p05,new_training,5,4,141,0.040111144073307514,0.040111144073307514,0.039977638982236385,0.002670099987881258,0.03297109284903854,0.10669832024723291,0.05,0.0,0.0,0.0,0.0,0.0,0.0,16,108|154|53|179|249,64,all_filtered,9,True,D:\Running_Place\PostGraduateProjects\Experiments\PostGraduate\backbones\PertubatedBNStatistics\Baseline-SegSADG\shot5\Seed4
PertubatedBNStatistics,Disperssion+Seg-SADG,Baseline-SegSADG,Baseline-SegSADG,Seg-SADG,Baseline-SegSADG,baseline_segsadg,shallow,0.1,0.1,1.0,0.05,0.1,0.001,0.0001,0.001,0.05,0.5,0.05,rho0p05,new_training,5,4,142,0.039243498584255576,0.039243498584255576,0.0391123560257256,0.0026228560527670197,0.03239615343045443,0.10215811571106315,0.05,0.0,0.0,0.0,0.0,0.0,0.0,16,108|154|53|179|249,64,all_filtered,9,True,D:\Running_Place\PostGraduateProjects\Experiments\PostGraduate\backbones\PertubatedBNStatistics\Baseline-SegSADG\shot5\Seed4
PertubatedBNStatistics,Disperssion+Seg-SADG,Baseline-SegSADG,Baseline-SegSADG,Seg-SADG,Baseline-SegSADG,baseline_segsadg,shallow,0.1,0.1,1.0,0.05,0.1,0.001,0.0001,0.001,0.05,0.5,0.05,rho0p05,new_training,5,4,143,0.03869199496693909,0.03869199496693909,0.038561305962502956,0.002613781405671034,0.03209626430179924,0.10035922611132264,0.05,0.0,0.0,0.0,0.0,0.0,0.0,16,108|154|53|179|249,64,all_filtered,9,True,D:\Running_Place\PostGraduateProjects\Experiments\PostGraduate\backbones\PertubatedBNStatistics\Baseline-SegSADG\shot5\Seed4
PertubatedBNStatistics,Disperssion+Seg-SADG,Baseline-SegSADG,Baseline-SegSADG,Seg-SADG,Baseline-SegSADG,baseline_segsadg,shallow,0.1,0.1,1.0,0.05,0.1,0.001,0.0001,0.001,0.05,0.5,0.05,rho0p05,new_training,5,4,144,0.03968569077551365,0.03968569077551365,0.03955454379320145,0.002622941574372817,0.03229437465779483,0.11178780300542712,0.05,0.0,0.0,0.0,0.0,0.0,0.0,16,108|154|53|179|249,64,all_filtered,9,True,D:\Running_Place\PostGraduateProjects\Experiments\PostGraduate\backbones\PertubatedBNStatistics\Baseline-SegSADG\shot5\Seed4
PertubatedBNStatistics,Disperssion+Seg-SADG,Baseline-SegSADG,Baseline-SegSADG,Seg-SADG,Baseline-SegSADG,baseline_segsadg,shallow,0.1,0.1,1.0,0.05,0.1,0.001,0.0001,0.001,0.05,0.5,0.05,rho0p05,new_training,5,4,145,0.04009260353632271,0.04009260353632271,0.03995266417041421,0.002798787878418807,0.03224202082492411,0.11650692438706756,0.05,0.0,0.0,0.0,0.0,0.0,0.0,16,108|154|53|179|249,64,all_filtered,9,True,D:\Running_Place\PostGraduateProjects\Experiments\PostGraduate\backbones\PertubatedBNStatistics\Baseline-SegSADG\shot5\Seed4
PertubatedBNStatistics,Disperssion+Seg-SADG,Baseline-SegSADG,Baseline-SegSADG,Seg-SADG,Baseline-SegSADG,baseline_segsadg,shallow,0.1,0.1,1.0,0.05,0.1,0.001,0.0001,0.001,0.05,0.5,0.05,rho0p05,new_training,5,4,146,0.04032941022887826,0.04032941022887826,0.04019810166209936,0.0026261657039867714,0.03278985514771193,0.11461439775303006,0.05,0.0,0.0,0.0,0.0,0.0,0.0,16,108|154|53|179|249,64,all_filtered,9,True,D:\Running_Place\PostGraduateProjects\Experiments\PostGraduate\backbones\PertubatedBNStatistics\Baseline-SegSADG\shot5\Seed4
PertubatedBNStatistics,Disperssion+Seg-SADG,Baseline-SegSADG,Baseline-SegSADG,Seg-SADG,Baseline-SegSADG,baseline_segsadg,shallow,0.1,0.1,1.0,0.05,0.1,0.001,0.0001,0.001,0.05,0.5,0.05,rho0p05,new_training,5,4,147,0.03941036155447364,0.03941036155447364,0.039272479712963104,0.002757638940238394,0.03221765800844878,0.11016755038872361,0.05,0.0,0.0,0.0,0.0,0.0,0.0,16,108|154|53|179|249,64,all_filtered,9,True,D:\Running_Place\PostGraduateProjects\Experiments\PostGraduate\backbones\PertubatedBNStatistics\Baseline-SegSADG\shot5\Seed4
PertubatedBNStatistics,Disperssion+Seg-SADG,Baseline-SegSADG,Baseline-SegSADG,Seg-SADG,Baseline-SegSADG,baseline_segsadg,shallow,0.1,0.1,1.0,0.05,0.1,0.001,0.0001,0.001,0.05,0.5,0.05,rho0p05,new_training,5,4,148,0.037713455967605114,0.037713455967605114,0.03759237681515515,0.0024215740559156984,0.031109515228308737,0.09884291514754295,0.05,0.0,0.0,0.0,0.0,0.0,0.0,16,108|154|53|179|249,64,all_filtered,9,True,D:\Running_Place\PostGraduateProjects\Experiments\PostGraduate\backbones\PertubatedBNStatistics\Baseline-SegSADG\shot5\Seed4
PertubatedBNStatistics,Disperssion+Seg-SADG,Baseline-SegSADG,Baseline-SegSADG,Seg-SADG,Baseline-SegSADG,baseline_segsadg,shallow,0.1,0.1,1.0,0.05,0.1,0.001,0.0001,0.001,0.05,0.5,0.05,rho0p05,new_training,5,4,149,0.03822069591842592,0.03822069591842592,0.03809064836241305,0.0026009642315329984,0.031038035405799747,0.1069001262076199,0.05,0.0,0.0,0.0,0.0,0.0,0.0,16,108|154|53|179|249,64,all_filtered,9,True,D:\Running_Place\PostGraduateProjects\Experiments\PostGraduate\backbones\PertubatedBNStatistics\Baseline-SegSADG\shot5\Seed4
PertubatedBNStatistics,Disperssion+Seg-SADG,Baseline-SegSADG,Baseline-SegSADG,Seg-SADG,Baseline-SegSADG,baseline_segsadg,shallow,0.1,0.1,1.0,0.05,0.1,0.001,0.0001,0.001,0.05,0.5,0.05,rho0p05,new_training,5,4,150,0.03739111917093396,0.03739111917093396,0.03726760530844331,0.0024702796508790925,0.03060011367779225,0.10234738513827324,0.05,0.0,0.0,0.0,0.0,0.0,0.0,16,108|154|53|179|249,64,all_filtered,9,True,D:\Running_Place\PostGraduateProjects\Experiments\PostGraduate\backbones\PertubatedBNStatistics\Baseline-SegSADG\shot5\Seed4
PertubatedBNStatistics,Disperssion+Seg-SADG,Baseline-SegSADG,Baseline-SegSADG,Seg-SADG,Baseline-SegSADG,baseline_segsadg,shallow,0.1,0.1,1.0,0.05,0.1,0.001,0.0001,0.001,0.05,0.5,0.05,rho0p05,new_training,5,4,151,0.036389328772202134,0.036389328772202134,0.03626539348624647,0.002478711525327526,0.029998880811035633,0.09492329740896821,0.05,0.0,0.0,0.0,0.0,0.0,0.0,16,108|154|53|179|249,64,all_filtered,9,True,D:\Running_Place\PostGraduateProjects\Experiments\PostGraduate\backbones\PertubatedBNStatistics\Baseline-SegSADG\shot5\Seed4
PertubatedBNStatistics,Disperssion+Seg-SADG,Baseline-SegSADG,Baseline-SegSADG,Seg-SADG,Baseline-SegSADG,baseline_segsadg,shallow,0.1,0.1,1.0,0.05,0.1,0.001,0.0001,0.001,0.05,0.5,0.05,rho0p05,new_training,5,4,152,0.035802679834887385,0.035802679834887385,0.03569034906104207,0.0022466165755758993,0.02931207395158708,0.09580227453261614,0.05,0.0,0.0,0.0,0.0,0.0,0.0,16,108|154|53|179|249,64,all_filtered,9,True,D:\Running_Place\PostGraduateProjects\Experiments\PostGraduate\backbones\PertubatedBNStatistics\Baseline-SegSADG\shot5\Seed4
PertubatedBNStatistics,Disperssion+Seg-SADG,Baseline-SegSADG,Baseline-SegSADG,Seg-SADG,Baseline-SegSADG,baseline_segsadg,shallow,0.1,0.1,1.0,0.05,0.1,0.001,0.0001,0.001,0.05,0.5,0.05,rho0p05,new_training,5,4,153,0.03550535789690912,0.03550535789690912,0.0353881127666682,0.002344905282370746,0.02929893706459552,0.09442725125700235,0.05,0.0,0.0,0.0,0.0,0.0,0.0,16,108|154|53|179|249,64,all_filtered,9,True,D:\Running_Place\PostGraduateProjects\Experiments\PostGraduate\backbones\PertubatedBNStatistics\Baseline-SegSADG\shot5\Seed4
PertubatedBNStatistics,Disperssion+Seg-SADG,Baseline-SegSADG,Baseline-SegSADG,Seg-SADG,Baseline-SegSADG,baseline_segsadg,shallow,0.1,0.1,1.0,0.05,0.1,0.001,0.0001,0.001,0.05,0.5,0.05,rho0p05,new_training,5,4,154,0.03539375914260745,0.03539375914260745,0.035276076989248395,0.002353649375436362,0.028863415820524096,0.10232814494520426,0.05,0.0,0.0,0.0,0.0,0.0,0.0,16,108|154|53|179|249,64,all_filtered,9,True,D:\Running_Place\PostGraduateProjects\Experiments\PostGraduate\backbones\PertubatedBNStatistics\Baseline-SegSADG\shot5\Seed4
PertubatedBNStatistics,Disperssion+Seg-SADG,Baseline-SegSADG,Baseline-SegSADG,Seg-SADG,Baseline-SegSADG,baseline_segsadg,shallow,0.1,0.1,1.0,0.05,0.1,0.001,0.0001,0.001,0.05,0.5,0.05,rho0p05,new_training,5,4,155,0.03706797864288092,0.03706797864288092,0.036953176371753216,0.002296048274729401,0.029505775892175734,0.11307026585564017,0.05,0.0,0.0,0.0,0.0,0.0,0.0,16,108|154|53|179|249,64,all_filtered,9,True,D:\Running_Place\PostGraduateProjects\Experiments\PostGraduate\backbones\PertubatedBNStatistics\Baseline-SegSADG\shot5\Seed4
PertubatedBNStatistics,Disperssion+Seg-SADG,Baseline-SegSADG,Baseline-SegSADG,Seg-SADG,Baseline-SegSADG,baseline_segsadg,shallow,0.1,0.1,1.0,0.05,0.1,0.001,0.0001,0.001,0.05,0.5,0.05,rho0p05,new_training,5,4,156,0.03586972365155816,0.03586972365155816,0.03575503290630877,0.002293812358402647,0.02928483672440052,0.10060869622975588,0.05,0.0,0.0,0.0,0.0,0.0,0.0,16,108|154|53|179|249,64,all_filtered,9,True,D:\Running_Place\PostGraduateProjects\Experiments\PostGraduate\backbones\PertubatedBNStatistics\Baseline-SegSADG\shot5\Seed4
PertubatedBNStatistics,Disperssion+Seg-SADG,Baseline-SegSADG,Baseline-SegSADG,Seg-SADG,Baseline-SegSADG,baseline_segsadg,shallow,0.1,0.1,1.0,0.05,0.1,0.001,0.0001,0.001,0.05,0.5,0.05,rho0p05,new_training,5,4,157,0.03599437419325113,0.03599437419325113,0.035868805134668946,0.002511378079361748,0.029152125935070217,0.10515014175325632,0.05,0.0,0.0,0.0,0.0,0.0,0.0,16,108|154|53|179|249,64,all_filtered,9,True,D:\Running_Place\PostGraduateProjects\Experiments\PostGraduate\backbones\PertubatedBNStatistics\Baseline-SegSADG\shot5\Seed4
PertubatedBNStatistics,Disperssion+Seg-SADG,Baseline-SegSADG,Baseline-SegSADG,Seg-SADG,Baseline-SegSADG,baseline_segsadg,shallow,0.1,0.1,1.0,0.05,0.1,0.001,0.0001,0.001,0.05,0.5,0.05,rho0p05,new_training,5,4,158,0.03420094703324139,0.03420094703324139,0.03408986865542829,0.002221574599388987,0.02829037478659302,0.089795112144202,0.05,0.0,0.0,0.0,0.0,0.0,0.0,16,108|154|53|179|249,64,all_filtered,9,True,D:\Running_Place\PostGraduateProjects\Experiments\PostGraduate\backbones\PertubatedBNStatistics\Baseline-SegSADG\shot5\Seed4
PertubatedBNStatistics,Disperssion+Seg-SADG,Baseline-SegSADG,Baseline-SegSADG,Seg-SADG,Baseline-SegSADG,baseline_segsadg,shallow,0.1,0.1,1.0,0.05,0.1,0.001,0.0001,0.001,0.05,0.5,0.05,rho0p05,new_training,5,4,159,0.035367097007110715,0.035367097007110715,0.035254673566669226,0.0022484676010208204,0.02853222598787397,0.10102884843945503,0.05,0.0,0.0,0.0,0.0,0.0,0.0,16,108|154|53|179|249,64,all_filtered,9,True,D:\Running_Place\PostGraduateProjects\Experiments\PostGraduate\backbones\PertubatedBNStatistics\Baseline-SegSADG\shot5\Seed4
PertubatedBNStatistics,Disperssion+Seg-SADG,Baseline-SegSADG,Baseline-SegSADG,Seg-SADG,Baseline-SegSADG,baseline_segsadg,shallow,0.1,0.1,1.0,0.05,0.1,0.001,0.0001,0.001,0.05,0.5,0.05,rho0p05,new_training,5,4,160,0.037331309635192156,0.037331309635192156,0.037206197855994105,0.0025022385962074623,0.029892747290432453,0.11352077592164278,0.05,0.0,0.0,0.0,0.0,0.0,0.0,16,108|154|53|179|249,64,all_filtered,9,True,D:\Running_Place\PostGraduateProjects\Experiments\PostGraduate\backbones\PertubatedBNStatistics\Baseline-SegSADG\shot5\Seed4
PertubatedBNStatistics,Disperssion+Seg-SADG,Baseline-SegSADG,Baseline-SegSADG,Seg-SADG,Baseline-SegSADG,baseline_segsadg,shallow,0.1,0.1,1.0,0.05,0.1,0.001,0.0001,0.001,0.05,0.5,0.05,rho0p05,new_training,5,4,161,0.037381001631729305,0.037381001631729305,0.03725478088017553,0.002524414812796749,0.030451941420324147,0.10684728901833296,0.05,0.0,0.0,0.0,0.0,0.0,0.0,16,108|154|53|179|249,64,all_filtered,9,True,D:\Running_Place\PostGraduateProjects\Experiments\PostGraduate\backbones\PertubatedBNStatistics\Baseline-SegSADG\shot5\Seed4
PertubatedBNStatistics,Disperssion+Seg-SADG,Baseline-SegSADG,Baseline-SegSADG,Seg-SADG,Baseline-SegSADG,baseline_segsadg,shallow,0.1,0.1,1.0,0.05,0.1,0.001,0.0001,0.001,0.05,0.5,0.05,rho0p05,new_training,5,4,162,0.037588621489703655,0.037588621489703655,0.03745934856124222,0.0025854634441202506,0.030275613768026233,0.11333586741238832,0.05,0.0,0.0,0.0,0.0,0.0,0.0,16,108|154|53|179|249,64,all_filtered,9,True,D:\Running_Place\PostGraduateProjects\Experiments\PostGraduate\backbones\PertubatedBNStatistics\Baseline-SegSADG\shot5\Seed4
PertubatedBNStatistics,Disperssion+Seg-SADG,Baseline-SegSADG,Baseline-SegSADG,Seg-SADG,Baseline-SegSADG,baseline_segsadg,shallow,0.1,0.1,1.0,0.05,0.1,0.001,0.0001,0.001,0.05,0.5,0.05,rho0p05,new_training,5,4,163,0.036069073947146535,0.036069073947146535,0.0359454108402133,0.002473257583915256,0.02921664563473314,0.10414195107296109,0.05,0.0,0.0,0.0,0.0,0.0,0.0,16,108|154|53|179|249,64,all_filtered,9,True,D:\Running_Place\PostGraduateProjects\Experiments\PostGraduate\backbones\PertubatedBNStatistics\Baseline-SegSADG\shot5\Seed4
PertubatedBNStatistics,Disperssion+Seg-SADG,Baseline-SegSADG,Baseline-SegSADG,Seg-SADG,Baseline-SegSADG,baseline_segsadg,shallow,0.1,0.1,1.0,0.05,0.1,0.001,0.0001,0.001,0.05,0.5,0.05,rho0p05,new_training,5,4,164,0.03410595410969108,0.03410595410969108,0.033989205374382436,0.002334968827199191,0.02789277769625187,0.0944507559761405,0.05,0.0,0.0,0.0,0.0,0.0,0.0,16,108|154|53|179|249,64,all_filtered,9,True,D:\Running_Place\PostGraduateProjects\Experiments\PostGraduate\backbones\PertubatedBNStatistics\Baseline-SegSADG\shot5\Seed4
PertubatedBNStatistics,Disperssion+Seg-SADG,Baseline-SegSADG,Baseline-SegSADG,Seg-SADG,Baseline-SegSADG,baseline_segsadg,shallow,0.1,0.1,1.0,0.05,0.1,0.001,0.0001,0.001,0.05,0.5,0.05,rho0p05,new_training,5,4,165,0.03246095567010343,0.03246095567010343,0.032360578421503305,0.002007546601817012,0.027033645543269813,0.08678310550749302,0.05,0.0,0.0,0.0,0.0,0.0,0.0,16,108|154|53|179|249,64,all_filtered,9,True,D:\Running_Place\PostGraduateProjects\Experiments\PostGraduate\backbones\PertubatedBNStatistics\Baseline-SegSADG\shot5\Seed4
PertubatedBNStatistics,Disperssion+Seg-SADG,Baseline-SegSADG,Baseline-SegSADG,Seg-SADG,Baseline-SegSADG,baseline_segsadg,shallow,0.1,0.1,1.0,0.05,0.1,0.001,0.0001,0.001,0.05,0.5,0.05,rho0p05,new_training,5,4,166,0.03228010190650821,0.03228010190650821,0.03217636875342578,0.0020746665977640077,0.026300994213670492,0.08832317544147372,0.05,0.0,0.0,0.0,0.0,0.0,0.0,16,108|154|53|179|249,64,all_filtered,9,True,D:\Running_Place\PostGraduateProjects\Experiments\PostGraduate\backbones\PertubatedBNStatistics\Baseline-SegSADG\shot5\Seed4
PertubatedBNStatistics,Disperssion+Seg-SADG,Baseline-SegSADG,Baseline-SegSADG,Seg-SADG,Baseline-SegSADG,baseline_segsadg,shallow,0.1,0.1,1.0,0.05,0.1,0.001,0.0001,0.001,0.05,0.5,0.05,rho0p05,new_training,5,4,167,0.032821454806253314,0.032821454806253314,0.03271037992089987,0.0022214901036932133,0.026325522107072175,0.09866580599918962,0.05,0.0,0.0,0.0,0.0,0.0,0.0,16,108|154|53|179|249,64,all_filtered,9,True,D:\Running_Place\PostGraduateProjects\Experiments\PostGraduate\backbones\PertubatedBNStatistics\Baseline-SegSADG\shot5\Seed4
PertubatedBNStatistics,Disperssion+Seg-SADG,Baseline-SegSADG,Baseline-SegSADG,Seg-SADG,Baseline-SegSADG,baseline_segsadg,shallow,0.1,0.1,1.0,0.05,0.1,0.001,0.0001,0.001,0.05,0.5,0.05,rho0p05,new_training,5,4,168,0.03388714510947466,0.03388714510947466,0.033778164302930236,0.002179614755732473,0.02684554655570537,0.1062683118507266,0.05,0.0,0.0,0.0,0.0,0.0,0.0,16,108|154|53|179|249,64,all_filtered,9,True,D:\Running_Place\PostGraduateProjects\Experiments\PostGraduate\backbones\PertubatedBNStatistics\Baseline-SegSADG\shot5\Seed4
PertubatedBNStatistics,Disperssion+Seg-SADG,Baseline-SegSADG,Baseline-SegSADG,Seg-SADG,Baseline-SegSADG,baseline_segsadg,shallow,0.1,0.1,1.0,0.05,0.1,0.001,0.0001,0.001,0.05,0.5,0.05,rho0p05,new_training,5,4,169,0.03297989792190492,0.03297989792190492,0.032862754771485925,0.0023428715503541753,0.026710662292316556,0.09634055569767952,0.05,0.0,0.0,0.0,0.0,0.0,0.0,16,108|154|53|179|249,64,all_filtered,9,True,D:\Running_Place\PostGraduateProjects\Experiments\PostGraduate\backbones\PertubatedBNStatistics\Baseline-SegSADG\shot5\Seed4
PertubatedBNStatistics,Disperssion+Seg-SADG,Baseline-SegSADG,Baseline-SegSADG,Seg-SADG,Baseline-SegSADG,baseline_segsadg,shallow,0.1,0.1,1.0,0.05,0.1,0.001,0.0001,0.001,0.05,0.5,0.05,rho0p05,new_training,5,4,170,0.03264791367109865,0.03264791367109865,0.03254711290355772,0.0020160176281933673,0.02603853668551892,0.09753265278413892,0.05,0.0,0.0,0.0,0.0,0.0,0.0,16,108|154|53|179|249,64,all_filtered,9,True,D:\Running_Place\PostGraduateProjects\Experiments\PostGraduate\backbones\PertubatedBNStatistics\Baseline-SegSADG\shot5\Seed4
PertubatedBNStatistics,Disperssion+Seg-SADG,Baseline-SegSADG,Baseline-SegSADG,Seg-SADG,Baseline-SegSADG,baseline_segsadg,shallow,0.1,0.1,1.0,0.05,0.1,0.001,0.0001,0.001,0.05,0.5,0.05,rho0p05,new_training,5,4,171,0.03253151127137244,0.03253151127137244,0.0324274756712839,0.002080718106299173,0.026200721156783402,0.09698464209213853,0.05,0.0,0.0,0.0,0.0,0.0,0.0,16,108|154|53|179|249,64,all_filtered,9,True,D:\Running_Place\PostGraduateProjects\Experiments\PostGraduate\backbones\PertubatedBNStatistics\Baseline-SegSADG\shot5\Seed4
PertubatedBNStatistics,Disperssion+Seg-SADG,Baseline-SegSADG,Baseline-SegSADG,Seg-SADG,Baseline-SegSADG,baseline_segsadg,shallow,0.1,0.1,1.0,0.05,0.1,0.001,0.0001,0.001,0.05,0.5,0.05,rho0p05,new_training,5,4,172,0.031144744367338717,0.031144744367338717,0.031046580290421844,0.0019632890180218965,0.02529675525147468,0.09004435176029801,0.05,0.0,0.0,0.0,0.0,0.0,0.0,16,108|154|53|179|249,64,all_filtered,9,True,D:\Running_Place\PostGraduateProjects\Experiments\PostGraduate\backbones\PertubatedBNStatistics\Baseline-SegSADG\shot5\Seed4
PertubatedBNStatistics,Disperssion+Seg-SADG,Baseline-SegSADG,Baseline-SegSADG,Seg-SADG,Baseline-SegSADG,baseline_segsadg,shallow,0.1,0.1,1.0,0.05,0.1,0.001,0.0001,0.001,0.05,0.5,0.05,rho0p05,new_training,5,4,173,0.031283551594242454,0.031283551594242454,0.031185559928417206,0.0019598275830503553,0.025239843875169754,0.09354888461530209,0.05,0.0,0.0,0.0,0.0,0.0,0.0,16,108|154|53|179|249,64,all_filtered,9,True,D:\Running_Place\PostGraduateProjects\Experiments\PostGraduate\backbones\PertubatedBNStatistics\Baseline-SegSADG\shot5\Seed4
PertubatedBNStatistics,Disperssion+Seg-SADG,Baseline-SegSADG,Baseline-SegSADG,Seg-SADG,Baseline-SegSADG,baseline_segsadg,shallow,0.1,0.1,1.0,0.05,0.1,0.001,0.0001,0.001,0.05,0.5,0.05,rho0p05,new_training,5,4,174,0.030738124158233404,0.030738124158233404,0.030642583267763257,0.0019108161359326914,0.024640180985443294,0.09141691774129868,0.05,0.0,0.0,0.0,0.0,0.0,0.0,16,108|154|53|179|249,64,all_filtered,9,True,D:\Running_Place\PostGraduateProjects\Experiments\PostGraduate\backbones\PertubatedBNStatistics\Baseline-SegSADG\shot5\Seed4
PertubatedBNStatistics,Disperssion+Seg-SADG,Baseline-SegSADG,Baseline-SegSADG,Seg-SADG,Baseline-SegSADG,baseline_segsadg,shallow,0.1,0.1,1.0,0.05,0.1,0.001,0.0001,0.001,0.05,0.5,0.05,rho0p05,new_training,5,4,175,0.03013365820515901,0.03013365820515901,0.030037947464734316,0.0019142085511703044,0.024455914739519358,0.08816095441579819,0.05,0.0,0.0,0.0,0.0,0.0,0.0,16,108|154|53|179|249,64,all_filtered,9,True,D:\Running_Place\PostGraduateProjects\Experiments\PostGraduate\backbones\PertubatedBNStatistics\Baseline-SegSADG\shot5\Seed4
PertubatedBNStatistics,Disperssion+Seg-SADG,Baseline-SegSADG,Baseline-SegSADG,Seg-SADG,Baseline-SegSADG,baseline_segsadg,shallow,0.1,0.1,1.0,0.05,0.1,0.001,0.0001,0.001,0.05,0.5,0.05,rho0p05,new_training,5,4,176,0.029375488869845867,0.029375488869845867,0.029286929173395038,0.0017711949185468256,0.023825054289773107,0.08540320675820112,0.05,0.0,0.0,0.0,0.0,0.0,0.0,16,108|154|53|179|249,64,all_filtered,9,True,D:\Running_Place\PostGraduateProjects\Experiments\PostGraduate\backbones\PertubatedBNStatistics\Baseline-SegSADG\shot5\Seed4
PertubatedBNStatistics,Disperssion+Seg-SADG,Baseline-SegSADG,Baseline-SegSADG,Seg-SADG,Baseline-SegSADG,baseline_segsadg,shallow,0.1,0.1,1.0,0.05,0.1,0.001,0.0001,0.001,0.05,0.5,0.05,rho0p05,new_training,5,4,177,0.030937298201024532,0.030937298201024532,0.03083697333931923,0.0020064976124558598,0.024314477457664907,0.10095632029697299,0.05,0.0,0.0,0.0,0.0,0.0,0.0,16,108|154|53|179|249,64,all_filtered,9,True,D:\Running_Place\PostGraduateProjects\Experiments\PostGraduate\backbones\PertubatedBNStatistics\Baseline-SegSADG\shot5\Seed4
PertubatedBNStatistics,Disperssion+Seg-SADG,Baseline-SegSADG,Baseline-SegSADG,Seg-SADG,Baseline-SegSADG,baseline_segsadg,shallow,0.1,0.1,1.0,0.05,0.1,0.001,0.0001,0.001,0.05,0.5,0.05,rho0p05,new_training,5,4,178,0.029552240506745875,0.029552240506745875,0.02945755352266133,0.001893740554805845,0.024079108727164567,0.08862633537501097,0.05,0.0,0.0,0.0,0.0,0.0,0.0,16,108|154|53|179|249,64,all_filtered,9,True,D:\Running_Place\PostGraduateProjects\Experiments\PostGraduate\backbones\PertubatedBNStatistics\Baseline-SegSADG\shot5\Seed4
PertubatedBNStatistics,Disperssion+Seg-SADG,Baseline-SegSADG,Baseline-SegSADG,Seg-SADG,Baseline-SegSADG,baseline_segsadg,shallow,0.1,0.1,1.0,0.05,0.1,0.001,0.0001,0.001,0.05,0.5,0.05,rho0p05,new_training,5,4,179,0.030023760977201164,0.030023760977201164,0.029928328469395638,0.0019086530082859099,0.02379009430296719,0.0935284411534667,0.05,0.0,0.0,0.0,0.0,0.0,0.0,16,108|154|53|179|249,64,all_filtered,9,True,D:\Running_Place\PostGraduateProjects\Experiments\PostGraduate\backbones\PertubatedBNStatistics\Baseline-SegSADG\shot5\Seed4
PertubatedBNStatistics,Disperssion+Seg-SADG,Baseline-SegSADG,Baseline-SegSADG,Seg-SADG,Baseline-SegSADG,baseline_segsadg,shallow,0.1,0.1,1.0,0.05,0.1,0.001,0.0001,0.001,0.05,0.5,0.05,rho0p05,new_training,5,4,180,0.030189211945980787,0.030189211945980787,0.030099350726231933,0.0017972238201764412,0.024142970331013203,0.093704326543957,0.05,0.0,0.0,0.0,0.0,0.0,0.0,16,108|154|53|179|249,64,all_filtered,9,True,D:\Running_Place\PostGraduateProjects\Experiments\PostGraduate\backbones\PertubatedBNStatistics\Baseline-SegSADG\shot5\Seed4
PertubatedBNStatistics,Disperssion+Seg-SADG,Baseline-SegSADG,Baseline-SegSADG,Seg-SADG,Baseline-SegSADG,baseline_segsadg,shallow,0.1,0.1,1.0,0.05,0.1,0.001,0.0001,0.001,0.05,0.5,0.05,rho0p05,new_training,5,4,181,0.029233621316961944,0.029233621316961944,0.02914309431798756,0.001810542591556441,0.023568336153402925,0.0882044374011457,0.05,0.0,0.0,0.0,0.0,0.0,0.0,16,108|154|53|179|249,64,all_filtered,9,True,D:\Running_Place\PostGraduateProjects\Experiments\PostGraduate\backbones\PertubatedBNStatistics\Baseline-SegSADG\shot5\Seed4
PertubatedBNStatistics,Disperssion+Seg-SADG,Baseline-SegSADG,Baseline-SegSADG,Seg-SADG,Baseline-SegSADG,baseline_segsadg,shallow,0.1,0.1,1.0,0.05,0.1,0.001,0.0001,0.001,0.05,0.5,0.05,rho0p05,new_training,5,4,182,0.029389050672762096,0.029389050672762096,0.02930004324298352,0.0017801506546675228,0.023430063854902983,0.09398115519434214,0.05,0.0,0.0,0.0,0.0,0.0,0.0,16,108|154|53|179|249,64,all_filtered,9,True,D:\Running_Place\PostGraduateProjects\Experiments\PostGraduate\backbones\PertubatedBNStatistics\Baseline-SegSADG\shot5\Seed4
PertubatedBNStatistics,Disperssion+Seg-SADG,Baseline-SegSADG,Baseline-SegSADG,Seg-SADG,Baseline-SegSADG,baseline_segsadg,shallow,0.1,0.1,1.0,0.05,0.1,0.001,0.0001,0.001,0.05,0.5,0.05,rho0p05,new_training,5,4,183,0.029274055967107415,0.029274055967107415,0.02918216271791607,0.0018378691966063343,0.02350671961903572,0.09127028426155448,0.05,0.0,0.0,0.0,0.0,0.0,0.0,16,108|154|53|179|249,64,all_filtered,9,True,D:\Running_Place\PostGraduateProjects\Experiments\PostGraduate\backbones\PertubatedBNStatistics\Baseline-SegSADG\shot5\Seed4
PertubatedBNStatistics,Disperssion+Seg-SADG,Baseline-SegSADG,Baseline-SegSADG,Seg-SADG,Baseline-SegSADG,baseline_segsadg,shallow,0.1,0.1,1.0,0.05,0.1,0.001,0.0001,0.001,0.05,0.5,0.05,rho0p05,new_training,5,4,184,0.029806243954226375,0.029806243954226375,0.029711312847211957,0.0018986304858117364,0.023488627281039953,0.09592591598629951,0.05,0.0,0.0,0.0,0.0,0.0,0.0,16,108|154|53|179|249,64,all_filtered,9,True,D:\Running_Place\PostGraduateProjects\Experiments\PostGraduate\backbones\PertubatedBNStatistics\Baseline-SegSADG\shot5\Seed4
PertubatedBNStatistics,Disperssion+Seg-SADG,Baseline-SegSADG,Baseline-SegSADG,Seg-SADG,Baseline-SegSADG,baseline_segsadg,shallow,0.1,0.1,1.0,0.05,0.1,0.001,0.0001,0.001,0.05,0.5,0.05,rho0p05,new_training,5,4,185,0.028717332519590855,0.028717332519590855,0.028617022093385458,0.0020062070252606645,0.02296258823480457,0.08913445612415671,0.05,0.0,0.0,0.0,0.0,0.0,0.0,16,108|154|53|179|249,64,all_filtered,9,True,D:\Running_Place\PostGraduateProjects\Experiments\PostGraduate\backbones\PertubatedBNStatistics\Baseline-SegSADG\shot5\Seed4
PertubatedBNStatistics,Disperssion+Seg-SADG,Baseline-SegSADG,Baseline-SegSADG,Seg-SADG,Baseline-SegSADG,baseline_segsadg,shallow,0.1,0.1,1.0,0.05,0.1,0.001,0.0001,0.001,0.05,0.5,0.05,rho0p05,new_training,5,4,186,0.02884278097189963,0.02884278097189963,0.028753893682733178,0.0017777415705495514,0.022896868526004255,0.0933450236916542,0.05,0.0,0.0,0.0,0.0,0.0,0.0,16,108|154|53|179|249,64,all_filtered,9,True,D:\Running_Place\PostGraduateProjects\Experiments\PostGraduate\backbones\PertubatedBNStatistics\Baseline-SegSADG\shot5\Seed4
PertubatedBNStatistics,Disperssion+Seg-SADG,Baseline-SegSADG,Baseline-SegSADG,Seg-SADG,Baseline-SegSADG,baseline_segsadg,shallow,0.1,0.1,1.0,0.05,0.1,0.001,0.0001,0.001,0.05,0.5,0.05,rho0p05,new_training,5,4,187,0.028289863257668912,0.028289863257668912,0.028202743735164404,0.0017423928293283097,0.02245620172470808,0.08890601759776473,0.05,0.0,0.0,0.0,0.0,0.0,0.0,16,108|154|53|179|249,64,all_filtered,9,True,D:\Running_Place\PostGraduateProjects\Experiments\PostGraduate\backbones\PertubatedBNStatistics\Baseline-SegSADG\shot5\Seed4
PertubatedBNStatistics,Disperssion+Seg-SADG,Baseline-SegSADG,Baseline-SegSADG,Seg-SADG,Baseline-SegSADG,baseline_segsadg,shallow,0.1,0.1,1.0,0.05,0.1,0.001,0.0001,0.001,0.05,0.5,0.05,rho0p05,new_training,5,4,188,0.027879054774530232,0.027879054774530232,0.02779122267384082,0.0017566451351740398,0.022237725439481437,0.08696635160595179,0.05,0.0,0.0,0.0,0.0,0.0,0.0,16,108|154|53|179|249,64,all_filtered,9,True,D:\Running_Place\PostGraduateProjects\Experiments\PostGraduate\backbones\PertubatedBNStatistics\Baseline-SegSADG\shot5\Seed4
PertubatedBNStatistics,Disperssion+Seg-SADG,Baseline-SegSADG,Baseline-SegSADG,Seg-SADG,Baseline-SegSADG,baseline_segsadg,shallow,0.1,0.1,1.0,0.05,0.1,0.001,0.0001,0.001,0.05,0.5,0.05,rho0p05,new_training,5,4,189,0.02871499618049711,0.02871499618049711,0.028631589259020984,0.0016681387278367765,0.02216546586714685,0.09670871403068304,0.05,0.0,0.0,0.0,0.0,0.0,0.0,16,108|154|53|179|249,64,all_filtered,9,True,D:\Running_Place\PostGraduateProjects\Experiments\PostGraduate\backbones\PertubatedBNStatistics\Baseline-SegSADG\shot5\Seed4
PertubatedBNStatistics,Disperssion+Seg-SADG,Baseline-SegSADG,Baseline-SegSADG,Seg-SADG,Baseline-SegSADG,baseline_segsadg,shallow,0.1,0.1,1.0,0.05,0.1,0.001,0.0001,0.001,0.05,0.5,0.05,rho0p05,new_training,5,4,190,0.029686498222872615,0.029686498222872615,0.029594490421004593,0.0018401584457024,0.022865814971737564,0.10448209242895246,0.05,0.0,0.0,0.0,0.0,0.0,0.0,16,108|154|53|179|249,64,all_filtered,9,True,D:\Running_Place\PostGraduateProjects\Experiments\PostGraduate\backbones\PertubatedBNStatistics\Baseline-SegSADG\shot5\Seed4
PertubatedBNStatistics,Disperssion+Seg-SADG,Baseline-SegSADG,Baseline-SegSADG,Seg-SADG,Baseline-SegSADG,baseline_segsadg,shallow,0.1,0.1,1.0,0.05,0.1,0.001,0.0001,0.001,0.05,0.5,0.05,rho0p05,new_training,5,4,191,0.029253429849632084,0.029253429849632084,0.029167375876568258,0.0017210815713042393,0.022837066208012402,0.09922210406512022,0.05,0.0,0.0,0.0,0.0,0.0,0.0,16,108|154|53|179|249,64,all_filtered,9,True,D:\Running_Place\PostGraduateProjects\Experiments\PostGraduate\backbones\PertubatedBNStatistics\Baseline-SegSADG\shot5\Seed4
PertubatedBNStatistics,Disperssion+Seg-SADG,Baseline-SegSADG,Baseline-SegSADG,Seg-SADG,Baseline-SegSADG,baseline_segsadg,shallow,0.1,0.1,1.0,0.05,0.1,0.001,0.0001,0.001,0.05,0.5,0.05,rho0p05,new_training,5,4,192,0.028589752269908786,0.028589752269908786,0.028496509650722146,0.001864856923930347,0.022555349860340357,0.09349686186760664,0.05,0.0,0.0,0.0,0.0,0.0,0.0,16,108|154|53|179|249,64,all_filtered,9,True,D:\Running_Place\PostGraduateProjects\Experiments\PostGraduate\backbones\PertubatedBNStatistics\Baseline-SegSADG\shot5\Seed4
PertubatedBNStatistics,Disperssion+Seg-SADG,Baseline-SegSADG,Baseline-SegSADG,Seg-SADG,Baseline-SegSADG,baseline_segsadg,shallow,0.1,0.1,1.0,0.05,0.1,0.001,0.0001,0.001,0.05,0.5,0.05,rho0p05,new_training,5,4,193,0.029098459403030574,0.029098459403030574,0.029007540084421635,0.001818385957449209,0.022386662662029266,0.10276236897334456,0.05,0.0,0.0,0.0,0.0,0.0,0.0,16,108|154|53|179|249,64,all_filtered,9,True,D:\Running_Place\PostGraduateProjects\Experiments\PostGraduate\backbones\PertubatedBNStatistics\Baseline-SegSADG\shot5\Seed4
PertubatedBNStatistics,Disperssion+Seg-SADG,Baseline-SegSADG,Baseline-SegSADG,Seg-SADG,Baseline-SegSADG,baseline_segsadg,shallow,0.1,0.1,1.0,0.05,0.1,0.001,0.0001,0.001,0.05,0.5,0.05,rho0p05,new_training,5,4,194,0.02828511002007872,0.02828511002007872,0.028198161395266652,0.0017389706190442666,0.022075312095694244,0.09780998900532722,0.05,0.0,0.0,0.0,0.0,0.0,0.0,16,108|154|53|179|249,64,all_filtered,9,True,D:\Running_Place\PostGraduateProjects\Experiments\PostGraduate\backbones\PertubatedBNStatistics\Baseline-SegSADG\shot5\Seed4
PertubatedBNStatistics,Disperssion+Seg-SADG,Baseline-SegSADG,Baseline-SegSADG,Seg-SADG,Baseline-SegSADG,baseline_segsadg,shallow,0.1,0.1,1.0,0.05,0.1,0.001,0.0001,0.001,0.05,0.5,0.05,rho0p05,new_training,5,4,195,0.02753106621094048,0.02753106621094048,0.02744812169112265,0.0016588897051406093,0.021650600363500416,0.09080792311578989,0.05,0.0,0.0,0.0,0.0,0.0,0.0,16,108|154|53|179|249,64,all_filtered,9,True,D:\Running_Place\PostGraduateProjects\Experiments\PostGraduate\backbones\PertubatedBNStatistics\Baseline-SegSADG\shot5\Seed4
PertubatedBNStatistics,Disperssion+Seg-SADG,Baseline-SegSADG,Baseline-SegSADG,Seg-SADG,Baseline-SegSADG,baseline_segsadg,shallow,0.1,0.1,1.0,0.05,0.1,0.001,0.0001,0.001,0.05,0.5,0.05,rho0p05,new_training,5,4,196,0.026245660148561,0.026245660148561,0.026161001180298626,0.0016931785212364048,0.020962656708434224,0.083041668869555,0.05,0.0,0.0,0.0,0.0,0.0,0.0,16,108|154|53|179|249,64,all_filtered,9,True,D:\Running_Place\PostGraduateProjects\Experiments\PostGraduate\backbones\PertubatedBNStatistics\Baseline-SegSADG\shot5\Seed4
PertubatedBNStatistics,Disperssion+Seg-SADG,Baseline-SegSADG,Baseline-SegSADG,Seg-SADG,Baseline-SegSADG,baseline_segsadg,shallow,0.1,0.1,1.0,0.05,0.1,0.001,0.0001,0.001,0.05,0.5,0.05,rho0p05,new_training,5,4,197,0.02624815981835127,0.02624815981835127,0.026167431962676346,0.001614558816072531,0.02070643554907292,0.08648674376308918,0.05,0.0,0.0,0.0,0.0,0.0,0.0,16,108|154|53|179|249,64,all_filtered,9,True,D:\Running_Place\PostGraduateProjects\Experiments\PostGraduate\backbones\PertubatedBNStatistics\Baseline-SegSADG\shot5\Seed4
PertubatedBNStatistics,Disperssion+Seg-SADG,Baseline-SegSADG,Baseline-SegSADG,Seg-SADG,Baseline-SegSADG,baseline_segsadg,shallow,0.1,0.1,1.0,0.05,0.1,0.001,0.0001,0.001,0.05,0.5,0.05,rho0p05,new_training,5,4,198,0.02742105722427368,0.02742105722427368,0.027337698615156114,0.001667169970460236,0.021012478275224566,0.09705653320997953,0.05,0.0,0.0,0.0,0.0,0.0,0.0,16,108|154|53|179|249,64,all_filtered,9,True,D:\Running_Place\PostGraduateProjects\Experiments\PostGraduate\backbones\PertubatedBNStatistics\Baseline-SegSADG\shot5\Seed4
PertubatedBNStatistics,Disperssion+Seg-SADG,Baseline-SegSADG,Baseline-SegSADG,Seg-SADG,Baseline-SegSADG,baseline_segsadg,shallow,0.1,0.1,1.0,0.05,0.1,0.001,0.0001,0.001,0.05,0.5,0.05,rho0p05,new_training,5,4,199,0.027499487972818315,0.027499487972818315,0.027417081408202648,0.0016481351412949152,0.021134282811544836,0.0973334782756865,0.05,0.0,0.0,0.0,0.0,0.0,0.0,16,108|154|53|179|249,64,all_filtered,9,True,D:\Running_Place\PostGraduateProjects\Experiments\PostGraduate\backbones\PertubatedBNStatistics\Baseline-SegSADG\shot5\Seed4
PertubatedBNStatistics,Disperssion+Seg-SADG,Baseline-SegSADG,Baseline-SegSADG,Seg-SADG,Baseline-SegSADG,baseline_segsadg,shallow,0.1,0.1,1.0,0.05,0.1,0.001,0.0001,0.001,0.05,0.5,0.05,rho0p05,new_training,5,4,200,0.026754708029329777,0.026754708029329777,0.026674976339563727,0.0015946297389746178,0.02084175532218069,0.09192889416590333,0.05,0.0,0.0,0.0,0.0,0.0,0.0,16,108|154|53|179|249,64,all_filtered,9,True,D:\Running_Place\PostGraduateProjects\Experiments\PostGraduate\backbones\PertubatedBNStatistics\Baseline-SegSADG\shot5\Seed4
