experiment,base_method,loss_mode,ablation,sadg_method,bn_method,bn_method_tag,bn_layers,bn_mu_std,bn_logvar_std,bn_adv_radius,lambda_bn_cons,lambda_bn_adv,lambda_bn_sens,lambda_bn_affine,lambda_bn_compact,lambda_disp,dice_weight,rho,rho_tag,checkpoint_source,shot,seed,epoch,train_loss,train_base_loss,train_seg_loss,train_disp_loss,epsilon_loss,sadg_grad_norm,perturb_norm,bn_cons_loss,bn_adv_loss,bn_sens_loss,bn_affine_loss,bn_compact_loss,bn_total_reg_loss,steps,train_case_ids,n_train_slices,slice_policy,num_middle_slices,filter_min_fg,output_dir
PertubatedBNStatistics,Disperssion+Seg-SADG,Baseline-SegSADG,Baseline-SegSADG,Seg-SADG,Baseline-SegSADG,baseline_segsadg,shallow,0.1,0.1,1.0,0.05,0.1,0.001,0.0001,0.001,0.05,0.5,0.05,rho0p05,new_training,4,0,1,1.414041131734848,1.414041131734848,1.387468655904134,0.5314493676026663,1.2808276017506917,2.071190079053243,0.05000000000000001,0.0,0.0,0.0,0.0,0.0,0.0,12,179|180|23|126,46,all_filtered,9,True,D:\Running_Place\PostGraduateProjects\Experiments\PostGraduate\backbones\PertubatedBNStatistics\Baseline-SegSADG\shot4\Seed0
PertubatedBNStatistics,Disperssion+Seg-SADG,Baseline-SegSADG,Baseline-SegSADG,Seg-SADG,Baseline-SegSADG,baseline_segsadg,shallow,0.1,0.1,1.0,0.05,0.1,0.001,0.0001,0.001,0.05,0.5,0.05,rho0p05,new_training,4,0,2,1.0755641559759777,1.0755641559759777,1.0540797859430313,0.4296872715155284,0.9938334425290426,1.1269747366507847,0.05000000000000001,0.0,0.0,0.0,0.0,0.0,0.0,12,179|180|23|126,46,all_filtered,9,True,D:\Running_Place\PostGraduateProjects\Experiments\PostGraduate\backbones\PertubatedBNStatistics\Baseline-SegSADG\shot4\Seed0
PertubatedBNStatistics,Disperssion+Seg-SADG,Baseline-SegSADG,Baseline-SegSADG,Seg-SADG,Baseline-SegSADG,baseline_segsadg,shallow,0.1,0.1,1.0,0.05,0.1,0.001,0.0001,0.001,0.05,0.5,0.05,rho0p05,new_training,4,0,3,0.957357277472814,0.957357277472814,0.9355613738298416,0.4359184056520462,0.8797063132127126,0.9670978436867396,0.05000000000000001,0.0,0.0,0.0,0.0,0.0,0.0,12,179|180|23|126,46,all_filtered,9,True,D:\Running_Place\PostGraduateProjects\Experiments\PostGraduate\backbones\PertubatedBNStatistics\Baseline-SegSADG\shot4\Seed0
PertubatedBNStatistics,Disperssion+Seg-SADG,Baseline-SegSADG,Baseline-SegSADG,Seg-SADG,Baseline-SegSADG,baseline_segsadg,shallow,0.1,0.1,1.0,0.05,0.1,0.001,0.0001,0.001,0.05,0.5,0.05,rho0p05,new_training,4,0,4,0.864488755663236,0.864488755663236,0.845032200217247,0.38913094252347946,0.7970541218916575,0.8903603951136271,0.05000000000000001,0.0,0.0,0.0,0.0,0.0,0.0,12,179|180|23|126,46,all_filtered,9,True,D:\Running_Place\PostGraduateProjects\Experiments\PostGraduate\backbones\PertubatedBNStatistics\Baseline-SegSADG\shot4\Seed0
PertubatedBNStatistics,Disperssion+Seg-SADG,Baseline-SegSADG,Baseline-SegSADG,Seg-SADG,Baseline-SegSADG,baseline_segsadg,shallow,0.1,0.1,1.0,0.05,0.1,0.001,0.0001,0.001,0.05,0.5,0.05,rho0p05,new_training,4,0,5,0.7720087865988413,0.7720087865988413,0.7593948046366373,0.25227953493595123,0.7142789363861084,0.8438685188690821,0.05000000000000001,0.0,0.0,0.0,0.0,0.0,0.0,12,179|180|23|126,46,all_filtered,9,True,D:\Running_Place\PostGraduateProjects\Experiments\PostGraduate\backbones\PertubatedBNStatistics\Baseline-SegSADG\shot4\Seed0
PertubatedBNStatistics,Disperssion+Seg-SADG,Baseline-SegSADG,Baseline-SegSADG,Seg-SADG,Baseline-SegSADG,baseline_segsadg,shallow,0.1,0.1,1.0,0.05,0.1,0.001,0.0001,0.001,0.05,0.5,0.05,rho0p05,new_training,4,0,6,0.693930447101593,0.693930447101593,0.6887116978565851,0.10437494081755479,0.6416246791680654,0.8458240479230881,0.05000000000000001,0.0,0.0,0.0,0.0,0.0,0.0,12,179|180|23|126,46,all_filtered,9,True,D:\Running_Place\PostGraduateProjects\Experiments\PostGraduate\backbones\PertubatedBNStatistics\Baseline-SegSADG\shot4\Seed0
PertubatedBNStatistics,Disperssion+Seg-SADG,Baseline-SegSADG,Baseline-SegSADG,Seg-SADG,Baseline-SegSADG,baseline_segsadg,shallow,0.1,0.1,1.0,0.05,0.1,0.001,0.0001,0.001,0.05,0.5,0.05,rho0p05,new_training,4,0,7,0.6467246313889822,0.6467246313889822,0.6439457684755325,0.055577431339770555,0.6027490347623825,0.7665773232777914,0.05000000000000001,0.0,0.0,0.0,0.0,0.0,0.0,12,179|180|23|126,46,all_filtered,9,True,D:\Running_Place\PostGraduateProjects\Experiments\PostGraduate\backbones\PertubatedBNStatistics\Baseline-SegSADG\shot4\Seed0
PertubatedBNStatistics,Disperssion+Seg-SADG,Baseline-SegSADG,Baseline-SegSADG,Seg-SADG,Baseline-SegSADG,baseline_segsadg,shallow,0.1,0.1,1.0,0.05,0.1,0.001,0.0001,0.001,0.05,0.5,0.05,rho0p05,new_training,4,0,8,0.6029932101567587,0.6029932101567587,0.6005305548508962,0.04925329082955917,0.5615214159091314,0.6944810301065445,0.05000000000000001,0.0,0.0,0.0,0.0,0.0,0.0,12,179|180|23|126,46,all_filtered,9,True,D:\Running_Place\PostGraduateProjects\Experiments\PostGraduate\backbones\PertubatedBNStatistics\Baseline-SegSADG\shot4\Seed0
PertubatedBNStatistics,Disperssion+Seg-SADG,Baseline-SegSADG,Baseline-SegSADG,Seg-SADG,Baseline-SegSADG,baseline_segsadg,shallow,0.1,0.1,1.0,0.05,0.1,0.001,0.0001,0.001,0.05,0.5,0.05,rho0p05,new_training,4,0,9,0.5635180920362473,0.5635180920362473,0.5609720895687739,0.050920006508628525,0.525883768995603,0.6665745427211126,0.05000000000000001,0.0,0.0,0.0,0.0,0.0,0.0,12,179|180|23|126,46,all_filtered,9,True,D:\Running_Place\PostGraduateProjects\Experiments\PostGraduate\backbones\PertubatedBNStatistics\Baseline-SegSADG\shot4\Seed0
PertubatedBNStatistics,Disperssion+Seg-SADG,Baseline-SegSADG,Baseline-SegSADG,Seg-SADG,Baseline-SegSADG,baseline_segsadg,shallow,0.1,0.1,1.0,0.05,0.1,0.001,0.0001,0.001,0.05,0.5,0.05,rho0p05,new_training,4,0,10,0.5337107429901758,0.5337107429901758,0.5321519176165262,0.031176648413141567,0.4987094004948934,0.6581577410300573,0.05000000000000001,0.0,0.0,0.0,0.0,0.0,0.0,12,179|180|23|126,46,all_filtered,9,True,D:\Running_Place\PostGraduateProjects\Experiments\PostGraduate\backbones\PertubatedBNStatistics\Baseline-SegSADG\shot4\Seed0
PertubatedBNStatistics,Disperssion+Seg-SADG,Baseline-SegSADG,Baseline-SegSADG,Seg-SADG,Baseline-SegSADG,baseline_segsadg,shallow,0.1,0.1,1.0,0.05,0.1,0.001,0.0001,0.001,0.05,0.5,0.05,rho0p05,new_training,4,0,11,0.5129692529638609,0.5129692529638609,0.5111562510331472,0.03626000229269266,0.47632306317488354,0.6382052898406982,0.05000000000000001,0.0,0.0,0.0,0.0,0.0,0.0,12,179|180|23|126,46,all_filtered,9,True,D:\Running_Place\PostGraduateProjects\Experiments\PostGraduate\backbones\PertubatedBNStatistics\Baseline-SegSADG\shot4\Seed0
PertubatedBNStatistics,Disperssion+Seg-SADG,Baseline-SegSADG,Baseline-SegSADG,Seg-SADG,Baseline-SegSADG,baseline_segsadg,shallow,0.1,0.1,1.0,0.05,0.1,0.001,0.0001,0.001,0.05,0.5,0.05,rho0p05,new_training,4,0,12,0.48480965693791706,0.48480965693791706,0.4828714256485303,0.03876459070791801,0.45178286731243134,0.5663462728261948,0.05000000000000001,0.0,0.0,0.0,0.0,0.0,0.0,12,179|180|23|126,46,all_filtered,9,True,D:\Running_Place\PostGraduateProjects\Experiments\PostGraduate\backbones\PertubatedBNStatistics\Baseline-SegSADG\shot4\Seed0
PertubatedBNStatistics,Disperssion+Seg-SADG,Baseline-SegSADG,Baseline-SegSADG,Seg-SADG,Baseline-SegSADG,baseline_segsadg,shallow,0.1,0.1,1.0,0.05,0.1,0.001,0.0001,0.001,0.05,0.5,0.05,rho0p05,new_training,4,0,13,0.4560902714729309,0.4560902714729309,0.45445260405540466,0.03275334198648731,0.42625876019398373,0.5240008806188902,0.05000000000000001,0.0,0.0,0.0,0.0,0.0,0.0,12,179|180|23|126,46,all_filtered,9,True,D:\Running_Place\PostGraduateProjects\Experiments\PostGraduate\backbones\PertubatedBNStatistics\Baseline-SegSADG\shot4\Seed0
PertubatedBNStatistics,Disperssion+Seg-SADG,Baseline-SegSADG,Baseline-SegSADG,Seg-SADG,Baseline-SegSADG,baseline_segsadg,shallow,0.1,0.1,1.0,0.05,0.1,0.001,0.0001,0.001,0.05,0.5,0.05,rho0p05,new_training,4,0,14,0.42769230405489606,0.42769230405489606,0.4262211670478185,0.029422653528551262,0.3991067359844844,0.5068509032328924,0.05000000000000001,0.0,0.0,0.0,0.0,0.0,0.0,12,179|180|23|126,46,all_filtered,9,True,D:\Running_Place\PostGraduateProjects\Experiments\PostGraduate\backbones\PertubatedBNStatistics\Baseline-SegSADG\shot4\Seed0
PertubatedBNStatistics,Disperssion+Seg-SADG,Baseline-SegSADG,Baseline-SegSADG,Seg-SADG,Baseline-SegSADG,baseline_segsadg,shallow,0.1,0.1,1.0,0.05,0.1,0.001,0.0001,0.001,0.05,0.5,0.05,rho0p05,new_training,4,0,15,0.40450072040160495,0.40450072040160495,0.40311607470115024,0.02769291043902437,0.377591277162234,0.4823233063022296,0.05000000000000001,0.0,0.0,0.0,0.0,0.0,0.0,12,179|180|23|126,46,all_filtered,9,True,D:\Running_Place\PostGraduateProjects\Experiments\PostGraduate\backbones\PertubatedBNStatistics\Baseline-SegSADG\shot4\Seed0
PertubatedBNStatistics,Disperssion+Seg-SADG,Baseline-SegSADG,Baseline-SegSADG,Seg-SADG,Baseline-SegSADG,baseline_segsadg,shallow,0.1,0.1,1.0,0.05,0.1,0.001,0.0001,0.001,0.05,0.5,0.05,rho0p05,new_training,4,0,16,0.38759461293617886,0.38759461293617886,0.38614849994579953,0.028922295353064936,0.3591749618450801,0.5118499398231506,0.05000000000000001,0.0,0.0,0.0,0.0,0.0,0.0,12,179|180|23|126,46,all_filtered,9,True,D:\Running_Place\PostGraduateProjects\Experiments\PostGraduate\backbones\PertubatedBNStatistics\Baseline-SegSADG\shot4\Seed0
PertubatedBNStatistics,Disperssion+Seg-SADG,Baseline-SegSADG,Baseline-SegSADG,Seg-SADG,Baseline-SegSADG,baseline_segsadg,shallow,0.1,0.1,1.0,0.05,0.1,0.001,0.0001,0.001,0.05,0.5,0.05,rho0p05,new_training,4,0,17,0.3651074195901553,0.3651074195901553,0.36384055266777676,0.025337309887011845,0.3384498208761215,0.4727163265148799,0.05000000000000001,0.0,0.0,0.0,0.0,0.0,0.0,12,179|180|23|126,46,all_filtered,9,True,D:\Running_Place\PostGraduateProjects\Experiments\PostGraduate\backbones\PertubatedBNStatistics\Baseline-SegSADG\shot4\Seed0
PertubatedBNStatistics,Disperssion+Seg-SADG,Baseline-SegSADG,Baseline-SegSADG,Seg-SADG,Baseline-SegSADG,baseline_segsadg,shallow,0.1,0.1,1.0,0.05,0.1,0.001,0.0001,0.001,0.05,0.5,0.05,rho0p05,new_training,4,0,18,0.3427512546380361,0.3427512546380361,0.34147821615139645,0.02546073030680418,0.3173023611307144,0.44559946407874423,0.05000000000000001,0.0,0.0,0.0,0.0,0.0,0.0,12,179|180|23|126,46,all_filtered,9,True,D:\Running_Place\PostGraduateProjects\Experiments\PostGraduate\backbones\PertubatedBNStatistics\Baseline-SegSADG\shot4\Seed0
PertubatedBNStatistics,Disperssion+Seg-SADG,Baseline-SegSADG,Baseline-SegSADG,Seg-SADG,Baseline-SegSADG,baseline_segsadg,shallow,0.1,0.1,1.0,0.05,0.1,0.001,0.0001,0.001,0.05,0.5,0.05,rho0p05,new_training,4,0,19,0.3178773547212283,0.3178773547212283,0.3166625027855237,0.024297131691128016,0.2940777614712715,0.42363739013671875,0.05000000000000001,0.0,0.0,0.0,0.0,0.0,0.0,12,179|180|23|126,46,all_filtered,9,True,D:\Running_Place\PostGraduateProjects\Experiments\PostGraduate\backbones\PertubatedBNStatistics\Baseline-SegSADG\shot4\Seed0
PertubatedBNStatistics,Disperssion+Seg-SADG,Baseline-SegSADG,Baseline-SegSADG,Seg-SADG,Baseline-SegSADG,baseline_segsadg,shallow,0.1,0.1,1.0,0.05,0.1,0.001,0.0001,0.001,0.05,0.5,0.05,rho0p05,new_training,4,0,20,0.3010144780079524,0.3010144780079524,0.2997433121005694,0.02542337744186322,0.27700455983479816,0.4102464094758034,0.05000000000000001,0.0,0.0,0.0,0.0,0.0,0.0,12,179|180|23|126,46,all_filtered,9,True,D:\Running_Place\PostGraduateProjects\Experiments\PostGraduate\backbones\PertubatedBNStatistics\Baseline-SegSADG\shot4\Seed0
PertubatedBNStatistics,Disperssion+Seg-SADG,Baseline-SegSADG,Baseline-SegSADG,Seg-SADG,Baseline-SegSADG,baseline_segsadg,shallow,0.1,0.1,1.0,0.05,0.1,0.001,0.0001,0.001,0.05,0.5,0.05,rho0p05,new_training,4,0,21,0.2830139522751172,0.2830139522751172,0.2818565567334493,0.023147840828945238,0.26009612902998924,0.3909090980887413,0.05000000000000001,0.0,0.0,0.0,0.0,0.0,0.0,12,179|180|23|126,46,all_filtered,9,True,D:\Running_Place\PostGraduateProjects\Experiments\PostGraduate\backbones\PertubatedBNStatistics\Baseline-SegSADG\shot4\Seed0
PertubatedBNStatistics,Disperssion+Seg-SADG,Baseline-SegSADG,Baseline-SegSADG,Seg-SADG,Baseline-SegSADG,baseline_segsadg,shallow,0.1,0.1,1.0,0.05,0.1,0.001,0.0001,0.001,0.05,0.5,0.05,rho0p05,new_training,4,0,22,0.273318516711394,0.273318516711394,0.27203600853681564,0.025650222785770893,0.24912825847665468,0.41103337456782657,0.05000000000000001,0.0,0.0,0.0,0.0,0.0,0.0,12,179|180|23|126,46,all_filtered,9,True,D:\Running_Place\PostGraduateProjects\Experiments\PostGraduate\backbones\PertubatedBNStatistics\Baseline-SegSADG\shot4\Seed0
PertubatedBNStatistics,Disperssion+Seg-SADG,Baseline-SegSADG,Baseline-SegSADG,Seg-SADG,Baseline-SegSADG,baseline_segsadg,shallow,0.1,0.1,1.0,0.05,0.1,0.001,0.0001,0.001,0.05,0.5,0.05,rho0p05,new_training,4,0,23,0.2580021681884925,0.2580021681884925,0.2568728302915891,0.022586719909061987,0.2362778720756372,0.3681478252013524,0.05000000000000001,0.0,0.0,0.0,0.0,0.0,0.0,12,179|180|23|126,46,all_filtered,9,True,D:\Running_Place\PostGraduateProjects\Experiments\PostGraduate\backbones\PertubatedBNStatistics\Baseline-SegSADG\shot4\Seed0
PertubatedBNStatistics,Disperssion+Seg-SADG,Baseline-SegSADG,Baseline-SegSADG,Seg-SADG,Baseline-SegSADG,baseline_segsadg,shallow,0.1,0.1,1.0,0.05,0.1,0.001,0.0001,0.001,0.05,0.5,0.05,rho0p05,new_training,4,0,24,0.24626681581139565,0.24626681581139565,0.2451509547730287,0.0223172662469248,0.22437533363699913,0.3623540475964546,0.05000000000000001,0.0,0.0,0.0,0.0,0.0,0.0,12,179|180|23|126,46,all_filtered,9,True,D:\Running_Place\PostGraduateProjects\Experiments\PostGraduate\backbones\PertubatedBNStatistics\Baseline-SegSADG\shot4\Seed0
PertubatedBNStatistics,Disperssion+Seg-SADG,Baseline-SegSADG,Baseline-SegSADG,Seg-SADG,Baseline-SegSADG,baseline_segsadg,shallow,0.1,0.1,1.0,0.05,0.1,0.001,0.0001,0.001,0.05,0.5,0.05,rho0p05,new_training,4,0,25,0.23684456323583922,0.23684456323583922,0.23573069274425507,0.02227742380152146,0.21610204627116522,0.35613318035999936,0.05000000000000001,0.0,0.0,0.0,0.0,0.0,0.0,12,179|180|23|126,46,all_filtered,9,True,D:\Running_Place\PostGraduateProjects\Experiments\PostGraduate\backbones\PertubatedBNStatistics\Baseline-SegSADG\shot4\Seed0
PertubatedBNStatistics,Disperssion+Seg-SADG,Baseline-SegSADG,Baseline-SegSADG,Seg-SADG,Baseline-SegSADG,baseline_segsadg,shallow,0.1,0.1,1.0,0.05,0.1,0.001,0.0001,0.001,0.05,0.5,0.05,rho0p05,new_training,4,0,26,0.2235450061659018,0.2235450061659018,0.22253539537390074,0.020192251230279606,0.20445197820663452,0.3242496500412623,0.05000000000000001,0.0,0.0,0.0,0.0,0.0,0.0,12,179|180|23|126,46,all_filtered,9,True,D:\Running_Place\PostGraduateProjects\Experiments\PostGraduate\backbones\PertubatedBNStatistics\Baseline-SegSADG\shot4\Seed0
PertubatedBNStatistics,Disperssion+Seg-SADG,Baseline-SegSADG,Baseline-SegSADG,Seg-SADG,Baseline-SegSADG,baseline_segsadg,shallow,0.1,0.1,1.0,0.05,0.1,0.001,0.0001,0.001,0.05,0.5,0.05,rho0p05,new_training,4,0,27,0.20753880217671394,0.20753880217671394,0.20662030453483263,0.018369965410480898,0.19006039947271347,0.2992824961741765,0.05000000000000001,0.0,0.0,0.0,0.0,0.0,0.0,12,179|180|23|126,46,all_filtered,9,True,D:\Running_Place\PostGraduateProjects\Experiments\PostGraduate\backbones\PertubatedBNStatistics\Baseline-SegSADG\shot4\Seed0
PertubatedBNStatistics,Disperssion+Seg-SADG,Baseline-SegSADG,Baseline-SegSADG,Seg-SADG,Baseline-SegSADG,baseline_segsadg,shallow,0.1,0.1,1.0,0.05,0.1,0.001,0.0001,0.001,0.05,0.5,0.05,rho0p05,new_training,4,0,28,0.19810421640674272,0.19810421640674272,0.19715925306081772,0.018899282130102318,0.18053202455242476,0.29086164633433026,0.05000000000000001,0.0,0.0,0.0,0.0,0.0,0.0,12,179|180|23|126,46,all_filtered,9,True,D:\Running_Place\PostGraduateProjects\Experiments\PostGraduate\backbones\PertubatedBNStatistics\Baseline-SegSADG\shot4\Seed0
PertubatedBNStatistics,Disperssion+Seg-SADG,Baseline-SegSADG,Baseline-SegSADG,Seg-SADG,Baseline-SegSADG,baseline_segsadg,shallow,0.1,0.1,1.0,0.05,0.1,0.001,0.0001,0.001,0.05,0.5,0.05,rho0p05,new_training,4,0,29,0.19073199977477392,0.19073199977477392,0.18977556253472963,0.019128774913648765,0.17229875673850378,0.290993499259154,0.05000000000000001,0.0,0.0,0.0,0.0,0.0,0.0,12,179|180|23|126,46,all_filtered,9,True,D:\Running_Place\PostGraduateProjects\Experiments\PostGraduate\backbones\PertubatedBNStatistics\Baseline-SegSADG\shot4\Seed0
PertubatedBNStatistics,Disperssion+Seg-SADG,Baseline-SegSADG,Baseline-SegSADG,Seg-SADG,Baseline-SegSADG,baseline_segsadg,shallow,0.1,0.1,1.0,0.05,0.1,0.001,0.0001,0.001,0.05,0.5,0.05,rho0p05,new_training,4,0,30,0.18186326821645102,0.18186326821645102,0.18094013631343842,0.018462611827999353,0.16547313705086708,0.2759055073062579,0.05000000000000001,0.0,0.0,0.0,0.0,0.0,0.0,12,179|180|23|126,46,all_filtered,9,True,D:\Running_Place\PostGraduateProjects\Experiments\PostGraduate\backbones\PertubatedBNStatistics\Baseline-SegSADG\shot4\Seed0
PertubatedBNStatistics,Disperssion+Seg-SADG,Baseline-SegSADG,Baseline-SegSADG,Seg-SADG,Baseline-SegSADG,baseline_segsadg,shallow,0.1,0.1,1.0,0.05,0.1,0.001,0.0001,0.001,0.05,0.5,0.05,rho0p05,new_training,4,0,31,0.17077144980430603,0.17077144980430603,0.16997711608807245,0.01588668425877889,0.15579460809628168,0.24792799850304922,0.05000000000000001,0.0,0.0,0.0,0.0,0.0,0.0,12,179|180|23|126,46,all_filtered,9,True,D:\Running_Place\PostGraduateProjects\Experiments\PostGraduate\backbones\PertubatedBNStatistics\Baseline-SegSADG\shot4\Seed0
PertubatedBNStatistics,Disperssion+Seg-SADG,Baseline-SegSADG,Baseline-SegSADG,Seg-SADG,Baseline-SegSADG,baseline_segsadg,shallow,0.1,0.1,1.0,0.05,0.1,0.001,0.0001,0.001,0.05,0.5,0.05,rho0p05,new_training,4,0,32,0.1642118146022161,0.1642118146022161,0.16340562577048937,0.01612377865239978,0.14998764420549074,0.2347042349477609,0.05000000000000001,0.0,0.0,0.0,0.0,0.0,0.0,12,179|180|23|126,46,all_filtered,9,True,D:\Running_Place\PostGraduateProjects\Experiments\PostGraduate\backbones\PertubatedBNStatistics\Baseline-SegSADG\shot4\Seed0
PertubatedBNStatistics,Disperssion+Seg-SADG,Baseline-SegSADG,Baseline-SegSADG,Seg-SADG,Baseline-SegSADG,baseline_segsadg,shallow,0.1,0.1,1.0,0.05,0.1,0.001,0.0001,0.001,0.05,0.5,0.05,rho0p05,new_training,4,0,33,0.15970360736052194,0.15970360736052194,0.158885990579923,0.01635233118819694,0.14391228059927622,0.25180703153212863,0.05000000000000001,0.0,0.0,0.0,0.0,0.0,0.0,12,179|180|23|126,46,all_filtered,9,True,D:\Running_Place\PostGraduateProjects\Experiments\PostGraduate\backbones\PertubatedBNStatistics\Baseline-SegSADG\shot4\Seed0
PertubatedBNStatistics,Disperssion+Seg-SADG,Baseline-SegSADG,Baseline-SegSADG,Seg-SADG,Baseline-SegSADG,baseline_segsadg,shallow,0.1,0.1,1.0,0.05,0.1,0.001,0.0001,0.001,0.05,0.5,0.05,rho0p05,new_training,4,0,34,0.15765738114714622,0.15765738114714622,0.15683739135662714,0.01639980380423367,0.14132553587357202,0.2671622062722842,0.05000000000000001,0.0,0.0,0.0,0.0,0.0,0.0,12,179|180|23|126,46,all_filtered,9,True,D:\Running_Place\PostGraduateProjects\Experiments\PostGraduate\backbones\PertubatedBNStatistics\Baseline-SegSADG\shot4\Seed0
PertubatedBNStatistics,Disperssion+Seg-SADG,Baseline-SegSADG,Baseline-SegSADG,Seg-SADG,Baseline-SegSADG,baseline_segsadg,shallow,0.1,0.1,1.0,0.05,0.1,0.001,0.0001,0.001,0.05,0.5,0.05,rho0p05,new_training,4,0,35,0.15057708695530891,0.15057708695530891,0.14984353010853133,0.014671162624532977,0.13543076813220978,0.2415259691576163,0.05000000000000001,0.0,0.0,0.0,0.0,0.0,0.0,12,179|180|23|126,46,all_filtered,9,True,D:\Running_Place\PostGraduateProjects\Experiments\PostGraduate\backbones\PertubatedBNStatistics\Baseline-SegSADG\shot4\Seed0
PertubatedBNStatistics,Disperssion+Seg-SADG,Baseline-SegSADG,Baseline-SegSADG,Seg-SADG,Baseline-SegSADG,baseline_segsadg,shallow,0.1,0.1,1.0,0.05,0.1,0.001,0.0001,0.001,0.05,0.5,0.05,rho0p05,new_training,4,0,36,0.14626106868187586,0.14626106868187586,0.14547019824385643,0.015817422963057954,0.131332046041886,0.2427846056719621,0.05000000000000001,0.0,0.0,0.0,0.0,0.0,0.0,12,179|180|23|126,46,all_filtered,9,True,D:\Running_Place\PostGraduateProjects\Experiments\PostGraduate\backbones\PertubatedBNStatistics\Baseline-SegSADG\shot4\Seed0
PertubatedBNStatistics,Disperssion+Seg-SADG,Baseline-SegSADG,Baseline-SegSADG,Seg-SADG,Baseline-SegSADG,baseline_segsadg,shallow,0.1,0.1,1.0,0.05,0.1,0.001,0.0001,0.001,0.05,0.5,0.05,rho0p05,new_training,4,0,37,0.14133877555529276,0.14133877555529276,0.1405825068553289,0.015125397437562546,0.1272966762383779,0.22200873494148254,0.05000000000000001,0.0,0.0,0.0,0.0,0.0,0.0,12,179|180|23|126,46,all_filtered,9,True,D:\Running_Place\PostGraduateProjects\Experiments\PostGraduate\backbones\PertubatedBNStatistics\Baseline-SegSADG\shot4\Seed0
PertubatedBNStatistics,Disperssion+Seg-SADG,Baseline-SegSADG,Baseline-SegSADG,Seg-SADG,Baseline-SegSADG,baseline_segsadg,shallow,0.1,0.1,1.0,0.05,0.1,0.001,0.0001,0.001,0.05,0.5,0.05,rho0p05,new_training,4,0,38,0.13589275317887464,0.13589275317887464,0.1351586456100146,0.014682160147155324,0.12266514326135318,0.2106680969397227,0.05000000000000001,0.0,0.0,0.0,0.0,0.0,0.0,12,179|180|23|126,46,all_filtered,9,True,D:\Running_Place\PostGraduateProjects\Experiments\PostGraduate\backbones\PertubatedBNStatistics\Baseline-SegSADG\shot4\Seed0
PertubatedBNStatistics,Disperssion+Seg-SADG,Baseline-SegSADG,Baseline-SegSADG,Seg-SADG,Baseline-SegSADG,baseline_segsadg,shallow,0.1,0.1,1.0,0.05,0.1,0.001,0.0001,0.001,0.05,0.5,0.05,rho0p05,new_training,4,0,39,0.13181997401018938,0.13181997401018938,0.1311315055936575,0.013769376634930571,0.11896412385006745,0.20791353161136308,0.05000000000000001,0.0,0.0,0.0,0.0,0.0,0.0,12,179|180|23|126,46,all_filtered,9,True,D:\Running_Place\PostGraduateProjects\Experiments\PostGraduate\backbones\PertubatedBNStatistics\Baseline-SegSADG\shot4\Seed0
PertubatedBNStatistics,Disperssion+Seg-SADG,Baseline-SegSADG,Baseline-SegSADG,Seg-SADG,Baseline-SegSADG,baseline_segsadg,shallow,0.1,0.1,1.0,0.05,0.1,0.001,0.0001,0.001,0.05,0.5,0.05,rho0p05,new_training,4,0,40,0.12979204393923283,0.12979204393923283,0.1290865826110045,0.014109249226748943,0.11636858371396859,0.20806697507699332,0.05000000000000001,0.0,0.0,0.0,0.0,0.0,0.0,12,179|180|23|126,46,all_filtered,9,True,D:\Running_Place\PostGraduateProjects\Experiments\PostGraduate\backbones\PertubatedBNStatistics\Baseline-SegSADG\shot4\Seed0
PertubatedBNStatistics,Disperssion+Seg-SADG,Baseline-SegSADG,Baseline-SegSADG,Seg-SADG,Baseline-SegSADG,baseline_segsadg,shallow,0.1,0.1,1.0,0.05,0.1,0.001,0.0001,0.001,0.05,0.5,0.05,rho0p05,new_training,4,0,41,0.12907821126282215,0.12907821126282215,0.12841439247131348,0.013276388713469109,0.1146364559729894,0.2168644778430462,0.05000000000000001,0.0,0.0,0.0,0.0,0.0,0.0,12,179|180|23|126,46,all_filtered,9,True,D:\Running_Place\PostGraduateProjects\Experiments\PostGraduate\backbones\PertubatedBNStatistics\Baseline-SegSADG\shot4\Seed0
PertubatedBNStatistics,Disperssion+Seg-SADG,Baseline-SegSADG,Baseline-SegSADG,Seg-SADG,Baseline-SegSADG,baseline_segsadg,shallow,0.1,0.1,1.0,0.05,0.1,0.001,0.0001,0.001,0.05,0.5,0.05,rho0p05,new_training,4,0,42,0.12739154510200024,0.12739154510200024,0.1267054881900549,0.01372115321767827,0.11281350317100684,0.21136400351921716,0.05000000000000001,0.0,0.0,0.0,0.0,0.0,0.0,12,179|180|23|126,46,all_filtered,9,True,D:\Running_Place\PostGraduateProjects\Experiments\PostGraduate\backbones\PertubatedBNStatistics\Baseline-SegSADG\shot4\Seed0
PertubatedBNStatistics,Disperssion+Seg-SADG,Baseline-SegSADG,Baseline-SegSADG,Seg-SADG,Baseline-SegSADG,baseline_segsadg,shallow,0.1,0.1,1.0,0.05,0.1,0.001,0.0001,0.001,0.05,0.5,0.05,rho0p05,new_training,4,0,43,0.12408249825239182,0.12408249825239182,0.12327016393343608,0.01624668521496157,0.11117265932261944,0.20272774249315262,0.05000000000000001,0.0,0.0,0.0,0.0,0.0,0.0,12,179|180|23|126,46,all_filtered,9,True,D:\Running_Place\PostGraduateProjects\Experiments\PostGraduate\backbones\PertubatedBNStatistics\Baseline-SegSADG\shot4\Seed0
PertubatedBNStatistics,Disperssion+Seg-SADG,Baseline-SegSADG,Baseline-SegSADG,Seg-SADG,Baseline-SegSADG,baseline_segsadg,shallow,0.1,0.1,1.0,0.05,0.1,0.001,0.0001,0.001,0.05,0.5,0.05,rho0p05,new_training,4,0,44,0.11882086222370465,0.11882086222370465,0.11810254864394665,0.01436625444330275,0.10625664393107097,0.1923694002131621,0.05000000000000001,0.0,0.0,0.0,0.0,0.0,0.0,12,179|180|23|126,46,all_filtered,9,True,D:\Running_Place\PostGraduateProjects\Experiments\PostGraduate\backbones\PertubatedBNStatistics\Baseline-SegSADG\shot4\Seed0
PertubatedBNStatistics,Disperssion+Seg-SADG,Baseline-SegSADG,Baseline-SegSADG,Seg-SADG,Baseline-SegSADG,baseline_segsadg,shallow,0.1,0.1,1.0,0.05,0.1,0.001,0.0001,0.001,0.05,0.5,0.05,rho0p05,new_training,4,0,45,0.11608668478826682,0.11608668478826682,0.11539896825949351,0.013754315441474319,0.10399547778069973,0.19089917341868082,0.05000000000000001,0.0,0.0,0.0,0.0,0.0,0.0,12,179|180|23|126,46,all_filtered,9,True,D:\Running_Place\PostGraduateProjects\Experiments\PostGraduate\backbones\PertubatedBNStatistics\Baseline-SegSADG\shot4\Seed0
PertubatedBNStatistics,Disperssion+Seg-SADG,Baseline-SegSADG,Baseline-SegSADG,Seg-SADG,Baseline-SegSADG,baseline_segsadg,shallow,0.1,0.1,1.0,0.05,0.1,0.001,0.0001,0.001,0.05,0.5,0.05,rho0p05,new_training,4,0,46,0.11069491071005662,0.11069491071005662,0.11002032272517681,0.013491768312330047,0.09949081639448802,0.17275483657916388,0.05000000000000001,0.0,0.0,0.0,0.0,0.0,0.0,12,179|180|23|126,46,all_filtered,9,True,D:\Running_Place\PostGraduateProjects\Experiments\PostGraduate\backbones\PertubatedBNStatistics\Baseline-SegSADG\shot4\Seed0
PertubatedBNStatistics,Disperssion+Seg-SADG,Baseline-SegSADG,Baseline-SegSADG,Seg-SADG,Baseline-SegSADG,baseline_segsadg,shallow,0.1,0.1,1.0,0.05,0.1,0.001,0.0001,0.001,0.05,0.5,0.05,rho0p05,new_training,4,0,47,0.10781442187726498,0.10781442187726498,0.10721178725361824,0.012052716066439947,0.09682300314307213,0.17051810584962368,0.05000000000000001,0.0,0.0,0.0,0.0,0.0,0.0,12,179|180|23|126,46,all_filtered,9,True,D:\Running_Place\PostGraduateProjects\Experiments\PostGraduate\backbones\PertubatedBNStatistics\Baseline-SegSADG\shot4\Seed0
PertubatedBNStatistics,Disperssion+Seg-SADG,Baseline-SegSADG,Baseline-SegSADG,Seg-SADG,Baseline-SegSADG,baseline_segsadg,shallow,0.1,0.1,1.0,0.05,0.1,0.001,0.0001,0.001,0.05,0.5,0.05,rho0p05,new_training,4,0,48,0.10760303462545077,0.10760303462545077,0.10696962165335815,0.012668265495449305,0.09575053304433823,0.18271164782345295,0.05000000000000001,0.0,0.0,0.0,0.0,0.0,0.0,12,179|180|23|126,46,all_filtered,9,True,D:\Running_Place\PostGraduateProjects\Experiments\PostGraduate\backbones\PertubatedBNStatistics\Baseline-SegSADG\shot4\Seed0
PertubatedBNStatistics,Disperssion+Seg-SADG,Baseline-SegSADG,Baseline-SegSADG,Seg-SADG,Baseline-SegSADG,baseline_segsadg,shallow,0.1,0.1,1.0,0.05,0.1,0.001,0.0001,0.001,0.05,0.5,0.05,rho0p05,new_training,4,0,49,0.10344272976120313,0.10344272976120313,0.10285290082295735,0.011796577057490746,0.0920587449024121,0.17201050867637,0.05000000000000001,0.0,0.0,0.0,0.0,0.0,0.0,12,179|180|23|126,46,all_filtered,9,True,D:\Running_Place\PostGraduateProjects\Experiments\PostGraduate\backbones\PertubatedBNStatistics\Baseline-SegSADG\shot4\Seed0
PertubatedBNStatistics,Disperssion+Seg-SADG,Baseline-SegSADG,Baseline-SegSADG,Seg-SADG,Baseline-SegSADG,baseline_segsadg,shallow,0.1,0.1,1.0,0.05,0.1,0.001,0.0001,0.001,0.05,0.5,0.05,rho0p05,new_training,4,0,50,0.10138523268202941,0.10138523268202941,0.1008224052687486,0.011256535615151128,0.09107500004271667,0.16187522746622562,0.05000000000000001,0.0,0.0,0.0,0.0,0.0,0.0,12,179|180|23|126,46,all_filtered,9,True,D:\Running_Place\PostGraduateProjects\Experiments\PostGraduate\backbones\PertubatedBNStatistics\Baseline-SegSADG\shot4\Seed0
PertubatedBNStatistics,Disperssion+Seg-SADG,Baseline-SegSADG,Baseline-SegSADG,Seg-SADG,Baseline-SegSADG,baseline_segsadg,shallow,0.1,0.1,1.0,0.05,0.1,0.001,0.0001,0.001,0.05,0.5,0.05,rho0p05,new_training,4,0,51,0.09670584462583065,0.09670584462583065,0.09613972591857116,0.011322375464563569,0.08713581350942452,0.1461589839309454,0.05000000000000001,0.0,0.0,0.0,0.0,0.0,0.0,12,179|180|23|126,46,all_filtered,9,True,D:\Running_Place\PostGraduateProjects\Experiments\PostGraduate\backbones\PertubatedBNStatistics\Baseline-SegSADG\shot4\Seed0
PertubatedBNStatistics,Disperssion+Seg-SADG,Baseline-SegSADG,Baseline-SegSADG,Seg-SADG,Baseline-SegSADG,baseline_segsadg,shallow,0.1,0.1,1.0,0.05,0.1,0.001,0.0001,0.001,0.05,0.5,0.05,rho0p05,new_training,4,0,52,0.09667244429389636,0.09667244429389636,0.09608451959987481,0.01175849799377223,0.08584749264021714,0.16460404296716055,0.05000000000000001,0.0,0.0,0.0,0.0,0.0,0.0,12,179|180|23|126,46,all_filtered,9,True,D:\Running_Place\PostGraduateProjects\Experiments\PostGraduate\backbones\PertubatedBNStatistics\Baseline-SegSADG\shot4\Seed0
PertubatedBNStatistics,Disperssion+Seg-SADG,Baseline-SegSADG,Baseline-SegSADG,Seg-SADG,Baseline-SegSADG,baseline_segsadg,shallow,0.1,0.1,1.0,0.05,0.1,0.001,0.0001,0.001,0.05,0.5,0.05,rho0p05,new_training,4,0,53,0.09662122962375481,0.09662122962375481,0.09604164212942123,0.01159174406590561,0.08427455089986324,0.18014735107620558,0.05000000000000001,0.0,0.0,0.0,0.0,0.0,0.0,12,179|180|23|126,46,all_filtered,9,True,D:\Running_Place\PostGraduateProjects\Experiments\PostGraduate\backbones\PertubatedBNStatistics\Baseline-SegSADG\shot4\Seed0
PertubatedBNStatistics,Disperssion+Seg-SADG,Baseline-SegSADG,Baseline-SegSADG,Seg-SADG,Baseline-SegSADG,baseline_segsadg,shallow,0.1,0.1,1.0,0.05,0.1,0.001,0.0001,0.001,0.05,0.5,0.05,rho0p05,new_training,4,0,54,0.09814975596964359,0.09814975596964359,0.09752536875506242,0.012487748404964805,0.08586264525850613,0.1888575665652752,0.05000000000000001,0.0,0.0,0.0,0.0,0.0,0.0,12,179|180|23|126,46,all_filtered,9,True,D:\Running_Place\PostGraduateProjects\Experiments\PostGraduate\backbones\PertubatedBNStatistics\Baseline-SegSADG\shot4\Seed0
PertubatedBNStatistics,Disperssion+Seg-SADG,Baseline-SegSADG,Baseline-SegSADG,Seg-SADG,Baseline-SegSADG,baseline_segsadg,shallow,0.1,0.1,1.0,0.05,0.1,0.001,0.0001,0.001,0.05,0.5,0.05,rho0p05,new_training,4,0,55,0.09639048452178638,0.09639048452178638,0.09586142624417941,0.010581157791117827,0.08457775662342708,0.1796810800830523,0.05000000000000001,0.0,0.0,0.0,0.0,0.0,0.0,12,179|180|23|126,46,all_filtered,9,True,D:\Running_Place\PostGraduateProjects\Experiments\PostGraduate\backbones\PertubatedBNStatistics\Baseline-SegSADG\shot4\Seed0
PertubatedBNStatistics,Disperssion+Seg-SADG,Baseline-SegSADG,Baseline-SegSADG,Seg-SADG,Baseline-SegSADG,baseline_segsadg,shallow,0.1,0.1,1.0,0.05,0.1,0.001,0.0001,0.001,0.05,0.5,0.05,rho0p05,new_training,4,0,56,0.09356264397501945,0.09356264397501945,0.09299117947618167,0.011429307439054051,0.08211083151400089,0.1734964270144701,0.05000000000000001,0.0,0.0,0.0,0.0,0.0,0.0,12,179|180|23|126,46,all_filtered,9,True,D:\Running_Place\PostGraduateProjects\Experiments\PostGraduate\backbones\PertubatedBNStatistics\Baseline-SegSADG\shot4\Seed0
PertubatedBNStatistics,Disperssion+Seg-SADG,Baseline-SegSADG,Baseline-SegSADG,Seg-SADG,Baseline-SegSADG,baseline_segsadg,shallow,0.1,0.1,1.0,0.05,0.1,0.001,0.0001,0.001,0.05,0.5,0.05,rho0p05,new_training,4,0,57,0.09016173891723156,0.09016173891723156,0.08961819546918075,0.010870869659508267,0.07967521188159783,0.1575742835799853,0.05000000000000001,0.0,0.0,0.0,0.0,0.0,0.0,12,179|180|23|126,46,all_filtered,9,True,D:\Running_Place\PostGraduateProjects\Experiments\PostGraduate\backbones\PertubatedBNStatistics\Baseline-SegSADG\shot4\Seed0
PertubatedBNStatistics,Disperssion+Seg-SADG,Baseline-SegSADG,Baseline-SegSADG,Seg-SADG,Baseline-SegSADG,baseline_segsadg,shallow,0.1,0.1,1.0,0.05,0.1,0.001,0.0001,0.001,0.05,0.5,0.05,rho0p05,new_training,4,0,58,0.08581179815034072,0.08581179815034072,0.08530445955693722,0.01014676596969366,0.07650409452617168,0.14169764580825964,0.05000000000000001,0.0,0.0,0.0,0.0,0.0,0.0,12,179|180|23|126,46,all_filtered,9,True,D:\Running_Place\PostGraduateProjects\Experiments\PostGraduate\backbones\PertubatedBNStatistics\Baseline-SegSADG\shot4\Seed0
PertubatedBNStatistics,Disperssion+Seg-SADG,Baseline-SegSADG,Baseline-SegSADG,Seg-SADG,Baseline-SegSADG,baseline_segsadg,shallow,0.1,0.1,1.0,0.05,0.1,0.001,0.0001,0.001,0.05,0.5,0.05,rho0p05,new_training,4,0,59,0.08549062597254913,0.08549062597254913,0.08494763324658076,0.010859855450689793,0.07499137644966443,0.15322695610423884,0.05000000000000001,0.0,0.0,0.0,0.0,0.0,0.0,12,179|180|23|126,46,all_filtered,9,True,D:\Running_Place\PostGraduateProjects\Experiments\PostGraduate\backbones\PertubatedBNStatistics\Baseline-SegSADG\shot4\Seed0
PertubatedBNStatistics,Disperssion+Seg-SADG,Baseline-SegSADG,Baseline-SegSADG,Seg-SADG,Baseline-SegSADG,baseline_segsadg,shallow,0.1,0.1,1.0,0.05,0.1,0.001,0.0001,0.001,0.05,0.5,0.05,rho0p05,new_training,4,0,60,0.086496210967501,0.086496210967501,0.08598102629184723,0.010303681638712684,0.07502005000909169,0.17184402359028658,0.05000000000000001,0.0,0.0,0.0,0.0,0.0,0.0,12,179|180|23|126,46,all_filtered,9,True,D:\Running_Place\PostGraduateProjects\Experiments\PostGraduate\backbones\PertubatedBNStatistics\Baseline-SegSADG\shot4\Seed0
PertubatedBNStatistics,Disperssion+Seg-SADG,Baseline-SegSADG,Baseline-SegSADG,Seg-SADG,Baseline-SegSADG,baseline_segsadg,shallow,0.1,0.1,1.0,0.05,0.1,0.001,0.0001,0.001,0.05,0.5,0.05,rho0p05,new_training,4,0,61,0.08419792167842388,0.08419792167842388,0.08369609030584495,0.010036618060742816,0.07349814971288045,0.1598160540064176,0.05000000000000001,0.0,0.0,0.0,0.0,0.0,0.0,12,179|180|23|126,46,all_filtered,9,True,D:\Running_Place\PostGraduateProjects\Experiments\PostGraduate\backbones\PertubatedBNStatistics\Baseline-SegSADG\shot4\Seed0
PertubatedBNStatistics,Disperssion+Seg-SADG,Baseline-SegSADG,Baseline-SegSADG,Seg-SADG,Baseline-SegSADG,baseline_segsadg,shallow,0.1,0.1,1.0,0.05,0.1,0.001,0.0001,0.001,0.05,0.5,0.05,rho0p05,new_training,4,0,62,0.08097024510304134,0.08097024510304134,0.08046187708775203,0.010167359995345274,0.07156798988580704,0.14261973773439726,0.05000000000000001,0.0,0.0,0.0,0.0,0.0,0.0,12,179|180|23|126,46,all_filtered,9,True,D:\Running_Place\PostGraduateProjects\Experiments\PostGraduate\backbones\PertubatedBNStatistics\Baseline-SegSADG\shot4\Seed0
PertubatedBNStatistics,Disperssion+Seg-SADG,Baseline-SegSADG,Baseline-SegSADG,Seg-SADG,Baseline-SegSADG,baseline_segsadg,shallow,0.1,0.1,1.0,0.05,0.1,0.001,0.0001,0.001,0.05,0.5,0.05,rho0p05,new_training,4,0,63,0.08160193016131718,0.08160193016131718,0.08109460895260175,0.010146417499830326,0.07061710084478061,0.1626463606953621,0.05000000000000001,0.0,0.0,0.0,0.0,0.0,0.0,12,179|180|23|126,46,all_filtered,9,True,D:\Running_Place\PostGraduateProjects\Experiments\PostGraduate\backbones\PertubatedBNStatistics\Baseline-SegSADG\shot4\Seed0
PertubatedBNStatistics,Disperssion+Seg-SADG,Baseline-SegSADG,Baseline-SegSADG,Seg-SADG,Baseline-SegSADG,baseline_segsadg,shallow,0.1,0.1,1.0,0.05,0.1,0.001,0.0001,0.001,0.05,0.5,0.05,rho0p05,new_training,4,0,64,0.08164614563186963,0.08164614563186963,0.0811813697218895,0.009295498331387838,0.07066938156882922,0.1639996593197187,0.05000000000000001,0.0,0.0,0.0,0.0,0.0,0.0,12,179|180|23|126,46,all_filtered,9,True,D:\Running_Place\PostGraduateProjects\Experiments\PostGraduate\backbones\PertubatedBNStatistics\Baseline-SegSADG\shot4\Seed0
PertubatedBNStatistics,Disperssion+Seg-SADG,Baseline-SegSADG,Baseline-SegSADG,Seg-SADG,Baseline-SegSADG,baseline_segsadg,shallow,0.1,0.1,1.0,0.05,0.1,0.001,0.0001,0.001,0.05,0.5,0.05,rho0p05,new_training,4,0,65,0.07978669367730618,0.07978669367730618,0.0793112317721049,0.00950922789828231,0.06940158208211263,0.15811105258762836,0.05000000000000001,0.0,0.0,0.0,0.0,0.0,0.0,12,179|180|23|126,46,all_filtered,9,True,D:\Running_Place\PostGraduateProjects\Experiments\PostGraduate\backbones\PertubatedBNStatistics\Baseline-SegSADG\shot4\Seed0
PertubatedBNStatistics,Disperssion+Seg-SADG,Baseline-SegSADG,Baseline-SegSADG,Seg-SADG,Baseline-SegSADG,baseline_segsadg,shallow,0.1,0.1,1.0,0.05,0.1,0.001,0.0001,0.001,0.05,0.5,0.05,rho0p05,new_training,4,0,66,0.07742472365498543,0.07742472365498543,0.07693506466845672,0.00979317119345069,0.0674070194363594,0.14633958352108797,0.05000000000000001,0.0,0.0,0.0,0.0,0.0,0.0,12,179|180|23|126,46,all_filtered,9,True,D:\Running_Place\PostGraduateProjects\Experiments\PostGraduate\backbones\PertubatedBNStatistics\Baseline-SegSADG\shot4\Seed0
PertubatedBNStatistics,Disperssion+Seg-SADG,Baseline-SegSADG,Baseline-SegSADG,Seg-SADG,Baseline-SegSADG,baseline_segsadg,shallow,0.1,0.1,1.0,0.05,0.1,0.001,0.0001,0.001,0.05,0.5,0.05,rho0p05,new_training,4,0,67,0.0761903425057729,0.0761903425057729,0.07574345419804256,0.008937777446893355,0.06655134664227565,0.14288863353431225,0.05000000000000001,0.0,0.0,0.0,0.0,0.0,0.0,12,179|180|23|126,46,all_filtered,9,True,D:\Running_Place\PostGraduateProjects\Experiments\PostGraduate\backbones\PertubatedBNStatistics\Baseline-SegSADG\shot4\Seed0
PertubatedBNStatistics,Disperssion+Seg-SADG,Baseline-SegSADG,Baseline-SegSADG,Seg-SADG,Baseline-SegSADG,baseline_segsadg,shallow,0.1,0.1,1.0,0.05,0.1,0.001,0.0001,0.001,0.05,0.5,0.05,rho0p05,new_training,4,0,68,0.07541345059871674,0.07541345059871674,0.07495851069688797,0.009098819767435392,0.06556337947646777,0.14659263379871845,0.05000000000000001,0.0,0.0,0.0,0.0,0.0,0.0,12,179|180|23|126,46,all_filtered,9,True,D:\Running_Place\PostGraduateProjects\Experiments\PostGraduate\backbones\PertubatedBNStatistics\Baseline-SegSADG\shot4\Seed0
PertubatedBNStatistics,Disperssion+Seg-SADG,Baseline-SegSADG,Baseline-SegSADG,Seg-SADG,Baseline-SegSADG,baseline_segsadg,shallow,0.1,0.1,1.0,0.05,0.1,0.001,0.0001,0.001,0.05,0.5,0.05,rho0p05,new_training,4,0,69,0.07678786665201187,0.07678786665201187,0.0762838131437699,0.010081084057067832,0.06570841372013092,0.16976870968937874,0.05000000000000001,0.0,0.0,0.0,0.0,0.0,0.0,12,179|180|23|126,46,all_filtered,9,True,D:\Running_Place\PostGraduateProjects\Experiments\PostGraduate\backbones\PertubatedBNStatistics\Baseline-SegSADG\shot4\Seed0
PertubatedBNStatistics,Disperssion+Seg-SADG,Baseline-SegSADG,Baseline-SegSADG,Seg-SADG,Baseline-SegSADG,baseline_segsadg,shallow,0.1,0.1,1.0,0.05,0.1,0.001,0.0001,0.001,0.05,0.5,0.05,rho0p05,new_training,4,0,70,0.07533213247855504,0.07533213247855504,0.07489531300961971,0.008736386545933783,0.06500559765845537,0.15918625829120478,0.05000000000000001,0.0,0.0,0.0,0.0,0.0,0.0,12,179|180|23|126,46,all_filtered,9,True,D:\Running_Place\PostGraduateProjects\Experiments\PostGraduate\backbones\PertubatedBNStatistics\Baseline-SegSADG\shot4\Seed0
PertubatedBNStatistics,Disperssion+Seg-SADG,Baseline-SegSADG,Baseline-SegSADG,Seg-SADG,Baseline-SegSADG,baseline_segsadg,shallow,0.1,0.1,1.0,0.05,0.1,0.001,0.0001,0.001,0.05,0.5,0.05,rho0p05,new_training,4,0,71,0.07471065347393353,0.07471065347393353,0.07426147845884164,0.00898351586268594,0.06396995702137549,0.15880705416202545,0.05000000000000001,0.0,0.0,0.0,0.0,0.0,0.0,12,179|180|23|126,46,all_filtered,9,True,D:\Running_Place\PostGraduateProjects\Experiments\PostGraduate\backbones\PertubatedBNStatistics\Baseline-SegSADG\shot4\Seed0
PertubatedBNStatistics,Disperssion+Seg-SADG,Baseline-SegSADG,Baseline-SegSADG,Seg-SADG,Baseline-SegSADG,baseline_segsadg,shallow,0.1,0.1,1.0,0.05,0.1,0.001,0.0001,0.001,0.05,0.5,0.05,rho0p05,new_training,4,0,72,0.07322148171563943,0.07322148171563943,0.07281207417448361,0.008188144342663387,0.06335847576459248,0.15011846336225668,0.05000000000000001,0.0,0.0,0.0,0.0,0.0,0.0,12,179|180|23|126,46,all_filtered,9,True,D:\Running_Place\PostGraduateProjects\Experiments\PostGraduate\backbones\PertubatedBNStatistics\Baseline-SegSADG\shot4\Seed0
PertubatedBNStatistics,Disperssion+Seg-SADG,Baseline-SegSADG,Baseline-SegSADG,Seg-SADG,Baseline-SegSADG,baseline_segsadg,shallow,0.1,0.1,1.0,0.05,0.1,0.001,0.0001,0.001,0.05,0.5,0.05,rho0p05,new_training,4,0,73,0.07261810638010502,0.07261810638010502,0.0721742572883765,0.008876974616820613,0.06291706208139658,0.1491693134109179,0.05000000000000001,0.0,0.0,0.0,0.0,0.0,0.0,12,179|180|23|126,46,all_filtered,9,True,D:\Running_Place\PostGraduateProjects\Experiments\PostGraduate\backbones\PertubatedBNStatistics\Baseline-SegSADG\shot4\Seed0
PertubatedBNStatistics,Disperssion+Seg-SADG,Baseline-SegSADG,Baseline-SegSADG,Seg-SADG,Baseline-SegSADG,baseline_segsadg,shallow,0.1,0.1,1.0,0.05,0.1,0.001,0.0001,0.001,0.05,0.5,0.05,rho0p05,new_training,4,0,74,0.06993285194039345,0.06993285194039345,0.06950427095095317,0.008571628558759889,0.06063288915902376,0.1396574495981137,0.05000000000000001,0.0,0.0,0.0,0.0,0.0,0.0,12,179|180|23|126,46,all_filtered,9,True,D:\Running_Place\PostGraduateProjects\Experiments\PostGraduate\backbones\PertubatedBNStatistics\Baseline-SegSADG\shot4\Seed0
PertubatedBNStatistics,Disperssion+Seg-SADG,Baseline-SegSADG,Baseline-SegSADG,Seg-SADG,Baseline-SegSADG,baseline_segsadg,shallow,0.1,0.1,1.0,0.05,0.1,0.001,0.0001,0.001,0.05,0.5,0.05,rho0p05,new_training,4,0,75,0.07090380974113941,0.07090380974113941,0.07048827037215233,0.008310797430264453,0.060506007013221584,0.15447454527020454,0.05000000000000001,0.0,0.0,0.0,0.0,0.0,0.0,12,179|180|23|126,46,all_filtered,9,True,D:\Running_Place\PostGraduateProjects\Experiments\PostGraduate\backbones\PertubatedBNStatistics\Baseline-SegSADG\shot4\Seed0
PertubatedBNStatistics,Disperssion+Seg-SADG,Baseline-SegSADG,Baseline-SegSADG,Seg-SADG,Baseline-SegSADG,baseline_segsadg,shallow,0.1,0.1,1.0,0.05,0.1,0.001,0.0001,0.001,0.05,0.5,0.05,rho0p05,new_training,4,0,76,0.06926544258991878,0.06926544258991878,0.06883888846884172,0.008531087116959194,0.05917410862942537,0.1499532125890255,0.05000000000000001,0.0,0.0,0.0,0.0,0.0,0.0,12,179|180|23|126,46,all_filtered,9,True,D:\Running_Place\PostGraduateProjects\Experiments\PostGraduate\backbones\PertubatedBNStatistics\Baseline-SegSADG\shot4\Seed0
PertubatedBNStatistics,Disperssion+Seg-SADG,Baseline-SegSADG,Baseline-SegSADG,Seg-SADG,Baseline-SegSADG,baseline_segsadg,shallow,0.1,0.1,1.0,0.05,0.1,0.001,0.0001,0.001,0.05,0.5,0.05,rho0p05,new_training,4,0,77,0.06999786694844563,0.06999786694844563,0.06959416686246793,0.008074010450703403,0.05933395059158405,0.15524392699201903,0.05000000000000001,0.0,0.0,0.0,0.0,0.0,0.0,12,179|180|23|126,46,all_filtered,9,True,D:\Running_Place\PostGraduateProjects\Experiments\PostGraduate\backbones\PertubatedBNStatistics\Baseline-SegSADG\shot4\Seed0
PertubatedBNStatistics,Disperssion+Seg-SADG,Baseline-SegSADG,Baseline-SegSADG,Seg-SADG,Baseline-SegSADG,baseline_segsadg,shallow,0.1,0.1,1.0,0.05,0.1,0.001,0.0001,0.001,0.05,0.5,0.05,rho0p05,new_training,4,0,78,0.0675886453439792,0.0675886453439792,0.06718951339522998,0.007982651120983064,0.057984878619511925,0.14329509747525057,0.05000000000000001,0.0,0.0,0.0,0.0,0.0,0.0,12,179|180|23|126,46,all_filtered,9,True,D:\Running_Place\PostGraduateProjects\Experiments\PostGraduate\backbones\PertubatedBNStatistics\Baseline-SegSADG\shot4\Seed0
PertubatedBNStatistics,Disperssion+Seg-SADG,Baseline-SegSADG,Baseline-SegSADG,Seg-SADG,Baseline-SegSADG,baseline_segsadg,shallow,0.1,0.1,1.0,0.05,0.1,0.001,0.0001,0.001,0.05,0.5,0.05,rho0p05,new_training,4,0,79,0.06572216842323542,0.06572216842323542,0.06535251562794049,0.007393053577591975,0.05718596372753382,0.13222877805431685,0.05000000000000001,0.0,0.0,0.0,0.0,0.0,0.0,12,179|180|23|126,46,all_filtered,9,True,D:\Running_Place\PostGraduateProjects\Experiments\PostGraduate\backbones\PertubatedBNStatistics\Baseline-SegSADG\shot4\Seed0
PertubatedBNStatistics,Disperssion+Seg-SADG,Baseline-SegSADG,Baseline-SegSADG,Seg-SADG,Baseline-SegSADG,baseline_segsadg,shallow,0.1,0.1,1.0,0.05,0.1,0.001,0.0001,0.001,0.05,0.5,0.05,rho0p05,new_training,4,0,80,0.06588186323642731,0.06588186323642731,0.0654722914720575,0.008191452090007564,0.056277972335616745,0.1415853581080834,0.05000000000000001,0.0,0.0,0.0,0.0,0.0,0.0,12,179|180|23|126,46,all_filtered,9,True,D:\Running_Place\PostGraduateProjects\Experiments\PostGraduate\backbones\PertubatedBNStatistics\Baseline-SegSADG\shot4\Seed0
PertubatedBNStatistics,Disperssion+Seg-SADG,Baseline-SegSADG,Baseline-SegSADG,Seg-SADG,Baseline-SegSADG,baseline_segsadg,shallow,0.1,0.1,1.0,0.05,0.1,0.001,0.0001,0.001,0.05,0.5,0.05,rho0p05,new_training,4,0,81,0.06363653267423312,0.06363653267423312,0.0632702512666583,0.007325608593722184,0.05561517489453157,0.12290721510847409,0.05000000000000001,0.0,0.0,0.0,0.0,0.0,0.0,12,179|180|23|126,46,all_filtered,9,True,D:\Running_Place\PostGraduateProjects\Experiments\PostGraduate\backbones\PertubatedBNStatistics\Baseline-SegSADG\shot4\Seed0
PertubatedBNStatistics,Disperssion+Seg-SADG,Baseline-SegSADG,Baseline-SegSADG,Seg-SADG,Baseline-SegSADG,baseline_segsadg,shallow,0.1,0.1,1.0,0.05,0.1,0.001,0.0001,0.001,0.05,0.5,0.05,rho0p05,new_training,4,0,82,0.06486847034345071,0.06486847034345071,0.0644814387584726,0.007740627314584951,0.05550189999242624,0.14072121120989323,0.05000000000000001,0.0,0.0,0.0,0.0,0.0,0.0,12,179|180|23|126,46,all_filtered,9,True,D:\Running_Place\PostGraduateProjects\Experiments\PostGraduate\backbones\PertubatedBNStatistics\Baseline-SegSADG\shot4\Seed0
PertubatedBNStatistics,Disperssion+Seg-SADG,Baseline-SegSADG,Baseline-SegSADG,Seg-SADG,Baseline-SegSADG,baseline_segsadg,shallow,0.1,0.1,1.0,0.05,0.1,0.001,0.0001,0.001,0.05,0.5,0.05,rho0p05,new_training,4,0,83,0.06386258359998465,0.06386258359998465,0.06347723739842574,0.007706920034252107,0.05458041249463955,0.13895192121466002,0.05000000000000001,0.0,0.0,0.0,0.0,0.0,0.0,12,179|180|23|126,46,all_filtered,9,True,D:\Running_Place\PostGraduateProjects\Experiments\PostGraduate\backbones\PertubatedBNStatistics\Baseline-SegSADG\shot4\Seed0
PertubatedBNStatistics,Disperssion+Seg-SADG,Baseline-SegSADG,Baseline-SegSADG,Seg-SADG,Baseline-SegSADG,baseline_segsadg,shallow,0.1,0.1,1.0,0.05,0.1,0.001,0.0001,0.001,0.05,0.5,0.05,rho0p05,new_training,4,0,84,0.06280193571001291,0.06280193571001291,0.06243200786411762,0.007398554900040229,0.05389864556491375,0.13507010353108248,0.05000000000000001,0.0,0.0,0.0,0.0,0.0,0.0,12,179|180|23|126,46,all_filtered,9,True,D:\Running_Place\PostGraduateProjects\Experiments\PostGraduate\backbones\PertubatedBNStatistics\Baseline-SegSADG\shot4\Seed0
PertubatedBNStatistics,Disperssion+Seg-SADG,Baseline-SegSADG,Baseline-SegSADG,Seg-SADG,Baseline-SegSADG,baseline_segsadg,shallow,0.1,0.1,1.0,0.05,0.1,0.001,0.0001,0.001,0.05,0.5,0.05,rho0p05,new_training,4,0,85,0.060473969827095665,0.060473969827095665,0.060117785508433975,0.007123703098235031,0.05245531195153793,0.1220593061298132,0.05000000000000001,0.0,0.0,0.0,0.0,0.0,0.0,12,179|180|23|126,46,all_filtered,9,True,D:\Running_Place\PostGraduateProjects\Experiments\PostGraduate\backbones\PertubatedBNStatistics\Baseline-SegSADG\shot4\Seed0
PertubatedBNStatistics,Disperssion+Seg-SADG,Baseline-SegSADG,Baseline-SegSADG,Seg-SADG,Baseline-SegSADG,baseline_segsadg,shallow,0.1,0.1,1.0,0.05,0.1,0.001,0.0001,0.001,0.05,0.5,0.05,rho0p05,new_training,4,0,86,0.06084387035419544,0.06084387035419544,0.06047651699433724,0.007347061415202916,0.05194003786891699,0.1337757526586453,0.05000000000000001,0.0,0.0,0.0,0.0,0.0,0.0,12,179|180|23|126,46,all_filtered,9,True,D:\Running_Place\PostGraduateProjects\Experiments\PostGraduate\backbones\PertubatedBNStatistics\Baseline-SegSADG\shot4\Seed0
PertubatedBNStatistics,Disperssion+Seg-SADG,Baseline-SegSADG,Baseline-SegSADG,Seg-SADG,Baseline-SegSADG,baseline_segsadg,shallow,0.1,0.1,1.0,0.05,0.1,0.001,0.0001,0.001,0.05,0.5,0.05,rho0p05,new_training,4,0,87,0.05899601491789023,0.05899601491789023,0.05865849864979585,0.006750335334800184,0.05050217422346274,0.1249727476388216,0.05000000000000001,0.0,0.0,0.0,0.0,0.0,0.0,12,179|180|23|126,46,all_filtered,9,True,D:\Running_Place\PostGraduateProjects\Experiments\PostGraduate\backbones\PertubatedBNStatistics\Baseline-SegSADG\shot4\Seed0
PertubatedBNStatistics,Disperssion+Seg-SADG,Baseline-SegSADG,Baseline-SegSADG,Seg-SADG,Baseline-SegSADG,baseline_segsadg,shallow,0.1,0.1,1.0,0.05,0.1,0.001,0.0001,0.001,0.05,0.5,0.05,rho0p05,new_training,4,0,88,0.05912896245718002,0.05912896245718002,0.05877793828646342,0.007020486673961083,0.05021852720528841,0.1343365746239821,0.05000000000000001,0.0,0.0,0.0,0.0,0.0,0.0,12,179|180|23|126,46,all_filtered,9,True,D:\Running_Place\PostGraduateProjects\Experiments\PostGraduate\backbones\PertubatedBNStatistics\Baseline-SegSADG\shot4\Seed0
PertubatedBNStatistics,Disperssion+Seg-SADG,Baseline-SegSADG,Baseline-SegSADG,Seg-SADG,Baseline-SegSADG,baseline_segsadg,shallow,0.1,0.1,1.0,0.05,0.1,0.001,0.0001,0.001,0.05,0.5,0.05,rho0p05,new_training,4,0,89,0.05860970759143432,0.05860970759143432,0.0582525764281551,0.007142629862452547,0.049461668046812214,0.1340779966364304,0.05000000000000001,0.0,0.0,0.0,0.0,0.0,0.0,12,179|180|23|126,46,all_filtered,9,True,D:\Running_Place\PostGraduateProjects\Experiments\PostGraduate\backbones\PertubatedBNStatistics\Baseline-SegSADG\shot4\Seed0
PertubatedBNStatistics,Disperssion+Seg-SADG,Baseline-SegSADG,Baseline-SegSADG,Seg-SADG,Baseline-SegSADG,baseline_segsadg,shallow,0.1,0.1,1.0,0.05,0.1,0.001,0.0001,0.001,0.05,0.5,0.05,rho0p05,new_training,4,0,90,0.055913130131860576,0.055913130131860576,0.05558033722142378,0.006655854056589305,0.047921527487536274,0.11833860725164413,0.05000000000000001,0.0,0.0,0.0,0.0,0.0,0.0,12,179|180|23|126,46,all_filtered,9,True,D:\Running_Place\PostGraduateProjects\Experiments\PostGraduate\backbones\PertubatedBNStatistics\Baseline-SegSADG\shot4\Seed0
PertubatedBNStatistics,Disperssion+Seg-SADG,Baseline-SegSADG,Baseline-SegSADG,Seg-SADG,Baseline-SegSADG,baseline_segsadg,shallow,0.1,0.1,1.0,0.05,0.1,0.001,0.0001,0.001,0.05,0.5,0.05,rho0p05,new_training,4,0,91,0.056747388715545334,0.056747388715545334,0.056417666065196194,0.00659444706980139,0.04783754050731659,0.1286939171453317,0.05000000000000001,0.0,0.0,0.0,0.0,0.0,0.0,12,179|180|23|126,46,all_filtered,9,True,D:\Running_Place\PostGraduateProjects\Experiments\PostGraduate\backbones\PertubatedBNStatistics\Baseline-SegSADG\shot4\Seed0
PertubatedBNStatistics,Disperssion+Seg-SADG,Baseline-SegSADG,Baseline-SegSADG,Seg-SADG,Baseline-SegSADG,baseline_segsadg,shallow,0.1,0.1,1.0,0.05,0.1,0.001,0.0001,0.001,0.05,0.5,0.05,rho0p05,new_training,4,0,92,0.05631278672566017,0.05631278672566017,0.055980291217565536,0.00664991505133609,0.0478146942332387,0.12975201507409415,0.05000000000000001,0.0,0.0,0.0,0.0,0.0,0.0,12,179|180|23|126,46,all_filtered,9,True,D:\Running_Place\PostGraduateProjects\Experiments\PostGraduate\backbones\PertubatedBNStatistics\Baseline-SegSADG\shot4\Seed0
PertubatedBNStatistics,Disperssion+Seg-SADG,Baseline-SegSADG,Baseline-SegSADG,Seg-SADG,Baseline-SegSADG,baseline_segsadg,shallow,0.1,0.1,1.0,0.05,0.1,0.001,0.0001,0.001,0.05,0.5,0.05,rho0p05,new_training,4,0,93,0.05427209256837765,0.05427209256837765,0.05394611476610104,0.006519565708003938,0.04665395990014076,0.11752757367988427,0.05000000000000001,0.0,0.0,0.0,0.0,0.0,0.0,12,179|180|23|126,46,all_filtered,9,True,D:\Running_Place\PostGraduateProjects\Experiments\PostGraduate\backbones\PertubatedBNStatistics\Baseline-SegSADG\shot4\Seed0
PertubatedBNStatistics,Disperssion+Seg-SADG,Baseline-SegSADG,Baseline-SegSADG,Seg-SADG,Baseline-SegSADG,baseline_segsadg,shallow,0.1,0.1,1.0,0.05,0.1,0.001,0.0001,0.001,0.05,0.5,0.05,rho0p05,new_training,4,0,94,0.05519098384926716,0.05519098384926716,0.054866970206300415,0.006480279766644041,0.04686337523162365,0.12706593548258147,0.05000000000000001,0.0,0.0,0.0,0.0,0.0,0.0,12,179|180|23|126,46,all_filtered,9,True,D:\Running_Place\PostGraduateProjects\Experiments\PostGraduate\backbones\PertubatedBNStatistics\Baseline-SegSADG\shot4\Seed0
PertubatedBNStatistics,Disperssion+Seg-SADG,Baseline-SegSADG,Baseline-SegSADG,Seg-SADG,Baseline-SegSADG,baseline_segsadg,shallow,0.1,0.1,1.0,0.05,0.1,0.001,0.0001,0.001,0.05,0.5,0.05,rho0p05,new_training,4,0,95,0.05599113584806522,0.05599113584806522,0.05566154606640339,0.006591802812181413,0.04686674320449432,0.13804541900753975,0.05000000000000001,0.0,0.0,0.0,0.0,0.0,0.0,12,179|180|23|126,46,all_filtered,9,True,D:\Running_Place\PostGraduateProjects\Experiments\PostGraduate\backbones\PertubatedBNStatistics\Baseline-SegSADG\shot4\Seed0
PertubatedBNStatistics,Disperssion+Seg-SADG,Baseline-SegSADG,Baseline-SegSADG,Seg-SADG,Baseline-SegSADG,baseline_segsadg,shallow,0.1,0.1,1.0,0.05,0.1,0.001,0.0001,0.001,0.05,0.5,0.05,rho0p05,new_training,4,0,96,0.05358858251323303,0.05358858251323303,0.05328665239115556,0.006038597513300677,0.045631066585580506,0.11893366339306037,0.05000000000000001,0.0,0.0,0.0,0.0,0.0,0.0,12,179|180|23|126,46,all_filtered,9,True,D:\Running_Place\PostGraduateProjects\Experiments\PostGraduate\backbones\PertubatedBNStatistics\Baseline-SegSADG\shot4\Seed0
PertubatedBNStatistics,Disperssion+Seg-SADG,Baseline-SegSADG,Baseline-SegSADG,Seg-SADG,Baseline-SegSADG,baseline_segsadg,shallow,0.1,0.1,1.0,0.05,0.1,0.001,0.0001,0.001,0.05,0.5,0.05,rho0p05,new_training,4,0,97,0.053249274690945946,0.053249274690945946,0.05292546345541874,0.006476235343143344,0.04531591106206179,0.12209173167745273,0.05000000000000001,0.0,0.0,0.0,0.0,0.0,0.0,12,179|180|23|126,46,all_filtered,9,True,D:\Running_Place\PostGraduateProjects\Experiments\PostGraduate\backbones\PertubatedBNStatistics\Baseline-SegSADG\shot4\Seed0
PertubatedBNStatistics,Disperssion+Seg-SADG,Baseline-SegSADG,Baseline-SegSADG,Seg-SADG,Baseline-SegSADG,baseline_segsadg,shallow,0.1,0.1,1.0,0.05,0.1,0.001,0.0001,0.001,0.05,0.5,0.05,rho0p05,new_training,4,0,98,0.05219810549169779,0.05219810549169779,0.0518805148700873,0.006351807193520169,0.04449504396567742,0.11817797397573788,0.05000000000000001,0.0,0.0,0.0,0.0,0.0,0.0,12,179|180|23|126,46,all_filtered,9,True,D:\Running_Place\PostGraduateProjects\Experiments\PostGraduate\backbones\PertubatedBNStatistics\Baseline-SegSADG\shot4\Seed0
PertubatedBNStatistics,Disperssion+Seg-SADG,Baseline-SegSADG,Baseline-SegSADG,Seg-SADG,Baseline-SegSADG,baseline_segsadg,shallow,0.1,0.1,1.0,0.05,0.1,0.001,0.0001,0.001,0.05,0.5,0.05,rho0p05,new_training,4,0,99,0.051883082215984665,0.051883082215984665,0.05157361303766569,0.006189381276878218,0.04381314261506001,0.12001302589972813,0.05000000000000001,0.0,0.0,0.0,0.0,0.0,0.0,12,179|180|23|126,46,all_filtered,9,True,D:\Running_Place\PostGraduateProjects\Experiments\PostGraduate\backbones\PertubatedBNStatistics\Baseline-SegSADG\shot4\Seed0
PertubatedBNStatistics,Disperssion+Seg-SADG,Baseline-SegSADG,Baseline-SegSADG,Seg-SADG,Baseline-SegSADG,baseline_segsadg,shallow,0.1,0.1,1.0,0.05,0.1,0.001,0.0001,0.001,0.05,0.5,0.05,rho0p05,new_training,4,0,100,0.051168869249522686,0.051168869249522686,0.05088304759313663,0.005716433050110936,0.04321194595346848,0.11908083533247311,0.05000000000000001,0.0,0.0,0.0,0.0,0.0,0.0,12,179|180|23|126,46,all_filtered,9,True,D:\Running_Place\PostGraduateProjects\Experiments\PostGraduate\backbones\PertubatedBNStatistics\Baseline-SegSADG\shot4\Seed0
PertubatedBNStatistics,Disperssion+Seg-SADG,Baseline-SegSADG,Baseline-SegSADG,Seg-SADG,Baseline-SegSADG,baseline_segsadg,shallow,0.1,0.1,1.0,0.05,0.1,0.001,0.0001,0.001,0.05,0.5,0.05,rho0p05,new_training,4,0,101,0.051731993444263935,0.051731993444263935,0.05142482897887627,0.006143293886755903,0.04314359867324432,0.12387154313425223,0.05000000000000001,0.0,0.0,0.0,0.0,0.0,0.0,12,179|180|23|126,46,all_filtered,9,True,D:\Running_Place\PostGraduateProjects\Experiments\PostGraduate\backbones\PertubatedBNStatistics\Baseline-SegSADG\shot4\Seed0
PertubatedBNStatistics,Disperssion+Seg-SADG,Baseline-SegSADG,Baseline-SegSADG,Seg-SADG,Baseline-SegSADG,baseline_segsadg,shallow,0.1,0.1,1.0,0.05,0.1,0.001,0.0001,0.001,0.05,0.5,0.05,rho0p05,new_training,4,0,102,0.054209210289021335,0.054209210289021335,0.05391070588181416,0.005970089812763035,0.04448041971772909,0.14517559669911861,0.05000000000000001,0.0,0.0,0.0,0.0,0.0,0.0,12,179|180|23|126,46,all_filtered,9,True,D:\Running_Place\PostGraduateProjects\Experiments\PostGraduate\backbones\PertubatedBNStatistics\Baseline-SegSADG\shot4\Seed0
PertubatedBNStatistics,Disperssion+Seg-SADG,Baseline-SegSADG,Baseline-SegSADG,Seg-SADG,Baseline-SegSADG,baseline_segsadg,shallow,0.1,0.1,1.0,0.05,0.1,0.001,0.0001,0.001,0.05,0.5,0.05,rho0p05,new_training,4,0,103,0.0533774538586537,0.0533774538586537,0.053092329762876034,0.005702479160390794,0.04409171330432097,0.14240008033812046,0.05000000000000001,0.0,0.0,0.0,0.0,0.0,0.0,12,179|180|23|126,46,all_filtered,9,True,D:\Running_Place\PostGraduateProjects\Experiments\PostGraduate\backbones\PertubatedBNStatistics\Baseline-SegSADG\shot4\Seed0
PertubatedBNStatistics,Disperssion+Seg-SADG,Baseline-SegSADG,Baseline-SegSADG,Seg-SADG,Baseline-SegSADG,baseline_segsadg,shallow,0.1,0.1,1.0,0.05,0.1,0.001,0.0001,0.001,0.05,0.5,0.05,rho0p05,new_training,4,0,104,0.052425011371572815,0.052425011371572815,0.052115846114854016,0.006183299934491515,0.0442653422554334,0.12756304629147053,0.05000000000000001,0.0,0.0,0.0,0.0,0.0,0.0,12,179|180|23|126,46,all_filtered,9,True,D:\Running_Place\PostGraduateProjects\Experiments\PostGraduate\backbones\PertubatedBNStatistics\Baseline-SegSADG\shot4\Seed0
PertubatedBNStatistics,Disperssion+Seg-SADG,Baseline-SegSADG,Baseline-SegSADG,Seg-SADG,Baseline-SegSADG,baseline_segsadg,shallow,0.1,0.1,1.0,0.05,0.1,0.001,0.0001,0.001,0.05,0.5,0.05,rho0p05,new_training,4,0,105,0.05110299618293842,0.05110299618293842,0.050789423286914825,0.0062714646725604934,0.042712497214476265,0.12342370053132375,0.05000000000000001,0.0,0.0,0.0,0.0,0.0,0.0,12,179|180|23|126,46,all_filtered,9,True,D:\Running_Place\PostGraduateProjects\Experiments\PostGraduate\backbones\PertubatedBNStatistics\Baseline-SegSADG\shot4\Seed0
PertubatedBNStatistics,Disperssion+Seg-SADG,Baseline-SegSADG,Baseline-SegSADG,Seg-SADG,Baseline-SegSADG,baseline_segsadg,shallow,0.1,0.1,1.0,0.05,0.1,0.001,0.0001,0.001,0.05,0.5,0.05,rho0p05,new_training,4,0,106,0.05087350526203712,0.05087350526203712,0.05058467605461677,0.005776570333788793,0.04227826185524464,0.13105596415698528,0.05000000000000001,0.0,0.0,0.0,0.0,0.0,0.0,12,179|180|23|126,46,all_filtered,9,True,D:\Running_Place\PostGraduateProjects\Experiments\PostGraduate\backbones\PertubatedBNStatistics\Baseline-SegSADG\shot4\Seed0
PertubatedBNStatistics,Disperssion+Seg-SADG,Baseline-SegSADG,Baseline-SegSADG,Seg-SADG,Baseline-SegSADG,baseline_segsadg,shallow,0.1,0.1,1.0,0.05,0.1,0.001,0.0001,0.001,0.05,0.5,0.05,rho0p05,new_training,4,0,107,0.04937197423229615,0.04937197423229615,0.049080448846022286,0.005830516068575283,0.04168466509630283,0.11894569670160611,0.05000000000000001,0.0,0.0,0.0,0.0,0.0,0.0,12,179|180|23|126,46,all_filtered,9,True,D:\Running_Place\PostGraduateProjects\Experiments\PostGraduate\backbones\PertubatedBNStatistics\Baseline-SegSADG\shot4\Seed0
PertubatedBNStatistics,Disperssion+Seg-SADG,Baseline-SegSADG,Baseline-SegSADG,Seg-SADG,Baseline-SegSADG,baseline_segsadg,shallow,0.1,0.1,1.0,0.05,0.1,0.001,0.0001,0.001,0.05,0.5,0.05,rho0p05,new_training,4,0,108,0.04959627644469341,0.04959627644469341,0.049311978121598564,0.00568596285302192,0.04125242463002602,0.12550392809013525,0.05000000000000001,0.0,0.0,0.0,0.0,0.0,0.0,12,179|180|23|126,46,all_filtered,9,True,D:\Running_Place\PostGraduateProjects\Experiments\PostGraduate\backbones\PertubatedBNStatistics\Baseline-SegSADG\shot4\Seed0
PertubatedBNStatistics,Disperssion+Seg-SADG,Baseline-SegSADG,Baseline-SegSADG,Seg-SADG,Baseline-SegSADG,baseline_segsadg,shallow,0.1,0.1,1.0,0.05,0.1,0.001,0.0001,0.001,0.05,0.5,0.05,rho0p05,new_training,4,0,109,0.04864671112348636,0.04864671112348636,0.048375533583263554,0.005423549717913072,0.040849387645721436,0.12356794935961564,0.05000000000000001,0.0,0.0,0.0,0.0,0.0,0.0,12,179|180|23|126,46,all_filtered,9,True,D:\Running_Place\PostGraduateProjects\Experiments\PostGraduate\backbones\PertubatedBNStatistics\Baseline-SegSADG\shot4\Seed0
PertubatedBNStatistics,Disperssion+Seg-SADG,Baseline-SegSADG,Baseline-SegSADG,Seg-SADG,Baseline-SegSADG,baseline_segsadg,shallow,0.1,0.1,1.0,0.05,0.1,0.001,0.0001,0.001,0.05,0.5,0.05,rho0p05,new_training,4,0,110,0.04822702333331108,0.04822702333331108,0.04797273346533378,0.005085791965636115,0.0404948266223073,0.12214716089268525,0.05000000000000001,0.0,0.0,0.0,0.0,0.0,0.0,12,179|180|23|126,46,all_filtered,9,True,D:\Running_Place\PostGraduateProjects\Experiments\PostGraduate\backbones\PertubatedBNStatistics\Baseline-SegSADG\shot4\Seed0
PertubatedBNStatistics,Disperssion+Seg-SADG,Baseline-SegSADG,Baseline-SegSADG,Seg-SADG,Baseline-SegSADG,baseline_segsadg,shallow,0.1,0.1,1.0,0.05,0.1,0.001,0.0001,0.001,0.05,0.5,0.05,rho0p05,new_training,4,0,111,0.0576648119216164,0.0576648119216164,0.05735005127886931,0.006295212893746793,0.04592822212725878,0.16500193563600382,0.05000000000000001,0.0,0.0,0.0,0.0,0.0,0.0,12,179|180|23|126,46,all_filtered,9,True,D:\Running_Place\PostGraduateProjects\Experiments\PostGraduate\backbones\PertubatedBNStatistics\Baseline-SegSADG\shot4\Seed0
PertubatedBNStatistics,Disperssion+Seg-SADG,Baseline-SegSADG,Baseline-SegSADG,Seg-SADG,Baseline-SegSADG,baseline_segsadg,shallow,0.1,0.1,1.0,0.05,0.1,0.001,0.0001,0.001,0.05,0.5,0.05,rho0p05,new_training,4,0,112,0.058017750891546406,0.058017750891546406,0.057715694420039654,0.006041138122479121,0.04840463648239771,0.15537934936583042,0.05000000000000001,0.0,0.0,0.0,0.0,0.0,0.0,12,179|180|23|126,46,all_filtered,9,True,D:\Running_Place\PostGraduateProjects\Experiments\PostGraduate\backbones\PertubatedBNStatistics\Baseline-SegSADG\shot4\Seed0
PertubatedBNStatistics,Disperssion+Seg-SADG,Baseline-SegSADG,Baseline-SegSADG,Seg-SADG,Baseline-SegSADG,baseline_segsadg,shallow,0.1,0.1,1.0,0.05,0.1,0.001,0.0001,0.001,0.05,0.5,0.05,rho0p05,new_training,4,0,113,0.05408874340355396,0.05408874340355396,0.053772623650729656,0.0063223947848503785,0.04496468075861534,0.1426016272356113,0.05000000000000001,0.0,0.0,0.0,0.0,0.0,0.0,12,179|180|23|126,46,all_filtered,9,True,D:\Running_Place\PostGraduateProjects\Experiments\PostGraduate\backbones\PertubatedBNStatistics\Baseline-SegSADG\shot4\Seed0
PertubatedBNStatistics,Disperssion+Seg-SADG,Baseline-SegSADG,Baseline-SegSADG,Seg-SADG,Baseline-SegSADG,baseline_segsadg,shallow,0.1,0.1,1.0,0.05,0.1,0.001,0.0001,0.001,0.05,0.5,0.05,rho0p05,new_training,4,0,114,0.0526306244234244,0.0526306244234244,0.05233279522508383,0.005956573916288714,0.043809057834247746,0.13450337015092373,0.05000000000000001,0.0,0.0,0.0,0.0,0.0,0.0,12,179|180|23|126,46,all_filtered,9,True,D:\Running_Place\PostGraduateProjects\Experiments\PostGraduate\backbones\PertubatedBNStatistics\Baseline-SegSADG\shot4\Seed0
PertubatedBNStatistics,Disperssion+Seg-SADG,Baseline-SegSADG,Baseline-SegSADG,Seg-SADG,Baseline-SegSADG,baseline_segsadg,shallow,0.1,0.1,1.0,0.05,0.1,0.001,0.0001,0.001,0.05,0.5,0.05,rho0p05,new_training,4,0,115,0.05013766139745712,0.05013766139745712,0.04986086177329222,0.005535987166998287,0.04228185893346866,0.12324449916680653,0.05000000000000001,0.0,0.0,0.0,0.0,0.0,0.0,12,179|180|23|126,46,all_filtered,9,True,D:\Running_Place\PostGraduateProjects\Experiments\PostGraduate\backbones\PertubatedBNStatistics\Baseline-SegSADG\shot4\Seed0
PertubatedBNStatistics,Disperssion+Seg-SADG,Baseline-SegSADG,Baseline-SegSADG,Seg-SADG,Baseline-SegSADG,baseline_segsadg,shallow,0.1,0.1,1.0,0.05,0.1,0.001,0.0001,0.001,0.05,0.5,0.05,rho0p05,new_training,4,0,116,0.047903139144182205,0.047903139144182205,0.04761997703462839,0.0056632497580721974,0.040181308363874756,0.11485798346499602,0.05000000000000001,0.0,0.0,0.0,0.0,0.0,0.0,12,179|180|23|126,46,all_filtered,9,True,D:\Running_Place\PostGraduateProjects\Experiments\PostGraduate\backbones\PertubatedBNStatistics\Baseline-SegSADG\shot4\Seed0
PertubatedBNStatistics,Disperssion+Seg-SADG,Baseline-SegSADG,Baseline-SegSADG,Seg-SADG,Baseline-SegSADG,baseline_segsadg,shallow,0.1,0.1,1.0,0.05,0.1,0.001,0.0001,0.001,0.05,0.5,0.05,rho0p05,new_training,4,0,117,0.04646907684703668,0.04646907684703668,0.04619980727632841,0.005385389629130562,0.03892015293240547,0.113362280651927,0.05000000000000001,0.0,0.0,0.0,0.0,0.0,0.0,12,179|180|23|126,46,all_filtered,9,True,D:\Running_Place\PostGraduateProjects\Experiments\PostGraduate\backbones\PertubatedBNStatistics\Baseline-SegSADG\shot4\Seed0
PertubatedBNStatistics,Disperssion+Seg-SADG,Baseline-SegSADG,Baseline-SegSADG,Seg-SADG,Baseline-SegSADG,baseline_segsadg,shallow,0.1,0.1,1.0,0.05,0.1,0.001,0.0001,0.001,0.05,0.5,0.05,rho0p05,new_training,4,0,118,0.04659939898798863,0.04659939898798863,0.046331596871217094,0.005356044547321896,0.03860850787411133,0.12070608946184318,0.05000000000000001,0.0,0.0,0.0,0.0,0.0,0.0,12,179|180|23|126,46,all_filtered,9,True,D:\Running_Place\PostGraduateProjects\Experiments\PostGraduate\backbones\PertubatedBNStatistics\Baseline-SegSADG\shot4\Seed0
PertubatedBNStatistics,Disperssion+Seg-SADG,Baseline-SegSADG,Baseline-SegSADG,Seg-SADG,Baseline-SegSADG,baseline_segsadg,shallow,0.1,0.1,1.0,0.05,0.1,0.001,0.0001,0.001,0.05,0.5,0.05,rho0p05,new_training,4,0,119,0.045647764268020787,0.045647764268020787,0.04540645144879818,0.004826249903999269,0.03806722971300284,0.11543557109932105,0.05000000000000001,0.0,0.0,0.0,0.0,0.0,0.0,12,179|180|23|126,46,all_filtered,9,True,D:\Running_Place\PostGraduateProjects\Experiments\PostGraduate\backbones\PertubatedBNStatistics\Baseline-SegSADG\shot4\Seed0
PertubatedBNStatistics,Disperssion+Seg-SADG,Baseline-SegSADG,Baseline-SegSADG,Seg-SADG,Baseline-SegSADG,baseline_segsadg,shallow,0.1,0.1,1.0,0.05,0.1,0.001,0.0001,0.001,0.05,0.5,0.05,rho0p05,new_training,4,0,120,0.04523558480044206,0.04523558480044206,0.04497311978290478,0.005249297440362473,0.03745450638234615,0.11897157070537408,0.05000000000000001,0.0,0.0,0.0,0.0,0.0,0.0,12,179|180|23|126,46,all_filtered,9,True,D:\Running_Place\PostGraduateProjects\Experiments\PostGraduate\backbones\PertubatedBNStatistics\Baseline-SegSADG\shot4\Seed0
PertubatedBNStatistics,Disperssion+Seg-SADG,Baseline-SegSADG,Baseline-SegSADG,Seg-SADG,Baseline-SegSADG,baseline_segsadg,shallow,0.1,0.1,1.0,0.05,0.1,0.001,0.0001,0.001,0.05,0.5,0.05,rho0p05,new_training,4,0,121,0.04493213817477226,0.04493213817477226,0.04467502453674873,0.005142265542720755,0.037021142120162644,0.11980098113417625,0.05000000000000001,0.0,0.0,0.0,0.0,0.0,0.0,12,179|180|23|126,46,all_filtered,9,True,D:\Running_Place\PostGraduateProjects\Experiments\PostGraduate\backbones\PertubatedBNStatistics\Baseline-SegSADG\shot4\Seed0
PertubatedBNStatistics,Disperssion+Seg-SADG,Baseline-SegSADG,Baseline-SegSADG,Seg-SADG,Baseline-SegSADG,baseline_segsadg,shallow,0.1,0.1,1.0,0.05,0.1,0.001,0.0001,0.001,0.05,0.5,0.05,rho0p05,new_training,4,0,122,0.04550833782802025,0.04550833782802025,0.04525545953462521,0.005057577354212602,0.03716065331051747,0.1255441258351008,0.05000000000000001,0.0,0.0,0.0,0.0,0.0,0.0,12,179|180|23|126,46,all_filtered,9,True,D:\Running_Place\PostGraduateProjects\Experiments\PostGraduate\backbones\PertubatedBNStatistics\Baseline-SegSADG\shot4\Seed0
PertubatedBNStatistics,Disperssion+Seg-SADG,Baseline-SegSADG,Baseline-SegSADG,Seg-SADG,Baseline-SegSADG,baseline_segsadg,shallow,0.1,0.1,1.0,0.05,0.1,0.001,0.0001,0.001,0.05,0.5,0.05,rho0p05,new_training,4,0,123,0.044383746261397995,0.044383746261397995,0.04413723852485418,0.004930166217188041,0.03681594940523306,0.11870790272951126,0.05000000000000001,0.0,0.0,0.0,0.0,0.0,0.0,12,179|180|23|126,46,all_filtered,9,True,D:\Running_Place\PostGraduateProjects\Experiments\PostGraduate\backbones\PertubatedBNStatistics\Baseline-SegSADG\shot4\Seed0
PertubatedBNStatistics,Disperssion+Seg-SADG,Baseline-SegSADG,Baseline-SegSADG,Seg-SADG,Baseline-SegSADG,baseline_segsadg,shallow,0.1,0.1,1.0,0.05,0.1,0.001,0.0001,0.001,0.05,0.5,0.05,rho0p05,new_training,4,0,124,0.04253395522634188,0.04253395522634188,0.04229088810582956,0.0048613395774737,0.03561677333588401,0.10806430193285148,0.05000000000000001,0.0,0.0,0.0,0.0,0.0,0.0,12,179|180|23|126,46,all_filtered,9,True,D:\Running_Place\PostGraduateProjects\Experiments\PostGraduate\backbones\PertubatedBNStatistics\Baseline-SegSADG\shot4\Seed0
PertubatedBNStatistics,Disperssion+Seg-SADG,Baseline-SegSADG,Baseline-SegSADG,Seg-SADG,Baseline-SegSADG,baseline_segsadg,shallow,0.1,0.1,1.0,0.05,0.1,0.001,0.0001,0.001,0.05,0.5,0.05,rho0p05,new_training,4,0,125,0.043509673016766705,0.043509673016766705,0.043262925619880356,0.00493494956754148,0.03600829280912876,0.12021395626167457,0.05000000000000001,0.0,0.0,0.0,0.0,0.0,0.0,12,179|180|23|126,46,all_filtered,9,True,D:\Running_Place\PostGraduateProjects\Experiments\PostGraduate\backbones\PertubatedBNStatistics\Baseline-SegSADG\shot4\Seed0
PertubatedBNStatistics,Disperssion+Seg-SADG,Baseline-SegSADG,Baseline-SegSADG,Seg-SADG,Baseline-SegSADG,baseline_segsadg,shallow,0.1,0.1,1.0,0.05,0.1,0.001,0.0001,0.001,0.05,0.5,0.05,rho0p05,new_training,4,0,126,0.042304147966206074,0.042304147966206074,0.04205249591420094,0.005033053030880789,0.03486248462771376,0.11172884268065293,0.05000000000000001,0.0,0.0,0.0,0.0,0.0,0.0,12,179|180|23|126,46,all_filtered,9,True,D:\Running_Place\PostGraduateProjects\Experiments\PostGraduate\backbones\PertubatedBNStatistics\Baseline-SegSADG\shot4\Seed0
PertubatedBNStatistics,Disperssion+Seg-SADG,Baseline-SegSADG,Baseline-SegSADG,Seg-SADG,Baseline-SegSADG,baseline_segsadg,shallow,0.1,0.1,1.0,0.05,0.1,0.001,0.0001,0.001,0.05,0.5,0.05,rho0p05,new_training,4,0,127,0.04098234015206496,0.04098234015206496,0.04074415812889735,0.004763654821241896,0.034413838448623814,0.10453026679654916,0.05000000000000001,0.0,0.0,0.0,0.0,0.0,0.0,12,179|180|23|126,46,all_filtered,9,True,D:\Running_Place\PostGraduateProjects\Experiments\PostGraduate\backbones\PertubatedBNStatistics\Baseline-SegSADG\shot4\Seed0
PertubatedBNStatistics,Disperssion+Seg-SADG,Baseline-SegSADG,Baseline-SegSADG,Seg-SADG,Baseline-SegSADG,baseline_segsadg,shallow,0.1,0.1,1.0,0.05,0.1,0.001,0.0001,0.001,0.05,0.5,0.05,rho0p05,new_training,4,0,128,0.040927477180957794,0.040927477180957794,0.04070006993909677,0.004548143711872399,0.03375221649184823,0.10836451562742393,0.05000000000000001,0.0,0.0,0.0,0.0,0.0,0.0,12,179|180|23|126,46,all_filtered,9,True,D:\Running_Place\PostGraduateProjects\Experiments\PostGraduate\backbones\PertubatedBNStatistics\Baseline-SegSADG\shot4\Seed0
PertubatedBNStatistics,Disperssion+Seg-SADG,Baseline-SegSADG,Baseline-SegSADG,Seg-SADG,Baseline-SegSADG,baseline_segsadg,shallow,0.1,0.1,1.0,0.05,0.1,0.001,0.0001,0.001,0.05,0.5,0.05,rho0p05,new_training,4,0,129,0.043975417812665306,0.043975417812665306,0.04372284250954787,0.00505150924436748,0.03510825475677848,0.13441562031706175,0.05000000000000001,0.0,0.0,0.0,0.0,0.0,0.0,12,179|180|23|126,46,all_filtered,9,True,D:\Running_Place\PostGraduateProjects\Experiments\PostGraduate\backbones\PertubatedBNStatistics\Baseline-SegSADG\shot4\Seed0
PertubatedBNStatistics,Disperssion+Seg-SADG,Baseline-SegSADG,Baseline-SegSADG,Seg-SADG,Baseline-SegSADG,baseline_segsadg,shallow,0.1,0.1,1.0,0.05,0.1,0.001,0.0001,0.001,0.05,0.5,0.05,rho0p05,new_training,4,0,130,0.04168411158025265,0.04168411158025265,0.041454628109931946,0.004589670337736607,0.03459261745835344,0.11231717094779015,0.05000000000000001,0.0,0.0,0.0,0.0,0.0,0.0,12,179|180|23|126,46,all_filtered,9,True,D:\Running_Place\PostGraduateProjects\Experiments\PostGraduate\backbones\PertubatedBNStatistics\Baseline-SegSADG\shot4\Seed0
PertubatedBNStatistics,Disperssion+Seg-SADG,Baseline-SegSADG,Baseline-SegSADG,Seg-SADG,Baseline-SegSADG,baseline_segsadg,shallow,0.1,0.1,1.0,0.05,0.1,0.001,0.0001,0.001,0.05,0.5,0.05,rho0p05,new_training,4,0,131,0.043799426717062794,0.043799426717062794,0.04356416376928488,0.00470526594047745,0.03491662877301375,0.13473424998422465,0.05000000000000001,0.0,0.0,0.0,0.0,0.0,0.0,12,179|180|23|126,46,all_filtered,9,True,D:\Running_Place\PostGraduateProjects\Experiments\PostGraduate\backbones\PertubatedBNStatistics\Baseline-SegSADG\shot4\Seed0
PertubatedBNStatistics,Disperssion+Seg-SADG,Baseline-SegSADG,Baseline-SegSADG,Seg-SADG,Baseline-SegSADG,baseline_segsadg,shallow,0.1,0.1,1.0,0.05,0.1,0.001,0.0001,0.001,0.05,0.5,0.05,rho0p05,new_training,4,0,132,0.04228946721802155,0.04228946721802155,0.04206840073068937,0.004421316960360855,0.034786878464122616,0.12187621990839641,0.05000000000000001,0.0,0.0,0.0,0.0,0.0,0.0,12,179|180|23|126,46,all_filtered,9,True,D:\Running_Place\PostGraduateProjects\Experiments\PostGraduate\backbones\PertubatedBNStatistics\Baseline-SegSADG\shot4\Seed0
PertubatedBNStatistics,Disperssion+Seg-SADG,Baseline-SegSADG,Baseline-SegSADG,Seg-SADG,Baseline-SegSADG,baseline_segsadg,shallow,0.1,0.1,1.0,0.05,0.1,0.001,0.0001,0.001,0.05,0.5,0.05,rho0p05,new_training,4,0,133,0.03986768517643213,0.03986768517643213,0.03965024401744207,0.00434881605906412,0.032930344653626285,0.1094047234704097,0.05000000000000001,0.0,0.0,0.0,0.0,0.0,0.0,12,179|180|23|126,46,all_filtered,9,True,D:\Running_Place\PostGraduateProjects\Experiments\PostGraduate\backbones\PertubatedBNStatistics\Baseline-SegSADG\shot4\Seed0
PertubatedBNStatistics,Disperssion+Seg-SADG,Baseline-SegSADG,Baseline-SegSADG,Seg-SADG,Baseline-SegSADG,baseline_segsadg,shallow,0.1,0.1,1.0,0.05,0.1,0.001,0.0001,0.001,0.05,0.5,0.05,rho0p05,new_training,4,0,134,0.03918100334703922,0.03918100334703922,0.03896738930294911,0.004272291165155669,0.03227637273569902,0.10797174895803134,0.05000000000000001,0.0,0.0,0.0,0.0,0.0,0.0,12,179|180|23|126,46,all_filtered,9,True,D:\Running_Place\PostGraduateProjects\Experiments\PostGraduate\backbones\PertubatedBNStatistics\Baseline-SegSADG\shot4\Seed0
PertubatedBNStatistics,Disperssion+Seg-SADG,Baseline-SegSADG,Baseline-SegSADG,Seg-SADG,Baseline-SegSADG,baseline_segsadg,shallow,0.1,0.1,1.0,0.05,0.1,0.001,0.0001,0.001,0.05,0.5,0.05,rho0p05,new_training,4,0,135,0.03917183975378672,0.03917183975378672,0.03896064466486374,0.004223896054706226,0.03193223150447011,0.11105483459929626,0.05000000000000001,0.0,0.0,0.0,0.0,0.0,0.0,12,179|180|23|126,46,all_filtered,9,True,D:\Running_Place\PostGraduateProjects\Experiments\PostGraduate\backbones\PertubatedBNStatistics\Baseline-SegSADG\shot4\Seed0
PertubatedBNStatistics,Disperssion+Seg-SADG,Baseline-SegSADG,Baseline-SegSADG,Seg-SADG,Baseline-SegSADG,baseline_segsadg,shallow,0.1,0.1,1.0,0.05,0.1,0.001,0.0001,0.001,0.05,0.5,0.05,rho0p05,new_training,4,0,136,0.03979910227159659,0.03979910227159659,0.039584294271965824,0.004296156500155727,0.032044312140593924,0.12117648931841056,0.05000000000000001,0.0,0.0,0.0,0.0,0.0,0.0,12,179|180|23|126,46,all_filtered,9,True,D:\Running_Place\PostGraduateProjects\Experiments\PostGraduate\backbones\PertubatedBNStatistics\Baseline-SegSADG\shot4\Seed0
PertubatedBNStatistics,Disperssion+Seg-SADG,Baseline-SegSADG,Baseline-SegSADG,Seg-SADG,Baseline-SegSADG,baseline_segsadg,shallow,0.1,0.1,1.0,0.05,0.1,0.001,0.0001,0.001,0.05,0.5,0.05,rho0p05,new_training,4,0,137,0.039091684545079865,0.039091684545079865,0.03887508468081554,0.004331998274816821,0.031747715237239994,0.10913984229167302,0.05000000000000001,0.0,0.0,0.0,0.0,0.0,0.0,12,179|180|23|126,46,all_filtered,9,True,D:\Running_Place\PostGraduateProjects\Experiments\PostGraduate\backbones\PertubatedBNStatistics\Baseline-SegSADG\shot4\Seed0
PertubatedBNStatistics,Disperssion+Seg-SADG,Baseline-SegSADG,Baseline-SegSADG,Seg-SADG,Baseline-SegSADG,baseline_segsadg,shallow,0.1,0.1,1.0,0.05,0.1,0.001,0.0001,0.001,0.05,0.5,0.05,rho0p05,new_training,4,0,138,0.040112815176447235,0.040112815176447235,0.039914749562740326,0.003961325855925679,0.03227890143170953,0.12026792640487353,0.05000000000000001,0.0,0.0,0.0,0.0,0.0,0.0,12,179|180|23|126,46,all_filtered,9,True,D:\Running_Place\PostGraduateProjects\Experiments\PostGraduate\backbones\PertubatedBNStatistics\Baseline-SegSADG\shot4\Seed0
PertubatedBNStatistics,Disperssion+Seg-SADG,Baseline-SegSADG,Baseline-SegSADG,Seg-SADG,Baseline-SegSADG,baseline_segsadg,shallow,0.1,0.1,1.0,0.05,0.1,0.001,0.0001,0.001,0.05,0.5,0.05,rho0p05,new_training,4,0,139,0.038965653628110886,0.038965653628110886,0.038760025364657245,0.004112571497292568,0.031294824865957103,0.11434716110428174,0.05000000000000001,0.0,0.0,0.0,0.0,0.0,0.0,12,179|180|23|126,46,all_filtered,9,True,D:\Running_Place\PostGraduateProjects\Experiments\PostGraduate\backbones\PertubatedBNStatistics\Baseline-SegSADG\shot4\Seed0
PertubatedBNStatistics,Disperssion+Seg-SADG,Baseline-SegSADG,Baseline-SegSADG,Seg-SADG,Baseline-SegSADG,baseline_segsadg,shallow,0.1,0.1,1.0,0.05,0.1,0.001,0.0001,0.001,0.05,0.5,0.05,rho0p05,new_training,4,0,140,0.037892237616082035,0.037892237616082035,0.03768599592149258,0.004124832320182274,0.031025766705473263,0.10486819098393123,0.05000000000000001,0.0,0.0,0.0,0.0,0.0,0.0,12,179|180|23|126,46,all_filtered,9,True,D:\Running_Place\PostGraduateProjects\Experiments\PostGraduate\backbones\PertubatedBNStatistics\Baseline-SegSADG\shot4\Seed0
PertubatedBNStatistics,Disperssion+Seg-SADG,Baseline-SegSADG,Baseline-SegSADG,Seg-SADG,Baseline-SegSADG,baseline_segsadg,shallow,0.1,0.1,1.0,0.05,0.1,0.001,0.0001,0.001,0.05,0.5,0.05,rho0p05,new_training,4,0,141,0.036360454435149826,0.036360454435149826,0.03615379302452008,0.004133231297601014,0.030173002742230892,0.0990736794968446,0.05000000000000001,0.0,0.0,0.0,0.0,0.0,0.0,12,179|180|23|126,46,all_filtered,9,True,D:\Running_Place\PostGraduateProjects\Experiments\PostGraduate\backbones\PertubatedBNStatistics\Baseline-SegSADG\shot4\Seed0
PertubatedBNStatistics,Disperssion+Seg-SADG,Baseline-SegSADG,Baseline-SegSADG,Seg-SADG,Baseline-SegSADG,baseline_segsadg,shallow,0.1,0.1,1.0,0.05,0.1,0.001,0.0001,0.001,0.05,0.5,0.05,rho0p05,new_training,4,0,142,0.03632764518260956,0.03632764518260956,0.036130648106336594,0.003939940904577573,0.02971138044570883,0.10396224384506543,0.05000000000000001,0.0,0.0,0.0,0.0,0.0,0.0,12,179|180|23|126,46,all_filtered,9,True,D:\Running_Place\PostGraduateProjects\Experiments\PostGraduate\backbones\PertubatedBNStatistics\Baseline-SegSADG\shot4\Seed0
PertubatedBNStatistics,Disperssion+Seg-SADG,Baseline-SegSADG,Baseline-SegSADG,Seg-SADG,Baseline-SegSADG,baseline_segsadg,shallow,0.1,0.1,1.0,0.05,0.1,0.001,0.0001,0.001,0.05,0.5,0.05,rho0p05,new_training,4,0,143,0.03592596358309189,0.03592596358309189,0.03573018995424112,0.0039154642533200485,0.029182479872057836,0.10740151007970174,0.05000000000000001,0.0,0.0,0.0,0.0,0.0,0.0,12,179|180|23|126,46,all_filtered,9,True,D:\Running_Place\PostGraduateProjects\Experiments\PostGraduate\backbones\PertubatedBNStatistics\Baseline-SegSADG\shot4\Seed0
PertubatedBNStatistics,Disperssion+Seg-SADG,Baseline-SegSADG,Baseline-SegSADG,Seg-SADG,Baseline-SegSADG,baseline_segsadg,shallow,0.1,0.1,1.0,0.05,0.1,0.001,0.0001,0.001,0.05,0.5,0.05,rho0p05,new_training,4,0,144,0.0385628075649341,0.0385628075649341,0.03835621103644371,0.004131932316037516,0.029813915801544983,0.13376006608208021,0.05000000000000001,0.0,0.0,0.0,0.0,0.0,0.0,12,179|180|23|126,46,all_filtered,9,True,D:\Running_Place\PostGraduateProjects\Experiments\PostGraduate\backbones\PertubatedBNStatistics\Baseline-SegSADG\shot4\Seed0
PertubatedBNStatistics,Disperssion+Seg-SADG,Baseline-SegSADG,Baseline-SegSADG,Seg-SADG,Baseline-SegSADG,baseline_segsadg,shallow,0.1,0.1,1.0,0.05,0.1,0.001,0.0001,0.001,0.05,0.5,0.05,rho0p05,new_training,4,0,145,0.03734110357860724,0.03734110357860724,0.03715830792983373,0.0036559111322276294,0.030234987071404856,0.11185123026371002,0.05000000000000001,0.0,0.0,0.0,0.0,0.0,0.0,12,179|180|23|126,46,all_filtered,9,True,D:\Running_Place\PostGraduateProjects\Experiments\PostGraduate\backbones\PertubatedBNStatistics\Baseline-SegSADG\shot4\Seed0
PertubatedBNStatistics,Disperssion+Seg-SADG,Baseline-SegSADG,Baseline-SegSADG,Seg-SADG,Baseline-SegSADG,baseline_segsadg,shallow,0.1,0.1,1.0,0.05,0.1,0.001,0.0001,0.001,0.05,0.5,0.05,rho0p05,new_training,4,0,146,0.036336252465844154,0.036336252465844154,0.03614803310483694,0.003764378644215564,0.029283679090440273,0.11065625213086605,0.05000000000000001,0.0,0.0,0.0,0.0,0.0,0.0,12,179|180|23|126,46,all_filtered,9,True,D:\Running_Place\PostGraduateProjects\Experiments\PostGraduate\backbones\PertubatedBNStatistics\Baseline-SegSADG\shot4\Seed0
PertubatedBNStatistics,Disperssion+Seg-SADG,Baseline-SegSADG,Baseline-SegSADG,Seg-SADG,Baseline-SegSADG,baseline_segsadg,shallow,0.1,0.1,1.0,0.05,0.1,0.001,0.0001,0.001,0.05,0.5,0.05,rho0p05,new_training,4,0,147,0.03587732991824547,0.03587732991824547,0.035685098419586815,0.003844630225406339,0.02898462985952695,0.10577801056206226,0.05000000000000001,0.0,0.0,0.0,0.0,0.0,0.0,12,179|180|23|126,46,all_filtered,9,True,D:\Running_Place\PostGraduateProjects\Experiments\PostGraduate\backbones\PertubatedBNStatistics\Baseline-SegSADG\shot4\Seed0
PertubatedBNStatistics,Disperssion+Seg-SADG,Baseline-SegSADG,Baseline-SegSADG,Seg-SADG,Baseline-SegSADG,baseline_segsadg,shallow,0.1,0.1,1.0,0.05,0.1,0.001,0.0001,0.001,0.05,0.5,0.05,rho0p05,new_training,4,0,148,0.03464313565442959,0.03464313565442959,0.03445423192655047,0.0037780694741134844,0.028376142339160044,0.10031562360624473,0.05000000000000001,0.0,0.0,0.0,0.0,0.0,0.0,12,179|180|23|126,46,all_filtered,9,True,D:\Running_Place\PostGraduateProjects\Experiments\PostGraduate\backbones\PertubatedBNStatistics\Baseline-SegSADG\shot4\Seed0
PertubatedBNStatistics,Disperssion+Seg-SADG,Baseline-SegSADG,Baseline-SegSADG,Seg-SADG,Baseline-SegSADG,baseline_segsadg,shallow,0.1,0.1,1.0,0.05,0.1,0.001,0.0001,0.001,0.05,0.5,0.05,rho0p05,new_training,4,0,149,0.03590259452660879,0.03590259452660879,0.03571435405562321,0.003764810486851881,0.0285695834706227,0.11547699136038621,0.05000000000000001,0.0,0.0,0.0,0.0,0.0,0.0,12,179|180|23|126,46,all_filtered,9,True,D:\Running_Place\PostGraduateProjects\Experiments\PostGraduate\backbones\PertubatedBNStatistics\Baseline-SegSADG\shot4\Seed0
PertubatedBNStatistics,Disperssion+Seg-SADG,Baseline-SegSADG,Baseline-SegSADG,Seg-SADG,Baseline-SegSADG,baseline_segsadg,shallow,0.1,0.1,1.0,0.05,0.1,0.001,0.0001,0.001,0.05,0.5,0.05,rho0p05,new_training,4,0,150,0.03510572528466582,0.03510572528466582,0.03491128872459134,0.0038887354506490133,0.028267182564983766,0.10656903932491939,0.05000000000000001,0.0,0.0,0.0,0.0,0.0,0.0,12,179|180|23|126,46,all_filtered,9,True,D:\Running_Place\PostGraduateProjects\Experiments\PostGraduate\backbones\PertubatedBNStatistics\Baseline-SegSADG\shot4\Seed0
PertubatedBNStatistics,Disperssion+Seg-SADG,Baseline-SegSADG,Baseline-SegSADG,Seg-SADG,Baseline-SegSADG,baseline_segsadg,shallow,0.1,0.1,1.0,0.05,0.1,0.001,0.0001,0.001,0.05,0.5,0.05,rho0p05,new_training,4,0,151,0.03505019657313824,0.03505019657313824,0.034851109609007835,0.003981745588437964,0.028283226769417524,0.11035509717961152,0.05000000000000001,0.0,0.0,0.0,0.0,0.0,0.0,12,179|180|23|126,46,all_filtered,9,True,D:\Running_Place\PostGraduateProjects\Experiments\PostGraduate\backbones\PertubatedBNStatistics\Baseline-SegSADG\shot4\Seed0
PertubatedBNStatistics,Disperssion+Seg-SADG,Baseline-SegSADG,Baseline-SegSADG,Seg-SADG,Baseline-SegSADG,baseline_segsadg,shallow,0.1,0.1,1.0,0.05,0.1,0.001,0.0001,0.001,0.05,0.5,0.05,rho0p05,new_training,4,0,152,0.035676302233090006,0.035676302233090006,0.03549148173381885,0.003696414486815532,0.0285872978468736,0.1156913669159015,0.05000000000000001,0.0,0.0,0.0,0.0,0.0,0.0,12,179|180|23|126,46,all_filtered,9,True,D:\Running_Place\PostGraduateProjects\Experiments\PostGraduate\backbones\PertubatedBNStatistics\Baseline-SegSADG\shot4\Seed0
PertubatedBNStatistics,Disperssion+Seg-SADG,Baseline-SegSADG,Baseline-SegSADG,Seg-SADG,Baseline-SegSADG,baseline_segsadg,shallow,0.1,0.1,1.0,0.05,0.1,0.001,0.0001,0.001,0.05,0.5,0.05,rho0p05,new_training,4,0,153,0.034882201657940946,0.034882201657940946,0.03470146904389063,0.00361464184243232,0.0281000438456734,0.10855063299338023,0.05000000000000001,0.0,0.0,0.0,0.0,0.0,0.0,12,179|180|23|126,46,all_filtered,9,True,D:\Running_Place\PostGraduateProjects\Experiments\PostGraduate\backbones\PertubatedBNStatistics\Baseline-SegSADG\shot4\Seed0
PertubatedBNStatistics,Disperssion+Seg-SADG,Baseline-SegSADG,Baseline-SegSADG,Seg-SADG,Baseline-SegSADG,baseline_segsadg,shallow,0.1,0.1,1.0,0.05,0.1,0.001,0.0001,0.001,0.05,0.5,0.05,rho0p05,new_training,4,0,154,0.03390763187780976,0.03390763187780976,0.033726122695952654,0.0036301797760340073,0.027678491237262886,0.10522310994565487,0.05000000000000001,0.0,0.0,0.0,0.0,0.0,0.0,12,179|180|23|126,46,all_filtered,9,True,D:\Running_Place\PostGraduateProjects\Experiments\PostGraduate\backbones\PertubatedBNStatistics\Baseline-SegSADG\shot4\Seed0
PertubatedBNStatistics,Disperssion+Seg-SADG,Baseline-SegSADG,Baseline-SegSADG,Seg-SADG,Baseline-SegSADG,baseline_segsadg,shallow,0.1,0.1,1.0,0.05,0.1,0.001,0.0001,0.001,0.05,0.5,0.05,rho0p05,new_training,4,0,155,0.03245258176078399,0.03245258176078399,0.03227344869325558,0.0035826643579639494,0.02653563255444169,0.09647342376410961,0.05000000000000001,0.0,0.0,0.0,0.0,0.0,0.0,12,179|180|23|126,46,all_filtered,9,True,D:\Running_Place\PostGraduateProjects\Experiments\PostGraduate\backbones\PertubatedBNStatistics\Baseline-SegSADG\shot4\Seed0
PertubatedBNStatistics,Disperssion+Seg-SADG,Baseline-SegSADG,Baseline-SegSADG,Seg-SADG,Baseline-SegSADG,baseline_segsadg,shallow,0.1,0.1,1.0,0.05,0.1,0.001,0.0001,0.001,0.05,0.5,0.05,rho0p05,new_training,4,0,156,0.032538794446736574,0.032538794446736574,0.0323637716161708,0.0035004591336473823,0.026244127346823614,0.10051992287238438,0.05000000000000001,0.0,0.0,0.0,0.0,0.0,0.0,12,179|180|23|126,46,all_filtered,9,True,D:\Running_Place\PostGraduateProjects\Experiments\PostGraduate\backbones\PertubatedBNStatistics\Baseline-SegSADG\shot4\Seed0
PertubatedBNStatistics,Disperssion+Seg-SADG,Baseline-SegSADG,Baseline-SegSADG,Seg-SADG,Baseline-SegSADG,baseline_segsadg,shallow,0.1,0.1,1.0,0.05,0.1,0.001,0.0001,0.001,0.05,0.5,0.05,rho0p05,new_training,4,0,157,0.032315367056677737,0.032315367056677737,0.03214091341942549,0.0034890714450739324,0.02611380194624265,0.09720890037715435,0.05000000000000001,0.0,0.0,0.0,0.0,0.0,0.0,12,179|180|23|126,46,all_filtered,9,True,D:\Running_Place\PostGraduateProjects\Experiments\PostGraduate\backbones\PertubatedBNStatistics\Baseline-SegSADG\shot4\Seed0
PertubatedBNStatistics,Disperssion+Seg-SADG,Baseline-SegSADG,Baseline-SegSADG,Seg-SADG,Baseline-SegSADG,baseline_segsadg,shallow,0.1,0.1,1.0,0.05,0.1,0.001,0.0001,0.001,0.05,0.5,0.05,rho0p05,new_training,4,0,158,0.0331762310427924,0.0331762310427924,0.03299681687106689,0.003588293465630462,0.02651181009908517,0.1061017494648695,0.05000000000000001,0.0,0.0,0.0,0.0,0.0,0.0,12,179|180|23|126,46,all_filtered,9,True,D:\Running_Place\PostGraduateProjects\Experiments\PostGraduate\backbones\PertubatedBNStatistics\Baseline-SegSADG\shot4\Seed0
PertubatedBNStatistics,Disperssion+Seg-SADG,Baseline-SegSADG,Baseline-SegSADG,Seg-SADG,Baseline-SegSADG,baseline_segsadg,shallow,0.1,0.1,1.0,0.05,0.1,0.001,0.0001,0.001,0.05,0.5,0.05,rho0p05,new_training,4,0,159,0.03169433989872535,0.03169433989872535,0.03152087129031619,0.003469375796460857,0.02551644683505098,0.09734988771378994,0.05000000000000001,0.0,0.0,0.0,0.0,0.0,0.0,12,179|180|23|126,46,all_filtered,9,True,D:\Running_Place\PostGraduateProjects\Experiments\PostGraduate\backbones\PertubatedBNStatistics\Baseline-SegSADG\shot4\Seed0
PertubatedBNStatistics,Disperssion+Seg-SADG,Baseline-SegSADG,Baseline-SegSADG,Seg-SADG,Baseline-SegSADG,baseline_segsadg,shallow,0.1,0.1,1.0,0.05,0.1,0.001,0.0001,0.001,0.05,0.5,0.05,rho0p05,new_training,4,0,160,0.03208188464244207,0.03208188464244207,0.03191279309491316,0.0033818340937917433,0.025530289237697918,0.10267115135987599,0.05000000000000001,0.0,0.0,0.0,0.0,0.0,0.0,12,179|180|23|126,46,all_filtered,9,True,D:\Running_Place\PostGraduateProjects\Experiments\PostGraduate\backbones\PertubatedBNStatistics\Baseline-SegSADG\shot4\Seed0
PertubatedBNStatistics,Disperssion+Seg-SADG,Baseline-SegSADG,Baseline-SegSADG,Seg-SADG,Baseline-SegSADG,baseline_segsadg,shallow,0.1,0.1,1.0,0.05,0.1,0.001,0.0001,0.001,0.05,0.5,0.05,rho0p05,new_training,4,0,161,0.034030898939818144,0.034030898939818144,0.03385471707830826,0.003523636240667353,0.026290657309194405,0.11943637952208519,0.05000000000000001,0.0,0.0,0.0,0.0,0.0,0.0,12,179|180|23|126,46,all_filtered,9,True,D:\Running_Place\PostGraduateProjects\Experiments\PostGraduate\backbones\PertubatedBNStatistics\Baseline-SegSADG\shot4\Seed0
PertubatedBNStatistics,Disperssion+Seg-SADG,Baseline-SegSADG,Baseline-SegSADG,Seg-SADG,Baseline-SegSADG,baseline_segsadg,shallow,0.1,0.1,1.0,0.05,0.1,0.001,0.0001,0.001,0.05,0.5,0.05,rho0p05,new_training,4,0,162,0.033771565183997154,0.033771565183997154,0.033603936123351254,0.00335256929975003,0.026624862104654312,0.11222813340524833,0.05000000000000001,0.0,0.0,0.0,0.0,0.0,0.0,12,179|180|23|126,46,all_filtered,9,True,D:\Running_Place\PostGraduateProjects\Experiments\PostGraduate\backbones\PertubatedBNStatistics\Baseline-SegSADG\shot4\Seed0
PertubatedBNStatistics,Disperssion+Seg-SADG,Baseline-SegSADG,Baseline-SegSADG,Seg-SADG,Baseline-SegSADG,baseline_segsadg,shallow,0.1,0.1,1.0,0.05,0.1,0.001,0.0001,0.001,0.05,0.5,0.05,rho0p05,new_training,4,0,163,0.033056076150387526,0.033056076150387526,0.032885095880677305,0.0034196111761654415,0.025973165562997263,0.11229588836431503,0.05000000000000001,0.0,0.0,0.0,0.0,0.0,0.0,12,179|180|23|126,46,all_filtered,9,True,D:\Running_Place\PostGraduateProjects\Experiments\PostGraduate\backbones\PertubatedBNStatistics\Baseline-SegSADG\shot4\Seed0
PertubatedBNStatistics,Disperssion+Seg-SADG,Baseline-SegSADG,Baseline-SegSADG,Seg-SADG,Baseline-SegSADG,baseline_segsadg,shallow,0.1,0.1,1.0,0.05,0.1,0.001,0.0001,0.001,0.05,0.5,0.05,rho0p05,new_training,4,0,164,0.03377723709369699,0.03377723709369699,0.033602624045064054,0.003492265474051237,0.02621280572687586,0.121641855686903,0.05000000000000001,0.0,0.0,0.0,0.0,0.0,0.0,12,179|180|23|126,46,all_filtered,9,True,D:\Running_Place\PostGraduateProjects\Experiments\PostGraduate\backbones\PertubatedBNStatistics\Baseline-SegSADG\shot4\Seed0
PertubatedBNStatistics,Disperssion+Seg-SADG,Baseline-SegSADG,Baseline-SegSADG,Seg-SADG,Baseline-SegSADG,baseline_segsadg,shallow,0.1,0.1,1.0,0.05,0.1,0.001,0.0001,0.001,0.05,0.5,0.05,rho0p05,new_training,4,0,165,0.03288713268314799,0.03288713268314799,0.03272667589286963,0.003209139686077833,0.025821003907670576,0.11011964331070583,0.05000000000000001,0.0,0.0,0.0,0.0,0.0,0.0,12,179|180|23|126,46,all_filtered,9,True,D:\Running_Place\PostGraduateProjects\Experiments\PostGraduate\backbones\PertubatedBNStatistics\Baseline-SegSADG\shot4\Seed0
PertubatedBNStatistics,Disperssion+Seg-SADG,Baseline-SegSADG,Baseline-SegSADG,Seg-SADG,Baseline-SegSADG,baseline_segsadg,shallow,0.1,0.1,1.0,0.05,0.1,0.001,0.0001,0.001,0.05,0.5,0.05,rho0p05,new_training,4,0,166,0.0323092817949752,0.0323092817949752,0.03215969276304046,0.002991769462823868,0.02541834069415927,0.11127620004117489,0.05000000000000001,0.0,0.0,0.0,0.0,0.0,0.0,12,179|180|23|126,46,all_filtered,9,True,D:\Running_Place\PostGraduateProjects\Experiments\PostGraduate\backbones\PertubatedBNStatistics\Baseline-SegSADG\shot4\Seed0
PertubatedBNStatistics,Disperssion+Seg-SADG,Baseline-SegSADG,Baseline-SegSADG,Seg-SADG,Baseline-SegSADG,baseline_segsadg,shallow,0.1,0.1,1.0,0.05,0.1,0.001,0.0001,0.001,0.05,0.5,0.05,rho0p05,new_training,4,0,167,0.03065068693831563,0.03065068693831563,0.030499614775180817,0.0030214519744428494,0.024522737599909306,0.10049013172586758,0.05000000000000001,0.0,0.0,0.0,0.0,0.0,0.0,12,179|180|23|126,46,all_filtered,9,True,D:\Running_Place\PostGraduateProjects\Experiments\PostGraduate\backbones\PertubatedBNStatistics\Baseline-SegSADG\shot4\Seed0
PertubatedBNStatistics,Disperssion+Seg-SADG,Baseline-SegSADG,Baseline-SegSADG,Seg-SADG,Baseline-SegSADG,baseline_segsadg,shallow,0.1,0.1,1.0,0.05,0.1,0.001,0.0001,0.001,0.05,0.5,0.05,rho0p05,new_training,4,0,168,0.031295663211494684,0.031295663211494684,0.031138404738157988,0.0031451761218098304,0.02449584457402428,0.1061590959628423,0.05000000000000001,0.0,0.0,0.0,0.0,0.0,0.0,12,179|180|23|126,46,all_filtered,9,True,D:\Running_Place\PostGraduateProjects\Experiments\PostGraduate\backbones\PertubatedBNStatistics\Baseline-SegSADG\shot4\Seed0
PertubatedBNStatistics,Disperssion+Seg-SADG,Baseline-SegSADG,Baseline-SegSADG,Seg-SADG,Baseline-SegSADG,baseline_segsadg,shallow,0.1,0.1,1.0,0.05,0.1,0.001,0.0001,0.001,0.05,0.5,0.05,rho0p05,new_training,4,0,169,0.03052355923379461,0.03052355923379461,0.030368142761290073,0.0031083339902882776,0.02411025684947769,0.1042266587416331,0.05000000000000001,0.0,0.0,0.0,0.0,0.0,0.0,12,179|180|23|126,46,all_filtered,9,True,D:\Running_Place\PostGraduateProjects\Experiments\PostGraduate\backbones\PertubatedBNStatistics\Baseline-SegSADG\shot4\Seed0
PertubatedBNStatistics,Disperssion+Seg-SADG,Baseline-SegSADG,Baseline-SegSADG,Seg-SADG,Baseline-SegSADG,baseline_segsadg,shallow,0.1,0.1,1.0,0.05,0.1,0.001,0.0001,0.001,0.05,0.5,0.05,rho0p05,new_training,4,0,170,0.030624613631516695,0.030624613631516695,0.03046982145557801,0.0030958480977763734,0.02418057294562459,0.10097181548674901,0.05000000000000001,0.0,0.0,0.0,0.0,0.0,0.0,12,179|180|23|126,46,all_filtered,9,True,D:\Running_Place\PostGraduateProjects\Experiments\PostGraduate\backbones\PertubatedBNStatistics\Baseline-SegSADG\shot4\Seed0
PertubatedBNStatistics,Disperssion+Seg-SADG,Baseline-SegSADG,Baseline-SegSADG,Seg-SADG,Baseline-SegSADG,baseline_segsadg,shallow,0.1,0.1,1.0,0.05,0.1,0.001,0.0001,0.001,0.05,0.5,0.05,rho0p05,new_training,4,0,171,0.03163839690387249,0.03163839690387249,0.03149129978070656,0.0029419411633474133,0.024737350642681122,0.11109640635550022,0.05000000000000001,0.0,0.0,0.0,0.0,0.0,0.0,12,179|180|23|126,46,all_filtered,9,True,D:\Running_Place\PostGraduateProjects\Experiments\PostGraduate\backbones\PertubatedBNStatistics\Baseline-SegSADG\shot4\Seed0
PertubatedBNStatistics,Disperssion+Seg-SADG,Baseline-SegSADG,Baseline-SegSADG,Seg-SADG,Baseline-SegSADG,baseline_segsadg,shallow,0.1,0.1,1.0,0.05,0.1,0.001,0.0001,0.001,0.05,0.5,0.05,rho0p05,new_training,4,0,172,0.03168601247792443,0.03168601247792443,0.03153382816041509,0.003043675154913217,0.024507309310138226,0.11503766166667144,0.05000000000000001,0.0,0.0,0.0,0.0,0.0,0.0,12,179|180|23|126,46,all_filtered,9,True,D:\Running_Place\PostGraduateProjects\Experiments\PostGraduate\backbones\PertubatedBNStatistics\Baseline-SegSADG\shot4\Seed0
PertubatedBNStatistics,Disperssion+Seg-SADG,Baseline-SegSADG,Baseline-SegSADG,Seg-SADG,Baseline-SegSADG,baseline_segsadg,shallow,0.1,0.1,1.0,0.05,0.1,0.001,0.0001,0.001,0.05,0.5,0.05,rho0p05,new_training,4,0,173,0.030176161012301844,0.030176161012301844,0.030028217006474733,0.0029588832209507623,0.02389332341651122,0.10428622675438722,0.05000000000000001,0.0,0.0,0.0,0.0,0.0,0.0,12,179|180|23|126,46,all_filtered,9,True,D:\Running_Place\PostGraduateProjects\Experiments\PostGraduate\backbones\PertubatedBNStatistics\Baseline-SegSADG\shot4\Seed0
PertubatedBNStatistics,Disperssion+Seg-SADG,Baseline-SegSADG,Baseline-SegSADG,Seg-SADG,Baseline-SegSADG,baseline_segsadg,shallow,0.1,0.1,1.0,0.05,0.1,0.001,0.0001,0.001,0.05,0.5,0.05,rho0p05,new_training,4,0,174,0.03081521764397621,0.03081521764397621,0.03066702124973138,0.0029639212492232523,0.02399890637025237,0.11061227135360241,0.05000000000000001,0.0,0.0,0.0,0.0,0.0,0.0,12,179|180|23|126,46,all_filtered,9,True,D:\Running_Place\PostGraduateProjects\Experiments\PostGraduate\backbones\PertubatedBNStatistics\Baseline-SegSADG\shot4\Seed0
PertubatedBNStatistics,Disperssion+Seg-SADG,Baseline-SegSADG,Baseline-SegSADG,Seg-SADG,Baseline-SegSADG,baseline_segsadg,shallow,0.1,0.1,1.0,0.05,0.1,0.001,0.0001,0.001,0.05,0.5,0.05,rho0p05,new_training,4,0,175,0.029990167667468388,0.029990167667468388,0.02984739312281211,0.0028554949870643518,0.0236929163026313,0.10351893243690331,0.05000000000000001,0.0,0.0,0.0,0.0,0.0,0.0,12,179|180|23|126,46,all_filtered,9,True,D:\Running_Place\PostGraduateProjects\Experiments\PostGraduate\backbones\PertubatedBNStatistics\Baseline-SegSADG\shot4\Seed0
PertubatedBNStatistics,Disperssion+Seg-SADG,Baseline-SegSADG,Baseline-SegSADG,Seg-SADG,Baseline-SegSADG,baseline_segsadg,shallow,0.1,0.1,1.0,0.05,0.1,0.001,0.0001,0.001,0.05,0.5,0.05,rho0p05,new_training,4,0,176,0.02878421327720086,0.02878421327720086,0.02863563612724344,0.002971539526091268,0.022539562390496332,0.10101675428450108,0.05000000000000001,0.0,0.0,0.0,0.0,0.0,0.0,12,179|180|23|126,46,all_filtered,9,True,D:\Running_Place\PostGraduateProjects\Experiments\PostGraduate\backbones\PertubatedBNStatistics\Baseline-SegSADG\shot4\Seed0
PertubatedBNStatistics,Disperssion+Seg-SADG,Baseline-SegSADG,Baseline-SegSADG,Seg-SADG,Baseline-SegSADG,baseline_segsadg,shallow,0.1,0.1,1.0,0.05,0.1,0.001,0.0001,0.001,0.05,0.5,0.05,rho0p05,new_training,4,0,177,0.028056886047124863,0.028056886047124863,0.027917081645379465,0.0027960812052090964,0.021995348545412224,0.09730109199881554,0.05000000000000001,0.0,0.0,0.0,0.0,0.0,0.0,12,179|180|23|126,46,all_filtered,9,True,D:\Running_Place\PostGraduateProjects\Experiments\PostGraduate\backbones\PertubatedBNStatistics\Baseline-SegSADG\shot4\Seed0
PertubatedBNStatistics,Disperssion+Seg-SADG,Baseline-SegSADG,Baseline-SegSADG,Seg-SADG,Baseline-SegSADG,baseline_segsadg,shallow,0.1,0.1,1.0,0.05,0.1,0.001,0.0001,0.001,0.05,0.5,0.05,rho0p05,new_training,4,0,178,0.02781651122495532,0.02781651122495532,0.027675648219883442,0.002817255367214481,0.02225122678404053,0.09209401284654935,0.05000000000000001,0.0,0.0,0.0,0.0,0.0,0.0,12,179|180|23|126,46,all_filtered,9,True,D:\Running_Place\PostGraduateProjects\Experiments\PostGraduate\backbones\PertubatedBNStatistics\Baseline-SegSADG\shot4\Seed0
PertubatedBNStatistics,Disperssion+Seg-SADG,Baseline-SegSADG,Baseline-SegSADG,Seg-SADG,Baseline-SegSADG,baseline_segsadg,shallow,0.1,0.1,1.0,0.05,0.1,0.001,0.0001,0.001,0.05,0.5,0.05,rho0p05,new_training,4,0,179,0.0281792435174187,0.0281792435174187,0.02803437675659855,0.0028973369820353887,0.02179254653553168,0.0995413741717736,0.05000000000000001,0.0,0.0,0.0,0.0,0.0,0.0,12,179|180|23|126,46,all_filtered,9,True,D:\Running_Place\PostGraduateProjects\Experiments\PostGraduate\backbones\PertubatedBNStatistics\Baseline-SegSADG\shot4\Seed0
PertubatedBNStatistics,Disperssion+Seg-SADG,Baseline-SegSADG,Baseline-SegSADG,Seg-SADG,Baseline-SegSADG,baseline_segsadg,shallow,0.1,0.1,1.0,0.05,0.1,0.001,0.0001,0.001,0.05,0.5,0.05,rho0p05,new_training,4,0,180,0.02645024113977949,0.02645024113977949,0.026314716165264446,0.002710499567911029,0.021031892237563927,0.08574959511558215,0.05000000000000001,0.0,0.0,0.0,0.0,0.0,0.0,12,179|180|23|126,46,all_filtered,9,True,D:\Running_Place\PostGraduateProjects\Experiments\PostGraduate\backbones\PertubatedBNStatistics\Baseline-SegSADG\shot4\Seed0
PertubatedBNStatistics,Disperssion+Seg-SADG,Baseline-SegSADG,Baseline-SegSADG,Seg-SADG,Baseline-SegSADG,baseline_segsadg,shallow,0.1,0.1,1.0,0.05,0.1,0.001,0.0001,0.001,0.05,0.5,0.05,rho0p05,new_training,4,0,181,0.027984847780317068,0.027984847780317068,0.027848470645646255,0.002727540248694519,0.021610682209332783,0.10101806931197643,0.05000000000000001,0.0,0.0,0.0,0.0,0.0,0.0,12,179|180|23|126,46,all_filtered,9,True,D:\Running_Place\PostGraduateProjects\Experiments\PostGraduate\backbones\PertubatedBNStatistics\Baseline-SegSADG\shot4\Seed0
PertubatedBNStatistics,Disperssion+Seg-SADG,Baseline-SegSADG,Baseline-SegSADG,Seg-SADG,Baseline-SegSADG,baseline_segsadg,shallow,0.1,0.1,1.0,0.05,0.1,0.001,0.0001,0.001,0.05,0.5,0.05,rho0p05,new_training,4,0,182,0.027490287243078153,0.027490287243078153,0.027353842742741108,0.0027288905888174972,0.0216782681333522,0.09481818166871865,0.05000000000000001,0.0,0.0,0.0,0.0,0.0,0.0,12,179|180|23|126,46,all_filtered,9,True,D:\Running_Place\PostGraduateProjects\Experiments\PostGraduate\backbones\PertubatedBNStatistics\Baseline-SegSADG\shot4\Seed0
PertubatedBNStatistics,Disperssion+Seg-SADG,Baseline-SegSADG,Baseline-SegSADG,Seg-SADG,Baseline-SegSADG,baseline_segsadg,shallow,0.1,0.1,1.0,0.05,0.1,0.001,0.0001,0.001,0.05,0.5,0.05,rho0p05,new_training,4,0,183,0.027752656334390242,0.027752656334390242,0.027617902339746554,0.0026950781854490438,0.02162297877172629,0.10013049778838952,0.05000000000000001,0.0,0.0,0.0,0.0,0.0,0.0,12,179|180|23|126,46,all_filtered,9,True,D:\Running_Place\PostGraduateProjects\Experiments\PostGraduate\backbones\PertubatedBNStatistics\Baseline-SegSADG\shot4\Seed0
PertubatedBNStatistics,Disperssion+Seg-SADG,Baseline-SegSADG,Baseline-SegSADG,Seg-SADG,Baseline-SegSADG,baseline_segsadg,shallow,0.1,0.1,1.0,0.05,0.1,0.001,0.0001,0.001,0.05,0.5,0.05,rho0p05,new_training,4,0,184,0.028973469510674477,0.028973469510674477,0.028829453978687525,0.0028803132202786705,0.022036044392734766,0.11006682552397251,0.05000000000000001,0.0,0.0,0.0,0.0,0.0,0.0,12,179|180|23|126,46,all_filtered,9,True,D:\Running_Place\PostGraduateProjects\Experiments\PostGraduate\backbones\PertubatedBNStatistics\Baseline-SegSADG\shot4\Seed0
PertubatedBNStatistics,Disperssion+Seg-SADG,Baseline-SegSADG,Baseline-SegSADG,Seg-SADG,Baseline-SegSADG,baseline_segsadg,shallow,0.1,0.1,1.0,0.05,0.1,0.001,0.0001,0.001,0.05,0.5,0.05,rho0p05,new_training,4,0,185,0.027223199605941772,0.027223199605941772,0.027086645054320495,0.002731092021955798,0.02138364315032959,0.09574741125106812,0.05000000000000001,0.0,0.0,0.0,0.0,0.0,0.0,12,179|180|23|126,46,all_filtered,9,True,D:\Running_Place\PostGraduateProjects\Experiments\PostGraduate\backbones\PertubatedBNStatistics\Baseline-SegSADG\shot4\Seed0
PertubatedBNStatistics,Disperssion+Seg-SADG,Baseline-SegSADG,Baseline-SegSADG,Seg-SADG,Baseline-SegSADG,baseline_segsadg,shallow,0.1,0.1,1.0,0.05,0.1,0.001,0.0001,0.001,0.05,0.5,0.05,rho0p05,new_training,4,0,186,0.025270334910601377,0.025270334910601377,0.025136002028981846,0.0026866536354646087,0.020114159832398098,0.08356058597564697,0.05000000000000001,0.0,0.0,0.0,0.0,0.0,0.0,12,179|180|23|126,46,all_filtered,9,True,D:\Running_Place\PostGraduateProjects\Experiments\PostGraduate\backbones\PertubatedBNStatistics\Baseline-SegSADG\shot4\Seed0
PertubatedBNStatistics,Disperssion+Seg-SADG,Baseline-SegSADG,Baseline-SegSADG,Seg-SADG,Baseline-SegSADG,baseline_segsadg,shallow,0.1,0.1,1.0,0.05,0.1,0.001,0.0001,0.001,0.05,0.5,0.05,rho0p05,new_training,4,0,187,0.025412967273344595,0.025412967273344595,0.025282273534685373,0.0026138748701972267,0.01985868780563275,0.08920455786089103,0.05000000000000001,0.0,0.0,0.0,0.0,0.0,0.0,12,179|180|23|126,46,all_filtered,9,True,D:\Running_Place\PostGraduateProjects\Experiments\PostGraduate\backbones\PertubatedBNStatistics\Baseline-SegSADG\shot4\Seed0
PertubatedBNStatistics,Disperssion+Seg-SADG,Baseline-SegSADG,Baseline-SegSADG,Seg-SADG,Baseline-SegSADG,baseline_segsadg,shallow,0.1,0.1,1.0,0.05,0.1,0.001,0.0001,0.001,0.05,0.5,0.05,rho0p05,new_training,4,0,188,0.024951400700956583,0.024951400700956583,0.02482393958295385,0.002549222185431669,0.0192513857036829,0.09122000448405743,0.05000000000000001,0.0,0.0,0.0,0.0,0.0,0.0,12,179|180|23|126,46,all_filtered,9,True,D:\Running_Place\PostGraduateProjects\Experiments\PostGraduate\backbones\PertubatedBNStatistics\Baseline-SegSADG\shot4\Seed0
PertubatedBNStatistics,Disperssion+Seg-SADG,Baseline-SegSADG,Baseline-SegSADG,Seg-SADG,Baseline-SegSADG,baseline_segsadg,shallow,0.1,0.1,1.0,0.05,0.1,0.001,0.0001,0.001,0.05,0.5,0.05,rho0p05,new_training,4,0,189,0.024873318150639534,0.024873318150639534,0.024747750721871853,0.002511352223033706,0.019430048918972414,0.08906877102951209,0.05000000000000001,0.0,0.0,0.0,0.0,0.0,0.0,12,179|180|23|126,46,all_filtered,9,True,D:\Running_Place\PostGraduateProjects\Experiments\PostGraduate\backbones\PertubatedBNStatistics\Baseline-SegSADG\shot4\Seed0
PertubatedBNStatistics,Disperssion+Seg-SADG,Baseline-SegSADG,Baseline-SegSADG,Seg-SADG,Baseline-SegSADG,baseline_segsadg,shallow,0.1,0.1,1.0,0.05,0.1,0.001,0.0001,0.001,0.05,0.5,0.05,rho0p05,new_training,4,0,190,0.024648710619658232,0.024648710619658232,0.024527820758521557,0.0024177958839572966,0.01923723689590891,0.08869588437179725,0.05000000000000001,0.0,0.0,0.0,0.0,0.0,0.0,12,179|180|23|126,46,all_filtered,9,True,D:\Running_Place\PostGraduateProjects\Experiments\PostGraduate\backbones\PertubatedBNStatistics\Baseline-SegSADG\shot4\Seed0
PertubatedBNStatistics,Disperssion+Seg-SADG,Baseline-SegSADG,Baseline-SegSADG,Seg-SADG,Baseline-SegSADG,baseline_segsadg,shallow,0.1,0.1,1.0,0.05,0.1,0.001,0.0001,0.001,0.05,0.5,0.05,rho0p05,new_training,4,0,191,0.0242313703832527,0.0242313703832527,0.024106944135079782,0.0024885271947520473,0.018851127475500107,0.0864091869443655,0.05000000000000001,0.0,0.0,0.0,0.0,0.0,0.0,12,179|180|23|126,46,all_filtered,9,True,D:\Running_Place\PostGraduateProjects\Experiments\PostGraduate\backbones\PertubatedBNStatistics\Baseline-SegSADG\shot4\Seed0
PertubatedBNStatistics,Disperssion+Seg-SADG,Baseline-SegSADG,Baseline-SegSADG,Seg-SADG,Baseline-SegSADG,baseline_segsadg,shallow,0.1,0.1,1.0,0.05,0.1,0.001,0.0001,0.001,0.05,0.5,0.05,rho0p05,new_training,4,0,192,0.024267257656902075,0.024267257656902075,0.024145519671340782,0.0024347612052224576,0.01870546427865823,0.08969194442033768,0.05000000000000001,0.0,0.0,0.0,0.0,0.0,0.0,12,179|180|23|126,46,all_filtered,9,True,D:\Running_Place\PostGraduateProjects\Experiments\PostGraduate\backbones\PertubatedBNStatistics\Baseline-SegSADG\shot4\Seed0
PertubatedBNStatistics,Disperssion+Seg-SADG,Baseline-SegSADG,Baseline-SegSADG,Seg-SADG,Baseline-SegSADG,baseline_segsadg,shallow,0.1,0.1,1.0,0.05,0.1,0.001,0.0001,0.001,0.05,0.5,0.05,rho0p05,new_training,4,0,193,0.025010467506945133,0.025010467506945133,0.02488848116869728,0.0024397287246150277,0.0190618426228563,0.09616666163007419,0.05000000000000001,0.0,0.0,0.0,0.0,0.0,0.0,12,179|180|23|126,46,all_filtered,9,True,D:\Running_Place\PostGraduateProjects\Experiments\PostGraduate\backbones\PertubatedBNStatistics\Baseline-SegSADG\shot4\Seed0
PertubatedBNStatistics,Disperssion+Seg-SADG,Baseline-SegSADG,Baseline-SegSADG,Seg-SADG,Baseline-SegSADG,baseline_segsadg,shallow,0.1,0.1,1.0,0.05,0.1,0.001,0.0001,0.001,0.05,0.5,0.05,rho0p05,new_training,4,0,194,0.02540836048622926,0.02540836048622926,0.025286808454742033,0.0024310447042807937,0.018895523467411596,0.10037008362511794,0.05000000000000001,0.0,0.0,0.0,0.0,0.0,0.0,12,179|180|23|126,46,all_filtered,9,True,D:\Running_Place\PostGraduateProjects\Experiments\PostGraduate\backbones\PertubatedBNStatistics\Baseline-SegSADG\shot4\Seed0
PertubatedBNStatistics,Disperssion+Seg-SADG,Baseline-SegSADG,Baseline-SegSADG,Seg-SADG,Baseline-SegSADG,baseline_segsadg,shallow,0.1,0.1,1.0,0.05,0.1,0.001,0.0001,0.001,0.05,0.5,0.05,rho0p05,new_training,4,0,195,0.0256372873360912,0.0256372873360912,0.025522081336627405,0.0023041174766452364,0.019322330753008526,0.10077354125678539,0.05000000000000001,0.0,0.0,0.0,0.0,0.0,0.0,12,179|180|23|126,46,all_filtered,9,True,D:\Running_Place\PostGraduateProjects\Experiments\PostGraduate\backbones\PertubatedBNStatistics\Baseline-SegSADG\shot4\Seed0
PertubatedBNStatistics,Disperssion+Seg-SADG,Baseline-SegSADG,Baseline-SegSADG,Seg-SADG,Baseline-SegSADG,baseline_segsadg,shallow,0.1,0.1,1.0,0.05,0.1,0.001,0.0001,0.001,0.05,0.5,0.05,rho0p05,new_training,4,0,196,0.0251693242850403,0.0251693242850403,0.025052926503121853,0.0023279497399926186,0.019289073223869007,0.09416481169561546,0.05000000000000001,0.0,0.0,0.0,0.0,0.0,0.0,12,179|180|23|126,46,all_filtered,9,True,D:\Running_Place\PostGraduateProjects\Experiments\PostGraduate\backbones\PertubatedBNStatistics\Baseline-SegSADG\shot4\Seed0
PertubatedBNStatistics,Disperssion+Seg-SADG,Baseline-SegSADG,Baseline-SegSADG,Seg-SADG,Baseline-SegSADG,baseline_segsadg,shallow,0.1,0.1,1.0,0.05,0.1,0.001,0.0001,0.001,0.05,0.5,0.05,rho0p05,new_training,4,0,197,0.026628223868707817,0.026628223868707817,0.02651011912773053,0.0023620892704154053,0.019674925754467647,0.10854505312939484,0.05000000000000001,0.0,0.0,0.0,0.0,0.0,0.0,12,179|180|23|126,46,all_filtered,9,True,D:\Running_Place\PostGraduateProjects\Experiments\PostGraduate\backbones\PertubatedBNStatistics\Baseline-SegSADG\shot4\Seed0
PertubatedBNStatistics,Disperssion+Seg-SADG,Baseline-SegSADG,Baseline-SegSADG,Seg-SADG,Baseline-SegSADG,baseline_segsadg,shallow,0.1,0.1,1.0,0.05,0.1,0.001,0.0001,0.001,0.05,0.5,0.05,rho0p05,new_training,4,0,198,0.02504260651767254,0.02504260651767254,0.024928784929215908,0.002276433107908815,0.019177102328588564,0.09503998421132565,0.05000000000000001,0.0,0.0,0.0,0.0,0.0,0.0,12,179|180|23|126,46,all_filtered,9,True,D:\Running_Place\PostGraduateProjects\Experiments\PostGraduate\backbones\PertubatedBNStatistics\Baseline-SegSADG\shot4\Seed0
PertubatedBNStatistics,Disperssion+Seg-SADG,Baseline-SegSADG,Baseline-SegSADG,Seg-SADG,Baseline-SegSADG,baseline_segsadg,shallow,0.1,0.1,1.0,0.05,0.1,0.001,0.0001,0.001,0.05,0.5,0.05,rho0p05,new_training,4,0,199,0.024802965422471363,0.024802965422471363,0.02468788033972184,0.002301696532716354,0.01907097656900684,0.09502520225942135,0.05000000000000001,0.0,0.0,0.0,0.0,0.0,0.0,12,179|180|23|126,46,all_filtered,9,True,D:\Running_Place\PostGraduateProjects\Experiments\PostGraduate\backbones\PertubatedBNStatistics\Baseline-SegSADG\shot4\Seed0
PertubatedBNStatistics,Disperssion+Seg-SADG,Baseline-SegSADG,Baseline-SegSADG,Seg-SADG,Baseline-SegSADG,baseline_segsadg,shallow,0.1,0.1,1.0,0.05,0.1,0.001,0.0001,0.001,0.05,0.5,0.05,rho0p05,new_training,4,0,200,0.02482436317950487,0.02482436317950487,0.02470338298007846,0.0024196018930524588,0.018767080114533503,0.09634474789102872,0.05000000000000001,0.0,0.0,0.0,0.0,0.0,0.0,12,179|180|23|126,46,all_filtered,9,True,D:\Running_Place\PostGraduateProjects\Experiments\PostGraduate\backbones\PertubatedBNStatistics\Baseline-SegSADG\shot4\Seed0
