loss_mode,ablation,sadg_method,style_method,template_mode,mask_mode,style_alpha,style_rho,sadg_rho,lambda_disp,dice_weight,rho,rho_tag,sadg_rho_tag,lf_radius_h,lf_radius_w,lf_size_h,lf_size_w,checkpoint_source,shot,seed,epoch,train_loss,train_seg_loss,train_disp_loss,style_reg_loss,template_l2_loss,template_smooth_loss,epsilon_loss,sadg_grad_norm,perturb_norm,steps,train_case_ids,n_train_slices,slice_policy,num_middle_slices,filter_min_fg,output_dir,prompt_dir
Seg-SADG,Seg-SADG,Seg-SADG,LF-Fixed-Cosine,fixed,cosine,0.08,0.5,0.05,0.05,0.5,0.5,style_rho0p5,sadg_rho0p05,9,9,19,19,new_training,4,0,1,1.3395997981230419,1.3119282523790996,0.5534311135609945,0.0,0.0,0.0,1.2128375172615051,1.921703726053238,0.05000000000000001,12,179|180|23|126,46,all_filtered,9,True,D:\Running_Place\PostGraduateProjects\Experiments\PostGraduate\backbones\DisperssionWithSADG_LowFreqCanonicalization\Seg-SADG\LF-Fixed-Cosine\alpha0p08\style_rho0p5\sadg_rho0p05\shot4\Seed0,D:\Running_Place\PostGraduateProjects\Experiments\PostGraduate\backbones\Prompts\Seg-SADG\LF-Fixed-Cosine\alpha0p08\style_rho0p5\sadg_rho0p05\shot4\Seed0
Seg-SADG,Seg-SADG,Seg-SADG,LF-Fixed-Cosine,fixed,cosine,0.08,0.5,0.05,0.05,0.5,0.5,style_rho0p5,sadg_rho0p05,9,9,19,19,new_training,4,0,2,0.9839907735586166,0.9626564383506775,0.4266868457198143,0.0,0.0,0.0,0.915072058637937,0.8936676730712255,0.05000000000000001,12,179|180|23|126,46,all_filtered,9,True,D:\Running_Place\PostGraduateProjects\Experiments\PostGraduate\backbones\DisperssionWithSADG_LowFreqCanonicalization\Seg-SADG\LF-Fixed-Cosine\alpha0p08\style_rho0p5\sadg_rho0p05\shot4\Seed0,D:\Running_Place\PostGraduateProjects\Experiments\PostGraduate\backbones\Prompts\Seg-SADG\LF-Fixed-Cosine\alpha0p08\style_rho0p5\sadg_rho0p05\shot4\Seed0
Seg-SADG,Seg-SADG,Seg-SADG,LF-Fixed-Cosine,fixed,cosine,0.08,0.5,0.05,0.05,0.5,0.5,style_rho0p5,sadg_rho0p05,9,9,19,19,new_training,4,0,3,0.8845922996600469,0.8636738459269205,0.4183690920472145,0.0,0.0,0.0,0.8271958033243815,0.6670925120512644,0.05000000000000001,12,179|180|23|126,46,all_filtered,9,True,D:\Running_Place\PostGraduateProjects\Experiments\PostGraduate\backbones\DisperssionWithSADG_LowFreqCanonicalization\Seg-SADG\LF-Fixed-Cosine\alpha0p08\style_rho0p5\sadg_rho0p05\shot4\Seed0,D:\Running_Place\PostGraduateProjects\Experiments\PostGraduate\backbones\Prompts\Seg-SADG\LF-Fixed-Cosine\alpha0p08\style_rho0p5\sadg_rho0p05\shot4\Seed0
Seg-SADG,Seg-SADG,Seg-SADG,LF-Fixed-Cosine,fixed,cosine,0.08,0.5,0.05,0.05,0.5,0.5,style_rho0p5,sadg_rho0p05,9,9,19,19,new_training,4,0,4,0.8388361732165018,0.8181904951731364,0.412913553416729,0.0,0.0,0.0,0.7846037894487381,0.5596938033898672,0.05000000000000001,12,179|180|23|126,46,all_filtered,9,True,D:\Running_Place\PostGraduateProjects\Experiments\PostGraduate\backbones\DisperssionWithSADG_LowFreqCanonicalization\Seg-SADG\LF-Fixed-Cosine\alpha0p08\style_rho0p5\sadg_rho0p05\shot4\Seed0,D:\Running_Place\PostGraduateProjects\Experiments\PostGraduate\backbones\Prompts\Seg-SADG\LF-Fixed-Cosine\alpha0p08\style_rho0p5\sadg_rho0p05\shot4\Seed0
Seg-SADG,Seg-SADG,Seg-SADG,LF-Fixed-Cosine,fixed,cosine,0.08,0.5,0.05,0.05,0.5,0.5,style_rho0p5,sadg_rho0p05,9,9,19,19,new_training,4,0,5,0.8002063085635504,0.7793889691432317,0.4163468653957049,0.0,0.0,0.0,0.7512039591868719,0.5077375322580338,0.05000000000000001,12,179|180|23|126,46,all_filtered,9,True,D:\Running_Place\PostGraduateProjects\Experiments\PostGraduate\backbones\DisperssionWithSADG_LowFreqCanonicalization\Seg-SADG\LF-Fixed-Cosine\alpha0p08\style_rho0p5\sadg_rho0p05\shot4\Seed0,D:\Running_Place\PostGraduateProjects\Experiments\PostGraduate\backbones\Prompts\Seg-SADG\LF-Fixed-Cosine\alpha0p08\style_rho0p5\sadg_rho0p05\shot4\Seed0
Seg-SADG,Seg-SADG,Seg-SADG,LF-Fixed-Cosine,fixed,cosine,0.08,0.5,0.05,0.05,0.5,0.5,style_rho0p5,sadg_rho0p05,9,9,19,19,new_training,4,0,6,0.7655073503653208,0.7454685121774673,0.40077683329582214,0.0,0.0,0.0,0.7156880795955658,0.5130822360515594,0.05000000000000001,12,179|180|23|126,46,all_filtered,9,True,D:\Running_Place\PostGraduateProjects\Experiments\PostGraduate\backbones\DisperssionWithSADG_LowFreqCanonicalization\Seg-SADG\LF-Fixed-Cosine\alpha0p08\style_rho0p5\sadg_rho0p05\shot4\Seed0,D:\Running_Place\PostGraduateProjects\Experiments\PostGraduate\backbones\Prompts\Seg-SADG\LF-Fixed-Cosine\alpha0p08\style_rho0p5\sadg_rho0p05\shot4\Seed0
Seg-SADG,Seg-SADG,Seg-SADG,LF-Fixed-Cosine,fixed,cosine,0.08,0.5,0.05,0.05,0.5,0.5,style_rho0p5,sadg_rho0p05,9,9,19,19,new_training,4,0,7,0.7414385279019674,0.7219594369331995,0.38958175977071124,0.0,0.0,0.0,0.6945618589719137,0.4793930724263191,0.05000000000000001,12,179|180|23|126,46,all_filtered,9,True,D:\Running_Place\PostGraduateProjects\Experiments\PostGraduate\backbones\DisperssionWithSADG_LowFreqCanonicalization\Seg-SADG\LF-Fixed-Cosine\alpha0p08\style_rho0p5\sadg_rho0p05\shot4\Seed0,D:\Running_Place\PostGraduateProjects\Experiments\PostGraduate\backbones\Prompts\Seg-SADG\LF-Fixed-Cosine\alpha0p08\style_rho0p5\sadg_rho0p05\shot4\Seed0
Seg-SADG,Seg-SADG,Seg-SADG,LF-Fixed-Cosine,fixed,cosine,0.08,0.5,0.05,0.05,0.5,0.5,style_rho0p5,sadg_rho0p05,9,9,19,19,new_training,4,0,8,0.7025799651940664,0.6842623651027679,0.36635201424360275,0.0,0.0,0.0,0.6533790826797485,0.5802189310391744,0.05000000000000001,12,179|180|23|126,46,all_filtered,9,True,D:\Running_Place\PostGraduateProjects\Experiments\PostGraduate\backbones\DisperssionWithSADG_LowFreqCanonicalization\Seg-SADG\LF-Fixed-Cosine\alpha0p08\style_rho0p5\sadg_rho0p05\shot4\Seed0,D:\Running_Place\PostGraduateProjects\Experiments\PostGraduate\backbones\Prompts\Seg-SADG\LF-Fixed-Cosine\alpha0p08\style_rho0p5\sadg_rho0p05\shot4\Seed0
Seg-SADG,Seg-SADG,Seg-SADG,LF-Fixed-Cosine,fixed,cosine,0.08,0.5,0.05,0.05,0.5,0.5,style_rho0p5,sadg_rho0p05,9,9,19,19,new_training,4,0,9,0.6339250405629476,0.6243767390648524,0.19096598153313002,0.0,0.0,0.0,0.5901869684457779,0.6040796538194021,0.05000000000000001,12,179|180|23|126,46,all_filtered,9,True,D:\Running_Place\PostGraduateProjects\Experiments\PostGraduate\backbones\DisperssionWithSADG_LowFreqCanonicalization\Seg-SADG\LF-Fixed-Cosine\alpha0p08\style_rho0p5\sadg_rho0p05\shot4\Seed0,D:\Running_Place\PostGraduateProjects\Experiments\PostGraduate\backbones\Prompts\Seg-SADG\LF-Fixed-Cosine\alpha0p08\style_rho0p5\sadg_rho0p05\shot4\Seed0
Seg-SADG,Seg-SADG,Seg-SADG,LF-Fixed-Cosine,fixed,cosine,0.08,0.5,0.05,0.05,0.5,0.5,style_rho0p5,sadg_rho0p05,9,9,19,19,new_training,4,0,10,0.5761051823695501,0.5716580400864283,0.08894288167357445,0.0,0.0,0.0,0.5364751021067301,0.6108428239822388,0.05000000000000001,12,179|180|23|126,46,all_filtered,9,True,D:\Running_Place\PostGraduateProjects\Experiments\PostGraduate\backbones\DisperssionWithSADG_LowFreqCanonicalization\Seg-SADG\LF-Fixed-Cosine\alpha0p08\style_rho0p5\sadg_rho0p05\shot4\Seed0,D:\Running_Place\PostGraduateProjects\Experiments\PostGraduate\backbones\Prompts\Seg-SADG\LF-Fixed-Cosine\alpha0p08\style_rho0p5\sadg_rho0p05\shot4\Seed0
Seg-SADG,Seg-SADG,Seg-SADG,LF-Fixed-Cosine,fixed,cosine,0.08,0.5,0.05,0.05,0.5,0.5,style_rho0p5,sadg_rho0p05,9,9,19,19,new_training,4,0,11,0.5359321782986323,0.5330100357532501,0.05844290849442283,0.0,0.0,0.0,0.5019975304603577,0.5652358631292979,0.05000000000000001,12,179|180|23|126,46,all_filtered,9,True,D:\Running_Place\PostGraduateProjects\Experiments\PostGraduate\backbones\DisperssionWithSADG_LowFreqCanonicalization\Seg-SADG\LF-Fixed-Cosine\alpha0p08\style_rho0p5\sadg_rho0p05\shot4\Seed0,D:\Running_Place\PostGraduateProjects\Experiments\PostGraduate\backbones\Prompts\Seg-SADG\LF-Fixed-Cosine\alpha0p08\style_rho0p5\sadg_rho0p05\shot4\Seed0
Seg-SADG,Seg-SADG,Seg-SADG,LF-Fixed-Cosine,fixed,cosine,0.08,0.5,0.05,0.05,0.5,0.5,style_rho0p5,sadg_rho0p05,9,9,19,19,new_training,4,0,12,0.49860695004463196,0.4962057868639628,0.04802330334981283,0.0,0.0,0.0,0.4663158158461253,0.5276599923769633,0.05000000000000001,12,179|180|23|126,46,all_filtered,9,True,D:\Running_Place\PostGraduateProjects\Experiments\PostGraduate\backbones\DisperssionWithSADG_LowFreqCanonicalization\Seg-SADG\LF-Fixed-Cosine\alpha0p08\style_rho0p5\sadg_rho0p05\shot4\Seed0,D:\Running_Place\PostGraduateProjects\Experiments\PostGraduate\backbones\Prompts\Seg-SADG\LF-Fixed-Cosine\alpha0p08\style_rho0p5\sadg_rho0p05\shot4\Seed0
Seg-SADG,Seg-SADG,Seg-SADG,LF-Fixed-Cosine,fixed,cosine,0.08,0.5,0.05,0.05,0.5,0.5,style_rho0p5,sadg_rho0p05,9,9,19,19,new_training,4,0,13,0.47035106519858044,0.46812954793373746,0.04443047366415461,0.0,0.0,0.0,0.44026624659697217,0.5102613021930059,0.05000000000000001,12,179|180|23|126,46,all_filtered,9,True,D:\Running_Place\PostGraduateProjects\Experiments\PostGraduate\backbones\DisperssionWithSADG_LowFreqCanonicalization\Seg-SADG\LF-Fixed-Cosine\alpha0p08\style_rho0p5\sadg_rho0p05\shot4\Seed0,D:\Running_Place\PostGraduateProjects\Experiments\PostGraduate\backbones\Prompts\Seg-SADG\LF-Fixed-Cosine\alpha0p08\style_rho0p5\sadg_rho0p05\shot4\Seed0
Seg-SADG,Seg-SADG,Seg-SADG,LF-Fixed-Cosine,fixed,cosine,0.08,0.5,0.05,0.05,0.5,0.5,style_rho0p5,sadg_rho0p05,9,9,19,19,new_training,4,0,14,0.43972844382127124,0.43840448061625165,0.02647930523380637,0.0,0.0,0.0,0.4127594952781995,0.4704386219382286,0.05000000000000001,12,179|180|23|126,46,all_filtered,9,True,D:\Running_Place\PostGraduateProjects\Experiments\PostGraduate\backbones\DisperssionWithSADG_LowFreqCanonicalization\Seg-SADG\LF-Fixed-Cosine\alpha0p08\style_rho0p5\sadg_rho0p05\shot4\Seed0,D:\Running_Place\PostGraduateProjects\Experiments\PostGraduate\backbones\Prompts\Seg-SADG\LF-Fixed-Cosine\alpha0p08\style_rho0p5\sadg_rho0p05\shot4\Seed0
Seg-SADG,Seg-SADG,Seg-SADG,LF-Fixed-Cosine,fixed,cosine,0.08,0.5,0.05,0.05,0.5,0.5,style_rho0p5,sadg_rho0p05,9,9,19,19,new_training,4,0,15,0.41728224356969196,0.41570256650447845,0.03159350839753946,0.0,0.0,0.0,0.38685933748881024,0.5157283569375674,0.05000000000000001,12,179|180|23|126,46,all_filtered,9,True,D:\Running_Place\PostGraduateProjects\Experiments\PostGraduate\backbones\DisperssionWithSADG_LowFreqCanonicalization\Seg-SADG\LF-Fixed-Cosine\alpha0p08\style_rho0p5\sadg_rho0p05\shot4\Seed0,D:\Running_Place\PostGraduateProjects\Experiments\PostGraduate\backbones\Prompts\Seg-SADG\LF-Fixed-Cosine\alpha0p08\style_rho0p5\sadg_rho0p05\shot4\Seed0
Seg-SADG,Seg-SADG,Seg-SADG,LF-Fixed-Cosine,fixed,cosine,0.08,0.5,0.05,0.05,0.5,0.5,style_rho0p5,sadg_rho0p05,9,9,19,19,new_training,4,0,16,0.38795653730630875,0.38678184896707535,0.02349373170485099,0.0,0.0,0.0,0.3599797909458478,0.4761349484324455,0.05000000000000001,12,179|180|23|126,46,all_filtered,9,True,D:\Running_Place\PostGraduateProjects\Experiments\PostGraduate\backbones\DisperssionWithSADG_LowFreqCanonicalization\Seg-SADG\LF-Fixed-Cosine\alpha0p08\style_rho0p5\sadg_rho0p05\shot4\Seed0,D:\Running_Place\PostGraduateProjects\Experiments\PostGraduate\backbones\Prompts\Seg-SADG\LF-Fixed-Cosine\alpha0p08\style_rho0p5\sadg_rho0p05\shot4\Seed0
Seg-SADG,Seg-SADG,Seg-SADG,LF-Fixed-Cosine,fixed,cosine,0.08,0.5,0.05,0.05,0.5,0.5,style_rho0p5,sadg_rho0p05,9,9,19,19,new_training,4,0,17,0.3735385040442149,0.37253409375747043,0.020088240892315905,0.0,0.0,0.0,0.3432040512561798,0.48789963374535245,0.05000000000000001,12,179|180|23|126,46,all_filtered,9,True,D:\Running_Place\PostGraduateProjects\Experiments\PostGraduate\backbones\DisperssionWithSADG_LowFreqCanonicalization\Seg-SADG\LF-Fixed-Cosine\alpha0p08\style_rho0p5\sadg_rho0p05\shot4\Seed0,D:\Running_Place\PostGraduateProjects\Experiments\PostGraduate\backbones\Prompts\Seg-SADG\LF-Fixed-Cosine\alpha0p08\style_rho0p5\sadg_rho0p05\shot4\Seed0
Seg-SADG,Seg-SADG,Seg-SADG,LF-Fixed-Cosine,fixed,cosine,0.08,0.5,0.05,0.05,0.5,0.5,style_rho0p5,sadg_rho0p05,9,9,19,19,new_training,4,0,18,0.35280189911524457,0.35184812049070996,0.019075640632460516,0.0,0.0,0.0,0.32595879832903546,0.4619872123003006,0.05000000000000001,12,179|180|23|126,46,all_filtered,9,True,D:\Running_Place\PostGraduateProjects\Experiments\PostGraduate\backbones\DisperssionWithSADG_LowFreqCanonicalization\Seg-SADG\LF-Fixed-Cosine\alpha0p08\style_rho0p5\sadg_rho0p05\shot4\Seed0,D:\Running_Place\PostGraduateProjects\Experiments\PostGraduate\backbones\Prompts\Seg-SADG\LF-Fixed-Cosine\alpha0p08\style_rho0p5\sadg_rho0p05\shot4\Seed0
Seg-SADG,Seg-SADG,Seg-SADG,LF-Fixed-Cosine,fixed,cosine,0.08,0.5,0.05,0.05,0.5,0.5,style_rho0p5,sadg_rho0p05,9,9,19,19,new_training,4,0,19,0.33076464881499607,0.3296799163023631,0.02169468703990181,0.0,0.0,0.0,0.30239931245644885,0.4670337289571762,0.05000000000000001,12,179|180|23|126,46,all_filtered,9,True,D:\Running_Place\PostGraduateProjects\Experiments\PostGraduate\backbones\DisperssionWithSADG_LowFreqCanonicalization\Seg-SADG\LF-Fixed-Cosine\alpha0p08\style_rho0p5\sadg_rho0p05\shot4\Seed0,D:\Running_Place\PostGraduateProjects\Experiments\PostGraduate\backbones\Prompts\Seg-SADG\LF-Fixed-Cosine\alpha0p08\style_rho0p5\sadg_rho0p05\shot4\Seed0
Seg-SADG,Seg-SADG,Seg-SADG,LF-Fixed-Cosine,fixed,cosine,0.08,0.5,0.05,0.05,0.5,0.5,style_rho0p5,sadg_rho0p05,9,9,19,19,new_training,4,0,20,0.30973175913095474,0.30892859647671383,0.016063229103262227,0.0,0.0,0.0,0.2850265254577001,0.4157738909125328,0.05000000000000001,12,179|180|23|126,46,all_filtered,9,True,D:\Running_Place\PostGraduateProjects\Experiments\PostGraduate\backbones\DisperssionWithSADG_LowFreqCanonicalization\Seg-SADG\LF-Fixed-Cosine\alpha0p08\style_rho0p5\sadg_rho0p05\shot4\Seed0,D:\Running_Place\PostGraduateProjects\Experiments\PostGraduate\backbones\Prompts\Seg-SADG\LF-Fixed-Cosine\alpha0p08\style_rho0p5\sadg_rho0p05\shot4\Seed0
Seg-SADG,Seg-SADG,Seg-SADG,LF-Fixed-Cosine,fixed,cosine,0.08,0.5,0.05,0.05,0.5,0.5,style_rho0p5,sadg_rho0p05,9,9,19,19,new_training,4,0,21,0.2885586991906166,0.28779147813717526,0.015344418740520874,0.0,0.0,0.0,0.26494519660870236,0.41650572419166565,0.05000000000000001,12,179|180|23|126,46,all_filtered,9,True,D:\Running_Place\PostGraduateProjects\Experiments\PostGraduate\backbones\DisperssionWithSADG_LowFreqCanonicalization\Seg-SADG\LF-Fixed-Cosine\alpha0p08\style_rho0p5\sadg_rho0p05\shot4\Seed0,D:\Running_Place\PostGraduateProjects\Experiments\PostGraduate\backbones\Prompts\Seg-SADG\LF-Fixed-Cosine\alpha0p08\style_rho0p5\sadg_rho0p05\shot4\Seed0
Seg-SADG,Seg-SADG,Seg-SADG,LF-Fixed-Cosine,fixed,cosine,0.08,0.5,0.05,0.05,0.5,0.5,style_rho0p5,sadg_rho0p05,9,9,19,19,new_training,4,0,22,0.26857447748382884,0.2678755434850852,0.013978721069482466,0.0,0.0,0.0,0.24565096199512482,0.39081721752882004,0.05000000000000001,12,179|180|23|126,46,all_filtered,9,True,D:\Running_Place\PostGraduateProjects\Experiments\PostGraduate\backbones\DisperssionWithSADG_LowFreqCanonicalization\Seg-SADG\LF-Fixed-Cosine\alpha0p08\style_rho0p5\sadg_rho0p05\shot4\Seed0,D:\Running_Place\PostGraduateProjects\Experiments\PostGraduate\backbones\Prompts\Seg-SADG\LF-Fixed-Cosine\alpha0p08\style_rho0p5\sadg_rho0p05\shot4\Seed0
Seg-SADG,Seg-SADG,Seg-SADG,LF-Fixed-Cosine,fixed,cosine,0.08,0.5,0.05,0.05,0.5,0.5,style_rho0p5,sadg_rho0p05,9,9,19,19,new_training,4,0,23,0.25902147963643074,0.2582582198083401,0.015265164353574315,0.0,0.0,0.0,0.23504889011383057,0.40220030148824054,0.05000000000000001,12,179|180|23|126,46,all_filtered,9,True,D:\Running_Place\PostGraduateProjects\Experiments\PostGraduate\backbones\DisperssionWithSADG_LowFreqCanonicalization\Seg-SADG\LF-Fixed-Cosine\alpha0p08\style_rho0p5\sadg_rho0p05\shot4\Seed0,D:\Running_Place\PostGraduateProjects\Experiments\PostGraduate\backbones\Prompts\Seg-SADG\LF-Fixed-Cosine\alpha0p08\style_rho0p5\sadg_rho0p05\shot4\Seed0
Seg-SADG,Seg-SADG,Seg-SADG,LF-Fixed-Cosine,fixed,cosine,0.08,0.5,0.05,0.05,0.5,0.5,style_rho0p5,sadg_rho0p05,9,9,19,19,new_training,4,0,24,0.24447119235992432,0.24376487483580908,0.014126265149873992,0.0,0.0,0.0,0.22129113848010698,0.37637900064388913,0.05000000000000001,12,179|180|23|126,46,all_filtered,9,True,D:\Running_Place\PostGraduateProjects\Experiments\PostGraduate\backbones\DisperssionWithSADG_LowFreqCanonicalization\Seg-SADG\LF-Fixed-Cosine\alpha0p08\style_rho0p5\sadg_rho0p05\shot4\Seed0,D:\Running_Place\PostGraduateProjects\Experiments\PostGraduate\backbones\Prompts\Seg-SADG\LF-Fixed-Cosine\alpha0p08\style_rho0p5\sadg_rho0p05\shot4\Seed0
Seg-SADG,Seg-SADG,Seg-SADG,LF-Fixed-Cosine,fixed,cosine,0.08,0.5,0.05,0.05,0.5,0.5,style_rho0p5,sadg_rho0p05,9,9,19,19,new_training,4,0,25,0.292984064668417,0.29128686090310413,0.033944092225283384,0.0,0.0,0.0,0.24364957213401794,0.6085248291492462,0.05000000000000001,12,179|180|23|126,46,all_filtered,9,True,D:\Running_Place\PostGraduateProjects\Experiments\PostGraduate\backbones\DisperssionWithSADG_LowFreqCanonicalization\Seg-SADG\LF-Fixed-Cosine\alpha0p08\style_rho0p5\sadg_rho0p05\shot4\Seed0,D:\Running_Place\PostGraduateProjects\Experiments\PostGraduate\backbones\Prompts\Seg-SADG\LF-Fixed-Cosine\alpha0p08\style_rho0p5\sadg_rho0p05\shot4\Seed0
Seg-SADG,Seg-SADG,Seg-SADG,LF-Fixed-Cosine,fixed,cosine,0.08,0.5,0.05,0.05,0.5,0.5,style_rho0p5,sadg_rho0p05,9,9,19,19,new_training,4,0,26,0.2950415077308814,0.2933962332705657,0.0329054519534111,0.0,0.0,0.0,0.2644021312395732,0.4999938905239105,0.05000000000000001,12,179|180|23|126,46,all_filtered,9,True,D:\Running_Place\PostGraduateProjects\Experiments\PostGraduate\backbones\DisperssionWithSADG_LowFreqCanonicalization\Seg-SADG\LF-Fixed-Cosine\alpha0p08\style_rho0p5\sadg_rho0p05\shot4\Seed0,D:\Running_Place\PostGraduateProjects\Experiments\PostGraduate\backbones\Prompts\Seg-SADG\LF-Fixed-Cosine\alpha0p08\style_rho0p5\sadg_rho0p05\shot4\Seed0
Seg-SADG,Seg-SADG,Seg-SADG,LF-Fixed-Cosine,fixed,cosine,0.08,0.5,0.05,0.05,0.5,0.5,style_rho0p5,sadg_rho0p05,9,9,19,19,new_training,4,0,27,0.25549016147851944,0.25467978169520694,0.016207647897923987,0.0,0.0,0.0,0.23305750141541162,0.3763596663872401,0.05000000000000001,12,179|180|23|126,46,all_filtered,9,True,D:\Running_Place\PostGraduateProjects\Experiments\PostGraduate\backbones\DisperssionWithSADG_LowFreqCanonicalization\Seg-SADG\LF-Fixed-Cosine\alpha0p08\style_rho0p5\sadg_rho0p05\shot4\Seed0,D:\Running_Place\PostGraduateProjects\Experiments\PostGraduate\backbones\Prompts\Seg-SADG\LF-Fixed-Cosine\alpha0p08\style_rho0p5\sadg_rho0p05\shot4\Seed0
Seg-SADG,Seg-SADG,Seg-SADG,LF-Fixed-Cosine,fixed,cosine,0.08,0.5,0.05,0.05,0.5,0.5,style_rho0p5,sadg_rho0p05,9,9,19,19,new_training,4,0,28,0.22869130099813142,0.2279359996318817,0.015106015605852008,0.0,0.0,0.0,0.20959210271636644,0.3003355674445629,0.05000000000000001,12,179|180|23|126,46,all_filtered,9,True,D:\Running_Place\PostGraduateProjects\Experiments\PostGraduate\backbones\DisperssionWithSADG_LowFreqCanonicalization\Seg-SADG\LF-Fixed-Cosine\alpha0p08\style_rho0p5\sadg_rho0p05\shot4\Seed0,D:\Running_Place\PostGraduateProjects\Experiments\PostGraduate\backbones\Prompts\Seg-SADG\LF-Fixed-Cosine\alpha0p08\style_rho0p5\sadg_rho0p05\shot4\Seed0
Seg-SADG,Seg-SADG,Seg-SADG,LF-Fixed-Cosine,fixed,cosine,0.08,0.5,0.05,0.05,0.5,0.5,style_rho0p5,sadg_rho0p05,9,9,19,19,new_training,4,0,29,0.2156748796502749,0.21510668223102888,0.011363961307021478,0.0,0.0,0.0,0.1978362835943699,0.29765016709764797,0.05000000000000001,12,179|180|23|126,46,all_filtered,9,True,D:\Running_Place\PostGraduateProjects\Experiments\PostGraduate\backbones\DisperssionWithSADG_LowFreqCanonicalization\Seg-SADG\LF-Fixed-Cosine\alpha0p08\style_rho0p5\sadg_rho0p05\shot4\Seed0,D:\Running_Place\PostGraduateProjects\Experiments\PostGraduate\backbones\Prompts\Seg-SADG\LF-Fixed-Cosine\alpha0p08\style_rho0p5\sadg_rho0p05\shot4\Seed0
Seg-SADG,Seg-SADG,Seg-SADG,LF-Fixed-Cosine,fixed,cosine,0.08,0.5,0.05,0.05,0.5,0.5,style_rho0p5,sadg_rho0p05,9,9,19,19,new_training,4,0,30,0.20686632518966994,0.2062418262163798,0.012489974265918136,0.0,0.0,0.0,0.18728016937772432,0.29917748769124347,0.05000000000000001,12,179|180|23|126,46,all_filtered,9,True,D:\Running_Place\PostGraduateProjects\Experiments\PostGraduate\backbones\DisperssionWithSADG_LowFreqCanonicalization\Seg-SADG\LF-Fixed-Cosine\alpha0p08\style_rho0p5\sadg_rho0p05\shot4\Seed0,D:\Running_Place\PostGraduateProjects\Experiments\PostGraduate\backbones\Prompts\Seg-SADG\LF-Fixed-Cosine\alpha0p08\style_rho0p5\sadg_rho0p05\shot4\Seed0
Seg-SADG,Seg-SADG,Seg-SADG,LF-Fixed-Cosine,fixed,cosine,0.08,0.5,0.05,0.05,0.5,0.5,style_rho0p5,sadg_rho0p05,9,9,19,19,new_training,4,0,31,0.20179826517899832,0.2011838766435782,0.012287796474993229,0.0,0.0,0.0,0.182768934716781,0.3010476989050706,0.05000000000000001,12,179|180|23|126,46,all_filtered,9,True,D:\Running_Place\PostGraduateProjects\Experiments\PostGraduate\backbones\DisperssionWithSADG_LowFreqCanonicalization\Seg-SADG\LF-Fixed-Cosine\alpha0p08\style_rho0p5\sadg_rho0p05\shot4\Seed0,D:\Running_Place\PostGraduateProjects\Experiments\PostGraduate\backbones\Prompts\Seg-SADG\LF-Fixed-Cosine\alpha0p08\style_rho0p5\sadg_rho0p05\shot4\Seed0
Seg-SADG,Seg-SADG,Seg-SADG,LF-Fixed-Cosine,fixed,cosine,0.08,0.5,0.05,0.05,0.5,0.5,style_rho0p5,sadg_rho0p05,9,9,19,19,new_training,4,0,32,0.1929513725141684,0.1923260452846686,0.012506562750786543,0.0,0.0,0.0,0.17306150620182356,0.30070724959174794,0.05000000000000001,12,179|180|23|126,46,all_filtered,9,True,D:\Running_Place\PostGraduateProjects\Experiments\PostGraduate\backbones\DisperssionWithSADG_LowFreqCanonicalization\Seg-SADG\LF-Fixed-Cosine\alpha0p08\style_rho0p5\sadg_rho0p05\shot4\Seed0,D:\Running_Place\PostGraduateProjects\Experiments\PostGraduate\backbones\Prompts\Seg-SADG\LF-Fixed-Cosine\alpha0p08\style_rho0p5\sadg_rho0p05\shot4\Seed0
Seg-SADG,Seg-SADG,Seg-SADG,LF-Fixed-Cosine,fixed,cosine,0.08,0.5,0.05,0.05,0.5,0.5,style_rho0p5,sadg_rho0p05,9,9,19,19,new_training,4,0,33,0.1816708246866862,0.1811091105143229,0.01123425019128869,0.0,0.0,0.0,0.16542533412575722,0.26330456013480824,0.05000000000000001,12,179|180|23|126,46,all_filtered,9,True,D:\Running_Place\PostGraduateProjects\Experiments\PostGraduate\backbones\DisperssionWithSADG_LowFreqCanonicalization\Seg-SADG\LF-Fixed-Cosine\alpha0p08\style_rho0p5\sadg_rho0p05\shot4\Seed0,D:\Running_Place\PostGraduateProjects\Experiments\PostGraduate\backbones\Prompts\Seg-SADG\LF-Fixed-Cosine\alpha0p08\style_rho0p5\sadg_rho0p05\shot4\Seed0
Seg-SADG,Seg-SADG,Seg-SADG,LF-Fixed-Cosine,fixed,cosine,0.08,0.5,0.05,0.05,0.5,0.5,style_rho0p5,sadg_rho0p05,9,9,19,19,new_training,4,0,34,0.17364514991641045,0.1730855330824852,0.011192358642195662,0.0,0.0,0.0,0.15750765552123389,0.2569596196214358,0.05000000000000001,12,179|180|23|126,46,all_filtered,9,True,D:\Running_Place\PostGraduateProjects\Experiments\PostGraduate\backbones\DisperssionWithSADG_LowFreqCanonicalization\Seg-SADG\LF-Fixed-Cosine\alpha0p08\style_rho0p5\sadg_rho0p05\shot4\Seed0,D:\Running_Place\PostGraduateProjects\Experiments\PostGraduate\backbones\Prompts\Seg-SADG\LF-Fixed-Cosine\alpha0p08\style_rho0p5\sadg_rho0p05\shot4\Seed0
Seg-SADG,Seg-SADG,Seg-SADG,LF-Fixed-Cosine,fixed,cosine,0.08,0.5,0.05,0.05,0.5,0.5,style_rho0p5,sadg_rho0p05,9,9,19,19,new_training,4,0,35,0.17014783372481665,0.16961696868141493,0.01061727882673343,0.0,0.0,0.0,0.15260912850499153,0.2719629406929016,0.05000000000000001,12,179|180|23|126,46,all_filtered,9,True,D:\Running_Place\PostGraduateProjects\Experiments\PostGraduate\backbones\DisperssionWithSADG_LowFreqCanonicalization\Seg-SADG\LF-Fixed-Cosine\alpha0p08\style_rho0p5\sadg_rho0p05\shot4\Seed0,D:\Running_Place\PostGraduateProjects\Experiments\PostGraduate\backbones\Prompts\Seg-SADG\LF-Fixed-Cosine\alpha0p08\style_rho0p5\sadg_rho0p05\shot4\Seed0
Seg-SADG,Seg-SADG,Seg-SADG,LF-Fixed-Cosine,fixed,cosine,0.08,0.5,0.05,0.05,0.5,0.5,style_rho0p5,sadg_rho0p05,9,9,19,19,new_training,4,0,36,0.1692532810072104,0.16870232050617537,0.011019229462059835,0.0,0.0,0.0,0.15271475911140442,0.2651329462726911,0.05000000000000001,12,179|180|23|126,46,all_filtered,9,True,D:\Running_Place\PostGraduateProjects\Experiments\PostGraduate\backbones\DisperssionWithSADG_LowFreqCanonicalization\Seg-SADG\LF-Fixed-Cosine\alpha0p08\style_rho0p5\sadg_rho0p05\shot4\Seed0,D:\Running_Place\PostGraduateProjects\Experiments\PostGraduate\backbones\Prompts\Seg-SADG\LF-Fixed-Cosine\alpha0p08\style_rho0p5\sadg_rho0p05\shot4\Seed0
Seg-SADG,Seg-SADG,Seg-SADG,LF-Fixed-Cosine,fixed,cosine,0.08,0.5,0.05,0.05,0.5,0.5,style_rho0p5,sadg_rho0p05,9,9,19,19,new_training,4,0,37,0.16169952601194382,0.16121031964818636,0.009784123511053622,0.0,0.0,0.0,0.146608987202247,0.24262169500192007,0.05000000000000001,12,179|180|23|126,46,all_filtered,9,True,D:\Running_Place\PostGraduateProjects\Experiments\PostGraduate\backbones\DisperssionWithSADG_LowFreqCanonicalization\Seg-SADG\LF-Fixed-Cosine\alpha0p08\style_rho0p5\sadg_rho0p05\shot4\Seed0,D:\Running_Place\PostGraduateProjects\Experiments\PostGraduate\backbones\Prompts\Seg-SADG\LF-Fixed-Cosine\alpha0p08\style_rho0p5\sadg_rho0p05\shot4\Seed0
Seg-SADG,Seg-SADG,Seg-SADG,LF-Fixed-Cosine,fixed,cosine,0.08,0.5,0.05,0.05,0.5,0.5,style_rho0p5,sadg_rho0p05,9,9,19,19,new_training,4,0,38,0.15941598390539488,0.1588172366221746,0.011974992114119232,0.0,0.0,0.0,0.14247532561421394,0.26333479583263397,0.05000000000000001,12,179|180|23|126,46,all_filtered,9,True,D:\Running_Place\PostGraduateProjects\Experiments\PostGraduate\backbones\DisperssionWithSADG_LowFreqCanonicalization\Seg-SADG\LF-Fixed-Cosine\alpha0p08\style_rho0p5\sadg_rho0p05\shot4\Seed0,D:\Running_Place\PostGraduateProjects\Experiments\PostGraduate\backbones\Prompts\Seg-SADG\LF-Fixed-Cosine\alpha0p08\style_rho0p5\sadg_rho0p05\shot4\Seed0
Seg-SADG,Seg-SADG,Seg-SADG,LF-Fixed-Cosine,fixed,cosine,0.08,0.5,0.05,0.05,0.5,0.5,style_rho0p5,sadg_rho0p05,9,9,19,19,new_training,4,0,39,0.15026496599117914,0.14987648402651152,0.007769609840276341,0.0,0.0,0.0,0.1366544576982657,0.2127783199151357,0.05000000000000001,12,179|180|23|126,46,all_filtered,9,True,D:\Running_Place\PostGraduateProjects\Experiments\PostGraduate\backbones\DisperssionWithSADG_LowFreqCanonicalization\Seg-SADG\LF-Fixed-Cosine\alpha0p08\style_rho0p5\sadg_rho0p05\shot4\Seed0,D:\Running_Place\PostGraduateProjects\Experiments\PostGraduate\backbones\Prompts\Seg-SADG\LF-Fixed-Cosine\alpha0p08\style_rho0p5\sadg_rho0p05\shot4\Seed0
Seg-SADG,Seg-SADG,Seg-SADG,LF-Fixed-Cosine,fixed,cosine,0.08,0.5,0.05,0.05,0.5,0.5,style_rho0p5,sadg_rho0p05,9,9,19,19,new_training,4,0,40,0.14590195380151272,0.14540874399244785,0.009864208016855022,0.0,0.0,0.0,0.13299314553538957,0.2022868481775125,0.05000000000000001,12,179|180|23|126,46,all_filtered,9,True,D:\Running_Place\PostGraduateProjects\Experiments\PostGraduate\backbones\DisperssionWithSADG_LowFreqCanonicalization\Seg-SADG\LF-Fixed-Cosine\alpha0p08\style_rho0p5\sadg_rho0p05\shot4\Seed0,D:\Running_Place\PostGraduateProjects\Experiments\PostGraduate\backbones\Prompts\Seg-SADG\LF-Fixed-Cosine\alpha0p08\style_rho0p5\sadg_rho0p05\shot4\Seed0
Seg-SADG,Seg-SADG,Seg-SADG,LF-Fixed-Cosine,fixed,cosine,0.08,0.5,0.05,0.05,0.5,0.5,style_rho0p5,sadg_rho0p05,9,9,19,19,new_training,4,0,41,0.14190074304739633,0.14147034535805383,0.008607947927278778,0.0,0.0,0.0,0.12906962633132935,0.20487723623712858,0.05000000000000001,12,179|180|23|126,46,all_filtered,9,True,D:\Running_Place\PostGraduateProjects\Experiments\PostGraduate\backbones\DisperssionWithSADG_LowFreqCanonicalization\Seg-SADG\LF-Fixed-Cosine\alpha0p08\style_rho0p5\sadg_rho0p05\shot4\Seed0,D:\Running_Place\PostGraduateProjects\Experiments\PostGraduate\backbones\Prompts\Seg-SADG\LF-Fixed-Cosine\alpha0p08\style_rho0p5\sadg_rho0p05\shot4\Seed0
Seg-SADG,Seg-SADG,Seg-SADG,LF-Fixed-Cosine,fixed,cosine,0.08,0.5,0.05,0.05,0.5,0.5,style_rho0p5,sadg_rho0p05,9,9,19,19,new_training,4,0,42,0.13637633621692657,0.13590625735620657,0.009401566698215902,0.0,0.0,0.0,0.12336908963819344,0.19486467664440474,0.05000000000000001,12,179|180|23|126,46,all_filtered,9,True,D:\Running_Place\PostGraduateProjects\Experiments\PostGraduate\backbones\DisperssionWithSADG_LowFreqCanonicalization\Seg-SADG\LF-Fixed-Cosine\alpha0p08\style_rho0p5\sadg_rho0p05\shot4\Seed0,D:\Running_Place\PostGraduateProjects\Experiments\PostGraduate\backbones\Prompts\Seg-SADG\LF-Fixed-Cosine\alpha0p08\style_rho0p5\sadg_rho0p05\shot4\Seed0
Seg-SADG,Seg-SADG,Seg-SADG,LF-Fixed-Cosine,fixed,cosine,0.08,0.5,0.05,0.05,0.5,0.5,style_rho0p5,sadg_rho0p05,9,9,19,19,new_training,4,0,43,0.13500632159411907,0.1345559780796369,0.009006906960469982,0.0,0.0,0.0,0.12168657531340916,0.2073423924545447,0.05000000000000001,12,179|180|23|126,46,all_filtered,9,True,D:\Running_Place\PostGraduateProjects\Experiments\PostGraduate\backbones\DisperssionWithSADG_LowFreqCanonicalization\Seg-SADG\LF-Fixed-Cosine\alpha0p08\style_rho0p5\sadg_rho0p05\shot4\Seed0,D:\Running_Place\PostGraduateProjects\Experiments\PostGraduate\backbones\Prompts\Seg-SADG\LF-Fixed-Cosine\alpha0p08\style_rho0p5\sadg_rho0p05\shot4\Seed0
Seg-SADG,Seg-SADG,Seg-SADG,LF-Fixed-Cosine,fixed,cosine,0.08,0.5,0.05,0.05,0.5,0.5,style_rho0p5,sadg_rho0p05,9,9,19,19,new_training,4,0,44,0.13114047050476074,0.13069142339130244,0.008980917977169156,0.0,0.0,0.0,0.11890768197675546,0.1884309078256289,0.05000000000000001,12,179|180|23|126,46,all_filtered,9,True,D:\Running_Place\PostGraduateProjects\Experiments\PostGraduate\backbones\DisperssionWithSADG_LowFreqCanonicalization\Seg-SADG\LF-Fixed-Cosine\alpha0p08\style_rho0p5\sadg_rho0p05\shot4\Seed0,D:\Running_Place\PostGraduateProjects\Experiments\PostGraduate\backbones\Prompts\Seg-SADG\LF-Fixed-Cosine\alpha0p08\style_rho0p5\sadg_rho0p05\shot4\Seed0
Seg-SADG,Seg-SADG,Seg-SADG,LF-Fixed-Cosine,fixed,cosine,0.08,0.5,0.05,0.05,0.5,0.5,style_rho0p5,sadg_rho0p05,9,9,19,19,new_training,4,0,45,0.1341612966110309,0.1336359524478515,0.010506896185688674,0.0,0.0,0.0,0.11855664352575938,0.24272283414999643,0.05000000000000001,12,179|180|23|126,46,all_filtered,9,True,D:\Running_Place\PostGraduateProjects\Experiments\PostGraduate\backbones\DisperssionWithSADG_LowFreqCanonicalization\Seg-SADG\LF-Fixed-Cosine\alpha0p08\style_rho0p5\sadg_rho0p05\shot4\Seed0,D:\Running_Place\PostGraduateProjects\Experiments\PostGraduate\backbones\Prompts\Seg-SADG\LF-Fixed-Cosine\alpha0p08\style_rho0p5\sadg_rho0p05\shot4\Seed0
Seg-SADG,Seg-SADG,Seg-SADG,LF-Fixed-Cosine,fixed,cosine,0.08,0.5,0.05,0.05,0.5,0.5,style_rho0p5,sadg_rho0p05,9,9,19,19,new_training,4,0,46,0.13239087412754694,0.13196959905326366,0.008425520616583526,0.0,0.0,0.0,0.11827982775866985,0.2242987317343553,0.05000000000000001,12,179|180|23|126,46,all_filtered,9,True,D:\Running_Place\PostGraduateProjects\Experiments\PostGraduate\backbones\DisperssionWithSADG_LowFreqCanonicalization\Seg-SADG\LF-Fixed-Cosine\alpha0p08\style_rho0p5\sadg_rho0p05\shot4\Seed0,D:\Running_Place\PostGraduateProjects\Experiments\PostGraduate\backbones\Prompts\Seg-SADG\LF-Fixed-Cosine\alpha0p08\style_rho0p5\sadg_rho0p05\shot4\Seed0
Seg-SADG,Seg-SADG,Seg-SADG,LF-Fixed-Cosine,fixed,cosine,0.08,0.5,0.05,0.05,0.5,0.5,style_rho0p5,sadg_rho0p05,9,9,19,19,new_training,4,0,47,0.12941240519285202,0.1289423362662395,0.009401409537531435,0.0,0.0,0.0,0.11544822280605634,0.21598137790958086,0.05000000000000001,12,179|180|23|126,46,all_filtered,9,True,D:\Running_Place\PostGraduateProjects\Experiments\PostGraduate\backbones\DisperssionWithSADG_LowFreqCanonicalization\Seg-SADG\LF-Fixed-Cosine\alpha0p08\style_rho0p5\sadg_rho0p05\shot4\Seed0,D:\Running_Place\PostGraduateProjects\Experiments\PostGraduate\backbones\Prompts\Seg-SADG\LF-Fixed-Cosine\alpha0p08\style_rho0p5\sadg_rho0p05\shot4\Seed0
Seg-SADG,Seg-SADG,Seg-SADG,LF-Fixed-Cosine,fixed,cosine,0.08,0.5,0.05,0.05,0.5,0.5,style_rho0p5,sadg_rho0p05,9,9,19,19,new_training,4,0,48,0.12287261399130027,0.12246109793583553,0.008230310476695498,0.0,0.0,0.0,0.11066350465019544,0.18482196144759655,0.05000000000000001,12,179|180|23|126,46,all_filtered,9,True,D:\Running_Place\PostGraduateProjects\Experiments\PostGraduate\backbones\DisperssionWithSADG_LowFreqCanonicalization\Seg-SADG\LF-Fixed-Cosine\alpha0p08\style_rho0p5\sadg_rho0p05\shot4\Seed0,D:\Running_Place\PostGraduateProjects\Experiments\PostGraduate\backbones\Prompts\Seg-SADG\LF-Fixed-Cosine\alpha0p08\style_rho0p5\sadg_rho0p05\shot4\Seed0
Seg-SADG,Seg-SADG,Seg-SADG,LF-Fixed-Cosine,fixed,cosine,0.08,0.5,0.05,0.05,0.5,0.5,style_rho0p5,sadg_rho0p05,9,9,19,19,new_training,4,0,49,0.12142038096984227,0.1209726482629776,0.008954675596517822,0.0,0.0,0.0,0.1085697424908479,0.19283897802233696,0.05000000000000001,12,179|180|23|126,46,all_filtered,9,True,D:\Running_Place\PostGraduateProjects\Experiments\PostGraduate\backbones\DisperssionWithSADG_LowFreqCanonicalization\Seg-SADG\LF-Fixed-Cosine\alpha0p08\style_rho0p5\sadg_rho0p05\shot4\Seed0,D:\Running_Place\PostGraduateProjects\Experiments\PostGraduate\backbones\Prompts\Seg-SADG\LF-Fixed-Cosine\alpha0p08\style_rho0p5\sadg_rho0p05\shot4\Seed0
Seg-SADG,Seg-SADG,Seg-SADG,LF-Fixed-Cosine,fixed,cosine,0.08,0.5,0.05,0.05,0.5,0.5,style_rho0p5,sadg_rho0p05,9,9,19,19,new_training,4,0,50,0.1178982499986887,0.11749269627034664,0.00811107138482233,0.0,0.0,0.0,0.10567256001134713,0.1838162156442801,0.05000000000000001,12,179|180|23|126,46,all_filtered,9,True,D:\Running_Place\PostGraduateProjects\Experiments\PostGraduate\backbones\DisperssionWithSADG_LowFreqCanonicalization\Seg-SADG\LF-Fixed-Cosine\alpha0p08\style_rho0p5\sadg_rho0p05\shot4\Seed0,D:\Running_Place\PostGraduateProjects\Experiments\PostGraduate\backbones\Prompts\Seg-SADG\LF-Fixed-Cosine\alpha0p08\style_rho0p5\sadg_rho0p05\shot4\Seed0
Seg-SADG,Seg-SADG,Seg-SADG,LF-Fixed-Cosine,fixed,cosine,0.08,0.5,0.05,0.05,0.5,0.5,style_rho0p5,sadg_rho0p05,9,9,19,19,new_training,4,0,51,0.11485770034293334,0.1144719086587429,0.007715854987812539,0.0,0.0,0.0,0.1038827933371067,0.1668067891150713,0.05000000000000001,12,179|180|23|126,46,all_filtered,9,True,D:\Running_Place\PostGraduateProjects\Experiments\PostGraduate\backbones\DisperssionWithSADG_LowFreqCanonicalization\Seg-SADG\LF-Fixed-Cosine\alpha0p08\style_rho0p5\sadg_rho0p05\shot4\Seed0,D:\Running_Place\PostGraduateProjects\Experiments\PostGraduate\backbones\Prompts\Seg-SADG\LF-Fixed-Cosine\alpha0p08\style_rho0p5\sadg_rho0p05\shot4\Seed0
Seg-SADG,Seg-SADG,Seg-SADG,LF-Fixed-Cosine,fixed,cosine,0.08,0.5,0.05,0.05,0.5,0.5,style_rho0p5,sadg_rho0p05,9,9,19,19,new_training,4,0,52,0.11367729492485523,0.11328659454981486,0.007814046849186221,0.0,0.0,0.0,0.10177859663963318,0.17802021279931068,0.05000000000000001,12,179|180|23|126,46,all_filtered,9,True,D:\Running_Place\PostGraduateProjects\Experiments\PostGraduate\backbones\DisperssionWithSADG_LowFreqCanonicalization\Seg-SADG\LF-Fixed-Cosine\alpha0p08\style_rho0p5\sadg_rho0p05\shot4\Seed0,D:\Running_Place\PostGraduateProjects\Experiments\PostGraduate\backbones\Prompts\Seg-SADG\LF-Fixed-Cosine\alpha0p08\style_rho0p5\sadg_rho0p05\shot4\Seed0
Seg-SADG,Seg-SADG,Seg-SADG,LF-Fixed-Cosine,fixed,cosine,0.08,0.5,0.05,0.05,0.5,0.5,style_rho0p5,sadg_rho0p05,9,9,19,19,new_training,4,0,53,0.11593853682279587,0.11550813106199105,0.008608127556120357,0.0,0.0,0.0,0.10271736544867356,0.1948548456033071,0.05000000000000001,12,179|180|23|126,46,all_filtered,9,True,D:\Running_Place\PostGraduateProjects\Experiments\PostGraduate\backbones\DisperssionWithSADG_LowFreqCanonicalization\Seg-SADG\LF-Fixed-Cosine\alpha0p08\style_rho0p5\sadg_rho0p05\shot4\Seed0,D:\Running_Place\PostGraduateProjects\Experiments\PostGraduate\backbones\Prompts\Seg-SADG\LF-Fixed-Cosine\alpha0p08\style_rho0p5\sadg_rho0p05\shot4\Seed0
Seg-SADG,Seg-SADG,Seg-SADG,LF-Fixed-Cosine,fixed,cosine,0.08,0.5,0.05,0.05,0.5,0.5,style_rho0p5,sadg_rho0p05,9,9,19,19,new_training,4,0,54,0.11156251281499863,0.11120061638454597,0.007237931344813357,0.0,0.0,0.0,0.10036634840071201,0.1728505864739418,0.05000000000000001,12,179|180|23|126,46,all_filtered,9,True,D:\Running_Place\PostGraduateProjects\Experiments\PostGraduate\backbones\DisperssionWithSADG_LowFreqCanonicalization\Seg-SADG\LF-Fixed-Cosine\alpha0p08\style_rho0p5\sadg_rho0p05\shot4\Seed0,D:\Running_Place\PostGraduateProjects\Experiments\PostGraduate\backbones\Prompts\Seg-SADG\LF-Fixed-Cosine\alpha0p08\style_rho0p5\sadg_rho0p05\shot4\Seed0
Seg-SADG,Seg-SADG,Seg-SADG,LF-Fixed-Cosine,fixed,cosine,0.08,0.5,0.05,0.05,0.5,0.5,style_rho0p5,sadg_rho0p05,9,9,19,19,new_training,4,0,55,0.11084636735419433,0.110462195550402,0.007683449580023686,0.0,0.0,0.0,0.0988471166541179,0.18329532941182455,0.05000000000000001,12,179|180|23|126,46,all_filtered,9,True,D:\Running_Place\PostGraduateProjects\Experiments\PostGraduate\backbones\DisperssionWithSADG_LowFreqCanonicalization\Seg-SADG\LF-Fixed-Cosine\alpha0p08\style_rho0p5\sadg_rho0p05\shot4\Seed0,D:\Running_Place\PostGraduateProjects\Experiments\PostGraduate\backbones\Prompts\Seg-SADG\LF-Fixed-Cosine\alpha0p08\style_rho0p5\sadg_rho0p05\shot4\Seed0
Seg-SADG,Seg-SADG,Seg-SADG,LF-Fixed-Cosine,fixed,cosine,0.08,0.5,0.05,0.05,0.5,0.5,style_rho0p5,sadg_rho0p05,9,9,19,19,new_training,4,0,56,0.1074667926877737,0.10714060813188553,0.006523667058597009,0.0,0.0,0.0,0.09673420463999112,0.16668286795417467,0.05000000000000001,12,179|180|23|126,46,all_filtered,9,True,D:\Running_Place\PostGraduateProjects\Experiments\PostGraduate\backbones\DisperssionWithSADG_LowFreqCanonicalization\Seg-SADG\LF-Fixed-Cosine\alpha0p08\style_rho0p5\sadg_rho0p05\shot4\Seed0,D:\Running_Place\PostGraduateProjects\Experiments\PostGraduate\backbones\Prompts\Seg-SADG\LF-Fixed-Cosine\alpha0p08\style_rho0p5\sadg_rho0p05\shot4\Seed0
Seg-SADG,Seg-SADG,Seg-SADG,LF-Fixed-Cosine,fixed,cosine,0.08,0.5,0.05,0.05,0.5,0.5,style_rho0p5,sadg_rho0p05,9,9,19,19,new_training,4,0,57,0.11226079861323039,0.11181648075580597,0.008886353850054244,0.0,0.0,0.0,0.09748061373829842,0.2203157717982928,0.05000000000000001,12,179|180|23|126,46,all_filtered,9,True,D:\Running_Place\PostGraduateProjects\Experiments\PostGraduate\backbones\DisperssionWithSADG_LowFreqCanonicalization\Seg-SADG\LF-Fixed-Cosine\alpha0p08\style_rho0p5\sadg_rho0p05\shot4\Seed0,D:\Running_Place\PostGraduateProjects\Experiments\PostGraduate\backbones\Prompts\Seg-SADG\LF-Fixed-Cosine\alpha0p08\style_rho0p5\sadg_rho0p05\shot4\Seed0
Seg-SADG,Seg-SADG,Seg-SADG,LF-Fixed-Cosine,fixed,cosine,0.08,0.5,0.05,0.05,0.5,0.5,style_rho0p5,sadg_rho0p05,9,9,19,19,new_training,4,0,58,0.10658250004053116,0.10621247130135696,0.007400551694445312,0.0,0.0,0.0,0.0951663243273894,0.1752979395290216,0.05000000000000001,12,179|180|23|126,46,all_filtered,9,True,D:\Running_Place\PostGraduateProjects\Experiments\PostGraduate\backbones\DisperssionWithSADG_LowFreqCanonicalization\Seg-SADG\LF-Fixed-Cosine\alpha0p08\style_rho0p5\sadg_rho0p05\shot4\Seed0,D:\Running_Place\PostGraduateProjects\Experiments\PostGraduate\backbones\Prompts\Seg-SADG\LF-Fixed-Cosine\alpha0p08\style_rho0p5\sadg_rho0p05\shot4\Seed0
Seg-SADG,Seg-SADG,Seg-SADG,LF-Fixed-Cosine,fixed,cosine,0.08,0.5,0.05,0.05,0.5,0.5,style_rho0p5,sadg_rho0p05,9,9,19,19,new_training,4,0,59,0.10430469860633214,0.10392571426928043,0.00757965740437309,0.0,0.0,0.0,0.09170553460717201,0.1679044800500075,0.05000000000000001,12,179|180|23|126,46,all_filtered,9,True,D:\Running_Place\PostGraduateProjects\Experiments\PostGraduate\backbones\DisperssionWithSADG_LowFreqCanonicalization\Seg-SADG\LF-Fixed-Cosine\alpha0p08\style_rho0p5\sadg_rho0p05\shot4\Seed0,D:\Running_Place\PostGraduateProjects\Experiments\PostGraduate\backbones\Prompts\Seg-SADG\LF-Fixed-Cosine\alpha0p08\style_rho0p5\sadg_rho0p05\shot4\Seed0
Seg-SADG,Seg-SADG,Seg-SADG,LF-Fixed-Cosine,fixed,cosine,0.08,0.5,0.05,0.05,0.5,0.5,style_rho0p5,sadg_rho0p05,9,9,19,19,new_training,4,0,60,0.12070670599738757,0.12023219900826614,0.00949013326317072,0.0,0.0,0.0,0.1043718767662843,0.2549663571019967,0.05000000000000001,12,179|180|23|126,46,all_filtered,9,True,D:\Running_Place\PostGraduateProjects\Experiments\PostGraduate\backbones\DisperssionWithSADG_LowFreqCanonicalization\Seg-SADG\LF-Fixed-Cosine\alpha0p08\style_rho0p5\sadg_rho0p05\shot4\Seed0,D:\Running_Place\PostGraduateProjects\Experiments\PostGraduate\backbones\Prompts\Seg-SADG\LF-Fixed-Cosine\alpha0p08\style_rho0p5\sadg_rho0p05\shot4\Seed0
Seg-SADG,Seg-SADG,Seg-SADG,LF-Fixed-Cosine,fixed,cosine,0.08,0.5,0.05,0.05,0.5,0.5,style_rho0p5,sadg_rho0p05,9,9,19,19,new_training,4,0,61,0.11661096476018429,0.11615709401667118,0.009077416034415364,0.0,0.0,0.0,0.10262921825051308,0.21743479991952577,0.05000000000000001,12,179|180|23|126,46,all_filtered,9,True,D:\Running_Place\PostGraduateProjects\Experiments\PostGraduate\backbones\DisperssionWithSADG_LowFreqCanonicalization\Seg-SADG\LF-Fixed-Cosine\alpha0p08\style_rho0p5\sadg_rho0p05\shot4\Seed0,D:\Running_Place\PostGraduateProjects\Experiments\PostGraduate\backbones\Prompts\Seg-SADG\LF-Fixed-Cosine\alpha0p08\style_rho0p5\sadg_rho0p05\shot4\Seed0
Seg-SADG,Seg-SADG,Seg-SADG,LF-Fixed-Cosine,fixed,cosine,0.08,0.5,0.05,0.05,0.5,0.5,style_rho0p5,sadg_rho0p05,9,9,19,19,new_training,4,0,62,0.11074724358816941,0.11038406317432721,0.007263585808686912,0.0,0.0,0.0,0.09860738987723987,0.18426510567466417,0.05000000000000001,12,179|180|23|126,46,all_filtered,9,True,D:\Running_Place\PostGraduateProjects\Experiments\PostGraduate\backbones\DisperssionWithSADG_LowFreqCanonicalization\Seg-SADG\LF-Fixed-Cosine\alpha0p08\style_rho0p5\sadg_rho0p05\shot4\Seed0,D:\Running_Place\PostGraduateProjects\Experiments\PostGraduate\backbones\Prompts\Seg-SADG\LF-Fixed-Cosine\alpha0p08\style_rho0p5\sadg_rho0p05\shot4\Seed0
Seg-SADG,Seg-SADG,Seg-SADG,LF-Fixed-Cosine,fixed,cosine,0.08,0.5,0.05,0.05,0.5,0.5,style_rho0p5,sadg_rho0p05,9,9,19,19,new_training,4,0,63,0.10450334164003532,0.10407013446092606,0.008664124878123403,0.0,0.0,0.0,0.09339347295463085,0.16502222791314125,0.05000000000000001,12,179|180|23|126,46,all_filtered,9,True,D:\Running_Place\PostGraduateProjects\Experiments\PostGraduate\backbones\DisperssionWithSADG_LowFreqCanonicalization\Seg-SADG\LF-Fixed-Cosine\alpha0p08\style_rho0p5\sadg_rho0p05\shot4\Seed0,D:\Running_Place\PostGraduateProjects\Experiments\PostGraduate\backbones\Prompts\Seg-SADG\LF-Fixed-Cosine\alpha0p08\style_rho0p5\sadg_rho0p05\shot4\Seed0
Seg-SADG,Seg-SADG,Seg-SADG,LF-Fixed-Cosine,fixed,cosine,0.08,0.5,0.05,0.05,0.5,0.5,style_rho0p5,sadg_rho0p05,9,9,19,19,new_training,4,0,64,0.10883741701642673,0.10844401021798451,0.00786813177789251,0.0,0.0,0.0,0.09473426515857379,0.22128934537371,0.05000000000000001,12,179|180|23|126,46,all_filtered,9,True,D:\Running_Place\PostGraduateProjects\Experiments\PostGraduate\backbones\DisperssionWithSADG_LowFreqCanonicalization\Seg-SADG\LF-Fixed-Cosine\alpha0p08\style_rho0p5\sadg_rho0p05\shot4\Seed0,D:\Running_Place\PostGraduateProjects\Experiments\PostGraduate\backbones\Prompts\Seg-SADG\LF-Fixed-Cosine\alpha0p08\style_rho0p5\sadg_rho0p05\shot4\Seed0
Seg-SADG,Seg-SADG,Seg-SADG,LF-Fixed-Cosine,fixed,cosine,0.08,0.5,0.05,0.05,0.5,0.5,style_rho0p5,sadg_rho0p05,9,9,19,19,new_training,4,0,65,0.10553159254292648,0.1051588673144579,0.007454511437875529,0.0,0.0,0.0,0.09312496023873489,0.19232488796114922,0.05000000000000001,12,179|180|23|126,46,all_filtered,9,True,D:\Running_Place\PostGraduateProjects\Experiments\PostGraduate\backbones\DisperssionWithSADG_LowFreqCanonicalization\Seg-SADG\LF-Fixed-Cosine\alpha0p08\style_rho0p5\sadg_rho0p05\shot4\Seed0,D:\Running_Place\PostGraduateProjects\Experiments\PostGraduate\backbones\Prompts\Seg-SADG\LF-Fixed-Cosine\alpha0p08\style_rho0p5\sadg_rho0p05\shot4\Seed0
Seg-SADG,Seg-SADG,Seg-SADG,LF-Fixed-Cosine,fixed,cosine,0.08,0.5,0.05,0.05,0.5,0.5,style_rho0p5,sadg_rho0p05,9,9,19,19,new_training,4,0,66,0.10059551584223907,0.10021339915692806,0.0076423245870197816,0.0,0.0,0.0,0.09032717905938625,0.15368664264678955,0.05000000000000001,12,179|180|23|126,46,all_filtered,9,True,D:\Running_Place\PostGraduateProjects\Experiments\PostGraduate\backbones\DisperssionWithSADG_LowFreqCanonicalization\Seg-SADG\LF-Fixed-Cosine\alpha0p08\style_rho0p5\sadg_rho0p05\shot4\Seed0,D:\Running_Place\PostGraduateProjects\Experiments\PostGraduate\backbones\Prompts\Seg-SADG\LF-Fixed-Cosine\alpha0p08\style_rho0p5\sadg_rho0p05\shot4\Seed0
Seg-SADG,Seg-SADG,Seg-SADG,LF-Fixed-Cosine,fixed,cosine,0.08,0.5,0.05,0.05,0.5,0.5,style_rho0p5,sadg_rho0p05,9,9,19,19,new_training,4,0,67,0.1000291680296262,0.09969019703567028,0.0067794281446064515,0.0,0.0,0.0,0.08878294502695401,0.1689528605590264,0.05000000000000001,12,179|180|23|126,46,all_filtered,9,True,D:\Running_Place\PostGraduateProjects\Experiments\PostGraduate\backbones\DisperssionWithSADG_LowFreqCanonicalization\Seg-SADG\LF-Fixed-Cosine\alpha0p08\style_rho0p5\sadg_rho0p05\shot4\Seed0,D:\Running_Place\PostGraduateProjects\Experiments\PostGraduate\backbones\Prompts\Seg-SADG\LF-Fixed-Cosine\alpha0p08\style_rho0p5\sadg_rho0p05\shot4\Seed0
Seg-SADG,Seg-SADG,Seg-SADG,LF-Fixed-Cosine,fixed,cosine,0.08,0.5,0.05,0.05,0.5,0.5,style_rho0p5,sadg_rho0p05,9,9,19,19,new_training,4,0,68,0.09857836117347081,0.09823107657333215,0.006945677916519344,0.0,0.0,0.0,0.08739601634442806,0.1703468132764101,0.05000000000000001,12,179|180|23|126,46,all_filtered,9,True,D:\Running_Place\PostGraduateProjects\Experiments\PostGraduate\backbones\DisperssionWithSADG_LowFreqCanonicalization\Seg-SADG\LF-Fixed-Cosine\alpha0p08\style_rho0p5\sadg_rho0p05\shot4\Seed0,D:\Running_Place\PostGraduateProjects\Experiments\PostGraduate\backbones\Prompts\Seg-SADG\LF-Fixed-Cosine\alpha0p08\style_rho0p5\sadg_rho0p05\shot4\Seed0
Seg-SADG,Seg-SADG,Seg-SADG,LF-Fixed-Cosine,fixed,cosine,0.08,0.5,0.05,0.05,0.5,0.5,style_rho0p5,sadg_rho0p05,9,9,19,19,new_training,4,0,69,0.09446976085503896,0.09411734901368618,0.007048258790746331,0.0,0.0,0.0,0.08398046903312206,0.15654876455664635,0.05000000000000001,12,179|180|23|126,46,all_filtered,9,True,D:\Running_Place\PostGraduateProjects\Experiments\PostGraduate\backbones\DisperssionWithSADG_LowFreqCanonicalization\Seg-SADG\LF-Fixed-Cosine\alpha0p08\style_rho0p5\sadg_rho0p05\shot4\Seed0,D:\Running_Place\PostGraduateProjects\Experiments\PostGraduate\backbones\Prompts\Seg-SADG\LF-Fixed-Cosine\alpha0p08\style_rho0p5\sadg_rho0p05\shot4\Seed0
Seg-SADG,Seg-SADG,Seg-SADG,LF-Fixed-Cosine,fixed,cosine,0.08,0.5,0.05,0.05,0.5,0.5,style_rho0p5,sadg_rho0p05,9,9,19,19,new_training,4,0,70,0.09281281816462676,0.09247512246171634,0.00675393408164382,0.0,0.0,0.0,0.0828283882389466,0.14738227489093939,0.05000000000000001,12,179|180|23|126,46,all_filtered,9,True,D:\Running_Place\PostGraduateProjects\Experiments\PostGraduate\backbones\DisperssionWithSADG_LowFreqCanonicalization\Seg-SADG\LF-Fixed-Cosine\alpha0p08\style_rho0p5\sadg_rho0p05\shot4\Seed0,D:\Running_Place\PostGraduateProjects\Experiments\PostGraduate\backbones\Prompts\Seg-SADG\LF-Fixed-Cosine\alpha0p08\style_rho0p5\sadg_rho0p05\shot4\Seed0
Seg-SADG,Seg-SADG,Seg-SADG,LF-Fixed-Cosine,fixed,cosine,0.08,0.5,0.05,0.05,0.5,0.5,style_rho0p5,sadg_rho0p05,9,9,19,19,new_training,4,0,71,0.09005514408151309,0.08973576625188191,0.006387571144538621,0.0,0.0,0.0,0.08063120829562347,0.14286496241887411,0.05000000000000001,12,179|180|23|126,46,all_filtered,9,True,D:\Running_Place\PostGraduateProjects\Experiments\PostGraduate\backbones\DisperssionWithSADG_LowFreqCanonicalization\Seg-SADG\LF-Fixed-Cosine\alpha0p08\style_rho0p5\sadg_rho0p05\shot4\Seed0,D:\Running_Place\PostGraduateProjects\Experiments\PostGraduate\backbones\Prompts\Seg-SADG\LF-Fixed-Cosine\alpha0p08\style_rho0p5\sadg_rho0p05\shot4\Seed0
Seg-SADG,Seg-SADG,Seg-SADG,LF-Fixed-Cosine,fixed,cosine,0.08,0.5,0.05,0.05,0.5,0.5,style_rho0p5,sadg_rho0p05,9,9,19,19,new_training,4,0,72,0.08847656659781933,0.08817071033020814,0.006117104087024927,0.0,0.0,0.0,0.07964240883787473,0.12997996248304844,0.05000000000000001,12,179|180|23|126,46,all_filtered,9,True,D:\Running_Place\PostGraduateProjects\Experiments\PostGraduate\backbones\DisperssionWithSADG_LowFreqCanonicalization\Seg-SADG\LF-Fixed-Cosine\alpha0p08\style_rho0p5\sadg_rho0p05\shot4\Seed0,D:\Running_Place\PostGraduateProjects\Experiments\PostGraduate\backbones\Prompts\Seg-SADG\LF-Fixed-Cosine\alpha0p08\style_rho0p5\sadg_rho0p05\shot4\Seed0
Seg-SADG,Seg-SADG,Seg-SADG,LF-Fixed-Cosine,fixed,cosine,0.08,0.5,0.05,0.05,0.5,0.5,style_rho0p5,sadg_rho0p05,9,9,19,19,new_training,4,0,73,0.08806616626679897,0.08774978232880433,0.006327672551075618,0.0,0.0,0.0,0.07867217188080151,0.13815453151861826,0.05000000000000001,12,179|180|23|126,46,all_filtered,9,True,D:\Running_Place\PostGraduateProjects\Experiments\PostGraduate\backbones\DisperssionWithSADG_LowFreqCanonicalization\Seg-SADG\LF-Fixed-Cosine\alpha0p08\style_rho0p5\sadg_rho0p05\shot4\Seed0,D:\Running_Place\PostGraduateProjects\Experiments\PostGraduate\backbones\Prompts\Seg-SADG\LF-Fixed-Cosine\alpha0p08\style_rho0p5\sadg_rho0p05\shot4\Seed0
Seg-SADG,Seg-SADG,Seg-SADG,LF-Fixed-Cosine,fixed,cosine,0.08,0.5,0.05,0.05,0.5,0.5,style_rho0p5,sadg_rho0p05,9,9,19,19,new_training,4,0,74,0.08709520908693473,0.086813743536671,0.00562931476936986,0.0,0.0,0.0,0.07741440522174041,0.1410488455245892,0.05000000000000001,12,179|180|23|126,46,all_filtered,9,True,D:\Running_Place\PostGraduateProjects\Experiments\PostGraduate\backbones\DisperssionWithSADG_LowFreqCanonicalization\Seg-SADG\LF-Fixed-Cosine\alpha0p08\style_rho0p5\sadg_rho0p05\shot4\Seed0,D:\Running_Place\PostGraduateProjects\Experiments\PostGraduate\backbones\Prompts\Seg-SADG\LF-Fixed-Cosine\alpha0p08\style_rho0p5\sadg_rho0p05\shot4\Seed0
Seg-SADG,Seg-SADG,Seg-SADG,LF-Fixed-Cosine,fixed,cosine,0.08,0.5,0.05,0.05,0.5,0.5,style_rho0p5,sadg_rho0p05,9,9,19,19,new_training,4,0,75,0.0846885796636343,0.084394255032142,0.005886482773348689,0.0,0.0,0.0,0.07630355594058831,0.12491813798745473,0.05000000000000001,12,179|180|23|126,46,all_filtered,9,True,D:\Running_Place\PostGraduateProjects\Experiments\PostGraduate\backbones\DisperssionWithSADG_LowFreqCanonicalization\Seg-SADG\LF-Fixed-Cosine\alpha0p08\style_rho0p5\sadg_rho0p05\shot4\Seed0,D:\Running_Place\PostGraduateProjects\Experiments\PostGraduate\backbones\Prompts\Seg-SADG\LF-Fixed-Cosine\alpha0p08\style_rho0p5\sadg_rho0p05\shot4\Seed0
Seg-SADG,Seg-SADG,Seg-SADG,LF-Fixed-Cosine,fixed,cosine,0.08,0.5,0.05,0.05,0.5,0.5,style_rho0p5,sadg_rho0p05,9,9,19,19,new_training,4,0,76,0.08522332894305389,0.0849159521361192,0.006147567143974205,0.0,0.0,0.0,0.07574439855913322,0.13846391811966896,0.05000000000000001,12,179|180|23|126,46,all_filtered,9,True,D:\Running_Place\PostGraduateProjects\Experiments\PostGraduate\backbones\DisperssionWithSADG_LowFreqCanonicalization\Seg-SADG\LF-Fixed-Cosine\alpha0p08\style_rho0p5\sadg_rho0p05\shot4\Seed0,D:\Running_Place\PostGraduateProjects\Experiments\PostGraduate\backbones\Prompts\Seg-SADG\LF-Fixed-Cosine\alpha0p08\style_rho0p5\sadg_rho0p05\shot4\Seed0
Seg-SADG,Seg-SADG,Seg-SADG,LF-Fixed-Cosine,fixed,cosine,0.08,0.5,0.05,0.05,0.5,0.5,style_rho0p5,sadg_rho0p05,9,9,19,19,new_training,4,0,77,0.08569831401109695,0.08541123444835345,0.005741608270909637,0.0,0.0,0.0,0.07585673530896504,0.14601957611739635,0.05000000000000001,12,179|180|23|126,46,all_filtered,9,True,D:\Running_Place\PostGraduateProjects\Experiments\PostGraduate\backbones\DisperssionWithSADG_LowFreqCanonicalization\Seg-SADG\LF-Fixed-Cosine\alpha0p08\style_rho0p5\sadg_rho0p05\shot4\Seed0,D:\Running_Place\PostGraduateProjects\Experiments\PostGraduate\backbones\Prompts\Seg-SADG\LF-Fixed-Cosine\alpha0p08\style_rho0p5\sadg_rho0p05\shot4\Seed0
Seg-SADG,Seg-SADG,Seg-SADG,LF-Fixed-Cosine,fixed,cosine,0.08,0.5,0.05,0.05,0.5,0.5,style_rho0p5,sadg_rho0p05,9,9,19,19,new_training,4,0,78,0.0856299481044213,0.08533456611136596,0.005907624804725249,0.0,0.0,0.0,0.0753339845687151,0.14925115493436655,0.05000000000000001,12,179|180|23|126,46,all_filtered,9,True,D:\Running_Place\PostGraduateProjects\Experiments\PostGraduate\backbones\DisperssionWithSADG_LowFreqCanonicalization\Seg-SADG\LF-Fixed-Cosine\alpha0p08\style_rho0p5\sadg_rho0p05\shot4\Seed0,D:\Running_Place\PostGraduateProjects\Experiments\PostGraduate\backbones\Prompts\Seg-SADG\LF-Fixed-Cosine\alpha0p08\style_rho0p5\sadg_rho0p05\shot4\Seed0
Seg-SADG,Seg-SADG,Seg-SADG,LF-Fixed-Cosine,fixed,cosine,0.08,0.5,0.05,0.05,0.5,0.5,style_rho0p5,sadg_rho0p05,9,9,19,19,new_training,4,0,79,0.08484164873758952,0.08452030271291733,0.006426943272041778,0.0,0.0,0.0,0.0747946420063575,0.14933601145943007,0.05000000000000001,12,179|180|23|126,46,all_filtered,9,True,D:\Running_Place\PostGraduateProjects\Experiments\PostGraduate\backbones\DisperssionWithSADG_LowFreqCanonicalization\Seg-SADG\LF-Fixed-Cosine\alpha0p08\style_rho0p5\sadg_rho0p05\shot4\Seed0,D:\Running_Place\PostGraduateProjects\Experiments\PostGraduate\backbones\Prompts\Seg-SADG\LF-Fixed-Cosine\alpha0p08\style_rho0p5\sadg_rho0p05\shot4\Seed0
Seg-SADG,Seg-SADG,Seg-SADG,LF-Fixed-Cosine,fixed,cosine,0.08,0.5,0.05,0.05,0.5,0.5,style_rho0p5,sadg_rho0p05,9,9,19,19,new_training,4,0,80,0.08581375144422054,0.08550969076653321,0.00608122069388628,0.0,0.0,0.0,0.07465813743571441,0.16491848540802798,0.05000000000000001,12,179|180|23|126,46,all_filtered,9,True,D:\Running_Place\PostGraduateProjects\Experiments\PostGraduate\backbones\DisperssionWithSADG_LowFreqCanonicalization\Seg-SADG\LF-Fixed-Cosine\alpha0p08\style_rho0p5\sadg_rho0p05\shot4\Seed0,D:\Running_Place\PostGraduateProjects\Experiments\PostGraduate\backbones\Prompts\Seg-SADG\LF-Fixed-Cosine\alpha0p08\style_rho0p5\sadg_rho0p05\shot4\Seed0
Seg-SADG,Seg-SADG,Seg-SADG,LF-Fixed-Cosine,fixed,cosine,0.08,0.5,0.05,0.05,0.5,0.5,style_rho0p5,sadg_rho0p05,9,9,19,19,new_training,4,0,81,0.08279586397111416,0.0825272196282943,0.005372903251554817,0.0,0.0,0.0,0.07333715942998727,0.13843936224778494,0.05000000000000001,12,179|180|23|126,46,all_filtered,9,True,D:\Running_Place\PostGraduateProjects\Experiments\PostGraduate\backbones\DisperssionWithSADG_LowFreqCanonicalization\Seg-SADG\LF-Fixed-Cosine\alpha0p08\style_rho0p5\sadg_rho0p05\shot4\Seed0,D:\Running_Place\PostGraduateProjects\Experiments\PostGraduate\backbones\Prompts\Seg-SADG\LF-Fixed-Cosine\alpha0p08\style_rho0p5\sadg_rho0p05\shot4\Seed0
Seg-SADG,Seg-SADG,Seg-SADG,LF-Fixed-Cosine,fixed,cosine,0.08,0.5,0.05,0.05,0.5,0.5,style_rho0p5,sadg_rho0p05,9,9,19,19,new_training,4,0,82,0.08478287607431412,0.08447501125435035,0.00615730796319743,0.0,0.0,0.0,0.07366646826267242,0.16469780479868254,0.05000000000000001,12,179|180|23|126,46,all_filtered,9,True,D:\Running_Place\PostGraduateProjects\Experiments\PostGraduate\backbones\DisperssionWithSADG_LowFreqCanonicalization\Seg-SADG\LF-Fixed-Cosine\alpha0p08\style_rho0p5\sadg_rho0p05\shot4\Seed0,D:\Running_Place\PostGraduateProjects\Experiments\PostGraduate\backbones\Prompts\Seg-SADG\LF-Fixed-Cosine\alpha0p08\style_rho0p5\sadg_rho0p05\shot4\Seed0
Seg-SADG,Seg-SADG,Seg-SADG,LF-Fixed-Cosine,fixed,cosine,0.08,0.5,0.05,0.05,0.5,0.5,style_rho0p5,sadg_rho0p05,9,9,19,19,new_training,4,0,83,0.07767269015312195,0.07738666857282321,0.005720431916415691,0.0,0.0,0.0,0.06987901404500008,0.11701441556215286,0.05000000000000001,12,179|180|23|126,46,all_filtered,9,True,D:\Running_Place\PostGraduateProjects\Experiments\PostGraduate\backbones\DisperssionWithSADG_LowFreqCanonicalization\Seg-SADG\LF-Fixed-Cosine\alpha0p08\style_rho0p5\sadg_rho0p05\shot4\Seed0,D:\Running_Place\PostGraduateProjects\Experiments\PostGraduate\backbones\Prompts\Seg-SADG\LF-Fixed-Cosine\alpha0p08\style_rho0p5\sadg_rho0p05\shot4\Seed0
Seg-SADG,Seg-SADG,Seg-SADG,LF-Fixed-Cosine,fixed,cosine,0.08,0.5,0.05,0.05,0.5,0.5,style_rho0p5,sadg_rho0p05,9,9,19,19,new_training,4,0,84,0.07763952948153019,0.07738655681411426,0.005059452999072771,0.0,0.0,0.0,0.06905349716544151,0.1279460775355498,0.05000000000000001,12,179|180|23|126,46,all_filtered,9,True,D:\Running_Place\PostGraduateProjects\Experiments\PostGraduate\backbones\DisperssionWithSADG_LowFreqCanonicalization\Seg-SADG\LF-Fixed-Cosine\alpha0p08\style_rho0p5\sadg_rho0p05\shot4\Seed0,D:\Running_Place\PostGraduateProjects\Experiments\PostGraduate\backbones\Prompts\Seg-SADG\LF-Fixed-Cosine\alpha0p08\style_rho0p5\sadg_rho0p05\shot4\Seed0
Seg-SADG,Seg-SADG,Seg-SADG,LF-Fixed-Cosine,fixed,cosine,0.08,0.5,0.05,0.05,0.5,0.5,style_rho0p5,sadg_rho0p05,9,9,19,19,new_training,4,0,85,0.07945359436174233,0.07917366735637188,0.005598551031046857,0.0,0.0,0.0,0.06973159685730934,0.14488539348045984,0.05000000000000001,12,179|180|23|126,46,all_filtered,9,True,D:\Running_Place\PostGraduateProjects\Experiments\PostGraduate\backbones\DisperssionWithSADG_LowFreqCanonicalization\Seg-SADG\LF-Fixed-Cosine\alpha0p08\style_rho0p5\sadg_rho0p05\shot4\Seed0,D:\Running_Place\PostGraduateProjects\Experiments\PostGraduate\backbones\Prompts\Seg-SADG\LF-Fixed-Cosine\alpha0p08\style_rho0p5\sadg_rho0p05\shot4\Seed0
Seg-SADG,Seg-SADG,Seg-SADG,LF-Fixed-Cosine,fixed,cosine,0.08,0.5,0.05,0.05,0.5,0.5,style_rho0p5,sadg_rho0p05,9,9,19,19,new_training,4,0,86,0.07851637837787469,0.07825319468975067,0.005263663828372955,0.0,0.0,0.0,0.06901110926022132,0.14116733148694038,0.05000000000000001,12,179|180|23|126,46,all_filtered,9,True,D:\Running_Place\PostGraduateProjects\Experiments\PostGraduate\backbones\DisperssionWithSADG_LowFreqCanonicalization\Seg-SADG\LF-Fixed-Cosine\alpha0p08\style_rho0p5\sadg_rho0p05\shot4\Seed0,D:\Running_Place\PostGraduateProjects\Experiments\PostGraduate\backbones\Prompts\Seg-SADG\LF-Fixed-Cosine\alpha0p08\style_rho0p5\sadg_rho0p05\shot4\Seed0
Seg-SADG,Seg-SADG,Seg-SADG,LF-Fixed-Cosine,fixed,cosine,0.08,0.5,0.05,0.05,0.5,0.5,style_rho0p5,sadg_rho0p05,9,9,19,19,new_training,4,0,87,0.07977888857324918,0.0795082754145066,0.005412254695935796,0.0,0.0,0.0,0.06942207707713048,0.15557711695631346,0.05000000000000001,12,179|180|23|126,46,all_filtered,9,True,D:\Running_Place\PostGraduateProjects\Experiments\PostGraduate\backbones\DisperssionWithSADG_LowFreqCanonicalization\Seg-SADG\LF-Fixed-Cosine\alpha0p08\style_rho0p5\sadg_rho0p05\shot4\Seed0,D:\Running_Place\PostGraduateProjects\Experiments\PostGraduate\backbones\Prompts\Seg-SADG\LF-Fixed-Cosine\alpha0p08\style_rho0p5\sadg_rho0p05\shot4\Seed0
Seg-SADG,Seg-SADG,Seg-SADG,LF-Fixed-Cosine,fixed,cosine,0.08,0.5,0.05,0.05,0.5,0.5,style_rho0p5,sadg_rho0p05,9,9,19,19,new_training,4,0,88,0.07751994083325069,0.07722382247447968,0.005922356542820732,0.0,0.0,0.0,0.0680966346214215,0.139561011766394,0.05000000000000001,12,179|180|23|126,46,all_filtered,9,True,D:\Running_Place\PostGraduateProjects\Experiments\PostGraduate\backbones\DisperssionWithSADG_LowFreqCanonicalization\Seg-SADG\LF-Fixed-Cosine\alpha0p08\style_rho0p5\sadg_rho0p05\shot4\Seed0,D:\Running_Place\PostGraduateProjects\Experiments\PostGraduate\backbones\Prompts\Seg-SADG\LF-Fixed-Cosine\alpha0p08\style_rho0p5\sadg_rho0p05\shot4\Seed0
Seg-SADG,Seg-SADG,Seg-SADG,LF-Fixed-Cosine,fixed,cosine,0.08,0.5,0.05,0.05,0.5,0.5,style_rho0p5,sadg_rho0p05,9,9,19,19,new_training,4,0,89,0.07570236797134082,0.07543704162041347,0.005306554900016636,0.0,0.0,0.0,0.06671298667788506,0.1284355285267035,0.05000000000000001,12,179|180|23|126,46,all_filtered,9,True,D:\Running_Place\PostGraduateProjects\Experiments\PostGraduate\backbones\DisperssionWithSADG_LowFreqCanonicalization\Seg-SADG\LF-Fixed-Cosine\alpha0p08\style_rho0p5\sadg_rho0p05\shot4\Seed0,D:\Running_Place\PostGraduateProjects\Experiments\PostGraduate\backbones\Prompts\Seg-SADG\LF-Fixed-Cosine\alpha0p08\style_rho0p5\sadg_rho0p05\shot4\Seed0
Seg-SADG,Seg-SADG,Seg-SADG,LF-Fixed-Cosine,fixed,cosine,0.08,0.5,0.05,0.05,0.5,0.5,style_rho0p5,sadg_rho0p05,9,9,19,19,new_training,4,0,90,0.0754826907068491,0.07521076686680317,0.005438472842797637,0.0,0.0,0.0,0.06582898739725351,0.14021668210625648,0.05000000000000001,12,179|180|23|126,46,all_filtered,9,True,D:\Running_Place\PostGraduateProjects\Experiments\PostGraduate\backbones\DisperssionWithSADG_LowFreqCanonicalization\Seg-SADG\LF-Fixed-Cosine\alpha0p08\style_rho0p5\sadg_rho0p05\shot4\Seed0,D:\Running_Place\PostGraduateProjects\Experiments\PostGraduate\backbones\Prompts\Seg-SADG\LF-Fixed-Cosine\alpha0p08\style_rho0p5\sadg_rho0p05\shot4\Seed0
Seg-SADG,Seg-SADG,Seg-SADG,LF-Fixed-Cosine,fixed,cosine,0.08,0.5,0.05,0.05,0.5,0.5,style_rho0p5,sadg_rho0p05,9,9,19,19,new_training,4,0,91,0.07610892007748286,0.07584319698313872,0.0053144635166972876,0.0,0.0,0.0,0.06612497940659523,0.14969833754003048,0.05000000000000001,12,179|180|23|126,46,all_filtered,9,True,D:\Running_Place\PostGraduateProjects\Experiments\PostGraduate\backbones\DisperssionWithSADG_LowFreqCanonicalization\Seg-SADG\LF-Fixed-Cosine\alpha0p08\style_rho0p5\sadg_rho0p05\shot4\Seed0,D:\Running_Place\PostGraduateProjects\Experiments\PostGraduate\backbones\Prompts\Seg-SADG\LF-Fixed-Cosine\alpha0p08\style_rho0p5\sadg_rho0p05\shot4\Seed0
Seg-SADG,Seg-SADG,Seg-SADG,LF-Fixed-Cosine,fixed,cosine,0.08,0.5,0.05,0.05,0.5,0.5,style_rho0p5,sadg_rho0p05,9,9,19,19,new_training,4,0,92,0.07429125967125098,0.0740539152175188,0.00474689082087328,0.0,0.0,0.0,0.06524407832572858,0.13481348132093748,0.05000000000000001,12,179|180|23|126,46,all_filtered,9,True,D:\Running_Place\PostGraduateProjects\Experiments\PostGraduate\backbones\DisperssionWithSADG_LowFreqCanonicalization\Seg-SADG\LF-Fixed-Cosine\alpha0p08\style_rho0p5\sadg_rho0p05\shot4\Seed0,D:\Running_Place\PostGraduateProjects\Experiments\PostGraduate\backbones\Prompts\Seg-SADG\LF-Fixed-Cosine\alpha0p08\style_rho0p5\sadg_rho0p05\shot4\Seed0
Seg-SADG,Seg-SADG,Seg-SADG,LF-Fixed-Cosine,fixed,cosine,0.08,0.5,0.05,0.05,0.5,0.5,style_rho0p5,sadg_rho0p05,9,9,19,19,new_training,4,0,93,0.07493165632088979,0.07468873014052708,0.004858518290954332,0.0,0.0,0.0,0.06500419322401285,0.14221185818314552,0.05000000000000001,12,179|180|23|126,46,all_filtered,9,True,D:\Running_Place\PostGraduateProjects\Experiments\PostGraduate\backbones\DisperssionWithSADG_LowFreqCanonicalization\Seg-SADG\LF-Fixed-Cosine\alpha0p08\style_rho0p5\sadg_rho0p05\shot4\Seed0,D:\Running_Place\PostGraduateProjects\Experiments\PostGraduate\backbones\Prompts\Seg-SADG\LF-Fixed-Cosine\alpha0p08\style_rho0p5\sadg_rho0p05\shot4\Seed0
Seg-SADG,Seg-SADG,Seg-SADG,LF-Fixed-Cosine,fixed,cosine,0.08,0.5,0.05,0.05,0.5,0.5,style_rho0p5,sadg_rho0p05,9,9,19,19,new_training,4,0,94,0.07503899745643139,0.07477669169505437,0.005246112123131752,0.0,0.0,0.0,0.06569178619732459,0.1398384335140387,0.05000000000000001,12,179|180|23|126,46,all_filtered,9,True,D:\Running_Place\PostGraduateProjects\Experiments\PostGraduate\backbones\DisperssionWithSADG_LowFreqCanonicalization\Seg-SADG\LF-Fixed-Cosine\alpha0p08\style_rho0p5\sadg_rho0p05\shot4\Seed0,D:\Running_Place\PostGraduateProjects\Experiments\PostGraduate\backbones\Prompts\Seg-SADG\LF-Fixed-Cosine\alpha0p08\style_rho0p5\sadg_rho0p05\shot4\Seed0
Seg-SADG,Seg-SADG,Seg-SADG,LF-Fixed-Cosine,fixed,cosine,0.08,0.5,0.05,0.05,0.5,0.5,style_rho0p5,sadg_rho0p05,9,9,19,19,new_training,4,0,95,0.07597035417954127,0.07567469403147697,0.005913182627409697,0.0,0.0,0.0,0.0664544040337205,0.14542379726966223,0.05000000000000001,12,179|180|23|126,46,all_filtered,9,True,D:\Running_Place\PostGraduateProjects\Experiments\PostGraduate\backbones\DisperssionWithSADG_LowFreqCanonicalization\Seg-SADG\LF-Fixed-Cosine\alpha0p08\style_rho0p5\sadg_rho0p05\shot4\Seed0,D:\Running_Place\PostGraduateProjects\Experiments\PostGraduate\backbones\Prompts\Seg-SADG\LF-Fixed-Cosine\alpha0p08\style_rho0p5\sadg_rho0p05\shot4\Seed0
Seg-SADG,Seg-SADG,Seg-SADG,LF-Fixed-Cosine,fixed,cosine,0.08,0.5,0.05,0.05,0.5,0.5,style_rho0p5,sadg_rho0p05,9,9,19,19,new_training,4,0,96,0.07297026614348094,0.07270700143029292,0.0052652858042468624,0.0,0.0,0.0,0.06393538725872834,0.13551567494869232,0.05000000000000001,12,179|180|23|126,46,all_filtered,9,True,D:\Running_Place\PostGraduateProjects\Experiments\PostGraduate\backbones\DisperssionWithSADG_LowFreqCanonicalization\Seg-SADG\LF-Fixed-Cosine\alpha0p08\style_rho0p5\sadg_rho0p05\shot4\Seed0,D:\Running_Place\PostGraduateProjects\Experiments\PostGraduate\backbones\Prompts\Seg-SADG\LF-Fixed-Cosine\alpha0p08\style_rho0p5\sadg_rho0p05\shot4\Seed0
Seg-SADG,Seg-SADG,Seg-SADG,LF-Fixed-Cosine,fixed,cosine,0.08,0.5,0.05,0.05,0.5,0.5,style_rho0p5,sadg_rho0p05,9,9,19,19,new_training,4,0,97,0.07147801853716373,0.0712338009228309,0.004884341867485394,0.0,0.0,0.0,0.06233357389767965,0.13012399772802988,0.05000000000000001,12,179|180|23|126,46,all_filtered,9,True,D:\Running_Place\PostGraduateProjects\Experiments\PostGraduate\backbones\DisperssionWithSADG_LowFreqCanonicalization\Seg-SADG\LF-Fixed-Cosine\alpha0p08\style_rho0p5\sadg_rho0p05\shot4\Seed0,D:\Running_Place\PostGraduateProjects\Experiments\PostGraduate\backbones\Prompts\Seg-SADG\LF-Fixed-Cosine\alpha0p08\style_rho0p5\sadg_rho0p05\shot4\Seed0
Seg-SADG,Seg-SADG,Seg-SADG,LF-Fixed-Cosine,fixed,cosine,0.08,0.5,0.05,0.05,0.5,0.5,style_rho0p5,sadg_rho0p05,9,9,19,19,new_training,4,0,98,0.0704434330885609,0.07019040795663993,0.005060501881719877,0.0,0.0,0.0,0.061508563347160816,0.13198693469166756,0.05000000000000001,12,179|180|23|126,46,all_filtered,9,True,D:\Running_Place\PostGraduateProjects\Experiments\PostGraduate\backbones\DisperssionWithSADG_LowFreqCanonicalization\Seg-SADG\LF-Fixed-Cosine\alpha0p08\style_rho0p5\sadg_rho0p05\shot4\Seed0,D:\Running_Place\PostGraduateProjects\Experiments\PostGraduate\backbones\Prompts\Seg-SADG\LF-Fixed-Cosine\alpha0p08\style_rho0p5\sadg_rho0p05\shot4\Seed0
Seg-SADG,Seg-SADG,Seg-SADG,LF-Fixed-Cosine,fixed,cosine,0.08,0.5,0.05,0.05,0.5,0.5,style_rho0p5,sadg_rho0p05,9,9,19,19,new_training,4,0,99,0.06996219294766585,0.06973586541910966,0.004526545410044491,0.0,0.0,0.0,0.06081844804187616,0.13322893902659416,0.05000000000000001,12,179|180|23|126,46,all_filtered,9,True,D:\Running_Place\PostGraduateProjects\Experiments\PostGraduate\backbones\DisperssionWithSADG_LowFreqCanonicalization\Seg-SADG\LF-Fixed-Cosine\alpha0p08\style_rho0p5\sadg_rho0p05\shot4\Seed0,D:\Running_Place\PostGraduateProjects\Experiments\PostGraduate\backbones\Prompts\Seg-SADG\LF-Fixed-Cosine\alpha0p08\style_rho0p5\sadg_rho0p05\shot4\Seed0
Seg-SADG,Seg-SADG,Seg-SADG,LF-Fixed-Cosine,fixed,cosine,0.08,0.5,0.05,0.05,0.5,0.5,style_rho0p5,sadg_rho0p05,9,9,19,19,new_training,4,0,100,0.07343638315796852,0.07319118268787861,0.004903996751333277,0.0,0.0,0.0,0.06277079631884892,0.1619236320257187,0.05000000000000001,12,179|180|23|126,46,all_filtered,9,True,D:\Running_Place\PostGraduateProjects\Experiments\PostGraduate\backbones\DisperssionWithSADG_LowFreqCanonicalization\Seg-SADG\LF-Fixed-Cosine\alpha0p08\style_rho0p5\sadg_rho0p05\shot4\Seed0,D:\Running_Place\PostGraduateProjects\Experiments\PostGraduate\backbones\Prompts\Seg-SADG\LF-Fixed-Cosine\alpha0p08\style_rho0p5\sadg_rho0p05\shot4\Seed0
Seg-SADG,Seg-SADG,Seg-SADG,LF-Fixed-Cosine,fixed,cosine,0.08,0.5,0.05,0.05,0.5,0.5,style_rho0p5,sadg_rho0p05,9,9,19,19,new_training,4,0,101,0.07296578213572502,0.0726647786796093,0.006020083305581163,0.0,0.0,0.0,0.06203541159629822,0.15859536019464335,0.05000000000000001,12,179|180|23|126,46,all_filtered,9,True,D:\Running_Place\PostGraduateProjects\Experiments\PostGraduate\backbones\DisperssionWithSADG_LowFreqCanonicalization\Seg-SADG\LF-Fixed-Cosine\alpha0p08\style_rho0p5\sadg_rho0p05\shot4\Seed0,D:\Running_Place\PostGraduateProjects\Experiments\PostGraduate\backbones\Prompts\Seg-SADG\LF-Fixed-Cosine\alpha0p08\style_rho0p5\sadg_rho0p05\shot4\Seed0
Seg-SADG,Seg-SADG,Seg-SADG,LF-Fixed-Cosine,fixed,cosine,0.08,0.5,0.05,0.05,0.5,0.5,style_rho0p5,sadg_rho0p05,9,9,19,19,new_training,4,0,102,0.06985944447418053,0.0696351161847512,0.0044865507128027575,0.0,0.0,0.0,0.06041693097601334,0.13910273276269436,0.05000000000000001,12,179|180|23|126,46,all_filtered,9,True,D:\Running_Place\PostGraduateProjects\Experiments\PostGraduate\backbones\DisperssionWithSADG_LowFreqCanonicalization\Seg-SADG\LF-Fixed-Cosine\alpha0p08\style_rho0p5\sadg_rho0p05\shot4\Seed0,D:\Running_Place\PostGraduateProjects\Experiments\PostGraduate\backbones\Prompts\Seg-SADG\LF-Fixed-Cosine\alpha0p08\style_rho0p5\sadg_rho0p05\shot4\Seed0
Seg-SADG,Seg-SADG,Seg-SADG,LF-Fixed-Cosine,fixed,cosine,0.08,0.5,0.05,0.05,0.5,0.5,style_rho0p5,sadg_rho0p05,9,9,19,19,new_training,4,0,103,0.06963325540224712,0.0693973150725166,0.004718810727354139,0.0,0.0,0.0,0.05979151806483666,0.13510601843396822,0.05000000000000001,12,179|180|23|126,46,all_filtered,9,True,D:\Running_Place\PostGraduateProjects\Experiments\PostGraduate\backbones\DisperssionWithSADG_LowFreqCanonicalization\Seg-SADG\LF-Fixed-Cosine\alpha0p08\style_rho0p5\sadg_rho0p05\shot4\Seed0,D:\Running_Place\PostGraduateProjects\Experiments\PostGraduate\backbones\Prompts\Seg-SADG\LF-Fixed-Cosine\alpha0p08\style_rho0p5\sadg_rho0p05\shot4\Seed0
Seg-SADG,Seg-SADG,Seg-SADG,LF-Fixed-Cosine,fixed,cosine,0.08,0.5,0.05,0.05,0.5,0.5,style_rho0p5,sadg_rho0p05,9,9,19,19,new_training,4,0,104,0.07101806408415239,0.07076816198726495,0.004998033206599454,0.0,0.0,0.0,0.06122169177979231,0.1383967207123836,0.05000000000000001,12,179|180|23|126,46,all_filtered,9,True,D:\Running_Place\PostGraduateProjects\Experiments\PostGraduate\backbones\DisperssionWithSADG_LowFreqCanonicalization\Seg-SADG\LF-Fixed-Cosine\alpha0p08\style_rho0p5\sadg_rho0p05\shot4\Seed0,D:\Running_Place\PostGraduateProjects\Experiments\PostGraduate\backbones\Prompts\Seg-SADG\LF-Fixed-Cosine\alpha0p08\style_rho0p5\sadg_rho0p05\shot4\Seed0
Seg-SADG,Seg-SADG,Seg-SADG,LF-Fixed-Cosine,fixed,cosine,0.08,0.5,0.05,0.05,0.5,0.5,style_rho0p5,sadg_rho0p05,9,9,19,19,new_training,4,0,105,0.06770255292455356,0.0674446231375138,0.005158588329019646,0.0,0.0,0.0,0.05959177700181802,0.12270852985481422,0.05000000000000001,12,179|180|23|126,46,all_filtered,9,True,D:\Running_Place\PostGraduateProjects\Experiments\PostGraduate\backbones\DisperssionWithSADG_LowFreqCanonicalization\Seg-SADG\LF-Fixed-Cosine\alpha0p08\style_rho0p5\sadg_rho0p05\shot4\Seed0,D:\Running_Place\PostGraduateProjects\Experiments\PostGraduate\backbones\Prompts\Seg-SADG\LF-Fixed-Cosine\alpha0p08\style_rho0p5\sadg_rho0p05\shot4\Seed0
Seg-SADG,Seg-SADG,Seg-SADG,LF-Fixed-Cosine,fixed,cosine,0.08,0.5,0.05,0.05,0.5,0.5,style_rho0p5,sadg_rho0p05,9,9,19,19,new_training,4,0,106,0.0676271254196763,0.0673855437586705,0.004831646336242557,0.0,0.0,0.0,0.05868892651051283,0.13030274957418442,0.05000000000000001,12,179|180|23|126,46,all_filtered,9,True,D:\Running_Place\PostGraduateProjects\Experiments\PostGraduate\backbones\DisperssionWithSADG_LowFreqCanonicalization\Seg-SADG\LF-Fixed-Cosine\alpha0p08\style_rho0p5\sadg_rho0p05\shot4\Seed0,D:\Running_Place\PostGraduateProjects\Experiments\PostGraduate\backbones\Prompts\Seg-SADG\LF-Fixed-Cosine\alpha0p08\style_rho0p5\sadg_rho0p05\shot4\Seed0
Seg-SADG,Seg-SADG,Seg-SADG,LF-Fixed-Cosine,fixed,cosine,0.08,0.5,0.05,0.05,0.5,0.5,style_rho0p5,sadg_rho0p05,9,9,19,19,new_training,4,0,107,0.06810746931781371,0.06787476999064286,0.004653986950870603,0.0,0.0,0.0,0.059003845478097595,0.1360972827921311,0.05000000000000001,12,179|180|23|126,46,all_filtered,9,True,D:\Running_Place\PostGraduateProjects\Experiments\PostGraduate\backbones\DisperssionWithSADG_LowFreqCanonicalization\Seg-SADG\LF-Fixed-Cosine\alpha0p08\style_rho0p5\sadg_rho0p05\shot4\Seed0,D:\Running_Place\PostGraduateProjects\Experiments\PostGraduate\backbones\Prompts\Seg-SADG\LF-Fixed-Cosine\alpha0p08\style_rho0p5\sadg_rho0p05\shot4\Seed0
Seg-SADG,Seg-SADG,Seg-SADG,LF-Fixed-Cosine,fixed,cosine,0.08,0.5,0.05,0.05,0.5,0.5,style_rho0p5,sadg_rho0p05,9,9,19,19,new_training,4,0,108,0.06874372810125351,0.06850137437383334,0.00484707821548606,0.0,0.0,0.0,0.0588701069355011,0.14423351796964803,0.05000000000000001,12,179|180|23|126,46,all_filtered,9,True,D:\Running_Place\PostGraduateProjects\Experiments\PostGraduate\backbones\DisperssionWithSADG_LowFreqCanonicalization\Seg-SADG\LF-Fixed-Cosine\alpha0p08\style_rho0p5\sadg_rho0p05\shot4\Seed0,D:\Running_Place\PostGraduateProjects\Experiments\PostGraduate\backbones\Prompts\Seg-SADG\LF-Fixed-Cosine\alpha0p08\style_rho0p5\sadg_rho0p05\shot4\Seed0
Seg-SADG,Seg-SADG,Seg-SADG,LF-Fixed-Cosine,fixed,cosine,0.08,0.5,0.05,0.05,0.5,0.5,style_rho0p5,sadg_rho0p05,9,9,19,19,new_training,4,0,109,0.06574656845380862,0.06553181478132804,0.004295065067708492,0.0,0.0,0.0,0.057207745810349785,0.1277696037044128,0.05000000000000001,12,179|180|23|126,46,all_filtered,9,True,D:\Running_Place\PostGraduateProjects\Experiments\PostGraduate\backbones\DisperssionWithSADG_LowFreqCanonicalization\Seg-SADG\LF-Fixed-Cosine\alpha0p08\style_rho0p5\sadg_rho0p05\shot4\Seed0,D:\Running_Place\PostGraduateProjects\Experiments\PostGraduate\backbones\Prompts\Seg-SADG\LF-Fixed-Cosine\alpha0p08\style_rho0p5\sadg_rho0p05\shot4\Seed0
Seg-SADG,Seg-SADG,Seg-SADG,LF-Fixed-Cosine,fixed,cosine,0.08,0.5,0.05,0.05,0.5,0.5,style_rho0p5,sadg_rho0p05,9,9,19,19,new_training,4,0,110,0.06611423753201962,0.06589566636830568,0.004371438039621959,0.0,0.0,0.0,0.05723878461867571,0.129270413890481,0.05000000000000001,12,179|180|23|126,46,all_filtered,9,True,D:\Running_Place\PostGraduateProjects\Experiments\PostGraduate\backbones\DisperssionWithSADG_LowFreqCanonicalization\Seg-SADG\LF-Fixed-Cosine\alpha0p08\style_rho0p5\sadg_rho0p05\shot4\Seed0,D:\Running_Place\PostGraduateProjects\Experiments\PostGraduate\backbones\Prompts\Seg-SADG\LF-Fixed-Cosine\alpha0p08\style_rho0p5\sadg_rho0p05\shot4\Seed0
Seg-SADG,Seg-SADG,Seg-SADG,LF-Fixed-Cosine,fixed,cosine,0.08,0.5,0.05,0.05,0.5,0.5,style_rho0p5,sadg_rho0p05,9,9,19,19,new_training,4,0,111,0.06423860136419535,0.06403079659988482,0.004156094374290357,0.0,0.0,0.0,0.055819482853015266,0.12426846163968246,0.05000000000000001,12,179|180|23|126,46,all_filtered,9,True,D:\Running_Place\PostGraduateProjects\Experiments\PostGraduate\backbones\DisperssionWithSADG_LowFreqCanonicalization\Seg-SADG\LF-Fixed-Cosine\alpha0p08\style_rho0p5\sadg_rho0p05\shot4\Seed0,D:\Running_Place\PostGraduateProjects\Experiments\PostGraduate\backbones\Prompts\Seg-SADG\LF-Fixed-Cosine\alpha0p08\style_rho0p5\sadg_rho0p05\shot4\Seed0
Seg-SADG,Seg-SADG,Seg-SADG,LF-Fixed-Cosine,fixed,cosine,0.08,0.5,0.05,0.05,0.5,0.5,style_rho0p5,sadg_rho0p05,9,9,19,19,new_training,4,0,112,0.061466495506465435,0.06124939303845167,0.004342029589073111,0.0,0.0,0.0,0.05413952935487032,0.11059229448437691,0.05000000000000001,12,179|180|23|126,46,all_filtered,9,True,D:\Running_Place\PostGraduateProjects\Experiments\PostGraduate\backbones\DisperssionWithSADG_LowFreqCanonicalization\Seg-SADG\LF-Fixed-Cosine\alpha0p08\style_rho0p5\sadg_rho0p05\shot4\Seed0,D:\Running_Place\PostGraduateProjects\Experiments\PostGraduate\backbones\Prompts\Seg-SADG\LF-Fixed-Cosine\alpha0p08\style_rho0p5\sadg_rho0p05\shot4\Seed0
Seg-SADG,Seg-SADG,Seg-SADG,LF-Fixed-Cosine,fixed,cosine,0.08,0.5,0.05,0.05,0.5,0.5,style_rho0p5,sadg_rho0p05,9,9,19,19,new_training,4,0,113,0.06356862528870504,0.06337154128899176,0.003941682283766568,0.0,0.0,0.0,0.05483866607149442,0.13318355816106,0.05000000000000001,12,179|180|23|126,46,all_filtered,9,True,D:\Running_Place\PostGraduateProjects\Experiments\PostGraduate\backbones\DisperssionWithSADG_LowFreqCanonicalization\Seg-SADG\LF-Fixed-Cosine\alpha0p08\style_rho0p5\sadg_rho0p05\shot4\Seed0,D:\Running_Place\PostGraduateProjects\Experiments\PostGraduate\backbones\Prompts\Seg-SADG\LF-Fixed-Cosine\alpha0p08\style_rho0p5\sadg_rho0p05\shot4\Seed0
Seg-SADG,Seg-SADG,Seg-SADG,LF-Fixed-Cosine,fixed,cosine,0.08,0.5,0.05,0.05,0.5,0.5,style_rho0p5,sadg_rho0p05,9,9,19,19,new_training,4,0,114,0.06117486208677292,0.06096454244107008,0.0042063914782678085,0.0,0.0,0.0,0.05317596811801195,0.1184722688049078,0.05000000000000001,12,179|180|23|126,46,all_filtered,9,True,D:\Running_Place\PostGraduateProjects\Experiments\PostGraduate\backbones\DisperssionWithSADG_LowFreqCanonicalization\Seg-SADG\LF-Fixed-Cosine\alpha0p08\style_rho0p5\sadg_rho0p05\shot4\Seed0,D:\Running_Place\PostGraduateProjects\Experiments\PostGraduate\backbones\Prompts\Seg-SADG\LF-Fixed-Cosine\alpha0p08\style_rho0p5\sadg_rho0p05\shot4\Seed0
Seg-SADG,Seg-SADG,Seg-SADG,LF-Fixed-Cosine,fixed,cosine,0.08,0.5,0.05,0.05,0.5,0.5,style_rho0p5,sadg_rho0p05,9,9,19,19,new_training,4,0,115,0.060502786499758564,0.060298493752876915,0.004085860913619399,0.0,0.0,0.0,0.05286827031522989,0.11565935115019481,0.05000000000000001,12,179|180|23|126,46,all_filtered,9,True,D:\Running_Place\PostGraduateProjects\Experiments\PostGraduate\backbones\DisperssionWithSADG_LowFreqCanonicalization\Seg-SADG\LF-Fixed-Cosine\alpha0p08\style_rho0p5\sadg_rho0p05\shot4\Seed0,D:\Running_Place\PostGraduateProjects\Experiments\PostGraduate\backbones\Prompts\Seg-SADG\LF-Fixed-Cosine\alpha0p08\style_rho0p5\sadg_rho0p05\shot4\Seed0
Seg-SADG,Seg-SADG,Seg-SADG,LF-Fixed-Cosine,fixed,cosine,0.08,0.5,0.05,0.05,0.5,0.5,style_rho0p5,sadg_rho0p05,9,9,19,19,new_training,4,0,116,0.059417360151807465,0.05922303876529137,0.0038864423986524343,0.0,0.0,0.0,0.05187010237326225,0.10747150455911954,0.05000000000000001,12,179|180|23|126,46,all_filtered,9,True,D:\Running_Place\PostGraduateProjects\Experiments\PostGraduate\backbones\DisperssionWithSADG_LowFreqCanonicalization\Seg-SADG\LF-Fixed-Cosine\alpha0p08\style_rho0p5\sadg_rho0p05\shot4\Seed0,D:\Running_Place\PostGraduateProjects\Experiments\PostGraduate\backbones\Prompts\Seg-SADG\LF-Fixed-Cosine\alpha0p08\style_rho0p5\sadg_rho0p05\shot4\Seed0
Seg-SADG,Seg-SADG,Seg-SADG,LF-Fixed-Cosine,fixed,cosine,0.08,0.5,0.05,0.05,0.5,0.5,style_rho0p5,sadg_rho0p05,9,9,19,19,new_training,4,0,117,0.061878460459411144,0.061667539489765964,0.004218421391366671,0.0,0.0,0.0,0.05293787115563949,0.13060138871272406,0.05000000000000001,12,179|180|23|126,46,all_filtered,9,True,D:\Running_Place\PostGraduateProjects\Experiments\PostGraduate\backbones\DisperssionWithSADG_LowFreqCanonicalization\Seg-SADG\LF-Fixed-Cosine\alpha0p08\style_rho0p5\sadg_rho0p05\shot4\Seed0,D:\Running_Place\PostGraduateProjects\Experiments\PostGraduate\backbones\Prompts\Seg-SADG\LF-Fixed-Cosine\alpha0p08\style_rho0p5\sadg_rho0p05\shot4\Seed0
Seg-SADG,Seg-SADG,Seg-SADG,LF-Fixed-Cosine,fixed,cosine,0.08,0.5,0.05,0.05,0.5,0.5,style_rho0p5,sadg_rho0p05,9,9,19,19,new_training,4,0,118,0.06143917050212622,0.061224376782774925,0.00429587079755341,0.0,0.0,0.0,0.05198902264237404,0.13415432845552763,0.05000000000000001,12,179|180|23|126,46,all_filtered,9,True,D:\Running_Place\PostGraduateProjects\Experiments\PostGraduate\backbones\DisperssionWithSADG_LowFreqCanonicalization\Seg-SADG\LF-Fixed-Cosine\alpha0p08\style_rho0p5\sadg_rho0p05\shot4\Seed0,D:\Running_Place\PostGraduateProjects\Experiments\PostGraduate\backbones\Prompts\Seg-SADG\LF-Fixed-Cosine\alpha0p08\style_rho0p5\sadg_rho0p05\shot4\Seed0
Seg-SADG,Seg-SADG,Seg-SADG,LF-Fixed-Cosine,fixed,cosine,0.08,0.5,0.05,0.05,0.5,0.5,style_rho0p5,sadg_rho0p05,9,9,19,19,new_training,4,0,119,0.060408164436618485,0.0602011705438296,0.004139875255835553,0.0,0.0,0.0,0.051558045049508415,0.12649273872375488,0.05000000000000001,12,179|180|23|126,46,all_filtered,9,True,D:\Running_Place\PostGraduateProjects\Experiments\PostGraduate\backbones\DisperssionWithSADG_LowFreqCanonicalization\Seg-SADG\LF-Fixed-Cosine\alpha0p08\style_rho0p5\sadg_rho0p05\shot4\Seed0,D:\Running_Place\PostGraduateProjects\Experiments\PostGraduate\backbones\Prompts\Seg-SADG\LF-Fixed-Cosine\alpha0p08\style_rho0p5\sadg_rho0p05\shot4\Seed0
Seg-SADG,Seg-SADG,Seg-SADG,LF-Fixed-Cosine,fixed,cosine,0.08,0.5,0.05,0.05,0.5,0.5,style_rho0p5,sadg_rho0p05,9,9,19,19,new_training,4,0,120,0.06123754444221655,0.06105900307496389,0.003570843934236715,0.0,0.0,0.0,0.05187711554268996,0.13629970947901407,0.05000000000000001,12,179|180|23|126,46,all_filtered,9,True,D:\Running_Place\PostGraduateProjects\Experiments\PostGraduate\backbones\DisperssionWithSADG_LowFreqCanonicalization\Seg-SADG\LF-Fixed-Cosine\alpha0p08\style_rho0p5\sadg_rho0p05\shot4\Seed0,D:\Running_Place\PostGraduateProjects\Experiments\PostGraduate\backbones\Prompts\Seg-SADG\LF-Fixed-Cosine\alpha0p08\style_rho0p5\sadg_rho0p05\shot4\Seed0
Seg-SADG,Seg-SADG,Seg-SADG,LF-Fixed-Cosine,fixed,cosine,0.08,0.5,0.05,0.05,0.5,0.5,style_rho0p5,sadg_rho0p05,9,9,19,19,new_training,4,0,121,0.06346473811815183,0.0632360087086757,0.004574591002892703,0.0,0.0,0.0,0.053486029307047524,0.14857290809353194,0.05000000000000001,12,179|180|23|126,46,all_filtered,9,True,D:\Running_Place\PostGraduateProjects\Experiments\PostGraduate\backbones\DisperssionWithSADG_LowFreqCanonicalization\Seg-SADG\LF-Fixed-Cosine\alpha0p08\style_rho0p5\sadg_rho0p05\shot4\Seed0,D:\Running_Place\PostGraduateProjects\Experiments\PostGraduate\backbones\Prompts\Seg-SADG\LF-Fixed-Cosine\alpha0p08\style_rho0p5\sadg_rho0p05\shot4\Seed0
Seg-SADG,Seg-SADG,Seg-SADG,LF-Fixed-Cosine,fixed,cosine,0.08,0.5,0.05,0.05,0.5,0.5,style_rho0p5,sadg_rho0p05,9,9,19,19,new_training,4,0,122,0.062420791015028954,0.062183196345965065,0.004751900191574047,0.0,0.0,0.0,0.05267833638936281,0.13570620492100716,0.05000000000000001,12,179|180|23|126,46,all_filtered,9,True,D:\Running_Place\PostGraduateProjects\Experiments\PostGraduate\backbones\DisperssionWithSADG_LowFreqCanonicalization\Seg-SADG\LF-Fixed-Cosine\alpha0p08\style_rho0p5\sadg_rho0p05\shot4\Seed0,D:\Running_Place\PostGraduateProjects\Experiments\PostGraduate\backbones\Prompts\Seg-SADG\LF-Fixed-Cosine\alpha0p08\style_rho0p5\sadg_rho0p05\shot4\Seed0
Seg-SADG,Seg-SADG,Seg-SADG,LF-Fixed-Cosine,fixed,cosine,0.08,0.5,0.05,0.05,0.5,0.5,style_rho0p5,sadg_rho0p05,9,9,19,19,new_training,4,0,123,0.0653403311346968,0.06511427462100983,0.004521123385832955,0.0,0.0,0.0,0.05498027832557758,0.1588072677453359,0.05000000000000001,12,179|180|23|126,46,all_filtered,9,True,D:\Running_Place\PostGraduateProjects\Experiments\PostGraduate\backbones\DisperssionWithSADG_LowFreqCanonicalization\Seg-SADG\LF-Fixed-Cosine\alpha0p08\style_rho0p5\sadg_rho0p05\shot4\Seed0,D:\Running_Place\PostGraduateProjects\Experiments\PostGraduate\backbones\Prompts\Seg-SADG\LF-Fixed-Cosine\alpha0p08\style_rho0p5\sadg_rho0p05\shot4\Seed0
Seg-SADG,Seg-SADG,Seg-SADG,LF-Fixed-Cosine,fixed,cosine,0.08,0.5,0.05,0.05,0.5,0.5,style_rho0p5,sadg_rho0p05,9,9,19,19,new_training,4,0,124,0.06319909449666739,0.06296710763126612,0.004639746310810248,0.0,0.0,0.0,0.05402941939731439,0.1411486752331257,0.05000000000000001,12,179|180|23|126,46,all_filtered,9,True,D:\Running_Place\PostGraduateProjects\Experiments\PostGraduate\backbones\DisperssionWithSADG_LowFreqCanonicalization\Seg-SADG\LF-Fixed-Cosine\alpha0p08\style_rho0p5\sadg_rho0p05\shot4\Seed0,D:\Running_Place\PostGraduateProjects\Experiments\PostGraduate\backbones\Prompts\Seg-SADG\LF-Fixed-Cosine\alpha0p08\style_rho0p5\sadg_rho0p05\shot4\Seed0
Seg-SADG,Seg-SADG,Seg-SADG,LF-Fixed-Cosine,fixed,cosine,0.08,0.5,0.05,0.05,0.5,0.5,style_rho0p5,sadg_rho0p05,9,9,19,19,new_training,4,0,125,0.05929004090527693,0.05907927919179201,0.00421523463834698,0.0,0.0,0.0,0.0513281204427282,0.12005819194018841,0.05000000000000001,12,179|180|23|126,46,all_filtered,9,True,D:\Running_Place\PostGraduateProjects\Experiments\PostGraduate\backbones\DisperssionWithSADG_LowFreqCanonicalization\Seg-SADG\LF-Fixed-Cosine\alpha0p08\style_rho0p5\sadg_rho0p05\shot4\Seed0,D:\Running_Place\PostGraduateProjects\Experiments\PostGraduate\backbones\Prompts\Seg-SADG\LF-Fixed-Cosine\alpha0p08\style_rho0p5\sadg_rho0p05\shot4\Seed0
Seg-SADG,Seg-SADG,Seg-SADG,LF-Fixed-Cosine,fixed,cosine,0.08,0.5,0.05,0.05,0.5,0.5,style_rho0p5,sadg_rho0p05,9,9,19,19,new_training,4,0,126,0.057376944770415626,0.05717917593816916,0.003955377731472254,0.0,0.0,0.0,0.04984671498338381,0.11282077431678772,0.05000000000000001,12,179|180|23|126,46,all_filtered,9,True,D:\Running_Place\PostGraduateProjects\Experiments\PostGraduate\backbones\DisperssionWithSADG_LowFreqCanonicalization\Seg-SADG\LF-Fixed-Cosine\alpha0p08\style_rho0p5\sadg_rho0p05\shot4\Seed0,D:\Running_Place\PostGraduateProjects\Experiments\PostGraduate\backbones\Prompts\Seg-SADG\LF-Fixed-Cosine\alpha0p08\style_rho0p5\sadg_rho0p05\shot4\Seed0
Seg-SADG,Seg-SADG,Seg-SADG,LF-Fixed-Cosine,fixed,cosine,0.08,0.5,0.05,0.05,0.5,0.5,style_rho0p5,sadg_rho0p05,9,9,19,19,new_training,4,0,127,0.05614654223124186,0.05595401829729477,0.003850478232682993,0.0,0.0,0.0,0.047965104691684246,0.11491678655147552,0.05000000000000001,12,179|180|23|126,46,all_filtered,9,True,D:\Running_Place\PostGraduateProjects\Experiments\PostGraduate\backbones\DisperssionWithSADG_LowFreqCanonicalization\Seg-SADG\LF-Fixed-Cosine\alpha0p08\style_rho0p5\sadg_rho0p05\shot4\Seed0,D:\Running_Place\PostGraduateProjects\Experiments\PostGraduate\backbones\Prompts\Seg-SADG\LF-Fixed-Cosine\alpha0p08\style_rho0p5\sadg_rho0p05\shot4\Seed0
Seg-SADG,Seg-SADG,Seg-SADG,LF-Fixed-Cosine,fixed,cosine,0.08,0.5,0.05,0.05,0.5,0.5,style_rho0p5,sadg_rho0p05,9,9,19,19,new_training,4,0,128,0.054794916883111,0.054606434578696884,0.003769643371924758,0.0,0.0,0.0,0.047485128665963806,0.10652720990280311,0.05000000000000001,12,179|180|23|126,46,all_filtered,9,True,D:\Running_Place\PostGraduateProjects\Experiments\PostGraduate\backbones\DisperssionWithSADG_LowFreqCanonicalization\Seg-SADG\LF-Fixed-Cosine\alpha0p08\style_rho0p5\sadg_rho0p05\shot4\Seed0,D:\Running_Place\PostGraduateProjects\Experiments\PostGraduate\backbones\Prompts\Seg-SADG\LF-Fixed-Cosine\alpha0p08\style_rho0p5\sadg_rho0p05\shot4\Seed0
Seg-SADG,Seg-SADG,Seg-SADG,LF-Fixed-Cosine,fixed,cosine,0.08,0.5,0.05,0.05,0.5,0.5,style_rho0p5,sadg_rho0p05,9,9,19,19,new_training,4,0,129,0.0573167015487949,0.057127087066570915,0.0037922901877512536,0.0,0.0,0.0,0.04838203452527523,0.13160257724424204,0.05000000000000001,12,179|180|23|126,46,all_filtered,9,True,D:\Running_Place\PostGraduateProjects\Experiments\PostGraduate\backbones\DisperssionWithSADG_LowFreqCanonicalization\Seg-SADG\LF-Fixed-Cosine\alpha0p08\style_rho0p5\sadg_rho0p05\shot4\Seed0,D:\Running_Place\PostGraduateProjects\Experiments\PostGraduate\backbones\Prompts\Seg-SADG\LF-Fixed-Cosine\alpha0p08\style_rho0p5\sadg_rho0p05\shot4\Seed0
Seg-SADG,Seg-SADG,Seg-SADG,LF-Fixed-Cosine,fixed,cosine,0.08,0.5,0.05,0.05,0.5,0.5,style_rho0p5,sadg_rho0p05,9,9,19,19,new_training,4,0,130,0.05617091370125612,0.05598117504268885,0.003794776974245906,0.0,0.0,0.0,0.047838689759373665,0.12432635699709256,0.05000000000000001,12,179|180|23|126,46,all_filtered,9,True,D:\Running_Place\PostGraduateProjects\Experiments\PostGraduate\backbones\DisperssionWithSADG_LowFreqCanonicalization\Seg-SADG\LF-Fixed-Cosine\alpha0p08\style_rho0p5\sadg_rho0p05\shot4\Seed0,D:\Running_Place\PostGraduateProjects\Experiments\PostGraduate\backbones\Prompts\Seg-SADG\LF-Fixed-Cosine\alpha0p08\style_rho0p5\sadg_rho0p05\shot4\Seed0
Seg-SADG,Seg-SADG,Seg-SADG,LF-Fixed-Cosine,fixed,cosine,0.08,0.5,0.05,0.05,0.5,0.5,style_rho0p5,sadg_rho0p05,9,9,19,19,new_training,4,0,131,0.05451509946336349,0.05433417142679294,0.0036185572777564325,0.0,0.0,0.0,0.0464230173577865,0.11482006125152111,0.05000000000000001,12,179|180|23|126,46,all_filtered,9,True,D:\Running_Place\PostGraduateProjects\Experiments\PostGraduate\backbones\DisperssionWithSADG_LowFreqCanonicalization\Seg-SADG\LF-Fixed-Cosine\alpha0p08\style_rho0p5\sadg_rho0p05\shot4\Seed0,D:\Running_Place\PostGraduateProjects\Experiments\PostGraduate\backbones\Prompts\Seg-SADG\LF-Fixed-Cosine\alpha0p08\style_rho0p5\sadg_rho0p05\shot4\Seed0
Seg-SADG,Seg-SADG,Seg-SADG,LF-Fixed-Cosine,fixed,cosine,0.08,0.5,0.05,0.05,0.5,0.5,style_rho0p5,sadg_rho0p05,9,9,19,19,new_training,4,0,132,0.05473066090295712,0.05455424077808857,0.003528393960247437,0.0,0.0,0.0,0.046848682686686516,0.11902160383760929,0.05000000000000001,12,179|180|23|126,46,all_filtered,9,True,D:\Running_Place\PostGraduateProjects\Experiments\PostGraduate\backbones\DisperssionWithSADG_LowFreqCanonicalization\Seg-SADG\LF-Fixed-Cosine\alpha0p08\style_rho0p5\sadg_rho0p05\shot4\Seed0,D:\Running_Place\PostGraduateProjects\Experiments\PostGraduate\backbones\Prompts\Seg-SADG\LF-Fixed-Cosine\alpha0p08\style_rho0p5\sadg_rho0p05\shot4\Seed0
Seg-SADG,Seg-SADG,Seg-SADG,LF-Fixed-Cosine,fixed,cosine,0.08,0.5,0.05,0.05,0.5,0.5,style_rho0p5,sadg_rho0p05,9,9,19,19,new_training,4,0,133,0.056102197306851544,0.0559214341143767,0.0036152497632429004,0.0,0.0,0.0,0.04713728620360295,0.1333467693378528,0.05000000000000001,12,179|180|23|126,46,all_filtered,9,True,D:\Running_Place\PostGraduateProjects\Experiments\PostGraduate\backbones\DisperssionWithSADG_LowFreqCanonicalization\Seg-SADG\LF-Fixed-Cosine\alpha0p08\style_rho0p5\sadg_rho0p05\shot4\Seed0,D:\Running_Place\PostGraduateProjects\Experiments\PostGraduate\backbones\Prompts\Seg-SADG\LF-Fixed-Cosine\alpha0p08\style_rho0p5\sadg_rho0p05\shot4\Seed0
Seg-SADG,Seg-SADG,Seg-SADG,LF-Fixed-Cosine,fixed,cosine,0.08,0.5,0.05,0.05,0.5,0.5,style_rho0p5,sadg_rho0p05,9,9,19,19,new_training,4,0,134,0.054972339421510696,0.0547833905244867,0.0037789817045753202,0.0,0.0,0.0,0.04664458862195412,0.12299620049695174,0.05000000000000001,12,179|180|23|126,46,all_filtered,9,True,D:\Running_Place\PostGraduateProjects\Experiments\PostGraduate\backbones\DisperssionWithSADG_LowFreqCanonicalization\Seg-SADG\LF-Fixed-Cosine\alpha0p08\style_rho0p5\sadg_rho0p05\shot4\Seed0,D:\Running_Place\PostGraduateProjects\Experiments\PostGraduate\backbones\Prompts\Seg-SADG\LF-Fixed-Cosine\alpha0p08\style_rho0p5\sadg_rho0p05\shot4\Seed0
Seg-SADG,Seg-SADG,Seg-SADG,LF-Fixed-Cosine,fixed,cosine,0.08,0.5,0.05,0.05,0.5,0.5,style_rho0p5,sadg_rho0p05,9,9,19,19,new_training,4,0,135,0.053484998953839145,0.053314254619181156,0.0034148825992209217,0.0,0.0,0.0,0.04611912307639917,0.11273012372354667,0.05000000000000001,12,179|180|23|126,46,all_filtered,9,True,D:\Running_Place\PostGraduateProjects\Experiments\PostGraduate\backbones\DisperssionWithSADG_LowFreqCanonicalization\Seg-SADG\LF-Fixed-Cosine\alpha0p08\style_rho0p5\sadg_rho0p05\shot4\Seed0,D:\Running_Place\PostGraduateProjects\Experiments\PostGraduate\backbones\Prompts\Seg-SADG\LF-Fixed-Cosine\alpha0p08\style_rho0p5\sadg_rho0p05\shot4\Seed0
Seg-SADG,Seg-SADG,Seg-SADG,LF-Fixed-Cosine,fixed,cosine,0.08,0.5,0.05,0.05,0.5,0.5,style_rho0p5,sadg_rho0p05,9,9,19,19,new_training,4,0,136,0.05189751895765463,0.05173529374102751,0.0032445175068763397,0.0,0.0,0.0,0.044645583257079124,0.10867931072910626,0.05000000000000001,12,179|180|23|126,46,all_filtered,9,True,D:\Running_Place\PostGraduateProjects\Experiments\PostGraduate\backbones\DisperssionWithSADG_LowFreqCanonicalization\Seg-SADG\LF-Fixed-Cosine\alpha0p08\style_rho0p5\sadg_rho0p05\shot4\Seed0,D:\Running_Place\PostGraduateProjects\Experiments\PostGraduate\backbones\Prompts\Seg-SADG\LF-Fixed-Cosine\alpha0p08\style_rho0p5\sadg_rho0p05\shot4\Seed0
Seg-SADG,Seg-SADG,Seg-SADG,LF-Fixed-Cosine,fixed,cosine,0.08,0.5,0.05,0.05,0.5,0.5,style_rho0p5,sadg_rho0p05,9,9,19,19,new_training,4,0,137,0.05457062398393949,0.05437873645375172,0.0038377490903561315,0.0,0.0,0.0,0.045418555537859596,0.1366129449258248,0.05000000000000001,12,179|180|23|126,46,all_filtered,9,True,D:\Running_Place\PostGraduateProjects\Experiments\PostGraduate\backbones\DisperssionWithSADG_LowFreqCanonicalization\Seg-SADG\LF-Fixed-Cosine\alpha0p08\style_rho0p5\sadg_rho0p05\shot4\Seed0,D:\Running_Place\PostGraduateProjects\Experiments\PostGraduate\backbones\Prompts\Seg-SADG\LF-Fixed-Cosine\alpha0p08\style_rho0p5\sadg_rho0p05\shot4\Seed0
Seg-SADG,Seg-SADG,Seg-SADG,LF-Fixed-Cosine,fixed,cosine,0.08,0.5,0.05,0.05,0.5,0.5,style_rho0p5,sadg_rho0p05,9,9,19,19,new_training,4,0,138,0.05492661613970995,0.0547347500299414,0.003837326269907256,0.0,0.0,0.0,0.045996428156892456,0.13023568876087666,0.05000000000000001,12,179|180|23|126,46,all_filtered,9,True,D:\Running_Place\PostGraduateProjects\Experiments\PostGraduate\backbones\DisperssionWithSADG_LowFreqCanonicalization\Seg-SADG\LF-Fixed-Cosine\alpha0p08\style_rho0p5\sadg_rho0p05\shot4\Seed0,D:\Running_Place\PostGraduateProjects\Experiments\PostGraduate\backbones\Prompts\Seg-SADG\LF-Fixed-Cosine\alpha0p08\style_rho0p5\sadg_rho0p05\shot4\Seed0
Seg-SADG,Seg-SADG,Seg-SADG,LF-Fixed-Cosine,fixed,cosine,0.08,0.5,0.05,0.05,0.5,0.5,style_rho0p5,sadg_rho0p05,9,9,19,19,new_training,4,0,139,0.05348138573269049,0.0533129358664155,0.003369003456706802,0.0,0.0,0.0,0.04516788572072983,0.12285889871418476,0.05000000000000001,12,179|180|23|126,46,all_filtered,9,True,D:\Running_Place\PostGraduateProjects\Experiments\PostGraduate\backbones\DisperssionWithSADG_LowFreqCanonicalization\Seg-SADG\LF-Fixed-Cosine\alpha0p08\style_rho0p5\sadg_rho0p05\shot4\Seed0,D:\Running_Place\PostGraduateProjects\Experiments\PostGraduate\backbones\Prompts\Seg-SADG\LF-Fixed-Cosine\alpha0p08\style_rho0p5\sadg_rho0p05\shot4\Seed0
Seg-SADG,Seg-SADG,Seg-SADG,LF-Fixed-Cosine,fixed,cosine,0.08,0.5,0.05,0.05,0.5,0.5,style_rho0p5,sadg_rho0p05,9,9,19,19,new_training,4,0,140,0.05171391895661751,0.05153889115899801,0.003500552130086968,0.0,0.0,0.0,0.04429624260713657,0.11129619491597016,0.05000000000000001,12,179|180|23|126,46,all_filtered,9,True,D:\Running_Place\PostGraduateProjects\Experiments\PostGraduate\backbones\DisperssionWithSADG_LowFreqCanonicalization\Seg-SADG\LF-Fixed-Cosine\alpha0p08\style_rho0p5\sadg_rho0p05\shot4\Seed0,D:\Running_Place\PostGraduateProjects\Experiments\PostGraduate\backbones\Prompts\Seg-SADG\LF-Fixed-Cosine\alpha0p08\style_rho0p5\sadg_rho0p05\shot4\Seed0
Seg-SADG,Seg-SADG,Seg-SADG,LF-Fixed-Cosine,fixed,cosine,0.08,0.5,0.05,0.05,0.5,0.5,style_rho0p5,sadg_rho0p05,9,9,19,19,new_training,4,0,141,0.04931436758488417,0.04915354400873184,0.0032164743170142174,0.0,0.0,0.0,0.04248230407635371,0.09932811930775642,0.05000000000000001,12,179|180|23|126,46,all_filtered,9,True,D:\Running_Place\PostGraduateProjects\Experiments\PostGraduate\backbones\DisperssionWithSADG_LowFreqCanonicalization\Seg-SADG\LF-Fixed-Cosine\alpha0p08\style_rho0p5\sadg_rho0p05\shot4\Seed0,D:\Running_Place\PostGraduateProjects\Experiments\PostGraduate\backbones\Prompts\Seg-SADG\LF-Fixed-Cosine\alpha0p08\style_rho0p5\sadg_rho0p05\shot4\Seed0
Seg-SADG,Seg-SADG,Seg-SADG,LF-Fixed-Cosine,fixed,cosine,0.08,0.5,0.05,0.05,0.5,0.5,style_rho0p5,sadg_rho0p05,9,9,19,19,new_training,4,0,142,0.04917952480415503,0.04902826404819886,0.0030252218033031872,0.0,0.0,0.0,0.04229488161702951,0.10089773498475552,0.05000000000000001,12,179|180|23|126,46,all_filtered,9,True,D:\Running_Place\PostGraduateProjects\Experiments\PostGraduate\backbones\DisperssionWithSADG_LowFreqCanonicalization\Seg-SADG\LF-Fixed-Cosine\alpha0p08\style_rho0p5\sadg_rho0p05\shot4\Seed0,D:\Running_Place\PostGraduateProjects\Experiments\PostGraduate\backbones\Prompts\Seg-SADG\LF-Fixed-Cosine\alpha0p08\style_rho0p5\sadg_rho0p05\shot4\Seed0
Seg-SADG,Seg-SADG,Seg-SADG,LF-Fixed-Cosine,fixed,cosine,0.08,0.5,0.05,0.05,0.5,0.5,style_rho0p5,sadg_rho0p05,9,9,19,19,new_training,4,0,143,0.05071281796942154,0.050532287607590355,0.003610605994860331,0.0,0.0,0.0,0.04264583500723044,0.11768429291745026,0.05000000000000001,12,179|180|23|126,46,all_filtered,9,True,D:\Running_Place\PostGraduateProjects\Experiments\PostGraduate\backbones\DisperssionWithSADG_LowFreqCanonicalization\Seg-SADG\LF-Fixed-Cosine\alpha0p08\style_rho0p5\sadg_rho0p05\shot4\Seed0,D:\Running_Place\PostGraduateProjects\Experiments\PostGraduate\backbones\Prompts\Seg-SADG\LF-Fixed-Cosine\alpha0p08\style_rho0p5\sadg_rho0p05\shot4\Seed0
Seg-SADG,Seg-SADG,Seg-SADG,LF-Fixed-Cosine,fixed,cosine,0.08,0.5,0.05,0.05,0.5,0.5,style_rho0p5,sadg_rho0p05,9,9,19,19,new_training,4,0,144,0.04971735024203857,0.04955921104798714,0.0031627799617126584,0.0,0.0,0.0,0.04247444526602825,0.11001532711088657,0.05000000000000001,12,179|180|23|126,46,all_filtered,9,True,D:\Running_Place\PostGraduateProjects\Experiments\PostGraduate\backbones\DisperssionWithSADG_LowFreqCanonicalization\Seg-SADG\LF-Fixed-Cosine\alpha0p08\style_rho0p5\sadg_rho0p05\shot4\Seed0,D:\Running_Place\PostGraduateProjects\Experiments\PostGraduate\backbones\Prompts\Seg-SADG\LF-Fixed-Cosine\alpha0p08\style_rho0p5\sadg_rho0p05\shot4\Seed0
Seg-SADG,Seg-SADG,Seg-SADG,LF-Fixed-Cosine,fixed,cosine,0.08,0.5,0.05,0.05,0.5,0.5,style_rho0p5,sadg_rho0p05,9,9,19,19,new_training,4,0,145,0.05201403455187877,0.051849011331796646,0.003300461636778588,0.0,0.0,0.0,0.04325872504462799,0.13304236282904944,0.05000000000000001,12,179|180|23|126,46,all_filtered,9,True,D:\Running_Place\PostGraduateProjects\Experiments\PostGraduate\backbones\DisperssionWithSADG_LowFreqCanonicalization\Seg-SADG\LF-Fixed-Cosine\alpha0p08\style_rho0p5\sadg_rho0p05\shot4\Seed0,D:\Running_Place\PostGraduateProjects\Experiments\PostGraduate\backbones\Prompts\Seg-SADG\LF-Fixed-Cosine\alpha0p08\style_rho0p5\sadg_rho0p05\shot4\Seed0
Seg-SADG,Seg-SADG,Seg-SADG,LF-Fixed-Cosine,fixed,cosine,0.08,0.5,0.05,0.05,0.5,0.5,style_rho0p5,sadg_rho0p05,9,9,19,19,new_training,4,0,146,0.051000009290874004,0.050820571991304554,0.0035887472137498357,0.0,0.0,0.0,0.04247859617074331,0.1257734882334868,0.05000000000000001,12,179|180|23|126,46,all_filtered,9,True,D:\Running_Place\PostGraduateProjects\Experiments\PostGraduate\backbones\DisperssionWithSADG_LowFreqCanonicalization\Seg-SADG\LF-Fixed-Cosine\alpha0p08\style_rho0p5\sadg_rho0p05\shot4\Seed0,D:\Running_Place\PostGraduateProjects\Experiments\PostGraduate\backbones\Prompts\Seg-SADG\LF-Fixed-Cosine\alpha0p08\style_rho0p5\sadg_rho0p05\shot4\Seed0
Seg-SADG,Seg-SADG,Seg-SADG,LF-Fixed-Cosine,fixed,cosine,0.08,0.5,0.05,0.05,0.5,0.5,style_rho0p5,sadg_rho0p05,9,9,19,19,new_training,4,0,147,0.052665867532293,0.05248795418689648,0.003558270943661531,0.0,0.0,0.0,0.043134173999230065,0.13723813680311045,0.05000000000000001,12,179|180|23|126,46,all_filtered,9,True,D:\Running_Place\PostGraduateProjects\Experiments\PostGraduate\backbones\DisperssionWithSADG_LowFreqCanonicalization\Seg-SADG\LF-Fixed-Cosine\alpha0p08\style_rho0p5\sadg_rho0p05\shot4\Seed0,D:\Running_Place\PostGraduateProjects\Experiments\PostGraduate\backbones\Prompts\Seg-SADG\LF-Fixed-Cosine\alpha0p08\style_rho0p5\sadg_rho0p05\shot4\Seed0
Seg-SADG,Seg-SADG,Seg-SADG,LF-Fixed-Cosine,fixed,cosine,0.08,0.5,0.05,0.05,0.5,0.5,style_rho0p5,sadg_rho0p05,9,9,19,19,new_training,4,0,148,0.050376249787708126,0.05021050292998552,0.0033149354276247323,0.0,0.0,0.0,0.042471859914561115,0.1252755125363668,0.05000000000000001,12,179|180|23|126,46,all_filtered,9,True,D:\Running_Place\PostGraduateProjects\Experiments\PostGraduate\backbones\DisperssionWithSADG_LowFreqCanonicalization\Seg-SADG\LF-Fixed-Cosine\alpha0p08\style_rho0p5\sadg_rho0p05\shot4\Seed0,D:\Running_Place\PostGraduateProjects\Experiments\PostGraduate\backbones\Prompts\Seg-SADG\LF-Fixed-Cosine\alpha0p08\style_rho0p5\sadg_rho0p05\shot4\Seed0
Seg-SADG,Seg-SADG,Seg-SADG,LF-Fixed-Cosine,fixed,cosine,0.08,0.5,0.05,0.05,0.5,0.5,style_rho0p5,sadg_rho0p05,9,9,19,19,new_training,4,0,149,0.05098387971520424,0.05080468114465475,0.003583977154145638,0.0,0.0,0.0,0.042011383920907974,0.12827204974989095,0.05000000000000001,12,179|180|23|126,46,all_filtered,9,True,D:\Running_Place\PostGraduateProjects\Experiments\PostGraduate\backbones\DisperssionWithSADG_LowFreqCanonicalization\Seg-SADG\LF-Fixed-Cosine\alpha0p08\style_rho0p5\sadg_rho0p05\shot4\Seed0,D:\Running_Place\PostGraduateProjects\Experiments\PostGraduate\backbones\Prompts\Seg-SADG\LF-Fixed-Cosine\alpha0p08\style_rho0p5\sadg_rho0p05\shot4\Seed0
Seg-SADG,Seg-SADG,Seg-SADG,LF-Fixed-Cosine,fixed,cosine,0.08,0.5,0.05,0.05,0.5,0.5,style_rho0p5,sadg_rho0p05,9,9,19,19,new_training,4,0,150,0.05082551793505748,0.05065498066445192,0.0034107454121112823,0.0,0.0,0.0,0.04229367803782225,0.1296542485555013,0.05000000000000001,12,179|180|23|126,46,all_filtered,9,True,D:\Running_Place\PostGraduateProjects\Experiments\PostGraduate\backbones\DisperssionWithSADG_LowFreqCanonicalization\Seg-SADG\LF-Fixed-Cosine\alpha0p08\style_rho0p5\sadg_rho0p05\shot4\Seed0,D:\Running_Place\PostGraduateProjects\Experiments\PostGraduate\backbones\Prompts\Seg-SADG\LF-Fixed-Cosine\alpha0p08\style_rho0p5\sadg_rho0p05\shot4\Seed0
Seg-SADG,Seg-SADG,Seg-SADG,LF-Fixed-Cosine,fixed,cosine,0.08,0.5,0.05,0.05,0.5,0.5,style_rho0p5,sadg_rho0p05,9,9,19,19,new_training,4,0,151,0.04781956039369106,0.04766058176755905,0.003179563228817036,0.0,0.0,0.0,0.040182994989057384,0.11260287277400494,0.05000000000000001,12,179|180|23|126,46,all_filtered,9,True,D:\Running_Place\PostGraduateProjects\Experiments\PostGraduate\backbones\DisperssionWithSADG_LowFreqCanonicalization\Seg-SADG\LF-Fixed-Cosine\alpha0p08\style_rho0p5\sadg_rho0p05\shot4\Seed0,D:\Running_Place\PostGraduateProjects\Experiments\PostGraduate\backbones\Prompts\Seg-SADG\LF-Fixed-Cosine\alpha0p08\style_rho0p5\sadg_rho0p05\shot4\Seed0
Seg-SADG,Seg-SADG,Seg-SADG,LF-Fixed-Cosine,fixed,cosine,0.08,0.5,0.05,0.05,0.5,0.5,style_rho0p5,sadg_rho0p05,9,9,19,19,new_training,4,0,152,0.05048364866524935,0.05033006488035122,0.0030716650071553886,0.0,0.0,0.0,0.04113231785595417,0.1359479259699583,0.05000000000000001,12,179|180|23|126,46,all_filtered,9,True,D:\Running_Place\PostGraduateProjects\Experiments\PostGraduate\backbones\DisperssionWithSADG_LowFreqCanonicalization\Seg-SADG\LF-Fixed-Cosine\alpha0p08\style_rho0p5\sadg_rho0p05\shot4\Seed0,D:\Running_Place\PostGraduateProjects\Experiments\PostGraduate\backbones\Prompts\Seg-SADG\LF-Fixed-Cosine\alpha0p08\style_rho0p5\sadg_rho0p05\shot4\Seed0
Seg-SADG,Seg-SADG,Seg-SADG,LF-Fixed-Cosine,fixed,cosine,0.08,0.5,0.05,0.05,0.5,0.5,style_rho0p5,sadg_rho0p05,9,9,19,19,new_training,4,0,153,0.04879729884366194,0.04863187981148561,0.0033083756958755353,0.0,0.0,0.0,0.040508064130942024,0.12687971877555052,0.05000000000000001,12,179|180|23|126,46,all_filtered,9,True,D:\Running_Place\PostGraduateProjects\Experiments\PostGraduate\backbones\DisperssionWithSADG_LowFreqCanonicalization\Seg-SADG\LF-Fixed-Cosine\alpha0p08\style_rho0p5\sadg_rho0p05\shot4\Seed0,D:\Running_Place\PostGraduateProjects\Experiments\PostGraduate\backbones\Prompts\Seg-SADG\LF-Fixed-Cosine\alpha0p08\style_rho0p5\sadg_rho0p05\shot4\Seed0
Seg-SADG,Seg-SADG,Seg-SADG,LF-Fixed-Cosine,fixed,cosine,0.08,0.5,0.05,0.05,0.5,0.5,style_rho0p5,sadg_rho0p05,9,9,19,19,new_training,4,0,154,0.047875829972326756,0.04771548788994551,0.0032068434229586273,0.0,0.0,0.0,0.0399037611981233,0.12012406314412753,0.05000000000000001,12,179|180|23|126,46,all_filtered,9,True,D:\Running_Place\PostGraduateProjects\Experiments\PostGraduate\backbones\DisperssionWithSADG_LowFreqCanonicalization\Seg-SADG\LF-Fixed-Cosine\alpha0p08\style_rho0p5\sadg_rho0p05\shot4\Seed0,D:\Running_Place\PostGraduateProjects\Experiments\PostGraduate\backbones\Prompts\Seg-SADG\LF-Fixed-Cosine\alpha0p08\style_rho0p5\sadg_rho0p05\shot4\Seed0
Seg-SADG,Seg-SADG,Seg-SADG,LF-Fixed-Cosine,fixed,cosine,0.08,0.5,0.05,0.05,0.5,0.5,style_rho0p5,sadg_rho0p05,9,9,19,19,new_training,4,0,155,0.04687099841733774,0.046708242036402225,0.0032551276381127536,0.0,0.0,0.0,0.039238087832927704,0.11606282306214173,0.05000000000000001,12,179|180|23|126,46,all_filtered,9,True,D:\Running_Place\PostGraduateProjects\Experiments\PostGraduate\backbones\DisperssionWithSADG_LowFreqCanonicalization\Seg-SADG\LF-Fixed-Cosine\alpha0p08\style_rho0p5\sadg_rho0p05\shot4\Seed0,D:\Running_Place\PostGraduateProjects\Experiments\PostGraduate\backbones\Prompts\Seg-SADG\LF-Fixed-Cosine\alpha0p08\style_rho0p5\sadg_rho0p05\shot4\Seed0
Seg-SADG,Seg-SADG,Seg-SADG,LF-Fixed-Cosine,fixed,cosine,0.08,0.5,0.05,0.05,0.5,0.5,style_rho0p5,sadg_rho0p05,9,9,19,19,new_training,4,0,156,0.04588174199064573,0.04572408180683851,0.003153202182147652,0.0,0.0,0.0,0.038556186171869435,0.11008335401614507,0.05000000000000001,12,179|180|23|126,46,all_filtered,9,True,D:\Running_Place\PostGraduateProjects\Experiments\PostGraduate\backbones\DisperssionWithSADG_LowFreqCanonicalization\Seg-SADG\LF-Fixed-Cosine\alpha0p08\style_rho0p5\sadg_rho0p05\shot4\Seed0,D:\Running_Place\PostGraduateProjects\Experiments\PostGraduate\backbones\Prompts\Seg-SADG\LF-Fixed-Cosine\alpha0p08\style_rho0p5\sadg_rho0p05\shot4\Seed0
Seg-SADG,Seg-SADG,Seg-SADG,LF-Fixed-Cosine,fixed,cosine,0.08,0.5,0.05,0.05,0.5,0.5,style_rho0p5,sadg_rho0p05,9,9,19,19,new_training,4,0,157,0.045805227321883045,0.04566094186156988,0.002885709594314297,0.0,0.0,0.0,0.03814913798123598,0.11357334566613038,0.05000000000000001,12,179|180|23|126,46,all_filtered,9,True,D:\Running_Place\PostGraduateProjects\Experiments\PostGraduate\backbones\DisperssionWithSADG_LowFreqCanonicalization\Seg-SADG\LF-Fixed-Cosine\alpha0p08\style_rho0p5\sadg_rho0p05\shot4\Seed0,D:\Running_Place\PostGraduateProjects\Experiments\PostGraduate\backbones\Prompts\Seg-SADG\LF-Fixed-Cosine\alpha0p08\style_rho0p5\sadg_rho0p05\shot4\Seed0
Seg-SADG,Seg-SADG,Seg-SADG,LF-Fixed-Cosine,fixed,cosine,0.08,0.5,0.05,0.05,0.5,0.5,style_rho0p5,sadg_rho0p05,9,9,19,19,new_training,4,0,158,0.044155207152167954,0.044014533050358295,0.002813486964441836,0.0,0.0,0.0,0.03738500860830148,0.10239243321120739,0.05000000000000001,12,179|180|23|126,46,all_filtered,9,True,D:\Running_Place\PostGraduateProjects\Experiments\PostGraduate\backbones\DisperssionWithSADG_LowFreqCanonicalization\Seg-SADG\LF-Fixed-Cosine\alpha0p08\style_rho0p5\sadg_rho0p05\shot4\Seed0,D:\Running_Place\PostGraduateProjects\Experiments\PostGraduate\backbones\Prompts\Seg-SADG\LF-Fixed-Cosine\alpha0p08\style_rho0p5\sadg_rho0p05\shot4\Seed0
Seg-SADG,Seg-SADG,Seg-SADG,LF-Fixed-Cosine,fixed,cosine,0.08,0.5,0.05,0.05,0.5,0.5,style_rho0p5,sadg_rho0p05,9,9,19,19,new_training,4,0,159,0.04434685967862606,0.04420466907322407,0.0028438164348093173,0.0,0.0,0.0,0.037029567485054336,0.10746724158525467,0.05000000000000001,12,179|180|23|126,46,all_filtered,9,True,D:\Running_Place\PostGraduateProjects\Experiments\PostGraduate\backbones\DisperssionWithSADG_LowFreqCanonicalization\Seg-SADG\LF-Fixed-Cosine\alpha0p08\style_rho0p5\sadg_rho0p05\shot4\Seed0,D:\Running_Place\PostGraduateProjects\Experiments\PostGraduate\backbones\Prompts\Seg-SADG\LF-Fixed-Cosine\alpha0p08\style_rho0p5\sadg_rho0p05\shot4\Seed0
Seg-SADG,Seg-SADG,Seg-SADG,LF-Fixed-Cosine,fixed,cosine,0.08,0.5,0.05,0.05,0.5,0.5,style_rho0p5,sadg_rho0p05,9,9,19,19,new_training,4,0,160,0.043808929001291595,0.04366738939036926,0.0028307945855582752,0.0,0.0,0.0,0.036731408443301916,0.10560002488394578,0.05000000000000001,12,179|180|23|126,46,all_filtered,9,True,D:\Running_Place\PostGraduateProjects\Experiments\PostGraduate\backbones\DisperssionWithSADG_LowFreqCanonicalization\Seg-SADG\LF-Fixed-Cosine\alpha0p08\style_rho0p5\sadg_rho0p05\shot4\Seed0,D:\Running_Place\PostGraduateProjects\Experiments\PostGraduate\backbones\Prompts\Seg-SADG\LF-Fixed-Cosine\alpha0p08\style_rho0p5\sadg_rho0p05\shot4\Seed0
Seg-SADG,Seg-SADG,Seg-SADG,LF-Fixed-Cosine,fixed,cosine,0.08,0.5,0.05,0.05,0.5,0.5,style_rho0p5,sadg_rho0p05,9,9,19,19,new_training,4,0,161,0.045416840041677155,0.0452603834370772,0.003129134507616982,0.0,0.0,0.0,0.03743038512766361,0.12276771664619446,0.05000000000000001,12,179|180|23|126,46,all_filtered,9,True,D:\Running_Place\PostGraduateProjects\Experiments\PostGraduate\backbones\DisperssionWithSADG_LowFreqCanonicalization\Seg-SADG\LF-Fixed-Cosine\alpha0p08\style_rho0p5\sadg_rho0p05\shot4\Seed0,D:\Running_Place\PostGraduateProjects\Experiments\PostGraduate\backbones\Prompts\Seg-SADG\LF-Fixed-Cosine\alpha0p08\style_rho0p5\sadg_rho0p05\shot4\Seed0
Seg-SADG,Seg-SADG,Seg-SADG,LF-Fixed-Cosine,fixed,cosine,0.08,0.5,0.05,0.05,0.5,0.5,style_rho0p5,sadg_rho0p05,9,9,19,19,new_training,4,0,162,0.04576487187296152,0.045618255933125816,0.0029323208436835557,0.0,0.0,0.0,0.03752196688825885,0.12577048316597939,0.05000000000000001,12,179|180|23|126,46,all_filtered,9,True,D:\Running_Place\PostGraduateProjects\Experiments\PostGraduate\backbones\DisperssionWithSADG_LowFreqCanonicalization\Seg-SADG\LF-Fixed-Cosine\alpha0p08\style_rho0p5\sadg_rho0p05\shot4\Seed0,D:\Running_Place\PostGraduateProjects\Experiments\PostGraduate\backbones\Prompts\Seg-SADG\LF-Fixed-Cosine\alpha0p08\style_rho0p5\sadg_rho0p05\shot4\Seed0
Seg-SADG,Seg-SADG,Seg-SADG,LF-Fixed-Cosine,fixed,cosine,0.08,0.5,0.05,0.05,0.5,0.5,style_rho0p5,sadg_rho0p05,9,9,19,19,new_training,4,0,163,0.04456400933365027,0.044421496180196605,0.0028502669107789793,0.0,0.0,0.0,0.037259397096931934,0.1120050394286712,0.05000000000000001,12,179|180|23|126,46,all_filtered,9,True,D:\Running_Place\PostGraduateProjects\Experiments\PostGraduate\backbones\DisperssionWithSADG_LowFreqCanonicalization\Seg-SADG\LF-Fixed-Cosine\alpha0p08\style_rho0p5\sadg_rho0p05\shot4\Seed0,D:\Running_Place\PostGraduateProjects\Experiments\PostGraduate\backbones\Prompts\Seg-SADG\LF-Fixed-Cosine\alpha0p08\style_rho0p5\sadg_rho0p05\shot4\Seed0
Seg-SADG,Seg-SADG,Seg-SADG,LF-Fixed-Cosine,fixed,cosine,0.08,0.5,0.05,0.05,0.5,0.5,style_rho0p5,sadg_rho0p05,9,9,19,19,new_training,4,0,164,0.04553801411141952,0.045390550047159195,0.0029492868343368173,0.0,0.0,0.0,0.03680000392099222,0.13100925522545973,0.05000000000000001,12,179|180|23|126,46,all_filtered,9,True,D:\Running_Place\PostGraduateProjects\Experiments\PostGraduate\backbones\DisperssionWithSADG_LowFreqCanonicalization\Seg-SADG\LF-Fixed-Cosine\alpha0p08\style_rho0p5\sadg_rho0p05\shot4\Seed0,D:\Running_Place\PostGraduateProjects\Experiments\PostGraduate\backbones\Prompts\Seg-SADG\LF-Fixed-Cosine\alpha0p08\style_rho0p5\sadg_rho0p05\shot4\Seed0
Seg-SADG,Seg-SADG,Seg-SADG,LF-Fixed-Cosine,fixed,cosine,0.08,0.5,0.05,0.05,0.5,0.5,style_rho0p5,sadg_rho0p05,9,9,19,19,new_training,4,0,165,0.04503930266946554,0.04489112397034963,0.002963570354040712,0.0,0.0,0.0,0.03696352491776148,0.12138286232948303,0.05000000000000001,12,179|180|23|126,46,all_filtered,9,True,D:\Running_Place\PostGraduateProjects\Experiments\PostGraduate\backbones\DisperssionWithSADG_LowFreqCanonicalization\Seg-SADG\LF-Fixed-Cosine\alpha0p08\style_rho0p5\sadg_rho0p05\shot4\Seed0,D:\Running_Place\PostGraduateProjects\Experiments\PostGraduate\backbones\Prompts\Seg-SADG\LF-Fixed-Cosine\alpha0p08\style_rho0p5\sadg_rho0p05\shot4\Seed0
Seg-SADG,Seg-SADG,Seg-SADG,LF-Fixed-Cosine,fixed,cosine,0.08,0.5,0.05,0.05,0.5,0.5,style_rho0p5,sadg_rho0p05,9,9,19,19,new_training,4,0,166,0.04437387300034364,0.04420530702918768,0.003371318666419635,0.0,0.0,0.0,0.03654385916888714,0.11742792961498101,0.05000000000000001,12,179|180|23|126,46,all_filtered,9,True,D:\Running_Place\PostGraduateProjects\Experiments\PostGraduate\backbones\DisperssionWithSADG_LowFreqCanonicalization\Seg-SADG\LF-Fixed-Cosine\alpha0p08\style_rho0p5\sadg_rho0p05\shot4\Seed0,D:\Running_Place\PostGraduateProjects\Experiments\PostGraduate\backbones\Prompts\Seg-SADG\LF-Fixed-Cosine\alpha0p08\style_rho0p5\sadg_rho0p05\shot4\Seed0
Seg-SADG,Seg-SADG,Seg-SADG,LF-Fixed-Cosine,fixed,cosine,0.08,0.5,0.05,0.05,0.5,0.5,style_rho0p5,sadg_rho0p05,9,9,19,19,new_training,4,0,167,0.043811212914685406,0.043675112538039684,0.002722003865831842,0.0,0.0,0.0,0.035871854362388454,0.12159985179702441,0.05000000000000001,12,179|180|23|126,46,all_filtered,9,True,D:\Running_Place\PostGraduateProjects\Experiments\PostGraduate\backbones\DisperssionWithSADG_LowFreqCanonicalization\Seg-SADG\LF-Fixed-Cosine\alpha0p08\style_rho0p5\sadg_rho0p05\shot4\Seed0,D:\Running_Place\PostGraduateProjects\Experiments\PostGraduate\backbones\Prompts\Seg-SADG\LF-Fixed-Cosine\alpha0p08\style_rho0p5\sadg_rho0p05\shot4\Seed0
Seg-SADG,Seg-SADG,Seg-SADG,LF-Fixed-Cosine,fixed,cosine,0.08,0.5,0.05,0.05,0.5,0.5,style_rho0p5,sadg_rho0p05,9,9,19,19,new_training,4,0,168,0.041583141001562275,0.04144768603146076,0.0027091115480288863,0.0,0.0,0.0,0.034534132263312735,0.11050020530819893,0.05000000000000001,12,179|180|23|126,46,all_filtered,9,True,D:\Running_Place\PostGraduateProjects\Experiments\PostGraduate\backbones\DisperssionWithSADG_LowFreqCanonicalization\Seg-SADG\LF-Fixed-Cosine\alpha0p08\style_rho0p5\sadg_rho0p05\shot4\Seed0,D:\Running_Place\PostGraduateProjects\Experiments\PostGraduate\backbones\Prompts\Seg-SADG\LF-Fixed-Cosine\alpha0p08\style_rho0p5\sadg_rho0p05\shot4\Seed0
Seg-SADG,Seg-SADG,Seg-SADG,LF-Fixed-Cosine,fixed,cosine,0.08,0.5,0.05,0.05,0.5,0.5,style_rho0p5,sadg_rho0p05,9,9,19,19,new_training,4,0,169,0.04119979962706566,0.04106774895141522,0.002641008662370344,0.0,0.0,0.0,0.03409715803960959,0.10750025697052479,0.05000000000000001,12,179|180|23|126,46,all_filtered,9,True,D:\Running_Place\PostGraduateProjects\Experiments\PostGraduate\backbones\DisperssionWithSADG_LowFreqCanonicalization\Seg-SADG\LF-Fixed-Cosine\alpha0p08\style_rho0p5\sadg_rho0p05\shot4\Seed0,D:\Running_Place\PostGraduateProjects\Experiments\PostGraduate\backbones\Prompts\Seg-SADG\LF-Fixed-Cosine\alpha0p08\style_rho0p5\sadg_rho0p05\shot4\Seed0
Seg-SADG,Seg-SADG,Seg-SADG,LF-Fixed-Cosine,fixed,cosine,0.08,0.5,0.05,0.05,0.5,0.5,style_rho0p5,sadg_rho0p05,9,9,19,19,new_training,4,0,170,0.04323125599573056,0.04308681096881628,0.002888902594956259,0.0,0.0,0.0,0.03493356782322129,0.12601673478881517,0.05000000000000001,12,179|180|23|126,46,all_filtered,9,True,D:\Running_Place\PostGraduateProjects\Experiments\PostGraduate\backbones\DisperssionWithSADG_LowFreqCanonicalization\Seg-SADG\LF-Fixed-Cosine\alpha0p08\style_rho0p5\sadg_rho0p05\shot4\Seed0,D:\Running_Place\PostGraduateProjects\Experiments\PostGraduate\backbones\Prompts\Seg-SADG\LF-Fixed-Cosine\alpha0p08\style_rho0p5\sadg_rho0p05\shot4\Seed0
Seg-SADG,Seg-SADG,Seg-SADG,LF-Fixed-Cosine,fixed,cosine,0.08,0.5,0.05,0.05,0.5,0.5,style_rho0p5,sadg_rho0p05,9,9,19,19,new_training,4,0,171,0.043585999558369316,0.04343547734121481,0.003010440840929126,0.0,0.0,0.0,0.035088429072250925,0.12722859717905521,0.05000000000000001,12,179|180|23|126,46,all_filtered,9,True,D:\Running_Place\PostGraduateProjects\Experiments\PostGraduate\backbones\DisperssionWithSADG_LowFreqCanonicalization\Seg-SADG\LF-Fixed-Cosine\alpha0p08\style_rho0p5\sadg_rho0p05\shot4\Seed0,D:\Running_Place\PostGraduateProjects\Experiments\PostGraduate\backbones\Prompts\Seg-SADG\LF-Fixed-Cosine\alpha0p08\style_rho0p5\sadg_rho0p05\shot4\Seed0
Seg-SADG,Seg-SADG,Seg-SADG,LF-Fixed-Cosine,fixed,cosine,0.08,0.5,0.05,0.05,0.5,0.5,style_rho0p5,sadg_rho0p05,9,9,19,19,new_training,4,0,172,0.042842074297368526,0.04269918085386356,0.0028578696267989776,0.0,0.0,0.0,0.03493162430822849,0.1215370949357748,0.05000000000000001,12,179|180|23|126,46,all_filtered,9,True,D:\Running_Place\PostGraduateProjects\Experiments\PostGraduate\backbones\DisperssionWithSADG_LowFreqCanonicalization\Seg-SADG\LF-Fixed-Cosine\alpha0p08\style_rho0p5\sadg_rho0p05\shot4\Seed0,D:\Running_Place\PostGraduateProjects\Experiments\PostGraduate\backbones\Prompts\Seg-SADG\LF-Fixed-Cosine\alpha0p08\style_rho0p5\sadg_rho0p05\shot4\Seed0
Seg-SADG,Seg-SADG,Seg-SADG,LF-Fixed-Cosine,fixed,cosine,0.08,0.5,0.05,0.05,0.5,0.5,style_rho0p5,sadg_rho0p05,9,9,19,19,new_training,4,0,173,0.040484752506017685,0.040354969911277294,0.002595657230510066,0.0,0.0,0.0,0.03368783618013064,0.10567835283776124,0.05000000000000001,12,179|180|23|126,46,all_filtered,9,True,D:\Running_Place\PostGraduateProjects\Experiments\PostGraduate\backbones\DisperssionWithSADG_LowFreqCanonicalization\Seg-SADG\LF-Fixed-Cosine\alpha0p08\style_rho0p5\sadg_rho0p05\shot4\Seed0,D:\Running_Place\PostGraduateProjects\Experiments\PostGraduate\backbones\Prompts\Seg-SADG\LF-Fixed-Cosine\alpha0p08\style_rho0p5\sadg_rho0p05\shot4\Seed0
Seg-SADG,Seg-SADG,Seg-SADG,LF-Fixed-Cosine,fixed,cosine,0.08,0.5,0.05,0.05,0.5,0.5,style_rho0p5,sadg_rho0p05,9,9,19,19,new_training,4,0,174,0.04135367181152105,0.041207682341337204,0.0029197954184686146,0.0,0.0,0.0,0.033807063630471625,0.1171281977246205,0.05000000000000001,12,179|180|23|126,46,all_filtered,9,True,D:\Running_Place\PostGraduateProjects\Experiments\PostGraduate\backbones\DisperssionWithSADG_LowFreqCanonicalization\Seg-SADG\LF-Fixed-Cosine\alpha0p08\style_rho0p5\sadg_rho0p05\shot4\Seed0,D:\Running_Place\PostGraduateProjects\Experiments\PostGraduate\backbones\Prompts\Seg-SADG\LF-Fixed-Cosine\alpha0p08\style_rho0p5\sadg_rho0p05\shot4\Seed0
Seg-SADG,Seg-SADG,Seg-SADG,LF-Fixed-Cosine,fixed,cosine,0.08,0.5,0.05,0.05,0.5,0.5,style_rho0p5,sadg_rho0p05,9,9,19,19,new_training,4,0,175,0.04099248784283797,0.04086254288752874,0.0025988991643923023,0.0,0.0,0.0,0.0335640674456954,0.11205137272675832,0.05000000000000001,12,179|180|23|126,46,all_filtered,9,True,D:\Running_Place\PostGraduateProjects\Experiments\PostGraduate\backbones\DisperssionWithSADG_LowFreqCanonicalization\Seg-SADG\LF-Fixed-Cosine\alpha0p08\style_rho0p5\sadg_rho0p05\shot4\Seed0,D:\Running_Place\PostGraduateProjects\Experiments\PostGraduate\backbones\Prompts\Seg-SADG\LF-Fixed-Cosine\alpha0p08\style_rho0p5\sadg_rho0p05\shot4\Seed0
Seg-SADG,Seg-SADG,Seg-SADG,LF-Fixed-Cosine,fixed,cosine,0.08,0.5,0.05,0.05,0.5,0.5,style_rho0p5,sadg_rho0p05,9,9,19,19,new_training,4,0,176,0.04063866722087065,0.04049851621190707,0.0028030158719047904,0.0,0.0,0.0,0.033551417446384825,0.10955625896652539,0.05000000000000001,12,179|180|23|126,46,all_filtered,9,True,D:\Running_Place\PostGraduateProjects\Experiments\PostGraduate\backbones\DisperssionWithSADG_LowFreqCanonicalization\Seg-SADG\LF-Fixed-Cosine\alpha0p08\style_rho0p5\sadg_rho0p05\shot4\Seed0,D:\Running_Place\PostGraduateProjects\Experiments\PostGraduate\backbones\Prompts\Seg-SADG\LF-Fixed-Cosine\alpha0p08\style_rho0p5\sadg_rho0p05\shot4\Seed0
Seg-SADG,Seg-SADG,Seg-SADG,LF-Fixed-Cosine,fixed,cosine,0.08,0.5,0.05,0.05,0.5,0.5,style_rho0p5,sadg_rho0p05,9,9,19,19,new_training,4,0,177,0.03960191054890553,0.03947120284040769,0.0026141563430428505,0.0,0.0,0.0,0.032846592366695404,0.1068610493093729,0.05000000000000001,12,179|180|23|126,46,all_filtered,9,True,D:\Running_Place\PostGraduateProjects\Experiments\PostGraduate\backbones\DisperssionWithSADG_LowFreqCanonicalization\Seg-SADG\LF-Fixed-Cosine\alpha0p08\style_rho0p5\sadg_rho0p05\shot4\Seed0,D:\Running_Place\PostGraduateProjects\Experiments\PostGraduate\backbones\Prompts\Seg-SADG\LF-Fixed-Cosine\alpha0p08\style_rho0p5\sadg_rho0p05\shot4\Seed0
Seg-SADG,Seg-SADG,Seg-SADG,LF-Fixed-Cosine,fixed,cosine,0.08,0.5,0.05,0.05,0.5,0.5,style_rho0p5,sadg_rho0p05,9,9,19,19,new_training,4,0,178,0.03909589412311713,0.03896881795177857,0.0025415265602835766,0.0,0.0,0.0,0.032125484043111406,0.1040540523827076,0.05000000000000001,12,179|180|23|126,46,all_filtered,9,True,D:\Running_Place\PostGraduateProjects\Experiments\PostGraduate\backbones\DisperssionWithSADG_LowFreqCanonicalization\Seg-SADG\LF-Fixed-Cosine\alpha0p08\style_rho0p5\sadg_rho0p05\shot4\Seed0,D:\Running_Place\PostGraduateProjects\Experiments\PostGraduate\backbones\Prompts\Seg-SADG\LF-Fixed-Cosine\alpha0p08\style_rho0p5\sadg_rho0p05\shot4\Seed0
Seg-SADG,Seg-SADG,Seg-SADG,LF-Fixed-Cosine,fixed,cosine,0.08,0.5,0.05,0.05,0.5,0.5,style_rho0p5,sadg_rho0p05,9,9,19,19,new_training,4,0,179,0.0399502906948328,0.03981823908785979,0.0026410334976390004,0.0,0.0,0.0,0.03216289123520255,0.1204252615571022,0.05000000000000001,12,179|180|23|126,46,all_filtered,9,True,D:\Running_Place\PostGraduateProjects\Experiments\PostGraduate\backbones\DisperssionWithSADG_LowFreqCanonicalization\Seg-SADG\LF-Fixed-Cosine\alpha0p08\style_rho0p5\sadg_rho0p05\shot4\Seed0,D:\Running_Place\PostGraduateProjects\Experiments\PostGraduate\backbones\Prompts\Seg-SADG\LF-Fixed-Cosine\alpha0p08\style_rho0p5\sadg_rho0p05\shot4\Seed0
Seg-SADG,Seg-SADG,Seg-SADG,LF-Fixed-Cosine,fixed,cosine,0.08,0.5,0.05,0.05,0.5,0.5,style_rho0p5,sadg_rho0p05,9,9,19,19,new_training,4,0,180,0.041325976451238,0.04118714046974977,0.002776715836565321,0.0,0.0,0.0,0.03294446241731445,0.12558490286270776,0.05000000000000001,12,179|180|23|126,46,all_filtered,9,True,D:\Running_Place\PostGraduateProjects\Experiments\PostGraduate\backbones\DisperssionWithSADG_LowFreqCanonicalization\Seg-SADG\LF-Fixed-Cosine\alpha0p08\style_rho0p5\sadg_rho0p05\shot4\Seed0,D:\Running_Place\PostGraduateProjects\Experiments\PostGraduate\backbones\Prompts\Seg-SADG\LF-Fixed-Cosine\alpha0p08\style_rho0p5\sadg_rho0p05\shot4\Seed0
Seg-SADG,Seg-SADG,Seg-SADG,LF-Fixed-Cosine,fixed,cosine,0.08,0.5,0.05,0.05,0.5,0.5,style_rho0p5,sadg_rho0p05,9,9,19,19,new_training,4,0,181,0.04017407928283016,0.04002750664949417,0.0029314535301333913,0.0,0.0,0.0,0.03243952291086316,0.11452930048108101,0.05000000000000001,12,179|180|23|126,46,all_filtered,9,True,D:\Running_Place\PostGraduateProjects\Experiments\PostGraduate\backbones\DisperssionWithSADG_LowFreqCanonicalization\Seg-SADG\LF-Fixed-Cosine\alpha0p08\style_rho0p5\sadg_rho0p05\shot4\Seed0,D:\Running_Place\PostGraduateProjects\Experiments\PostGraduate\backbones\Prompts\Seg-SADG\LF-Fixed-Cosine\alpha0p08\style_rho0p5\sadg_rho0p05\shot4\Seed0
Seg-SADG,Seg-SADG,Seg-SADG,LF-Fixed-Cosine,fixed,cosine,0.08,0.5,0.05,0.05,0.5,0.5,style_rho0p5,sadg_rho0p05,9,9,19,19,new_training,4,0,182,0.03882367660601934,0.03869987806926171,0.002475968833702306,0.0,0.0,0.0,0.03188811630631486,0.10715315739313762,0.05000000000000001,12,179|180|23|126,46,all_filtered,9,True,D:\Running_Place\PostGraduateProjects\Experiments\PostGraduate\backbones\DisperssionWithSADG_LowFreqCanonicalization\Seg-SADG\LF-Fixed-Cosine\alpha0p08\style_rho0p5\sadg_rho0p05\shot4\Seed0,D:\Running_Place\PostGraduateProjects\Experiments\PostGraduate\backbones\Prompts\Seg-SADG\LF-Fixed-Cosine\alpha0p08\style_rho0p5\sadg_rho0p05\shot4\Seed0
Seg-SADG,Seg-SADG,Seg-SADG,LF-Fixed-Cosine,fixed,cosine,0.08,0.5,0.05,0.05,0.5,0.5,style_rho0p5,sadg_rho0p05,9,9,19,19,new_training,4,0,183,0.039271725341677666,0.03914868086576462,0.00246089423308149,0.0,0.0,0.0,0.031495209162433944,0.11905498368044694,0.05000000000000001,12,179|180|23|126,46,all_filtered,9,True,D:\Running_Place\PostGraduateProjects\Experiments\PostGraduate\backbones\DisperssionWithSADG_LowFreqCanonicalization\Seg-SADG\LF-Fixed-Cosine\alpha0p08\style_rho0p5\sadg_rho0p05\shot4\Seed0,D:\Running_Place\PostGraduateProjects\Experiments\PostGraduate\backbones\Prompts\Seg-SADG\LF-Fixed-Cosine\alpha0p08\style_rho0p5\sadg_rho0p05\shot4\Seed0
Seg-SADG,Seg-SADG,Seg-SADG,LF-Fixed-Cosine,fixed,cosine,0.08,0.5,0.05,0.05,0.5,0.5,style_rho0p5,sadg_rho0p05,9,9,19,19,new_training,4,0,184,0.0381816029548645,0.03804709017276764,0.0026902611910675964,0.0,0.0,0.0,0.03104587582250436,0.1092033851891756,0.05000000000000001,12,179|180|23|126,46,all_filtered,9,True,D:\Running_Place\PostGraduateProjects\Experiments\PostGraduate\backbones\DisperssionWithSADG_LowFreqCanonicalization\Seg-SADG\LF-Fixed-Cosine\alpha0p08\style_rho0p5\sadg_rho0p05\shot4\Seed0,D:\Running_Place\PostGraduateProjects\Experiments\PostGraduate\backbones\Prompts\Seg-SADG\LF-Fixed-Cosine\alpha0p08\style_rho0p5\sadg_rho0p05\shot4\Seed0
Seg-SADG,Seg-SADG,Seg-SADG,LF-Fixed-Cosine,fixed,cosine,0.08,0.5,0.05,0.05,0.5,0.5,style_rho0p5,sadg_rho0p05,9,9,19,19,new_training,4,0,185,0.03733759683867296,0.037217977146307625,0.002392398533023273,0.0,0.0,0.0,0.03043500178804,0.10532522077361743,0.05000000000000001,12,179|180|23|126,46,all_filtered,9,True,D:\Running_Place\PostGraduateProjects\Experiments\PostGraduate\backbones\DisperssionWithSADG_LowFreqCanonicalization\Seg-SADG\LF-Fixed-Cosine\alpha0p08\style_rho0p5\sadg_rho0p05\shot4\Seed0,D:\Running_Place\PostGraduateProjects\Experiments\PostGraduate\backbones\Prompts\Seg-SADG\LF-Fixed-Cosine\alpha0p08\style_rho0p5\sadg_rho0p05\shot4\Seed0
Seg-SADG,Seg-SADG,Seg-SADG,LF-Fixed-Cosine,fixed,cosine,0.08,0.5,0.05,0.05,0.5,0.5,style_rho0p5,sadg_rho0p05,9,9,19,19,new_training,4,0,186,0.03626150110115608,0.03614386667807897,0.0023526834847871214,0.0,0.0,0.0,0.02959167134637634,0.10153250520428021,0.05000000000000001,12,179|180|23|126,46,all_filtered,9,True,D:\Running_Place\PostGraduateProjects\Experiments\PostGraduate\backbones\DisperssionWithSADG_LowFreqCanonicalization\Seg-SADG\LF-Fixed-Cosine\alpha0p08\style_rho0p5\sadg_rho0p05\shot4\Seed0,D:\Running_Place\PostGraduateProjects\Experiments\PostGraduate\backbones\Prompts\Seg-SADG\LF-Fixed-Cosine\alpha0p08\style_rho0p5\sadg_rho0p05\shot4\Seed0
Seg-SADG,Seg-SADG,Seg-SADG,LF-Fixed-Cosine,fixed,cosine,0.08,0.5,0.05,0.05,0.5,0.5,style_rho0p5,sadg_rho0p05,9,9,19,19,new_training,4,0,187,0.03514995751902461,0.0350310013939937,0.002379126575154563,0.0,0.0,0.0,0.02896547255416711,0.09436446179946263,0.05000000000000001,12,179|180|23|126,46,all_filtered,9,True,D:\Running_Place\PostGraduateProjects\Experiments\PostGraduate\backbones\DisperssionWithSADG_LowFreqCanonicalization\Seg-SADG\LF-Fixed-Cosine\alpha0p08\style_rho0p5\sadg_rho0p05\shot4\Seed0,D:\Running_Place\PostGraduateProjects\Experiments\PostGraduate\backbones\Prompts\Seg-SADG\LF-Fixed-Cosine\alpha0p08\style_rho0p5\sadg_rho0p05\shot4\Seed0
Seg-SADG,Seg-SADG,Seg-SADG,LF-Fixed-Cosine,fixed,cosine,0.08,0.5,0.05,0.05,0.5,0.5,style_rho0p5,sadg_rho0p05,9,9,19,19,new_training,4,0,188,0.03459987478951613,0.034487602300941944,0.0022454378680170826,0.0,0.0,0.0,0.028820852283388376,0.09266111999750137,0.05000000000000001,12,179|180|23|126,46,all_filtered,9,True,D:\Running_Place\PostGraduateProjects\Experiments\PostGraduate\backbones\DisperssionWithSADG_LowFreqCanonicalization\Seg-SADG\LF-Fixed-Cosine\alpha0p08\style_rho0p5\sadg_rho0p05\shot4\Seed0,D:\Running_Place\PostGraduateProjects\Experiments\PostGraduate\backbones\Prompts\Seg-SADG\LF-Fixed-Cosine\alpha0p08\style_rho0p5\sadg_rho0p05\shot4\Seed0
Seg-SADG,Seg-SADG,Seg-SADG,LF-Fixed-Cosine,fixed,cosine,0.08,0.5,0.05,0.05,0.5,0.5,style_rho0p5,sadg_rho0p05,9,9,19,19,new_training,4,0,189,0.0353910632741948,0.03527165514727434,0.002388161859319856,0.0,0.0,0.0,0.028530073662598927,0.10296826561292012,0.05000000000000001,12,179|180|23|126,46,all_filtered,9,True,D:\Running_Place\PostGraduateProjects\Experiments\PostGraduate\backbones\DisperssionWithSADG_LowFreqCanonicalization\Seg-SADG\LF-Fixed-Cosine\alpha0p08\style_rho0p5\sadg_rho0p05\shot4\Seed0,D:\Running_Place\PostGraduateProjects\Experiments\PostGraduate\backbones\Prompts\Seg-SADG\LF-Fixed-Cosine\alpha0p08\style_rho0p5\sadg_rho0p05\shot4\Seed0
Seg-SADG,Seg-SADG,Seg-SADG,LF-Fixed-Cosine,fixed,cosine,0.08,0.5,0.05,0.05,0.5,0.5,style_rho0p5,sadg_rho0p05,9,9,19,19,new_training,4,0,190,0.034614106019337974,0.03449727160235246,0.0023366938597367457,0.0,0.0,0.0,0.02823426326115926,0.09697506514688332,0.05000000000000001,12,179|180|23|126,46,all_filtered,9,True,D:\Running_Place\PostGraduateProjects\Experiments\PostGraduate\backbones\DisperssionWithSADG_LowFreqCanonicalization\Seg-SADG\LF-Fixed-Cosine\alpha0p08\style_rho0p5\sadg_rho0p05\shot4\Seed0,D:\Running_Place\PostGraduateProjects\Experiments\PostGraduate\backbones\Prompts\Seg-SADG\LF-Fixed-Cosine\alpha0p08\style_rho0p5\sadg_rho0p05\shot4\Seed0
Seg-SADG,Seg-SADG,Seg-SADG,LF-Fixed-Cosine,fixed,cosine,0.08,0.5,0.05,0.05,0.5,0.5,style_rho0p5,sadg_rho0p05,9,9,19,19,new_training,4,0,191,0.03676169412210584,0.03663795037815968,0.0024748644597517946,0.0,0.0,0.0,0.02910940768197179,0.11747027685244878,0.05000000000000001,12,179|180|23|126,46,all_filtered,9,True,D:\Running_Place\PostGraduateProjects\Experiments\PostGraduate\backbones\DisperssionWithSADG_LowFreqCanonicalization\Seg-SADG\LF-Fixed-Cosine\alpha0p08\style_rho0p5\sadg_rho0p05\shot4\Seed0,D:\Running_Place\PostGraduateProjects\Experiments\PostGraduate\backbones\Prompts\Seg-SADG\LF-Fixed-Cosine\alpha0p08\style_rho0p5\sadg_rho0p05\shot4\Seed0
Seg-SADG,Seg-SADG,Seg-SADG,LF-Fixed-Cosine,fixed,cosine,0.08,0.5,0.05,0.05,0.5,0.5,style_rho0p5,sadg_rho0p05,9,9,19,19,new_training,4,0,192,0.0355015165793399,0.03539093832174937,0.0022115585452411324,0.0,0.0,0.0,0.028638445772230625,0.10733949082593124,0.05000000000000001,12,179|180|23|126,46,all_filtered,9,True,D:\Running_Place\PostGraduateProjects\Experiments\PostGraduate\backbones\DisperssionWithSADG_LowFreqCanonicalization\Seg-SADG\LF-Fixed-Cosine\alpha0p08\style_rho0p5\sadg_rho0p05\shot4\Seed0,D:\Running_Place\PostGraduateProjects\Experiments\PostGraduate\backbones\Prompts\Seg-SADG\LF-Fixed-Cosine\alpha0p08\style_rho0p5\sadg_rho0p05\shot4\Seed0
Seg-SADG,Seg-SADG,Seg-SADG,LF-Fixed-Cosine,fixed,cosine,0.08,0.5,0.05,0.05,0.5,0.5,style_rho0p5,sadg_rho0p05,9,9,19,19,new_training,4,0,193,0.03326133204003175,0.03315433580428362,0.0021399103570729494,0.0,0.0,0.0,0.02737977324674527,0.0928053470949332,0.05000000000000001,12,179|180|23|126,46,all_filtered,9,True,D:\Running_Place\PostGraduateProjects\Experiments\PostGraduate\backbones\DisperssionWithSADG_LowFreqCanonicalization\Seg-SADG\LF-Fixed-Cosine\alpha0p08\style_rho0p5\sadg_rho0p05\shot4\Seed0,D:\Running_Place\PostGraduateProjects\Experiments\PostGraduate\backbones\Prompts\Seg-SADG\LF-Fixed-Cosine\alpha0p08\style_rho0p5\sadg_rho0p05\shot4\Seed0
Seg-SADG,Seg-SADG,Seg-SADG,LF-Fixed-Cosine,fixed,cosine,0.08,0.5,0.05,0.05,0.5,0.5,style_rho0p5,sadg_rho0p05,9,9,19,19,new_training,4,0,194,0.034364559687674046,0.03425273889054855,0.0022364138858392835,0.0,0.0,0.0,0.027761685972412426,0.10244862983624141,0.05000000000000001,12,179|180|23|126,46,all_filtered,9,True,D:\Running_Place\PostGraduateProjects\Experiments\PostGraduate\backbones\DisperssionWithSADG_LowFreqCanonicalization\Seg-SADG\LF-Fixed-Cosine\alpha0p08\style_rho0p5\sadg_rho0p05\shot4\Seed0,D:\Running_Place\PostGraduateProjects\Experiments\PostGraduate\backbones\Prompts\Seg-SADG\LF-Fixed-Cosine\alpha0p08\style_rho0p5\sadg_rho0p05\shot4\Seed0
Seg-SADG,Seg-SADG,Seg-SADG,LF-Fixed-Cosine,fixed,cosine,0.08,0.5,0.05,0.05,0.5,0.5,style_rho0p5,sadg_rho0p05,9,9,19,19,new_training,4,0,195,0.035565849083165325,0.03544729699691137,0.0023710499711645148,0.0,0.0,0.0,0.027797373632589977,0.1148736234754324,0.05000000000000001,12,179|180|23|126,46,all_filtered,9,True,D:\Running_Place\PostGraduateProjects\Experiments\PostGraduate\backbones\DisperssionWithSADG_LowFreqCanonicalization\Seg-SADG\LF-Fixed-Cosine\alpha0p08\style_rho0p5\sadg_rho0p05\shot4\Seed0,D:\Running_Place\PostGraduateProjects\Experiments\PostGraduate\backbones\Prompts\Seg-SADG\LF-Fixed-Cosine\alpha0p08\style_rho0p5\sadg_rho0p05\shot4\Seed0
Seg-SADG,Seg-SADG,Seg-SADG,LF-Fixed-Cosine,fixed,cosine,0.08,0.5,0.05,0.05,0.5,0.5,style_rho0p5,sadg_rho0p05,9,9,19,19,new_training,4,0,196,0.03578075456122557,0.035670251275102295,0.002210052916780114,0.0,0.0,0.0,0.028020518521467846,0.11885267744461696,0.05000000000000001,12,179|180|23|126,46,all_filtered,9,True,D:\Running_Place\PostGraduateProjects\Experiments\PostGraduate\backbones\DisperssionWithSADG_LowFreqCanonicalization\Seg-SADG\LF-Fixed-Cosine\alpha0p08\style_rho0p5\sadg_rho0p05\shot4\Seed0,D:\Running_Place\PostGraduateProjects\Experiments\PostGraduate\backbones\Prompts\Seg-SADG\LF-Fixed-Cosine\alpha0p08\style_rho0p5\sadg_rho0p05\shot4\Seed0
Seg-SADG,Seg-SADG,Seg-SADG,LF-Fixed-Cosine,fixed,cosine,0.08,0.5,0.05,0.05,0.5,0.5,style_rho0p5,sadg_rho0p05,9,9,19,19,new_training,4,0,197,0.0342837191807727,0.034171235437194504,0.0022496798289163658,0.0,0.0,0.0,0.027180170485128958,0.10987595903376739,0.05000000000000001,12,179|180|23|126,46,all_filtered,9,True,D:\Running_Place\PostGraduateProjects\Experiments\PostGraduate\backbones\DisperssionWithSADG_LowFreqCanonicalization\Seg-SADG\LF-Fixed-Cosine\alpha0p08\style_rho0p5\sadg_rho0p05\shot4\Seed0,D:\Running_Place\PostGraduateProjects\Experiments\PostGraduate\backbones\Prompts\Seg-SADG\LF-Fixed-Cosine\alpha0p08\style_rho0p5\sadg_rho0p05\shot4\Seed0
Seg-SADG,Seg-SADG,Seg-SADG,LF-Fixed-Cosine,fixed,cosine,0.08,0.5,0.05,0.05,0.5,0.5,style_rho0p5,sadg_rho0p05,9,9,19,19,new_training,4,0,198,0.032368830405175686,0.03227045604338249,0.001967490573103229,0.0,0.0,0.0,0.02630787156522274,0.09595938213169575,0.05000000000000001,12,179|180|23|126,46,all_filtered,9,True,D:\Running_Place\PostGraduateProjects\Experiments\PostGraduate\backbones\DisperssionWithSADG_LowFreqCanonicalization\Seg-SADG\LF-Fixed-Cosine\alpha0p08\style_rho0p5\sadg_rho0p05\shot4\Seed0,D:\Running_Place\PostGraduateProjects\Experiments\PostGraduate\backbones\Prompts\Seg-SADG\LF-Fixed-Cosine\alpha0p08\style_rho0p5\sadg_rho0p05\shot4\Seed0
Seg-SADG,Seg-SADG,Seg-SADG,LF-Fixed-Cosine,fixed,cosine,0.08,0.5,0.05,0.05,0.5,0.5,style_rho0p5,sadg_rho0p05,9,9,19,19,new_training,4,0,199,0.033515810345609985,0.03340589037785927,0.002198411413701251,0.0,0.0,0.0,0.027031670479724806,0.10289965569972992,0.05000000000000001,12,179|180|23|126,46,all_filtered,9,True,D:\Running_Place\PostGraduateProjects\Experiments\PostGraduate\backbones\DisperssionWithSADG_LowFreqCanonicalization\Seg-SADG\LF-Fixed-Cosine\alpha0p08\style_rho0p5\sadg_rho0p05\shot4\Seed0,D:\Running_Place\PostGraduateProjects\Experiments\PostGraduate\backbones\Prompts\Seg-SADG\LF-Fixed-Cosine\alpha0p08\style_rho0p5\sadg_rho0p05\shot4\Seed0
Seg-SADG,Seg-SADG,Seg-SADG,LF-Fixed-Cosine,fixed,cosine,0.08,0.5,0.05,0.05,0.5,0.5,style_rho0p5,sadg_rho0p05,9,9,19,19,new_training,4,0,200,0.034425143307695784,0.034322979704787336,0.0020432816430305443,0.0,0.0,0.0,0.02745473152026534,0.11420390196144581,0.05000000000000001,12,179|180|23|126,46,all_filtered,9,True,D:\Running_Place\PostGraduateProjects\Experiments\PostGraduate\backbones\DisperssionWithSADG_LowFreqCanonicalization\Seg-SADG\LF-Fixed-Cosine\alpha0p08\style_rho0p5\sadg_rho0p05\shot4\Seed0,D:\Running_Place\PostGraduateProjects\Experiments\PostGraduate\backbones\Prompts\Seg-SADG\LF-Fixed-Cosine\alpha0p08\style_rho0p5\sadg_rho0p05\shot4\Seed0
