experiment,base_method,loss_mode,ablation,sadg_method,bn_method,bn_method_tag,bn_layers,bn_mu_std,bn_logvar_std,bn_adv_radius,lambda_bn_cons,lambda_bn_adv,lambda_bn_sens,lambda_bn_affine,lambda_bn_compact,lambda_disp,dice_weight,rho,rho_tag,checkpoint_source,shot,seed,epoch,train_loss,train_base_loss,train_seg_loss,train_disp_loss,epsilon_loss,sadg_grad_norm,perturb_norm,bn_cons_loss,bn_adv_loss,bn_sens_loss,bn_affine_loss,bn_compact_loss,bn_total_reg_loss,steps,train_case_ids,n_train_slices,slice_policy,num_middle_slices,filter_min_fg,output_dir
PertubatedBNStatistics,Disperssion+Seg-SADG,BN-Sensitivity,BN-Sensitivity,Seg-SADG,BN-Sensitivity,bn_sensitivity,shallow,0.1,0.1,1.0,0.05,0.1,0.001,0.0001,0.001,0.05,0.5,0.05,rho0p05,new_training,3,2,1,1.7772352033191257,1.7772352033191257,1.746866398387485,0.6073761582374573,1.6073752376768324,2.729346831639608,0.05,0.0,0.0,4.651130499016492e-07,0.0,0.0,4.651130699720143e-10,9,23|31|224,36,all_filtered,9,True,D:\Running_Place\PostGraduateProjects\Experiments\PostGraduate\backbones\PertubatedBNStatistics\BN-Sensitivity\shot3\Seed2
PertubatedBNStatistics,Disperssion+Seg-SADG,BN-Sensitivity,BN-Sensitivity,Seg-SADG,BN-Sensitivity,bn_sensitivity,shallow,0.1,0.1,1.0,0.05,0.1,0.001,0.0001,0.001,0.05,0.5,0.05,rho0p05,new_training,3,2,2,1.266566793123881,1.266566793123881,1.243752400080363,0.4562882449891832,1.1670851045184665,1.429352535141839,0.05,0.0,0.0,7.763239414278662e-08,0.0,0.0,7.763239742411246e-11,9,23|31|224,36,all_filtered,9,True,D:\Running_Place\PostGraduateProjects\Experiments\PostGraduate\backbones\PertubatedBNStatistics\BN-Sensitivity\shot3\Seed2
PertubatedBNStatistics,Disperssion+Seg-SADG,BN-Sensitivity,BN-Sensitivity,Seg-SADG,BN-Sensitivity,bn_sensitivity,shallow,0.1,0.1,1.0,0.05,0.1,0.001,0.0001,0.001,0.05,0.5,0.05,rho0p05,new_training,3,2,3,1.1166012154685125,1.1166012154685125,1.0940824747085571,0.4503747589058346,1.0332948764165242,1.1285011106067233,0.05,0.0,0.0,3.879667451498234e-08,0.0,0.0,3.879667651955169e-11,9,23|31|224,36,all_filtered,9,True,D:\Running_Place\PostGraduateProjects\Experiments\PostGraduate\backbones\PertubatedBNStatistics\BN-Sensitivity\shot3\Seed2
PertubatedBNStatistics,Disperssion+Seg-SADG,BN-Sensitivity,BN-Sensitivity,Seg-SADG,BN-Sensitivity,bn_sensitivity,shallow,0.1,0.1,1.0,0.05,0.1,0.001,0.0001,0.001,0.05,0.5,0.05,rho0p05,new_training,3,2,4,1.0382214321030512,1.0382214321030512,1.0155686272515192,0.45305608378516304,0.9497630463706123,1.027254535092248,0.05,0.0,0.0,2.629095180574205e-07,0.0,0.0,2.6290953731208006e-10,9,23|31|224,36,all_filtered,9,True,D:\Running_Place\PostGraduateProjects\Experiments\PostGraduate\backbones\PertubatedBNStatistics\BN-Sensitivity\shot3\Seed2
PertubatedBNStatistics,Disperssion+Seg-SADG,BN-Sensitivity,BN-Sensitivity,Seg-SADG,BN-Sensitivity,bn_sensitivity,shallow,0.1,0.1,1.0,0.05,0.1,0.001,0.0001,0.001,0.05,0.5,0.05,rho0p05,new_training,3,2,5,0.9761309491263496,0.9761309491263496,0.9541550079981486,0.43951891197098625,0.9077550570170084,0.8532630668746101,0.05,0.0,0.0,1.3343576614014788e-08,0.0,0.0,1.3343577207675712e-11,9,23|31|224,36,all_filtered,9,True,D:\Running_Place\PostGraduateProjects\Experiments\PostGraduate\backbones\PertubatedBNStatistics\BN-Sensitivity\shot3\Seed2
PertubatedBNStatistics,Disperssion+Seg-SADG,BN-Sensitivity,BN-Sensitivity,Seg-SADG,BN-Sensitivity,bn_sensitivity,shallow,0.1,0.1,1.0,0.05,0.1,0.001,0.0001,0.001,0.05,0.5,0.05,rho0p05,new_training,3,2,6,0.9212710724936591,0.9212710724936591,0.9033431013425192,0.35855963826179504,0.8598487774531046,0.788578536775377,0.05,0.0,0.0,1.1535585573183324e-08,0.0,0.0,1.1535586143714601e-11,9,23|31|224,36,all_filtered,9,True,D:\Running_Place\PostGraduateProjects\Experiments\PostGraduate\backbones\PertubatedBNStatistics\BN-Sensitivity\shot3\Seed2
PertubatedBNStatistics,Disperssion+Seg-SADG,BN-Sensitivity,BN-Sensitivity,Seg-SADG,BN-Sensitivity,bn_sensitivity,shallow,0.1,0.1,1.0,0.05,0.1,0.001,0.0001,0.001,0.05,0.5,0.05,rho0p05,new_training,3,2,7,0.8687001665433248,0.8687001665433248,0.8573542104827033,0.2269190533293618,0.8155964414278666,0.7567249735196432,0.05,0.0,0.0,2.116336552917788e-08,0.0,0.0,2.1163366921197097e-11,9,23|31|224,36,all_filtered,9,True,D:\Running_Place\PostGraduateProjects\Experiments\PostGraduate\backbones\PertubatedBNStatistics\BN-Sensitivity\shot3\Seed2
PertubatedBNStatistics,Disperssion+Seg-SADG,BN-Sensitivity,BN-Sensitivity,Seg-SADG,BN-Sensitivity,bn_sensitivity,shallow,0.1,0.1,1.0,0.05,0.1,0.001,0.0001,0.001,0.05,0.5,0.05,rho0p05,new_training,3,2,8,0.8316269914309183,0.8316269914309183,0.8230154381857978,0.17223119735717773,0.7796130975087484,0.7442093955145942,0.05,0.0,0.0,2.8760026429510947e-07,0.0,0.0,2.8760027528863036e-10,9,23|31|224,36,all_filtered,9,True,D:\Running_Place\PostGraduateProjects\Experiments\PostGraduate\backbones\PertubatedBNStatistics\BN-Sensitivity\shot3\Seed2
PertubatedBNStatistics,Disperssion+Seg-SADG,BN-Sensitivity,BN-Sensitivity,Seg-SADG,BN-Sensitivity,bn_sensitivity,shallow,0.1,0.1,1.0,0.05,0.1,0.001,0.0001,0.001,0.05,0.5,0.05,rho0p05,new_training,3,2,9,0.7869979010687934,0.7869979010687934,0.7796932856241862,0.14609250840213564,0.7400961319605509,0.7292359603775872,0.05,0.0,0.0,3.649919635664547e-08,0.0,0.0,3.649919785775952e-11,9,23|31|224,36,all_filtered,9,True,D:\Running_Place\PostGraduateProjects\Experiments\PostGraduate\backbones\PertubatedBNStatistics\BN-Sensitivity\shot3\Seed2
PertubatedBNStatistics,Disperssion+Seg-SADG,BN-Sensitivity,BN-Sensitivity,Seg-SADG,BN-Sensitivity,bn_sensitivity,shallow,0.1,0.1,1.0,0.05,0.1,0.001,0.0001,0.001,0.05,0.5,0.05,rho0p05,new_training,3,2,10,0.7414162688785129,0.7414162688785129,0.7350881232155694,0.126562693880664,0.6946674916479323,0.7568903234269884,0.05,0.0,0.0,5.944916105072985e-08,0.0,0.0,5.944916357031932e-11,9,23|31|224,36,all_filtered,9,True,D:\Running_Place\PostGraduateProjects\Experiments\PostGraduate\backbones\PertubatedBNStatistics\BN-Sensitivity\shot3\Seed2
PertubatedBNStatistics,Disperssion+Seg-SADG,BN-Sensitivity,BN-Sensitivity,Seg-SADG,BN-Sensitivity,bn_sensitivity,shallow,0.1,0.1,1.0,0.05,0.1,0.001,0.0001,0.001,0.05,0.5,0.05,rho0p05,new_training,3,2,11,0.6984560953246223,0.6984560953246223,0.6926079988479614,0.1169618782069948,0.6484682493739657,0.8119855655564202,0.05,0.0,0.0,1.0741791101054332e-07,0.0,0.0,1.0741791676828329e-10,9,23|31|224,36,all_filtered,9,True,D:\Running_Place\PostGraduateProjects\Experiments\PostGraduate\backbones\PertubatedBNStatistics\BN-Sensitivity\shot3\Seed2
PertubatedBNStatistics,Disperssion+Seg-SADG,BN-Sensitivity,BN-Sensitivity,Seg-SADG,BN-Sensitivity,bn_sensitivity,shallow,0.1,0.1,1.0,0.05,0.1,0.001,0.0001,0.001,0.05,0.5,0.05,rho0p05,new_training,3,2,12,0.6504338184992472,0.6504338184992472,0.6452049149407281,0.10457796644833353,0.6037922435336642,0.7687542504734464,0.05,0.0,0.0,5.4001189396678406e-08,0.0,0.0,5.4001191057387016e-11,9,23|31|224,36,all_filtered,9,True,D:\Running_Place\PostGraduateProjects\Experiments\PostGraduate\backbones\PertubatedBNStatistics\BN-Sensitivity\shot3\Seed2
PertubatedBNStatistics,Disperssion+Seg-SADG,BN-Sensitivity,BN-Sensitivity,Seg-SADG,BN-Sensitivity,bn_sensitivity,shallow,0.1,0.1,1.0,0.05,0.1,0.001,0.0001,0.001,0.05,0.5,0.05,rho0p05,new_training,3,2,13,0.6213007900449965,0.6213007900449965,0.6178446014722189,0.0691237784922123,0.5746328698264228,0.7681304017702738,0.05,0.0,0.0,2.986438359818698e-07,0.0,0.0,2.9864384942636224e-10,9,23|31|224,36,all_filtered,9,True,D:\Running_Place\PostGraduateProjects\Experiments\PostGraduate\backbones\PertubatedBNStatistics\BN-Sensitivity\shot3\Seed2
PertubatedBNStatistics,Disperssion+Seg-SADG,BN-Sensitivity,BN-Sensitivity,Seg-SADG,BN-Sensitivity,bn_sensitivity,shallow,0.1,0.1,1.0,0.05,0.1,0.001,0.0001,0.001,0.05,0.5,0.05,rho0p05,new_training,3,2,14,0.5867839058240255,0.5867839058240255,0.5840884976916842,0.053908239843116865,0.5447055366304185,0.6945152812533908,0.05,0.0,0.0,9.015628243957963e-08,0.0,0.0,9.015628550425776e-11,9,23|31|224,36,all_filtered,9,True,D:\Running_Place\PostGraduateProjects\Experiments\PostGraduate\backbones\PertubatedBNStatistics\BN-Sensitivity\shot3\Seed2
PertubatedBNStatistics,Disperssion+Seg-SADG,BN-Sensitivity,BN-Sensitivity,Seg-SADG,BN-Sensitivity,bn_sensitivity,shallow,0.1,0.1,1.0,0.05,0.1,0.001,0.0001,0.001,0.05,0.5,0.05,rho0p05,new_training,3,2,15,0.5646422372923957,0.5646422372923957,0.5626049174202813,0.04074646739496125,0.5261354049046835,0.7036573423279656,0.05,0.0,0.0,3.87771670576045e-08,0.0,0.0,3.8777168493955544e-11,9,23|31|224,36,all_filtered,9,True,D:\Running_Place\PostGraduateProjects\Experiments\PostGraduate\backbones\PertubatedBNStatistics\BN-Sensitivity\shot3\Seed2
PertubatedBNStatistics,Disperssion+Seg-SADG,BN-Sensitivity,BN-Sensitivity,Seg-SADG,BN-Sensitivity,bn_sensitivity,shallow,0.1,0.1,1.0,0.05,0.1,0.001,0.0001,0.001,0.05,0.5,0.05,rho0p05,new_training,3,2,16,0.5307106177012125,0.5307106177012125,0.5288900865448846,0.036410626851850085,0.49233322673373753,0.6684744821654426,0.05,0.0,0.0,6.815504239988792e-08,0.0,0.0,6.815504622861537e-11,9,23|31|224,36,all_filtered,9,True,D:\Running_Place\PostGraduateProjects\Experiments\PostGraduate\backbones\PertubatedBNStatistics\BN-Sensitivity\shot3\Seed2
PertubatedBNStatistics,Disperssion+Seg-SADG,BN-Sensitivity,BN-Sensitivity,Seg-SADG,BN-Sensitivity,bn_sensitivity,shallow,0.1,0.1,1.0,0.05,0.1,0.001,0.0001,0.001,0.05,0.5,0.05,rho0p05,new_training,3,2,17,0.49153774976730347,0.49153774976730347,0.4901654190487332,0.027446523929635685,0.4544564452436235,0.6590699354807535,0.05,0.0,0.0,3.6104027323347054e-08,0.0,0.0,3.610402953646871e-11,9,23|31|224,36,all_filtered,9,True,D:\Running_Place\PostGraduateProjects\Experiments\PostGraduate\backbones\PertubatedBNStatistics\BN-Sensitivity\shot3\Seed2
PertubatedBNStatistics,Disperssion+Seg-SADG,BN-Sensitivity,BN-Sensitivity,Seg-SADG,BN-Sensitivity,bn_sensitivity,shallow,0.1,0.1,1.0,0.05,0.1,0.001,0.0001,0.001,0.05,0.5,0.05,rho0p05,new_training,3,2,18,0.4648711250887977,0.4648711250887977,0.463736312256919,0.022696137842204835,0.42725683252016705,0.6575677792231241,0.05,0.0,0.0,5.804221942579741e-08,0.0,0.0,5.80422221666605e-11,9,23|31|224,36,all_filtered,9,True,D:\Running_Place\PostGraduateProjects\Experiments\PostGraduate\backbones\PertubatedBNStatistics\BN-Sensitivity\shot3\Seed2
PertubatedBNStatistics,Disperssion+Seg-SADG,BN-Sensitivity,BN-Sensitivity,Seg-SADG,BN-Sensitivity,bn_sensitivity,shallow,0.1,0.1,1.0,0.05,0.1,0.001,0.0001,0.001,0.05,0.5,0.05,rho0p05,new_training,3,2,19,0.43978163931104874,0.43978163931104874,0.438706679476632,0.0214993247969283,0.4047379063235389,0.6363448235723708,0.05,0.0,0.0,3.400332371228387e-08,0.0,0.0,3.4003324943552044e-11,9,23|31|224,36,all_filtered,9,True,D:\Running_Place\PostGraduateProjects\Experiments\PostGraduate\backbones\PertubatedBNStatistics\BN-Sensitivity\shot3\Seed2
PertubatedBNStatistics,Disperssion+Seg-SADG,BN-Sensitivity,BN-Sensitivity,Seg-SADG,BN-Sensitivity,bn_sensitivity,shallow,0.1,0.1,1.0,0.05,0.1,0.001,0.0001,0.001,0.05,0.5,0.05,rho0p05,new_training,3,2,20,0.42369725306828815,0.42369725306828815,0.42274345954259235,0.01907595495382945,0.38807379537158543,0.6456719504462348,0.05,0.0,0.0,4.974289543232165e-08,0.0,0.0,4.974289710845002e-11,9,23|31|224,36,all_filtered,9,True,D:\Running_Place\PostGraduateProjects\Experiments\PostGraduate\backbones\PertubatedBNStatistics\BN-Sensitivity\shot3\Seed2
PertubatedBNStatistics,Disperssion+Seg-SADG,BN-Sensitivity,BN-Sensitivity,Seg-SADG,BN-Sensitivity,bn_sensitivity,shallow,0.1,0.1,1.0,0.05,0.1,0.001,0.0001,0.001,0.05,0.5,0.05,rho0p05,new_training,3,2,21,0.403984139362971,0.403984139362971,0.40298425157864887,0.019997789783196315,0.3705962167845832,0.6005051334698995,0.05,0.0,0.0,3.9404631557715675e-08,0.0,0.0,3.940463349135411e-11,9,23|31|224,36,all_filtered,9,True,D:\Running_Place\PostGraduateProjects\Experiments\PostGraduate\backbones\PertubatedBNStatistics\BN-Sensitivity\shot3\Seed2
PertubatedBNStatistics,Disperssion+Seg-SADG,BN-Sensitivity,BN-Sensitivity,Seg-SADG,BN-Sensitivity,bn_sensitivity,shallow,0.1,0.1,1.0,0.05,0.1,0.001,0.0001,0.001,0.05,0.5,0.05,rho0p05,new_training,3,2,22,0.3940337167845832,0.3940337167845832,0.39311355352401733,0.018403072117103472,0.35212134652667576,0.6022365556822883,0.05,0.0,0.0,1.389422639164195e-07,0.0,0.0,1.3894227136493661e-10,9,23|31|224,36,all_filtered,9,True,D:\Running_Place\PostGraduateProjects\Experiments\PostGraduate\backbones\PertubatedBNStatistics\BN-Sensitivity\shot3\Seed2
PertubatedBNStatistics,Disperssion+Seg-SADG,BN-Sensitivity,BN-Sensitivity,Seg-SADG,BN-Sensitivity,bn_sensitivity,shallow,0.1,0.1,1.0,0.05,0.1,0.001,0.0001,0.001,0.05,0.5,0.05,rho0p05,new_training,3,2,23,0.3776333000924852,0.3776333000924852,0.37683611777093673,0.01594372435162465,0.3465202616320716,0.5662680665651957,0.05,0.0,0.0,4.317180321875311e-08,0.0,0.0,4.317180534745156e-11,9,23|31|224,36,all_filtered,9,True,D:\Running_Place\PostGraduateProjects\Experiments\PostGraduate\backbones\PertubatedBNStatistics\BN-Sensitivity\shot3\Seed2
PertubatedBNStatistics,Disperssion+Seg-SADG,BN-Sensitivity,BN-Sensitivity,Seg-SADG,BN-Sensitivity,bn_sensitivity,shallow,0.1,0.1,1.0,0.05,0.1,0.001,0.0001,0.001,0.05,0.5,0.05,rho0p05,new_training,3,2,24,0.37158340215682983,0.37158340215682983,0.37037236160702175,0.024220901024010446,0.33816615409321255,0.5972551802794138,0.05,0.0,0.0,4.342798436912037e-08,0.0,0.0,4.342798593731039e-11,9,23|31|224,36,all_filtered,9,True,D:\Running_Place\PostGraduateProjects\Experiments\PostGraduate\backbones\PertubatedBNStatistics\BN-Sensitivity\shot3\Seed2
PertubatedBNStatistics,Disperssion+Seg-SADG,BN-Sensitivity,BN-Sensitivity,Seg-SADG,BN-Sensitivity,bn_sensitivity,shallow,0.1,0.1,1.0,0.05,0.1,0.001,0.0001,0.001,0.05,0.5,0.05,rho0p05,new_training,3,2,25,0.3429936303032769,0.3429936303032769,0.3423101041052077,0.01367058584259616,0.3124428225888146,0.5332693954308828,0.05,0.0,0.0,4.565520001559915e-08,0.0,0.0,4.56552022749801e-11,9,23|31|224,36,all_filtered,9,True,D:\Running_Place\PostGraduateProjects\Experiments\PostGraduate\backbones\PertubatedBNStatistics\BN-Sensitivity\shot3\Seed2
PertubatedBNStatistics,Disperssion+Seg-SADG,BN-Sensitivity,BN-Sensitivity,Seg-SADG,BN-Sensitivity,bn_sensitivity,shallow,0.1,0.1,1.0,0.05,0.1,0.001,0.0001,0.001,0.05,0.5,0.05,rho0p05,new_training,3,2,26,0.336511406633589,0.336511406633589,0.3355518612596724,0.019190942040748067,0.3036362263891432,0.5672290987438626,0.05,0.0,0.0,6.602939271892359e-08,0.0,0.0,6.602939539656566e-11,9,23|31|224,36,all_filtered,9,True,D:\Running_Place\PostGraduateProjects\Experiments\PostGraduate\backbones\PertubatedBNStatistics\BN-Sensitivity\shot3\Seed2
PertubatedBNStatistics,Disperssion+Seg-SADG,BN-Sensitivity,BN-Sensitivity,Seg-SADG,BN-Sensitivity,bn_sensitivity,shallow,0.1,0.1,1.0,0.05,0.1,0.001,0.0001,0.001,0.05,0.5,0.05,rho0p05,new_training,3,2,27,0.31880777411990696,0.31880777411990696,0.3178628981113434,0.01889749326639705,0.2887578540378147,0.5128511455323961,0.05,0.0,0.0,4.803225106542186e-08,0.0,0.0,4.803225332904325e-11,9,23|31|224,36,all_filtered,9,True,D:\Running_Place\PostGraduateProjects\Experiments\PostGraduate\backbones\PertubatedBNStatistics\BN-Sensitivity\shot3\Seed2
PertubatedBNStatistics,Disperssion+Seg-SADG,BN-Sensitivity,BN-Sensitivity,Seg-SADG,BN-Sensitivity,bn_sensitivity,shallow,0.1,0.1,1.0,0.05,0.1,0.001,0.0001,0.001,0.05,0.5,0.05,rho0p05,new_training,3,2,28,0.3122701115078396,0.3122701115078396,0.31136829654375714,0.01803630745659272,0.2805643048551347,0.5347520245446099,0.05,0.0,0.0,8.313602744496822e-08,0.0,0.0,8.313603345482133e-11,9,23|31|224,36,all_filtered,9,True,D:\Running_Place\PostGraduateProjects\Experiments\PostGraduate\backbones\PertubatedBNStatistics\BN-Sensitivity\shot3\Seed2
PertubatedBNStatistics,Disperssion+Seg-SADG,BN-Sensitivity,BN-Sensitivity,Seg-SADG,BN-Sensitivity,bn_sensitivity,shallow,0.1,0.1,1.0,0.05,0.1,0.001,0.0001,0.001,0.05,0.5,0.05,rho0p05,new_training,3,2,29,0.29128944542672897,0.29128944542672897,0.2905883292357127,0.014022378199216392,0.26602679159906173,0.4466075433625115,0.05,0.0,0.0,2.1771946714624036e-08,0.0,0.0,2.177194795977e-11,9,23|31|224,36,all_filtered,9,True,D:\Running_Place\PostGraduateProjects\Experiments\PostGraduate\backbones\PertubatedBNStatistics\BN-Sensitivity\shot3\Seed2
PertubatedBNStatistics,Disperssion+Seg-SADG,BN-Sensitivity,BN-Sensitivity,Seg-SADG,BN-Sensitivity,bn_sensitivity,shallow,0.1,0.1,1.0,0.05,0.1,0.001,0.0001,0.001,0.05,0.5,0.05,rho0p05,new_training,3,2,30,0.27666552861531574,0.27666552861531574,0.2760867112212711,0.011576324080427488,0.25176597469382817,0.4310489528708988,0.05,0.0,0.0,2.6086730997576524e-08,0.0,0.0,2.6086731974033092e-11,9,23|31|224,36,all_filtered,9,True,D:\Running_Place\PostGraduateProjects\Experiments\PostGraduate\backbones\PertubatedBNStatistics\BN-Sensitivity\shot3\Seed2
PertubatedBNStatistics,Disperssion+Seg-SADG,BN-Sensitivity,BN-Sensitivity,Seg-SADG,BN-Sensitivity,bn_sensitivity,shallow,0.1,0.1,1.0,0.05,0.1,0.001,0.0001,0.001,0.05,0.5,0.05,rho0p05,new_training,3,2,31,0.2664519084824456,0.2664519084824456,0.26581960585382247,0.012646014181276163,0.24054279757870567,0.4297909869088067,0.05,0.0,0.0,9.12017057430603e-08,0.0,0.0,9.120170870442602e-11,9,23|31|224,36,all_filtered,9,True,D:\Running_Place\PostGraduateProjects\Experiments\PostGraduate\backbones\PertubatedBNStatistics\BN-Sensitivity\shot3\Seed2
PertubatedBNStatistics,Disperssion+Seg-SADG,BN-Sensitivity,BN-Sensitivity,Seg-SADG,BN-Sensitivity,bn_sensitivity,shallow,0.1,0.1,1.0,0.05,0.1,0.001,0.0001,0.001,0.05,0.5,0.05,rho0p05,new_training,3,2,32,0.26370784805880654,0.26370784805880654,0.26303936375512016,0.013369716031269895,0.23839180005921257,0.4302563700411055,0.05,0.0,0.0,3.824413575949216e-08,0.0,0.0,3.824413702391283e-11,9,23|31|224,36,all_filtered,9,True,D:\Running_Place\PostGraduateProjects\Experiments\PostGraduate\backbones\PertubatedBNStatistics\BN-Sensitivity\shot3\Seed2
PertubatedBNStatistics,Disperssion+Seg-SADG,BN-Sensitivity,BN-Sensitivity,Seg-SADG,BN-Sensitivity,bn_sensitivity,shallow,0.1,0.1,1.0,0.05,0.1,0.001,0.0001,0.001,0.05,0.5,0.05,rho0p05,new_training,3,2,33,0.24679172866874272,0.24679172866874272,0.24609991080231136,0.013836394891970687,0.22406257192293802,0.3872821198569404,0.05,0.0,0.0,2.5872815001548588e-08,0.0,0.0,2.5872815656888568e-11,9,23|31|224,36,all_filtered,9,True,D:\Running_Place\PostGraduateProjects\Experiments\PostGraduate\backbones\PertubatedBNStatistics\BN-Sensitivity\shot3\Seed2
PertubatedBNStatistics,Disperssion+Seg-SADG,BN-Sensitivity,BN-Sensitivity,Seg-SADG,BN-Sensitivity,bn_sensitivity,shallow,0.1,0.1,1.0,0.05,0.1,0.001,0.0001,0.001,0.05,0.5,0.05,rho0p05,new_training,3,2,34,0.25688129001193577,0.25688129001193577,0.2561480336719089,0.014665062073618174,0.22261181473731995,0.45577085349294877,0.05,0.0,0.0,2.8228694187109545e-07,0.0,0.0,2.8228695702332674e-10,9,23|31|224,36,all_filtered,9,True,D:\Running_Place\PostGraduateProjects\Experiments\PostGraduate\backbones\PertubatedBNStatistics\BN-Sensitivity\shot3\Seed2
PertubatedBNStatistics,Disperssion+Seg-SADG,BN-Sensitivity,BN-Sensitivity,Seg-SADG,BN-Sensitivity,bn_sensitivity,shallow,0.1,0.1,1.0,0.05,0.1,0.001,0.0001,0.001,0.05,0.5,0.05,rho0p05,new_training,3,2,35,0.25647937920358443,0.25647937920358443,0.2556638518969218,0.016310606255299516,0.22951655752129024,0.46889794866244,0.05,0.0,0.0,3.97354920325357e-08,0.0,0.0,3.9735494023227264e-11,9,23|31|224,36,all_filtered,9,True,D:\Running_Place\PostGraduateProjects\Experiments\PostGraduate\backbones\PertubatedBNStatistics\BN-Sensitivity\shot3\Seed2
PertubatedBNStatistics,Disperssion+Seg-SADG,BN-Sensitivity,BN-Sensitivity,Seg-SADG,BN-Sensitivity,bn_sensitivity,shallow,0.1,0.1,1.0,0.05,0.1,0.001,0.0001,0.001,0.05,0.5,0.05,rho0p05,new_training,3,2,36,0.23847282429536185,0.23847282429536185,0.23779737287097508,0.013508980369402302,0.21448784901036155,0.3937818606694539,0.05,0.0,0.0,3.940726298365702e-08,0.0,0.0,3.940726497049364e-11,9,23|31|224,36,all_filtered,9,True,D:\Running_Place\PostGraduateProjects\Experiments\PostGraduate\backbones\PertubatedBNStatistics\BN-Sensitivity\shot3\Seed2
PertubatedBNStatistics,Disperssion+Seg-SADG,BN-Sensitivity,BN-Sensitivity,Seg-SADG,BN-Sensitivity,bn_sensitivity,shallow,0.1,0.1,1.0,0.05,0.1,0.001,0.0001,0.001,0.05,0.5,0.05,rho0p05,new_training,3,2,37,0.22645261055893368,0.22645261055893368,0.2257329589790768,0.014393006554908223,0.20360025929080117,0.38261834118101334,0.05,0.0,0.0,2.8244125852931273e-08,0.0,0.0,2.8244127330144683e-11,9,23|31|224,36,all_filtered,9,True,D:\Running_Place\PostGraduateProjects\Experiments\PostGraduate\backbones\PertubatedBNStatistics\BN-Sensitivity\shot3\Seed2
PertubatedBNStatistics,Disperssion+Seg-SADG,BN-Sensitivity,BN-Sensitivity,Seg-SADG,BN-Sensitivity,bn_sensitivity,shallow,0.1,0.1,1.0,0.05,0.1,0.001,0.0001,0.001,0.05,0.5,0.05,rho0p05,new_training,3,2,38,0.22862836056285435,0.22862836056285435,0.2279236614704132,0.014093995870401462,0.20244092411465114,0.43183085984653896,0.05,0.0,0.0,5.004801472018193e-08,0.0,0.0,5.004801742789253e-11,9,23|31|224,36,all_filtered,9,True,D:\Running_Place\PostGraduateProjects\Experiments\PostGraduate\backbones\PertubatedBNStatistics\BN-Sensitivity\shot3\Seed2
PertubatedBNStatistics,Disperssion+Seg-SADG,BN-Sensitivity,BN-Sensitivity,Seg-SADG,BN-Sensitivity,bn_sensitivity,shallow,0.1,0.1,1.0,0.05,0.1,0.001,0.0001,0.001,0.05,0.5,0.05,rho0p05,new_training,3,2,39,0.20938481390476227,0.20938481390476227,0.20881778664059109,0.011340539954188798,0.1883844021293852,0.3447448213895162,0.05,0.0,0.0,2.8199517979980253e-08,0.0,0.0,2.8199519397827572e-11,9,23|31|224,36,all_filtered,9,True,D:\Running_Place\PostGraduateProjects\Experiments\PostGraduate\backbones\PertubatedBNStatistics\BN-Sensitivity\shot3\Seed2
PertubatedBNStatistics,Disperssion+Seg-SADG,BN-Sensitivity,BN-Sensitivity,Seg-SADG,BN-Sensitivity,bn_sensitivity,shallow,0.1,0.1,1.0,0.05,0.1,0.001,0.0001,0.001,0.05,0.5,0.05,rho0p05,new_training,3,2,40,0.20481889777713352,0.20481889777713352,0.20413559675216675,0.013666008392141925,0.18253061009777916,0.36872438258594936,0.05,0.0,0.0,3.3739118165954096e-08,0.0,0.0,3.373911961926687e-11,9,23|31|224,36,all_filtered,9,True,D:\Running_Place\PostGraduateProjects\Experiments\PostGraduate\backbones\PertubatedBNStatistics\BN-Sensitivity\shot3\Seed2
PertubatedBNStatistics,Disperssion+Seg-SADG,BN-Sensitivity,BN-Sensitivity,Seg-SADG,BN-Sensitivity,bn_sensitivity,shallow,0.1,0.1,1.0,0.05,0.1,0.001,0.0001,0.001,0.05,0.5,0.05,rho0p05,new_training,3,2,41,0.1956286844280031,0.1956286844280031,0.19501371019416386,0.012299435316688485,0.17435140079922146,0.34049176176389057,0.05,0.0,0.0,3.0161108277582116e-08,0.0,0.0,3.0161109817245575e-11,9,23|31|224,36,all_filtered,9,True,D:\Running_Place\PostGraduateProjects\Experiments\PostGraduate\backbones\PertubatedBNStatistics\BN-Sensitivity\shot3\Seed2
PertubatedBNStatistics,Disperssion+Seg-SADG,BN-Sensitivity,BN-Sensitivity,Seg-SADG,BN-Sensitivity,bn_sensitivity,shallow,0.1,0.1,1.0,0.05,0.1,0.001,0.0001,0.001,0.05,0.5,0.05,rho0p05,new_training,3,2,42,0.18923459615972307,0.18923459615972307,0.18851619793309105,0.014367944457464747,0.1680617266231113,0.33909838067160714,0.05,0.0,0.0,3.304792459444015e-08,0.0,0.0,3.304792618190487e-11,9,23|31|224,36,all_filtered,9,True,D:\Running_Place\PostGraduateProjects\Experiments\PostGraduate\backbones\PertubatedBNStatistics\BN-Sensitivity\shot3\Seed2
PertubatedBNStatistics,Disperssion+Seg-SADG,BN-Sensitivity,BN-Sensitivity,Seg-SADG,BN-Sensitivity,bn_sensitivity,shallow,0.1,0.1,1.0,0.05,0.1,0.001,0.0001,0.001,0.05,0.5,0.05,rho0p05,new_training,3,2,43,0.19393262929386562,0.19393262929386562,0.19305189119444954,0.01761471438739035,0.16964268187681833,0.39228614171346027,0.05,0.0,0.0,4.1486413514412057e-08,0.0,0.0,4.148641519054043e-11,9,23|31|224,36,all_filtered,9,True,D:\Running_Place\PostGraduateProjects\Experiments\PostGraduate\backbones\PertubatedBNStatistics\BN-Sensitivity\shot3\Seed2
PertubatedBNStatistics,Disperssion+Seg-SADG,BN-Sensitivity,BN-Sensitivity,Seg-SADG,BN-Sensitivity,bn_sensitivity,shallow,0.1,0.1,1.0,0.05,0.1,0.001,0.0001,0.001,0.05,0.5,0.05,rho0p05,new_training,3,2,44,0.18946192993058097,0.18946192993058097,0.18869088424576652,0.015420959124134647,0.16545968916681078,0.38250435060924953,0.05,0.0,0.0,4.204111231981895e-08,0.0,0.0,4.204111441690688e-11,9,23|31|224,36,all_filtered,9,True,D:\Running_Place\PostGraduateProjects\Experiments\PostGraduate\backbones\PertubatedBNStatistics\BN-Sensitivity\shot3\Seed2
PertubatedBNStatistics,Disperssion+Seg-SADG,BN-Sensitivity,BN-Sensitivity,Seg-SADG,BN-Sensitivity,bn_sensitivity,shallow,0.1,0.1,1.0,0.05,0.1,0.001,0.0001,0.001,0.05,0.5,0.05,rho0p05,new_training,3,2,45,0.1829840342203776,0.1829840342203776,0.18209407561355168,0.017799203594525654,0.16149156292279562,0.33061849574248,0.05,0.0,0.0,4.144738695465043e-08,0.0,0.0,4.1447388538260216e-11,9,23|31|224,36,all_filtered,9,True,D:\Running_Place\PostGraduateProjects\Experiments\PostGraduate\backbones\PertubatedBNStatistics\BN-Sensitivity\shot3\Seed2
PertubatedBNStatistics,Disperssion+Seg-SADG,BN-Sensitivity,BN-Sensitivity,Seg-SADG,BN-Sensitivity,bn_sensitivity,shallow,0.1,0.1,1.0,0.05,0.1,0.001,0.0001,0.001,0.05,0.5,0.05,rho0p05,new_training,3,2,46,0.1801965849267112,0.1801965849267112,0.1794313689072927,0.015304309781640768,0.15742929610941145,0.3560571273167928,0.05,0.0,0.0,5.8558971992460506e-08,0.0,0.0,5.855897528072523e-11,9,23|31|224,36,all_filtered,9,True,D:\Running_Place\PostGraduateProjects\Experiments\PostGraduate\backbones\PertubatedBNStatistics\BN-Sensitivity\shot3\Seed2
PertubatedBNStatistics,Disperssion+Seg-SADG,BN-Sensitivity,BN-Sensitivity,Seg-SADG,BN-Sensitivity,bn_sensitivity,shallow,0.1,0.1,1.0,0.05,0.1,0.001,0.0001,0.001,0.05,0.5,0.05,rho0p05,new_training,3,2,47,0.1689042564895418,0.1689042564895418,0.16816594203313193,0.014766269466943212,0.14996581938531664,0.28323010934723747,0.05,0.0,0.0,5.640870190701561e-08,0.0,0.0,5.6408704771236815e-11,9,23|31|224,36,all_filtered,9,True,D:\Running_Place\PostGraduateProjects\Experiments\PostGraduate\backbones\PertubatedBNStatistics\BN-Sensitivity\shot3\Seed2
PertubatedBNStatistics,Disperssion+Seg-SADG,BN-Sensitivity,BN-Sensitivity,Seg-SADG,BN-Sensitivity,bn_sensitivity,shallow,0.1,0.1,1.0,0.05,0.1,0.001,0.0001,0.001,0.05,0.5,0.05,rho0p05,new_training,3,2,48,0.16481816271940866,0.16481816271940866,0.16408609019385445,0.01464145030412409,0.14712262153625488,0.2735165258248647,0.05,0.0,0.0,2.3595608923522427e-08,0.0,0.0,2.3595609937371927e-11,9,23|31|224,36,all_filtered,9,True,D:\Running_Place\PostGraduateProjects\Experiments\PostGraduate\backbones\PertubatedBNStatistics\BN-Sensitivity\shot3\Seed2
PertubatedBNStatistics,Disperssion+Seg-SADG,BN-Sensitivity,BN-Sensitivity,Seg-SADG,BN-Sensitivity,bn_sensitivity,shallow,0.1,0.1,1.0,0.05,0.1,0.001,0.0001,0.001,0.05,0.5,0.05,rho0p05,new_training,3,2,49,0.16069311731391483,0.16069311731391483,0.15989605751302507,0.015941231408052974,0.14281166593233743,0.2718024005492528,0.05,0.0,0.0,2.167090956067202e-08,0.0,0.0,2.1670910388327864e-11,9,23|31|224,36,all_filtered,9,True,D:\Running_Place\PostGraduateProjects\Experiments\PostGraduate\backbones\PertubatedBNStatistics\BN-Sensitivity\shot3\Seed2
PertubatedBNStatistics,Disperssion+Seg-SADG,BN-Sensitivity,BN-Sensitivity,Seg-SADG,BN-Sensitivity,bn_sensitivity,shallow,0.1,0.1,1.0,0.05,0.1,0.001,0.0001,0.001,0.05,0.5,0.05,rho0p05,new_training,3,2,50,0.157100604640113,0.157100604640113,0.15632878243923187,0.015436488617625501,0.13903847336769104,0.27483398218949634,0.05,0.0,0.0,1.994662025674011e-08,0.0,0.0,1.994662132224582e-11,9,23|31|224,36,all_filtered,9,True,D:\Running_Place\PostGraduateProjects\Experiments\PostGraduate\backbones\PertubatedBNStatistics\BN-Sensitivity\shot3\Seed2
PertubatedBNStatistics,Disperssion+Seg-SADG,BN-Sensitivity,BN-Sensitivity,Seg-SADG,BN-Sensitivity,bn_sensitivity,shallow,0.1,0.1,1.0,0.05,0.1,0.001,0.0001,0.001,0.05,0.5,0.05,rho0p05,new_training,3,2,51,0.15389613310496011,0.15389613310496011,0.15322569343778822,0.013408806485434374,0.135806266632345,0.2735435714324315,0.05,0.0,0.0,2.6308094468340137e-08,0.0,0.0,2.6308096133674672e-11,9,23|31|224,36,all_filtered,9,True,D:\Running_Place\PostGraduateProjects\Experiments\PostGraduate\backbones\PertubatedBNStatistics\BN-Sensitivity\shot3\Seed2
PertubatedBNStatistics,Disperssion+Seg-SADG,BN-Sensitivity,BN-Sensitivity,Seg-SADG,BN-Sensitivity,bn_sensitivity,shallow,0.1,0.1,1.0,0.05,0.1,0.001,0.0001,0.001,0.05,0.5,0.05,rho0p05,new_training,3,2,52,0.15133679575390285,0.15133679575390285,0.15039392312367758,0.018857432425849967,0.13350772278176415,0.27023396889368695,0.05,0.0,0.0,2.2375763365624202e-08,0.0,0.0,2.2375764628502895e-11,9,23|31|224,36,all_filtered,9,True,D:\Running_Place\PostGraduateProjects\Experiments\PostGraduate\backbones\PertubatedBNStatistics\BN-Sensitivity\shot3\Seed2
PertubatedBNStatistics,Disperssion+Seg-SADG,BN-Sensitivity,BN-Sensitivity,Seg-SADG,BN-Sensitivity,bn_sensitivity,shallow,0.1,0.1,1.0,0.05,0.1,0.001,0.0001,0.001,0.05,0.5,0.05,rho0p05,new_training,3,2,53,0.1463834610250261,0.1463834610250261,0.14570455915398067,0.013578016569630967,0.12935811777909598,0.25805506772465175,0.05,0.0,0.0,2.0903141538673886e-08,0.0,0.0,2.0903142931849583e-11,9,23|31|224,36,all_filtered,9,True,D:\Running_Place\PostGraduateProjects\Experiments\PostGraduate\backbones\PertubatedBNStatistics\BN-Sensitivity\shot3\Seed2
PertubatedBNStatistics,Disperssion+Seg-SADG,BN-Sensitivity,BN-Sensitivity,Seg-SADG,BN-Sensitivity,bn_sensitivity,shallow,0.1,0.1,1.0,0.05,0.1,0.001,0.0001,0.001,0.05,0.5,0.05,rho0p05,new_training,3,2,54,0.1414169818162918,0.1414169818162918,0.14073595073488024,0.013620599897371398,0.1263186517688963,0.23799519075287712,0.05,0.0,0.0,1.5052147676423527e-08,0.0,0.0,1.5052148618956613e-11,9,23|31|224,36,all_filtered,9,True,D:\Running_Place\PostGraduateProjects\Experiments\PostGraduate\backbones\PertubatedBNStatistics\BN-Sensitivity\shot3\Seed2
PertubatedBNStatistics,Disperssion+Seg-SADG,BN-Sensitivity,BN-Sensitivity,Seg-SADG,BN-Sensitivity,bn_sensitivity,shallow,0.1,0.1,1.0,0.05,0.1,0.001,0.0001,0.001,0.05,0.5,0.05,rho0p05,new_training,3,2,55,0.13628303011258444,0.13628303011258444,0.1356321076552073,0.013018458357287778,0.12183934532933766,0.2228215750720766,0.05,0.0,0.0,1.24491230164065e-08,0.0,0.0,1.2449123522174766e-11,9,23|31|224,36,all_filtered,9,True,D:\Running_Place\PostGraduateProjects\Experiments\PostGraduate\backbones\PertubatedBNStatistics\BN-Sensitivity\shot3\Seed2
PertubatedBNStatistics,Disperssion+Seg-SADG,BN-Sensitivity,BN-Sensitivity,Seg-SADG,BN-Sensitivity,bn_sensitivity,shallow,0.1,0.1,1.0,0.05,0.1,0.001,0.0001,0.001,0.05,0.5,0.05,rho0p05,new_training,3,2,56,0.1339476141664717,0.1339476141664717,0.1332496719227897,0.013958898942089744,0.11892069379488628,0.22814028958479562,0.05,0.0,0.0,2.2139864805678954e-08,0.0,0.0,2.2139866184591368e-11,9,23|31|224,36,all_filtered,9,True,D:\Running_Place\PostGraduateProjects\Experiments\PostGraduate\backbones\PertubatedBNStatistics\BN-Sensitivity\shot3\Seed2
PertubatedBNStatistics,Disperssion+Seg-SADG,BN-Sensitivity,BN-Sensitivity,Seg-SADG,BN-Sensitivity,bn_sensitivity,shallow,0.1,0.1,1.0,0.05,0.1,0.001,0.0001,0.001,0.05,0.5,0.05,rho0p05,new_training,3,2,57,0.13152911596828037,0.13152911596828037,0.13085420595275032,0.013498161298533281,0.11673716041776869,0.21855325665738848,0.05,0.0,0.0,1.8564574371598358e-08,0.0,0.0,1.8564575417058374e-11,9,23|31|224,36,all_filtered,9,True,D:\Running_Place\PostGraduateProjects\Experiments\PostGraduate\backbones\PertubatedBNStatistics\BN-Sensitivity\shot3\Seed2
PertubatedBNStatistics,Disperssion+Seg-SADG,BN-Sensitivity,BN-Sensitivity,Seg-SADG,BN-Sensitivity,bn_sensitivity,shallow,0.1,0.1,1.0,0.05,0.1,0.001,0.0001,0.001,0.05,0.5,0.05,rho0p05,new_training,3,2,58,0.12782862865262562,0.12782862865262562,0.1273164732588662,0.010243107254306475,0.11457334458827972,0.20485205782784355,0.05,0.0,0.0,1.3117675883794138e-08,0.0,0.0,1.3117676457023874e-11,9,23|31|224,36,all_filtered,9,True,D:\Running_Place\PostGraduateProjects\Experiments\PostGraduate\backbones\PertubatedBNStatistics\BN-Sensitivity\shot3\Seed2
PertubatedBNStatistics,Disperssion+Seg-SADG,BN-Sensitivity,BN-Sensitivity,Seg-SADG,BN-Sensitivity,bn_sensitivity,shallow,0.1,0.1,1.0,0.05,0.1,0.001,0.0001,0.001,0.05,0.5,0.05,rho0p05,new_training,3,2,59,0.13088553150494894,0.13088553150494894,0.1300217608610789,0.017275394664870367,0.11482491509781943,0.23769143720467886,0.05,0.0,0.0,1.839824292915182e-08,0.0,0.0,1.839824357678192e-11,9,23|31|224,36,all_filtered,9,True,D:\Running_Place\PostGraduateProjects\Experiments\PostGraduate\backbones\PertubatedBNStatistics\BN-Sensitivity\shot3\Seed2
PertubatedBNStatistics,Disperssion+Seg-SADG,BN-Sensitivity,BN-Sensitivity,Seg-SADG,BN-Sensitivity,bn_sensitivity,shallow,0.1,0.1,1.0,0.05,0.1,0.001,0.0001,0.001,0.05,0.5,0.05,rho0p05,new_training,3,2,60,0.13192835367388195,0.13192835367388195,0.13133117059866586,0.011943647637963295,0.11464789675341712,0.26389604972468483,0.05,0.0,0.0,2.4581732304006387e-08,0.0,0.0,2.458173335023739e-11,9,23|31|224,36,all_filtered,9,True,D:\Running_Place\PostGraduateProjects\Experiments\PostGraduate\backbones\PertubatedBNStatistics\BN-Sensitivity\shot3\Seed2
PertubatedBNStatistics,Disperssion+Seg-SADG,BN-Sensitivity,BN-Sensitivity,Seg-SADG,BN-Sensitivity,bn_sensitivity,shallow,0.1,0.1,1.0,0.05,0.1,0.001,0.0001,0.001,0.05,0.5,0.05,rho0p05,new_training,3,2,61,0.12842045062118107,0.12842045062118107,0.12768149789836672,0.014779084051648775,0.11209702657328711,0.240151004658805,0.05,0.0,0.0,2.2060471474263622e-08,0.0,0.0,2.2060472276091363e-11,9,23|31|224,36,all_filtered,9,True,D:\Running_Place\PostGraduateProjects\Experiments\PostGraduate\backbones\PertubatedBNStatistics\BN-Sensitivity\shot3\Seed2
PertubatedBNStatistics,Disperssion+Seg-SADG,BN-Sensitivity,BN-Sensitivity,Seg-SADG,BN-Sensitivity,bn_sensitivity,shallow,0.1,0.1,1.0,0.05,0.1,0.001,0.0001,0.001,0.05,0.5,0.05,rho0p05,new_training,3,2,62,0.12655641635258993,0.12655641635258993,0.12589790258142683,0.013170235893792577,0.11069957829184002,0.2460105319817861,0.05,0.0,0.0,2.0833138473600837e-08,0.0,0.0,2.083313951520591e-11,9,23|31|224,36,all_filtered,9,True,D:\Running_Place\PostGraduateProjects\Experiments\PostGraduate\backbones\PertubatedBNStatistics\BN-Sensitivity\shot3\Seed2
PertubatedBNStatistics,Disperssion+Seg-SADG,BN-Sensitivity,BN-Sensitivity,Seg-SADG,BN-Sensitivity,bn_sensitivity,shallow,0.1,0.1,1.0,0.05,0.1,0.001,0.0001,0.001,0.05,0.5,0.05,rho0p05,new_training,3,2,63,0.12440285252200232,0.12440285252200232,0.12373249646690157,0.013407123740762472,0.10889528857337104,0.23527572055657706,0.05,0.0,0.0,2.407887716376283e-08,0.0,0.0,2.4078878358794558e-11,9,23|31|224,36,all_filtered,9,True,D:\Running_Place\PostGraduateProjects\Experiments\PostGraduate\backbones\PertubatedBNStatistics\BN-Sensitivity\shot3\Seed2
PertubatedBNStatistics,Disperssion+Seg-SADG,BN-Sensitivity,BN-Sensitivity,Seg-SADG,BN-Sensitivity,bn_sensitivity,shallow,0.1,0.1,1.0,0.05,0.1,0.001,0.0001,0.001,0.05,0.5,0.05,rho0p05,new_training,3,2,64,0.12199699381987254,0.12199699381987254,0.12122379905647701,0.015463890507817268,0.1063776272866461,0.22286447882652283,0.05,0.0,0.0,2.322823582861449e-08,0.0,0.0,2.322823684940288e-11,9,23|31|224,36,all_filtered,9,True,D:\Running_Place\PostGraduateProjects\Experiments\PostGraduate\backbones\PertubatedBNStatistics\BN-Sensitivity\shot3\Seed2
PertubatedBNStatistics,Disperssion+Seg-SADG,BN-Sensitivity,BN-Sensitivity,Seg-SADG,BN-Sensitivity,bn_sensitivity,shallow,0.1,0.1,1.0,0.05,0.1,0.001,0.0001,0.001,0.05,0.5,0.05,rho0p05,new_training,3,2,65,0.12166008022096422,0.12166008022096422,0.1210277568962839,0.012646453662051095,0.1056446482737859,0.2462718536456426,0.05,0.0,0.0,2.1062590831948885e-08,0.0,0.0,2.1062591341186598e-11,9,23|31|224,36,all_filtered,9,True,D:\Running_Place\PostGraduateProjects\Experiments\PostGraduate\backbones\PertubatedBNStatistics\BN-Sensitivity\shot3\Seed2
PertubatedBNStatistics,Disperssion+Seg-SADG,BN-Sensitivity,BN-Sensitivity,Seg-SADG,BN-Sensitivity,bn_sensitivity,shallow,0.1,0.1,1.0,0.05,0.1,0.001,0.0001,0.001,0.05,0.5,0.05,rho0p05,new_training,3,2,66,0.11675810482766893,0.11675810482766893,0.11612170355187522,0.012728053248590894,0.10223965843518575,0.21155616309907702,0.05,0.0,0.0,1.5053405189036084e-08,0.0,0.0,1.5053405859795827e-11,9,23|31|224,36,all_filtered,9,True,D:\Running_Place\PostGraduateProjects\Experiments\PostGraduate\backbones\PertubatedBNStatistics\BN-Sensitivity\shot3\Seed2
PertubatedBNStatistics,Disperssion+Seg-SADG,BN-Sensitivity,BN-Sensitivity,Seg-SADG,BN-Sensitivity,bn_sensitivity,shallow,0.1,0.1,1.0,0.05,0.1,0.001,0.0001,0.001,0.05,0.5,0.05,rho0p05,new_training,3,2,67,0.11357331938213772,0.11357331938213772,0.11294556905825932,0.012555005339284738,0.10066235727734035,0.19177383681138357,0.05,0.0,0.0,1.2322640044162528e-08,0.0,0.0,1.2322640544919371e-11,9,23|31|224,36,all_filtered,9,True,D:\Running_Place\PostGraduateProjects\Experiments\PostGraduate\backbones\PertubatedBNStatistics\BN-Sensitivity\shot3\Seed2
PertubatedBNStatistics,Disperssion+Seg-SADG,BN-Sensitivity,BN-Sensitivity,Seg-SADG,BN-Sensitivity,bn_sensitivity,shallow,0.1,0.1,1.0,0.05,0.1,0.001,0.0001,0.001,0.05,0.5,0.05,rho0p05,new_training,3,2,68,0.11437696715195973,0.11437696715195973,0.11370023339986801,0.013534690356916852,0.1002061673336559,0.20976993607150185,0.05,0.0,0.0,1.533895193577766e-08,0.0,0.0,1.5338952643737587e-11,9,23|31|224,36,all_filtered,9,True,D:\Running_Place\PostGraduateProjects\Experiments\PostGraduate\backbones\PertubatedBNStatistics\BN-Sensitivity\shot3\Seed2
PertubatedBNStatistics,Disperssion+Seg-SADG,BN-Sensitivity,BN-Sensitivity,Seg-SADG,BN-Sensitivity,bn_sensitivity,shallow,0.1,0.1,1.0,0.05,0.1,0.001,0.0001,0.001,0.05,0.5,0.05,rho0p05,new_training,3,2,69,0.11050626966688368,0.11050626966688368,0.10989064474900563,0.012312488682154153,0.09646789564026727,0.1992556850115458,0.05,0.0,0.0,1.718795979617956e-08,0.0,0.0,1.7187960449206577e-11,9,23|31|224,36,all_filtered,9,True,D:\Running_Place\PostGraduateProjects\Experiments\PostGraduate\backbones\PertubatedBNStatistics\BN-Sensitivity\shot3\Seed2
PertubatedBNStatistics,Disperssion+Seg-SADG,BN-Sensitivity,BN-Sensitivity,Seg-SADG,BN-Sensitivity,bn_sensitivity,shallow,0.1,0.1,1.0,0.05,0.1,0.001,0.0001,0.001,0.05,0.5,0.05,rho0p05,new_training,3,2,70,0.1135178729891777,0.1135178729891777,0.11290394597583348,0.012278549580110444,0.09772208581368129,0.23037084605958727,0.05,0.0,0.0,2.233970628237911e-08,0.0,0.0,2.233970753369298e-11,9,23|31|224,36,all_filtered,9,True,D:\Running_Place\PostGraduateProjects\Experiments\PostGraduate\backbones\PertubatedBNStatistics\BN-Sensitivity\shot3\Seed2
PertubatedBNStatistics,Disperssion+Seg-SADG,BN-Sensitivity,BN-Sensitivity,Seg-SADG,BN-Sensitivity,bn_sensitivity,shallow,0.1,0.1,1.0,0.05,0.1,0.001,0.0001,0.001,0.05,0.5,0.05,rho0p05,new_training,3,2,71,0.11025839630100462,0.11025839630100462,0.10973385141955481,0.010490880244308047,0.09643567932976617,0.20909106731414795,0.05,0.0,0.0,1.3245288520301479e-08,0.0,0.0,1.3245289221129762e-11,9,23|31|224,36,all_filtered,9,True,D:\Running_Place\PostGraduateProjects\Experiments\PostGraduate\backbones\PertubatedBNStatistics\BN-Sensitivity\shot3\Seed2
PertubatedBNStatistics,Disperssion+Seg-SADG,BN-Sensitivity,BN-Sensitivity,Seg-SADG,BN-Sensitivity,bn_sensitivity,shallow,0.1,0.1,1.0,0.05,0.1,0.001,0.0001,0.001,0.05,0.5,0.05,rho0p05,new_training,3,2,72,0.10451040168603261,0.10451040168603261,0.10394599868191613,0.011288063186738227,0.0927229482266638,0.18010611335436502,0.05,0.0,0.0,1.0211037052935504e-08,0.0,0.0,1.0211037840885458e-11,9,23|31|224,36,all_filtered,9,True,D:\Running_Place\PostGraduateProjects\Experiments\PostGraduate\backbones\PertubatedBNStatistics\BN-Sensitivity\shot3\Seed2
PertubatedBNStatistics,Disperssion+Seg-SADG,BN-Sensitivity,BN-Sensitivity,Seg-SADG,BN-Sensitivity,bn_sensitivity,shallow,0.1,0.1,1.0,0.05,0.1,0.001,0.0001,0.001,0.05,0.5,0.05,rho0p05,new_training,3,2,73,0.10272919634977977,0.10272919634977977,0.10214851796627045,0.011613574292924669,0.0909173223707411,0.17587606443299186,0.05,0.0,0.0,1.002540963826151e-08,0.0,0.0,1.0025410117237935e-11,9,23|31|224,36,all_filtered,9,True,D:\Running_Place\PostGraduateProjects\Experiments\PostGraduate\backbones\PertubatedBNStatistics\BN-Sensitivity\shot3\Seed2
PertubatedBNStatistics,Disperssion+Seg-SADG,BN-Sensitivity,BN-Sensitivity,Seg-SADG,BN-Sensitivity,bn_sensitivity,shallow,0.1,0.1,1.0,0.05,0.1,0.001,0.0001,0.001,0.05,0.5,0.05,rho0p05,new_training,3,2,74,0.10172564039627711,0.10172564039627711,0.10117819491359922,0.01094891813894113,0.08911338696877162,0.18897857103082868,0.05,0.0,0.0,1.3043460731252152e-08,0.0,0.0,1.3043461276340818e-11,9,23|31|224,36,all_filtered,9,True,D:\Running_Place\PostGraduateProjects\Experiments\PostGraduate\backbones\PertubatedBNStatistics\BN-Sensitivity\shot3\Seed2
PertubatedBNStatistics,Disperssion+Seg-SADG,BN-Sensitivity,BN-Sensitivity,Seg-SADG,BN-Sensitivity,bn_sensitivity,shallow,0.1,0.1,1.0,0.05,0.1,0.001,0.0001,0.001,0.05,0.5,0.05,rho0p05,new_training,3,2,75,0.10025955322715971,0.10025955322715971,0.09971387022071415,0.010913663233319918,0.08889532834291458,0.17273318767547607,0.05,0.0,0.0,8.654852883754277e-09,0.0,0.0,8.654853357912027e-12,9,23|31|224,36,all_filtered,9,True,D:\Running_Place\PostGraduateProjects\Experiments\PostGraduate\backbones\PertubatedBNStatistics\BN-Sensitivity\shot3\Seed2
PertubatedBNStatistics,Disperssion+Seg-SADG,BN-Sensitivity,BN-Sensitivity,Seg-SADG,BN-Sensitivity,bn_sensitivity,shallow,0.1,0.1,1.0,0.05,0.1,0.001,0.0001,0.001,0.05,0.5,0.05,rho0p05,new_training,3,2,76,0.09832573185364406,0.09832573185364406,0.09776887628767225,0.011137125599715445,0.08665260507000817,0.17458376785119376,0.05,0.0,0.0,1.1339974440952952e-08,0.0,0.0,1.1339975062369452e-11,9,23|31|224,36,all_filtered,9,True,D:\Running_Place\PostGraduateProjects\Experiments\PostGraduate\backbones\PertubatedBNStatistics\BN-Sensitivity\shot3\Seed2
PertubatedBNStatistics,Disperssion+Seg-SADG,BN-Sensitivity,BN-Sensitivity,Seg-SADG,BN-Sensitivity,bn_sensitivity,shallow,0.1,0.1,1.0,0.05,0.1,0.001,0.0001,0.001,0.05,0.5,0.05,rho0p05,new_training,3,2,77,0.09662528336048126,0.09662528336048126,0.09616334405210283,0.009238777164783742,0.08541086233324474,0.168367271622022,0.05,0.0,0.0,9.538498435546217e-09,0.0,0.0,9.538498824702516e-12,9,23|31|224,36,all_filtered,9,True,D:\Running_Place\PostGraduateProjects\Experiments\PostGraduate\backbones\PertubatedBNStatistics\BN-Sensitivity\shot3\Seed2
PertubatedBNStatistics,Disperssion+Seg-SADG,BN-Sensitivity,BN-Sensitivity,Seg-SADG,BN-Sensitivity,bn_sensitivity,shallow,0.1,0.1,1.0,0.05,0.1,0.001,0.0001,0.001,0.05,0.5,0.05,rho0p05,new_training,3,2,78,0.09637073427438736,0.09637073427438736,0.09591326034731334,0.009149474505749013,0.08428009433878793,0.17939875192112392,0.05,0.0,0.0,1.0833367536378091e-08,0.0,0.0,1.0833368153168661e-11,9,23|31|224,36,all_filtered,9,True,D:\Running_Place\PostGraduateProjects\Experiments\PostGraduate\backbones\PertubatedBNStatistics\BN-Sensitivity\shot3\Seed2
PertubatedBNStatistics,Disperssion+Seg-SADG,BN-Sensitivity,BN-Sensitivity,Seg-SADG,BN-Sensitivity,bn_sensitivity,shallow,0.1,0.1,1.0,0.05,0.1,0.001,0.0001,0.001,0.05,0.5,0.05,rho0p05,new_training,3,2,79,0.09842756142218907,0.09842756142218907,0.09787460913260777,0.011059042480256822,0.08423663510216607,0.20280707461966407,0.05,0.0,0.0,2.014206983918459e-08,0.0,0.0,2.0142070953840796e-11,9,23|31|224,36,all_filtered,9,True,D:\Running_Place\PostGraduateProjects\Experiments\PostGraduate\backbones\PertubatedBNStatistics\BN-Sensitivity\shot3\Seed2
PertubatedBNStatistics,Disperssion+Seg-SADG,BN-Sensitivity,BN-Sensitivity,Seg-SADG,BN-Sensitivity,bn_sensitivity,shallow,0.1,0.1,1.0,0.05,0.1,0.001,0.0001,0.001,0.05,0.5,0.05,rho0p05,new_training,3,2,80,0.09612778657012516,0.09612778657012516,0.09561601281166077,0.010235495813604858,0.08338237471050686,0.18714794682131874,0.05,0.0,0.0,1.4672814568288889e-08,0.0,0.0,1.4672815239048634e-11,9,23|31|224,36,all_filtered,9,True,D:\Running_Place\PostGraduateProjects\Experiments\PostGraduate\backbones\PertubatedBNStatistics\BN-Sensitivity\shot3\Seed2
PertubatedBNStatistics,Disperssion+Seg-SADG,BN-Sensitivity,BN-Sensitivity,Seg-SADG,BN-Sensitivity,bn_sensitivity,shallow,0.1,0.1,1.0,0.05,0.1,0.001,0.0001,0.001,0.05,0.5,0.05,rho0p05,new_training,3,2,81,0.09802405536174774,0.09802405536174774,0.09747765130466884,0.010928079278932678,0.08458194302188025,0.19843166569868723,0.05,0.0,0.0,1.76416876169267e-08,0.0,0.0,1.7641688842797956e-11,9,23|31|224,36,all_filtered,9,True,D:\Running_Place\PostGraduateProjects\Experiments\PostGraduate\backbones\PertubatedBNStatistics\BN-Sensitivity\shot3\Seed2
PertubatedBNStatistics,Disperssion+Seg-SADG,BN-Sensitivity,BN-Sensitivity,Seg-SADG,BN-Sensitivity,bn_sensitivity,shallow,0.1,0.1,1.0,0.05,0.1,0.001,0.0001,0.001,0.05,0.5,0.05,rho0p05,new_training,3,2,82,0.09356734901666641,0.09356734901666641,0.09309750547011693,0.009396879105932184,0.08157004498773152,0.18166720701588523,0.05,0.0,0.0,1.0203651553316225e-08,0.0,0.0,1.0203652111126196e-11,9,23|31|224,36,all_filtered,9,True,D:\Running_Place\PostGraduateProjects\Experiments\PostGraduate\backbones\PertubatedBNStatistics\BN-Sensitivity\shot3\Seed2
PertubatedBNStatistics,Disperssion+Seg-SADG,BN-Sensitivity,BN-Sensitivity,Seg-SADG,BN-Sensitivity,bn_sensitivity,shallow,0.1,0.1,1.0,0.05,0.1,0.001,0.0001,0.001,0.05,0.5,0.05,rho0p05,new_training,3,2,83,0.09327736993630727,0.09327736993630727,0.09278883288304011,0.009770721507569155,0.08081493029991786,0.1831212838490804,0.05,0.0,0.0,1.1383984471141023e-08,0.0,0.0,1.1383984996954984e-11,9,23|31|224,36,all_filtered,9,True,D:\Running_Place\PostGraduateProjects\Experiments\PostGraduate\backbones\PertubatedBNStatistics\BN-Sensitivity\shot3\Seed2
PertubatedBNStatistics,Disperssion+Seg-SADG,BN-Sensitivity,BN-Sensitivity,Seg-SADG,BN-Sensitivity,bn_sensitivity,shallow,0.1,0.1,1.0,0.05,0.1,0.001,0.0001,0.001,0.05,0.5,0.05,rho0p05,new_training,3,2,84,0.0936886179778311,0.0936886179778311,0.09314220150311787,0.010928357589162059,0.08034189376566145,0.1995074517197079,0.05,0.0,0.0,1.4919295675418375e-08,0.0,0.0,1.4919296411712118e-11,9,23|31|224,36,all_filtered,9,True,D:\Running_Place\PostGraduateProjects\Experiments\PostGraduate\backbones\PertubatedBNStatistics\BN-Sensitivity\shot3\Seed2
PertubatedBNStatistics,Disperssion+Seg-SADG,BN-Sensitivity,BN-Sensitivity,Seg-SADG,BN-Sensitivity,bn_sensitivity,shallow,0.1,0.1,1.0,0.05,0.1,0.001,0.0001,0.001,0.05,0.5,0.05,rho0p05,new_training,3,2,85,0.09379221581750447,0.09379221581750447,0.09324528939194149,0.010938547551631927,0.0795131375392278,0.19983077380392286,0.05,0.0,0.0,1.3479508768436213e-08,0.0,0.0,1.3479509561012095e-11,9,23|31|224,36,all_filtered,9,True,D:\Running_Place\PostGraduateProjects\Experiments\PostGraduate\backbones\PertubatedBNStatistics\BN-Sensitivity\shot3\Seed2
PertubatedBNStatistics,Disperssion+Seg-SADG,BN-Sensitivity,BN-Sensitivity,Seg-SADG,BN-Sensitivity,bn_sensitivity,shallow,0.1,0.1,1.0,0.05,0.1,0.001,0.0001,0.001,0.05,0.5,0.05,rho0p05,new_training,3,2,86,0.0892832080523173,0.0892832080523173,0.0888122816880544,0.009418534942799144,0.07822465482685301,0.1601633040441407,0.05,0.0,0.0,1.140545820751034e-08,0.0,0.0,1.1405458753369993e-11,9,23|31|224,36,all_filtered,9,True,D:\Running_Place\PostGraduateProjects\Experiments\PostGraduate\backbones\PertubatedBNStatistics\BN-Sensitivity\shot3\Seed2
PertubatedBNStatistics,Disperssion+Seg-SADG,BN-Sensitivity,BN-Sensitivity,Seg-SADG,BN-Sensitivity,bn_sensitivity,shallow,0.1,0.1,1.0,0.05,0.1,0.001,0.0001,0.001,0.05,0.5,0.05,rho0p05,new_training,3,2,87,0.08855777896112865,0.08855777896112865,0.08814574198590384,0.00824074742073814,0.07713390472862455,0.17265326612525517,0.05,0.0,0.0,1.0413506649579555e-08,0.0,0.0,1.0413507151492881e-11,9,23|31|224,36,all_filtered,9,True,D:\Running_Place\PostGraduateProjects\Experiments\PostGraduate\backbones\PertubatedBNStatistics\BN-Sensitivity\shot3\Seed2
PertubatedBNStatistics,Disperssion+Seg-SADG,BN-Sensitivity,BN-Sensitivity,Seg-SADG,BN-Sensitivity,bn_sensitivity,shallow,0.1,0.1,1.0,0.05,0.1,0.001,0.0001,0.001,0.05,0.5,0.05,rho0p05,new_training,3,2,88,0.08607454929086897,0.08607454929086897,0.08561613162358601,0.009168370212945674,0.07531176507472992,0.1619199017683665,0.05,0.0,0.0,1.0150318363599808e-08,0.0,0.0,1.0150318760658738e-11,9,23|31|224,36,all_filtered,9,True,D:\Running_Place\PostGraduateProjects\Experiments\PostGraduate\backbones\PertubatedBNStatistics\BN-Sensitivity\shot3\Seed2
PertubatedBNStatistics,Disperssion+Seg-SADG,BN-Sensitivity,BN-Sensitivity,Seg-SADG,BN-Sensitivity,bn_sensitivity,shallow,0.1,0.1,1.0,0.05,0.1,0.001,0.0001,0.001,0.05,0.5,0.05,rho0p05,new_training,3,2,89,0.08506305598550373,0.08506305598550373,0.08465074002742767,0.00824634280676643,0.07444244292047289,0.16096574730343288,0.05,0.0,0.0,9.395856734626149e-09,0.0,0.0,9.395857066922067e-12,9,23|31|224,36,all_filtered,9,True,D:\Running_Place\PostGraduateProjects\Experiments\PostGraduate\backbones\PertubatedBNStatistics\BN-Sensitivity\shot3\Seed2
PertubatedBNStatistics,Disperssion+Seg-SADG,BN-Sensitivity,BN-Sensitivity,Seg-SADG,BN-Sensitivity,bn_sensitivity,shallow,0.1,0.1,1.0,0.05,0.1,0.001,0.0001,0.001,0.05,0.5,0.05,rho0p05,new_training,3,2,90,0.08471519665585624,0.08471519665585624,0.08420726160208385,0.01015869988542464,0.0731814702351888,0.16471602188216317,0.05,0.0,0.0,1.0256629471664761e-08,0.0,0.0,1.0256629795094316e-11,9,23|31|224,36,all_filtered,9,True,D:\Running_Place\PostGraduateProjects\Experiments\PostGraduate\backbones\PertubatedBNStatistics\BN-Sensitivity\shot3\Seed2
PertubatedBNStatistics,Disperssion+Seg-SADG,BN-Sensitivity,BN-Sensitivity,Seg-SADG,BN-Sensitivity,bn_sensitivity,shallow,0.1,0.1,1.0,0.05,0.1,0.001,0.0001,0.001,0.05,0.5,0.05,rho0p05,new_training,3,2,91,0.08330585145288044,0.08330585145288044,0.08289058754841487,0.008305293611354299,0.07288333442476061,0.17419280939631993,0.05,0.0,0.0,9.098324710916156e-09,0.0,0.0,9.098325054391405e-12,9,23|31|224,36,all_filtered,9,True,D:\Running_Place\PostGraduateProjects\Experiments\PostGraduate\backbones\PertubatedBNStatistics\BN-Sensitivity\shot3\Seed2
PertubatedBNStatistics,Disperssion+Seg-SADG,BN-Sensitivity,BN-Sensitivity,Seg-SADG,BN-Sensitivity,bn_sensitivity,shallow,0.1,0.1,1.0,0.05,0.1,0.001,0.0001,0.001,0.05,0.5,0.05,rho0p05,new_training,3,2,92,0.08243141985601848,0.08243141985601848,0.08196815103292465,0.00926539244958096,0.07159190376599629,0.15597165458732182,0.05,0.0,0.0,9.769104858392552e-09,0.0,0.0,9.769105301903521e-12,9,23|31|224,36,all_filtered,9,True,D:\Running_Place\PostGraduateProjects\Experiments\PostGraduate\backbones\PertubatedBNStatistics\BN-Sensitivity\shot3\Seed2
PertubatedBNStatistics,Disperssion+Seg-SADG,BN-Sensitivity,BN-Sensitivity,Seg-SADG,BN-Sensitivity,bn_sensitivity,shallow,0.1,0.1,1.0,0.05,0.1,0.001,0.0001,0.001,0.05,0.5,0.05,rho0p05,new_training,3,2,93,0.08142701122495863,0.08142701122495863,0.0810419080985917,0.007702061958197091,0.07059496061669455,0.15908757266071108,0.05,0.0,0.0,8.85167087775566e-09,0.0,0.0,8.851671252648678e-12,9,23|31|224,36,all_filtered,9,True,D:\Running_Place\PostGraduateProjects\Experiments\PostGraduate\backbones\PertubatedBNStatistics\BN-Sensitivity\shot3\Seed2
PertubatedBNStatistics,Disperssion+Seg-SADG,BN-Sensitivity,BN-Sensitivity,Seg-SADG,BN-Sensitivity,bn_sensitivity,shallow,0.1,0.1,1.0,0.05,0.1,0.001,0.0001,0.001,0.05,0.5,0.05,rho0p05,new_training,3,2,94,0.08005831307835048,0.08005831307835048,0.07971512526273727,0.006863751241730319,0.06990163524945577,0.15358024918370777,0.05,0.0,0.0,7.879193347153862e-09,0.0,0.0,7.879193680606264e-12,9,23|31|224,36,all_filtered,9,True,D:\Running_Place\PostGraduateProjects\Experiments\PostGraduate\backbones\PertubatedBNStatistics\BN-Sensitivity\shot3\Seed2
PertubatedBNStatistics,Disperssion+Seg-SADG,BN-Sensitivity,BN-Sensitivity,Seg-SADG,BN-Sensitivity,bn_sensitivity,shallow,0.1,0.1,1.0,0.05,0.1,0.001,0.0001,0.001,0.05,0.5,0.05,rho0p05,new_training,3,2,95,0.08155258662170833,0.08155258662170833,0.08110087861617406,0.009034154781450828,0.06985283891359965,0.1690677735540602,0.05,0.0,0.0,9.591376137763064e-09,0.0,0.0,9.591376737977386e-12,9,23|31|224,36,all_filtered,9,True,D:\Running_Place\PostGraduateProjects\Experiments\PostGraduate\backbones\PertubatedBNStatistics\BN-Sensitivity\shot3\Seed2
PertubatedBNStatistics,Disperssion+Seg-SADG,BN-Sensitivity,BN-Sensitivity,Seg-SADG,BN-Sensitivity,bn_sensitivity,shallow,0.1,0.1,1.0,0.05,0.1,0.001,0.0001,0.001,0.05,0.5,0.05,rho0p05,new_training,3,2,96,0.08216581410831875,0.08216581410831875,0.08175389054748747,0.008238480788552098,0.07033326228459676,0.1712523094481892,0.05,0.0,0.0,1.3652627769052591e-08,0.0,0.0,1.3652628386421402e-11,9,23|31|224,36,all_filtered,9,True,D:\Running_Place\PostGraduateProjects\Experiments\PostGraduate\backbones\PertubatedBNStatistics\BN-Sensitivity\shot3\Seed2
PertubatedBNStatistics,Disperssion+Seg-SADG,BN-Sensitivity,BN-Sensitivity,Seg-SADG,BN-Sensitivity,bn_sensitivity,shallow,0.1,0.1,1.0,0.05,0.1,0.001,0.0001,0.001,0.05,0.5,0.05,rho0p05,new_training,3,2,97,0.0796545727385415,0.0796545727385415,0.07929790185557471,0.007133413157943223,0.06908514847358067,0.15571077002419365,0.05,0.0,0.0,9.742276467032221e-09,0.0,0.0,9.742276960079184e-12,9,23|31|224,36,all_filtered,9,True,D:\Running_Place\PostGraduateProjects\Experiments\PostGraduate\backbones\PertubatedBNStatistics\BN-Sensitivity\shot3\Seed2
PertubatedBNStatistics,Disperssion+Seg-SADG,BN-Sensitivity,BN-Sensitivity,Seg-SADG,BN-Sensitivity,bn_sensitivity,shallow,0.1,0.1,1.0,0.05,0.1,0.001,0.0001,0.001,0.05,0.5,0.05,rho0p05,new_training,3,2,98,0.0800194467107455,0.0800194467107455,0.07961127244763905,0.008163476569785012,0.06913494153155221,0.1690700517760383,0.05,0.0,0.0,9.319562701806364e-09,0.0,0.0,9.319563012900107e-12,9,23|31|224,36,all_filtered,9,True,D:\Running_Place\PostGraduateProjects\Experiments\PostGraduate\backbones\PertubatedBNStatistics\BN-Sensitivity\shot3\Seed2
PertubatedBNStatistics,Disperssion+Seg-SADG,BN-Sensitivity,BN-Sensitivity,Seg-SADG,BN-Sensitivity,bn_sensitivity,shallow,0.1,0.1,1.0,0.05,0.1,0.001,0.0001,0.001,0.05,0.5,0.05,rho0p05,new_training,3,2,99,0.0755874357289738,0.0755874357289738,0.07523350252045526,0.00707864011120465,0.06655477525459395,0.13410130391518274,0.05,0.0,0.0,7.209231335360124e-09,0.0,0.0,7.209231740707176e-12,9,23|31|224,36,all_filtered,9,True,D:\Running_Place\PostGraduateProjects\Experiments\PostGraduate\backbones\PertubatedBNStatistics\BN-Sensitivity\shot3\Seed2
PertubatedBNStatistics,Disperssion+Seg-SADG,BN-Sensitivity,BN-Sensitivity,Seg-SADG,BN-Sensitivity,bn_sensitivity,shallow,0.1,0.1,1.0,0.05,0.1,0.001,0.0001,0.001,0.05,0.5,0.05,rho0p05,new_training,3,2,100,0.07863511724604501,0.07863511724604501,0.07823397136396831,0.008022933629237942,0.0665042433473799,0.16872543262110817,0.05,0.0,0.0,1.2447572750318159e-08,0.0,0.0,1.2447573450375456e-11,9,23|31|224,36,all_filtered,9,True,D:\Running_Place\PostGraduateProjects\Experiments\PostGraduate\backbones\PertubatedBNStatistics\BN-Sensitivity\shot3\Seed2
PertubatedBNStatistics,Disperssion+Seg-SADG,BN-Sensitivity,BN-Sensitivity,Seg-SADG,BN-Sensitivity,bn_sensitivity,shallow,0.1,0.1,1.0,0.05,0.1,0.001,0.0001,0.001,0.05,0.5,0.05,rho0p05,new_training,3,2,101,0.0769600628150834,0.0769600628150834,0.0765497883160909,0.008205503121846251,0.0656377954615487,0.1621896657678816,0.05,0.0,0.0,1.2259522039512502e-08,0.0,0.0,1.2259522486685666e-11,9,23|31|224,36,all_filtered,9,True,D:\Running_Place\PostGraduateProjects\Experiments\PostGraduate\backbones\PertubatedBNStatistics\BN-Sensitivity\shot3\Seed2
PertubatedBNStatistics,Disperssion+Seg-SADG,BN-Sensitivity,BN-Sensitivity,Seg-SADG,BN-Sensitivity,bn_sensitivity,shallow,0.1,0.1,1.0,0.05,0.1,0.001,0.0001,0.001,0.05,0.5,0.05,rho0p05,new_training,3,2,102,0.07422030551566018,0.07422030551566018,0.07384844331277741,0.007437252491298649,0.06406918085283703,0.14950837277703816,0.05,0.0,0.0,7.976255310558777e-09,0.0,0.0,7.97625572361571e-12,9,23|31|224,36,all_filtered,9,True,D:\Running_Place\PostGraduateProjects\Experiments\PostGraduate\backbones\PertubatedBNStatistics\BN-Sensitivity\shot3\Seed2
PertubatedBNStatistics,Disperssion+Seg-SADG,BN-Sensitivity,BN-Sensitivity,Seg-SADG,BN-Sensitivity,bn_sensitivity,shallow,0.1,0.1,1.0,0.05,0.1,0.001,0.0001,0.001,0.05,0.5,0.05,rho0p05,new_training,3,2,103,0.07223267066809866,0.07223267066809866,0.07186294595400493,0.007394487038254738,0.06253058049413893,0.13787337061431673,0.05,0.0,0.0,7.548728802536036e-09,0.0,0.0,7.548729292113551e-12,9,23|31|224,36,all_filtered,9,True,D:\Running_Place\PostGraduateProjects\Experiments\PostGraduate\backbones\PertubatedBNStatistics\BN-Sensitivity\shot3\Seed2
PertubatedBNStatistics,Disperssion+Seg-SADG,BN-Sensitivity,BN-Sensitivity,Seg-SADG,BN-Sensitivity,bn_sensitivity,shallow,0.1,0.1,1.0,0.05,0.1,0.001,0.0001,0.001,0.05,0.5,0.05,rho0p05,new_training,3,2,104,0.07324736068646114,0.07324736068646114,0.07291105720731947,0.006726070462415616,0.06247136410739687,0.15291661355230543,0.05,0.0,0.0,1.1557770888496558e-08,0.0,0.0,1.1557771425875342e-11,9,23|31|224,36,all_filtered,9,True,D:\Running_Place\PostGraduateProjects\Experiments\PostGraduate\backbones\PertubatedBNStatistics\BN-Sensitivity\shot3\Seed2
PertubatedBNStatistics,Disperssion+Seg-SADG,BN-Sensitivity,BN-Sensitivity,Seg-SADG,BN-Sensitivity,bn_sensitivity,shallow,0.1,0.1,1.0,0.05,0.1,0.001,0.0001,0.001,0.05,0.5,0.05,rho0p05,new_training,3,2,105,0.07496185600757599,0.07496185600757599,0.07459891753064261,0.007258759138898717,0.0636890936228964,0.1654151694642173,0.05,0.0,0.0,1.0652954863922382e-08,0.0,0.0,1.0652955321503886e-11,9,23|31|224,36,all_filtered,9,True,D:\Running_Place\PostGraduateProjects\Experiments\PostGraduate\backbones\PertubatedBNStatistics\BN-Sensitivity\shot3\Seed2
PertubatedBNStatistics,Disperssion+Seg-SADG,BN-Sensitivity,BN-Sensitivity,Seg-SADG,BN-Sensitivity,bn_sensitivity,shallow,0.1,0.1,1.0,0.05,0.1,0.001,0.0001,0.001,0.05,0.5,0.05,rho0p05,new_training,3,2,106,0.07453414590822326,0.07453414590822326,0.07407752424478531,0.009132395239753855,0.0623025968670845,0.17270379182365206,0.05,0.0,0.0,9.229211469137985e-09,0.0,0.0,9.22921196449791e-12,9,23|31|224,36,all_filtered,9,True,D:\Running_Place\PostGraduateProjects\Experiments\PostGraduate\backbones\PertubatedBNStatistics\BN-Sensitivity\shot3\Seed2
PertubatedBNStatistics,Disperssion+Seg-SADG,BN-Sensitivity,BN-Sensitivity,Seg-SADG,BN-Sensitivity,bn_sensitivity,shallow,0.1,0.1,1.0,0.05,0.1,0.001,0.0001,0.001,0.05,0.5,0.05,rho0p05,new_training,3,2,107,0.06997435788313548,0.06997435788313548,0.06965661628378762,0.006354852889974912,0.0611144175959958,0.12831092211935255,0.05,0.0,0.0,6.238738562795258e-09,0.0,0.0,6.238738909161712e-12,9,23|31|224,36,all_filtered,9,True,D:\Running_Place\PostGraduateProjects\Experiments\PostGraduate\backbones\PertubatedBNStatistics\BN-Sensitivity\shot3\Seed2
PertubatedBNStatistics,Disperssion+Seg-SADG,BN-Sensitivity,BN-Sensitivity,Seg-SADG,BN-Sensitivity,bn_sensitivity,shallow,0.1,0.1,1.0,0.05,0.1,0.001,0.0001,0.001,0.05,0.5,0.05,rho0p05,new_training,3,2,108,0.07350492146280077,0.07350492146280077,0.07314585314856635,0.0071813747183316285,0.06225218251347542,0.16303300774759716,0.05,0.0,0.0,8.45074923619096e-09,0.0,0.0,8.450749696856417e-12,9,23|31|224,36,all_filtered,9,True,D:\Running_Place\PostGraduateProjects\Experiments\PostGraduate\backbones\PertubatedBNStatistics\BN-Sensitivity\shot3\Seed2
PertubatedBNStatistics,Disperssion+Seg-SADG,BN-Sensitivity,BN-Sensitivity,Seg-SADG,BN-Sensitivity,bn_sensitivity,shallow,0.1,0.1,1.0,0.05,0.1,0.001,0.0001,0.001,0.05,0.5,0.05,rho0p05,new_training,3,2,109,0.06932926633291775,0.06932926633291775,0.0689776705371009,0.007031898428168561,0.059865571558475494,0.13470683660772112,0.05,0.0,0.0,7.528091434178602e-09,0.0,0.0,7.52809167241396e-12,9,23|31|224,36,all_filtered,9,True,D:\Running_Place\PostGraduateProjects\Experiments\PostGraduate\backbones\PertubatedBNStatistics\BN-Sensitivity\shot3\Seed2
PertubatedBNStatistics,Disperssion+Seg-SADG,BN-Sensitivity,BN-Sensitivity,Seg-SADG,BN-Sensitivity,bn_sensitivity,shallow,0.1,0.1,1.0,0.05,0.1,0.001,0.0001,0.001,0.05,0.5,0.05,rho0p05,new_training,3,2,110,0.06673243186540073,0.06673243186540073,0.0664132796227932,0.006383030261430476,0.058252108179860644,0.12404545810487536,0.05,0.0,0.0,5.1793094627920295e-09,0.0,0.0,5.179309804628928e-12,9,23|31|224,36,all_filtered,9,True,D:\Running_Place\PostGraduateProjects\Experiments\PostGraduate\backbones\PertubatedBNStatistics\BN-Sensitivity\shot3\Seed2
PertubatedBNStatistics,Disperssion+Seg-SADG,BN-Sensitivity,BN-Sensitivity,Seg-SADG,BN-Sensitivity,bn_sensitivity,shallow,0.1,0.1,1.0,0.05,0.1,0.001,0.0001,0.001,0.05,0.5,0.05,rho0p05,new_training,3,2,111,0.06626264833741718,0.06626264833741718,0.06595318184958564,0.006189331101874511,0.05730205070641306,0.12558650059832466,0.05,0.0,0.0,5.821144529368401e-09,0.0,0.0,5.82114482966831e-12,9,23|31|224,36,all_filtered,9,True,D:\Running_Place\PostGraduateProjects\Experiments\PostGraduate\backbones\PertubatedBNStatistics\BN-Sensitivity\shot3\Seed2
PertubatedBNStatistics,Disperssion+Seg-SADG,BN-Sensitivity,BN-Sensitivity,Seg-SADG,BN-Sensitivity,bn_sensitivity,shallow,0.1,0.1,1.0,0.05,0.1,0.001,0.0001,0.001,0.05,0.5,0.05,rho0p05,new_training,3,2,112,0.06438338425424364,0.06438338425424364,0.06406682398584154,0.006331195563284887,0.05605171745022138,0.12128555195199119,0.05,0.0,0.0,5.901783506345737e-09,0.0,0.0,5.901783860036579e-12,9,23|31|224,36,all_filtered,9,True,D:\Running_Place\PostGraduateProjects\Experiments\PostGraduate\backbones\PertubatedBNStatistics\BN-Sensitivity\shot3\Seed2
PertubatedBNStatistics,Disperssion+Seg-SADG,BN-Sensitivity,BN-Sensitivity,Seg-SADG,BN-Sensitivity,bn_sensitivity,shallow,0.1,0.1,1.0,0.05,0.1,0.001,0.0001,0.001,0.05,0.5,0.05,rho0p05,new_training,3,2,113,0.06458356769548522,0.06458356769548522,0.06428643522991075,0.005942675698962476,0.05575904705458217,0.1271215875943502,0.05,0.0,0.0,5.9463867410316755e-09,0.0,0.0,5.9463869977707494e-12,9,23|31|224,36,all_filtered,9,True,D:\Running_Place\PostGraduateProjects\Experiments\PostGraduate\backbones\PertubatedBNStatistics\BN-Sensitivity\shot3\Seed2
PertubatedBNStatistics,Disperssion+Seg-SADG,BN-Sensitivity,BN-Sensitivity,Seg-SADG,BN-Sensitivity,bn_sensitivity,shallow,0.1,0.1,1.0,0.05,0.1,0.001,0.0001,0.001,0.05,0.5,0.05,rho0p05,new_training,3,2,114,0.06489580248792966,0.06489580248792966,0.06456646157635583,0.006586817869295676,0.05516850617196825,0.1372287232014868,0.05,0.0,0.0,8.053632254916781e-09,0.0,0.0,8.053632582394023e-12,9,23|31|224,36,all_filtered,9,True,D:\Running_Place\PostGraduateProjects\Experiments\PostGraduate\backbones\PertubatedBNStatistics\BN-Sensitivity\shot3\Seed2
PertubatedBNStatistics,Disperssion+Seg-SADG,BN-Sensitivity,BN-Sensitivity,Seg-SADG,BN-Sensitivity,bn_sensitivity,shallow,0.1,0.1,1.0,0.05,0.1,0.001,0.0001,0.001,0.05,0.5,0.05,rho0p05,new_training,3,2,115,0.0683783847424719,0.0683783847424719,0.06804221744338672,0.006723352992493246,0.05685959921942817,0.16350632078117794,0.05,0.0,0.0,1.052811497241161e-08,0.0,0.0,1.0528115320127294e-11,9,23|31|224,36,all_filtered,9,True,D:\Running_Place\PostGraduateProjects\Experiments\PostGraduate\backbones\PertubatedBNStatistics\BN-Sensitivity\shot3\Seed2
PertubatedBNStatistics,Disperssion+Seg-SADG,BN-Sensitivity,BN-Sensitivity,Seg-SADG,BN-Sensitivity,bn_sensitivity,shallow,0.1,0.1,1.0,0.05,0.1,0.001,0.0001,0.001,0.05,0.5,0.05,rho0p05,new_training,3,2,116,0.06960965692996979,0.06960965692996979,0.06930090900924471,0.006174951403712233,0.05825056052870221,0.16814357373449537,0.05,0.0,0.0,9.858879046475977e-09,0.0,0.0,9.858879602936719e-12,9,23|31|224,36,all_filtered,9,True,D:\Running_Place\PostGraduateProjects\Experiments\PostGraduate\backbones\PertubatedBNStatistics\BN-Sensitivity\shot3\Seed2
PertubatedBNStatistics,Disperssion+Seg-SADG,BN-Sensitivity,BN-Sensitivity,Seg-SADG,BN-Sensitivity,bn_sensitivity,shallow,0.1,0.1,1.0,0.05,0.1,0.001,0.0001,0.001,0.05,0.5,0.05,rho0p05,new_training,3,2,117,0.06638213122884433,0.06638213122884433,0.06608967069122526,0.005849200973494185,0.05691969353291723,0.1400779676106241,0.05,0.0,0.0,6.263632970318314e-09,0.0,0.0,6.263633371617678e-12,9,23|31|224,36,all_filtered,9,True,D:\Running_Place\PostGraduateProjects\Experiments\PostGraduate\backbones\PertubatedBNStatistics\BN-Sensitivity\shot3\Seed2
PertubatedBNStatistics,Disperssion+Seg-SADG,BN-Sensitivity,BN-Sensitivity,Seg-SADG,BN-Sensitivity,bn_sensitivity,shallow,0.1,0.1,1.0,0.05,0.1,0.001,0.0001,0.001,0.05,0.5,0.05,rho0p05,new_training,3,2,118,0.06593034871750408,0.06593034871750408,0.0655756543080012,0.00709386273390717,0.055922324044836894,0.1507554550965627,0.05,0.0,0.0,7.031861463483817e-09,0.0,0.0,7.0318617585795546e-12,9,23|31|224,36,all_filtered,9,True,D:\Running_Place\PostGraduateProjects\Experiments\PostGraduate\backbones\PertubatedBNStatistics\BN-Sensitivity\shot3\Seed2
PertubatedBNStatistics,Disperssion+Seg-SADG,BN-Sensitivity,BN-Sensitivity,Seg-SADG,BN-Sensitivity,bn_sensitivity,shallow,0.1,0.1,1.0,0.05,0.1,0.001,0.0001,0.001,0.05,0.5,0.05,rho0p05,new_training,3,2,119,0.06441386002633306,0.06441386002633306,0.06404986398087607,0.007279911595914099,0.054655505137311086,0.13875137186712688,0.05,0.0,0.0,7.171529000279027e-09,0.0,0.0,7.171529284773677e-12,9,23|31|224,36,all_filtered,9,True,D:\Running_Place\PostGraduateProjects\Experiments\PostGraduate\backbones\PertubatedBNStatistics\BN-Sensitivity\shot3\Seed2
PertubatedBNStatistics,Disperssion+Seg-SADG,BN-Sensitivity,BN-Sensitivity,Seg-SADG,BN-Sensitivity,bn_sensitivity,shallow,0.1,0.1,1.0,0.05,0.1,0.001,0.0001,0.001,0.05,0.5,0.05,rho0p05,new_training,3,2,120,0.06391798622078365,0.06391798622078365,0.06361151610811551,0.006129404426448875,0.054223254323005676,0.13988671534591252,0.05,0.0,0.0,7.5000560083459e-09,0.0,0.0,7.500056276264303e-12,9,23|31|224,36,all_filtered,9,True,D:\Running_Place\PostGraduateProjects\Experiments\PostGraduate\backbones\PertubatedBNStatistics\BN-Sensitivity\shot3\Seed2
PertubatedBNStatistics,Disperssion+Seg-SADG,BN-Sensitivity,BN-Sensitivity,Seg-SADG,BN-Sensitivity,bn_sensitivity,shallow,0.1,0.1,1.0,0.05,0.1,0.001,0.0001,0.001,0.05,0.5,0.05,rho0p05,new_training,3,2,121,0.06456993106338713,0.06456993106338713,0.06426426644126575,0.006113305299853285,0.054569650855329305,0.14914840211470923,0.05,0.0,0.0,8.71891980835926e-09,0.0,0.0,8.718920044859893e-12,9,23|31|224,36,all_filtered,9,True,D:\Running_Place\PostGraduateProjects\Experiments\PostGraduate\backbones\PertubatedBNStatistics\BN-Sensitivity\shot3\Seed2
PertubatedBNStatistics,Disperssion+Seg-SADG,BN-Sensitivity,BN-Sensitivity,Seg-SADG,BN-Sensitivity,bn_sensitivity,shallow,0.1,0.1,1.0,0.05,0.1,0.001,0.0001,0.001,0.05,0.5,0.05,rho0p05,new_training,3,2,122,0.06614143318600124,0.06614143318600124,0.06585533668597539,0.005721931500981252,0.055022393663724266,0.16666004641188514,0.05,0.0,0.0,1.149362116592556e-08,0.0,0.0,1.1493621592667536e-11,9,23|31|224,36,all_filtered,9,True,D:\Running_Place\PostGraduateProjects\Experiments\PostGraduate\backbones\PertubatedBNStatistics\BN-Sensitivity\shot3\Seed2
PertubatedBNStatistics,Disperssion+Seg-SADG,BN-Sensitivity,BN-Sensitivity,Seg-SADG,BN-Sensitivity,bn_sensitivity,shallow,0.1,0.1,1.0,0.05,0.1,0.001,0.0001,0.001,0.05,0.5,0.05,rho0p05,new_training,3,2,123,0.06705056172278193,0.06705056172278193,0.0667845139073001,0.005320961587131023,0.05595113957921664,0.16286279675033358,0.05,0.0,0.0,1.3148782161841332e-08,0.0,0.0,1.3148782795593641e-11,9,23|31|224,36,all_filtered,9,True,D:\Running_Place\PostGraduateProjects\Experiments\PostGraduate\backbones\PertubatedBNStatistics\BN-Sensitivity\shot3\Seed2
PertubatedBNStatistics,Disperssion+Seg-SADG,BN-Sensitivity,BN-Sensitivity,Seg-SADG,BN-Sensitivity,bn_sensitivity,shallow,0.1,0.1,1.0,0.05,0.1,0.001,0.0001,0.001,0.05,0.5,0.05,rho0p05,new_training,3,2,124,0.06680233321256107,0.06680233321256107,0.06648974203401142,0.006251821113336418,0.05563680993186103,0.15685712297757468,0.05,0.0,0.0,1.433201463680373e-08,0.0,0.0,1.4332015271712524e-11,9,23|31|224,36,all_filtered,9,True,D:\Running_Place\PostGraduateProjects\Experiments\PostGraduate\backbones\PertubatedBNStatistics\BN-Sensitivity\shot3\Seed2
PertubatedBNStatistics,Disperssion+Seg-SADG,BN-Sensitivity,BN-Sensitivity,Seg-SADG,BN-Sensitivity,bn_sensitivity,shallow,0.1,0.1,1.0,0.05,0.1,0.001,0.0001,0.001,0.05,0.5,0.05,rho0p05,new_training,3,2,125,0.06897369730803701,0.06897369730803701,0.06863989598221248,0.006676034070551395,0.05666092245115174,0.18198031849331325,0.05,0.0,0.0,1.5438024192349076e-08,0.0,0.0,1.5438025086695402e-11,9,23|31|224,36,all_filtered,9,True,D:\Running_Place\PostGraduateProjects\Experiments\PostGraduate\backbones\PertubatedBNStatistics\BN-Sensitivity\shot3\Seed2
PertubatedBNStatistics,Disperssion+Seg-SADG,BN-Sensitivity,BN-Sensitivity,Seg-SADG,BN-Sensitivity,bn_sensitivity,shallow,0.1,0.1,1.0,0.05,0.1,0.001,0.0001,0.001,0.05,0.5,0.05,rho0p05,new_training,3,2,126,0.06790742485059632,0.06790742485059632,0.06755061282051934,0.007136242257224189,0.056451386047734156,0.16940859291288587,0.05,0.0,0.0,1.3171829898400095e-08,0.0,0.0,1.3171830620816049e-11,9,23|31|224,36,all_filtered,9,True,D:\Running_Place\PostGraduateProjects\Experiments\PostGraduate\backbones\PertubatedBNStatistics\BN-Sensitivity\shot3\Seed2
PertubatedBNStatistics,Disperssion+Seg-SADG,BN-Sensitivity,BN-Sensitivity,Seg-SADG,BN-Sensitivity,bn_sensitivity,shallow,0.1,0.1,1.0,0.05,0.1,0.001,0.0001,0.001,0.05,0.5,0.05,rho0p05,new_training,3,2,127,0.06524956805838479,0.06524956805838479,0.06498474089635743,0.005296537626741661,0.05485576598180665,0.15629769364992777,0.05,0.0,0.0,1.3196661343941843e-08,0.0,0.0,1.3196662079079102e-11,9,23|31|224,36,all_filtered,9,True,D:\Running_Place\PostGraduateProjects\Experiments\PostGraduate\backbones\PertubatedBNStatistics\BN-Sensitivity\shot3\Seed2
PertubatedBNStatistics,Disperssion+Seg-SADG,BN-Sensitivity,BN-Sensitivity,Seg-SADG,BN-Sensitivity,bn_sensitivity,shallow,0.1,0.1,1.0,0.05,0.1,0.001,0.0001,0.001,0.05,0.5,0.05,rho0p05,new_training,3,2,128,0.06536306192477544,0.06536306192477544,0.06501829706960255,0.006895269577701886,0.05481670258773698,0.15224690735340118,0.05,0.0,0.0,1.2176443310431118e-08,0.0,0.0,1.2176443736402106e-11,9,23|31|224,36,all_filtered,9,True,D:\Running_Place\PostGraduateProjects\Experiments\PostGraduate\backbones\PertubatedBNStatistics\BN-Sensitivity\shot3\Seed2
PertubatedBNStatistics,Disperssion+Seg-SADG,BN-Sensitivity,BN-Sensitivity,Seg-SADG,BN-Sensitivity,bn_sensitivity,shallow,0.1,0.1,1.0,0.05,0.1,0.001,0.0001,0.001,0.05,0.5,0.05,rho0p05,new_training,3,2,129,0.06338492035865784,0.06338492035865784,0.06311899464991358,0.005318525894027617,0.053393152438931994,0.1429484925336308,0.05,0.0,0.0,7.54581690958705e-09,0.0,0.0,7.545817317825308e-12,9,23|31|224,36,all_filtered,9,True,D:\Running_Place\PostGraduateProjects\Experiments\PostGraduate\backbones\PertubatedBNStatistics\BN-Sensitivity\shot3\Seed2
PertubatedBNStatistics,Disperssion+Seg-SADG,BN-Sensitivity,BN-Sensitivity,Seg-SADG,BN-Sensitivity,bn_sensitivity,shallow,0.1,0.1,1.0,0.05,0.1,0.001,0.0001,0.001,0.05,0.5,0.05,rho0p05,new_training,3,2,130,0.06102771394782596,0.06102771394782596,0.06068299917711152,0.006894293862084548,0.05188598566585117,0.13059705247481665,0.05,0.0,0.0,7.666656149436019e-09,0.0,0.0,7.66665646862514e-12,9,23|31|224,36,all_filtered,9,True,D:\Running_Place\PostGraduateProjects\Experiments\PostGraduate\backbones\PertubatedBNStatistics\BN-Sensitivity\shot3\Seed2
PertubatedBNStatistics,Disperssion+Seg-SADG,BN-Sensitivity,BN-Sensitivity,Seg-SADG,BN-Sensitivity,bn_sensitivity,shallow,0.1,0.1,1.0,0.05,0.1,0.001,0.0001,0.001,0.05,0.5,0.05,rho0p05,new_training,3,2,131,0.05828099076946577,0.05828099076946577,0.058023875372277364,0.005142302148871952,0.05022375451193915,0.11886309418413374,0.05,0.0,0.0,5.409298687987353e-09,0.0,0.0,5.409298925066228e-12,9,23|31|224,36,all_filtered,9,True,D:\Running_Place\PostGraduateProjects\Experiments\PostGraduate\backbones\PertubatedBNStatistics\BN-Sensitivity\shot3\Seed2
PertubatedBNStatistics,Disperssion+Seg-SADG,BN-Sensitivity,BN-Sensitivity,Seg-SADG,BN-Sensitivity,bn_sensitivity,shallow,0.1,0.1,1.0,0.05,0.1,0.001,0.0001,0.001,0.05,0.5,0.05,rho0p05,new_training,3,2,132,0.05769406548804707,0.05769406548804707,0.05742050127850638,0.005471294021440877,0.048497631731960505,0.12300177332427767,0.05,0.0,0.0,7.64443755210367e-09,0.0,0.0,7.64443786531763e-12,9,23|31|224,36,all_filtered,9,True,D:\Running_Place\PostGraduateProjects\Experiments\PostGraduate\backbones\PertubatedBNStatistics\BN-Sensitivity\shot3\Seed2
PertubatedBNStatistics,Disperssion+Seg-SADG,BN-Sensitivity,BN-Sensitivity,Seg-SADG,BN-Sensitivity,bn_sensitivity,shallow,0.1,0.1,1.0,0.05,0.1,0.001,0.0001,0.001,0.05,0.5,0.05,rho0p05,new_training,3,2,133,0.05783154856827524,0.05783154856827524,0.05757314463456472,0.005168077484187152,0.04883841590748893,0.12816813422573936,0.05,0.0,0.0,6.312551900953009e-09,0.0,0.0,6.312552188146118e-12,9,23|31|224,36,all_filtered,9,True,D:\Running_Place\PostGraduateProjects\Experiments\PostGraduate\backbones\PertubatedBNStatistics\BN-Sensitivity\shot3\Seed2
PertubatedBNStatistics,Disperssion+Seg-SADG,BN-Sensitivity,BN-Sensitivity,Seg-SADG,BN-Sensitivity,bn_sensitivity,shallow,0.1,0.1,1.0,0.05,0.1,0.001,0.0001,0.001,0.05,0.5,0.05,rho0p05,new_training,3,2,134,0.059613907916678324,0.059613907916678324,0.05930775528152784,0.006123058187464873,0.04976209873954455,0.13135736601220238,0.05,0.0,0.0,6.666556570975344e-08,0.0,0.0,6.666556913949449e-11,9,23|31|224,36,all_filtered,9,True,D:\Running_Place\PostGraduateProjects\Experiments\PostGraduate\backbones\PertubatedBNStatistics\BN-Sensitivity\shot3\Seed2
PertubatedBNStatistics,Disperssion+Seg-SADG,BN-Sensitivity,BN-Sensitivity,Seg-SADG,BN-Sensitivity,bn_sensitivity,shallow,0.1,0.1,1.0,0.05,0.1,0.001,0.0001,0.001,0.05,0.5,0.05,rho0p05,new_training,3,2,135,0.06490655450357331,0.06490655450357331,0.0645926081471973,0.00627890319770409,0.05475662979814741,0.15143278986215591,0.05,0.0,0.0,9.858971565061362e-09,0.0,0.0,9.858971952868433e-12,9,23|31|224,36,all_filtered,9,True,D:\Running_Place\PostGraduateProjects\Experiments\PostGraduate\backbones\PertubatedBNStatistics\BN-Sensitivity\shot3\Seed2
PertubatedBNStatistics,Disperssion+Seg-SADG,BN-Sensitivity,BN-Sensitivity,Seg-SADG,BN-Sensitivity,bn_sensitivity,shallow,0.1,0.1,1.0,0.05,0.1,0.001,0.0001,0.001,0.05,0.5,0.05,rho0p05,new_training,3,2,136,0.06499464313189189,0.06499464313189189,0.0646852304538091,0.006188268411076731,0.054290111280149884,0.16075098514556885,0.05,0.0,0.0,7.690731631784489e-09,0.0,0.0,7.690731972946773e-12,9,23|31|224,36,all_filtered,9,True,D:\Running_Place\PostGraduateProjects\Experiments\PostGraduate\backbones\PertubatedBNStatistics\BN-Sensitivity\shot3\Seed2
PertubatedBNStatistics,Disperssion+Seg-SADG,BN-Sensitivity,BN-Sensitivity,Seg-SADG,BN-Sensitivity,bn_sensitivity,shallow,0.1,0.1,1.0,0.05,0.1,0.001,0.0001,0.001,0.05,0.5,0.05,rho0p05,new_training,3,2,137,0.06118374400668674,0.06118374400668674,0.060872354027297765,0.006227792706340551,0.05164763124452697,0.13744789361953735,0.05,0.0,0.0,7.129363593310561e-09,0.0,0.0,7.129363939484268e-12,9,23|31|224,36,all_filtered,9,True,D:\Running_Place\PostGraduateProjects\Experiments\PostGraduate\backbones\PertubatedBNStatistics\BN-Sensitivity\shot3\Seed2
PertubatedBNStatistics,Disperssion+Seg-SADG,BN-Sensitivity,BN-Sensitivity,Seg-SADG,BN-Sensitivity,bn_sensitivity,shallow,0.1,0.1,1.0,0.05,0.1,0.001,0.0001,0.001,0.05,0.5,0.05,rho0p05,new_training,3,2,138,0.058996165378226176,0.058996165378226176,0.0586895706752936,0.00613189364473025,0.049678766479094826,0.12637419170803493,0.05,0.0,0.0,2.7518958692043484e-08,0.0,0.0,2.7518959140758623e-11,9,23|31|224,36,all_filtered,9,True,D:\Running_Place\PostGraduateProjects\Experiments\PostGraduate\backbones\PertubatedBNStatistics\BN-Sensitivity\shot3\Seed2
PertubatedBNStatistics,Disperssion+Seg-SADG,BN-Sensitivity,BN-Sensitivity,Seg-SADG,BN-Sensitivity,bn_sensitivity,shallow,0.1,0.1,1.0,0.05,0.1,0.001,0.0001,0.001,0.05,0.5,0.05,rho0p05,new_training,3,2,139,0.06747433212068346,0.06747433212068346,0.06712840994199117,0.006918449730922778,0.05447575284375085,0.18530334532260895,0.05,0.0,0.0,1.3995986690594641e-08,0.0,0.0,1.3995987239538247e-11,9,23|31|224,36,all_filtered,9,True,D:\Running_Place\PostGraduateProjects\Experiments\PostGraduate\backbones\PertubatedBNStatistics\BN-Sensitivity\shot3\Seed2
PertubatedBNStatistics,Disperssion+Seg-SADG,BN-Sensitivity,BN-Sensitivity,Seg-SADG,BN-Sensitivity,bn_sensitivity,shallow,0.1,0.1,1.0,0.05,0.1,0.001,0.0001,0.001,0.05,0.5,0.05,rho0p05,new_training,3,2,140,0.06594792546497451,0.06594792546497451,0.06566800756586923,0.0055983598964909715,0.05369241825408406,0.17480748229556614,0.05,0.0,0.0,1.4288551527149215e-08,0.0,0.0,1.428855201595574e-11,9,23|31|224,36,all_filtered,9,True,D:\Running_Place\PostGraduateProjects\Experiments\PostGraduate\backbones\PertubatedBNStatistics\BN-Sensitivity\shot3\Seed2
PertubatedBNStatistics,Disperssion+Seg-SADG,BN-Sensitivity,BN-Sensitivity,Seg-SADG,BN-Sensitivity,bn_sensitivity,shallow,0.1,0.1,1.0,0.05,0.1,0.001,0.0001,0.001,0.05,0.5,0.05,rho0p05,new_training,3,2,141,0.06031396612524986,0.06031396612524986,0.06000967613524861,0.006085800834827953,0.0507911563747459,0.13347828636566797,0.05,0.0,0.0,8.00515621691823e-09,0.0,0.0,8.005156674499735e-12,9,23|31|224,36,all_filtered,9,True,D:\Running_Place\PostGraduateProjects\Experiments\PostGraduate\backbones\PertubatedBNStatistics\BN-Sensitivity\shot3\Seed2
PertubatedBNStatistics,Disperssion+Seg-SADG,BN-Sensitivity,BN-Sensitivity,Seg-SADG,BN-Sensitivity,bn_sensitivity,shallow,0.1,0.1,1.0,0.05,0.1,0.001,0.0001,0.001,0.05,0.5,0.05,rho0p05,new_training,3,2,142,0.05869439078701867,0.05869439078701867,0.05842845638593038,0.005318681321417292,0.04936444552408324,0.13504502177238464,0.05,0.0,0.0,7.950921402747705e-09,0.0,0.0,7.9509217496924e-12,9,23|31|224,36,all_filtered,9,True,D:\Running_Place\PostGraduateProjects\Experiments\PostGraduate\backbones\PertubatedBNStatistics\BN-Sensitivity\shot3\Seed2
PertubatedBNStatistics,Disperssion+Seg-SADG,BN-Sensitivity,BN-Sensitivity,Seg-SADG,BN-Sensitivity,bn_sensitivity,shallow,0.1,0.1,1.0,0.05,0.1,0.001,0.0001,0.001,0.05,0.5,0.05,rho0p05,new_training,3,2,143,0.06054700290163358,0.06054700290163358,0.06026708996958203,0.005598258252979981,0.04948686766955587,0.1602209930618604,0.05,0.0,0.0,8.693729637422443e-09,0.0,0.0,8.69373005298509e-12,9,23|31|224,36,all_filtered,9,True,D:\Running_Place\PostGraduateProjects\Experiments\PostGraduate\backbones\PertubatedBNStatistics\BN-Sensitivity\shot3\Seed2
PertubatedBNStatistics,Disperssion+Seg-SADG,BN-Sensitivity,BN-Sensitivity,Seg-SADG,BN-Sensitivity,bn_sensitivity,shallow,0.1,0.1,1.0,0.05,0.1,0.001,0.0001,0.001,0.05,0.5,0.05,rho0p05,new_training,3,2,144,0.05688890152507358,0.05688890152507358,0.05663031587998072,0.005171711841184232,0.04816653496689267,0.12751148889462152,0.05,0.0,0.0,6.23174674826051e-09,0.0,0.0,6.231747058005024e-12,9,23|31|224,36,all_filtered,9,True,D:\Running_Place\PostGraduateProjects\Experiments\PostGraduate\backbones\PertubatedBNStatistics\BN-Sensitivity\shot3\Seed2
PertubatedBNStatistics,Disperssion+Seg-SADG,BN-Sensitivity,BN-Sensitivity,Seg-SADG,BN-Sensitivity,bn_sensitivity,shallow,0.1,0.1,1.0,0.05,0.1,0.001,0.0001,0.001,0.05,0.5,0.05,rho0p05,new_training,3,2,145,0.054967807398902044,0.054967807398902044,0.054720459712876215,0.004946943062047164,0.046653700371583305,0.12037864327430725,0.05,0.0,0.0,6.590701614091661e-09,0.0,0.0,6.590701846159113e-12,9,23|31|224,36,all_filtered,9,True,D:\Running_Place\PostGraduateProjects\Experiments\PostGraduate\backbones\PertubatedBNStatistics\BN-Sensitivity\shot3\Seed2
PertubatedBNStatistics,Disperssion+Seg-SADG,BN-Sensitivity,BN-Sensitivity,Seg-SADG,BN-Sensitivity,bn_sensitivity,shallow,0.1,0.1,1.0,0.05,0.1,0.001,0.0001,0.001,0.05,0.5,0.05,rho0p05,new_training,3,2,146,0.05642222033606635,0.05642222033606635,0.05614127839605013,0.00561884436238971,0.04633087457882033,0.14051439944240782,0.05,0.0,0.0,8.022233642811393e-09,0.0,0.0,8.022233942918554e-12,9,23|31|224,36,all_filtered,9,True,D:\Running_Place\PostGraduateProjects\Experiments\PostGraduate\backbones\PertubatedBNStatistics\BN-Sensitivity\shot3\Seed2
PertubatedBNStatistics,Disperssion+Seg-SADG,BN-Sensitivity,BN-Sensitivity,Seg-SADG,BN-Sensitivity,bn_sensitivity,shallow,0.1,0.1,1.0,0.05,0.1,0.001,0.0001,0.001,0.05,0.5,0.05,rho0p05,new_training,3,2,147,0.05616560040248765,0.05616560040248765,0.055903933528396815,0.005233344854786992,0.04645144442717234,0.13498135573334163,0.05,0.0,0.0,1.086981842806583e-08,0.0,0.0,1.0869818933834097e-11,9,23|31|224,36,all_filtered,9,True,D:\Running_Place\PostGraduateProjects\Experiments\PostGraduate\backbones\PertubatedBNStatistics\BN-Sensitivity\shot3\Seed2
PertubatedBNStatistics,Disperssion+Seg-SADG,BN-Sensitivity,BN-Sensitivity,Seg-SADG,BN-Sensitivity,bn_sensitivity,shallow,0.1,0.1,1.0,0.05,0.1,0.001,0.0001,0.001,0.05,0.5,0.05,rho0p05,new_training,3,2,148,0.05418768690692054,0.05418768690692054,0.05395821730295817,0.004589403772519695,0.04557378341754278,0.1245553269982338,0.05,0.0,0.0,6.495515754897004e-09,0.0,0.0,6.495516027055843e-12,9,23|31|224,36,all_filtered,9,True,D:\Running_Place\PostGraduateProjects\Experiments\PostGraduate\backbones\PertubatedBNStatistics\BN-Sensitivity\shot3\Seed2
PertubatedBNStatistics,Disperssion+Seg-SADG,BN-Sensitivity,BN-Sensitivity,Seg-SADG,BN-Sensitivity,bn_sensitivity,shallow,0.1,0.1,1.0,0.05,0.1,0.001,0.0001,0.001,0.05,0.5,0.05,rho0p05,new_training,3,2,149,0.05285348743200302,0.05285348743200302,0.05259693165620168,0.005131121543753479,0.04410055362515979,0.12280771632989247,0.05,0.0,0.0,6.830782482857166e-09,0.0,0.0,6.830782780651363e-12,9,23|31|224,36,all_filtered,9,True,D:\Running_Place\PostGraduateProjects\Experiments\PostGraduate\backbones\PertubatedBNStatistics\BN-Sensitivity\shot3\Seed2
PertubatedBNStatistics,Disperssion+Seg-SADG,BN-Sensitivity,BN-Sensitivity,Seg-SADG,BN-Sensitivity,bn_sensitivity,shallow,0.1,0.1,1.0,0.05,0.1,0.001,0.0001,0.001,0.05,0.5,0.05,rho0p05,new_training,3,2,150,0.05138176389866405,0.05138176389866405,0.051152838187085256,0.00457851542159915,0.04299370406402482,0.11224142793152067,0.05,0.0,0.0,5.522529939522908e-09,0.0,0.0,5.522530325595255e-12,9,23|31|224,36,all_filtered,9,True,D:\Running_Place\PostGraduateProjects\Experiments\PostGraduate\backbones\PertubatedBNStatistics\BN-Sensitivity\shot3\Seed2
PertubatedBNStatistics,Disperssion+Seg-SADG,BN-Sensitivity,BN-Sensitivity,Seg-SADG,BN-Sensitivity,bn_sensitivity,shallow,0.1,0.1,1.0,0.05,0.1,0.001,0.0001,0.001,0.05,0.5,0.05,rho0p05,new_training,3,2,151,0.05142255706919564,0.05142255706919564,0.051198511901828975,0.004480901225987408,0.04254454167352782,0.124980880982346,0.05,0.0,0.0,6.28589153567955e-09,0.0,0.0,6.285891801284989e-12,9,23|31|224,36,all_filtered,9,True,D:\Running_Place\PostGraduateProjects\Experiments\PostGraduate\backbones\PertubatedBNStatistics\BN-Sensitivity\shot3\Seed2
PertubatedBNStatistics,Disperssion+Seg-SADG,BN-Sensitivity,BN-Sensitivity,Seg-SADG,BN-Sensitivity,bn_sensitivity,shallow,0.1,0.1,1.0,0.05,0.1,0.001,0.0001,0.001,0.05,0.5,0.05,rho0p05,new_training,3,2,152,0.05064615483085314,0.05064615483085314,0.05042897288997968,0.0043436452591170864,0.04232643089360661,0.11653149624665578,0.05,0.0,0.0,6.508525743045526e-09,0.0,0.0,6.508526067631563e-12,9,23|31|224,36,all_filtered,9,True,D:\Running_Place\PostGraduateProjects\Experiments\PostGraduate\backbones\PertubatedBNStatistics\BN-Sensitivity\shot3\Seed2
PertubatedBNStatistics,Disperssion+Seg-SADG,BN-Sensitivity,BN-Sensitivity,Seg-SADG,BN-Sensitivity,bn_sensitivity,shallow,0.1,0.1,1.0,0.05,0.1,0.001,0.0001,0.001,0.05,0.5,0.05,rho0p05,new_training,3,2,153,0.05257653651965989,0.05257653651965989,0.05235735492573844,0.0043836366902622916,0.042949418226877846,0.13839034487803778,0.05,0.0,0.0,7.237371516903106e-09,0.0,0.0,7.237371798506549e-12,9,23|31|224,36,all_filtered,9,True,D:\Running_Place\PostGraduateProjects\Experiments\PostGraduate\backbones\PertubatedBNStatistics\BN-Sensitivity\shot3\Seed2
PertubatedBNStatistics,Disperssion+Seg-SADG,BN-Sensitivity,BN-Sensitivity,Seg-SADG,BN-Sensitivity,bn_sensitivity,shallow,0.1,0.1,1.0,0.05,0.1,0.001,0.0001,0.001,0.05,0.5,0.05,rho0p05,new_training,3,2,154,0.05183820426464081,0.05183820426464081,0.051608765290843114,0.004588792152288888,0.04244187598427137,0.13268580701616076,0.05,0.0,0.0,8.905163224110563e-09,0.0,0.0,8.905163715808295e-12,9,23|31|224,36,all_filtered,9,True,D:\Running_Place\PostGraduateProjects\Experiments\PostGraduate\backbones\PertubatedBNStatistics\BN-Sensitivity\shot3\Seed2
PertubatedBNStatistics,Disperssion+Seg-SADG,BN-Sensitivity,BN-Sensitivity,Seg-SADG,BN-Sensitivity,bn_sensitivity,shallow,0.1,0.1,1.0,0.05,0.1,0.001,0.0001,0.001,0.05,0.5,0.05,rho0p05,new_training,3,2,155,0.05038673679033915,0.05038673679033915,0.0501800709300571,0.004133308306336403,0.041627580093012914,0.1234317281179958,0.05,0.0,0.0,7.648396459379747e-09,0.0,0.0,7.648396793410388e-12,9,23|31|224,36,all_filtered,9,True,D:\Running_Place\PostGraduateProjects\Experiments\PostGraduate\backbones\PertubatedBNStatistics\BN-Sensitivity\shot3\Seed2
PertubatedBNStatistics,Disperssion+Seg-SADG,BN-Sensitivity,BN-Sensitivity,Seg-SADG,BN-Sensitivity,bn_sensitivity,shallow,0.1,0.1,1.0,0.05,0.1,0.001,0.0001,0.001,0.05,0.5,0.05,rho0p05,new_training,3,2,156,0.04974367924862438,0.04974367924862438,0.04954296391871241,0.004014297931765516,0.04139178701572948,0.12155349304278691,0.05,0.0,0.0,6.059925450330184e-09,0.0,0.0,6.059925757568986e-12,9,23|31|224,36,all_filtered,9,True,D:\Running_Place\PostGraduateProjects\Experiments\PostGraduate\backbones\PertubatedBNStatistics\BN-Sensitivity\shot3\Seed2
PertubatedBNStatistics,Disperssion+Seg-SADG,BN-Sensitivity,BN-Sensitivity,Seg-SADG,BN-Sensitivity,bn_sensitivity,shallow,0.1,0.1,1.0,0.05,0.1,0.001,0.0001,0.001,0.05,0.5,0.05,rho0p05,new_training,3,2,157,0.04820387976037131,0.04820387976037131,0.048023714787430234,0.0036032816084722676,0.04075589858823352,0.11058393451902601,0.05,0.0,0.0,4.492843011208139e-09,0.0,0.0,4.4928433080386005e-12,9,23|31|224,36,all_filtered,9,True,D:\Running_Place\PostGraduateProjects\Experiments\PostGraduate\backbones\PertubatedBNStatistics\BN-Sensitivity\shot3\Seed2
PertubatedBNStatistics,Disperssion+Seg-SADG,BN-Sensitivity,BN-Sensitivity,Seg-SADG,BN-Sensitivity,bn_sensitivity,shallow,0.1,0.1,1.0,0.05,0.1,0.001,0.0001,0.001,0.05,0.5,0.05,rho0p05,new_training,3,2,158,0.048678971413109035,0.048678971413109035,0.048476654208368726,0.004046337472067939,0.040246126138501696,0.12003894812530941,0.05,0.0,0.0,5.722086705696307e-09,0.0,0.0,5.7220870595798956e-12,9,23|31|224,36,all_filtered,9,True,D:\Running_Place\PostGraduateProjects\Experiments\PostGraduate\backbones\PertubatedBNStatistics\BN-Sensitivity\shot3\Seed2
PertubatedBNStatistics,Disperssion+Seg-SADG,BN-Sensitivity,BN-Sensitivity,Seg-SADG,BN-Sensitivity,bn_sensitivity,shallow,0.1,0.1,1.0,0.05,0.1,0.001,0.0001,0.001,0.05,0.5,0.05,rho0p05,new_training,3,2,159,0.050261797176467046,0.050261797176467046,0.05003031136261092,0.004629703419696953,0.04111633077263832,0.1334274990691079,0.05,0.0,0.0,6.204888800296102e-09,0.0,0.0,6.2048890813213055e-12,9,23|31|224,36,all_filtered,9,True,D:\Running_Place\PostGraduateProjects\Experiments\PostGraduate\backbones\PertubatedBNStatistics\BN-Sensitivity\shot3\Seed2
PertubatedBNStatistics,Disperssion+Seg-SADG,BN-Sensitivity,BN-Sensitivity,Seg-SADG,BN-Sensitivity,bn_sensitivity,shallow,0.1,0.1,1.0,0.05,0.1,0.001,0.0001,0.001,0.05,0.5,0.05,rho0p05,new_training,3,2,160,0.049524312631951437,0.049524312631951437,0.04929682819379701,0.0045496879352463614,0.04056962869233555,0.1289732489320967,0.05,0.0,0.0,6.821304508895941e-09,0.0,0.0,6.821304902099929e-12,9,23|31|224,36,all_filtered,9,True,D:\Running_Place\PostGraduateProjects\Experiments\PostGraduate\backbones\PertubatedBNStatistics\BN-Sensitivity\shot3\Seed2
PertubatedBNStatistics,Disperssion+Seg-SADG,BN-Sensitivity,BN-Sensitivity,Seg-SADG,BN-Sensitivity,bn_sensitivity,shallow,0.1,0.1,1.0,0.05,0.1,0.001,0.0001,0.001,0.05,0.5,0.05,rho0p05,new_training,3,2,161,0.049407563689682216,0.049407563689682216,0.04919274068540997,0.004296458610850904,0.04026913311746386,0.13035533991124895,0.05,0.0,0.0,6.493388049477744e-09,0.0,0.0,6.493388364619175e-12,9,23|31|224,36,all_filtered,9,True,D:\Running_Place\PostGraduateProjects\Experiments\PostGraduate\backbones\PertubatedBNStatistics\BN-Sensitivity\shot3\Seed2
PertubatedBNStatistics,Disperssion+Seg-SADG,BN-Sensitivity,BN-Sensitivity,Seg-SADG,BN-Sensitivity,bn_sensitivity,shallow,0.1,0.1,1.0,0.05,0.1,0.001,0.0001,0.001,0.05,0.5,0.05,rho0p05,new_training,3,2,162,0.048148048834668264,0.048148048834668264,0.04792977331413163,0.0043655140325427055,0.03942493680450651,0.12375142259730233,0.05,0.0,0.0,6.224763840181582e-09,0.0,0.0,6.224764217773059e-12,9,23|31|224,36,all_filtered,9,True,D:\Running_Place\PostGraduateProjects\Experiments\PostGraduate\backbones\PertubatedBNStatistics\BN-Sensitivity\shot3\Seed2
PertubatedBNStatistics,Disperssion+Seg-SADG,BN-Sensitivity,BN-Sensitivity,Seg-SADG,BN-Sensitivity,bn_sensitivity,shallow,0.1,0.1,1.0,0.05,0.1,0.001,0.0001,0.001,0.05,0.5,0.05,rho0p05,new_training,3,2,163,0.04787753481003973,0.04787753481003973,0.047681257128715515,0.003925545451541741,0.03944455087184906,0.12356820785337025,0.05,0.0,0.0,6.975120530543993e-09,0.0,0.0,6.9751209534310264e-12,9,23|31|224,36,all_filtered,9,True,D:\Running_Place\PostGraduateProjects\Experiments\PostGraduate\backbones\PertubatedBNStatistics\BN-Sensitivity\shot3\Seed2
PertubatedBNStatistics,Disperssion+Seg-SADG,BN-Sensitivity,BN-Sensitivity,Seg-SADG,BN-Sensitivity,bn_sensitivity,shallow,0.1,0.1,1.0,0.05,0.1,0.001,0.0001,0.001,0.05,0.5,0.05,rho0p05,new_training,3,2,164,0.046702375842465296,0.046702375842465296,0.046509113576677114,0.0038652485236525536,0.038560495608382754,0.11901417622963588,0.05,0.0,0.0,5.23104120513867e-09,0.0,0.0,5.2310413668534466e-12,9,23|31|224,36,all_filtered,9,True,D:\Running_Place\PostGraduateProjects\Experiments\PostGraduate\backbones\PertubatedBNStatistics\BN-Sensitivity\shot3\Seed2
PertubatedBNStatistics,Disperssion+Seg-SADG,BN-Sensitivity,BN-Sensitivity,Seg-SADG,BN-Sensitivity,bn_sensitivity,shallow,0.1,0.1,1.0,0.05,0.1,0.001,0.0001,0.001,0.05,0.5,0.05,rho0p05,new_training,3,2,165,0.04467883788877063,0.04467883788877063,0.04447603763805495,0.004056004859093163,0.03718448513083988,0.10603298909134334,0.05,0.0,0.0,6.502108727978061e-09,0.0,0.0,6.502108891813056e-12,9,23|31|224,36,all_filtered,9,True,D:\Running_Place\PostGraduateProjects\Experiments\PostGraduate\backbones\PertubatedBNStatistics\BN-Sensitivity\shot3\Seed2
PertubatedBNStatistics,Disperssion+Seg-SADG,BN-Sensitivity,BN-Sensitivity,Seg-SADG,BN-Sensitivity,bn_sensitivity,shallow,0.1,0.1,1.0,0.05,0.1,0.001,0.0001,0.001,0.05,0.5,0.05,rho0p05,new_training,3,2,166,0.04614807665348053,0.04614807665348053,0.04595725196931097,0.0038165028155263928,0.03775194121731652,0.12021836721234852,0.05,0.0,0.0,5.816755447677717e-09,0.0,0.0,5.816755690153509e-12,9,23|31|224,36,all_filtered,9,True,D:\Running_Place\PostGraduateProjects\Experiments\PostGraduate\backbones\PertubatedBNStatistics\BN-Sensitivity\shot3\Seed2
PertubatedBNStatistics,Disperssion+Seg-SADG,BN-Sensitivity,BN-Sensitivity,Seg-SADG,BN-Sensitivity,bn_sensitivity,shallow,0.1,0.1,1.0,0.05,0.1,0.001,0.0001,0.001,0.05,0.5,0.05,rho0p05,new_training,3,2,167,0.04415817765725984,0.04415817765725984,0.043995598124133214,0.0032515873770332998,0.03660383365220494,0.10570021718740463,0.05,0.0,0.0,5.505638364964069e-09,0.0,0.0,5.505638552121457e-12,9,23|31|224,36,all_filtered,9,True,D:\Running_Place\PostGraduateProjects\Experiments\PostGraduate\backbones\PertubatedBNStatistics\BN-Sensitivity\shot3\Seed2
PertubatedBNStatistics,Disperssion+Seg-SADG,BN-Sensitivity,BN-Sensitivity,Seg-SADG,BN-Sensitivity,bn_sensitivity,shallow,0.1,0.1,1.0,0.05,0.1,0.001,0.0001,0.001,0.05,0.5,0.05,rho0p05,new_training,3,2,168,0.04526695484916369,0.04526695484916369,0.04507821343011326,0.003774822818943196,0.037226897560887866,0.11505306346548928,0.05,0.0,0.0,5.976350550243284e-09,0.0,0.0,5.976350828184534e-12,9,23|31|224,36,all_filtered,9,True,D:\Running_Place\PostGraduateProjects\Experiments\PostGraduate\backbones\PertubatedBNStatistics\BN-Sensitivity\shot3\Seed2
PertubatedBNStatistics,Disperssion+Seg-SADG,BN-Sensitivity,BN-Sensitivity,Seg-SADG,BN-Sensitivity,bn_sensitivity,shallow,0.1,0.1,1.0,0.05,0.1,0.001,0.0001,0.001,0.05,0.5,0.05,rho0p05,new_training,3,2,169,0.04670267179608345,0.04670267179608345,0.046515861319171056,0.003736211866554287,0.037481237616803914,0.13598115824990803,0.05,0.0,0.0,7.891934957389898e-09,0.0,0.0,7.89193534500422e-12,9,23|31|224,36,all_filtered,9,True,D:\Running_Place\PostGraduateProjects\Experiments\PostGraduate\backbones\PertubatedBNStatistics\BN-Sensitivity\shot3\Seed2
PertubatedBNStatistics,Disperssion+Seg-SADG,BN-Sensitivity,BN-Sensitivity,Seg-SADG,BN-Sensitivity,bn_sensitivity,shallow,0.1,0.1,1.0,0.05,0.1,0.001,0.0001,0.001,0.05,0.5,0.05,rho0p05,new_training,3,2,170,0.04339664139681392,0.04339664139681392,0.04321829809082879,0.0035668641535772216,0.036190472543239594,0.10841988689369625,0.05,0.0,0.0,5.242038630331397e-09,0.0,0.0,5.2420389354499814e-12,9,23|31|224,36,all_filtered,9,True,D:\Running_Place\PostGraduateProjects\Experiments\PostGraduate\backbones\PertubatedBNStatistics\BN-Sensitivity\shot3\Seed2
PertubatedBNStatistics,Disperssion+Seg-SADG,BN-Sensitivity,BN-Sensitivity,Seg-SADG,BN-Sensitivity,bn_sensitivity,shallow,0.1,0.1,1.0,0.05,0.1,0.001,0.0001,0.001,0.05,0.5,0.05,rho0p05,new_training,3,2,171,0.04336302479108175,0.04336302479108175,0.04318324807617399,0.003595538152795699,0.03559402604069975,0.11408112777603997,0.05,0.0,0.0,5.918956633463621e-09,0.0,0.0,5.918956971927446e-12,9,23|31|224,36,all_filtered,9,True,D:\Running_Place\PostGraduateProjects\Experiments\PostGraduate\backbones\PertubatedBNStatistics\BN-Sensitivity\shot3\Seed2
PertubatedBNStatistics,Disperssion+Seg-SADG,BN-Sensitivity,BN-Sensitivity,Seg-SADG,BN-Sensitivity,bn_sensitivity,shallow,0.1,0.1,1.0,0.05,0.1,0.001,0.0001,0.001,0.05,0.5,0.05,rho0p05,new_training,3,2,172,0.04281813154617945,0.04281813154617945,0.04263442796137598,0.0036740810092952517,0.03531105340354972,0.10918950703408983,0.05,0.0,0.0,4.887408255882519e-09,0.0,0.0,4.887408499707541e-12,9,23|31|224,36,all_filtered,9,True,D:\Running_Place\PostGraduateProjects\Experiments\PostGraduate\backbones\PertubatedBNStatistics\BN-Sensitivity\shot3\Seed2
PertubatedBNStatistics,Disperssion+Seg-SADG,BN-Sensitivity,BN-Sensitivity,Seg-SADG,BN-Sensitivity,bn_sensitivity,shallow,0.1,0.1,1.0,0.05,0.1,0.001,0.0001,0.001,0.05,0.5,0.05,rho0p05,new_training,3,2,173,0.044195075001981526,0.044195075001981526,0.04401185363531113,0.0036644326109025213,0.03586370042628712,0.12015194611416923,0.05,0.0,0.0,6.6399529825073636e-09,0.0,0.0,6.639953247727309e-12,9,23|31|224,36,all_filtered,9,True,D:\Running_Place\PostGraduateProjects\Experiments\PostGraduate\backbones\PertubatedBNStatistics\BN-Sensitivity\shot3\Seed2
PertubatedBNStatistics,Disperssion+Seg-SADG,BN-Sensitivity,BN-Sensitivity,Seg-SADG,BN-Sensitivity,bn_sensitivity,shallow,0.1,0.1,1.0,0.05,0.1,0.001,0.0001,0.001,0.05,0.5,0.05,rho0p05,new_training,3,2,174,0.04280623338288731,0.04280623338288731,0.04263022748960389,0.0035201310076647336,0.03486099508073595,0.11480884999036789,0.05,0.0,0.0,5.449531616087534e-09,0.0,0.0,5.449531908870308e-12,9,23|31|224,36,all_filtered,9,True,D:\Running_Place\PostGraduateProjects\Experiments\PostGraduate\backbones\PertubatedBNStatistics\BN-Sensitivity\shot3\Seed2
PertubatedBNStatistics,Disperssion+Seg-SADG,BN-Sensitivity,BN-Sensitivity,Seg-SADG,BN-Sensitivity,bn_sensitivity,shallow,0.1,0.1,1.0,0.05,0.1,0.001,0.0001,0.001,0.05,0.5,0.05,rho0p05,new_training,3,2,175,0.04119331720802519,0.04119331720802519,0.04103377337257067,0.0031908725957489675,0.03403884751929177,0.1042858221464687,0.05,0.0,0.0,3.6018554928752957e-09,0.0,0.0,3.6018556000426572e-12,9,23|31|224,36,all_filtered,9,True,D:\Running_Place\PostGraduateProjects\Experiments\PostGraduate\backbones\PertubatedBNStatistics\BN-Sensitivity\shot3\Seed2
PertubatedBNStatistics,Disperssion+Seg-SADG,BN-Sensitivity,BN-Sensitivity,Seg-SADG,BN-Sensitivity,bn_sensitivity,shallow,0.1,0.1,1.0,0.05,0.1,0.001,0.0001,0.001,0.05,0.5,0.05,rho0p05,new_training,3,2,176,0.04151875484320852,0.04151875484320852,0.041360224700636335,0.003170592658635643,0.03412635872761408,0.1123124791516198,0.05,0.0,0.0,5.024432869760176e-09,0.0,0.0,5.024433150592632e-12,9,23|31|224,36,all_filtered,9,True,D:\Running_Place\PostGraduateProjects\Experiments\PostGraduate\backbones\PertubatedBNStatistics\BN-Sensitivity\shot3\Seed2
PertubatedBNStatistics,Disperssion+Seg-SADG,BN-Sensitivity,BN-Sensitivity,Seg-SADG,BN-Sensitivity,bn_sensitivity,shallow,0.1,0.1,1.0,0.05,0.1,0.001,0.0001,0.001,0.05,0.5,0.05,rho0p05,new_training,3,2,177,0.043533742841747075,0.043533742841747075,0.04335947293374273,0.003485392184100217,0.035247859027650624,0.12456053412622875,0.05,0.0,0.0,4.906058719771838e-09,0.0,0.0,4.906058969572019e-12,9,23|31|224,36,all_filtered,9,True,D:\Running_Place\PostGraduateProjects\Experiments\PostGraduate\backbones\PertubatedBNStatistics\BN-Sensitivity\shot3\Seed2
PertubatedBNStatistics,Disperssion+Seg-SADG,BN-Sensitivity,BN-Sensitivity,Seg-SADG,BN-Sensitivity,bn_sensitivity,shallow,0.1,0.1,1.0,0.05,0.1,0.001,0.0001,0.001,0.05,0.5,0.05,rho0p05,new_training,3,2,178,0.04409725177619192,0.04409725177619192,0.04390857658452458,0.0037734994613048104,0.03484837296936247,0.13266525748703215,0.05,0.0,0.0,8.100695867183402e-09,0.0,0.0,8.100696232631814e-12,9,23|31|224,36,all_filtered,9,True,D:\Running_Place\PostGraduateProjects\Experiments\PostGraduate\backbones\PertubatedBNStatistics\BN-Sensitivity\shot3\Seed2
PertubatedBNStatistics,Disperssion+Seg-SADG,BN-Sensitivity,BN-Sensitivity,Seg-SADG,BN-Sensitivity,bn_sensitivity,shallow,0.1,0.1,1.0,0.05,0.1,0.001,0.0001,0.001,0.05,0.5,0.05,rho0p05,new_training,3,2,179,0.042724171860350504,0.042724171860350504,0.042550171001089945,0.003480006216300858,0.034435394323534436,0.1224916966425048,0.05,0.0,0.0,6.255726159309916e-09,0.0,0.0,6.255726429734031e-12,9,23|31|224,36,all_filtered,9,True,D:\Running_Place\PostGraduateProjects\Experiments\PostGraduate\backbones\PertubatedBNStatistics\BN-Sensitivity\shot3\Seed2
PertubatedBNStatistics,Disperssion+Seg-SADG,BN-Sensitivity,BN-Sensitivity,Seg-SADG,BN-Sensitivity,bn_sensitivity,shallow,0.1,0.1,1.0,0.05,0.1,0.001,0.0001,0.001,0.05,0.5,0.05,rho0p05,new_training,3,2,180,0.0397473205294874,0.0397473205294874,0.03958988024128808,0.003148808247513241,0.03293812626765834,0.09946789095799129,0.05,0.0,0.0,4.5412262345618295e-09,0.0,0.0,4.54122648050707e-12,9,23|31|224,36,all_filtered,9,True,D:\Running_Place\PostGraduateProjects\Experiments\PostGraduate\backbones\PertubatedBNStatistics\BN-Sensitivity\shot3\Seed2
PertubatedBNStatistics,Disperssion+Seg-SADG,BN-Sensitivity,BN-Sensitivity,Seg-SADG,BN-Sensitivity,bn_sensitivity,shallow,0.1,0.1,1.0,0.05,0.1,0.001,0.0001,0.001,0.05,0.5,0.05,rho0p05,new_training,3,2,181,0.04206881961888737,0.04206881961888737,0.041899545325173274,0.003385492859201299,0.033400632441043854,0.12680098993910682,0.05,0.0,0.0,6.378273366259969e-09,0.0,0.0,6.378273560356251e-12,9,23|31|224,36,all_filtered,9,True,D:\Running_Place\PostGraduateProjects\Experiments\PostGraduate\backbones\PertubatedBNStatistics\BN-Sensitivity\shot3\Seed2
PertubatedBNStatistics,Disperssion+Seg-SADG,BN-Sensitivity,BN-Sensitivity,Seg-SADG,BN-Sensitivity,bn_sensitivity,shallow,0.1,0.1,1.0,0.05,0.1,0.001,0.0001,0.001,0.05,0.5,0.05,rho0p05,new_training,3,2,182,0.04157931274837918,0.04157931274837918,0.041426357295778066,0.003059104188448853,0.0332632472531663,0.12058976127041711,0.05,0.0,0.0,6.345670186844485e-09,0.0,0.0,6.34567051682744e-12,9,23|31|224,36,all_filtered,9,True,D:\Running_Place\PostGraduateProjects\Experiments\PostGraduate\backbones\PertubatedBNStatistics\BN-Sensitivity\shot3\Seed2
PertubatedBNStatistics,Disperssion+Seg-SADG,BN-Sensitivity,BN-Sensitivity,Seg-SADG,BN-Sensitivity,bn_sensitivity,shallow,0.1,0.1,1.0,0.05,0.1,0.001,0.0001,0.001,0.05,0.5,0.05,rho0p05,new_training,3,2,183,0.04114604534374343,0.04114604534374343,0.04097392658392588,0.003442392632779148,0.03284006896946165,0.12228266812033123,0.05,0.0,0.0,7.066806646033935e-09,0.0,0.0,7.066806919734751e-12,9,23|31|224,36,all_filtered,9,True,D:\Running_Place\PostGraduateProjects\Experiments\PostGraduate\backbones\PertubatedBNStatistics\BN-Sensitivity\shot3\Seed2
PertubatedBNStatistics,Disperssion+Seg-SADG,BN-Sensitivity,BN-Sensitivity,Seg-SADG,BN-Sensitivity,bn_sensitivity,shallow,0.1,0.1,1.0,0.05,0.1,0.001,0.0001,0.001,0.05,0.5,0.05,rho0p05,new_training,3,2,184,0.039205561909410686,0.039205561909410686,0.03907090756628248,0.0026930824129117858,0.03212723322212696,0.11322724405262205,0.05,0.0,0.0,4.3509284570259546e-09,0.0,0.0,4.350928736701929e-12,9,23|31|224,36,all_filtered,9,True,D:\Running_Place\PostGraduateProjects\Experiments\PostGraduate\backbones\PertubatedBNStatistics\BN-Sensitivity\shot3\Seed2
PertubatedBNStatistics,Disperssion+Seg-SADG,BN-Sensitivity,BN-Sensitivity,Seg-SADG,BN-Sensitivity,bn_sensitivity,shallow,0.1,0.1,1.0,0.05,0.1,0.001,0.0001,0.001,0.05,0.5,0.05,rho0p05,new_training,3,2,185,0.04000985912150807,0.04000985912150807,0.03984538341561953,0.003289504468234049,0.031982634423507586,0.1316244767771827,0.05,0.0,0.0,6.0529210285962005e-09,0.0,0.0,6.052921401947242e-12,9,23|31|224,36,all_filtered,9,True,D:\Running_Place\PostGraduateProjects\Experiments\PostGraduate\backbones\PertubatedBNStatistics\BN-Sensitivity\shot3\Seed2
PertubatedBNStatistics,Disperssion+Seg-SADG,BN-Sensitivity,BN-Sensitivity,Seg-SADG,BN-Sensitivity,bn_sensitivity,shallow,0.1,0.1,1.0,0.05,0.1,0.001,0.0001,0.001,0.05,0.5,0.05,rho0p05,new_training,3,2,186,0.03900686941213078,0.03900686941213078,0.03884598281648424,0.0032177415883375537,0.031425187157260046,0.11061976684464349,0.05,0.0,0.0,4.980626651847804e-09,0.0,0.0,4.98062678098833e-12,9,23|31|224,36,all_filtered,9,True,D:\Running_Place\PostGraduateProjects\Experiments\PostGraduate\backbones\PertubatedBNStatistics\BN-Sensitivity\shot3\Seed2
PertubatedBNStatistics,Disperssion+Seg-SADG,BN-Sensitivity,BN-Sensitivity,Seg-SADG,BN-Sensitivity,bn_sensitivity,shallow,0.1,0.1,1.0,0.05,0.1,0.001,0.0001,0.001,0.05,0.5,0.05,rho0p05,new_training,3,2,187,0.03934627357456419,0.03934627357456419,0.03919839817616674,0.0029575183677176633,0.03112607614861594,0.11542399475971858,0.05,0.0,0.0,7.588104071013882e-09,0.0,0.0,7.588104527438903e-12,9,23|31|224,36,all_filtered,9,True,D:\Running_Place\PostGraduateProjects\Experiments\PostGraduate\backbones\PertubatedBNStatistics\BN-Sensitivity\shot3\Seed2
PertubatedBNStatistics,Disperssion+Seg-SADG,BN-Sensitivity,BN-Sensitivity,Seg-SADG,BN-Sensitivity,bn_sensitivity,shallow,0.1,0.1,1.0,0.05,0.1,0.001,0.0001,0.001,0.05,0.5,0.05,rho0p05,new_training,3,2,188,0.03962178031603495,0.03962178031603495,0.03946226918035083,0.003190211007475025,0.0315640154812071,0.11647066060039732,0.05,0.0,0.0,6.054791458333221e-09,0.0,0.0,6.0547916747881614e-12,9,23|31|224,36,all_filtered,9,True,D:\Running_Place\PostGraduateProjects\Experiments\PostGraduate\backbones\PertubatedBNStatistics\BN-Sensitivity\shot3\Seed2
PertubatedBNStatistics,Disperssion+Seg-SADG,BN-Sensitivity,BN-Sensitivity,Seg-SADG,BN-Sensitivity,bn_sensitivity,shallow,0.1,0.1,1.0,0.05,0.1,0.001,0.0001,0.001,0.05,0.5,0.05,rho0p05,new_training,3,2,189,0.03959148128827413,0.03959148128827413,0.03944604595502218,0.002908710286849075,0.03136434675090843,0.11921043859587775,0.05,0.0,0.0,5.4208364710619765e-09,0.0,0.0,5.420836715465239e-12,9,23|31|224,36,all_filtered,9,True,D:\Running_Place\PostGraduateProjects\Experiments\PostGraduate\backbones\PertubatedBNStatistics\BN-Sensitivity\shot3\Seed2
PertubatedBNStatistics,Disperssion+Seg-SADG,BN-Sensitivity,BN-Sensitivity,Seg-SADG,BN-Sensitivity,bn_sensitivity,shallow,0.1,0.1,1.0,0.05,0.1,0.001,0.0001,0.001,0.05,0.5,0.05,rho0p05,new_training,3,2,190,0.03934957252608405,0.03934957252608405,0.03919427510764864,0.003105935744113392,0.03159309323463175,0.11919496705134709,0.05,0.0,0.0,5.389887005849106e-09,0.0,0.0,5.389887321183284e-12,9,23|31|224,36,all_filtered,9,True,D:\Running_Place\PostGraduateProjects\Experiments\PostGraduate\backbones\PertubatedBNStatistics\BN-Sensitivity\shot3\Seed2
PertubatedBNStatistics,Disperssion+Seg-SADG,BN-Sensitivity,BN-Sensitivity,Seg-SADG,BN-Sensitivity,bn_sensitivity,shallow,0.1,0.1,1.0,0.05,0.1,0.001,0.0001,0.001,0.05,0.5,0.05,rho0p05,new_training,3,2,191,0.03710141364071104,0.03710141364071104,0.03696927179892858,0.00264284479069627,0.03067927931745847,0.1038372880882687,0.05,0.0,0.0,5.568385185049528e-09,0.0,0.0,5.568385451811449e-12,9,23|31|224,36,all_filtered,9,True,D:\Running_Place\PostGraduateProjects\Experiments\PostGraduate\backbones\PertubatedBNStatistics\BN-Sensitivity\shot3\Seed2
PertubatedBNStatistics,Disperssion+Seg-SADG,BN-Sensitivity,BN-Sensitivity,Seg-SADG,BN-Sensitivity,bn_sensitivity,shallow,0.1,0.1,1.0,0.05,0.1,0.001,0.0001,0.001,0.05,0.5,0.05,rho0p05,new_training,3,2,192,0.038160560031731926,0.038160560031731926,0.03800327123867141,0.0031457614774505296,0.03043341264128685,0.11263450566265318,0.05,0.0,0.0,5.593949797205116e-09,0.0,0.0,5.59395008372361e-12,9,23|31|224,36,all_filtered,9,True,D:\Running_Place\PostGraduateProjects\Experiments\PostGraduate\backbones\PertubatedBNStatistics\BN-Sensitivity\shot3\Seed2
PertubatedBNStatistics,Disperssion+Seg-SADG,BN-Sensitivity,BN-Sensitivity,Seg-SADG,BN-Sensitivity,bn_sensitivity,shallow,0.1,0.1,1.0,0.05,0.1,0.001,0.0001,0.001,0.05,0.5,0.05,rho0p05,new_training,3,2,193,0.03961794782016012,0.03961794782016012,0.03946506935689184,0.0030575745299251545,0.03082720749080181,0.12567008369498783,0.05,0.0,0.0,8.076245795586424e-09,0.0,0.0,8.076246124412897e-12,9,23|31|224,36,all_filtered,9,True,D:\Running_Place\PostGraduateProjects\Experiments\PostGraduate\backbones\PertubatedBNStatistics\BN-Sensitivity\shot3\Seed2
PertubatedBNStatistics,Disperssion+Seg-SADG,BN-Sensitivity,BN-Sensitivity,Seg-SADG,BN-Sensitivity,bn_sensitivity,shallow,0.1,0.1,1.0,0.05,0.1,0.001,0.0001,0.001,0.05,0.5,0.05,rho0p05,new_training,3,2,194,0.03983287430471844,0.03983287430471844,0.03967808559536934,0.0030957655463781622,0.031482173336876765,0.12537969483269584,0.05,0.0,0.0,5.784388005617795e-09,0.0,0.0,5.784388279896851e-12,9,23|31|224,36,all_filtered,9,True,D:\Running_Place\PostGraduateProjects\Experiments\PostGraduate\backbones\PertubatedBNStatistics\BN-Sensitivity\shot3\Seed2
PertubatedBNStatistics,Disperssion+Seg-SADG,BN-Sensitivity,BN-Sensitivity,Seg-SADG,BN-Sensitivity,bn_sensitivity,shallow,0.1,0.1,1.0,0.05,0.1,0.001,0.0001,0.001,0.05,0.5,0.05,rho0p05,new_training,3,2,195,0.03823422433601485,0.03823422433601485,0.03808519740899404,0.0029805452407648167,0.030705163669255044,0.1157688010070059,0.05,0.0,0.0,5.3337171222899036e-09,0.0,0.0,5.333717480992169e-12,9,23|31|224,36,all_filtered,9,True,D:\Running_Place\PostGraduateProjects\Experiments\PostGraduate\backbones\PertubatedBNStatistics\BN-Sensitivity\shot3\Seed2
PertubatedBNStatistics,Disperssion+Seg-SADG,BN-Sensitivity,BN-Sensitivity,Seg-SADG,BN-Sensitivity,bn_sensitivity,shallow,0.1,0.1,1.0,0.05,0.1,0.001,0.0001,0.001,0.05,0.5,0.05,rho0p05,new_training,3,2,196,0.03919990981618563,0.03919990981618563,0.039059944450855255,0.0027993175770259565,0.03073510734571351,0.12655631949504217,0.05,0.0,0.0,7.521835253419972e-09,0.0,0.0,7.52183568131843e-12,9,23|31|224,36,all_filtered,9,True,D:\Running_Place\PostGraduateProjects\Experiments\PostGraduate\backbones\PertubatedBNStatistics\BN-Sensitivity\shot3\Seed2
PertubatedBNStatistics,Disperssion+Seg-SADG,BN-Sensitivity,BN-Sensitivity,Seg-SADG,BN-Sensitivity,bn_sensitivity,shallow,0.1,0.1,1.0,0.05,0.1,0.001,0.0001,0.001,0.05,0.5,0.05,rho0p05,new_training,3,2,197,0.03883347991440031,0.03883347991440031,0.038692460705836616,0.0028203748321781554,0.030627505853772163,0.1268464500705401,0.05,0.0,0.0,5.545596327828485e-09,0.0,0.0,5.545596606347976e-12,9,23|31|224,36,all_filtered,9,True,D:\Running_Place\PostGraduateProjects\Experiments\PostGraduate\backbones\PertubatedBNStatistics\BN-Sensitivity\shot3\Seed2
PertubatedBNStatistics,Disperssion+Seg-SADG,BN-Sensitivity,BN-Sensitivity,Seg-SADG,BN-Sensitivity,bn_sensitivity,shallow,0.1,0.1,1.0,0.05,0.1,0.001,0.0001,0.001,0.05,0.5,0.05,rho0p05,new_training,3,2,198,0.03799262932605214,0.03799262932605214,0.037824418395757675,0.0033642135094851255,0.030289264395833015,0.11679350253608492,0.05,0.0,0.0,5.613396266331468e-09,0.0,0.0,5.6133965386830536e-12,9,23|31|224,36,all_filtered,9,True,D:\Running_Place\PostGraduateProjects\Experiments\PostGraduate\backbones\PertubatedBNStatistics\BN-Sensitivity\shot3\Seed2
PertubatedBNStatistics,Disperssion+Seg-SADG,BN-Sensitivity,BN-Sensitivity,Seg-SADG,BN-Sensitivity,bn_sensitivity,shallow,0.1,0.1,1.0,0.05,0.1,0.001,0.0001,0.001,0.05,0.5,0.05,rho0p05,new_training,3,2,199,0.03617716725501749,0.03617716725501749,0.03603363802863492,0.0028705905036379895,0.029217574331495497,0.10362048198779424,0.05,0.0,0.0,4.945828536841014e-09,0.0,0.0,4.945828782208012e-12,9,23|31|224,36,all_filtered,9,True,D:\Running_Place\PostGraduateProjects\Experiments\PostGraduate\backbones\PertubatedBNStatistics\BN-Sensitivity\shot3\Seed2
PertubatedBNStatistics,Disperssion+Seg-SADG,BN-Sensitivity,BN-Sensitivity,Seg-SADG,BN-Sensitivity,bn_sensitivity,shallow,0.1,0.1,1.0,0.05,0.1,0.001,0.0001,0.001,0.05,0.5,0.05,rho0p05,new_training,3,2,200,0.03580381390121248,0.03580381390121248,0.035673331883218556,0.002609648457210925,0.02842824471493562,0.11030918194188012,0.05,0.0,0.0,5.291426802895355e-09,0.0,0.0,5.2914270428654365e-12,9,23|31|224,36,all_filtered,9,True,D:\Running_Place\PostGraduateProjects\Experiments\PostGraduate\backbones\PertubatedBNStatistics\BN-Sensitivity\shot3\Seed2
