experiment,base_method,loss_mode,ablation,sadg_method,bn_method,bn_method_tag,bn_layers,bn_mu_std,bn_logvar_std,bn_adv_radius,lambda_bn_cons,lambda_bn_adv,lambda_bn_sens,lambda_bn_affine,lambda_bn_compact,lambda_disp,dice_weight,rho,rho_tag,checkpoint_source,shot,seed,epoch,train_loss,train_base_loss,train_seg_loss,train_disp_loss,epsilon_loss,sadg_grad_norm,perturb_norm,bn_cons_loss,bn_adv_loss,bn_sens_loss,bn_affine_loss,bn_compact_loss,bn_total_reg_loss,steps,train_case_ids,n_train_slices,slice_policy,num_middle_slices,filter_min_fg,output_dir
PertubatedBNStatistics,Disperssion+Seg-SADG,BN-Consistency,BN-Consistency,Seg-SADG,BN-Consistency,bn_consistency,shallow,0.1,0.1,1.0,0.05,0.1,0.001,0.0001,0.001,0.05,0.5,0.05,rho0p05,new_training,3,2,1,1.7771639161639743,1.7770062022738986,1.7466385894351535,0.6073525150616964,1.6073015530904133,2.7285897731781006,0.05,0.0031541421259236005,0.0,0.0,0.0,0.0,0.00015770710807474743,9,23|31|224,36,all_filtered,9,True,D:\Running_Place\PostGraduateProjects\Experiments\PostGraduate\backbones\PertubatedBNStatistics\BN-Consistency\shot3\Seed2
PertubatedBNStatistics,Disperssion+Seg-SADG,BN-Consistency,BN-Consistency,Seg-SADG,BN-Consistency,bn_consistency,shallow,0.1,0.1,1.0,0.05,0.1,0.001,0.0001,0.001,0.05,0.5,0.05,rho0p05,new_training,3,2,2,1.2665336264504328,1.2665034135182698,1.2436990870369806,0.4560862183570862,1.167034109433492,1.4290277825461493,0.05,0.0006041614817351931,0.0,0.0,0.0,0.0,3.0208074652667467e-05,9,23|31|224,36,all_filtered,9,True,D:\Running_Place\PostGraduateProjects\Experiments\PostGraduate\backbones\PertubatedBNStatistics\BN-Consistency\shot3\Seed2
PertubatedBNStatistics,Disperssion+Seg-SADG,BN-Consistency,BN-Consistency,Seg-SADG,BN-Consistency,bn_consistency,shallow,0.1,0.1,1.0,0.05,0.1,0.001,0.0001,0.001,0.05,0.5,0.05,rho0p05,new_training,3,2,3,1.1167315509584215,1.11672133869595,1.0942020283804998,0.4503861533270942,1.0333485735787287,1.129137184884813,0.05,0.00020390117182008302,0.0,0.0,0.0,0.0,1.0195058823430574e-05,9,23|31|224,36,all_filtered,9,True,D:\Running_Place\PostGraduateProjects\Experiments\PostGraduate\backbones\PertubatedBNStatistics\BN-Consistency\shot3\Seed2
PertubatedBNStatistics,Disperssion+Seg-SADG,BN-Consistency,BN-Consistency,Seg-SADG,BN-Consistency,bn_consistency,shallow,0.1,0.1,1.0,0.05,0.1,0.001,0.0001,0.001,0.05,0.5,0.05,rho0p05,new_training,3,2,4,1.0288699335522122,1.0288566946983337,1.0062818460994296,0.45149726337856716,0.9493132564756606,0.9923455715179443,0.05,0.00026496156755860686,0.0,0.0,0.0,0.0,1.3248078731622729e-05,9,23|31|224,36,all_filtered,9,True,D:\Running_Place\PostGraduateProjects\Experiments\PostGraduate\backbones\PertubatedBNStatistics\BN-Consistency\shot3\Seed2
PertubatedBNStatistics,Disperssion+Seg-SADG,BN-Consistency,BN-Consistency,Seg-SADG,BN-Consistency,bn_consistency,shallow,0.1,0.1,1.0,0.05,0.1,0.001,0.0001,0.001,0.05,0.5,0.05,rho0p05,new_training,3,2,5,0.9603385130564371,0.9603172209527757,0.9391725858052572,0.4228927261299557,0.8918204572465684,0.8584380679660373,0.05,0.00042558517937626067,0.0,0.0,0.0,0.0,2.127925934776916e-05,9,23|31|224,36,all_filtered,9,True,D:\Running_Place\PostGraduateProjects\Experiments\PostGraduate\backbones\PertubatedBNStatistics\BN-Consistency\shot3\Seed2
PertubatedBNStatistics,Disperssion+Seg-SADG,BN-Consistency,BN-Consistency,Seg-SADG,BN-Consistency,bn_consistency,shallow,0.1,0.1,1.0,0.05,0.1,0.001,0.0001,0.001,0.05,0.5,0.05,rho0p05,new_training,3,2,6,0.8988039559788175,0.8987723655170865,0.885789778497484,0.25965187119113076,0.8389008045196533,0.8417890270551046,0.05,0.000631842670069697,0.0,0.0,0.0,0.0,3.159213378643876e-05,9,23|31|224,36,all_filtered,9,True,D:\Running_Place\PostGraduateProjects\Experiments\PostGraduate\backbones\PertubatedBNStatistics\BN-Consistency\shot3\Seed2
PertubatedBNStatistics,Disperssion+Seg-SADG,BN-Consistency,BN-Consistency,Seg-SADG,BN-Consistency,bn_consistency,shallow,0.1,0.1,1.0,0.05,0.1,0.001,0.0001,0.001,0.05,0.5,0.05,rho0p05,new_training,3,2,7,0.8519342343012491,0.851911895804935,0.8429849743843079,0.17853844828075832,0.7987605664465163,0.8233548005421957,0.05,0.00044681250842081174,0.0,0.0,0.0,0.0,2.2340625946526416e-05,9,23|31|224,36,all_filtered,9,True,D:\Running_Place\PostGraduateProjects\Experiments\PostGraduate\backbones\PertubatedBNStatistics\BN-Consistency\shot3\Seed2
PertubatedBNStatistics,Disperssion+Seg-SADG,BN-Consistency,BN-Consistency,Seg-SADG,BN-Consistency,bn_consistency,shallow,0.1,0.1,1.0,0.05,0.1,0.001,0.0001,0.001,0.05,0.5,0.05,rho0p05,new_training,3,2,8,0.8001151614718967,0.800087226761712,0.7928515672683716,0.1447130317489306,0.7507468594445122,0.7789249022801717,0.05,0.000558610842239836,0.0,0.0,0.0,0.0,2.7930542778954583e-05,9,23|31|224,36,all_filtered,9,True,D:\Running_Place\PostGraduateProjects\Experiments\PostGraduate\backbones\PertubatedBNStatistics\BN-Consistency\shot3\Seed2
PertubatedBNStatistics,Disperssion+Seg-SADG,BN-Consistency,BN-Consistency,Seg-SADG,BN-Consistency,bn_consistency,shallow,0.1,0.1,1.0,0.05,0.1,0.001,0.0001,0.001,0.05,0.5,0.05,rho0p05,new_training,3,2,9,0.7460258404413859,0.7459699246618483,0.7394211623403761,0.13097521662712097,0.6951117714246114,0.8207531107796563,0.05,0.0011184122445734425,0.0,0.0,0.0,0.0,5.592061279457994e-05,9,23|31|224,36,all_filtered,9,True,D:\Running_Place\PostGraduateProjects\Experiments\PostGraduate\backbones\PertubatedBNStatistics\BN-Consistency\shot3\Seed2
PertubatedBNStatistics,Disperssion+Seg-SADG,BN-Consistency,BN-Consistency,Seg-SADG,BN-Consistency,bn_consistency,shallow,0.1,0.1,1.0,0.05,0.1,0.001,0.0001,0.001,0.05,0.5,0.05,rho0p05,new_training,3,2,10,0.7120683921708001,0.7120169864760505,0.7055316964785258,0.12970577428738275,0.6563851038614908,0.8190064364009433,0.05,0.0010281506919353786,0.0,0.0,0.0,0.0,5.140753536478668e-05,9,23|31|224,36,all_filtered,9,True,D:\Running_Place\PostGraduateProjects\Experiments\PostGraduate\backbones\PertubatedBNStatistics\BN-Consistency\shot3\Seed2
PertubatedBNStatistics,Disperssion+Seg-SADG,BN-Consistency,BN-Consistency,Seg-SADG,BN-Consistency,bn_consistency,shallow,0.1,0.1,1.0,0.05,0.1,0.001,0.0001,0.001,0.05,0.5,0.05,rho0p05,new_training,3,2,11,0.6639560196134779,0.6639153824912177,0.6592025094562106,0.09425751119852066,0.6171049343215095,0.7759904265403748,0.05,0.00081266118084184,0.0,0.0,0.0,0.0,4.063305985053173e-05,9,23|31|224,36,all_filtered,9,True,D:\Running_Place\PostGraduateProjects\Experiments\PostGraduate\backbones\PertubatedBNStatistics\BN-Consistency\shot3\Seed2
PertubatedBNStatistics,Disperssion+Seg-SADG,BN-Consistency,BN-Consistency,Seg-SADG,BN-Consistency,bn_consistency,shallow,0.1,0.1,1.0,0.05,0.1,0.001,0.0001,0.001,0.05,0.5,0.05,rho0p05,new_training,3,2,12,0.6290237175093757,0.6289689673317803,0.6249212291505601,0.08095493705736266,0.5771622790230645,0.8469816313849555,0.05,0.0010950485140913064,0.0,0.0,0.0,0.0,5.4752426674692994e-05,9,23|31|224,36,all_filtered,9,True,D:\Running_Place\PostGraduateProjects\Experiments\PostGraduate\backbones\PertubatedBNStatistics\BN-Consistency\shot3\Seed2
PertubatedBNStatistics,Disperssion+Seg-SADG,BN-Consistency,BN-Consistency,Seg-SADG,BN-Consistency,bn_consistency,shallow,0.1,0.1,1.0,0.05,0.1,0.001,0.0001,0.001,0.05,0.5,0.05,rho0p05,new_training,3,2,13,0.5936695668432448,0.5936312013202243,0.5905431045426263,0.06176199225915803,0.5507137974103292,0.7349987559848361,0.05,0.0007674052224804958,0.0,0.0,0.0,0.0,3.8370261588877635e-05,9,23|31|224,36,all_filtered,9,True,D:\Running_Place\PostGraduateProjects\Experiments\PostGraduate\backbones\PertubatedBNStatistics\BN-Consistency\shot3\Seed2
PertubatedBNStatistics,Disperssion+Seg-SADG,BN-Consistency,BN-Consistency,Seg-SADG,BN-Consistency,bn_consistency,shallow,0.1,0.1,1.0,0.05,0.1,0.001,0.0001,0.001,0.05,0.5,0.05,rho0p05,new_training,3,2,14,0.56052299340566,0.5604687134424845,0.55830889277988,0.04319643105069796,0.5193734301461114,0.7185393704308404,0.05,0.0010854464101915557,0.0,0.0,0.0,0.0,5.427232160097143e-05,9,23|31|224,36,all_filtered,9,True,D:\Running_Place\PostGraduateProjects\Experiments\PostGraduate\backbones\PertubatedBNStatistics\BN-Consistency\shot3\Seed2
PertubatedBNStatistics,Disperssion+Seg-SADG,BN-Consistency,BN-Consistency,Seg-SADG,BN-Consistency,bn_consistency,shallow,0.1,0.1,1.0,0.05,0.1,0.001,0.0001,0.001,0.05,0.5,0.05,rho0p05,new_training,3,2,15,0.5302793582280477,0.5302286479208205,0.5284384422832065,0.03580393290354146,0.49151142438252765,0.6992835137579176,0.05,0.0010142290589606597,0.0,0.0,0.0,0.0,5.0711453190564905e-05,9,23|31|224,36,all_filtered,9,True,D:\Running_Place\PostGraduateProjects\Experiments\PostGraduate\backbones\PertubatedBNStatistics\BN-Consistency\shot3\Seed2
PertubatedBNStatistics,Disperssion+Seg-SADG,BN-Consistency,BN-Consistency,Seg-SADG,BN-Consistency,bn_consistency,shallow,0.1,0.1,1.0,0.05,0.1,0.001,0.0001,0.001,0.05,0.5,0.05,rho0p05,new_training,3,2,16,0.5026862886216905,0.5025906099213494,0.5012401474846734,0.027009264669484563,0.46263498398992753,0.6918666031625536,0.05,0.001913536566361371,0.0,0.0,0.0,0.0,9.567682860102245e-05,9,23|31|224,36,all_filtered,9,True,D:\Running_Place\PostGraduateProjects\Experiments\PostGraduate\backbones\PertubatedBNStatistics\BN-Consistency\shot3\Seed2
PertubatedBNStatistics,Disperssion+Seg-SADG,BN-Consistency,BN-Consistency,Seg-SADG,BN-Consistency,bn_consistency,shallow,0.1,0.1,1.0,0.05,0.1,0.001,0.0001,0.001,0.05,0.5,0.05,rho0p05,new_training,3,2,17,0.4786744647555881,0.4785954025056627,0.47729263703028363,0.026055317579044238,0.440527124537362,0.6781060563193427,0.05,0.0015813488862477243,0.0,0.0,0.0,0.0,7.906744698023734e-05,9,23|31|224,36,all_filtered,9,True,D:\Running_Place\PostGraduateProjects\Experiments\PostGraduate\backbones\PertubatedBNStatistics\BN-Consistency\shot3\Seed2
PertubatedBNStatistics,Disperssion+Seg-SADG,BN-Consistency,BN-Consistency,Seg-SADG,BN-Consistency,bn_consistency,shallow,0.1,0.1,1.0,0.05,0.1,0.001,0.0001,0.001,0.05,0.5,0.05,rho0p05,new_training,3,2,18,0.47073158621788025,0.47063091066148544,0.46863005227512783,0.04001700753966967,0.42762646741337246,0.7059017022450765,0.05,0.002013431079426987,0.0,0.0,0.0,0.0,0.00010067155603287069,9,23|31|224,36,all_filtered,9,True,D:\Running_Place\PostGraduateProjects\Experiments\PostGraduate\backbones\PertubatedBNStatistics\BN-Consistency\shot3\Seed2
PertubatedBNStatistics,Disperssion+Seg-SADG,BN-Consistency,BN-Consistency,Seg-SADG,BN-Consistency,bn_consistency,shallow,0.1,0.1,1.0,0.05,0.1,0.001,0.0001,0.001,0.05,0.5,0.05,rho0p05,new_training,3,2,19,0.4579204883840349,0.45786409907870823,0.45626889997058445,0.03190405076990525,0.4165954689184825,0.6762277020348443,0.05,0.0011277413448422318,0.0,0.0,0.0,0.0,5.6387067565487494e-05,9,23|31|224,36,all_filtered,9,True,D:\Running_Place\PostGraduateProjects\Experiments\PostGraduate\backbones\PertubatedBNStatistics\BN-Consistency\shot3\Seed2
PertubatedBNStatistics,Disperssion+Seg-SADG,BN-Consistency,BN-Consistency,Seg-SADG,BN-Consistency,bn_consistency,shallow,0.1,0.1,1.0,0.05,0.1,0.001,0.0001,0.001,0.05,0.5,0.05,rho0p05,new_training,3,2,20,0.4363798134856754,0.4363159073723687,0.43494709995057845,0.027376120599607628,0.3994428846571181,0.6345817380481296,0.05,0.0012782000509711604,0.0,0.0,0.0,0.0,6.39100035186857e-05,9,23|31|224,36,all_filtered,9,True,D:\Running_Place\PostGraduateProjects\Experiments\PostGraduate\backbones\PertubatedBNStatistics\BN-Consistency\shot3\Seed2
PertubatedBNStatistics,Disperssion+Seg-SADG,BN-Consistency,BN-Consistency,Seg-SADG,BN-Consistency,bn_consistency,shallow,0.1,0.1,1.0,0.05,0.1,0.001,0.0001,0.001,0.05,0.5,0.05,rho0p05,new_training,3,2,21,0.40555264552434284,0.40549373626708984,0.404497633377711,0.019922063685953617,0.37211426099141437,0.584116968843672,0.05,0.0011781728050361078,0.0,0.0,0.0,0.0,5.89086420303728e-05,9,23|31|224,36,all_filtered,9,True,D:\Running_Place\PostGraduateProjects\Experiments\PostGraduate\backbones\PertubatedBNStatistics\BN-Consistency\shot3\Seed2
PertubatedBNStatistics,Disperssion+Seg-SADG,BN-Consistency,BN-Consistency,Seg-SADG,BN-Consistency,bn_consistency,shallow,0.1,0.1,1.0,0.05,0.1,0.001,0.0001,0.001,0.05,0.5,0.05,rho0p05,new_training,3,2,22,0.38319072789616054,0.38313328226407367,0.38235990868674385,0.01546736630714602,0.35258013010025024,0.5465492208798727,0.05,0.0011489448693787886,0.0,0.0,0.0,0.0,5.744724492413095e-05,9,23|31|224,36,all_filtered,9,True,D:\Running_Place\PostGraduateProjects\Experiments\PostGraduate\backbones\PertubatedBNStatistics\BN-Consistency\shot3\Seed2
PertubatedBNStatistics,Disperssion+Seg-SADG,BN-Consistency,BN-Consistency,Seg-SADG,BN-Consistency,bn_consistency,shallow,0.1,0.1,1.0,0.05,0.1,0.001,0.0001,0.001,0.05,0.5,0.05,rho0p05,new_training,3,2,23,0.3633762035104964,0.3633204334312015,0.3623902565903134,0.018603493149081867,0.3332656919956207,0.5258933438195122,0.05,0.0011154372283878426,0.0,0.0,0.0,0.0,5.577186230867584e-05,9,23|31|224,36,all_filtered,9,True,D:\Running_Place\PostGraduateProjects\Experiments\PostGraduate\backbones\PertubatedBNStatistics\BN-Consistency\shot3\Seed2
PertubatedBNStatistics,Disperssion+Seg-SADG,BN-Consistency,BN-Consistency,Seg-SADG,BN-Consistency,bn_consistency,shallow,0.1,0.1,1.0,0.05,0.1,0.001,0.0001,0.001,0.05,0.5,0.05,rho0p05,new_training,3,2,24,0.37824467155668473,0.3781761195924547,0.3763367964161767,0.03678641157845656,0.33107901281780666,0.7101743552419875,0.05,0.0013711293253840671,0.0,0.0,0.0,0.0,6.85564664308913e-05,9,23|31|224,36,all_filtered,9,True,D:\Running_Place\PostGraduateProjects\Experiments\PostGraduate\backbones\PertubatedBNStatistics\BN-Consistency\shot3\Seed2
PertubatedBNStatistics,Disperssion+Seg-SADG,BN-Consistency,BN-Consistency,Seg-SADG,BN-Consistency,bn_consistency,shallow,0.1,0.1,1.0,0.05,0.1,0.001,0.0001,0.001,0.05,0.5,0.05,rho0p05,new_training,3,2,25,0.36414384179645115,0.3640571071041955,0.3633582393328349,0.013977331575006247,0.33217846353848773,0.5700879693031311,0.05,0.0017346979067143467,0.0,0.0,0.0,0.0,8.673489719512872e-05,9,23|31|224,36,all_filtered,9,True,D:\Running_Place\PostGraduateProjects\Experiments\PostGraduate\backbones\PertubatedBNStatistics\BN-Consistency\shot3\Seed2
PertubatedBNStatistics,Disperssion+Seg-SADG,BN-Consistency,BN-Consistency,Seg-SADG,BN-Consistency,bn_consistency,shallow,0.1,0.1,1.0,0.05,0.1,0.001,0.0001,0.001,0.05,0.5,0.05,rho0p05,new_training,3,2,26,0.3482488758034176,0.3481682605213589,0.3471682303481632,0.020000521300567523,0.315570463736852,0.5478076636791229,0.05,0.0016122559868057983,0.0,0.0,0.0,0.0,8.061280115927932e-05,9,23|31|224,36,all_filtered,9,True,D:\Running_Place\PostGraduateProjects\Experiments\PostGraduate\backbones\PertubatedBNStatistics\BN-Consistency\shot3\Seed2
PertubatedBNStatistics,Disperssion+Seg-SADG,BN-Consistency,BN-Consistency,Seg-SADG,BN-Consistency,bn_consistency,shallow,0.1,0.1,1.0,0.05,0.1,0.001,0.0001,0.001,0.05,0.5,0.05,rho0p05,new_training,3,2,27,0.3376290533277724,0.33757880992359585,0.3365665872891744,0.020244521088898182,0.3046320610576206,0.561573906077279,0.05,0.001004847251654913,0.0,0.0,0.0,0.0,5.024236310823148e-05,9,23|31|224,36,all_filtered,9,True,D:\Running_Place\PostGraduateProjects\Experiments\PostGraduate\backbones\PertubatedBNStatistics\BN-Consistency\shot3\Seed2
PertubatedBNStatistics,Disperssion+Seg-SADG,BN-Consistency,BN-Consistency,Seg-SADG,BN-Consistency,bn_consistency,shallow,0.1,0.1,1.0,0.05,0.1,0.001,0.0001,0.001,0.05,0.5,0.05,rho0p05,new_training,3,2,28,0.31911083062489826,0.31902186738120186,0.31806224915716386,0.01919236748168866,0.28914257552888656,0.5133172902796004,0.05,0.0017793167692919571,0.0,0.0,0.0,0.0,8.896583878797376e-05,9,23|31|224,36,all_filtered,9,True,D:\Running_Place\PostGraduateProjects\Experiments\PostGraduate\backbones\PertubatedBNStatistics\BN-Consistency\shot3\Seed2
PertubatedBNStatistics,Disperssion+Seg-SADG,BN-Consistency,BN-Consistency,Seg-SADG,BN-Consistency,bn_consistency,shallow,0.1,0.1,1.0,0.05,0.1,0.001,0.0001,0.001,0.05,0.5,0.05,rho0p05,new_training,3,2,29,0.30051329069667393,0.30046061012479996,0.2997190058231354,0.014832070459508233,0.27335760990778607,0.47156503796577454,0.05,0.0010535622067335579,0.0,0.0,0.0,0.0,5.267811098342968e-05,9,23|31|224,36,all_filtered,9,True,D:\Running_Place\PostGraduateProjects\Experiments\PostGraduate\backbones\PertubatedBNStatistics\BN-Consistency\shot3\Seed2
PertubatedBNStatistics,Disperssion+Seg-SADG,BN-Consistency,BN-Consistency,Seg-SADG,BN-Consistency,bn_consistency,shallow,0.1,0.1,1.0,0.05,0.1,0.001,0.0001,0.001,0.05,0.5,0.05,rho0p05,new_training,3,2,30,0.2815714445379045,0.2815161082479689,0.28094903296894497,0.011341514790223705,0.25669024056858486,0.43149228890736896,0.05,0.0011067339865904716,0.0,0.0,0.0,0.0,5.533670062302715e-05,9,23|31|224,36,all_filtered,9,True,D:\Running_Place\PostGraduateProjects\Experiments\PostGraduate\backbones\PertubatedBNStatistics\BN-Consistency\shot3\Seed2
PertubatedBNStatistics,Disperssion+Seg-SADG,BN-Consistency,BN-Consistency,Seg-SADG,BN-Consistency,bn_consistency,shallow,0.1,0.1,1.0,0.05,0.1,0.001,0.0001,0.001,0.05,0.5,0.05,rho0p05,new_training,3,2,31,0.2677675055132972,0.2677109307712979,0.26705411904388004,0.013136233823994795,0.2431744866900974,0.42597586909929913,0.05,0.0011314803656811516,0.0,0.0,0.0,0.0,5.657401965840513e-05,9,23|31|224,36,all_filtered,9,True,D:\Running_Place\PostGraduateProjects\Experiments\PostGraduate\backbones\PertubatedBNStatistics\BN-Consistency\shot3\Seed2
PertubatedBNStatistics,Disperssion+Seg-SADG,BN-Consistency,BN-Consistency,Seg-SADG,BN-Consistency,bn_consistency,shallow,0.1,0.1,1.0,0.05,0.1,0.001,0.0001,0.001,0.05,0.5,0.05,rho0p05,new_training,3,2,32,0.25940538280540043,0.25935667256514233,0.2585143513149685,0.016846396184215944,0.23438478178448147,0.42122099465794033,0.05,0.0009742568104734851,0.0,0.0,0.0,0.0,4.87128422213977e-05,9,23|31|224,36,all_filtered,9,True,D:\Running_Place\PostGraduateProjects\Experiments\PostGraduate\backbones\PertubatedBNStatistics\BN-Consistency\shot3\Seed2
PertubatedBNStatistics,Disperssion+Seg-SADG,BN-Consistency,BN-Consistency,Seg-SADG,BN-Consistency,bn_consistency,shallow,0.1,0.1,1.0,0.05,0.1,0.001,0.0001,0.001,0.05,0.5,0.05,rho0p05,new_training,3,2,33,0.25002555714713204,0.2499877711137136,0.2492118494378196,0.015518453748275837,0.2254640691810184,0.4084509015083313,0.05,0.0007556717124922822,0.0,0.0,0.0,0.0,3.778358647347583e-05,9,23|31|224,36,all_filtered,9,True,D:\Running_Place\PostGraduateProjects\Experiments\PostGraduate\backbones\PertubatedBNStatistics\BN-Consistency\shot3\Seed2
PertubatedBNStatistics,Disperssion+Seg-SADG,BN-Consistency,BN-Consistency,Seg-SADG,BN-Consistency,bn_consistency,shallow,0.1,0.1,1.0,0.05,0.1,0.001,0.0001,0.001,0.05,0.5,0.05,rho0p05,new_training,3,2,34,0.24074683255619472,0.24070004291004604,0.24004372457663217,0.013126348662707541,0.21598742571141985,0.39766772588094074,0.05,0.0009357948502939609,0.0,0.0,0.0,0.0,4.6789742757229964e-05,9,23|31|224,36,all_filtered,9,True,D:\Running_Place\PostGraduateProjects\Experiments\PostGraduate\backbones\PertubatedBNStatistics\BN-Consistency\shot3\Seed2
PertubatedBNStatistics,Disperssion+Seg-SADG,BN-Consistency,BN-Consistency,Seg-SADG,BN-Consistency,bn_consistency,shallow,0.1,0.1,1.0,0.05,0.1,0.001,0.0001,0.001,0.05,0.5,0.05,rho0p05,new_training,3,2,35,0.23266905546188354,0.2325966027047899,0.23181602358818054,0.015611620102491643,0.2082522213459015,0.394035945336024,0.05,0.0014490479111878409,0.0,0.0,0.0,0.0,7.245239733795945e-05,9,23|31|224,36,all_filtered,9,True,D:\Running_Place\PostGraduateProjects\Experiments\PostGraduate\backbones\PertubatedBNStatistics\BN-Consistency\shot3\Seed2
PertubatedBNStatistics,Disperssion+Seg-SADG,BN-Consistency,BN-Consistency,Seg-SADG,BN-Consistency,bn_consistency,shallow,0.1,0.1,1.0,0.05,0.1,0.001,0.0001,0.001,0.05,0.5,0.05,rho0p05,new_training,3,2,36,0.22191727658112845,0.22186380790339577,0.22096444500817192,0.01798723793278138,0.1999657087855869,0.3631715112262302,0.05,0.0010693853417049265,0.0,0.0,0.0,0.0,5.3469268702125795e-05,9,23|31|224,36,all_filtered,9,True,D:\Running_Place\PostGraduateProjects\Experiments\PostGraduate\backbones\PertubatedBNStatistics\BN-Consistency\shot3\Seed2
PertubatedBNStatistics,Disperssion+Seg-SADG,BN-Consistency,BN-Consistency,Seg-SADG,BN-Consistency,bn_consistency,shallow,0.1,0.1,1.0,0.05,0.1,0.001,0.0001,0.001,0.05,0.5,0.05,rho0p05,new_training,3,2,37,0.21759689185354444,0.21753632525602976,0.2165798329644733,0.019129913507236376,0.192951876256201,0.3628000319004059,0.05,0.0012113290916507442,0.0,0.0,0.0,0.0,6.056645563350887e-05,9,23|31|224,36,all_filtered,9,True,D:\Running_Place\PostGraduateProjects\Experiments\PostGraduate\backbones\PertubatedBNStatistics\BN-Consistency\shot3\Seed2
PertubatedBNStatistics,Disperssion+Seg-SADG,BN-Consistency,BN-Consistency,Seg-SADG,BN-Consistency,bn_consistency,shallow,0.1,0.1,1.0,0.05,0.1,0.001,0.0001,0.001,0.05,0.5,0.05,rho0p05,new_training,3,2,38,0.22678864498933157,0.2267232487599055,0.22560608883698782,0.022343219671812322,0.19799954030248854,0.47517139712969464,0.05,0.001307948841713369,0.0,0.0,0.0,0.0,6.539744289410819e-05,9,23|31|224,36,all_filtered,9,True,D:\Running_Place\PostGraduateProjects\Experiments\PostGraduate\backbones\PertubatedBNStatistics\BN-Consistency\shot3\Seed2
PertubatedBNStatistics,Disperssion+Seg-SADG,BN-Consistency,BN-Consistency,Seg-SADG,BN-Consistency,bn_consistency,shallow,0.1,0.1,1.0,0.05,0.1,0.001,0.0001,0.001,0.05,0.5,0.05,rho0p05,new_training,3,2,39,0.21200797955195108,0.21195508705245125,0.21093839241398704,0.020333907049563196,0.18888013561566672,0.3727273709244198,0.05,0.0010578548471029433,0.0,0.0,0.0,0.0,5.2892743042320944e-05,9,23|31|224,36,all_filtered,9,True,D:\Running_Place\PostGraduateProjects\Experiments\PostGraduate\backbones\PertubatedBNStatistics\BN-Consistency\shot3\Seed2
PertubatedBNStatistics,Disperssion+Seg-SADG,BN-Consistency,BN-Consistency,Seg-SADG,BN-Consistency,bn_consistency,shallow,0.1,0.1,1.0,0.05,0.1,0.001,0.0001,0.001,0.05,0.5,0.05,rho0p05,new_training,3,2,40,0.22971043487389883,0.22948377165529463,0.2284184694290161,0.021306008307470217,0.1936582840151257,0.44322877128918964,0.05,0.0045332659954308635,0.0,0.0,0.0,0.0,0.000226663300256607,9,23|31|224,36,all_filtered,9,True,D:\Running_Place\PostGraduateProjects\Experiments\PostGraduate\backbones\PertubatedBNStatistics\BN-Consistency\shot3\Seed2
PertubatedBNStatistics,Disperssion+Seg-SADG,BN-Consistency,BN-Consistency,Seg-SADG,BN-Consistency,bn_consistency,shallow,0.1,0.1,1.0,0.05,0.1,0.001,0.0001,0.001,0.05,0.5,0.05,rho0p05,new_training,3,2,41,0.2601509756512112,0.26007966697216034,0.25916235314475167,0.018346231741209824,0.2291554825173484,0.5639040271441141,0.05,0.0014261518630923496,0.0,0.0,0.0,0.0,7.130759412474517e-05,9,23|31|224,36,all_filtered,9,True,D:\Running_Place\PostGraduateProjects\Experiments\PostGraduate\backbones\PertubatedBNStatistics\BN-Consistency\shot3\Seed2
PertubatedBNStatistics,Disperssion+Seg-SADG,BN-Consistency,BN-Consistency,Seg-SADG,BN-Consistency,bn_consistency,shallow,0.1,0.1,1.0,0.05,0.1,0.001,0.0001,0.001,0.05,0.5,0.05,rho0p05,new_training,3,2,42,0.22751867274443308,0.2274641129705641,0.22611944046285418,0.026893490304549534,0.1991406281789144,0.4283660848935445,0.05,0.0010911784548726347,0.0,0.0,0.0,0.0,5.455892379460339e-05,9,23|31|224,36,all_filtered,9,True,D:\Running_Place\PostGraduateProjects\Experiments\PostGraduate\backbones\PertubatedBNStatistics\BN-Consistency\shot3\Seed2
PertubatedBNStatistics,Disperssion+Seg-SADG,BN-Consistency,BN-Consistency,Seg-SADG,BN-Consistency,bn_consistency,shallow,0.1,0.1,1.0,0.05,0.1,0.001,0.0001,0.001,0.05,0.5,0.05,rho0p05,new_training,3,2,43,0.21234831048382652,0.21229428715176052,0.21116403076383802,0.022605123412277963,0.18818252947595385,0.37986424896452164,0.05,0.0010804518307041791,0.0,0.0,0.0,0.0,5.402259294997849e-05,9,23|31|224,36,all_filtered,9,True,D:\Running_Place\PostGraduateProjects\Experiments\PostGraduate\backbones\PertubatedBNStatistics\BN-Consistency\shot3\Seed2
PertubatedBNStatistics,Disperssion+Seg-SADG,BN-Consistency,BN-Consistency,Seg-SADG,BN-Consistency,bn_consistency,shallow,0.1,0.1,1.0,0.05,0.1,0.001,0.0001,0.001,0.05,0.5,0.05,rho0p05,new_training,3,2,44,0.2044588244623608,0.204401390420066,0.20341414875454372,0.019744790262646146,0.18098976545863682,0.36949029564857483,0.05,0.0011487051508285934,0.0,0.0,0.0,0.0,5.7435258188181455e-05,9,23|31|224,36,all_filtered,9,True,D:\Running_Place\PostGraduateProjects\Experiments\PostGraduate\backbones\PertubatedBNStatistics\BN-Consistency\shot3\Seed2
PertubatedBNStatistics,Disperssion+Seg-SADG,BN-Consistency,BN-Consistency,Seg-SADG,BN-Consistency,bn_consistency,shallow,0.1,0.1,1.0,0.05,0.1,0.001,0.0001,0.001,0.05,0.5,0.05,rho0p05,new_training,3,2,45,0.18966633081436157,0.18960937526490954,0.18861088322268593,0.019969878925217524,0.16894130574332344,0.3204816480477651,0.05,0.0011391718386827658,0.0,0.0,0.0,0.0,5.6958593429751796e-05,9,23|31|224,36,all_filtered,9,True,D:\Running_Place\PostGraduateProjects\Experiments\PostGraduate\backbones\PertubatedBNStatistics\BN-Consistency\shot3\Seed2
PertubatedBNStatistics,Disperssion+Seg-SADG,BN-Consistency,BN-Consistency,Seg-SADG,BN-Consistency,bn_consistency,shallow,0.1,0.1,1.0,0.05,0.1,0.001,0.0001,0.001,0.05,0.5,0.05,rho0p05,new_training,3,2,46,0.18877634571658242,0.18873070014847648,0.18757741815514034,0.02306567256649335,0.16794270111454856,0.3455251190397475,0.05,0.0009129214773161544,0.0,0.0,0.0,0.0,4.5646074189183615e-05,9,23|31|224,36,all_filtered,9,True,D:\Running_Place\PostGraduateProjects\Experiments\PostGraduate\backbones\PertubatedBNStatistics\BN-Consistency\shot3\Seed2
PertubatedBNStatistics,Disperssion+Seg-SADG,BN-Consistency,BN-Consistency,Seg-SADG,BN-Consistency,bn_consistency,shallow,0.1,0.1,1.0,0.05,0.1,0.001,0.0001,0.001,0.05,0.5,0.05,rho0p05,new_training,3,2,47,0.1821595314476225,0.18211867080794442,0.18130756417910257,0.01622210701720582,0.16201330721378326,0.313685890701082,0.05,0.0008171657779409239,0.0,0.0,0.0,0.0,4.085828974590792e-05,9,23|31|224,36,all_filtered,9,True,D:\Running_Place\PostGraduateProjects\Experiments\PostGraduate\backbones\PertubatedBNStatistics\BN-Consistency\shot3\Seed2
PertubatedBNStatistics,Disperssion+Seg-SADG,BN-Consistency,BN-Consistency,Seg-SADG,BN-Consistency,bn_consistency,shallow,0.1,0.1,1.0,0.05,0.1,0.001,0.0001,0.001,0.05,0.5,0.05,rho0p05,new_training,3,2,48,0.16939604116810691,0.16934822665320504,0.16858512494299147,0.01526206260960963,0.15295664138264126,0.26437489688396454,0.05,0.0009562953297669688,0.0,0.0,0.0,0.0,4.78147675393201e-05,9,23|31|224,36,all_filtered,9,True,D:\Running_Place\PostGraduateProjects\Experiments\PostGraduate\backbones\PertubatedBNStatistics\BN-Consistency\shot3\Seed2
PertubatedBNStatistics,Disperssion+Seg-SADG,BN-Consistency,BN-Consistency,Seg-SADG,BN-Consistency,bn_consistency,shallow,0.1,0.1,1.0,0.05,0.1,0.001,0.0001,0.001,0.05,0.5,0.05,rho0p05,new_training,3,2,49,0.16502578059832254,0.16498318976826137,0.1639118360148536,0.021427038229174085,0.14655780295530954,0.2731703420480092,0.05,0.0008517959795426577,0.0,0.0,0.0,0.0,4.258979970472865e-05,9,23|31|224,36,all_filtered,9,True,D:\Running_Place\PostGraduateProjects\Experiments\PostGraduate\backbones\PertubatedBNStatistics\BN-Consistency\shot3\Seed2
PertubatedBNStatistics,Disperssion+Seg-SADG,BN-Consistency,BN-Consistency,Seg-SADG,BN-Consistency,bn_consistency,shallow,0.1,0.1,1.0,0.05,0.1,0.001,0.0001,0.001,0.05,0.5,0.05,rho0p05,new_training,3,2,50,0.16139722367127737,0.16134810116555956,0.1607060415877236,0.012841187417507172,0.14357773628499773,0.27756211327181923,0.05,0.0009824737143288883,0.0,0.0,0.0,0.0,4.9123686444040184e-05,9,23|31|224,36,all_filtered,9,True,D:\Running_Place\PostGraduateProjects\Experiments\PostGraduate\backbones\PertubatedBNStatistics\BN-Consistency\shot3\Seed2
PertubatedBNStatistics,Disperssion+Seg-SADG,BN-Consistency,BN-Consistency,Seg-SADG,BN-Consistency,bn_consistency,shallow,0.1,0.1,1.0,0.05,0.1,0.001,0.0001,0.001,0.05,0.5,0.05,rho0p05,new_training,3,2,51,0.155107115705808,0.15507031811608207,0.15420935054620108,0.01721933235724767,0.13905313942167494,0.24770539005597433,0.05,0.0007359967081962774,0.0,0.0,0.0,0.0,3.679983587466672e-05,9,23|31|224,36,all_filtered,9,True,D:\Running_Place\PostGraduateProjects\Experiments\PostGraduate\backbones\PertubatedBNStatistics\BN-Consistency\shot3\Seed2
PertubatedBNStatistics,Disperssion+Seg-SADG,BN-Consistency,BN-Consistency,Seg-SADG,BN-Consistency,bn_consistency,shallow,0.1,0.1,1.0,0.05,0.1,0.001,0.0001,0.001,0.05,0.5,0.05,rho0p05,new_training,3,2,52,0.15137379037009346,0.1513268318441179,0.15040776464674208,0.0183813294602765,0.13543857468499076,0.24419651097721523,0.05,0.0009391529666673806,0.0,0.0,0.0,0.0,4.695764922265274e-05,9,23|31|224,36,all_filtered,9,True,D:\Running_Place\PostGraduateProjects\Experiments\PostGraduate\backbones\PertubatedBNStatistics\BN-Consistency\shot3\Seed2
PertubatedBNStatistics,Disperssion+Seg-SADG,BN-Consistency,BN-Consistency,Seg-SADG,BN-Consistency,bn_consistency,shallow,0.1,0.1,1.0,0.05,0.1,0.001,0.0001,0.001,0.05,0.5,0.05,rho0p05,new_training,3,2,53,0.1504809475607342,0.1504288928376304,0.14987154636118147,0.011146930719001425,0.13411942455503675,0.2674020363224877,0.05,0.0010411041827561955,0.0,0.0,0.0,0.0,5.205521079511123e-05,9,23|31|224,36,all_filtered,9,True,D:\Running_Place\PostGraduateProjects\Experiments\PostGraduate\backbones\PertubatedBNStatistics\BN-Consistency\shot3\Seed2
PertubatedBNStatistics,Disperssion+Seg-SADG,BN-Consistency,BN-Consistency,Seg-SADG,BN-Consistency,bn_consistency,shallow,0.1,0.1,1.0,0.05,0.1,0.001,0.0001,0.001,0.05,0.5,0.05,rho0p05,new_training,3,2,54,0.14613817549414104,0.1460941731929779,0.14525399605433145,0.016803571074787114,0.129762331644694,0.25200607048140633,0.05,0.0008800206511902312,0.0,0.0,0.0,0.0,4.400103332752931e-05,9,23|31|224,36,all_filtered,9,True,D:\Running_Place\PostGraduateProjects\Experiments\PostGraduate\backbones\PertubatedBNStatistics\BN-Consistency\shot3\Seed2
PertubatedBNStatistics,Disperssion+Seg-SADG,BN-Consistency,BN-Consistency,Seg-SADG,BN-Consistency,bn_consistency,shallow,0.1,0.1,1.0,0.05,0.1,0.001,0.0001,0.001,0.05,0.5,0.05,rho0p05,new_training,3,2,55,0.1429044728477796,0.14286887562937206,0.14214569164646995,0.01446366123855114,0.127951979637146,0.23885219958093432,0.05,0.0007119521324057132,0.0,0.0,0.0,0.0,3.559760726703745e-05,9,23|31|224,36,all_filtered,9,True,D:\Running_Place\PostGraduateProjects\Experiments\PostGraduate\backbones\PertubatedBNStatistics\BN-Consistency\shot3\Seed2
PertubatedBNStatistics,Disperssion+Seg-SADG,BN-Consistency,BN-Consistency,Seg-SADG,BN-Consistency,bn_consistency,shallow,0.1,0.1,1.0,0.05,0.1,0.001,0.0001,0.001,0.05,0.5,0.05,rho0p05,new_training,3,2,56,0.1349328557650248,0.1349007719092899,0.13424712916215262,0.01307279161281056,0.1221468738383717,0.20326046148935953,0.05,0.0006416187485835204,0.0,0.0,0.0,0.0,3.208093787381788e-05,9,23|31|224,36,all_filtered,9,True,D:\Running_Place\PostGraduateProjects\Experiments\PostGraduate\backbones\PertubatedBNStatistics\BN-Consistency\shot3\Seed2
PertubatedBNStatistics,Disperssion+Seg-SADG,BN-Consistency,BN-Consistency,Seg-SADG,BN-Consistency,bn_consistency,shallow,0.1,0.1,1.0,0.05,0.1,0.001,0.0001,0.001,0.05,0.5,0.05,rho0p05,new_training,3,2,57,0.13087330924140084,0.13083715571297538,0.13019294374518925,0.012884205828110376,0.1184360682964325,0.1919501026471456,0.05,0.000723027766475247,0.0,0.0,0.0,0.0,3.615138868756023e-05,9,23|31|224,36,all_filtered,9,True,D:\Running_Place\PostGraduateProjects\Experiments\PostGraduate\backbones\PertubatedBNStatistics\BN-Consistency\shot3\Seed2
PertubatedBNStatistics,Disperssion+Seg-SADG,BN-Consistency,BN-Consistency,Seg-SADG,BN-Consistency,bn_consistency,shallow,0.1,0.1,1.0,0.05,0.1,0.001,0.0001,0.001,0.05,0.5,0.05,rho0p05,new_training,3,2,58,0.12856914516952303,0.12853710601727167,0.1279121372434828,0.012499405692021051,0.11537308659818438,0.19305217266082764,0.05,0.0006407843094267365,0.0,0.0,0.0,0.0,3.2039216320198546e-05,9,23|31|224,36,all_filtered,9,True,D:\Running_Place\PostGraduateProjects\Experiments\PostGraduate\backbones\PertubatedBNStatistics\BN-Consistency\shot3\Seed2
PertubatedBNStatistics,Disperssion+Seg-SADG,BN-Consistency,BN-Consistency,Seg-SADG,BN-Consistency,bn_consistency,shallow,0.1,0.1,1.0,0.05,0.1,0.001,0.0001,0.001,0.05,0.5,0.05,rho0p05,new_training,3,2,59,0.13055229518148634,0.13050997340016895,0.12984099570247862,0.013379541743132804,0.11561636709504658,0.2283022105693817,0.05,0.0008464435296547082,0.0,0.0,0.0,0.0,4.2322176846533286e-05,9,23|31|224,36,all_filtered,9,True,D:\Running_Place\PostGraduateProjects\Experiments\PostGraduate\backbones\PertubatedBNStatistics\BN-Consistency\shot3\Seed2
PertubatedBNStatistics,Disperssion+Seg-SADG,BN-Consistency,BN-Consistency,Seg-SADG,BN-Consistency,bn_consistency,shallow,0.1,0.1,1.0,0.05,0.1,0.001,0.0001,0.001,0.05,0.5,0.05,rho0p05,new_training,3,2,60,0.12805169241295922,0.1280039134952757,0.1274569092525376,0.01094009168446064,0.113430874215232,0.22114112807644737,0.05,0.0009555909911998444,0.0,0.0,0.0,0.0,4.777955028758798e-05,9,23|31|224,36,all_filtered,9,True,D:\Running_Place\PostGraduateProjects\Experiments\PostGraduate\backbones\PertubatedBNStatistics\BN-Consistency\shot3\Seed2
PertubatedBNStatistics,Disperssion+Seg-SADG,BN-Consistency,BN-Consistency,Seg-SADG,BN-Consistency,bn_consistency,shallow,0.1,0.1,1.0,0.05,0.1,0.001,0.0001,0.001,0.05,0.5,0.05,rho0p05,new_training,3,2,61,0.12873341143131256,0.12869477520386377,0.12800617929961947,0.013771919274909629,0.1127631672554546,0.23755674064159393,0.05,0.0007727097642297546,0.0,0.0,0.0,0.0,3.863548914119342e-05,9,23|31|224,36,all_filtered,9,True,D:\Running_Place\PostGraduateProjects\Experiments\PostGraduate\backbones\PertubatedBNStatistics\BN-Consistency\shot3\Seed2
PertubatedBNStatistics,Disperssion+Seg-SADG,BN-Consistency,BN-Consistency,Seg-SADG,BN-Consistency,bn_consistency,shallow,0.1,0.1,1.0,0.05,0.1,0.001,0.0001,0.001,0.05,0.5,0.05,rho0p05,new_training,3,2,62,0.13189649085203806,0.1318584606051445,0.13110349741246966,0.015099239742590321,0.11510781281524235,0.26472575465838116,0.05,0.0007606287189345392,0.0,0.0,0.0,0.0,3.803143651263478e-05,9,23|31|224,36,all_filtered,9,True,D:\Running_Place\PostGraduateProjects\Experiments\PostGraduate\backbones\PertubatedBNStatistics\BN-Consistency\shot3\Seed2
PertubatedBNStatistics,Disperssion+Seg-SADG,BN-Consistency,BN-Consistency,Seg-SADG,BN-Consistency,bn_consistency,shallow,0.1,0.1,1.0,0.05,0.1,0.001,0.0001,0.001,0.05,0.5,0.05,rho0p05,new_training,3,2,63,0.1275386702683237,0.12749867141246796,0.1269079264667299,0.011814872009886635,0.11222364753484726,0.2342017028066847,0.05,0.0007999951744245158,0.0,0.0,0.0,0.0,3.99997586808038e-05,9,23|31|224,36,all_filtered,9,True,D:\Running_Place\PostGraduateProjects\Experiments\PostGraduate\backbones\PertubatedBNStatistics\BN-Consistency\shot3\Seed2
PertubatedBNStatistics,Disperssion+Seg-SADG,BN-Consistency,BN-Consistency,Seg-SADG,BN-Consistency,bn_consistency,shallow,0.1,0.1,1.0,0.05,0.1,0.001,0.0001,0.001,0.05,0.5,0.05,rho0p05,new_training,3,2,64,0.12551379369364846,0.12547719230254492,0.12470532705386479,0.015437278068727918,0.10883103476630317,0.24203873508506352,0.05,0.0007320420635450217,0.0,0.0,0.0,0.0,3.6602103945268835e-05,9,23|31|224,36,all_filtered,9,True,D:\Running_Place\PostGraduateProjects\Experiments\PostGraduate\backbones\PertubatedBNStatistics\BN-Consistency\shot3\Seed2
PertubatedBNStatistics,Disperssion+Seg-SADG,BN-Consistency,BN-Consistency,Seg-SADG,BN-Consistency,bn_consistency,shallow,0.1,0.1,1.0,0.05,0.1,0.001,0.0001,0.001,0.05,0.5,0.05,rho0p05,new_training,3,2,65,0.1230162489745352,0.1229719759689437,0.12248087260458204,0.009822037329690324,0.10873668558067745,0.23594830433527628,0.05,0.000885466676360617,0.0,0.0,0.0,0.0,4.4273334020140785e-05,9,23|31|224,36,all_filtered,9,True,D:\Running_Place\PostGraduateProjects\Experiments\PostGraduate\backbones\PertubatedBNStatistics\BN-Consistency\shot3\Seed2
PertubatedBNStatistics,Disperssion+Seg-SADG,BN-Consistency,BN-Consistency,Seg-SADG,BN-Consistency,bn_consistency,shallow,0.1,0.1,1.0,0.05,0.1,0.001,0.0001,0.001,0.05,0.5,0.05,rho0p05,new_training,3,2,66,0.1186013552877638,0.11855828927622901,0.1179654813475079,0.011856169750293096,0.10493385212288962,0.20668701993094551,0.05,0.0008613081526062968,0.0,0.0,0.0,0.0,4.306540773136981e-05,9,23|31|224,36,all_filtered,9,True,D:\Running_Place\PostGraduateProjects\Experiments\PostGraduate\backbones\PertubatedBNStatistics\BN-Consistency\shot3\Seed2
PertubatedBNStatistics,Disperssion+Seg-SADG,BN-Consistency,BN-Consistency,Seg-SADG,BN-Consistency,bn_consistency,shallow,0.1,0.1,1.0,0.05,0.1,0.001,0.0001,0.001,0.05,0.5,0.05,rho0p05,new_training,3,2,67,0.11345588084724215,0.11342331518729527,0.11279148608446121,0.012636600010510948,0.10141541477706698,0.19142217271857792,0.05,0.0006513281195010576,0.0,0.0,0.0,0.0,3.256640654096069e-05,9,23|31|224,36,all_filtered,9,True,D:\Running_Place\PostGraduateProjects\Experiments\PostGraduate\backbones\PertubatedBNStatistics\BN-Consistency\shot3\Seed2
PertubatedBNStatistics,Disperssion+Seg-SADG,BN-Consistency,BN-Consistency,Seg-SADG,BN-Consistency,bn_consistency,shallow,0.1,0.1,1.0,0.05,0.1,0.001,0.0001,0.001,0.05,0.5,0.05,rho0p05,new_training,3,2,68,0.11260707096921073,0.11257026924027337,0.11204003873798582,0.010604591108858585,0.10056048466099633,0.18729956448078156,0.05,0.0007360725980510728,0.0,0.0,0.0,0.0,3.6803630589727414e-05,9,23|31|224,36,all_filtered,9,True,D:\Running_Place\PostGraduateProjects\Experiments\PostGraduate\backbones\PertubatedBNStatistics\BN-Consistency\shot3\Seed2
PertubatedBNStatistics,Disperssion+Seg-SADG,BN-Consistency,BN-Consistency,Seg-SADG,BN-Consistency,bn_consistency,shallow,0.1,0.1,1.0,0.05,0.1,0.001,0.0001,0.001,0.05,0.5,0.05,rho0p05,new_training,3,2,69,0.1104351199335522,0.1104017405046357,0.1098508627878295,0.011017547195984257,0.09745613982280095,0.18241581486331093,0.05,0.0006675883454995023,0.0,0.0,0.0,0.0,3.337941820468081e-05,9,23|31|224,36,all_filtered,9,True,D:\Running_Place\PostGraduateProjects\Experiments\PostGraduate\backbones\PertubatedBNStatistics\BN-Consistency\shot3\Seed2
PertubatedBNStatistics,Disperssion+Seg-SADG,BN-Consistency,BN-Consistency,Seg-SADG,BN-Consistency,bn_consistency,shallow,0.1,0.1,1.0,0.05,0.1,0.001,0.0001,0.001,0.05,0.5,0.05,rho0p05,new_training,3,2,70,0.22423125637902153,0.22407504088348812,0.2230534851551056,0.020431091595027182,0.16123038033644357,1.069234675831265,0.05,0.003124331848488914,0.0,0.0,0.0,0.0,0.00015621659784099192,9,23|31|224,36,all_filtered,9,True,D:\Running_Place\PostGraduateProjects\Experiments\PostGraduate\backbones\PertubatedBNStatistics\BN-Consistency\shot3\Seed2
PertubatedBNStatistics,Disperssion+Seg-SADG,BN-Consistency,BN-Consistency,Seg-SADG,BN-Consistency,bn_consistency,shallow,0.1,0.1,1.0,0.05,0.1,0.001,0.0001,0.001,0.05,0.5,0.05,rho0p05,new_training,3,2,71,0.191409170627594,0.1913500643438763,0.1901266723871231,0.02446781812856595,0.15832118855582344,0.5169197188483344,0.05,0.0011820895079937247,0.0,0.0,0.0,0.0,5.910447766331749e-05,9,23|31|224,36,all_filtered,9,True,D:\Running_Place\PostGraduateProjects\Experiments\PostGraduate\backbones\PertubatedBNStatistics\BN-Consistency\shot3\Seed2
PertubatedBNStatistics,Disperssion+Seg-SADG,BN-Consistency,BN-Consistency,Seg-SADG,BN-Consistency,bn_consistency,shallow,0.1,0.1,1.0,0.05,0.1,0.001,0.0001,0.001,0.05,0.5,0.05,rho0p05,new_training,3,2,72,0.15312369581725863,0.15307057566112942,0.15230324616034827,0.015346617851820257,0.13377036733759773,0.29374803271558547,0.05,0.0010624119054733051,0.0,0.0,0.0,0.0,5.312059652674684e-05,9,23|31|224,36,all_filtered,9,True,D:\Running_Place\PostGraduateProjects\Experiments\PostGraduate\backbones\PertubatedBNStatistics\BN-Consistency\shot3\Seed2
PertubatedBNStatistics,Disperssion+Seg-SADG,BN-Consistency,BN-Consistency,Seg-SADG,BN-Consistency,bn_consistency,shallow,0.1,0.1,1.0,0.05,0.1,0.001,0.0001,0.001,0.05,0.5,0.05,rho0p05,new_training,3,2,73,0.14446288512812722,0.14441566665967306,0.14353404276900822,0.017632444492644735,0.12231163763337666,0.26973876025941634,0.05,0.0009444023857617544,0.0,0.0,0.0,0.0,4.7220121107077124e-05,9,23|31|224,36,all_filtered,9,True,D:\Running_Place\PostGraduateProjects\Experiments\PostGraduate\backbones\PertubatedBNStatistics\BN-Consistency\shot3\Seed2
PertubatedBNStatistics,Disperssion+Seg-SADG,BN-Consistency,BN-Consistency,Seg-SADG,BN-Consistency,bn_consistency,shallow,0.1,0.1,1.0,0.05,0.1,0.001,0.0001,0.001,0.05,0.5,0.05,rho0p05,new_training,3,2,74,0.1328506734636095,0.1328139611416393,0.13216605285803476,0.012958168621278472,0.11812175727552837,0.22661112414466011,0.05,0.0007342306166214661,0.0,0.0,0.0,0.0,3.671153091191728e-05,9,23|31|224,36,all_filtered,9,True,D:\Running_Place\PostGraduateProjects\Experiments\PostGraduate\backbones\PertubatedBNStatistics\BN-Consistency\shot3\Seed2
PertubatedBNStatistics,Disperssion+Seg-SADG,BN-Consistency,BN-Consistency,Seg-SADG,BN-Consistency,bn_consistency,shallow,0.1,0.1,1.0,0.05,0.1,0.001,0.0001,0.001,0.05,0.5,0.05,rho0p05,new_training,3,2,75,0.12746196157402462,0.12741945849524605,0.12661228577295938,0.01614341802067227,0.11181873331467311,0.22187972399923536,0.05,0.0008501102048386303,0.0,0.0,0.0,0.0,4.250551076741734e-05,9,23|31|224,36,all_filtered,9,True,D:\Running_Place\PostGraduateProjects\Experiments\PostGraduate\backbones\PertubatedBNStatistics\BN-Consistency\shot3\Seed2
PertubatedBNStatistics,Disperssion+Seg-SADG,BN-Consistency,BN-Consistency,Seg-SADG,BN-Consistency,bn_consistency,shallow,0.1,0.1,1.0,0.05,0.1,0.001,0.0001,0.001,0.05,0.5,0.05,rho0p05,new_training,3,2,76,0.12079411496718724,0.12076110558377372,0.12011541840102938,0.01291370816114876,0.10754989087581635,0.1981853594382604,0.05,0.0006602194205495632,0.0,0.0,0.0,0.0,3.301097199760584e-05,9,23|31|224,36,all_filtered,9,True,D:\Running_Place\PostGraduateProjects\Experiments\PostGraduate\backbones\PertubatedBNStatistics\BN-Consistency\shot3\Seed2
PertubatedBNStatistics,Disperssion+Seg-SADG,BN-Consistency,BN-Consistency,Seg-SADG,BN-Consistency,bn_consistency,shallow,0.1,0.1,1.0,0.05,0.1,0.001,0.0001,0.001,0.05,0.5,0.05,rho0p05,new_training,3,2,77,0.11875671645005544,0.11872000495592754,0.11806895004378425,0.013021090533584356,0.10495091726382573,0.20177979932891,0.05,0.0007342523830528888,0.0,0.0,0.0,0.0,3.671261967813027e-05,9,23|31|224,36,all_filtered,9,True,D:\Running_Place\PostGraduateProjects\Experiments\PostGraduate\backbones\PertubatedBNStatistics\BN-Consistency\shot3\Seed2
PertubatedBNStatistics,Disperssion+Seg-SADG,BN-Consistency,BN-Consistency,Seg-SADG,BN-Consistency,bn_consistency,shallow,0.1,0.1,1.0,0.05,0.1,0.001,0.0001,0.001,0.05,0.5,0.05,rho0p05,new_training,3,2,78,0.11335030943155289,0.11332482430669996,0.11266922454039256,0.013111986012922393,0.10164427426126268,0.17763935526212057,0.05,0.0005097102499955023,0.0,0.0,0.0,0.0,2.5485513106104918e-05,9,23|31|224,36,all_filtered,9,True,D:\Running_Place\PostGraduateProjects\Experiments\PostGraduate\backbones\PertubatedBNStatistics\BN-Consistency\shot3\Seed2
PertubatedBNStatistics,Disperssion+Seg-SADG,BN-Consistency,BN-Consistency,Seg-SADG,BN-Consistency,bn_consistency,shallow,0.1,0.1,1.0,0.05,0.1,0.001,0.0001,0.001,0.05,0.5,0.05,rho0p05,new_training,3,2,79,0.1095457673072815,0.10950683305660884,0.10891330821646585,0.011870469794505172,0.09788209862179226,0.17050432331032223,0.05,0.0007787097840466433,0.0,0.0,0.0,0.0,3.893549041499177e-05,9,23|31|224,36,all_filtered,9,True,D:\Running_Place\PostGraduateProjects\Experiments\PostGraduate\backbones\PertubatedBNStatistics\BN-Consistency\shot3\Seed2
PertubatedBNStatistics,Disperssion+Seg-SADG,BN-Consistency,BN-Consistency,Seg-SADG,BN-Consistency,bn_consistency,shallow,0.1,0.1,1.0,0.05,0.1,0.001,0.0001,0.001,0.05,0.5,0.05,rho0p05,new_training,3,2,80,0.1055808232890235,0.105533414416843,0.1050141445464558,0.010385402840458684,0.09502589950958888,0.15636560569206873,0.05,0.0009481706494827651,0.0,0.0,0.0,0.0,4.740853384848581e-05,9,23|31|224,36,all_filtered,9,True,D:\Running_Place\PostGraduateProjects\Experiments\PostGraduate\backbones\PertubatedBNStatistics\BN-Consistency\shot3\Seed2
PertubatedBNStatistics,Disperssion+Seg-SADG,BN-Consistency,BN-Consistency,Seg-SADG,BN-Consistency,bn_consistency,shallow,0.1,0.1,1.0,0.05,0.1,0.001,0.0001,0.001,0.05,0.5,0.05,rho0p05,new_training,3,2,81,0.10574544883436626,0.10570317258437474,0.105126876797941,0.01152593233726091,0.09372960279385249,0.16906586620542738,0.05,0.0008455580326780262,0.0,0.0,0.0,0.0,4.227790264445098e-05,9,23|31|224,36,all_filtered,9,True,D:\Running_Place\PostGraduateProjects\Experiments\PostGraduate\backbones\PertubatedBNStatistics\BN-Consistency\shot3\Seed2
PertubatedBNStatistics,Disperssion+Seg-SADG,BN-Consistency,BN-Consistency,Seg-SADG,BN-Consistency,bn_consistency,shallow,0.1,0.1,1.0,0.05,0.1,0.001,0.0001,0.001,0.05,0.5,0.05,rho0p05,new_training,3,2,82,0.10216752025816175,0.10213891665140788,0.10169327424632178,0.00891285544882218,0.0912726405594084,0.1596165829234653,0.05,0.0005720642479395287,0.0,0.0,0.0,0.0,2.8603212639508354e-05,9,23|31|224,36,all_filtered,9,True,D:\Running_Place\PostGraduateProjects\Experiments\PostGraduate\backbones\PertubatedBNStatistics\BN-Consistency\shot3\Seed2
PertubatedBNStatistics,Disperssion+Seg-SADG,BN-Consistency,BN-Consistency,Seg-SADG,BN-Consistency,bn_consistency,shallow,0.1,0.1,1.0,0.05,0.1,0.001,0.0001,0.001,0.05,0.5,0.05,rho0p05,new_training,3,2,83,0.10477021170987023,0.10473343398835924,0.10418316639131969,0.01100537015332116,0.09188003838062286,0.18658855888578627,0.05,0.0007355164658899108,0.0,0.0,0.0,0.0,3.677582410293528e-05,9,23|31|224,36,all_filtered,9,True,D:\Running_Place\PostGraduateProjects\Experiments\PostGraduate\backbones\PertubatedBNStatistics\BN-Consistency\shot3\Seed2
PertubatedBNStatistics,Disperssion+Seg-SADG,BN-Consistency,BN-Consistency,Seg-SADG,BN-Consistency,bn_consistency,shallow,0.1,0.1,1.0,0.05,0.1,0.001,0.0001,0.001,0.05,0.5,0.05,rho0p05,new_training,3,2,84,0.1018622691432635,0.10183028628428777,0.1013446847597758,0.009712059206018845,0.09015145401159923,0.17167491879728106,0.05,0.000639648768507565,0.0,0.0,0.0,0.0,3.1982438991286064e-05,9,23|31|224,36,all_filtered,9,True,D:\Running_Place\PostGraduateProjects\Experiments\PostGraduate\backbones\PertubatedBNStatistics\BN-Consistency\shot3\Seed2
PertubatedBNStatistics,Disperssion+Seg-SADG,BN-Consistency,BN-Consistency,Seg-SADG,BN-Consistency,bn_consistency,shallow,0.1,0.1,1.0,0.05,0.1,0.001,0.0001,0.001,0.05,0.5,0.05,rho0p05,new_training,3,2,85,0.09905244244469537,0.09902264426151912,0.09845288511779574,0.0113952180577649,0.08786241047912174,0.16316636320617464,0.05,0.0005959472133933256,0.0,0.0,0.0,0.0,2.979736139726204e-05,9,23|31|224,36,all_filtered,9,True,D:\Running_Place\PostGraduateProjects\Experiments\PostGraduate\backbones\PertubatedBNStatistics\BN-Consistency\shot3\Seed2
PertubatedBNStatistics,Disperssion+Seg-SADG,BN-Consistency,BN-Consistency,Seg-SADG,BN-Consistency,bn_consistency,shallow,0.1,0.1,1.0,0.05,0.1,0.001,0.0001,0.001,0.05,0.5,0.05,rho0p05,new_training,3,2,86,0.09687235868639416,0.09683912330203587,0.09638448804616928,0.009092725813388824,0.08606143792470296,0.15834104435311425,0.05,0.0006647276556274543,0.0,0.0,0.0,0.0,3.323638358981245e-05,9,23|31|224,36,all_filtered,9,True,D:\Running_Place\PostGraduateProjects\Experiments\PostGraduate\backbones\PertubatedBNStatistics\BN-Consistency\shot3\Seed2
PertubatedBNStatistics,Disperssion+Seg-SADG,BN-Consistency,BN-Consistency,Seg-SADG,BN-Consistency,bn_consistency,shallow,0.1,0.1,1.0,0.05,0.1,0.001,0.0001,0.001,0.05,0.5,0.05,rho0p05,new_training,3,2,87,0.09488821691936916,0.09484995156526566,0.09440429343117608,0.008913155179470778,0.08507318711943096,0.14837799304061466,0.05,0.000765278346888307,0.0,0.0,0.0,0.0,3.826391770821324e-05,9,23|31|224,36,all_filtered,9,True,D:\Running_Place\PostGraduateProjects\Experiments\PostGraduate\backbones\PertubatedBNStatistics\BN-Consistency\shot3\Seed2
PertubatedBNStatistics,Disperssion+Seg-SADG,BN-Consistency,BN-Consistency,Seg-SADG,BN-Consistency,bn_consistency,shallow,0.1,0.1,1.0,0.05,0.1,0.001,0.0001,0.001,0.05,0.5,0.05,rho0p05,new_training,3,2,88,0.09578048768970701,0.09574140028821097,0.09526853842867745,0.009457238846355014,0.08473184953133266,0.15938799248801339,0.05,0.0007817642957282563,0.0,0.0,0.0,0.0,3.908821599907242e-05,9,23|31|224,36,all_filtered,9,True,D:\Running_Place\PostGraduateProjects\Experiments\PostGraduate\backbones\PertubatedBNStatistics\BN-Consistency\shot3\Seed2
PertubatedBNStatistics,Disperssion+Seg-SADG,BN-Consistency,BN-Consistency,Seg-SADG,BN-Consistency,bn_consistency,shallow,0.1,0.1,1.0,0.05,0.1,0.001,0.0001,0.001,0.05,0.5,0.05,rho0p05,new_training,3,2,89,0.09405010028017892,0.0940112281176779,0.09361352192031012,0.0079541204807659,0.08388290802637736,0.1530750940243403,0.05,0.0007774615336933897,0.0,0.0,0.0,0.0,3.8873077250577305e-05,9,23|31|224,36,all_filtered,9,True,D:\Running_Place\PostGraduateProjects\Experiments\PostGraduate\backbones\PertubatedBNStatistics\BN-Consistency\shot3\Seed2
PertubatedBNStatistics,Disperssion+Seg-SADG,BN-Consistency,BN-Consistency,Seg-SADG,BN-Consistency,bn_consistency,shallow,0.1,0.1,1.0,0.05,0.1,0.001,0.0001,0.001,0.05,0.5,0.05,rho0p05,new_training,3,2,90,0.09365191558996837,0.09362124568886226,0.09314379427168104,0.009549040399077866,0.08282264818747838,0.1550001452366511,0.05,0.0006133722264267919,0.0,0.0,0.0,0.0,3.0668611644715485e-05,9,23|31|224,36,all_filtered,9,True,D:\Running_Place\PostGraduateProjects\Experiments\PostGraduate\backbones\PertubatedBNStatistics\BN-Consistency\shot3\Seed2
PertubatedBNStatistics,Disperssion+Seg-SADG,BN-Consistency,BN-Consistency,Seg-SADG,BN-Consistency,bn_consistency,shallow,0.1,0.1,1.0,0.05,0.1,0.001,0.0001,0.001,0.05,0.5,0.05,rho0p05,new_training,3,2,91,0.09186430937714046,0.09183111704058117,0.09137637416521709,0.009094840433034632,0.08108350055085288,0.1502975763546096,0.05,0.0006638518954989397,0.0,0.0,0.0,0.0,3.319259526001083e-05,9,23|31|224,36,all_filtered,9,True,D:\Running_Place\PostGraduateProjects\Experiments\PostGraduate\backbones\PertubatedBNStatistics\BN-Consistency\shot3\Seed2
PertubatedBNStatistics,Disperssion+Seg-SADG,BN-Consistency,BN-Consistency,Seg-SADG,BN-Consistency,bn_consistency,shallow,0.1,0.1,1.0,0.05,0.1,0.001,0.0001,0.001,0.05,0.5,0.05,rho0p05,new_training,3,2,92,0.09296093632777531,0.09291457219256295,0.09247572471698125,0.008776928246435192,0.08092452999618319,0.16968150602446663,0.05,0.0009272739278256065,0.0,0.0,0.0,0.0,4.636369724014205e-05,9,23|31|224,36,all_filtered,9,True,D:\Running_Place\PostGraduateProjects\Experiments\PostGraduate\backbones\PertubatedBNStatistics\BN-Consistency\shot3\Seed2
PertubatedBNStatistics,Disperssion+Seg-SADG,BN-Consistency,BN-Consistency,Seg-SADG,BN-Consistency,bn_consistency,shallow,0.1,0.1,1.0,0.05,0.1,0.001,0.0001,0.001,0.05,0.5,0.05,rho0p05,new_training,3,2,93,0.08871312439441681,0.08868086172474755,0.08827631009949578,0.008091049527542459,0.07905755357609855,0.14320307556125852,0.05,0.000645274739427906,0.0,0.0,0.0,0.0,3.226373721392722e-05,9,23|31|224,36,all_filtered,9,True,D:\Running_Place\PostGraduateProjects\Experiments\PostGraduate\backbones\PertubatedBNStatistics\BN-Consistency\shot3\Seed2
PertubatedBNStatistics,Disperssion+Seg-SADG,BN-Consistency,BN-Consistency,Seg-SADG,BN-Consistency,bn_consistency,shallow,0.1,0.1,1.0,0.05,0.1,0.001,0.0001,0.001,0.05,0.5,0.05,rho0p05,new_training,3,2,94,0.08797221713595921,0.08794120285246107,0.08762049426635106,0.006414163702478011,0.0784438658091757,0.14441737035910288,0.05,0.0006202892917725774,0.0,0.0,0.0,0.0,3.101446458862888e-05,9,23|31|224,36,all_filtered,9,True,D:\Running_Place\PostGraduateProjects\Experiments\PostGraduate\backbones\PertubatedBNStatistics\BN-Consistency\shot3\Seed2
PertubatedBNStatistics,Disperssion+Seg-SADG,BN-Consistency,BN-Consistency,Seg-SADG,BN-Consistency,bn_consistency,shallow,0.1,0.1,1.0,0.05,0.1,0.001,0.0001,0.001,0.05,0.5,0.05,rho0p05,new_training,3,2,95,0.08799446374177933,0.08795880029598872,0.08747385111120012,0.009699003770947456,0.07785463747051027,0.1439334981971317,0.05,0.0007132735077498688,0.0,0.0,0.0,0.0,3.56636760948782e-05,9,23|31|224,36,all_filtered,9,True,D:\Running_Place\PostGraduateProjects\Experiments\PostGraduate\backbones\PertubatedBNStatistics\BN-Consistency\shot3\Seed2
PertubatedBNStatistics,Disperssion+Seg-SADG,BN-Consistency,BN-Consistency,Seg-SADG,BN-Consistency,bn_consistency,shallow,0.1,0.1,1.0,0.05,0.1,0.001,0.0001,0.001,0.05,0.5,0.05,rho0p05,new_training,3,2,96,0.09067641943693161,0.09064238601260716,0.09026994473404354,0.007448824226028389,0.07888861331674787,0.17299636701742807,0.05,0.0006806446633870817,0.0,0.0,0.0,0.0,3.403223369483991e-05,9,23|31|224,36,all_filtered,9,True,D:\Running_Place\PostGraduateProjects\Experiments\PostGraduate\backbones\PertubatedBNStatistics\BN-Consistency\shot3\Seed2
PertubatedBNStatistics,Disperssion+Seg-SADG,BN-Consistency,BN-Consistency,Seg-SADG,BN-Consistency,bn_consistency,shallow,0.1,0.1,1.0,0.05,0.1,0.001,0.0001,0.001,0.05,0.5,0.05,rho0p05,new_training,3,2,97,0.08560964465141296,0.08557702352603276,0.08519395192464192,0.007661451068189409,0.0760016722811593,0.14660151882304084,0.05,0.0006524597993120551,0.0,0.0,0.0,0.0,3.262299065277653e-05,9,23|31|224,36,all_filtered,9,True,D:\Running_Place\PostGraduateProjects\Experiments\PostGraduate\backbones\PertubatedBNStatistics\BN-Consistency\shot3\Seed2
PertubatedBNStatistics,Disperssion+Seg-SADG,BN-Consistency,BN-Consistency,Seg-SADG,BN-Consistency,bn_consistency,shallow,0.1,0.1,1.0,0.05,0.1,0.001,0.0001,0.001,0.05,0.5,0.05,rho0p05,new_training,3,2,98,0.08816102229886585,0.08812430997689565,0.08769979990190929,0.008490220591839816,0.07638403524955113,0.17034825020366245,0.05,0.0007342811214685854,0.0,0.0,0.0,0.0,3.671405647764914e-05,9,23|31|224,36,all_filtered,9,True,D:\Running_Place\PostGraduateProjects\Experiments\PostGraduate\backbones\PertubatedBNStatistics\BN-Consistency\shot3\Seed2
PertubatedBNStatistics,Disperssion+Seg-SADG,BN-Consistency,BN-Consistency,Seg-SADG,BN-Consistency,bn_consistency,shallow,0.1,0.1,1.0,0.05,0.1,0.001,0.0001,0.001,0.05,0.5,0.05,rho0p05,new_training,3,2,99,0.08139710625012715,0.08136151068740421,0.08102049181858699,0.00682037841114733,0.07331462287240559,0.1238221385412746,0.05,0.0007119016372598708,0.0,0.0,0.0,0.0,3.559508250974533e-05,9,23|31|224,36,all_filtered,9,True,D:\Running_Place\PostGraduateProjects\Experiments\PostGraduate\backbones\PertubatedBNStatistics\BN-Consistency\shot3\Seed2
PertubatedBNStatistics,Disperssion+Seg-SADG,BN-Consistency,BN-Consistency,Seg-SADG,BN-Consistency,bn_consistency,shallow,0.1,0.1,1.0,0.05,0.1,0.001,0.0001,0.001,0.05,0.5,0.05,rho0p05,new_training,3,2,100,0.08632435566849178,0.08628965334759818,0.08588818957408269,0.00802925658515758,0.07370346536238988,0.1703029680583212,0.05,0.0006940619593175749,0.0,0.0,0.0,0.0,3.4703098208410665e-05,9,23|31|224,36,all_filtered,9,True,D:\Running_Place\PostGraduateProjects\Experiments\PostGraduate\backbones\PertubatedBNStatistics\BN-Consistency\shot3\Seed2
PertubatedBNStatistics,Disperssion+Seg-SADG,BN-Consistency,BN-Consistency,Seg-SADG,BN-Consistency,bn_consistency,shallow,0.1,0.1,1.0,0.05,0.1,0.001,0.0001,0.001,0.05,0.5,0.05,rho0p05,new_training,3,2,101,0.08924573163191478,0.08920262671179241,0.08875394446982278,0.008973641217582755,0.075216809908549,0.18587836374839148,0.05,0.0008620997347558538,0.0,0.0,0.0,0.0,4.3104988031296263e-05,9,23|31|224,36,all_filtered,9,True,D:\Running_Place\PostGraduateProjects\Experiments\PostGraduate\backbones\PertubatedBNStatistics\BN-Consistency\shot3\Seed2
PertubatedBNStatistics,Disperssion+Seg-SADG,BN-Consistency,BN-Consistency,Seg-SADG,BN-Consistency,bn_consistency,shallow,0.1,0.1,1.0,0.05,0.1,0.001,0.0001,0.001,0.05,0.5,0.05,rho0p05,new_training,3,2,102,0.08451059460639954,0.08447268191311094,0.0840440798136923,0.008572059942202436,0.07434857222768995,0.14689106576972538,0.05,0.0007582473626825958,0.0,0.0,0.0,0.0,3.7912368902147544e-05,9,23|31|224,36,all_filtered,9,True,D:\Running_Place\PostGraduateProjects\Experiments\PostGraduate\backbones\PertubatedBNStatistics\BN-Consistency\shot3\Seed2
PertubatedBNStatistics,Disperssion+Seg-SADG,BN-Consistency,BN-Consistency,Seg-SADG,BN-Consistency,bn_consistency,shallow,0.1,0.1,1.0,0.05,0.1,0.001,0.0001,0.001,0.05,0.5,0.05,rho0p05,new_training,3,2,103,0.08223579658402337,0.08219926390382978,0.0818034518096182,0.007916247368686728,0.07250441776381598,0.14097225831614602,0.05,0.0007306593987676832,0.0,0.0,0.0,0.0,3.653297082766787e-05,9,23|31|224,36,all_filtered,9,True,D:\Running_Place\PostGraduateProjects\Experiments\PostGraduate\backbones\PertubatedBNStatistics\BN-Consistency\shot3\Seed2
PertubatedBNStatistics,Disperssion+Seg-SADG,BN-Consistency,BN-Consistency,Seg-SADG,BN-Consistency,bn_consistency,shallow,0.1,0.1,1.0,0.05,0.1,0.001,0.0001,0.001,0.05,0.5,0.05,rho0p05,new_training,3,2,104,0.08096640557050705,0.08092612524827321,0.080588451690144,0.0067534730510993134,0.07114414291249381,0.14431367648972404,0.05,0.000805614432061298,0.0,0.0,0.0,0.0,4.0280722411504634e-05,9,23|31|224,36,all_filtered,9,True,D:\Running_Place\PostGraduateProjects\Experiments\PostGraduate\backbones\PertubatedBNStatistics\BN-Consistency\shot3\Seed2
PertubatedBNStatistics,Disperssion+Seg-SADG,BN-Consistency,BN-Consistency,Seg-SADG,BN-Consistency,bn_consistency,shallow,0.1,0.1,1.0,0.05,0.1,0.001,0.0001,0.001,0.05,0.5,0.05,rho0p05,new_training,3,2,105,0.08120874481068717,0.08117922147115071,0.08076310820049709,0.00832228616086973,0.0710586483279864,0.1511022216743893,0.05,0.0005904662021849719,0.0,0.0,0.0,0.0,2.952331063473442e-05,9,23|31|224,36,all_filtered,9,True,D:\Running_Place\PostGraduateProjects\Experiments\PostGraduate\backbones\PertubatedBNStatistics\BN-Consistency\shot3\Seed2
PertubatedBNStatistics,Disperssion+Seg-SADG,BN-Consistency,BN-Consistency,Seg-SADG,BN-Consistency,bn_consistency,shallow,0.1,0.1,1.0,0.05,0.1,0.001,0.0001,0.001,0.05,0.5,0.05,rho0p05,new_training,3,2,106,0.08168844795889324,0.08165848006804784,0.08122824380795161,0.00860472090749277,0.07082783016893598,0.1591616753074858,0.05,0.0005993527787116667,0.0,0.0,0.0,0.0,2.9967639319592207e-05,9,23|31|224,36,all_filtered,9,True,D:\Running_Place\PostGraduateProjects\Experiments\PostGraduate\backbones\PertubatedBNStatistics\BN-Consistency\shot3\Seed2
PertubatedBNStatistics,Disperssion+Seg-SADG,BN-Consistency,BN-Consistency,Seg-SADG,BN-Consistency,bn_consistency,shallow,0.1,0.1,1.0,0.05,0.1,0.001,0.0001,0.001,0.05,0.5,0.05,rho0p05,new_training,3,2,107,0.07658229519923528,0.0765523107515441,0.07625267489088906,0.005992714522613419,0.06803344852394527,0.125264017118348,0.05,0.0005996851832605898,0.0,0.0,0.0,0.0,2.9984259526827373e-05,9,23|31|224,36,all_filtered,9,True,D:\Running_Place\PostGraduateProjects\Experiments\PostGraduate\backbones\PertubatedBNStatistics\BN-Consistency\shot3\Seed2
PertubatedBNStatistics,Disperssion+Seg-SADG,BN-Consistency,BN-Consistency,Seg-SADG,BN-Consistency,bn_consistency,shallow,0.1,0.1,1.0,0.05,0.1,0.001,0.0001,0.001,0.05,0.5,0.05,rho0p05,new_training,3,2,108,0.07724125103818046,0.07721544222699271,0.07689064741134644,0.0064958677006264525,0.06795463504062758,0.1367576958404647,0.05,0.0005161895630105088,0.0,0.0,0.0,0.0,2.5809478756855242e-05,9,23|31|224,36,all_filtered,9,True,D:\Running_Place\PostGraduateProjects\Experiments\PostGraduate\backbones\PertubatedBNStatistics\BN-Consistency\shot3\Seed2
PertubatedBNStatistics,Disperssion+Seg-SADG,BN-Consistency,BN-Consistency,Seg-SADG,BN-Consistency,bn_consistency,shallow,0.1,0.1,1.0,0.05,0.1,0.001,0.0001,0.001,0.05,0.5,0.05,rho0p05,new_training,3,2,109,0.07473035239511067,0.07469698538382848,0.07435783329937193,0.0067830355320539736,0.06628504147132237,0.1236034548944897,0.05,0.0006673539012101375,0.0,0.0,0.0,0.0,3.336769542430476e-05,9,23|31|224,36,all_filtered,9,True,D:\Running_Place\PostGraduateProjects\Experiments\PostGraduate\backbones\PertubatedBNStatistics\BN-Consistency\shot3\Seed2
PertubatedBNStatistics,Disperssion+Seg-SADG,BN-Consistency,BN-Consistency,Seg-SADG,BN-Consistency,bn_consistency,shallow,0.1,0.1,1.0,0.05,0.1,0.001,0.0001,0.001,0.05,0.5,0.05,rho0p05,new_training,3,2,110,0.07427271952231725,0.07423874156342612,0.07391921430826187,0.006390542464537753,0.06536635963453187,0.13269405315319696,0.05,0.0006795606524166134,0.0,0.0,0.0,0.0,3.3978033065472526e-05,9,23|31|224,36,all_filtered,9,True,D:\Running_Place\PostGraduateProjects\Experiments\PostGraduate\backbones\PertubatedBNStatistics\BN-Consistency\shot3\Seed2
PertubatedBNStatistics,Disperssion+Seg-SADG,BN-Consistency,BN-Consistency,Seg-SADG,BN-Consistency,bn_consistency,shallow,0.1,0.1,1.0,0.05,0.1,0.001,0.0001,0.001,0.05,0.5,0.05,rho0p05,new_training,3,2,111,0.0742598060104582,0.07422137674358156,0.07388637132114834,0.006700098514556885,0.06450002267956734,0.13411439210176468,0.05,0.00076858207790388,0.0,0.0,0.0,0.0,3.842910417814791e-05,9,23|31|224,36,all_filtered,9,True,D:\Running_Place\PostGraduateProjects\Experiments\PostGraduate\backbones\PertubatedBNStatistics\BN-Consistency\shot3\Seed2
PertubatedBNStatistics,Disperssion+Seg-SADG,BN-Consistency,BN-Consistency,Seg-SADG,BN-Consistency,bn_consistency,shallow,0.1,0.1,1.0,0.05,0.1,0.001,0.0001,0.001,0.05,0.5,0.05,rho0p05,new_training,3,2,112,0.07174654801686604,0.07171053977476226,0.07140579861071375,0.0060948154682086576,0.06346731715732151,0.1211916630466779,0.05,0.0007201458017031351,0.0,0.0,0.0,0.0,3.600729077233053e-05,9,23|31|224,36,all_filtered,9,True,D:\Running_Place\PostGraduateProjects\Experiments\PostGraduate\backbones\PertubatedBNStatistics\BN-Consistency\shot3\Seed2
PertubatedBNStatistics,Disperssion+Seg-SADG,BN-Consistency,BN-Consistency,Seg-SADG,BN-Consistency,bn_consistency,shallow,0.1,0.1,1.0,0.05,0.1,0.001,0.0001,0.001,0.05,0.5,0.05,rho0p05,new_training,3,2,113,0.07191047279371156,0.07186773212419616,0.07155225177605946,0.006309618449045552,0.06282174049152268,0.13056451247798073,0.05,0.0008548208990962141,0.0,0.0,0.0,0.0,4.274104584409441e-05,9,23|31|224,36,all_filtered,9,True,D:\Running_Place\PostGraduateProjects\Experiments\PostGraduate\backbones\PertubatedBNStatistics\BN-Consistency\shot3\Seed2
PertubatedBNStatistics,Disperssion+Seg-SADG,BN-Consistency,BN-Consistency,Seg-SADG,BN-Consistency,bn_consistency,shallow,0.1,0.1,1.0,0.05,0.1,0.001,0.0001,0.001,0.05,0.5,0.05,rho0p05,new_training,3,2,114,0.07358004401127498,0.07354287140899235,0.07318064487642711,0.00724453411789404,0.06281823333766726,0.14760324358940125,0.05,0.0007434478029608727,0.0,0.0,0.0,0.0,3.717239037036456e-05,9,23|31|224,36,all_filtered,9,True,D:\Running_Place\PostGraduateProjects\Experiments\PostGraduate\backbones\PertubatedBNStatistics\BN-Consistency\shot3\Seed2
PertubatedBNStatistics,Disperssion+Seg-SADG,BN-Consistency,BN-Consistency,Seg-SADG,BN-Consistency,bn_consistency,shallow,0.1,0.1,1.0,0.05,0.1,0.001,0.0001,0.001,0.05,0.5,0.05,rho0p05,new_training,3,2,115,0.07415047619077894,0.07411100135909186,0.07380945980548859,0.006030830114872919,0.06353005684084362,0.14930643141269684,0.05,0.0007895010833938917,0.0,0.0,0.0,0.0,3.9475055422776175e-05,9,23|31|224,36,all_filtered,9,True,D:\Running_Place\PostGraduateProjects\Experiments\PostGraduate\backbones\PertubatedBNStatistics\BN-Consistency\shot3\Seed2
PertubatedBNStatistics,Disperssion+Seg-SADG,BN-Consistency,BN-Consistency,Seg-SADG,BN-Consistency,bn_consistency,shallow,0.1,0.1,1.0,0.05,0.1,0.001,0.0001,0.001,0.05,0.5,0.05,rho0p05,new_training,3,2,116,0.07516760710212919,0.0751228920287556,0.07480726473861271,0.006312549398798082,0.06417468355761634,0.15850142969025505,0.05,0.0008942923321026481,0.0,0.0,0.0,0.0,4.471461761568207e-05,9,23|31|224,36,all_filtered,9,True,D:\Running_Place\PostGraduateProjects\Experiments\PostGraduate\backbones\PertubatedBNStatistics\BN-Consistency\shot3\Seed2
PertubatedBNStatistics,Disperssion+Seg-SADG,BN-Consistency,BN-Consistency,Seg-SADG,BN-Consistency,bn_consistency,shallow,0.1,0.1,1.0,0.05,0.1,0.001,0.0001,0.001,0.05,0.5,0.05,rho0p05,new_training,3,2,117,0.07245755195617676,0.07241938966843817,0.07213657349348068,0.00565632355088989,0.06275433094965087,0.14238179475069046,0.05,0.0007632466990293728,0.0,0.0,0.0,0.0,3.816233563864241e-05,9,23|31|224,36,all_filtered,9,True,D:\Running_Place\PostGraduateProjects\Experiments\PostGraduate\backbones\PertubatedBNStatistics\BN-Consistency\shot3\Seed2
PertubatedBNStatistics,Disperssion+Seg-SADG,BN-Consistency,BN-Consistency,Seg-SADG,BN-Consistency,bn_consistency,shallow,0.1,0.1,1.0,0.05,0.1,0.001,0.0001,0.001,0.05,0.5,0.05,rho0p05,new_training,3,2,118,0.0709190343817075,0.07088800147175789,0.07051083114412096,0.007543382648792531,0.061471895625193916,0.13528053876426485,0.05,0.0006206491218310677,0.0,0.0,0.0,0.0,3.103245671809418e-05,9,23|31|224,36,all_filtered,9,True,D:\Running_Place\PostGraduateProjects\Experiments\PostGraduate\backbones\PertubatedBNStatistics\BN-Consistency\shot3\Seed2
PertubatedBNStatistics,Disperssion+Seg-SADG,BN-Consistency,BN-Consistency,Seg-SADG,BN-Consistency,bn_consistency,shallow,0.1,0.1,1.0,0.05,0.1,0.001,0.0001,0.001,0.05,0.5,0.05,rho0p05,new_training,3,2,119,0.07255254768662983,0.07251407040490045,0.07218076454268561,0.006666122263090478,0.06230668144093619,0.15373668322960535,0.05,0.0007695600183473693,0.0,0.0,0.0,0.0,3.847800184707416e-05,9,23|31|224,36,all_filtered,9,True,D:\Running_Place\PostGraduateProjects\Experiments\PostGraduate\backbones\PertubatedBNStatistics\BN-Consistency\shot3\Seed2
PertubatedBNStatistics,Disperssion+Seg-SADG,BN-Consistency,BN-Consistency,Seg-SADG,BN-Consistency,bn_consistency,shallow,0.1,0.1,1.0,0.05,0.1,0.001,0.0001,0.001,0.05,0.5,0.05,rho0p05,new_training,3,2,120,0.07120706058210796,0.07116186867157619,0.07087508506245083,0.005735668948748046,0.0611851020819611,0.1441411491897371,0.05,0.0009038199948716081,0.0,0.0,0.0,0.0,4.519100063286411e-05,9,23|31|224,36,all_filtered,9,True,D:\Running_Place\PostGraduateProjects\Experiments\PostGraduate\backbones\PertubatedBNStatistics\BN-Consistency\shot3\Seed2
PertubatedBNStatistics,Disperssion+Seg-SADG,BN-Consistency,BN-Consistency,Seg-SADG,BN-Consistency,bn_consistency,shallow,0.1,0.1,1.0,0.05,0.1,0.001,0.0001,0.001,0.05,0.5,0.05,rho0p05,new_training,3,2,121,0.07013724371790886,0.07009967706269687,0.06979631342821652,0.006067272637867265,0.06102448784642749,0.13538745625151527,0.05,0.0007513102027587593,0.0,0.0,0.0,0.0,3.7565510461313854e-05,9,23|31|224,36,all_filtered,9,True,D:\Running_Place\PostGraduateProjects\Experiments\PostGraduate\backbones\PertubatedBNStatistics\BN-Consistency\shot3\Seed2
PertubatedBNStatistics,Disperssion+Seg-SADG,BN-Consistency,BN-Consistency,Seg-SADG,BN-Consistency,bn_consistency,shallow,0.1,0.1,1.0,0.05,0.1,0.001,0.0001,0.001,0.05,0.5,0.05,rho0p05,new_training,3,2,122,0.06866584014561442,0.06862506187624401,0.06834939453336927,0.005513328205173214,0.05973267017139329,0.13152477807468838,0.05,0.000815562738959367,0.0,0.0,0.0,0.0,4.0778137190500274e-05,9,23|31|224,36,all_filtered,9,True,D:\Running_Place\PostGraduateProjects\Experiments\PostGraduate\backbones\PertubatedBNStatistics\BN-Consistency\shot3\Seed2
PertubatedBNStatistics,Disperssion+Seg-SADG,BN-Consistency,BN-Consistency,Seg-SADG,BN-Consistency,bn_consistency,shallow,0.1,0.1,1.0,0.05,0.1,0.001,0.0001,0.001,0.05,0.5,0.05,rho0p05,new_training,3,2,123,0.0675963345501158,0.06756557606988484,0.06725392200880581,0.006233063655801945,0.05916082196765476,0.12665612167782253,0.05,0.0006151717874066284,0.0,0.0,0.0,0.0,3.0758589774551285e-05,9,23|31|224,36,all_filtered,9,True,D:\Running_Place\PostGraduateProjects\Experiments\PostGraduate\backbones\PertubatedBNStatistics\BN-Consistency\shot3\Seed2
PertubatedBNStatistics,Disperssion+Seg-SADG,BN-Consistency,BN-Consistency,Seg-SADG,BN-Consistency,bn_consistency,shallow,0.1,0.1,1.0,0.05,0.1,0.001,0.0001,0.001,0.05,0.5,0.05,rho0p05,new_training,3,2,124,0.0669930304090182,0.06695880989233653,0.06666802366574605,0.005815714080300596,0.05818830016586515,0.12323561476336585,0.05,0.0006843869988289145,0.0,0.0,0.0,0.0,3.42193503052436e-05,9,23|31|224,36,all_filtered,9,True,D:\Running_Place\PostGraduateProjects\Experiments\PostGraduate\backbones\PertubatedBNStatistics\BN-Consistency\shot3\Seed2
PertubatedBNStatistics,Disperssion+Seg-SADG,BN-Consistency,BN-Consistency,Seg-SADG,BN-Consistency,bn_consistency,shallow,0.1,0.1,1.0,0.05,0.1,0.001,0.0001,0.001,0.05,0.5,0.05,rho0p05,new_training,3,2,125,0.06749396150310834,0.0674566746585899,0.0671682208776474,0.005769074195995927,0.05791940250330501,0.135934387644132,0.05,0.0007457295885413057,0.0,0.0,0.0,0.0,3.728647991212913e-05,9,23|31|224,36,all_filtered,9,True,D:\Running_Place\PostGraduateProjects\Experiments\PostGraduate\backbones\PertubatedBNStatistics\BN-Consistency\shot3\Seed2
PertubatedBNStatistics,Disperssion+Seg-SADG,BN-Consistency,BN-Consistency,Seg-SADG,BN-Consistency,bn_consistency,shallow,0.1,0.1,1.0,0.05,0.1,0.001,0.0001,0.001,0.05,0.5,0.05,rho0p05,new_training,3,2,126,0.06747156961096658,0.06743915379047394,0.06710992836289936,0.006584499471096529,0.05745184876852565,0.13965292357736164,0.05,0.0006483359611593187,0.0,0.0,0.0,0.0,3.241679870471772e-05,9,23|31|224,36,all_filtered,9,True,D:\Running_Place\PostGraduateProjects\Experiments\PostGraduate\backbones\PertubatedBNStatistics\BN-Consistency\shot3\Seed2
PertubatedBNStatistics,Disperssion+Seg-SADG,BN-Consistency,BN-Consistency,Seg-SADG,BN-Consistency,bn_consistency,shallow,0.1,0.1,1.0,0.05,0.1,0.001,0.0001,0.001,0.05,0.5,0.05,rho0p05,new_training,3,2,127,0.06570908468630579,0.06567376313938035,0.06541541549894545,0.005166971642110083,0.056411892589595586,0.12919272068474028,0.05,0.0007064388709194544,0.0,0.0,0.0,0.0,3.5321944475678414e-05,9,23|31|224,36,all_filtered,9,True,D:\Running_Place\PostGraduateProjects\Experiments\PostGraduate\backbones\PertubatedBNStatistics\BN-Consistency\shot3\Seed2
PertubatedBNStatistics,Disperssion+Seg-SADG,BN-Consistency,BN-Consistency,Seg-SADG,BN-Consistency,bn_consistency,shallow,0.1,0.1,1.0,0.05,0.1,0.001,0.0001,0.001,0.05,0.5,0.05,rho0p05,new_training,3,2,128,0.06634601081411044,0.06630951580074099,0.06603229915102322,0.005544331157580018,0.05650201398465368,0.14305186520020166,0.05,0.0007299317674349166,0.0,0.0,0.0,0.0,3.649658922060755e-05,9,23|31|224,36,all_filtered,9,True,D:\Running_Place\PostGraduateProjects\Experiments\PostGraduate\backbones\PertubatedBNStatistics\BN-Consistency\shot3\Seed2
PertubatedBNStatistics,Disperssion+Seg-SADG,BN-Consistency,BN-Consistency,Seg-SADG,BN-Consistency,bn_consistency,shallow,0.1,0.1,1.0,0.05,0.1,0.001,0.0001,0.001,0.05,0.5,0.05,rho0p05,new_training,3,2,129,0.06634316386448012,0.06630464187926716,0.06605206305782,0.005051565951564246,0.05653803009125921,0.1429286872347196,0.05,0.0007704279657142857,0.0,0.0,0.0,0.0,3.8521398689934155e-05,9,23|31|224,36,all_filtered,9,True,D:\Running_Place\PostGraduateProjects\Experiments\PostGraduate\backbones\PertubatedBNStatistics\BN-Consistency\shot3\Seed2
PertubatedBNStatistics,Disperssion+Seg-SADG,BN-Consistency,BN-Consistency,Seg-SADG,BN-Consistency,bn_consistency,shallow,0.1,0.1,1.0,0.05,0.1,0.001,0.0001,0.001,0.05,0.5,0.05,rho0p05,new_training,3,2,130,0.0637661065492365,0.06373309882150756,0.06342146090335316,0.006232763718192776,0.055156649814711675,0.12467411243253285,0.05,0.000660153322516837,0.0,0.0,0.0,0.0,3.30076668938596e-05,9,23|31|224,36,all_filtered,9,True,D:\Running_Place\PostGraduateProjects\Experiments\PostGraduate\backbones\PertubatedBNStatistics\BN-Consistency\shot3\Seed2
PertubatedBNStatistics,Disperssion+Seg-SADG,BN-Consistency,BN-Consistency,Seg-SADG,BN-Consistency,bn_consistency,shallow,0.1,0.1,1.0,0.05,0.1,0.001,0.0001,0.001,0.05,0.5,0.05,rho0p05,new_training,3,2,131,0.06271988112065527,0.06268776290946537,0.062427165193690196,0.0052119458301199805,0.05401552841067314,0.12061856935421626,0.05,0.0006423561458682849,0.0,0.0,0.0,0.0,3.211780798058802e-05,9,23|31|224,36,all_filtered,9,True,D:\Running_Place\PostGraduateProjects\Experiments\PostGraduate\backbones\PertubatedBNStatistics\BN-Consistency\shot3\Seed2
PertubatedBNStatistics,Disperssion+Seg-SADG,BN-Consistency,BN-Consistency,Seg-SADG,BN-Consistency,bn_consistency,shallow,0.1,0.1,1.0,0.05,0.1,0.001,0.0001,0.001,0.05,0.5,0.05,rho0p05,new_training,3,2,132,0.06305402227573925,0.0630131678448783,0.06276934635308054,0.004876434026906888,0.053813252598047256,0.12723631825711992,0.05,0.0008171030268487004,0.0,0.0,0.0,0.0,4.085515178707687e-05,9,23|31|224,36,all_filtered,9,True,D:\Running_Place\PostGraduateProjects\Experiments\PostGraduate\backbones\PertubatedBNStatistics\BN-Consistency\shot3\Seed2
PertubatedBNStatistics,Disperssion+Seg-SADG,BN-Consistency,BN-Consistency,Seg-SADG,BN-Consistency,bn_consistency,shallow,0.1,0.1,1.0,0.05,0.1,0.001,0.0001,0.001,0.05,0.5,0.05,rho0p05,new_training,3,2,133,0.061991824871963926,0.06195465144183901,0.06170539433757464,0.004985149794568618,0.05330124952726894,0.12032912754350239,0.05,0.0007434839240482284,0.0,0.0,0.0,0.0,3.7174196727897244e-05,9,23|31|224,36,all_filtered,9,True,D:\Running_Place\PostGraduateProjects\Experiments\PostGraduate\backbones\PertubatedBNStatistics\BN-Consistency\shot3\Seed2
PertubatedBNStatistics,Disperssion+Seg-SADG,BN-Consistency,BN-Consistency,Seg-SADG,BN-Consistency,bn_consistency,shallow,0.1,0.1,1.0,0.05,0.1,0.001,0.0001,0.001,0.05,0.5,0.05,rho0p05,new_training,3,2,134,0.060399961140420705,0.06036484738190969,0.06009828961557812,0.005331176902270979,0.052404875970549054,0.11323670546213786,0.05,0.0007022798947420799,0.0,0.0,0.0,0.0,3.5113994979635914e-05,9,23|31|224,36,all_filtered,9,True,D:\Running_Place\PostGraduateProjects\Experiments\PostGraduate\backbones\PertubatedBNStatistics\BN-Consistency\shot3\Seed2
PertubatedBNStatistics,Disperssion+Seg-SADG,BN-Consistency,BN-Consistency,Seg-SADG,BN-Consistency,bn_consistency,shallow,0.1,0.1,1.0,0.05,0.1,0.001,0.0001,0.001,0.05,0.5,0.05,rho0p05,new_training,3,2,135,0.060424389938513436,0.06038902410202556,0.060156156619389854,0.004657346625915832,0.05222729966044426,0.11756270958317651,0.05,0.0007072984202144047,0.0,0.0,0.0,0.0,3.5364921536206064e-05,9,23|31|224,36,all_filtered,9,True,D:\Running_Place\PostGraduateProjects\Experiments\PostGraduate\backbones\PertubatedBNStatistics\BN-Consistency\shot3\Seed2
PertubatedBNStatistics,Disperssion+Seg-SADG,BN-Consistency,BN-Consistency,Seg-SADG,BN-Consistency,bn_consistency,shallow,0.1,0.1,1.0,0.05,0.1,0.001,0.0001,0.001,0.05,0.5,0.05,rho0p05,new_training,3,2,136,0.06188521823949284,0.06184492881099383,0.06162548023793432,0.004388968563742108,0.052509850098027125,0.13815696868631575,0.05,0.0008057934561899552,0.0,0.0,0.0,0.0,4.028967365835948e-05,9,23|31|224,36,all_filtered,9,True,D:\Running_Place\PostGraduateProjects\Experiments\PostGraduate\backbones\PertubatedBNStatistics\BN-Consistency\shot3\Seed2
PertubatedBNStatistics,Disperssion+Seg-SADG,BN-Consistency,BN-Consistency,Seg-SADG,BN-Consistency,bn_consistency,shallow,0.1,0.1,1.0,0.05,0.1,0.001,0.0001,0.001,0.05,0.5,0.05,rho0p05,new_training,3,2,137,0.06021475378010008,0.060171748201052346,0.05991435547669729,0.005147848071323501,0.05124478663007418,0.12446541090806325,0.05,0.0008601065362907118,0.0,0.0,0.0,0.0,4.300532742086539e-05,9,23|31|224,36,all_filtered,9,True,D:\Running_Place\PostGraduateProjects\Experiments\PostGraduate\backbones\PertubatedBNStatistics\BN-Consistency\shot3\Seed2
PertubatedBNStatistics,Disperssion+Seg-SADG,BN-Consistency,BN-Consistency,Seg-SADG,BN-Consistency,bn_consistency,shallow,0.1,0.1,1.0,0.05,0.1,0.001,0.0001,0.001,0.05,0.5,0.05,rho0p05,new_training,3,2,138,0.05777693581249979,0.0577387660741806,0.057491579403479896,0.004943729973294669,0.050387580361631185,0.10486376202768749,0.05,0.000763389294863575,0.0,0.0,0.0,0.0,3.8169465066554643e-05,9,23|31|224,36,all_filtered,9,True,D:\Running_Place\PostGraduateProjects\Experiments\PostGraduate\backbones\PertubatedBNStatistics\BN-Consistency\shot3\Seed2
PertubatedBNStatistics,Disperssion+Seg-SADG,BN-Consistency,BN-Consistency,Seg-SADG,BN-Consistency,bn_consistency,shallow,0.1,0.1,1.0,0.05,0.1,0.001,0.0001,0.001,0.05,0.5,0.05,rho0p05,new_training,3,2,139,0.059751624862353005,0.05971108335587713,0.05946284325586425,0.004964802077867919,0.05057353443569607,0.12670256942510605,0.05,0.0008108294762981435,0.0,0.0,0.0,0.0,4.054147474461287e-05,9,23|31|224,36,all_filtered,9,True,D:\Running_Place\PostGraduateProjects\Experiments\PostGraduate\backbones\PertubatedBNStatistics\BN-Consistency\shot3\Seed2
PertubatedBNStatistics,Disperssion+Seg-SADG,BN-Consistency,BN-Consistency,Seg-SADG,BN-Consistency,bn_consistency,shallow,0.1,0.1,1.0,0.05,0.1,0.001,0.0001,0.001,0.05,0.5,0.05,rho0p05,new_training,3,2,140,0.0591889296968778,0.059147488325834274,0.05893369019031525,0.004275951508639587,0.05017476363314523,0.1282054078247812,0.05,0.0008288376654187838,0.0,0.0,0.0,0.0,4.1441883594315084e-05,9,23|31|224,36,all_filtered,9,True,D:\Running_Place\PostGraduateProjects\Experiments\PostGraduate\backbones\PertubatedBNStatistics\BN-Consistency\shot3\Seed2
PertubatedBNStatistics,Disperssion+Seg-SADG,BN-Consistency,BN-Consistency,Seg-SADG,BN-Consistency,bn_consistency,shallow,0.1,0.1,1.0,0.05,0.1,0.001,0.0001,0.001,0.05,0.5,0.05,rho0p05,new_training,3,2,141,0.05812864129741987,0.05808780839045843,0.05783097280396356,0.005136703684305151,0.049700825992557734,0.11946335683266322,0.05,0.0008166543039907184,0.0,0.0,0.0,0.0,4.083271637177354e-05,9,23|31|224,36,all_filtered,9,True,D:\Running_Place\PostGraduateProjects\Experiments\PostGraduate\backbones\PertubatedBNStatistics\BN-Consistency\shot3\Seed2
PertubatedBNStatistics,Disperssion+Seg-SADG,BN-Consistency,BN-Consistency,Seg-SADG,BN-Consistency,bn_consistency,shallow,0.1,0.1,1.0,0.05,0.1,0.001,0.0001,0.001,0.05,0.5,0.05,rho0p05,new_training,3,2,142,0.05768120495809449,0.057642918080091476,0.05741193311081992,0.0046196930213934844,0.04940227543314298,0.11667884389559428,0.05,0.0007657386207332214,0.0,0.0,0.0,0.0,3.82869315621469e-05,9,23|31|224,36,all_filtered,9,True,D:\Running_Place\PostGraduateProjects\Experiments\PostGraduate\backbones\PertubatedBNStatistics\BN-Consistency\shot3\Seed2
PertubatedBNStatistics,Disperssion+Seg-SADG,BN-Consistency,BN-Consistency,Seg-SADG,BN-Consistency,bn_consistency,shallow,0.1,0.1,1.0,0.05,0.1,0.001,0.0001,0.001,0.05,0.5,0.05,rho0p05,new_training,3,2,143,0.0600210829741425,0.059978026068872876,0.05976669366161028,0.004226640022049348,0.05005059805181292,0.14810076852639517,0.05,0.0008611401297255523,0.0,0.0,0.0,0.0,4.305700753724927e-05,9,23|31|224,36,all_filtered,9,True,D:\Running_Place\PostGraduateProjects\Experiments\PostGraduate\backbones\PertubatedBNStatistics\BN-Consistency\shot3\Seed2
PertubatedBNStatistics,Disperssion+Seg-SADG,BN-Consistency,BN-Consistency,Seg-SADG,BN-Consistency,bn_consistency,shallow,0.1,0.1,1.0,0.05,0.1,0.001,0.0001,0.001,0.05,0.5,0.05,rho0p05,new_training,3,2,144,0.059124237961239286,0.05909257009625435,0.05882628634572029,0.005325667611840699,0.04952312426434623,0.13710857099956936,0.05,0.0006333505411425398,0.0,0.0,0.0,0.0,3.166752746134686e-05,9,23|31|224,36,all_filtered,9,True,D:\Running_Place\PostGraduateProjects\Experiments\PostGraduate\backbones\PertubatedBNStatistics\BN-Consistency\shot3\Seed2
PertubatedBNStatistics,Disperssion+Seg-SADG,BN-Consistency,BN-Consistency,Seg-SADG,BN-Consistency,bn_consistency,shallow,0.1,0.1,1.0,0.05,0.1,0.001,0.0001,0.001,0.05,0.5,0.05,rho0p05,new_training,3,2,145,0.05840912295712365,0.05837502537502183,0.05812662384576268,0.004968008750842677,0.049473228553930916,0.13042259795798194,0.05,0.000681952822358451,0.0,0.0,0.0,0.0,3.4097641724252346e-05,9,23|31|224,36,all_filtered,9,True,D:\Running_Place\PostGraduateProjects\Experiments\PostGraduate\backbones\PertubatedBNStatistics\BN-Consistency\shot3\Seed2
PertubatedBNStatistics,Disperssion+Seg-SADG,BN-Consistency,BN-Consistency,Seg-SADG,BN-Consistency,bn_consistency,shallow,0.1,0.1,1.0,0.05,0.1,0.001,0.0001,0.001,0.05,0.5,0.05,rho0p05,new_training,3,2,146,0.06287034187051985,0.06282096397545603,0.06254924005932277,0.00543448861895336,0.05060634762048721,0.16603527549240324,0.05,0.000987554499362078,0.0,0.0,0.0,0.0,4.937772589780959e-05,9,23|31|224,36,all_filtered,9,True,D:\Running_Place\PostGraduateProjects\Experiments\PostGraduate\backbones\PertubatedBNStatistics\BN-Consistency\shot3\Seed2
PertubatedBNStatistics,Disperssion+Seg-SADG,BN-Consistency,BN-Consistency,Seg-SADG,BN-Consistency,bn_consistency,shallow,0.1,0.1,1.0,0.05,0.1,0.001,0.0001,0.001,0.05,0.5,0.05,rho0p05,new_training,3,2,147,0.0630247365269396,0.06297428409258525,0.06271519801682895,0.005181718565937545,0.05181838530633184,0.16212085468901527,0.05,0.0010090386947720414,0.0,0.0,0.0,0.0,5.0451934738602075e-05,9,23|31|224,36,all_filtered,9,True,D:\Running_Place\PostGraduateProjects\Experiments\PostGraduate\backbones\PertubatedBNStatistics\BN-Consistency\shot3\Seed2
PertubatedBNStatistics,Disperssion+Seg-SADG,BN-Consistency,BN-Consistency,Seg-SADG,BN-Consistency,bn_consistency,shallow,0.1,0.1,1.0,0.05,0.1,0.001,0.0001,0.001,0.05,0.5,0.05,rho0p05,new_training,3,2,148,0.05722889179984728,0.057193330178658165,0.056960496637556285,0.004656669813104802,0.04910812444157071,0.12050147685739729,0.05,0.0007112318546407752,0.0,0.0,0.0,0.0,3.556159329794658e-05,9,23|31|224,36,all_filtered,9,True,D:\Running_Place\PostGraduateProjects\Experiments\PostGraduate\backbones\PertubatedBNStatistics\BN-Consistency\shot3\Seed2
PertubatedBNStatistics,Disperssion+Seg-SADG,BN-Consistency,BN-Consistency,Seg-SADG,BN-Consistency,bn_consistency,shallow,0.1,0.1,1.0,0.05,0.1,0.001,0.0001,0.001,0.05,0.5,0.05,rho0p05,new_training,3,2,149,0.05611204728484154,0.056077343308263354,0.0558263071709209,0.00502072360056142,0.04821830574009153,0.11426969865957896,0.05,0.0006940960560718344,0.0,0.0,0.0,0.0,3.470480340992152e-05,9,23|31|224,36,all_filtered,9,True,D:\Running_Place\PostGraduateProjects\Experiments\PostGraduate\backbones\PertubatedBNStatistics\BN-Consistency\shot3\Seed2
PertubatedBNStatistics,Disperssion+Seg-SADG,BN-Consistency,BN-Consistency,Seg-SADG,BN-Consistency,bn_consistency,shallow,0.1,0.1,1.0,0.05,0.1,0.001,0.0001,0.001,0.05,0.5,0.05,rho0p05,new_training,3,2,150,0.05587056610319349,0.055834179951084986,0.05561787345343166,0.00432612674517764,0.04757052453027831,0.121624113784896,0.05,0.0007277174154296517,0.0,0.0,0.0,0.0,3.638587157992232e-05,9,23|31|224,36,all_filtered,9,True,D:\Running_Place\PostGraduateProjects\Experiments\PostGraduate\backbones\PertubatedBNStatistics\BN-Consistency\shot3\Seed2
PertubatedBNStatistics,Disperssion+Seg-SADG,BN-Consistency,BN-Consistency,Seg-SADG,BN-Consistency,bn_consistency,shallow,0.1,0.1,1.0,0.05,0.1,0.001,0.0001,0.001,0.05,0.5,0.05,rho0p05,new_training,3,2,151,0.05635639818178283,0.056318131999837026,0.05607652250263426,0.0048321999040328795,0.04735104822450214,0.128844259513749,0.05,0.000765334226242784,0.0,0.0,0.0,0.0,3.826671208015695e-05,9,23|31|224,36,all_filtered,9,True,D:\Running_Place\PostGraduateProjects\Experiments\PostGraduate\backbones\PertubatedBNStatistics\BN-Consistency\shot3\Seed2
PertubatedBNStatistics,Disperssion+Seg-SADG,BN-Consistency,BN-Consistency,Seg-SADG,BN-Consistency,bn_consistency,shallow,0.1,0.1,1.0,0.05,0.1,0.001,0.0001,0.001,0.05,0.5,0.05,rho0p05,new_training,3,2,152,0.05586159643199709,0.055824004113674164,0.055593471974134445,0.004610630864691403,0.04673085196150674,0.12680380046367645,0.05,0.0007518318533483478,0.0,0.0,0.0,0.0,3.759159274826137e-05,9,23|31|224,36,all_filtered,9,True,D:\Running_Place\PostGraduateProjects\Experiments\PostGraduate\backbones\PertubatedBNStatistics\BN-Consistency\shot3\Seed2
PertubatedBNStatistics,Disperssion+Seg-SADG,BN-Consistency,BN-Consistency,Seg-SADG,BN-Consistency,bn_consistency,shallow,0.1,0.1,1.0,0.05,0.1,0.001,0.0001,0.001,0.05,0.5,0.05,rho0p05,new_training,3,2,153,0.05781239229771826,0.05777434425221549,0.057516299188137054,0.005160896392125223,0.04714189221461614,0.15320763323042128,0.05,0.0007609625786749853,0.0,0.0,0.0,0.0,3.8048130388940786e-05,9,23|31|224,36,all_filtered,9,True,D:\Running_Place\PostGraduateProjects\Experiments\PostGraduate\backbones\PertubatedBNStatistics\BN-Consistency\shot3\Seed2
PertubatedBNStatistics,Disperssion+Seg-SADG,BN-Consistency,BN-Consistency,Seg-SADG,BN-Consistency,bn_consistency,shallow,0.1,0.1,1.0,0.05,0.1,0.001,0.0001,0.001,0.05,0.5,0.05,rho0p05,new_training,3,2,154,0.057708399991194405,0.05766088805264897,0.05741268520553907,0.004964050060758988,0.04759431092275514,0.14392624878221089,0.05,0.0009502213280130592,0.0,0.0,0.0,0.0,4.7511067451624614e-05,9,23|31|224,36,all_filtered,9,True,D:\Running_Place\PostGraduateProjects\Experiments\PostGraduate\backbones\PertubatedBNStatistics\BN-Consistency\shot3\Seed2
PertubatedBNStatistics,Disperssion+Seg-SADG,BN-Consistency,BN-Consistency,Seg-SADG,BN-Consistency,bn_consistency,shallow,0.1,0.1,1.0,0.05,0.1,0.001,0.0001,0.001,0.05,0.5,0.05,rho0p05,new_training,3,2,155,0.05484269311030706,0.05479926367600759,0.05457677609390683,0.004449771665450599,0.04626498661107487,0.12446776694721645,0.05,0.0008685726206749678,0.0,0.0,0.0,0.0,4.342863212514203e-05,9,23|31|224,36,all_filtered,9,True,D:\Running_Place\PostGraduateProjects\Experiments\PostGraduate\backbones\PertubatedBNStatistics\BN-Consistency\shot3\Seed2
PertubatedBNStatistics,Disperssion+Seg-SADG,BN-Consistency,BN-Consistency,Seg-SADG,BN-Consistency,bn_consistency,shallow,0.1,0.1,1.0,0.05,0.1,0.001,0.0001,0.001,0.05,0.5,0.05,rho0p05,new_training,3,2,156,0.054231319990422994,0.05418574230538474,0.05399025893873639,0.0039096731537332135,0.04570567483703295,0.12440512163771524,0.05,0.0009115529052602748,0.0,0.0,0.0,0.0,4.557764643525136e-05,9,23|31|224,36,all_filtered,9,True,D:\Running_Place\PostGraduateProjects\Experiments\PostGraduate\backbones\PertubatedBNStatistics\BN-Consistency\shot3\Seed2
PertubatedBNStatistics,Disperssion+Seg-SADG,BN-Consistency,BN-Consistency,Seg-SADG,BN-Consistency,bn_consistency,shallow,0.1,0.1,1.0,0.05,0.1,0.001,0.0001,0.001,0.05,0.5,0.05,rho0p05,new_training,3,2,157,0.054987201674116984,0.05494911637571123,0.054731108248233795,0.004360163868922327,0.04597449840770827,0.12970944080087873,0.05,0.0007617146992642018,0.0,0.0,0.0,0.0,3.808573536742996e-05,9,23|31|224,36,all_filtered,9,True,D:\Running_Place\PostGraduateProjects\Experiments\PostGraduate\backbones\PertubatedBNStatistics\BN-Consistency\shot3\Seed2
PertubatedBNStatistics,Disperssion+Seg-SADG,BN-Consistency,BN-Consistency,Seg-SADG,BN-Consistency,bn_consistency,shallow,0.1,0.1,1.0,0.05,0.1,0.001,0.0001,0.001,0.05,0.5,0.05,rho0p05,new_training,3,2,158,0.0541961251033677,0.05416113096806738,0.053915638062689036,0.004909863695502281,0.0449802175992065,0.13237684137291378,0.05,0.0006998838733933452,0.0,0.0,0.0,0.0,3.499419451852898e-05,9,23|31|224,36,all_filtered,9,True,D:\Running_Place\PostGraduateProjects\Experiments\PostGraduate\backbones\PertubatedBNStatistics\BN-Consistency\shot3\Seed2
PertubatedBNStatistics,Disperssion+Seg-SADG,BN-Consistency,BN-Consistency,Seg-SADG,BN-Consistency,bn_consistency,shallow,0.1,0.1,1.0,0.05,0.1,0.001,0.0001,0.001,0.05,0.5,0.05,rho0p05,new_training,3,2,159,0.05415931095679601,0.05411655828356743,0.05387576793630918,0.004815802107461625,0.044773198664188385,0.13313251733779907,0.05,0.0008550547904128002,0.0,0.0,0.0,0.0,4.2752740329079745e-05,9,23|31|224,36,all_filtered,9,True,D:\Running_Place\PostGraduateProjects\Experiments\PostGraduate\backbones\PertubatedBNStatistics\BN-Consistency\shot3\Seed2
PertubatedBNStatistics,Disperssion+Seg-SADG,BN-Consistency,BN-Consistency,Seg-SADG,BN-Consistency,bn_consistency,shallow,0.1,0.1,1.0,0.05,0.1,0.001,0.0001,0.001,0.05,0.5,0.05,rho0p05,new_training,3,2,160,0.052631746149725385,0.05258700541324086,0.05238223200043043,0.004095461323029465,0.0445844539337688,0.11795759697755177,0.05,0.0008948115282692015,0.0,0.0,0.0,0.0,4.4740577424009745e-05,9,23|31|224,36,all_filtered,9,True,D:\Running_Place\PostGraduateProjects\Experiments\PostGraduate\backbones\PertubatedBNStatistics\BN-Consistency\shot3\Seed2
PertubatedBNStatistics,Disperssion+Seg-SADG,BN-Consistency,BN-Consistency,Seg-SADG,BN-Consistency,bn_consistency,shallow,0.1,0.1,1.0,0.05,0.1,0.001,0.0001,0.001,0.05,0.5,0.05,rho0p05,new_training,3,2,161,0.051697795589764915,0.0516651069952382,0.051462053838703364,0.0040610628719959,0.043629406640926995,0.1143228229549196,0.05,0.0006537675928686642,0.0,0.0,0.0,0.0,3.268837988596513e-05,9,23|31|224,36,all_filtered,9,True,D:\Running_Place\PostGraduateProjects\Experiments\PostGraduate\backbones\PertubatedBNStatistics\BN-Consistency\shot3\Seed2
PertubatedBNStatistics,Disperssion+Seg-SADG,BN-Consistency,BN-Consistency,Seg-SADG,BN-Consistency,bn_consistency,shallow,0.1,0.1,1.0,0.05,0.1,0.001,0.0001,0.001,0.05,0.5,0.05,rho0p05,new_training,3,2,162,0.0517372555202908,0.05170094842712084,0.05149784435828527,0.004062077392720514,0.04320415771669812,0.11843324204285939,0.05,0.000726151066677024,0.0,0.0,0.0,0.0,3.6307554384822855e-05,9,23|31|224,36,all_filtered,9,True,D:\Running_Place\PostGraduateProjects\Experiments\PostGraduate\backbones\PertubatedBNStatistics\BN-Consistency\shot3\Seed2
PertubatedBNStatistics,Disperssion+Seg-SADG,BN-Consistency,BN-Consistency,Seg-SADG,BN-Consistency,bn_consistency,shallow,0.1,0.1,1.0,0.05,0.1,0.001,0.0001,0.001,0.05,0.5,0.05,rho0p05,new_training,3,2,163,0.05117622762918472,0.051135493649376765,0.05093682391775979,0.0039733941408081185,0.04256108320421643,0.12044719523853725,0.05,0.0008146756897783942,0.0,0.0,0.0,0.0,4.073378497398355e-05,9,23|31|224,36,all_filtered,9,True,D:\Running_Place\PostGraduateProjects\Experiments\PostGraduate\backbones\PertubatedBNStatistics\BN-Consistency\shot3\Seed2
PertubatedBNStatistics,Disperssion+Seg-SADG,BN-Consistency,BN-Consistency,Seg-SADG,BN-Consistency,bn_consistency,shallow,0.1,0.1,1.0,0.05,0.1,0.001,0.0001,0.001,0.05,0.5,0.05,rho0p05,new_training,3,2,164,0.049639225006103516,0.04960163227385945,0.04941210771600405,0.003790493782920142,0.042126656820376716,0.10690509196784762,0.05,0.0007518557540606707,0.0,0.0,0.0,0.0,3.759278802640943e-05,9,23|31|224,36,all_filtered,9,True,D:\Running_Place\PostGraduateProjects\Experiments\PostGraduate\backbones\PertubatedBNStatistics\BN-Consistency\shot3\Seed2
PertubatedBNStatistics,Disperssion+Seg-SADG,BN-Consistency,BN-Consistency,Seg-SADG,BN-Consistency,bn_consistency,shallow,0.1,0.1,1.0,0.05,0.1,0.001,0.0001,0.001,0.05,0.5,0.05,rho0p05,new_training,3,2,165,0.04917037652598487,0.049134348415666156,0.048921487811538905,0.004257220283357633,0.041402836640675865,0.10790085295836131,0.05,0.0007205536821857095,0.0,0.0,0.0,0.0,3.602768467519329e-05,9,23|31|224,36,all_filtered,9,True,D:\Running_Place\PostGraduateProjects\Experiments\PostGraduate\backbones\PertubatedBNStatistics\BN-Consistency\shot3\Seed2
PertubatedBNStatistics,Disperssion+Seg-SADG,BN-Consistency,BN-Consistency,Seg-SADG,BN-Consistency,bn_consistency,shallow,0.1,0.1,1.0,0.05,0.1,0.001,0.0001,0.001,0.05,0.5,0.05,rho0p05,new_training,3,2,166,0.04992989326516787,0.04988573036260075,0.04970929357740614,0.0035287452499485677,0.04137601289484236,0.12022263970639971,0.05,0.0008832715102471411,0.0,0.0,0.0,0.0,4.416357640164076e-05,9,23|31|224,36,all_filtered,9,True,D:\Running_Place\PostGraduateProjects\Experiments\PostGraduate\backbones\PertubatedBNStatistics\BN-Consistency\shot3\Seed2
PertubatedBNStatistics,Disperssion+Seg-SADG,BN-Consistency,BN-Consistency,Seg-SADG,BN-Consistency,bn_consistency,shallow,0.1,0.1,1.0,0.05,0.1,0.001,0.0001,0.001,0.05,0.5,0.05,rho0p05,new_training,3,2,167,0.04882454747955004,0.04877846729424265,0.0486000639696916,0.0035680679656151268,0.040802323155932956,0.11348883476522234,0.05,0.0009216017658925719,0.0,0.0,0.0,0.0,4.608008869884846e-05,9,23|31|224,36,all_filtered,9,True,D:\Running_Place\PostGraduateProjects\Experiments\PostGraduate\backbones\PertubatedBNStatistics\BN-Consistency\shot3\Seed2
PertubatedBNStatistics,Disperssion+Seg-SADG,BN-Consistency,BN-Consistency,Seg-SADG,BN-Consistency,bn_consistency,shallow,0.1,0.1,1.0,0.05,0.1,0.001,0.0001,0.001,0.05,0.5,0.05,rho0p05,new_training,3,2,168,0.05033550949560271,0.05028843879699707,0.05007557198405266,0.0042573427264061235,0.04125660243961546,0.12541508177916208,0.05,0.0009414018843219512,0.0,0.0,0.0,0.0,4.707009550960114e-05,9,23|31|224,36,all_filtered,9,True,D:\Running_Place\PostGraduateProjects\Experiments\PostGraduate\backbones\PertubatedBNStatistics\BN-Consistency\shot3\Seed2
PertubatedBNStatistics,Disperssion+Seg-SADG,BN-Consistency,BN-Consistency,Seg-SADG,BN-Consistency,bn_consistency,shallow,0.1,0.1,1.0,0.05,0.1,0.001,0.0001,0.001,0.05,0.5,0.05,rho0p05,new_training,3,2,169,0.04898400232195854,0.04894518728057543,0.048759492735068,0.003713886512236463,0.04121226775977346,0.11385746796925862,0.05,0.0007762983279664897,0.0,0.0,0.0,0.0,3.8814916681278395e-05,9,23|31|224,36,all_filtered,9,True,D:\Running_Place\PostGraduateProjects\Experiments\PostGraduate\backbones\PertubatedBNStatistics\BN-Consistency\shot3\Seed2
PertubatedBNStatistics,Disperssion+Seg-SADG,BN-Consistency,BN-Consistency,Seg-SADG,BN-Consistency,bn_consistency,shallow,0.1,0.1,1.0,0.05,0.1,0.001,0.0001,0.001,0.05,0.5,0.05,rho0p05,new_training,3,2,170,0.0477764755487442,0.04772757407691744,0.04755301235450639,0.0034912248762945333,0.04024965316057205,0.10980199774106343,0.05,0.000978043600399461,0.0,0.0,0.0,0.0,4.890218082841279e-05,9,23|31|224,36,all_filtered,9,True,D:\Running_Place\PostGraduateProjects\Experiments\PostGraduate\backbones\PertubatedBNStatistics\BN-Consistency\shot3\Seed2
PertubatedBNStatistics,Disperssion+Seg-SADG,BN-Consistency,BN-Consistency,Seg-SADG,BN-Consistency,bn_consistency,shallow,0.1,0.1,1.0,0.05,0.1,0.001,0.0001,0.001,0.05,0.5,0.05,rho0p05,new_training,3,2,171,0.04874189363585578,0.04870281699630949,0.04853011295199394,0.0034540738237814773,0.04047149088647631,0.11838183800379436,0.05,0.0007815157684187094,0.0,0.0,0.0,0.0,3.907578886557733e-05,9,23|31|224,36,all_filtered,9,True,D:\Running_Place\PostGraduateProjects\Experiments\PostGraduate\backbones\PertubatedBNStatistics\BN-Consistency\shot3\Seed2
PertubatedBNStatistics,Disperssion+Seg-SADG,BN-Consistency,BN-Consistency,Seg-SADG,BN-Consistency,bn_consistency,shallow,0.1,0.1,1.0,0.05,0.1,0.001,0.0001,0.001,0.05,0.5,0.05,rho0p05,new_training,3,2,172,0.04757288098335266,0.047531265351507396,0.047327705969413124,0.0040711933591713505,0.039846747699711055,0.11368504580524233,0.05,0.0008323014998394582,0.0,0.0,0.0,0.0,4.1615076042944565e-05,9,23|31|224,36,all_filtered,9,True,D:\Running_Place\PostGraduateProjects\Experiments\PostGraduate\backbones\PertubatedBNStatistics\BN-Consistency\shot3\Seed2
PertubatedBNStatistics,Disperssion+Seg-SADG,BN-Consistency,BN-Consistency,Seg-SADG,BN-Consistency,bn_consistency,shallow,0.1,0.1,1.0,0.05,0.1,0.001,0.0001,0.001,0.05,0.5,0.05,rho0p05,new_training,3,2,173,0.04872436780068609,0.048669668949312635,0.04849317504300012,0.0035298874653461906,0.03993225056264135,0.12462604542573293,0.05,0.0010939803841109904,0.0,0.0,0.0,0.0,5.4699019326815484e-05,9,23|31|224,36,all_filtered,9,True,D:\Running_Place\PostGraduateProjects\Experiments\PostGraduate\backbones\PertubatedBNStatistics\BN-Consistency\shot3\Seed2
PertubatedBNStatistics,Disperssion+Seg-SADG,BN-Consistency,BN-Consistency,Seg-SADG,BN-Consistency,bn_consistency,shallow,0.1,0.1,1.0,0.05,0.1,0.001,0.0001,0.001,0.05,0.5,0.05,rho0p05,new_training,3,2,174,0.04740352970030573,0.04736133747630649,0.04716899370153745,0.003846877564986547,0.03942903089854452,0.11490612477064133,0.05,0.0008438448874383337,0.0,0.0,0.0,0.0,4.219224501866847e-05,9,23|31|224,36,all_filtered,9,True,D:\Running_Place\PostGraduateProjects\Experiments\PostGraduate\backbones\PertubatedBNStatistics\BN-Consistency\shot3\Seed2
PertubatedBNStatistics,Disperssion+Seg-SADG,BN-Consistency,BN-Consistency,Seg-SADG,BN-Consistency,bn_consistency,shallow,0.1,0.1,1.0,0.05,0.1,0.001,0.0001,0.001,0.05,0.5,0.05,rho0p05,new_training,3,2,175,0.047529175877571106,0.04748245080312093,0.04730738865004645,0.0035012413281947374,0.039045076403352946,0.11841514292690489,0.05,0.0009345042571011516,0.0,0.0,0.0,0.0,4.672521350180937e-05,9,23|31|224,36,all_filtered,9,True,D:\Running_Place\PostGraduateProjects\Experiments\PostGraduate\backbones\PertubatedBNStatistics\BN-Consistency\shot3\Seed2
PertubatedBNStatistics,Disperssion+Seg-SADG,BN-Consistency,BN-Consistency,Seg-SADG,BN-Consistency,bn_consistency,shallow,0.1,0.1,1.0,0.05,0.1,0.001,0.0001,0.001,0.05,0.5,0.05,rho0p05,new_training,3,2,176,0.04765711807542377,0.04761495068669319,0.0474361777305603,0.0035754459289213023,0.03908334134353532,0.12409313105874592,0.05,0.0008433427558177047,0.0,0.0,0.0,0.0,4.216713932692073e-05,9,23|31|224,36,all_filtered,9,True,D:\Running_Place\PostGraduateProjects\Experiments\PostGraduate\backbones\PertubatedBNStatistics\BN-Consistency\shot3\Seed2
PertubatedBNStatistics,Disperssion+Seg-SADG,BN-Consistency,BN-Consistency,Seg-SADG,BN-Consistency,bn_consistency,shallow,0.1,0.1,1.0,0.05,0.1,0.001,0.0001,0.001,0.05,0.5,0.05,rho0p05,new_training,3,2,177,0.047161764154831566,0.0471201307243771,0.04693141538235876,0.0037743080045200056,0.03909037676122454,0.11733228464921315,0.05,0.0008326657633814546,0.0,0.0,0.0,0.0,4.163328897751247e-05,9,23|31|224,36,all_filtered,9,True,D:\Running_Place\PostGraduateProjects\Experiments\PostGraduate\backbones\PertubatedBNStatistics\BN-Consistency\shot3\Seed2
PertubatedBNStatistics,Disperssion+Seg-SADG,BN-Consistency,BN-Consistency,Seg-SADG,BN-Consistency,bn_consistency,shallow,0.1,0.1,1.0,0.05,0.1,0.001,0.0001,0.001,0.05,0.5,0.05,rho0p05,new_training,3,2,178,0.04604046419262886,0.04599522054195404,0.04580190901954969,0.0038662265675763288,0.03812735610538059,0.1111444201734331,0.05,0.0009048708792154988,0.0,0.0,0.0,0.0,4.5243544364994806e-05,9,23|31|224,36,all_filtered,9,True,D:\Running_Place\PostGraduateProjects\Experiments\PostGraduate\backbones\PertubatedBNStatistics\BN-Consistency\shot3\Seed2
PertubatedBNStatistics,Disperssion+Seg-SADG,BN-Consistency,BN-Consistency,Seg-SADG,BN-Consistency,bn_consistency,shallow,0.1,0.1,1.0,0.05,0.1,0.001,0.0001,0.001,0.05,0.5,0.05,rho0p05,new_training,3,2,179,0.04568326100707054,0.04564349146352874,0.04547375150852733,0.0033947892176608243,0.038162600662973195,0.11326840271552403,0.05,0.0007953795850173467,0.0,0.0,0.0,0.0,3.976898066563687e-05,9,23|31|224,36,all_filtered,9,True,D:\Running_Place\PostGraduateProjects\Experiments\PostGraduate\backbones\PertubatedBNStatistics\BN-Consistency\shot3\Seed2
PertubatedBNStatistics,Disperssion+Seg-SADG,BN-Consistency,BN-Consistency,Seg-SADG,BN-Consistency,bn_consistency,shallow,0.1,0.1,1.0,0.05,0.1,0.001,0.0001,0.001,0.05,0.5,0.05,rho0p05,new_training,3,2,180,0.04553116444084379,0.04548552673723963,0.045307624671194285,0.0035580407517651715,0.03764867761896716,0.11329325785239537,0.05,0.0009127580366718272,0.0,0.0,0.0,0.0,4.563790248034315e-05,9,23|31|224,36,all_filtered,9,True,D:\Running_Place\PostGraduateProjects\Experiments\PostGraduate\backbones\PertubatedBNStatistics\BN-Consistency\shot3\Seed2
PertubatedBNStatistics,Disperssion+Seg-SADG,BN-Consistency,BN-Consistency,Seg-SADG,BN-Consistency,bn_consistency,shallow,0.1,0.1,1.0,0.05,0.1,0.001,0.0001,0.001,0.05,0.5,0.05,rho0p05,new_training,3,2,181,0.044657770130369395,0.044618831740485296,0.044449873682525426,0.003379157744348049,0.037402453935808606,0.10826402654250462,0.05,0.0007787805063546532,0.0,0.0,0.0,0.0,3.8939026126172394e-05,9,23|31|224,36,all_filtered,9,True,D:\Running_Place\PostGraduateProjects\Experiments\PostGraduate\backbones\PertubatedBNStatistics\BN-Consistency\shot3\Seed2
PertubatedBNStatistics,Disperssion+Seg-SADG,BN-Consistency,BN-Consistency,Seg-SADG,BN-Consistency,bn_consistency,shallow,0.1,0.1,1.0,0.05,0.1,0.001,0.0001,0.001,0.05,0.5,0.05,rho0p05,new_training,3,2,182,0.044528325812684164,0.044483758923080235,0.04430584816469087,0.0035582061908725235,0.036482584145334035,0.11094115177790324,0.05,0.0008913448740107318,0.0,0.0,0.0,0.0,4.456724491319619e-05,9,23|31|224,36,all_filtered,9,True,D:\Running_Place\PostGraduateProjects\Experiments\PostGraduate\backbones\PertubatedBNStatistics\BN-Consistency\shot3\Seed2
PertubatedBNStatistics,Disperssion+Seg-SADG,BN-Consistency,BN-Consistency,Seg-SADG,BN-Consistency,bn_consistency,shallow,0.1,0.1,1.0,0.05,0.1,0.001,0.0001,0.001,0.05,0.5,0.05,rho0p05,new_training,3,2,183,0.04507944153414832,0.04502916832764944,0.04485392073790232,0.0035049482507424224,0.03674644769893752,0.12152850213978025,0.05,0.0010054560714504784,0.0,0.0,0.0,0.0,5.0272804300119686e-05,9,23|31|224,36,all_filtered,9,True,D:\Running_Place\PostGraduateProjects\Experiments\PostGraduate\backbones\PertubatedBNStatistics\BN-Consistency\shot3\Seed2
PertubatedBNStatistics,Disperssion+Seg-SADG,BN-Consistency,BN-Consistency,Seg-SADG,BN-Consistency,bn_consistency,shallow,0.1,0.1,1.0,0.05,0.1,0.001,0.0001,0.001,0.05,0.5,0.05,rho0p05,new_training,3,2,184,0.0430388603773382,0.042991307460599475,0.042838825947708555,0.003049625368374917,0.036019675019714564,0.10271396074030134,0.05,0.0009510601780170368,0.0,0.0,0.0,0.0,4.7553009102961776e-05,9,23|31|224,36,all_filtered,9,True,D:\Running_Place\PostGraduateProjects\Experiments\PostGraduate\backbones\PertubatedBNStatistics\BN-Consistency\shot3\Seed2
PertubatedBNStatistics,Disperssion+Seg-SADG,BN-Consistency,BN-Consistency,Seg-SADG,BN-Consistency,bn_consistency,shallow,0.1,0.1,1.0,0.05,0.1,0.001,0.0001,0.001,0.05,0.5,0.05,rho0p05,new_training,3,2,185,0.042788326326343745,0.042745213541719645,0.042591068893671036,0.003082889804823531,0.03568264821337329,0.10152527607149547,0.05,0.0008622516050106949,0.0,0.0,0.0,0.0,4.3112580897286534e-05,9,23|31|224,36,all_filtered,9,True,D:\Running_Place\PostGraduateProjects\Experiments\PostGraduate\backbones\PertubatedBNStatistics\BN-Consistency\shot3\Seed2
PertubatedBNStatistics,Disperssion+Seg-SADG,BN-Consistency,BN-Consistency,Seg-SADG,BN-Consistency,bn_consistency,shallow,0.1,0.1,1.0,0.05,0.1,0.001,0.0001,0.001,0.05,0.5,0.05,rho0p05,new_training,3,2,186,0.0431702294283443,0.04312164088090261,0.042955671747525535,0.0033193753463112647,0.03558640471763081,0.11468347079224056,0.05,0.0009717619589840373,0.0,0.0,0.0,0.0,4.8588099161861464e-05,9,23|31|224,36,all_filtered,9,True,D:\Running_Place\PostGraduateProjects\Experiments\PostGraduate\backbones\PertubatedBNStatistics\BN-Consistency\shot3\Seed2
PertubatedBNStatistics,Disperssion+Seg-SADG,BN-Consistency,BN-Consistency,Seg-SADG,BN-Consistency,bn_consistency,shallow,0.1,0.1,1.0,0.05,0.1,0.001,0.0001,0.001,0.05,0.5,0.05,rho0p05,new_training,3,2,187,0.04416707572009829,0.04411970782611105,0.04396279321776496,0.0031382879501001704,0.03572247467107243,0.12045274426539739,0.05,0.0009473556258146547,0.0,0.0,0.0,0.0,4.7367782220438435e-05,9,23|31|224,36,all_filtered,9,True,D:\Running_Place\PostGraduateProjects\Experiments\PostGraduate\backbones\PertubatedBNStatistics\BN-Consistency\shot3\Seed2
PertubatedBNStatistics,Disperssion+Seg-SADG,BN-Consistency,BN-Consistency,Seg-SADG,BN-Consistency,bn_consistency,shallow,0.1,0.1,1.0,0.05,0.1,0.001,0.0001,0.001,0.05,0.5,0.05,rho0p05,new_training,3,2,188,0.04411348783307605,0.0440651381181346,0.04388726668225394,0.0035574224829259845,0.03576842322945595,0.11858544581466252,0.05,0.0009669894223204917,0.0,0.0,0.0,0.0,4.834947160108843e-05,9,23|31|224,36,all_filtered,9,True,D:\Running_Place\PostGraduateProjects\Experiments\PostGraduate\backbones\PertubatedBNStatistics\BN-Consistency\shot3\Seed2
PertubatedBNStatistics,Disperssion+Seg-SADG,BN-Consistency,BN-Consistency,Seg-SADG,BN-Consistency,bn_consistency,shallow,0.1,0.1,1.0,0.05,0.1,0.001,0.0001,0.001,0.05,0.5,0.05,rho0p05,new_training,3,2,189,0.044275951054361135,0.04423056294520696,0.044070764962169856,0.003195957021994723,0.0358860120177269,0.12132475276788075,0.05,0.0009077423472060926,0.0,0.0,0.0,0.0,4.5387117602836545e-05,9,23|31|224,36,all_filtered,9,True,D:\Running_Place\PostGraduateProjects\Experiments\PostGraduate\backbones\PertubatedBNStatistics\BN-Consistency\shot3\Seed2
PertubatedBNStatistics,Disperssion+Seg-SADG,BN-Consistency,BN-Consistency,Seg-SADG,BN-Consistency,bn_consistency,shallow,0.1,0.1,1.0,0.05,0.1,0.001,0.0001,0.001,0.05,0.5,0.05,rho0p05,new_training,3,2,190,0.045352609207232795,0.04530754271480772,0.04513639128870434,0.003423030022531748,0.036211368524365954,0.1294296400414573,0.05,0.0009013325907289982,0.0,0.0,0.0,0.0,4.506663026404567e-05,9,23|31|224,36,all_filtered,9,True,D:\Running_Place\PostGraduateProjects\Experiments\PostGraduate\backbones\PertubatedBNStatistics\BN-Consistency\shot3\Seed2
PertubatedBNStatistics,Disperssion+Seg-SADG,BN-Consistency,BN-Consistency,Seg-SADG,BN-Consistency,bn_consistency,shallow,0.1,0.1,1.0,0.05,0.1,0.001,0.0001,0.001,0.05,0.5,0.05,rho0p05,new_training,3,2,191,0.045462686154577464,0.045413147658109665,0.04524587094783783,0.0033455375168058607,0.03637985678182708,0.13090163386530346,0.05,0.0009907740556324522,0.0,0.0,0.0,0.0,4.953870383259426e-05,9,23|31|224,36,all_filtered,9,True,D:\Running_Place\PostGraduateProjects\Experiments\PostGraduate\backbones\PertubatedBNStatistics\BN-Consistency\shot3\Seed2
PertubatedBNStatistics,Disperssion+Seg-SADG,BN-Consistency,BN-Consistency,Seg-SADG,BN-Consistency,bn_consistency,shallow,0.1,0.1,1.0,0.05,0.1,0.001,0.0001,0.001,0.05,0.5,0.05,rho0p05,new_training,3,2,192,0.04260615093840493,0.042560777730411954,0.04238330407275094,0.00354947242885828,0.03523817823992835,0.1105146391524209,0.05,0.0009074613788268632,0.0,0.0,0.0,0.0,4.537306995189283e-05,9,23|31|224,36,all_filtered,9,True,D:\Running_Place\PostGraduateProjects\Experiments\PostGraduate\backbones\PertubatedBNStatistics\BN-Consistency\shot3\Seed2
PertubatedBNStatistics,Disperssion+Seg-SADG,BN-Consistency,BN-Consistency,Seg-SADG,BN-Consistency,bn_consistency,shallow,0.1,0.1,1.0,0.05,0.1,0.001,0.0001,0.001,0.05,0.5,0.05,rho0p05,new_training,3,2,193,0.04220115062263277,0.04215135922034582,0.041983894589874476,0.003349303410181569,0.034616322774026126,0.10854395147826937,0.05,0.0009958392151424454,0.0,0.0,0.0,0.0,4.979196152514002e-05,9,23|31|224,36,all_filtered,9,True,D:\Running_Place\PostGraduateProjects\Experiments\PostGraduate\backbones\PertubatedBNStatistics\BN-Consistency\shot3\Seed2
PertubatedBNStatistics,Disperssion+Seg-SADG,BN-Consistency,BN-Consistency,Seg-SADG,BN-Consistency,bn_consistency,shallow,0.1,0.1,1.0,0.05,0.1,0.001,0.0001,0.001,0.05,0.5,0.05,rho0p05,new_training,3,2,194,0.03990074205729696,0.039862469666534,0.03971271092693011,0.0029951729553027284,0.03360738646652964,0.09367010825210148,0.05,0.000765447854064405,0.0,0.0,0.0,0.0,3.827239339039402e-05,9,23|31|224,36,all_filtered,9,True,D:\Running_Place\PostGraduateProjects\Experiments\PostGraduate\backbones\PertubatedBNStatistics\BN-Consistency\shot3\Seed2
PertubatedBNStatistics,Disperssion+Seg-SADG,BN-Consistency,BN-Consistency,Seg-SADG,BN-Consistency,bn_consistency,shallow,0.1,0.1,1.0,0.05,0.1,0.001,0.0001,0.001,0.05,0.5,0.05,rho0p05,new_training,3,2,195,0.04020396454466714,0.040158535871240825,0.04000669262475438,0.003036868241098192,0.03318722235659758,0.09921876341104507,0.05,0.0009085864423670702,0.0,0.0,0.0,0.0,4.542932341185709e-05,9,23|31|224,36,all_filtered,9,True,D:\Running_Place\PostGraduateProjects\Experiments\PostGraduate\backbones\PertubatedBNStatistics\BN-Consistency\shot3\Seed2
PertubatedBNStatistics,Disperssion+Seg-SADG,BN-Consistency,BN-Consistency,Seg-SADG,BN-Consistency,bn_consistency,shallow,0.1,0.1,1.0,0.05,0.1,0.001,0.0001,0.001,0.05,0.5,0.05,rho0p05,new_training,3,2,196,0.04103258541888661,0.04098979549275504,0.04083917455540763,0.003012410740161108,0.03326768676439921,0.1110626111427943,0.05,0.0008557957157285677,0.0,0.0,0.0,0.0,4.2789786069382295e-05,9,23|31|224,36,all_filtered,9,True,D:\Running_Place\PostGraduateProjects\Experiments\PostGraduate\backbones\PertubatedBNStatistics\BN-Consistency\shot3\Seed2
PertubatedBNStatistics,Disperssion+Seg-SADG,BN-Consistency,BN-Consistency,Seg-SADG,BN-Consistency,bn_consistency,shallow,0.1,0.1,1.0,0.05,0.1,0.001,0.0001,0.001,0.05,0.5,0.05,rho0p05,new_training,3,2,197,0.04234458588891559,0.04229716252949503,0.042150224248568215,0.0029387576246841084,0.033653858221239515,0.12645294186141756,0.05,0.0009484622795652184,0.0,0.0,0.0,0.0,4.742311486754463e-05,9,23|31|224,36,all_filtered,9,True,D:\Running_Place\PostGraduateProjects\Experiments\PostGraduate\backbones\PertubatedBNStatistics\BN-Consistency\shot3\Seed2
PertubatedBNStatistics,Disperssion+Seg-SADG,BN-Consistency,BN-Consistency,Seg-SADG,BN-Consistency,bn_consistency,shallow,0.1,0.1,1.0,0.05,0.1,0.001,0.0001,0.001,0.05,0.5,0.05,rho0p05,new_training,3,2,198,0.040947857002417244,0.04090743843052122,0.040724433958530426,0.0036600903452684483,0.033272776338789195,0.10953495982620451,0.05,0.0008083749239126013,0.0,0.0,0.0,0.0,4.0418746721115895e-05,9,23|31|224,36,all_filtered,9,True,D:\Running_Place\PostGraduateProjects\Experiments\PostGraduate\backbones\PertubatedBNStatistics\BN-Consistency\shot3\Seed2
PertubatedBNStatistics,Disperssion+Seg-SADG,BN-Consistency,BN-Consistency,Seg-SADG,BN-Consistency,bn_consistency,shallow,0.1,0.1,1.0,0.05,0.1,0.001,0.0001,0.001,0.05,0.5,0.05,rho0p05,new_training,3,2,199,0.04214237630367279,0.04209879496031337,0.041933607310056686,0.0033037500559455818,0.033346711554461055,0.12420062472422917,0.05,0.0008716255995548434,0.0,0.0,0.0,0.0,4.3581280907447865e-05,9,23|31|224,36,all_filtered,9,True,D:\Running_Place\PostGraduateProjects\Experiments\PostGraduate\backbones\PertubatedBNStatistics\BN-Consistency\shot3\Seed2
PertubatedBNStatistics,Disperssion+Seg-SADG,BN-Consistency,BN-Consistency,Seg-SADG,BN-Consistency,bn_consistency,shallow,0.1,0.1,1.0,0.05,0.1,0.001,0.0001,0.001,0.05,0.5,0.05,rho0p05,new_training,3,2,200,0.04096484142873022,0.04091459016005198,0.040768325328826904,0.0029252860177722243,0.033072765502664775,0.11303836521175173,0.05,0.0010050307027995586,0.0,0.0,0.0,0.0,5.0251535867573693e-05,9,23|31|224,36,all_filtered,9,True,D:\Running_Place\PostGraduateProjects\Experiments\PostGraduate\backbones\PertubatedBNStatistics\BN-Consistency\shot3\Seed2
