experiment,base_method,loss_mode,ablation,sadg_method,bn_method,bn_method_tag,bn_layers,bn_mu_std,bn_logvar_std,bn_adv_radius,lambda_bn_cons,lambda_bn_adv,lambda_bn_sens,lambda_bn_affine,lambda_bn_compact,lambda_disp,dice_weight,rho,rho_tag,checkpoint_source,shot,seed,epoch,train_loss,train_base_loss,train_seg_loss,train_disp_loss,epsilon_loss,sadg_grad_norm,perturb_norm,bn_cons_loss,bn_adv_loss,bn_sens_loss,bn_affine_loss,bn_compact_loss,bn_total_reg_loss,steps,train_case_ids,n_train_slices,slice_policy,num_middle_slices,filter_min_fg,output_dir
PertubatedBNStatistics,Disperssion+Seg-SADG,BN-Sensitivity,BN-Sensitivity,Seg-SADG,BN-Sensitivity,bn_sensitivity,shallow,0.1,0.1,1.0,0.05,0.1,0.001,0.0001,0.001,0.05,0.5,0.05,rho0p05,new_training,4,1,1,1.2243999640146892,1.2243999640146892,1.201365888118744,0.46068160484234494,1.1170095254977543,1.6811692118644714,0.05000000000000001,0.0,0.0,2.0390503833548715e-07,0.0,0.0,2.03905046782434e-10,12,72|31|126|53,47,all_filtered,9,True,D:\Running_Place\PostGraduateProjects\Experiments\PostGraduate\backbones\PertubatedBNStatistics\BN-Sensitivity\shot4\Seed1
PertubatedBNStatistics,Disperssion+Seg-SADG,BN-Sensitivity,BN-Sensitivity,Seg-SADG,BN-Sensitivity,bn_sensitivity,shallow,0.1,0.1,1.0,0.05,0.1,0.001,0.0001,0.001,0.05,0.5,0.05,rho0p05,new_training,4,1,2,0.8972963094711304,0.8972963094711304,0.8854600141445795,0.23672582829991975,0.8382180879513422,0.8838469684123993,0.05000000000000001,0.0,0.0,5.465026461000851e-08,0.0,0.0,5.4650267962650746e-11,12,72|31|126|53,47,all_filtered,9,True,D:\Running_Place\PostGraduateProjects\Experiments\PostGraduate\backbones\PertubatedBNStatistics\BN-Sensitivity\shot4\Seed1
PertubatedBNStatistics,Disperssion+Seg-SADG,BN-Sensitivity,BN-Sensitivity,Seg-SADG,BN-Sensitivity,bn_sensitivity,shallow,0.1,0.1,1.0,0.05,0.1,0.001,0.0001,0.001,0.05,0.5,0.05,rho0p05,new_training,4,1,3,0.7448691378037134,0.7448691378037134,0.7408493508895239,0.0803957199677825,0.701636960109075,0.7335484872261683,0.05000000000000001,0.0,0.0,2.9683423719006896e-08,0.0,0.0,2.968342527794506e-11,12,72|31|126|53,47,all_filtered,9,True,D:\Running_Place\PostGraduateProjects\Experiments\PostGraduate\backbones\PertubatedBNStatistics\BN-Sensitivity\shot4\Seed1
PertubatedBNStatistics,Disperssion+Seg-SADG,BN-Sensitivity,BN-Sensitivity,Seg-SADG,BN-Sensitivity,bn_sensitivity,shallow,0.1,0.1,1.0,0.05,0.1,0.001,0.0001,0.001,0.05,0.5,0.05,rho0p05,new_training,4,1,4,0.6413390090068182,0.6413390090068182,0.6391884485880533,0.04301113992308577,0.6029308686653773,0.6706964323918024,0.05000000000000001,0.0,0.0,3.293280455748023e-08,0.0,0.0,3.293280629393843e-11,12,72|31|126|53,47,all_filtered,9,True,D:\Running_Place\PostGraduateProjects\Experiments\PostGraduate\backbones\PertubatedBNStatistics\BN-Sensitivity\shot4\Seed1
PertubatedBNStatistics,Disperssion+Seg-SADG,BN-Sensitivity,BN-Sensitivity,Seg-SADG,BN-Sensitivity,bn_sensitivity,shallow,0.1,0.1,1.0,0.05,0.1,0.001,0.0001,0.001,0.05,0.5,0.05,rho0p05,new_training,4,1,5,0.5830500721931458,0.5830500721931458,0.5813760707775751,0.0334801763917009,0.5375661055246989,0.660795177022616,0.05000000000000001,0.0,0.0,1.8063948685013523e-07,0.0,0.0,1.8063949486253386e-10,12,72|31|126|53,47,all_filtered,9,True,D:\Running_Place\PostGraduateProjects\Experiments\PostGraduate\backbones\PertubatedBNStatistics\BN-Sensitivity\shot4\Seed1
PertubatedBNStatistics,Disperssion+Seg-SADG,BN-Sensitivity,BN-Sensitivity,Seg-SADG,BN-Sensitivity,bn_sensitivity,shallow,0.1,0.1,1.0,0.05,0.1,0.001,0.0001,0.001,0.05,0.5,0.05,rho0p05,new_training,4,1,6,0.5220581640799841,0.5220581640799841,0.5207968652248383,0.025225904149313767,0.48947809636592865,0.5764107604821523,0.05000000000000001,0.0,0.0,1.5516071686742332e-08,0.0,0.0,1.5516072151069982e-11,12,72|31|126|53,47,all_filtered,9,True,D:\Running_Place\PostGraduateProjects\Experiments\PostGraduate\backbones\PertubatedBNStatistics\BN-Sensitivity\shot4\Seed1
PertubatedBNStatistics,Disperssion+Seg-SADG,BN-Sensitivity,BN-Sensitivity,Seg-SADG,BN-Sensitivity,bn_sensitivity,shallow,0.1,0.1,1.0,0.05,0.1,0.001,0.0001,0.001,0.05,0.5,0.05,rho0p05,new_training,4,1,7,0.4811140447854996,0.4811140447854996,0.4802151595552762,0.017977574452136953,0.4495134900013606,0.5620523889859518,0.05000000000000001,0.0,0.0,1.3273103949273946e-08,0.0,0.0,1.3273104548331785e-11,12,72|31|126|53,47,all_filtered,9,True,D:\Running_Place\PostGraduateProjects\Experiments\PostGraduate\backbones\PertubatedBNStatistics\BN-Sensitivity\shot4\Seed1
PertubatedBNStatistics,Disperssion+Seg-SADG,BN-Sensitivity,BN-Sensitivity,Seg-SADG,BN-Sensitivity,bn_sensitivity,shallow,0.1,0.1,1.0,0.05,0.1,0.001,0.0001,0.001,0.05,0.5,0.05,rho0p05,new_training,4,1,8,0.44677213082710904,0.44677213082710904,0.44606457899014157,0.014151154008383552,0.4160513033469518,0.5330043087402979,0.05000000000000001,0.0,0.0,2.0522222810015478e-08,0.0,0.0,2.052222394842776e-11,12,72|31|126|53,47,all_filtered,9,True,D:\Running_Place\PostGraduateProjects\Experiments\PostGraduate\backbones\PertubatedBNStatistics\BN-Sensitivity\shot4\Seed1
PertubatedBNStatistics,Disperssion+Seg-SADG,BN-Sensitivity,BN-Sensitivity,Seg-SADG,BN-Sensitivity,bn_sensitivity,shallow,0.1,0.1,1.0,0.05,0.1,0.001,0.0001,0.001,0.05,0.5,0.05,rho0p05,new_training,4,1,9,0.4333955670396487,0.4333955670396487,0.4326360846559207,0.015189691446721554,0.3928850243488948,0.585465557873249,0.05000000000000001,0.0,0.0,4.286996180269398e-08,0.0,0.0,4.286996450467035e-11,12,72|31|126|53,47,all_filtered,9,True,D:\Running_Place\PostGraduateProjects\Experiments\PostGraduate\backbones\PertubatedBNStatistics\BN-Sensitivity\shot4\Seed1
PertubatedBNStatistics,Disperssion+Seg-SADG,BN-Sensitivity,BN-Sensitivity,Seg-SADG,BN-Sensitivity,bn_sensitivity,shallow,0.1,0.1,1.0,0.05,0.1,0.001,0.0001,0.001,0.05,0.5,0.05,rho0p05,new_training,4,1,10,0.400700107216835,0.400700107216835,0.4001040409008662,0.011921254995589456,0.3737584824363391,0.49027760078509647,0.05000000000000001,0.0,0.0,3.2387399447516195e-08,0.0,0.0,3.238740148104579e-11,12,72|31|126|53,47,all_filtered,9,True,D:\Running_Place\PostGraduateProjects\Experiments\PostGraduate\backbones\PertubatedBNStatistics\BN-Sensitivity\shot4\Seed1
PertubatedBNStatistics,Disperssion+Seg-SADG,BN-Sensitivity,BN-Sensitivity,Seg-SADG,BN-Sensitivity,bn_sensitivity,shallow,0.1,0.1,1.0,0.05,0.1,0.001,0.0001,0.001,0.05,0.5,0.05,rho0p05,new_training,4,1,11,0.38060981780290604,0.38060981780290604,0.3799758156140645,0.012679948937147856,0.35276493181784946,0.48855888346831006,0.05000000000000001,0.0,0.0,3.6623832503727506e-08,0.0,0.0,3.6623833414746454e-11,12,72|31|126|53,47,all_filtered,9,True,D:\Running_Place\PostGraduateProjects\Experiments\PostGraduate\backbones\PertubatedBNStatistics\BN-Sensitivity\shot4\Seed1
PertubatedBNStatistics,Disperssion+Seg-SADG,BN-Sensitivity,BN-Sensitivity,Seg-SADG,BN-Sensitivity,bn_sensitivity,shallow,0.1,0.1,1.0,0.05,0.1,0.001,0.0001,0.001,0.05,0.5,0.05,rho0p05,new_training,4,1,12,0.3492659752567609,0.3492659752567609,0.3487722873687744,0.009873808400395015,0.3254008690516154,0.4283800944685936,0.05000000000000001,0.0,0.0,1.3986126146114941e-08,0.0,0.0,1.3986126556304762e-11,12,72|31|126|53,47,all_filtered,9,True,D:\Running_Place\PostGraduateProjects\Experiments\PostGraduate\backbones\PertubatedBNStatistics\BN-Sensitivity\shot4\Seed1
PertubatedBNStatistics,Disperssion+Seg-SADG,BN-Sensitivity,BN-Sensitivity,Seg-SADG,BN-Sensitivity,bn_sensitivity,shallow,0.1,0.1,1.0,0.05,0.1,0.001,0.0001,0.001,0.05,0.5,0.05,rho0p05,new_training,4,1,13,0.32842301577329636,0.32842301577329636,0.3280193756024043,0.00807287210288147,0.30531792094310123,0.4216321607430776,0.05000000000000001,0.0,0.0,1.3786998894390242e-08,0.0,0.0,1.3786999699446495e-11,12,72|31|126|53,47,all_filtered,9,True,D:\Running_Place\PostGraduateProjects\Experiments\PostGraduate\backbones\PertubatedBNStatistics\BN-Sensitivity\shot4\Seed1
PertubatedBNStatistics,Disperssion+Seg-SADG,BN-Sensitivity,BN-Sensitivity,Seg-SADG,BN-Sensitivity,bn_sensitivity,shallow,0.1,0.1,1.0,0.05,0.1,0.001,0.0001,0.001,0.05,0.5,0.05,rho0p05,new_training,4,1,14,0.3077635665734609,0.3077635665734609,0.30738494793574017,0.007572389013754825,0.28535344700018567,0.4057394241293271,0.05000000000000001,0.0,0.0,1.9179139165714787e-08,0.0,0.0,1.9179139902394022e-11,12,72|31|126|53,47,all_filtered,9,True,D:\Running_Place\PostGraduateProjects\Experiments\PostGraduate\backbones\PertubatedBNStatistics\BN-Sensitivity\shot4\Seed1
PertubatedBNStatistics,Disperssion+Seg-SADG,BN-Sensitivity,BN-Sensitivity,Seg-SADG,BN-Sensitivity,bn_sensitivity,shallow,0.1,0.1,1.0,0.05,0.1,0.001,0.0001,0.001,0.05,0.5,0.05,rho0p05,new_training,4,1,15,0.2875962083538373,0.2875962083538373,0.2872678314646085,0.006567561300471425,0.2666039814551671,0.38035331418116886,0.05000000000000001,0.0,0.0,1.202651192522275e-08,0.0,0.0,1.2026512462770186e-11,12,72|31|126|53,47,all_filtered,9,True,D:\Running_Place\PostGraduateProjects\Experiments\PostGraduate\backbones\PertubatedBNStatistics\BN-Sensitivity\shot4\Seed1
PertubatedBNStatistics,Disperssion+Seg-SADG,BN-Sensitivity,BN-Sensitivity,Seg-SADG,BN-Sensitivity,bn_sensitivity,shallow,0.1,0.1,1.0,0.05,0.1,0.001,0.0001,0.001,0.05,0.5,0.05,rho0p05,new_training,4,1,16,0.26713988929986954,0.26713988929986954,0.2668510029713313,0.005777610388273994,0.24735424295067787,0.35777173688014346,0.05000000000000001,0.0,0.0,8.46403460282493e-09,0.0,0.0,8.464035010340385e-12,12,72|31|126|53,47,all_filtered,9,True,D:\Running_Place\PostGraduateProjects\Experiments\PostGraduate\backbones\PertubatedBNStatistics\BN-Sensitivity\shot4\Seed1
PertubatedBNStatistics,Disperssion+Seg-SADG,BN-Sensitivity,BN-Sensitivity,Seg-SADG,BN-Sensitivity,bn_sensitivity,shallow,0.1,0.1,1.0,0.05,0.1,0.001,0.0001,0.001,0.05,0.5,0.05,rho0p05,new_training,4,1,17,0.25073465580741566,0.25073465580741566,0.25045392165581387,0.005614706819566588,0.23128256698449454,0.3469713181257248,0.05000000000000001,0.0,0.0,1.3168745556975855e-08,0.0,0.0,1.3168746204172271e-11,12,72|31|126|53,47,all_filtered,9,True,D:\Running_Place\PostGraduateProjects\Experiments\PostGraduate\backbones\PertubatedBNStatistics\BN-Sensitivity\shot4\Seed1
PertubatedBNStatistics,Disperssion+Seg-SADG,BN-Sensitivity,BN-Sensitivity,Seg-SADG,BN-Sensitivity,bn_sensitivity,shallow,0.1,0.1,1.0,0.05,0.1,0.001,0.0001,0.001,0.05,0.5,0.05,rho0p05,new_training,4,1,18,0.24136516203482947,0.24136516203482947,0.24107342337568602,0.005834777296210329,0.2206743968029817,0.36063332358996075,0.05000000000000001,0.0,0.0,2.3895186237095818e-08,0.0,0.0,2.3895187297300984e-11,12,72|31|126|53,47,all_filtered,9,True,D:\Running_Place\PostGraduateProjects\Experiments\PostGraduate\backbones\PertubatedBNStatistics\BN-Sensitivity\shot4\Seed1
PertubatedBNStatistics,Disperssion+Seg-SADG,BN-Sensitivity,BN-Sensitivity,Seg-SADG,BN-Sensitivity,bn_sensitivity,shallow,0.1,0.1,1.0,0.05,0.1,0.001,0.0001,0.001,0.05,0.5,0.05,rho0p05,new_training,4,1,19,0.22753068059682846,0.22753068059682846,0.22722942009568214,0.006025159110625585,0.20767172674338022,0.3375064457456271,0.05000000000000001,0.0,0.0,1.8416391485883327e-08,0.0,0.0,1.841639228992766e-11,12,72|31|126|53,47,all_filtered,9,True,D:\Running_Place\PostGraduateProjects\Experiments\PostGraduate\backbones\PertubatedBNStatistics\BN-Sensitivity\shot4\Seed1
PertubatedBNStatistics,Disperssion+Seg-SADG,BN-Sensitivity,BN-Sensitivity,Seg-SADG,BN-Sensitivity,bn_sensitivity,shallow,0.1,0.1,1.0,0.05,0.1,0.001,0.0001,0.001,0.05,0.5,0.05,rho0p05,new_training,4,1,20,0.21605299040675163,0.21605299040675163,0.21574053540825844,0.006249111456175645,0.19746376325686774,0.3335321644941966,0.05000000000000001,0.0,0.0,1.3894676724005942e-08,0.0,0.0,1.3894677183996784e-11,12,72|31|126|53,47,all_filtered,9,True,D:\Running_Place\PostGraduateProjects\Experiments\PostGraduate\backbones\PertubatedBNStatistics\BN-Sensitivity\shot4\Seed1
PertubatedBNStatistics,Disperssion+Seg-SADG,BN-Sensitivity,BN-Sensitivity,Seg-SADG,BN-Sensitivity,bn_sensitivity,shallow,0.1,0.1,1.0,0.05,0.1,0.001,0.0001,0.001,0.05,0.5,0.05,rho0p05,new_training,4,1,21,0.20495674386620522,0.20495674386620522,0.2046668604016304,0.005797675112262368,0.18720519170165062,0.30655236542224884,0.05000000000000001,0.0,0.0,1.1037198229442898e-08,0.0,0.0,1.1037198607323495e-11,12,72|31|126|53,47,all_filtered,9,True,D:\Running_Place\PostGraduateProjects\Experiments\PostGraduate\backbones\PertubatedBNStatistics\BN-Sensitivity\shot4\Seed1
PertubatedBNStatistics,Disperssion+Seg-SADG,BN-Sensitivity,BN-Sensitivity,Seg-SADG,BN-Sensitivity,bn_sensitivity,shallow,0.1,0.1,1.0,0.05,0.1,0.001,0.0001,0.001,0.05,0.5,0.05,rho0p05,new_training,4,1,22,0.19614244749148688,0.19614244749148688,0.19584665323297182,0.0059159013132254286,0.17714600016673407,0.3263228212793668,0.05000000000000001,0.0,0.0,1.923952380744609e-08,0.0,0.0,1.9239524831511184e-11,12,72|31|126|53,47,all_filtered,9,True,D:\Running_Place\PostGraduateProjects\Experiments\PostGraduate\backbones\PertubatedBNStatistics\BN-Sensitivity\shot4\Seed1
PertubatedBNStatistics,Disperssion+Seg-SADG,BN-Sensitivity,BN-Sensitivity,Seg-SADG,BN-Sensitivity,bn_sensitivity,shallow,0.1,0.1,1.0,0.05,0.1,0.001,0.0001,0.001,0.05,0.5,0.05,rho0p05,new_training,4,1,23,0.19007006287574768,0.19007006287574768,0.18974669401844343,0.006467369346258541,0.17080306261777878,0.3201989009976387,0.05000000000000001,0.0,0.0,1.8425075169285304e-08,0.0,0.0,1.8425076243368255e-11,12,72|31|126|53,47,all_filtered,9,True,D:\Running_Place\PostGraduateProjects\Experiments\PostGraduate\backbones\PertubatedBNStatistics\BN-Sensitivity\shot4\Seed1
PertubatedBNStatistics,Disperssion+Seg-SADG,BN-Sensitivity,BN-Sensitivity,Seg-SADG,BN-Sensitivity,bn_sensitivity,shallow,0.1,0.1,1.0,0.05,0.1,0.001,0.0001,0.001,0.05,0.5,0.05,rho0p05,new_training,4,1,24,0.17842068895697594,0.17842068895697594,0.1781225179632505,0.0059633905766531825,0.1619934303065141,0.2820725167791049,0.05000000000000001,0.0,0.0,9.254245777097955e-09,0.0,0.0,9.254246132427146e-12,12,72|31|126|53,47,all_filtered,9,True,D:\Running_Place\PostGraduateProjects\Experiments\PostGraduate\backbones\PertubatedBNStatistics\BN-Sensitivity\shot4\Seed1
PertubatedBNStatistics,Disperssion+Seg-SADG,BN-Sensitivity,BN-Sensitivity,Seg-SADG,BN-Sensitivity,bn_sensitivity,shallow,0.1,0.1,1.0,0.05,0.1,0.001,0.0001,0.001,0.05,0.5,0.05,rho0p05,new_training,4,1,25,0.1647872937222322,0.1647872937222322,0.1645262874662876,0.005220135732088238,0.1504322662949562,0.2473840986688932,0.05000000000000001,0.0,0.0,8.023836632157591e-09,0.0,0.0,8.023836984017338e-12,12,72|31|126|53,47,all_filtered,9,True,D:\Running_Place\PostGraduateProjects\Experiments\PostGraduate\backbones\PertubatedBNStatistics\BN-Sensitivity\shot4\Seed1
PertubatedBNStatistics,Disperssion+Seg-SADG,BN-Sensitivity,BN-Sensitivity,Seg-SADG,BN-Sensitivity,bn_sensitivity,shallow,0.1,0.1,1.0,0.05,0.1,0.001,0.0001,0.001,0.05,0.5,0.05,rho0p05,new_training,4,1,26,0.16251888622840246,0.16251888622840246,0.16222537433107695,0.005870238159938405,0.1457715444266796,0.26670535405476886,0.05000000000000001,0.0,0.0,1.3681154894159183e-08,0.0,0.0,1.3681155673050024e-11,12,72|31|126|53,47,all_filtered,9,True,D:\Running_Place\PostGraduateProjects\Experiments\PostGraduate\backbones\PertubatedBNStatistics\BN-Sensitivity\shot4\Seed1
PertubatedBNStatistics,Disperssion+Seg-SADG,BN-Sensitivity,BN-Sensitivity,Seg-SADG,BN-Sensitivity,bn_sensitivity,shallow,0.1,0.1,1.0,0.05,0.1,0.001,0.0001,0.001,0.05,0.5,0.05,rho0p05,new_training,4,1,27,0.15796142568190893,0.15796142568190893,0.15769595776995024,0.005309341844016065,0.14139635364214578,0.2692597731947899,0.05000000000000001,0.0,0.0,1.1513710929111909e-08,0.0,0.0,1.151371144331286e-11,12,72|31|126|53,47,all_filtered,9,True,D:\Running_Place\PostGraduateProjects\Experiments\PostGraduate\backbones\PertubatedBNStatistics\BN-Sensitivity\shot4\Seed1
PertubatedBNStatistics,Disperssion+Seg-SADG,BN-Sensitivity,BN-Sensitivity,Seg-SADG,BN-Sensitivity,bn_sensitivity,shallow,0.1,0.1,1.0,0.05,0.1,0.001,0.0001,0.001,0.05,0.5,0.05,rho0p05,new_training,4,1,28,0.1515341488023599,0.1515341488023599,0.15127304568886757,0.005222066674226274,0.13517229383190474,0.2524711030224959,0.05000000000000001,0.0,0.0,2.247644307710554e-08,0.0,0.0,2.2476444334924618e-11,12,72|31|126|53,47,all_filtered,9,True,D:\Running_Place\PostGraduateProjects\Experiments\PostGraduate\backbones\PertubatedBNStatistics\BN-Sensitivity\shot4\Seed1
PertubatedBNStatistics,Disperssion+Seg-SADG,BN-Sensitivity,BN-Sensitivity,Seg-SADG,BN-Sensitivity,bn_sensitivity,shallow,0.1,0.1,1.0,0.05,0.1,0.001,0.0001,0.001,0.05,0.5,0.05,rho0p05,new_training,4,1,29,0.14527159680922827,0.14527159680922827,0.1449590064585209,0.006251814037871857,0.1302889995276928,0.24402320881684622,0.05000000000000001,0.0,0.0,9.999200171565784e-09,0.0,0.0,9.999200595850235e-12,12,72|31|126|53,47,all_filtered,9,True,D:\Running_Place\PostGraduateProjects\Experiments\PostGraduate\backbones\PertubatedBNStatistics\BN-Sensitivity\shot4\Seed1
PertubatedBNStatistics,Disperssion+Seg-SADG,BN-Sensitivity,BN-Sensitivity,Seg-SADG,BN-Sensitivity,bn_sensitivity,shallow,0.1,0.1,1.0,0.05,0.1,0.001,0.0001,0.001,0.05,0.5,0.05,rho0p05,new_training,4,1,30,0.13823778368532658,0.13823778368532658,0.13799209333956242,0.004913763725198805,0.12472595522801082,0.22260388980309168,0.05000000000000001,0.0,0.0,8.91111488302935e-09,0.0,0.0,8.911115371354009e-12,12,72|31|126|53,47,all_filtered,9,True,D:\Running_Place\PostGraduateProjects\Experiments\PostGraduate\backbones\PertubatedBNStatistics\BN-Sensitivity\shot4\Seed1
PertubatedBNStatistics,Disperssion+Seg-SADG,BN-Sensitivity,BN-Sensitivity,Seg-SADG,BN-Sensitivity,bn_sensitivity,shallow,0.1,0.1,1.0,0.05,0.1,0.001,0.0001,0.001,0.05,0.5,0.05,rho0p05,new_training,4,1,31,0.1300747375935316,0.1300747375935316,0.1298174907763799,0.005144941290685286,0.11820441484451294,0.19986507296562195,0.05000000000000001,0.0,0.0,6.724886555028083e-09,0.0,0.0,6.724886941437737e-12,12,72|31|126|53,47,all_filtered,9,True,D:\Running_Place\PostGraduateProjects\Experiments\PostGraduate\backbones\PertubatedBNStatistics\BN-Sensitivity\shot4\Seed1
PertubatedBNStatistics,Disperssion+Seg-SADG,BN-Sensitivity,BN-Sensitivity,Seg-SADG,BN-Sensitivity,bn_sensitivity,shallow,0.1,0.1,1.0,0.05,0.1,0.001,0.0001,0.001,0.05,0.5,0.05,rho0p05,new_training,4,1,32,0.12651922243336836,0.12651922243336836,0.12626968448360762,0.004990776379903157,0.11352405759195487,0.20924368252356848,0.05000000000000001,0.0,0.0,8.424684672103666e-09,0.0,0.0,8.424685157392559e-12,12,72|31|126|53,47,all_filtered,9,True,D:\Running_Place\PostGraduateProjects\Experiments\PostGraduate\backbones\PertubatedBNStatistics\BN-Sensitivity\shot4\Seed1
PertubatedBNStatistics,Disperssion+Seg-SADG,BN-Sensitivity,BN-Sensitivity,Seg-SADG,BN-Sensitivity,bn_sensitivity,shallow,0.1,0.1,1.0,0.05,0.1,0.001,0.0001,0.001,0.05,0.5,0.05,rho0p05,new_training,4,1,33,0.1220834484944741,0.1220834484944741,0.1217886433005333,0.005896098678931594,0.1093939362714688,0.20029881596565247,0.05000000000000001,0.0,0.0,8.455404210128137e-09,0.0,0.0,8.45540467069722e-12,12,72|31|126|53,47,all_filtered,9,True,D:\Running_Place\PostGraduateProjects\Experiments\PostGraduate\backbones\PertubatedBNStatistics\BN-Sensitivity\shot4\Seed1
PertubatedBNStatistics,Disperssion+Seg-SADG,BN-Sensitivity,BN-Sensitivity,Seg-SADG,BN-Sensitivity,bn_sensitivity,shallow,0.1,0.1,1.0,0.05,0.1,0.001,0.0001,0.001,0.05,0.5,0.05,rho0p05,new_training,4,1,34,0.11655207412938277,0.11655207412938277,0.11634875709811847,0.00406633047775055,0.10500435406963031,0.18527511755625406,0.05000000000000001,0.0,0.0,7.1402796453234885e-09,0.0,0.0,7.140280003182485e-12,12,72|31|126|53,47,all_filtered,9,True,D:\Running_Place\PostGraduateProjects\Experiments\PostGraduate\backbones\PertubatedBNStatistics\BN-Sensitivity\shot4\Seed1
PertubatedBNStatistics,Disperssion+Seg-SADG,BN-Sensitivity,BN-Sensitivity,Seg-SADG,BN-Sensitivity,bn_sensitivity,shallow,0.1,0.1,1.0,0.05,0.1,0.001,0.0001,0.001,0.05,0.5,0.05,rho0p05,new_training,4,1,35,0.11735128921767075,0.11735128921767075,0.11707061404983203,0.005613494819651048,0.10376534548898537,0.2198494387169679,0.05000000000000001,0.0,0.0,1.0456995658270074e-08,0.0,0.0,1.0456995910094099e-11,12,72|31|126|53,47,all_filtered,9,True,D:\Running_Place\PostGraduateProjects\Experiments\PostGraduate\backbones\PertubatedBNStatistics\BN-Sensitivity\shot4\Seed1
PertubatedBNStatistics,Disperssion+Seg-SADG,BN-Sensitivity,BN-Sensitivity,Seg-SADG,BN-Sensitivity,bn_sensitivity,shallow,0.1,0.1,1.0,0.05,0.1,0.001,0.0001,0.001,0.05,0.5,0.05,rho0p05,new_training,4,1,36,0.11235721160968144,0.11235721160968144,0.11210732844968636,0.004997685027774423,0.09967380141218503,0.2029454285899798,0.05000000000000001,0.0,0.0,8.968722394383141e-09,0.0,0.0,8.968722863625841e-12,12,72|31|126|53,47,all_filtered,9,True,D:\Running_Place\PostGraduateProjects\Experiments\PostGraduate\backbones\PertubatedBNStatistics\BN-Sensitivity\shot4\Seed1
PertubatedBNStatistics,Disperssion+Seg-SADG,BN-Sensitivity,BN-Sensitivity,Seg-SADG,BN-Sensitivity,bn_sensitivity,shallow,0.1,0.1,1.0,0.05,0.1,0.001,0.0001,0.001,0.05,0.5,0.05,rho0p05,new_training,4,1,37,0.1057180625696977,0.1057180625696977,0.10549287560085456,0.004503733711317182,0.09484831057488918,0.16991457591454187,0.05000000000000001,0.0,0.0,5.473839955379607e-09,0.0,0.0,5.473840239585137e-12,12,72|31|126|53,47,all_filtered,9,True,D:\Running_Place\PostGraduateProjects\Experiments\PostGraduate\backbones\PertubatedBNStatistics\BN-Sensitivity\shot4\Seed1
PertubatedBNStatistics,Disperssion+Seg-SADG,BN-Sensitivity,BN-Sensitivity,Seg-SADG,BN-Sensitivity,bn_sensitivity,shallow,0.1,0.1,1.0,0.05,0.1,0.001,0.0001,0.001,0.05,0.5,0.05,rho0p05,new_training,4,1,38,0.10301500124235947,0.10301500124235947,0.10275821511944135,0.005135721915091078,0.09205948188900948,0.17341802393396696,0.05000000000000001,0.0,0.0,6.319709052367746e-09,0.0,0.0,6.319709241597166e-12,12,72|31|126|53,47,all_filtered,9,True,D:\Running_Place\PostGraduateProjects\Experiments\PostGraduate\backbones\PertubatedBNStatistics\BN-Sensitivity\shot4\Seed1
PertubatedBNStatistics,Disperssion+Seg-SADG,BN-Sensitivity,BN-Sensitivity,Seg-SADG,BN-Sensitivity,bn_sensitivity,shallow,0.1,0.1,1.0,0.05,0.1,0.001,0.0001,0.001,0.05,0.5,0.05,rho0p05,new_training,4,1,39,0.09937158785760403,0.09937158785760403,0.0991395382831494,0.004641014287093033,0.08872817208369572,0.1677191456158956,0.05000000000000001,0.0,0.0,5.832634542013437e-09,0.0,0.0,5.832634830844896e-12,12,72|31|126|53,47,all_filtered,9,True,D:\Running_Place\PostGraduateProjects\Experiments\PostGraduate\backbones\PertubatedBNStatistics\BN-Sensitivity\shot4\Seed1
PertubatedBNStatistics,Disperssion+Seg-SADG,BN-Sensitivity,BN-Sensitivity,Seg-SADG,BN-Sensitivity,bn_sensitivity,shallow,0.1,0.1,1.0,0.05,0.1,0.001,0.0001,0.001,0.05,0.5,0.05,rho0p05,new_training,4,1,40,0.0958636545886596,0.0958636545886596,0.09565591377516587,0.004154806859636058,0.08605482677618663,0.15763977418343225,0.05000000000000001,0.0,0.0,4.986892121472408e-09,0.0,0.0,4.986892346191378e-12,12,72|31|126|53,47,all_filtered,9,True,D:\Running_Place\PostGraduateProjects\Experiments\PostGraduate\backbones\PertubatedBNStatistics\BN-Sensitivity\shot4\Seed1
PertubatedBNStatistics,Disperssion+Seg-SADG,BN-Sensitivity,BN-Sensitivity,Seg-SADG,BN-Sensitivity,bn_sensitivity,shallow,0.1,0.1,1.0,0.05,0.1,0.001,0.0001,0.001,0.05,0.5,0.05,rho0p05,new_training,4,1,41,0.09519741249581178,0.09519741249581178,0.09496881191929181,0.00457200266343231,0.08460481837391853,0.17052802443504333,0.05000000000000001,0.0,0.0,4.897408737806567e-09,0.0,0.0,4.8974090480329484e-12,12,72|31|126|53,47,all_filtered,9,True,D:\Running_Place\PostGraduateProjects\Experiments\PostGraduate\backbones\PertubatedBNStatistics\BN-Sensitivity\shot4\Seed1
PertubatedBNStatistics,Disperssion+Seg-SADG,BN-Sensitivity,BN-Sensitivity,Seg-SADG,BN-Sensitivity,bn_sensitivity,shallow,0.1,0.1,1.0,0.05,0.1,0.001,0.0001,0.001,0.05,0.5,0.05,rho0p05,new_training,4,1,42,0.09588959875206153,0.09588959875206153,0.09565858667095502,0.0046202523323396845,0.08434976016481717,0.1780770073334376,0.05000000000000001,0.0,0.0,7.503629014434429e-09,0.0,0.0,7.503629427154055e-12,12,72|31|126|53,47,all_filtered,9,True,D:\Running_Place\PostGraduateProjects\Experiments\PostGraduate\backbones\PertubatedBNStatistics\BN-Sensitivity\shot4\Seed1
PertubatedBNStatistics,Disperssion+Seg-SADG,BN-Sensitivity,BN-Sensitivity,Seg-SADG,BN-Sensitivity,bn_sensitivity,shallow,0.1,0.1,1.0,0.05,0.1,0.001,0.0001,0.001,0.05,0.5,0.05,rho0p05,new_training,4,1,43,0.09513592347502708,0.09513592347502708,0.09488182328641415,0.005082005712514122,0.08279048092663288,0.1940748617053032,0.05000000000000001,0.0,0.0,7.618007373070649e-09,0.0,0.0,7.618007750951247e-12,12,72|31|126|53,47,all_filtered,9,True,D:\Running_Place\PostGraduateProjects\Experiments\PostGraduate\backbones\PertubatedBNStatistics\BN-Sensitivity\shot4\Seed1
PertubatedBNStatistics,Disperssion+Seg-SADG,BN-Sensitivity,BN-Sensitivity,Seg-SADG,BN-Sensitivity,bn_sensitivity,shallow,0.1,0.1,1.0,0.05,0.1,0.001,0.0001,0.001,0.05,0.5,0.05,rho0p05,new_training,4,1,44,0.09372122958302498,0.09372122958302498,0.09348443212608497,0.004735944947848718,0.08133046825726827,0.1937489571670691,0.05000000000000001,0.0,0.0,7.108797032510476e-09,0.0,0.0,7.108797437423847e-12,12,72|31|126|53,47,all_filtered,9,True,D:\Running_Place\PostGraduateProjects\Experiments\PostGraduate\backbones\PertubatedBNStatistics\BN-Sensitivity\shot4\Seed1
PertubatedBNStatistics,Disperssion+Seg-SADG,BN-Sensitivity,BN-Sensitivity,Seg-SADG,BN-Sensitivity,bn_sensitivity,shallow,0.1,0.1,1.0,0.05,0.1,0.001,0.0001,0.001,0.05,0.5,0.05,rho0p05,new_training,4,1,45,0.08950560974578063,0.08950560974578063,0.08928693582614262,0.004373490461148322,0.07926640845835209,0.16256464272737503,0.05000000000000001,0.0,0.0,5.070437412528032e-09,0.0,0.0,5.0704376858915395e-12,12,72|31|126|53,47,all_filtered,9,True,D:\Running_Place\PostGraduateProjects\Experiments\PostGraduate\backbones\PertubatedBNStatistics\BN-Sensitivity\shot4\Seed1
PertubatedBNStatistics,Disperssion+Seg-SADG,BN-Sensitivity,BN-Sensitivity,Seg-SADG,BN-Sensitivity,bn_sensitivity,shallow,0.1,0.1,1.0,0.05,0.1,0.001,0.0001,0.001,0.05,0.5,0.05,rho0p05,new_training,4,1,46,0.08653312114377816,0.08653312114377816,0.08631826254228751,0.004297188832424581,0.07583600965638955,0.1545897275209427,0.05000000000000001,0.0,0.0,1.8135462835170795e-08,0.0,0.0,1.8135463707303023e-11,12,72|31|126|53,47,all_filtered,9,True,D:\Running_Place\PostGraduateProjects\Experiments\PostGraduate\backbones\PertubatedBNStatistics\BN-Sensitivity\shot4\Seed1
PertubatedBNStatistics,Disperssion+Seg-SADG,BN-Sensitivity,BN-Sensitivity,Seg-SADG,BN-Sensitivity,bn_sensitivity,shallow,0.1,0.1,1.0,0.05,0.1,0.001,0.0001,0.001,0.05,0.5,0.05,rho0p05,new_training,4,1,47,0.0918990783393383,0.0918990783393383,0.09174058896799882,0.003169784933561459,0.08061992687483628,0.1796327189852794,0.05000000000000001,0.0,0.0,6.87100269273581e-09,0.0,0.0,6.871003007009879e-12,12,72|31|126|53,47,all_filtered,9,True,D:\Running_Place\PostGraduateProjects\Experiments\PostGraduate\backbones\PertubatedBNStatistics\BN-Sensitivity\shot4\Seed1
PertubatedBNStatistics,Disperssion+Seg-SADG,BN-Sensitivity,BN-Sensitivity,Seg-SADG,BN-Sensitivity,bn_sensitivity,shallow,0.1,0.1,1.0,0.05,0.1,0.001,0.0001,0.001,0.05,0.5,0.05,rho0p05,new_training,4,1,48,0.09298176132142544,0.09298176132142544,0.09273132185141246,0.005008793144952506,0.07996923041840394,0.20181595534086227,0.05000000000000001,0.0,0.0,8.116942784575087e-09,0.0,0.0,8.116943206980254e-12,12,72|31|126|53,47,all_filtered,9,True,D:\Running_Place\PostGraduateProjects\Experiments\PostGraduate\backbones\PertubatedBNStatistics\BN-Sensitivity\shot4\Seed1
PertubatedBNStatistics,Disperssion+Seg-SADG,BN-Sensitivity,BN-Sensitivity,Seg-SADG,BN-Sensitivity,bn_sensitivity,shallow,0.1,0.1,1.0,0.05,0.1,0.001,0.0001,0.001,0.05,0.5,0.05,rho0p05,new_training,4,1,49,0.0884772843370835,0.0884772843370835,0.0882336279998223,0.0048731082351878285,0.0774462918440501,0.17006402586897215,0.05000000000000001,0.0,0.0,9.208746709621352e-09,0.0,0.0,9.208747208788032e-12,12,72|31|126|53,47,all_filtered,9,True,D:\Running_Place\PostGraduateProjects\Experiments\PostGraduate\backbones\PertubatedBNStatistics\BN-Sensitivity\shot4\Seed1
PertubatedBNStatistics,Disperssion+Seg-SADG,BN-Sensitivity,BN-Sensitivity,Seg-SADG,BN-Sensitivity,bn_sensitivity,shallow,0.1,0.1,1.0,0.05,0.1,0.001,0.0001,0.001,0.05,0.5,0.05,rho0p05,new_training,4,1,50,0.08518823360403378,0.08518823360403378,0.08498289187749226,0.004106846851451944,0.07506082703669865,0.16034998434285322,0.05000000000000001,0.0,0.0,6.21061467069121e-09,0.0,0.0,6.210614867437764e-12,12,72|31|126|53,47,all_filtered,9,True,D:\Running_Place\PostGraduateProjects\Experiments\PostGraduate\backbones\PertubatedBNStatistics\BN-Sensitivity\shot4\Seed1
PertubatedBNStatistics,Disperssion+Seg-SADG,BN-Sensitivity,BN-Sensitivity,Seg-SADG,BN-Sensitivity,bn_sensitivity,shallow,0.1,0.1,1.0,0.05,0.1,0.001,0.0001,0.001,0.05,0.5,0.05,rho0p05,new_training,4,1,51,0.08275741090377171,0.08275741090377171,0.08253199234604836,0.004508352295185129,0.07311946836610635,0.15399182898302874,0.05000000000000001,0.0,0.0,5.624129023606983e-09,0.0,0.0,5.624129299933976e-12,12,72|31|126|53,47,all_filtered,9,True,D:\Running_Place\PostGraduateProjects\Experiments\PostGraduate\backbones\PertubatedBNStatistics\BN-Sensitivity\shot4\Seed1
PertubatedBNStatistics,Disperssion+Seg-SADG,BN-Sensitivity,BN-Sensitivity,Seg-SADG,BN-Sensitivity,bn_sensitivity,shallow,0.1,0.1,1.0,0.05,0.1,0.001,0.0001,0.001,0.05,0.5,0.05,rho0p05,new_training,4,1,52,0.0811160063991944,0.0811160063991944,0.08090881196161111,0.0041439108705768985,0.07076534442603588,0.15401855359474817,0.05000000000000001,0.0,0.0,1.0967489518417159e-08,0.0,0.0,1.0967490153904191e-11,12,72|31|126|53,47,all_filtered,9,True,D:\Running_Place\PostGraduateProjects\Experiments\PostGraduate\backbones\PertubatedBNStatistics\BN-Sensitivity\shot4\Seed1
PertubatedBNStatistics,Disperssion+Seg-SADG,BN-Sensitivity,BN-Sensitivity,Seg-SADG,BN-Sensitivity,bn_sensitivity,shallow,0.1,0.1,1.0,0.05,0.1,0.001,0.0001,0.001,0.05,0.5,0.05,rho0p05,new_training,4,1,53,0.07878866357107957,0.07878866357107957,0.0785728959987561,0.004315358043337862,0.06881576435019572,0.14877878315746784,0.05000000000000001,0.0,0.0,6.613433930121222e-09,0.0,0.0,6.613434337202999e-12,12,72|31|126|53,47,all_filtered,9,True,D:\Running_Place\PostGraduateProjects\Experiments\PostGraduate\backbones\PertubatedBNStatistics\BN-Sensitivity\shot4\Seed1
PertubatedBNStatistics,Disperssion+Seg-SADG,BN-Sensitivity,BN-Sensitivity,Seg-SADG,BN-Sensitivity,bn_sensitivity,shallow,0.1,0.1,1.0,0.05,0.1,0.001,0.0001,0.001,0.05,0.5,0.05,rho0p05,new_training,4,1,54,0.07899124237398307,0.07899124237398307,0.07877280997733276,0.004368657013401389,0.06843323198457558,0.15770812394718328,0.05000000000000001,0.0,0.0,7.65783261802433e-09,0.0,0.0,7.657832891026436e-12,12,72|31|126|53,47,all_filtered,9,True,D:\Running_Place\PostGraduateProjects\Experiments\PostGraduate\backbones\PertubatedBNStatistics\BN-Sensitivity\shot4\Seed1
PertubatedBNStatistics,Disperssion+Seg-SADG,BN-Sensitivity,BN-Sensitivity,Seg-SADG,BN-Sensitivity,bn_sensitivity,shallow,0.1,0.1,1.0,0.05,0.1,0.001,0.0001,0.001,0.05,0.5,0.05,rho0p05,new_training,4,1,55,0.07956532078484695,0.07956532078484695,0.07934501394629478,0.0044061380516116815,0.06794728835423787,0.17316006061931452,0.05000000000000001,0.0,0.0,7.155693001100379e-09,0.0,0.0,7.155693427842354e-12,12,72|31|126|53,47,all_filtered,9,True,D:\Running_Place\PostGraduateProjects\Experiments\PostGraduate\backbones\PertubatedBNStatistics\BN-Sensitivity\shot4\Seed1
PertubatedBNStatistics,Disperssion+Seg-SADG,BN-Sensitivity,BN-Sensitivity,Seg-SADG,BN-Sensitivity,bn_sensitivity,shallow,0.1,0.1,1.0,0.05,0.1,0.001,0.0001,0.001,0.05,0.5,0.05,rho0p05,new_training,4,1,56,0.07479853555560112,0.07479853555560112,0.0745902390529712,0.004165925046739479,0.06564710196107626,0.1409255644927422,0.05000000000000001,0.0,0.0,3.6681894651409883e-09,0.0,0.0,3.668189648877117e-12,12,72|31|126|53,47,all_filtered,9,True,D:\Running_Place\PostGraduateProjects\Experiments\PostGraduate\backbones\PertubatedBNStatistics\BN-Sensitivity\shot4\Seed1
PertubatedBNStatistics,Disperssion+Seg-SADG,BN-Sensitivity,BN-Sensitivity,Seg-SADG,BN-Sensitivity,bn_sensitivity,shallow,0.1,0.1,1.0,0.05,0.1,0.001,0.0001,0.001,0.05,0.5,0.05,rho0p05,new_training,4,1,57,0.07368413172662258,0.07368413172662258,0.07346971084674199,0.004288416976730029,0.06406244325141112,0.14228257412711778,0.05000000000000001,0.0,0.0,4.738087847992271e-09,0.0,0.0,4.738088104731346e-12,12,72|31|126|53,47,all_filtered,9,True,D:\Running_Place\PostGraduateProjects\Experiments\PostGraduate\backbones\PertubatedBNStatistics\BN-Sensitivity\shot4\Seed1
PertubatedBNStatistics,Disperssion+Seg-SADG,BN-Sensitivity,BN-Sensitivity,Seg-SADG,BN-Sensitivity,bn_sensitivity,shallow,0.1,0.1,1.0,0.05,0.1,0.001,0.0001,0.001,0.05,0.5,0.05,rho0p05,new_training,4,1,58,0.07111472450196743,0.07111472450196743,0.07092118697861831,0.0038707342076425752,0.0626656673848629,0.130415266379714,0.05000000000000001,0.0,0.0,4.343183470275254e-09,0.0,0.0,4.3431836541559426e-12,12,72|31|126|53,47,all_filtered,9,True,D:\Running_Place\PostGraduateProjects\Experiments\PostGraduate\backbones\PertubatedBNStatistics\BN-Sensitivity\shot4\Seed1
PertubatedBNStatistics,Disperssion+Seg-SADG,BN-Sensitivity,BN-Sensitivity,Seg-SADG,BN-Sensitivity,bn_sensitivity,shallow,0.1,0.1,1.0,0.05,0.1,0.001,0.0001,0.001,0.05,0.5,0.05,rho0p05,new_training,4,1,59,0.07077936020990212,0.07077936020990212,0.07054348321010669,0.004717543895822018,0.06146323929230372,0.14106295009454092,0.05000000000000001,0.0,0.0,4.9436065333955765e-09,0.0,0.0,4.9436067941823385e-12,12,72|31|126|53,47,all_filtered,9,True,D:\Running_Place\PostGraduateProjects\Experiments\PostGraduate\backbones\PertubatedBNStatistics\BN-Sensitivity\shot4\Seed1
PertubatedBNStatistics,Disperssion+Seg-SADG,BN-Sensitivity,BN-Sensitivity,Seg-SADG,BN-Sensitivity,bn_sensitivity,shallow,0.1,0.1,1.0,0.05,0.1,0.001,0.0001,0.001,0.05,0.5,0.05,rho0p05,new_training,4,1,60,0.07064207394917806,0.07064207394917806,0.07039602721730868,0.004920928777816395,0.06051143538206816,0.15046580818792185,0.05000000000000001,0.0,0.0,4.8339137970199175e-09,0.0,0.0,4.8339140217388875e-12,12,72|31|126|53,47,all_filtered,9,True,D:\Running_Place\PostGraduateProjects\Experiments\PostGraduate\backbones\PertubatedBNStatistics\BN-Sensitivity\shot4\Seed1
PertubatedBNStatistics,Disperssion+Seg-SADG,BN-Sensitivity,BN-Sensitivity,Seg-SADG,BN-Sensitivity,bn_sensitivity,shallow,0.1,0.1,1.0,0.05,0.1,0.001,0.0001,0.001,0.05,0.5,0.05,rho0p05,new_training,4,1,61,0.0668104210247596,0.0668104210247596,0.06656536025305589,0.004901213726649682,0.05895069241523743,0.12254648904005687,0.05000000000000001,0.0,0.0,2.9735368981912793e-09,0.0,0.0,2.973537034367072e-12,12,72|31|126|53,47,all_filtered,9,True,D:\Running_Place\PostGraduateProjects\Experiments\PostGraduate\backbones\PertubatedBNStatistics\BN-Sensitivity\shot4\Seed1
PertubatedBNStatistics,Disperssion+Seg-SADG,BN-Sensitivity,BN-Sensitivity,Seg-SADG,BN-Sensitivity,bn_sensitivity,shallow,0.1,0.1,1.0,0.05,0.1,0.001,0.0001,0.001,0.05,0.5,0.05,rho0p05,new_training,4,1,62,0.06582274567335844,0.06582274567335844,0.06559512919435899,0.004552326747216284,0.056952327800293766,0.13150091841816902,0.05000000000000001,0.0,0.0,4.4649808017549475e-09,0.0,0.0,4.464981010789126e-12,12,72|31|126|53,47,all_filtered,9,True,D:\Running_Place\PostGraduateProjects\Experiments\PostGraduate\backbones\PertubatedBNStatistics\BN-Sensitivity\shot4\Seed1
PertubatedBNStatistics,Disperssion+Seg-SADG,BN-Sensitivity,BN-Sensitivity,Seg-SADG,BN-Sensitivity,bn_sensitivity,shallow,0.1,0.1,1.0,0.05,0.1,0.001,0.0001,0.001,0.05,0.5,0.05,rho0p05,new_training,4,1,63,0.06311445745329063,0.06311445745329063,0.06287918829669555,0.004705389010875176,0.05535792497297128,0.11299636587500572,0.05000000000000001,0.0,0.0,3.407959571951243e-09,0.0,0.0,3.407959737075234e-12,12,72|31|126|53,47,all_filtered,9,True,D:\Running_Place\PostGraduateProjects\Experiments\PostGraduate\backbones\PertubatedBNStatistics\BN-Sensitivity\shot4\Seed1
PertubatedBNStatistics,Disperssion+Seg-SADG,BN-Sensitivity,BN-Sensitivity,Seg-SADG,BN-Sensitivity,bn_sensitivity,shallow,0.1,0.1,1.0,0.05,0.1,0.001,0.0001,0.001,0.05,0.5,0.05,rho0p05,new_training,4,1,64,0.06473010312765837,0.06473010312765837,0.06451689793417852,0.004264102957677096,0.05567268251130978,0.13477354062100252,0.05000000000000001,0.0,0.0,4.130188903846606e-09,0.0,0.0,4.130189056429992e-12,12,72|31|126|53,47,all_filtered,9,True,D:\Running_Place\PostGraduateProjects\Experiments\PostGraduate\backbones\PertubatedBNStatistics\BN-Sensitivity\shot4\Seed1
PertubatedBNStatistics,Disperssion+Seg-SADG,BN-Sensitivity,BN-Sensitivity,Seg-SADG,BN-Sensitivity,bn_sensitivity,shallow,0.1,0.1,1.0,0.05,0.1,0.001,0.0001,0.001,0.05,0.5,0.05,rho0p05,new_training,4,1,65,0.06325900306304295,0.06325900306304295,0.06303306886305411,0.004518685357955595,0.0544669721275568,0.13372429211934408,0.05000000000000001,0.0,0.0,5.213285710533218e-09,0.0,0.0,5.213285929975738e-12,12,72|31|126|53,47,all_filtered,9,True,D:\Running_Place\PostGraduateProjects\Experiments\PostGraduate\backbones\PertubatedBNStatistics\BN-Sensitivity\shot4\Seed1
PertubatedBNStatistics,Disperssion+Seg-SADG,BN-Sensitivity,BN-Sensitivity,Seg-SADG,BN-Sensitivity,bn_sensitivity,shallow,0.1,0.1,1.0,0.05,0.1,0.001,0.0001,0.001,0.05,0.5,0.05,rho0p05,new_training,4,1,66,0.06102381739765406,0.06102381739765406,0.06079372111707926,0.004601921827998012,0.052768951592346035,0.12030467266837756,0.05000000000000001,0.0,0.0,3.7353246236844955e-09,0.0,0.0,3.735324748440026e-12,12,72|31|126|53,47,all_filtered,9,True,D:\Running_Place\PostGraduateProjects\Experiments\PostGraduate\backbones\PertubatedBNStatistics\BN-Sensitivity\shot4\Seed1
PertubatedBNStatistics,Disperssion+Seg-SADG,BN-Sensitivity,BN-Sensitivity,Seg-SADG,BN-Sensitivity,bn_sensitivity,shallow,0.1,0.1,1.0,0.05,0.1,0.001,0.0001,0.001,0.05,0.5,0.05,rho0p05,new_training,4,1,67,0.06312716224541266,0.06312716224541266,0.06288652525593837,0.004812735734352221,0.05351104214787483,0.14470517511169115,0.05000000000000001,0.0,0.0,4.90647802016871e-09,0.0,0.0,4.906478200435392e-12,12,72|31|126|53,47,all_filtered,9,True,D:\Running_Place\PostGraduateProjects\Experiments\PostGraduate\backbones\PertubatedBNStatistics\BN-Sensitivity\shot4\Seed1
PertubatedBNStatistics,Disperssion+Seg-SADG,BN-Sensitivity,BN-Sensitivity,Seg-SADG,BN-Sensitivity,bn_sensitivity,shallow,0.1,0.1,1.0,0.05,0.1,0.001,0.0001,0.001,0.05,0.5,0.05,rho0p05,new_training,4,1,68,0.0628765169531107,0.0628765169531107,0.06264297136416037,0.004670911061111838,0.05351835706581672,0.14128109129766622,0.05000000000000001,0.0,0.0,4.428455657734531e-09,0.0,0.0,4.428455874936367e-12,12,72|31|126|53,47,all_filtered,9,True,D:\Running_Place\PostGraduateProjects\Experiments\PostGraduate\backbones\PertubatedBNStatistics\BN-Sensitivity\shot4\Seed1
PertubatedBNStatistics,Disperssion+Seg-SADG,BN-Sensitivity,BN-Sensitivity,Seg-SADG,BN-Sensitivity,bn_sensitivity,shallow,0.1,0.1,1.0,0.05,0.1,0.001,0.0001,0.001,0.05,0.5,0.05,rho0p05,new_training,4,1,69,0.059893764245013394,0.059893764245013394,0.05970857416590055,0.003703808858214567,0.0517174806445837,0.12432021833956242,0.05000000000000001,0.0,0.0,3.546390977178978e-09,0.0,0.0,3.5463911628666697e-12,12,72|31|126|53,47,all_filtered,9,True,D:\Running_Place\PostGraduateProjects\Experiments\PostGraduate\backbones\PertubatedBNStatistics\BN-Sensitivity\shot4\Seed1
PertubatedBNStatistics,Disperssion+Seg-SADG,BN-Sensitivity,BN-Sensitivity,Seg-SADG,BN-Sensitivity,bn_sensitivity,shallow,0.1,0.1,1.0,0.05,0.1,0.001,0.0001,0.001,0.05,0.5,0.05,rho0p05,new_training,4,1,70,0.06278132492055495,0.06278132492055495,0.06252445404728253,0.005137411508864413,0.05292159846673409,0.14926726433138052,0.05000000000000001,0.0,0.0,3.862871568912259e-09,0.0,0.0,3.862871719544081e-12,12,72|31|126|53,47,all_filtered,9,True,D:\Running_Place\PostGraduateProjects\Experiments\PostGraduate\backbones\PertubatedBNStatistics\BN-Sensitivity\shot4\Seed1
PertubatedBNStatistics,Disperssion+Seg-SADG,BN-Sensitivity,BN-Sensitivity,Seg-SADG,BN-Sensitivity,bn_sensitivity,shallow,0.1,0.1,1.0,0.05,0.1,0.001,0.0001,0.001,0.05,0.5,0.05,rho0p05,new_training,4,1,71,0.060471976175904274,0.060471976175904274,0.06024780869483948,0.00448336099119236,0.05177339383711418,0.13301010119418302,0.05000000000000001,0.0,0.0,3.232661527352576e-09,0.0,0.0,3.232661705956814e-12,12,72|31|126|53,47,all_filtered,9,True,D:\Running_Place\PostGraduateProjects\Experiments\PostGraduate\backbones\PertubatedBNStatistics\BN-Sensitivity\shot4\Seed1
PertubatedBNStatistics,Disperssion+Seg-SADG,BN-Sensitivity,BN-Sensitivity,Seg-SADG,BN-Sensitivity,bn_sensitivity,shallow,0.1,0.1,1.0,0.05,0.1,0.001,0.0001,0.001,0.05,0.5,0.05,rho0p05,new_training,4,1,72,0.059736828319728374,0.059736828319728374,0.05948938770840565,0.004948822199366987,0.05079470109194517,0.13682180953522524,0.05000000000000001,0.0,0.0,4.5380236790570905e-09,0.0,0.0,4.538023837639728e-12,12,72|31|126|53,47,all_filtered,9,True,D:\Running_Place\PostGraduateProjects\Experiments\PostGraduate\backbones\PertubatedBNStatistics\BN-Sensitivity\shot4\Seed1
PertubatedBNStatistics,Disperssion+Seg-SADG,BN-Sensitivity,BN-Sensitivity,Seg-SADG,BN-Sensitivity,bn_sensitivity,shallow,0.1,0.1,1.0,0.05,0.1,0.001,0.0001,0.001,0.05,0.5,0.05,rho0p05,new_training,4,1,73,0.05888824972013632,0.05888824972013632,0.058689603892465435,0.003972920375720908,0.05050593242049217,0.12562693345050016,0.05000000000000001,0.0,0.0,4.0581926707972116e-09,0.0,0.0,4.058192837041545e-12,12,72|31|126|53,47,all_filtered,9,True,D:\Running_Place\PostGraduateProjects\Experiments\PostGraduate\backbones\PertubatedBNStatistics\BN-Sensitivity\shot4\Seed1
PertubatedBNStatistics,Disperssion+Seg-SADG,BN-Sensitivity,BN-Sensitivity,Seg-SADG,BN-Sensitivity,bn_sensitivity,shallow,0.1,0.1,1.0,0.05,0.1,0.001,0.0001,0.001,0.05,0.5,0.05,rho0p05,new_training,4,1,74,0.05590524493406216,0.05590524493406216,0.05568536991874377,0.004397491478205969,0.04835499792049328,0.115253330518802,0.05000000000000001,0.0,0.0,3.056882080798573e-09,0.0,0.0,3.056882239381211e-12,12,72|31|126|53,47,all_filtered,9,True,D:\Running_Place\PostGraduateProjects\Experiments\PostGraduate\backbones\PertubatedBNStatistics\BN-Sensitivity\shot4\Seed1
PertubatedBNStatistics,Disperssion+Seg-SADG,BN-Sensitivity,BN-Sensitivity,Seg-SADG,BN-Sensitivity,bn_sensitivity,shallow,0.1,0.1,1.0,0.05,0.1,0.001,0.0001,0.001,0.05,0.5,0.05,rho0p05,new_training,4,1,75,0.055519465977946915,0.055519465977946915,0.05532819405198097,0.003825435744753728,0.04757901250074307,0.11858986814816792,0.05000000000000001,0.0,0.0,3.0714699487492205e-09,0.0,0.0,3.071470080226804e-12,12,72|31|126|53,47,all_filtered,9,True,D:\Running_Place\PostGraduateProjects\Experiments\PostGraduate\backbones\PertubatedBNStatistics\BN-Sensitivity\shot4\Seed1
PertubatedBNStatistics,Disperssion+Seg-SADG,BN-Sensitivity,BN-Sensitivity,Seg-SADG,BN-Sensitivity,bn_sensitivity,shallow,0.1,0.1,1.0,0.05,0.1,0.001,0.0001,0.001,0.05,0.5,0.05,rho0p05,new_training,4,1,76,0.05363759243239959,0.05363759243239959,0.05343305319547653,0.004090780819145341,0.04624262948830923,0.10959825416405995,0.05000000000000001,0.0,0.0,2.6038878368310017e-09,0.0,0.0,2.603887971127511e-12,12,72|31|126|53,47,all_filtered,9,True,D:\Running_Place\PostGraduateProjects\Experiments\PostGraduate\backbones\PertubatedBNStatistics\BN-Sensitivity\shot4\Seed1
PertubatedBNStatistics,Disperssion+Seg-SADG,BN-Sensitivity,BN-Sensitivity,Seg-SADG,BN-Sensitivity,bn_sensitivity,shallow,0.1,0.1,1.0,0.05,0.1,0.001,0.0001,0.001,0.05,0.5,0.05,rho0p05,new_training,4,1,77,0.05344764577845732,0.05344764577845732,0.053241411224007607,0.004124696094853182,0.04592975601553917,0.11304601406057675,0.05000000000000001,0.0,0.0,3.412809683004762e-09,0.0,0.0,3.4128098025561215e-12,12,72|31|126|53,47,all_filtered,9,True,D:\Running_Place\PostGraduateProjects\Experiments\PostGraduate\backbones\PertubatedBNStatistics\BN-Sensitivity\shot4\Seed1
PertubatedBNStatistics,Disperssion+Seg-SADG,BN-Sensitivity,BN-Sensitivity,Seg-SADG,BN-Sensitivity,bn_sensitivity,shallow,0.1,0.1,1.0,0.05,0.1,0.001,0.0001,0.001,0.05,0.5,0.05,rho0p05,new_training,4,1,78,0.051593972370028496,0.051593972370028496,0.05140085083742937,0.0038624462904408574,0.04447712873419126,0.10605238191783428,0.05000000000000001,0.0,0.0,3.1683863865872297e-09,0.0,0.0,3.1683865600595773e-12,12,72|31|126|53,47,all_filtered,9,True,D:\Running_Place\PostGraduateProjects\Experiments\PostGraduate\backbones\PertubatedBNStatistics\BN-Sensitivity\shot4\Seed1
PertubatedBNStatistics,Disperssion+Seg-SADG,BN-Sensitivity,BN-Sensitivity,Seg-SADG,BN-Sensitivity,bn_sensitivity,shallow,0.1,0.1,1.0,0.05,0.1,0.001,0.0001,0.001,0.05,0.5,0.05,rho0p05,new_training,4,1,79,0.05137105192989111,0.05137105192989111,0.05119526293128729,0.0035157823197854063,0.04376191614816586,0.11105957378943761,0.05000000000000001,0.0,0.0,3.4200691167995956e-09,0.0,0.0,3.4200692769723964e-12,12,72|31|126|53,47,all_filtered,9,True,D:\Running_Place\PostGraduateProjects\Experiments\PostGraduate\backbones\PertubatedBNStatistics\BN-Sensitivity\shot4\Seed1
PertubatedBNStatistics,Disperssion+Seg-SADG,BN-Sensitivity,BN-Sensitivity,Seg-SADG,BN-Sensitivity,bn_sensitivity,shallow,0.1,0.1,1.0,0.05,0.1,0.001,0.0001,0.001,0.05,0.5,0.05,rho0p05,new_training,4,1,80,0.051070437456170716,0.051070437456170716,0.05088486739744743,0.003711390406048546,0.0431482552861174,0.11292215250432491,0.05000000000000001,0.0,0.0,3.0675159819656037e-09,0.0,0.0,3.067516139464039e-12,12,72|31|126|53,47,all_filtered,9,True,D:\Running_Place\PostGraduateProjects\Experiments\PostGraduate\backbones\PertubatedBNStatistics\BN-Sensitivity\shot4\Seed1
PertubatedBNStatistics,Disperssion+Seg-SADG,BN-Sensitivity,BN-Sensitivity,Seg-SADG,BN-Sensitivity,bn_sensitivity,shallow,0.1,0.1,1.0,0.05,0.1,0.001,0.0001,0.001,0.05,0.5,0.05,rho0p05,new_training,4,1,81,0.05237371847033501,0.05237371847033501,0.0521822397907575,0.0038295668588640788,0.04348767176270485,0.1280558481812477,0.05000000000000001,0.0,0.0,3.360852938542417e-09,0.0,0.0,3.360853108762158e-12,12,72|31|126|53,47,all_filtered,9,True,D:\Running_Place\PostGraduateProjects\Experiments\PostGraduate\backbones\PertubatedBNStatistics\BN-Sensitivity\shot4\Seed1
PertubatedBNStatistics,Disperssion+Seg-SADG,BN-Sensitivity,BN-Sensitivity,Seg-SADG,BN-Sensitivity,bn_sensitivity,shallow,0.1,0.1,1.0,0.05,0.1,0.001,0.0001,0.001,0.05,0.5,0.05,rho0p05,new_training,4,1,82,0.05098044003049532,0.05098044003049532,0.05078904734303554,0.0038278504507616162,0.04307875813295444,0.11809932440519333,0.05000000000000001,0.0,0.0,3.5498659289867618e-09,0.0,0.0,3.5498661663547573e-12,12,72|31|126|53,47,all_filtered,9,True,D:\Running_Place\PostGraduateProjects\Experiments\PostGraduate\backbones\PertubatedBNStatistics\BN-Sensitivity\shot4\Seed1
PertubatedBNStatistics,Disperssion+Seg-SADG,BN-Sensitivity,BN-Sensitivity,Seg-SADG,BN-Sensitivity,bn_sensitivity,shallow,0.1,0.1,1.0,0.05,0.1,0.001,0.0001,0.001,0.05,0.5,0.05,rho0p05,new_training,4,1,83,0.05023080793519815,0.05023080793519815,0.05005358252674341,0.0035445057437755167,0.042700890762110554,0.11242731846868992,0.05000000000000001,0.0,0.0,3.44423446245005e-09,0.0,0.0,3.4442346616541295e-12,12,72|31|126|53,47,all_filtered,9,True,D:\Running_Place\PostGraduateProjects\Experiments\PostGraduate\backbones\PertubatedBNStatistics\BN-Sensitivity\shot4\Seed1
PertubatedBNStatistics,Disperssion+Seg-SADG,BN-Sensitivity,BN-Sensitivity,Seg-SADG,BN-Sensitivity,bn_sensitivity,shallow,0.1,0.1,1.0,0.05,0.1,0.001,0.0001,0.001,0.05,0.5,0.05,rho0p05,new_training,4,1,84,0.05209392992158731,0.05209392992158731,0.051892087794840336,0.004036840420061101,0.04291284829378128,0.13386758230626583,0.05000000000000001,0.0,0.0,4.410582177261091e-09,0.0,0.0,4.4105823955471286e-12,12,72|31|126|53,47,all_filtered,9,True,D:\Running_Place\PostGraduateProjects\Experiments\PostGraduate\backbones\PertubatedBNStatistics\BN-Sensitivity\shot4\Seed1
PertubatedBNStatistics,Disperssion+Seg-SADG,BN-Sensitivity,BN-Sensitivity,Seg-SADG,BN-Sensitivity,bn_sensitivity,shallow,0.1,0.1,1.0,0.05,0.1,0.001,0.0001,0.001,0.05,0.5,0.05,rho0p05,new_training,4,1,85,0.05004221573472023,0.05004221573472023,0.049868936650455,0.0034655828688604138,0.04230779533584913,0.11655504070222378,0.05000000000000001,0.0,0.0,3.643253476681707e-09,0.0,0.0,3.6432536675012894e-12,12,72|31|126|53,47,all_filtered,9,True,D:\Running_Place\PostGraduateProjects\Experiments\PostGraduate\backbones\PertubatedBNStatistics\BN-Sensitivity\shot4\Seed1
PertubatedBNStatistics,Disperssion+Seg-SADG,BN-Sensitivity,BN-Sensitivity,Seg-SADG,BN-Sensitivity,bn_sensitivity,shallow,0.1,0.1,1.0,0.05,0.1,0.001,0.0001,0.001,0.05,0.5,0.05,rho0p05,new_training,4,1,86,0.048151842318475246,0.048151842318475246,0.047959343840678535,0.0038499682559631765,0.04078288624684016,0.10956741559008758,0.05000000000000001,0.0,0.0,3.2753332268598e-09,0.0,0.0,3.2753333646257563e-12,12,72|31|126|53,47,all_filtered,9,True,D:\Running_Place\PostGraduateProjects\Experiments\PostGraduate\backbones\PertubatedBNStatistics\BN-Sensitivity\shot4\Seed1
PertubatedBNStatistics,Disperssion+Seg-SADG,BN-Sensitivity,BN-Sensitivity,Seg-SADG,BN-Sensitivity,bn_sensitivity,shallow,0.1,0.1,1.0,0.05,0.1,0.001,0.0001,0.001,0.05,0.5,0.05,rho0p05,new_training,4,1,87,0.04807191652556261,0.04807191652556261,0.047904360108077526,0.0033511353734259806,0.04037201125174761,0.11494397868712743,0.05000000000000001,0.0,0.0,2.6963754469940446e-09,0.0,0.0,2.6963755754358617e-12,12,72|31|126|53,47,all_filtered,9,True,D:\Running_Place\PostGraduateProjects\Experiments\PostGraduate\backbones\PertubatedBNStatistics\BN-Sensitivity\shot4\Seed1
PertubatedBNStatistics,Disperssion+Seg-SADG,BN-Sensitivity,BN-Sensitivity,Seg-SADG,BN-Sensitivity,bn_sensitivity,shallow,0.1,0.1,1.0,0.05,0.1,0.001,0.0001,0.001,0.05,0.5,0.05,rho0p05,new_training,4,1,88,0.04786696129788955,0.04786696129788955,0.047685932057599224,0.003620582244669398,0.04008522816002369,0.11930839096506436,0.05000000000000001,0.0,0.0,4.817271100539718e-09,0.0,0.0,4.817271400936e-12,12,72|31|126|53,47,all_filtered,9,True,D:\Running_Place\PostGraduateProjects\Experiments\PostGraduate\backbones\PertubatedBNStatistics\BN-Sensitivity\shot4\Seed1
PertubatedBNStatistics,Disperssion+Seg-SADG,BN-Sensitivity,BN-Sensitivity,Seg-SADG,BN-Sensitivity,bn_sensitivity,shallow,0.1,0.1,1.0,0.05,0.1,0.001,0.0001,0.001,0.05,0.5,0.05,rho0p05,new_training,4,1,89,0.04931501423319181,0.04931501423319181,0.04912048919747273,0.0038904977263882756,0.04066853349407514,0.12641584873199463,0.05000000000000001,0.0,0.0,6.215752986390062e-09,0.0,0.0,6.215753226793824e-12,12,72|31|126|53,47,all_filtered,9,True,D:\Running_Place\PostGraduateProjects\Experiments\PostGraduate\backbones\PertubatedBNStatistics\BN-Sensitivity\shot4\Seed1
PertubatedBNStatistics,Disperssion+Seg-SADG,BN-Sensitivity,BN-Sensitivity,Seg-SADG,BN-Sensitivity,bn_sensitivity,shallow,0.1,0.1,1.0,0.05,0.1,0.001,0.0001,0.001,0.05,0.5,0.05,rho0p05,new_training,4,1,90,0.04808470793068409,0.04808470793068409,0.04789909192671379,0.0037123188376426697,0.04033132642507553,0.11581735623379548,0.05000000000000001,0.0,0.0,4.107850041605114e-09,0.0,0.0,4.107850281358354e-12,12,72|31|126|53,47,all_filtered,9,True,D:\Running_Place\PostGraduateProjects\Experiments\PostGraduate\backbones\PertubatedBNStatistics\BN-Sensitivity\shot4\Seed1
PertubatedBNStatistics,Disperssion+Seg-SADG,BN-Sensitivity,BN-Sensitivity,Seg-SADG,BN-Sensitivity,bn_sensitivity,shallow,0.1,0.1,1.0,0.05,0.1,0.001,0.0001,0.001,0.05,0.5,0.05,rho0p05,new_training,4,1,91,0.04791694631179174,0.04791694631179174,0.04773439404865106,0.003651042488248398,0.03976554796099663,0.12097054968277614,0.05000000000000001,0.0,0.0,3.803634851529125e-09,0.0,0.0,3.803635050877764e-12,12,72|31|126|53,47,all_filtered,9,True,D:\Running_Place\PostGraduateProjects\Experiments\PostGraduate\backbones\PertubatedBNStatistics\BN-Sensitivity\shot4\Seed1
PertubatedBNStatistics,Disperssion+Seg-SADG,BN-Sensitivity,BN-Sensitivity,Seg-SADG,BN-Sensitivity,bn_sensitivity,shallow,0.1,0.1,1.0,0.05,0.1,0.001,0.0001,0.001,0.05,0.5,0.05,rho0p05,new_training,4,1,92,0.04700530879199505,0.04700530879199505,0.04683723269651333,0.0033615242185381553,0.039351873410244785,0.11358438308040301,0.05000000000000001,0.0,0.0,3.0324131631657516e-09,0.0,0.0,3.0324133051962362e-12,12,72|31|126|53,47,all_filtered,9,True,D:\Running_Place\PostGraduateProjects\Experiments\PostGraduate\backbones\PertubatedBNStatistics\BN-Sensitivity\shot4\Seed1
PertubatedBNStatistics,Disperssion+Seg-SADG,BN-Sensitivity,BN-Sensitivity,Seg-SADG,BN-Sensitivity,bn_sensitivity,shallow,0.1,0.1,1.0,0.05,0.1,0.001,0.0001,0.001,0.05,0.5,0.05,rho0p05,new_training,4,1,93,0.04435250380386909,0.04435250380386909,0.04418588584909836,0.003332360841644307,0.03780288342386484,0.09957361593842506,0.05000000000000001,0.0,0.0,2.4493197007628234e-09,0.0,0.0,2.4493198087493597e-12,12,72|31|126|53,47,all_filtered,9,True,D:\Running_Place\PostGraduateProjects\Experiments\PostGraduate\backbones\PertubatedBNStatistics\BN-Sensitivity\shot4\Seed1
PertubatedBNStatistics,Disperssion+Seg-SADG,BN-Sensitivity,BN-Sensitivity,Seg-SADG,BN-Sensitivity,bn_sensitivity,shallow,0.1,0.1,1.0,0.05,0.1,0.001,0.0001,0.001,0.05,0.5,0.05,rho0p05,new_training,4,1,94,0.04505257991453012,0.04505257991453012,0.0448785579452912,0.0034804373087051013,0.03739967414488395,0.1115481002877156,0.05000000000000001,0.0,0.0,3.295787254220528e-09,0.0,0.0,3.2957873987808175e-12,12,72|31|126|53,47,all_filtered,9,True,D:\Running_Place\PostGraduateProjects\Experiments\PostGraduate\backbones\PertubatedBNStatistics\BN-Sensitivity\shot4\Seed1
PertubatedBNStatistics,Disperssion+Seg-SADG,BN-Sensitivity,BN-Sensitivity,Seg-SADG,BN-Sensitivity,bn_sensitivity,shallow,0.1,0.1,1.0,0.05,0.1,0.001,0.0001,0.001,0.05,0.5,0.05,rho0p05,new_training,4,1,95,0.045314536119500794,0.045314536119500794,0.045143866911530495,0.0034133793863778314,0.037065962639947735,0.11694055547316869,0.05000000000000001,0.0,0.0,4.053812905728075e-09,0.0,0.0,4.0538130939455725e-12,12,72|31|126|53,47,all_filtered,9,True,D:\Running_Place\PostGraduateProjects\Experiments\PostGraduate\backbones\PertubatedBNStatistics\BN-Sensitivity\shot4\Seed1
PertubatedBNStatistics,Disperssion+Seg-SADG,BN-Sensitivity,BN-Sensitivity,Seg-SADG,BN-Sensitivity,bn_sensitivity,shallow,0.1,0.1,1.0,0.05,0.1,0.001,0.0001,0.001,0.05,0.5,0.05,rho0p05,new_training,4,1,96,0.04438004456460476,0.04438004456460476,0.04421308233092228,0.0033392512317125997,0.036652869234482445,0.11783106252551079,0.05000000000000001,0.0,0.0,2.8838706746710705e-09,0.0,0.0,2.8838708584071984e-12,12,72|31|126|53,47,all_filtered,9,True,D:\Running_Place\PostGraduateProjects\Experiments\PostGraduate\backbones\PertubatedBNStatistics\BN-Sensitivity\shot4\Seed1
PertubatedBNStatistics,Disperssion+Seg-SADG,BN-Sensitivity,BN-Sensitivity,Seg-SADG,BN-Sensitivity,bn_sensitivity,shallow,0.1,0.1,1.0,0.05,0.1,0.001,0.0001,0.001,0.05,0.5,0.05,rho0p05,new_training,4,1,97,0.04330509466429552,0.04330509466429552,0.0431531040618817,0.0030398117378354073,0.03594179544597864,0.11097557904819648,0.05000000000000001,0.0,0.0,2.7981048959328327e-09,0.0,0.0,2.7981050455527326e-12,12,72|31|126|53,47,all_filtered,9,True,D:\Running_Place\PostGraduateProjects\Experiments\PostGraduate\backbones\PertubatedBNStatistics\BN-Sensitivity\shot4\Seed1
PertubatedBNStatistics,Disperssion+Seg-SADG,BN-Sensitivity,BN-Sensitivity,Seg-SADG,BN-Sensitivity,bn_sensitivity,shallow,0.1,0.1,1.0,0.05,0.1,0.001,0.0001,0.001,0.05,0.5,0.05,rho0p05,new_training,4,1,98,0.043713960175712906,0.043713960175712906,0.04354370043923458,0.003405193351985266,0.035927120596170425,0.11724863946437836,0.05000000000000001,0.0,0.0,2.827116032018869e-09,0.0,0.0,2.827116154389154e-12,12,72|31|126|53,47,all_filtered,9,True,D:\Running_Place\PostGraduateProjects\Experiments\PostGraduate\backbones\PertubatedBNStatistics\BN-Sensitivity\shot4\Seed1
PertubatedBNStatistics,Disperssion+Seg-SADG,BN-Sensitivity,BN-Sensitivity,Seg-SADG,BN-Sensitivity,bn_sensitivity,shallow,0.1,0.1,1.0,0.05,0.1,0.001,0.0001,0.001,0.05,0.5,0.05,rho0p05,new_training,4,1,99,0.0412924358000358,0.0412924358000358,0.04115080367773771,0.002832639128124962,0.03484237271671494,0.10048573836684227,0.05000000000000001,0.0,0.0,2.482518968172087e-09,0.0,0.0,2.4825190731228575e-12,12,72|31|126|53,47,all_filtered,9,True,D:\Running_Place\PostGraduateProjects\Experiments\PostGraduate\backbones\PertubatedBNStatistics\BN-Sensitivity\shot4\Seed1
PertubatedBNStatistics,Disperssion+Seg-SADG,BN-Sensitivity,BN-Sensitivity,Seg-SADG,BN-Sensitivity,bn_sensitivity,shallow,0.1,0.1,1.0,0.05,0.1,0.001,0.0001,0.001,0.05,0.5,0.05,rho0p05,new_training,4,1,100,0.04233523861815532,0.04233523861815532,0.04216879326850176,0.0033289031125605106,0.034477002608279385,0.1123343159755071,0.05000000000000001,0.0,0.0,2.8043739367748324e-09,0.0,0.0,2.804374092249424e-12,12,72|31|126|53,47,all_filtered,9,True,D:\Running_Place\PostGraduateProjects\Experiments\PostGraduate\backbones\PertubatedBNStatistics\BN-Sensitivity\shot4\Seed1
PertubatedBNStatistics,Disperssion+Seg-SADG,BN-Sensitivity,BN-Sensitivity,Seg-SADG,BN-Sensitivity,bn_sensitivity,shallow,0.1,0.1,1.0,0.05,0.1,0.001,0.0001,0.001,0.05,0.5,0.05,rho0p05,new_training,4,1,101,0.04086391689876715,0.04086391689876715,0.0407197680324316,0.0028829772296982505,0.033754526947935425,0.10257200400034587,0.05000000000000001,0.0,0.0,2.7196085753781554e-09,0.0,0.0,2.719608690809547e-12,12,72|31|126|53,47,all_filtered,9,True,D:\Running_Place\PostGraduateProjects\Experiments\PostGraduate\backbones\PertubatedBNStatistics\BN-Sensitivity\shot4\Seed1
PertubatedBNStatistics,Disperssion+Seg-SADG,BN-Sensitivity,BN-Sensitivity,Seg-SADG,BN-Sensitivity,bn_sensitivity,shallow,0.1,0.1,1.0,0.05,0.1,0.001,0.0001,0.001,0.05,0.5,0.05,rho0p05,new_training,4,1,102,0.040597579131523766,0.040597579131523766,0.04045013555636009,0.0029488748017077646,0.03361047556002935,0.10568279027938843,0.05000000000000001,0.0,0.0,2.775629772318785e-09,0.0,0.0,2.7756299230228868e-12,12,72|31|126|53,47,all_filtered,9,True,D:\Running_Place\PostGraduateProjects\Experiments\PostGraduate\backbones\PertubatedBNStatistics\BN-Sensitivity\shot4\Seed1
PertubatedBNStatistics,Disperssion+Seg-SADG,BN-Sensitivity,BN-Sensitivity,Seg-SADG,BN-Sensitivity,bn_sensitivity,shallow,0.1,0.1,1.0,0.05,0.1,0.001,0.0001,0.001,0.05,0.5,0.05,rho0p05,new_training,4,1,103,0.040391339299579464,0.040391339299579464,0.040241858611504235,0.0029896151778909066,0.03264300602798661,0.10888939661284287,0.05000000000000001,0.0,0.0,3.1467000394247435e-09,0.0,0.0,3.1467001946102143e-12,12,72|31|126|53,47,all_filtered,9,True,D:\Running_Place\PostGraduateProjects\Experiments\PostGraduate\backbones\PertubatedBNStatistics\BN-Sensitivity\shot4\Seed1
PertubatedBNStatistics,Disperssion+Seg-SADG,BN-Sensitivity,BN-Sensitivity,Seg-SADG,BN-Sensitivity,bn_sensitivity,shallow,0.1,0.1,1.0,0.05,0.1,0.001,0.0001,0.001,0.05,0.5,0.05,rho0p05,new_training,4,1,104,0.039587617541352906,0.039587617541352906,0.03944987524300814,0.0027548482563967505,0.03294983568290869,0.1000075563788414,0.05000000000000001,0.0,0.0,2.2240456513481868e-09,0.0,0.0,2.2240457359882365e-12,12,72|31|126|53,47,all_filtered,9,True,D:\Running_Place\PostGraduateProjects\Experiments\PostGraduate\backbones\PertubatedBNStatistics\BN-Sensitivity\shot4\Seed1
PertubatedBNStatistics,Disperssion+Seg-SADG,BN-Sensitivity,BN-Sensitivity,Seg-SADG,BN-Sensitivity,bn_sensitivity,shallow,0.1,0.1,1.0,0.05,0.1,0.001,0.0001,0.001,0.05,0.5,0.05,rho0p05,new_training,4,1,105,0.04024547742058834,0.04024547742058834,0.040102558210492134,0.00285838528846701,0.032447527162730694,0.11078232961396377,0.05000000000000001,0.0,0.0,3.1768224439954196e-09,0.0,0.0,3.1768225926033975e-12,12,72|31|126|53,47,all_filtered,9,True,D:\Running_Place\PostGraduateProjects\Experiments\PostGraduate\backbones\PertubatedBNStatistics\BN-Sensitivity\shot4\Seed1
PertubatedBNStatistics,Disperssion+Seg-SADG,BN-Sensitivity,BN-Sensitivity,Seg-SADG,BN-Sensitivity,bn_sensitivity,shallow,0.1,0.1,1.0,0.05,0.1,0.001,0.0001,0.001,0.05,0.5,0.05,rho0p05,new_training,4,1,106,0.039131438049177326,0.039131438049177326,0.038995721377432346,0.00271433547216778,0.032325965352356434,0.10389145898322265,0.05000000000000001,0.0,0.0,2.88741452969532e-09,0.0,0.0,2.8874146635581486e-12,12,72|31|126|53,47,all_filtered,9,True,D:\Running_Place\PostGraduateProjects\Experiments\PostGraduate\backbones\PertubatedBNStatistics\BN-Sensitivity\shot4\Seed1
PertubatedBNStatistics,Disperssion+Seg-SADG,BN-Sensitivity,BN-Sensitivity,Seg-SADG,BN-Sensitivity,bn_sensitivity,shallow,0.1,0.1,1.0,0.05,0.1,0.001,0.0001,0.001,0.05,0.5,0.05,rho0p05,new_training,4,1,107,0.038808105823894344,0.038808105823894344,0.038661254569888115,0.0029370237607508898,0.031840852151314415,0.10239254372815292,0.05000000000000001,0.0,0.0,3.385794690909568e-09,0.0,0.0,3.385794863514554e-12,12,72|31|126|53,47,all_filtered,9,True,D:\Running_Place\PostGraduateProjects\Experiments\PostGraduate\backbones\PertubatedBNStatistics\BN-Sensitivity\shot4\Seed1
PertubatedBNStatistics,Disperssion+Seg-SADG,BN-Sensitivity,BN-Sensitivity,Seg-SADG,BN-Sensitivity,bn_sensitivity,shallow,0.1,0.1,1.0,0.05,0.1,0.001,0.0001,0.001,0.05,0.5,0.05,rho0p05,new_training,4,1,108,0.038485463708639145,0.038485463708639145,0.03835510400434335,0.0026071956187176206,0.03147080106039842,0.10512272951503594,0.05000000000000001,0.0,0.0,2.714407356293099e-09,0.0,0.0,2.7144074748325364e-12,12,72|31|126|53,47,all_filtered,9,True,D:\Running_Place\PostGraduateProjects\Experiments\PostGraduate\backbones\PertubatedBNStatistics\BN-Sensitivity\shot4\Seed1
PertubatedBNStatistics,Disperssion+Seg-SADG,BN-Sensitivity,BN-Sensitivity,Seg-SADG,BN-Sensitivity,bn_sensitivity,shallow,0.1,0.1,1.0,0.05,0.1,0.001,0.0001,0.001,0.05,0.5,0.05,rho0p05,new_training,4,1,109,0.0389623831336697,0.0389623831336697,0.038818616420030594,0.002875321098448088,0.03159708995372057,0.1100527203331391,0.05000000000000001,0.0,0.0,3.1546401324522577e-09,0.0,0.0,3.1546402904927945e-12,12,72|31|126|53,47,all_filtered,9,True,D:\Running_Place\PostGraduateProjects\Experiments\PostGraduate\backbones\PertubatedBNStatistics\BN-Sensitivity\shot4\Seed1
PertubatedBNStatistics,Disperssion+Seg-SADG,BN-Sensitivity,BN-Sensitivity,Seg-SADG,BN-Sensitivity,bn_sensitivity,shallow,0.1,0.1,1.0,0.05,0.1,0.001,0.0001,0.001,0.05,0.5,0.05,rho0p05,new_training,4,1,110,0.040155126402775444,0.040155126402775444,0.04000663757324219,0.0029697768623009324,0.032012344958881535,0.11951094741622607,0.05000000000000001,0.0,0.0,3.276187487966098e-09,0.0,0.0,3.2761876255874936e-12,12,72|31|126|53,47,all_filtered,9,True,D:\Running_Place\PostGraduateProjects\Experiments\PostGraduate\backbones\PertubatedBNStatistics\BN-Sensitivity\shot4\Seed1
PertubatedBNStatistics,Disperssion+Seg-SADG,BN-Sensitivity,BN-Sensitivity,Seg-SADG,BN-Sensitivity,bn_sensitivity,shallow,0.1,0.1,1.0,0.05,0.1,0.001,0.0001,0.001,0.05,0.5,0.05,rho0p05,new_training,4,1,111,0.0398657356078426,0.0398657356078426,0.03972990500430266,0.0027166139431453,0.03194549617667993,0.11859627813100815,0.05000000000000001,0.0,0.0,3.742763108697626e-09,0.0,0.0,3.7427632607750505e-12,12,72|31|126|53,47,all_filtered,9,True,D:\Running_Place\PostGraduateProjects\Experiments\PostGraduate\backbones\PertubatedBNStatistics\BN-Sensitivity\shot4\Seed1
PertubatedBNStatistics,Disperssion+Seg-SADG,BN-Sensitivity,BN-Sensitivity,Seg-SADG,BN-Sensitivity,bn_sensitivity,shallow,0.1,0.1,1.0,0.05,0.1,0.001,0.0001,0.001,0.05,0.5,0.05,rho0p05,new_training,4,1,112,0.037667407654225826,0.037667407654225826,0.037524333534141384,0.0028614959058662257,0.031003582446525495,0.10060501843690872,0.05000000000000001,0.0,0.0,2.74449421522327e-09,0.0,0.0,2.7444943742395886e-12,12,72|31|126|53,47,all_filtered,9,True,D:\Running_Place\PostGraduateProjects\Experiments\PostGraduate\backbones\PertubatedBNStatistics\BN-Sensitivity\shot4\Seed1
PertubatedBNStatistics,Disperssion+Seg-SADG,BN-Sensitivity,BN-Sensitivity,Seg-SADG,BN-Sensitivity,bn_sensitivity,shallow,0.1,0.1,1.0,0.05,0.1,0.001,0.0001,0.001,0.05,0.5,0.05,rho0p05,new_training,4,1,113,0.037671616300940514,0.037671616300940514,0.03754524669299523,0.002527390548493713,0.030483045304814976,0.10624138452112675,0.05000000000000001,0.0,0.0,3.148941329911281e-09,0.0,0.0,3.1489414031310678e-12,12,72|31|126|53,47,all_filtered,9,True,D:\Running_Place\PostGraduateProjects\Experiments\PostGraduate\backbones\PertubatedBNStatistics\BN-Sensitivity\shot4\Seed1
PertubatedBNStatistics,Disperssion+Seg-SADG,BN-Sensitivity,BN-Sensitivity,Seg-SADG,BN-Sensitivity,bn_sensitivity,shallow,0.1,0.1,1.0,0.05,0.1,0.001,0.0001,0.001,0.05,0.5,0.05,rho0p05,new_training,4,1,114,0.03669694842149814,0.03669694842149814,0.03655940325309833,0.0027509010784948864,0.030038786586374044,0.10091207424799602,0.05000000000000001,0.0,0.0,2.8646731653481083e-09,0.0,0.0,2.8646732880797943e-12,12,72|31|126|53,47,all_filtered,9,True,D:\Running_Place\PostGraduateProjects\Experiments\PostGraduate\backbones\PertubatedBNStatistics\BN-Sensitivity\shot4\Seed1
PertubatedBNStatistics,Disperssion+Seg-SADG,BN-Sensitivity,BN-Sensitivity,Seg-SADG,BN-Sensitivity,bn_sensitivity,shallow,0.1,0.1,1.0,0.05,0.1,0.001,0.0001,0.001,0.05,0.5,0.05,rho0p05,new_training,4,1,115,0.037461017879347004,0.037461017879347004,0.03733239012459914,0.002572540038575729,0.029926569977154333,0.11207306074599425,0.05000000000000001,0.0,0.0,3.1581856204295398e-09,0.0,0.0,3.1581857626045845e-12,12,72|31|126|53,47,all_filtered,9,True,D:\Running_Place\PostGraduateProjects\Experiments\PostGraduate\backbones\PertubatedBNStatistics\BN-Sensitivity\shot4\Seed1
PertubatedBNStatistics,Disperssion+Seg-SADG,BN-Sensitivity,BN-Sensitivity,Seg-SADG,BN-Sensitivity,bn_sensitivity,shallow,0.1,0.1,1.0,0.05,0.1,0.001,0.0001,0.001,0.05,0.5,0.05,rho0p05,new_training,4,1,116,0.03826611737410227,0.03826611737410227,0.038130653401215873,0.002709277624186749,0.030293999550243218,0.11771565675735474,0.05000000000000001,0.0,0.0,3.1624892334510455e-09,0.0,0.0,3.162489439883139e-12,12,72|31|126|53,47,all_filtered,9,True,D:\Running_Place\PostGraduateProjects\Experiments\PostGraduate\backbones\PertubatedBNStatistics\BN-Sensitivity\shot4\Seed1
PertubatedBNStatistics,Disperssion+Seg-SADG,BN-Sensitivity,BN-Sensitivity,Seg-SADG,BN-Sensitivity,bn_sensitivity,shallow,0.1,0.1,1.0,0.05,0.1,0.001,0.0001,0.001,0.05,0.5,0.05,rho0p05,new_training,4,1,117,0.03575221744055549,0.03575221744055549,0.03562805491189162,0.0024832446166935065,0.029388543063153822,0.10542095949252446,0.05000000000000001,0.0,0.0,2.674006895538502e-09,0.0,0.0,2.674007002874517e-12,12,72|31|126|53,47,all_filtered,9,True,D:\Running_Place\PostGraduateProjects\Experiments\PostGraduate\backbones\PertubatedBNStatistics\BN-Sensitivity\shot4\Seed1
PertubatedBNStatistics,Disperssion+Seg-SADG,BN-Sensitivity,BN-Sensitivity,Seg-SADG,BN-Sensitivity,bn_sensitivity,shallow,0.1,0.1,1.0,0.05,0.1,0.001,0.0001,0.001,0.05,0.5,0.05,rho0p05,new_training,4,1,118,0.03472341364249587,0.03472341364249587,0.034608373418450356,0.002300795322904984,0.02864824825276931,0.09339127875864506,0.05000000000000001,0.0,0.0,2.512424564689771e-09,0.0,0.0,2.5124246848916517e-12,12,72|31|126|53,47,all_filtered,9,True,D:\Running_Place\PostGraduateProjects\Experiments\PostGraduate\backbones\PertubatedBNStatistics\BN-Sensitivity\shot4\Seed1
PertubatedBNStatistics,Disperssion+Seg-SADG,BN-Sensitivity,BN-Sensitivity,Seg-SADG,BN-Sensitivity,bn_sensitivity,shallow,0.1,0.1,1.0,0.05,0.1,0.001,0.0001,0.001,0.05,0.5,0.05,rho0p05,new_training,4,1,119,0.036777026019990444,0.036777026019990444,0.03664482198655605,0.00264407832097883,0.0290995587905248,0.1138417919476827,0.05000000000000001,0.0,0.0,3.5655987051796956e-09,0.0,0.0,3.5655988524143506e-12,12,72|31|126|53,47,all_filtered,9,True,D:\Running_Place\PostGraduateProjects\Experiments\PostGraduate\backbones\PertubatedBNStatistics\BN-Sensitivity\shot4\Seed1
PertubatedBNStatistics,Disperssion+Seg-SADG,BN-Sensitivity,BN-Sensitivity,Seg-SADG,BN-Sensitivity,bn_sensitivity,shallow,0.1,0.1,1.0,0.05,0.1,0.001,0.0001,0.001,0.05,0.5,0.05,rho0p05,new_training,4,1,120,0.03688240392754475,0.03688240392754475,0.03675440512597561,0.0025599833267430463,0.029182883600393932,0.11295899872978528,0.05000000000000001,0.0,0.0,3.2190844064435473e-09,0.0,0.0,3.219084576446448e-12,12,72|31|126|53,47,all_filtered,9,True,D:\Running_Place\PostGraduateProjects\Experiments\PostGraduate\backbones\PertubatedBNStatistics\BN-Sensitivity\shot4\Seed1
PertubatedBNStatistics,Disperssion+Seg-SADG,BN-Sensitivity,BN-Sensitivity,Seg-SADG,BN-Sensitivity,bn_sensitivity,shallow,0.1,0.1,1.0,0.05,0.1,0.001,0.0001,0.001,0.05,0.5,0.05,rho0p05,new_training,4,1,121,0.03432393353432417,0.03432393353432417,0.03420115758975347,0.002455520210787654,0.02805109415203333,0.09557402444382508,0.05000000000000001,0.0,0.0,2.3043886474930866e-09,0.0,0.0,2.3043887761517445e-12,12,72|31|126|53,47,all_filtered,9,True,D:\Running_Place\PostGraduateProjects\Experiments\PostGraduate\backbones\PertubatedBNStatistics\BN-Sensitivity\shot4\Seed1
PertubatedBNStatistics,Disperssion+Seg-SADG,BN-Sensitivity,BN-Sensitivity,Seg-SADG,BN-Sensitivity,bn_sensitivity,shallow,0.1,0.1,1.0,0.05,0.1,0.001,0.0001,0.001,0.05,0.5,0.05,rho0p05,new_training,4,1,122,0.03351995488628745,0.03351995488628745,0.03340732694293062,0.0022525602350166687,0.02735712130864461,0.09318934691449006,0.05000000000000001,0.0,0.0,2.1759999172902647e-09,0.0,0.0,2.1760000214459535e-12,12,72|31|126|53,47,all_filtered,9,True,D:\Running_Place\PostGraduateProjects\Experiments\PostGraduate\backbones\PertubatedBNStatistics\BN-Sensitivity\shot4\Seed1
PertubatedBNStatistics,Disperssion+Seg-SADG,BN-Sensitivity,BN-Sensitivity,Seg-SADG,BN-Sensitivity,bn_sensitivity,shallow,0.1,0.1,1.0,0.05,0.1,0.001,0.0001,0.001,0.05,0.5,0.05,rho0p05,new_training,4,1,123,0.033920224600782,0.033920224600782,0.033800586281965174,0.002392754036312302,0.02693125621105234,0.1023734553406636,0.05000000000000001,0.0,0.0,2.606222589592496e-09,0.0,0.0,2.606222737260832e-12,12,72|31|126|53,47,all_filtered,9,True,D:\Running_Place\PostGraduateProjects\Experiments\PostGraduate\backbones\PertubatedBNStatistics\BN-Sensitivity\shot4\Seed1
PertubatedBNStatistics,Disperssion+Seg-SADG,BN-Sensitivity,BN-Sensitivity,Seg-SADG,BN-Sensitivity,bn_sensitivity,shallow,0.1,0.1,1.0,0.05,0.1,0.001,0.0001,0.001,0.05,0.5,0.05,rho0p05,new_training,4,1,124,0.03419918101280928,0.03419918101280928,0.0340868274991711,0.0022470811381936073,0.02702505188062787,0.10713658295571804,0.05000000000000001,0.0,0.0,2.952215333307251e-09,0.0,0.0,2.9522154758436967e-12,12,72|31|126|53,47,all_filtered,9,True,D:\Running_Place\PostGraduateProjects\Experiments\PostGraduate\backbones\PertubatedBNStatistics\BN-Sensitivity\shot4\Seed1
PertubatedBNStatistics,Disperssion+Seg-SADG,BN-Sensitivity,BN-Sensitivity,Seg-SADG,BN-Sensitivity,bn_sensitivity,shallow,0.1,0.1,1.0,0.05,0.1,0.001,0.0001,0.001,0.05,0.5,0.05,rho0p05,new_training,4,1,125,0.03307486418634653,0.03307486418634653,0.03296415150786439,0.0022142595553305,0.026547805561373632,0.09627332352101803,0.05000000000000001,0.0,0.0,2.6038001847232075e-09,0.0,0.0,2.603800295311829e-12,12,72|31|126|53,47,all_filtered,9,True,D:\Running_Place\PostGraduateProjects\Experiments\PostGraduate\backbones\PertubatedBNStatistics\BN-Sensitivity\shot4\Seed1
PertubatedBNStatistics,Disperssion+Seg-SADG,BN-Sensitivity,BN-Sensitivity,Seg-SADG,BN-Sensitivity,bn_sensitivity,shallow,0.1,0.1,1.0,0.05,0.1,0.001,0.0001,0.001,0.05,0.5,0.05,rho0p05,new_training,4,1,126,0.03151715422670046,0.03151715422670046,0.03140945918858051,0.0021539034981591008,0.02584073320031166,0.09040486005445321,0.05000000000000001,0.0,0.0,2.344525800353677e-09,0.0,0.0,2.3445259134721036e-12,12,72|31|126|53,47,all_filtered,9,True,D:\Running_Place\PostGraduateProjects\Experiments\PostGraduate\backbones\PertubatedBNStatistics\BN-Sensitivity\shot4\Seed1
PertubatedBNStatistics,Disperssion+Seg-SADG,BN-Sensitivity,BN-Sensitivity,Seg-SADG,BN-Sensitivity,bn_sensitivity,shallow,0.1,0.1,1.0,0.05,0.1,0.001,0.0001,0.001,0.05,0.5,0.05,rho0p05,new_training,4,1,127,0.032836979099859796,0.032836979099859796,0.032739521469920874,0.0019491583516355604,0.02654454732934634,0.09892872845133145,0.05000000000000001,0.0,0.0,4.352921634254159e-09,0.0,0.0,4.352921885789063e-12,12,72|31|126|53,47,all_filtered,9,True,D:\Running_Place\PostGraduateProjects\Experiments\PostGraduate\backbones\PertubatedBNStatistics\BN-Sensitivity\shot4\Seed1
PertubatedBNStatistics,Disperssion+Seg-SADG,BN-Sensitivity,BN-Sensitivity,Seg-SADG,BN-Sensitivity,bn_sensitivity,shallow,0.1,0.1,1.0,0.05,0.1,0.001,0.0001,0.001,0.05,0.5,0.05,rho0p05,new_training,4,1,128,0.033733542853345476,0.033733542853345476,0.033624290488660336,0.002185051863004143,0.02736313020189603,0.09874045290052891,0.05000000000000001,0.0,0.0,2.4379054515873597e-09,0.0,0.0,2.4379055812579395e-12,12,72|31|126|53,47,all_filtered,9,True,D:\Running_Place\PostGraduateProjects\Experiments\PostGraduate\backbones\PertubatedBNStatistics\BN-Sensitivity\shot4\Seed1
PertubatedBNStatistics,Disperssion+Seg-SADG,BN-Sensitivity,BN-Sensitivity,Seg-SADG,BN-Sensitivity,bn_sensitivity,shallow,0.1,0.1,1.0,0.05,0.1,0.001,0.0001,0.001,0.05,0.5,0.05,rho0p05,new_training,4,1,129,0.03563743488242229,0.03563743488242229,0.035514602748056255,0.0024566421537504843,0.02787571121007204,0.1172639907648166,0.05000000000000001,0.0,0.0,4.117158271717732e-09,0.0,0.0,4.117158491304812e-12,12,72|31|126|53,47,all_filtered,9,True,D:\Running_Place\PostGraduateProjects\Experiments\PostGraduate\backbones\PertubatedBNStatistics\BN-Sensitivity\shot4\Seed1
PertubatedBNStatistics,Disperssion+Seg-SADG,BN-Sensitivity,BN-Sensitivity,Seg-SADG,BN-Sensitivity,bn_sensitivity,shallow,0.1,0.1,1.0,0.05,0.1,0.001,0.0001,0.001,0.05,0.5,0.05,rho0p05,new_training,4,1,130,0.03320197310919563,0.03320197310919563,0.03309380356222391,0.0021633847791235894,0.026887764688581228,0.0990107034643491,0.05000000000000001,0.0,0.0,2.172524576904422e-09,0.0,0.0,2.172524656557142e-12,12,72|31|126|53,47,all_filtered,9,True,D:\Running_Place\PostGraduateProjects\Experiments\PostGraduate\backbones\PertubatedBNStatistics\BN-Sensitivity\shot4\Seed1
PertubatedBNStatistics,Disperssion+Seg-SADG,BN-Sensitivity,BN-Sensitivity,Seg-SADG,BN-Sensitivity,bn_sensitivity,shallow,0.1,0.1,1.0,0.05,0.1,0.001,0.0001,0.001,0.05,0.5,0.05,rho0p05,new_training,4,1,131,0.03131757086763779,0.03131757086763779,0.031211628889044125,0.0021188303944654763,0.02566836200033625,0.08798622526228428,0.05000000000000001,0.0,0.0,2.1126703164675575e-09,0.0,0.0,2.1126703992283232e-12,12,72|31|126|53,47,all_filtered,9,True,D:\Running_Place\PostGraduateProjects\Experiments\PostGraduate\backbones\PertubatedBNStatistics\BN-Sensitivity\shot4\Seed1
PertubatedBNStatistics,Disperssion+Seg-SADG,BN-Sensitivity,BN-Sensitivity,Seg-SADG,BN-Sensitivity,bn_sensitivity,shallow,0.1,0.1,1.0,0.05,0.1,0.001,0.0001,0.001,0.05,0.5,0.05,rho0p05,new_training,4,1,132,0.03206938706959287,0.03206938706959287,0.03194756433367729,0.0024364497318553426,0.025272496975958347,0.10410224553197622,0.05000000000000001,0.0,0.0,2.288990885723763e-09,0.0,0.0,2.288991000143232e-12,12,72|31|126|53,47,all_filtered,9,True,D:\Running_Place\PostGraduateProjects\Experiments\PostGraduate\backbones\PertubatedBNStatistics\BN-Sensitivity\shot4\Seed1
PertubatedBNStatistics,Disperssion+Seg-SADG,BN-Sensitivity,BN-Sensitivity,Seg-SADG,BN-Sensitivity,bn_sensitivity,shallow,0.1,0.1,1.0,0.05,0.1,0.001,0.0001,0.001,0.05,0.5,0.05,rho0p05,new_training,4,1,133,0.032894450860718884,0.032894450860718884,0.032788197975605726,0.002125066520723825,0.0254795642880102,0.10975665723284085,0.05000000000000001,0.0,0.0,3.2331593421049596e-09,0.0,0.0,3.233159454139184e-12,12,72|31|126|53,47,all_filtered,9,True,D:\Running_Place\PostGraduateProjects\Experiments\PostGraduate\backbones\PertubatedBNStatistics\BN-Sensitivity\shot4\Seed1
PertubatedBNStatistics,Disperssion+Seg-SADG,BN-Sensitivity,BN-Sensitivity,Seg-SADG,BN-Sensitivity,bn_sensitivity,shallow,0.1,0.1,1.0,0.05,0.1,0.001,0.0001,0.001,0.05,0.5,0.05,rho0p05,new_training,4,1,134,0.0324219965065519,0.0324219965065519,0.032316036677608885,0.0021191910782363266,0.025512288479755323,0.10689069454868634,0.05000000000000001,0.0,0.0,2.281549810190242e-09,0.0,0.0,2.281549912828048e-12,12,72|31|126|53,47,all_filtered,9,True,D:\Running_Place\PostGraduateProjects\Experiments\PostGraduate\backbones\PertubatedBNStatistics\BN-Sensitivity\shot4\Seed1
PertubatedBNStatistics,Disperssion+Seg-SADG,BN-Sensitivity,BN-Sensitivity,Seg-SADG,BN-Sensitivity,bn_sensitivity,shallow,0.1,0.1,1.0,0.05,0.1,0.001,0.0001,0.001,0.05,0.5,0.05,rho0p05,new_training,4,1,135,0.032777001770834126,0.032777001770834126,0.032672819681465626,0.0020836433201717832,0.02550200776507457,0.10878512325386207,0.05000000000000001,0.0,0.0,3.1638979861951335e-09,0.0,0.0,3.163898170870904e-12,12,72|31|126|53,47,all_filtered,9,True,D:\Running_Place\PostGraduateProjects\Experiments\PostGraduate\backbones\PertubatedBNStatistics\BN-Sensitivity\shot4\Seed1
PertubatedBNStatistics,Disperssion+Seg-SADG,BN-Sensitivity,BN-Sensitivity,Seg-SADG,BN-Sensitivity,bn_sensitivity,shallow,0.1,0.1,1.0,0.05,0.1,0.001,0.0001,0.001,0.05,0.5,0.05,rho0p05,new_training,4,1,136,0.03127525855476657,0.03127525855476657,0.031176752410829067,0.001970127826401343,0.02473308440918724,0.09996167694528897,0.05000000000000001,0.0,0.0,2.709676677481454e-09,0.0,0.0,2.7096768116334027e-12,12,72|31|126|53,47,all_filtered,9,True,D:\Running_Place\PostGraduateProjects\Experiments\PostGraduate\backbones\PertubatedBNStatistics\BN-Sensitivity\shot4\Seed1
PertubatedBNStatistics,Disperssion+Seg-SADG,BN-Sensitivity,BN-Sensitivity,Seg-SADG,BN-Sensitivity,bn_sensitivity,shallow,0.1,0.1,1.0,0.05,0.1,0.001,0.0001,0.001,0.05,0.5,0.05,rho0p05,new_training,4,1,137,0.03075786338498195,0.03075786338498195,0.030655856399486463,0.0020401472866069525,0.024274135939776897,0.09784944541752338,0.05000000000000001,0.0,0.0,2.719256098071554e-09,0.0,0.0,2.719256234753308e-12,12,72|31|126|53,47,all_filtered,9,True,D:\Running_Place\PostGraduateProjects\Experiments\PostGraduate\backbones\PertubatedBNStatistics\BN-Sensitivity\shot4\Seed1
PertubatedBNStatistics,Disperssion+Seg-SADG,BN-Sensitivity,BN-Sensitivity,Seg-SADG,BN-Sensitivity,bn_sensitivity,shallow,0.1,0.1,1.0,0.05,0.1,0.001,0.0001,0.001,0.05,0.5,0.05,rho0p05,new_training,4,1,138,0.03155851239959399,0.03155851239959399,0.0314552482838432,0.0020652774643773832,0.024586163150767486,0.10448652195433776,0.05000000000000001,0.0,0.0,4.016957655395004e-09,0.0,0.0,4.016957863706381e-12,12,72|31|126|53,47,all_filtered,9,True,D:\Running_Place\PostGraduateProjects\Experiments\PostGraduate\backbones\PertubatedBNStatistics\BN-Sensitivity\shot4\Seed1
PertubatedBNStatistics,Disperssion+Seg-SADG,BN-Sensitivity,BN-Sensitivity,Seg-SADG,BN-Sensitivity,bn_sensitivity,shallow,0.1,0.1,1.0,0.05,0.1,0.001,0.0001,0.001,0.05,0.5,0.05,rho0p05,new_training,4,1,139,0.030001425029089052,0.030001425029089052,0.02990186431755622,0.0019912159574838975,0.024026954701791208,0.09459061486025651,0.05000000000000001,0.0,0.0,2.2374600922026033e-09,0.0,0.0,2.2374601945151485e-12,12,72|31|126|53,47,all_filtered,9,True,D:\Running_Place\PostGraduateProjects\Experiments\PostGraduate\backbones\PertubatedBNStatistics\BN-Sensitivity\shot4\Seed1
PertubatedBNStatistics,Disperssion+Seg-SADG,BN-Sensitivity,BN-Sensitivity,Seg-SADG,BN-Sensitivity,bn_sensitivity,shallow,0.1,0.1,1.0,0.05,0.1,0.001,0.0001,0.001,0.05,0.5,0.05,rho0p05,new_training,4,1,140,0.029734615546961624,0.029734615546961624,0.029627380426973104,0.0021447066586309424,0.023520266792426508,0.09546229802072048,0.05000000000000001,0.0,0.0,2.413472949269746e-09,0.0,0.0,2.4134731033710146e-12,12,72|31|126|53,47,all_filtered,9,True,D:\Running_Place\PostGraduateProjects\Experiments\PostGraduate\backbones\PertubatedBNStatistics\BN-Sensitivity\shot4\Seed1
PertubatedBNStatistics,Disperssion+Seg-SADG,BN-Sensitivity,BN-Sensitivity,Seg-SADG,BN-Sensitivity,bn_sensitivity,shallow,0.1,0.1,1.0,0.05,0.1,0.001,0.0001,0.001,0.05,0.5,0.05,rho0p05,new_training,4,1,141,0.029272752193113167,0.029272752193113167,0.02918337828790148,0.0017874820429521303,0.023259845562279224,0.09225061473747094,0.05000000000000001,0.0,0.0,2.2614354925713323e-09,0.0,0.0,2.2614356089062254e-12,12,72|31|126|53,47,all_filtered,9,True,D:\Running_Place\PostGraduateProjects\Experiments\PostGraduate\backbones\PertubatedBNStatistics\BN-Sensitivity\shot4\Seed1
PertubatedBNStatistics,Disperssion+Seg-SADG,BN-Sensitivity,BN-Sensitivity,Seg-SADG,BN-Sensitivity,bn_sensitivity,shallow,0.1,0.1,1.0,0.05,0.1,0.001,0.0001,0.001,0.05,0.5,0.05,rho0p05,new_training,4,1,142,0.02829201426357031,0.02829201426357031,0.028198367916047573,0.0018729257960027705,0.02250846615061164,0.08747990988194942,0.05000000000000001,0.0,0.0,2.06140406596352e-09,0.0,0.0,2.0614041886229256e-12,12,72|31|126|53,47,all_filtered,9,True,D:\Running_Place\PostGraduateProjects\Experiments\PostGraduate\backbones\PertubatedBNStatistics\BN-Sensitivity\shot4\Seed1
PertubatedBNStatistics,Disperssion+Seg-SADG,BN-Sensitivity,BN-Sensitivity,Seg-SADG,BN-Sensitivity,bn_sensitivity,shallow,0.1,0.1,1.0,0.05,0.1,0.001,0.0001,0.001,0.05,0.5,0.05,rho0p05,new_training,4,1,143,0.028678584067771833,0.028678584067771833,0.028592501611759264,0.0017216469180614997,0.02249189093708992,0.09391754989822705,0.05000000000000001,0.0,0.0,2.855599488353159e-09,0.0,0.0,2.8555996272033174e-12,12,72|31|126|53,47,all_filtered,9,True,D:\Running_Place\PostGraduateProjects\Experiments\PostGraduate\backbones\PertubatedBNStatistics\BN-Sensitivity\shot4\Seed1
PertubatedBNStatistics,Disperssion+Seg-SADG,BN-Sensitivity,BN-Sensitivity,Seg-SADG,BN-Sensitivity,bn_sensitivity,shallow,0.1,0.1,1.0,0.05,0.1,0.001,0.0001,0.001,0.05,0.5,0.05,rho0p05,new_training,4,1,144,0.027847799627731245,0.027847799627731245,0.02774790379529198,0.001997918686053405,0.022088720618436735,0.08877479781707127,0.05000000000000001,0.0,0.0,2.1521448882270513e-09,0.0,0.0,2.1521449715660584e-12,12,72|31|126|53,47,all_filtered,9,True,D:\Running_Place\PostGraduateProjects\Experiments\PostGraduate\backbones\PertubatedBNStatistics\BN-Sensitivity\shot4\Seed1
PertubatedBNStatistics,Disperssion+Seg-SADG,BN-Sensitivity,BN-Sensitivity,Seg-SADG,BN-Sensitivity,bn_sensitivity,shallow,0.1,0.1,1.0,0.05,0.1,0.001,0.0001,0.001,0.05,0.5,0.05,rho0p05,new_training,4,1,145,0.028174621363480885,0.028174621363480885,0.028076741378754377,0.001957600276606778,0.022032367220769327,0.09651333962877591,0.05000000000000001,0.0,0.0,3.1668302471106933e-09,0.0,0.0,3.1668303730588454e-12,12,72|31|126|53,47,all_filtered,9,True,D:\Running_Place\PostGraduateProjects\Experiments\PostGraduate\backbones\PertubatedBNStatistics\BN-Sensitivity\shot4\Seed1
PertubatedBNStatistics,Disperssion+Seg-SADG,BN-Sensitivity,BN-Sensitivity,Seg-SADG,BN-Sensitivity,bn_sensitivity,shallow,0.1,0.1,1.0,0.05,0.1,0.001,0.0001,0.001,0.05,0.5,0.05,rho0p05,new_training,4,1,146,0.028380018658936024,0.028380018658936024,0.028292259977509577,0.0017551719211041927,0.021958256450792153,0.09737792735298474,0.05000000000000001,0.0,0.0,2.911908658642659e-09,0.0,0.0,2.9119087964086152e-12,12,72|31|126|53,47,all_filtered,9,True,D:\Running_Place\PostGraduateProjects\Experiments\PostGraduate\backbones\PertubatedBNStatistics\BN-Sensitivity\shot4\Seed1
PertubatedBNStatistics,Disperssion+Seg-SADG,BN-Sensitivity,BN-Sensitivity,Seg-SADG,BN-Sensitivity,bn_sensitivity,shallow,0.1,0.1,1.0,0.05,0.1,0.001,0.0001,0.001,0.05,0.5,0.05,rho0p05,new_training,4,1,147,0.028824389291306336,0.028824389291306336,0.028729525084296863,0.001897287603545313,0.02204898341248433,0.10265151721735795,0.05000000000000001,0.0,0.0,2.8134364884098892e-09,0.0,0.0,2.8134366626411784e-12,12,72|31|126|53,47,all_filtered,9,True,D:\Running_Place\PostGraduateProjects\Experiments\PostGraduate\backbones\PertubatedBNStatistics\BN-Sensitivity\shot4\Seed1
PertubatedBNStatistics,Disperssion+Seg-SADG,BN-Sensitivity,BN-Sensitivity,Seg-SADG,BN-Sensitivity,bn_sensitivity,shallow,0.1,0.1,1.0,0.05,0.1,0.001,0.0001,0.001,0.05,0.5,0.05,rho0p05,new_training,4,1,148,0.027277575805783272,0.027277575805783272,0.02719009993597865,0.0017495173960924149,0.021380195238937933,0.0917814498146375,0.05000000000000001,0.0,0.0,1.8036985331241577e-09,0.0,0.0,1.803698606669205e-12,12,72|31|126|53,47,all_filtered,9,True,D:\Running_Place\PostGraduateProjects\Experiments\PostGraduate\backbones\PertubatedBNStatistics\BN-Sensitivity\shot4\Seed1
PertubatedBNStatistics,Disperssion+Seg-SADG,BN-Sensitivity,BN-Sensitivity,Seg-SADG,BN-Sensitivity,bn_sensitivity,shallow,0.1,0.1,1.0,0.05,0.1,0.001,0.0001,0.001,0.05,0.5,0.05,rho0p05,new_training,4,1,149,0.026706489268690348,0.026706489268690348,0.026613449522604544,0.001860792253864929,0.02077822495872776,0.08919064452250798,0.05000000000000001,0.0,0.0,2.1247116658666223e-09,0.0,0.0,2.1247117653963817e-12,12,72|31|126|53,47,all_filtered,9,True,D:\Running_Place\PostGraduateProjects\Experiments\PostGraduate\backbones\PertubatedBNStatistics\BN-Sensitivity\shot4\Seed1
PertubatedBNStatistics,Disperssion+Seg-SADG,BN-Sensitivity,BN-Sensitivity,Seg-SADG,BN-Sensitivity,bn_sensitivity,shallow,0.1,0.1,1.0,0.05,0.1,0.001,0.0001,0.001,0.05,0.5,0.05,rho0p05,new_training,4,1,150,0.027150019227216642,0.027150019227216642,0.027055238373577595,0.0018956165004055947,0.020969568751752377,0.09272779027620952,0.05000000000000001,0.0,0.0,2.763477178572652e-09,0.0,0.0,2.7634773357819672e-12,12,72|31|126|53,47,all_filtered,9,True,D:\Running_Place\PostGraduateProjects\Experiments\PostGraduate\backbones\PertubatedBNStatistics\BN-Sensitivity\shot4\Seed1
PertubatedBNStatistics,Disperssion+Seg-SADG,BN-Sensitivity,BN-Sensitivity,Seg-SADG,BN-Sensitivity,bn_sensitivity,shallow,0.1,0.1,1.0,0.05,0.1,0.001,0.0001,0.001,0.05,0.5,0.05,rho0p05,new_training,4,1,151,0.026700271293520927,0.026700271293520927,0.026611742408325274,0.0017705845821183175,0.02065634789566199,0.09529819712042809,0.05000000000000001,0.0,0.0,2.2319521416254893e-09,0.0,0.0,2.2319522622610507e-12,12,72|31|126|53,47,all_filtered,9,True,D:\Running_Place\PostGraduateProjects\Experiments\PostGraduate\backbones\PertubatedBNStatistics\BN-Sensitivity\shot4\Seed1
PertubatedBNStatistics,Disperssion+Seg-SADG,BN-Sensitivity,BN-Sensitivity,Seg-SADG,BN-Sensitivity,bn_sensitivity,shallow,0.1,0.1,1.0,0.05,0.1,0.001,0.0001,0.001,0.05,0.5,0.05,rho0p05,new_training,4,1,152,0.02552006222928564,0.02552006222928564,0.02544522937387228,0.0014966534023794036,0.02008770452812314,0.08436980346838634,0.05000000000000001,0.0,0.0,1.9131923822968133e-09,0.0,0.0,1.9131924641540773e-12,12,72|31|126|53,47,all_filtered,9,True,D:\Running_Place\PostGraduateProjects\Experiments\PostGraduate\backbones\PertubatedBNStatistics\BN-Sensitivity\shot4\Seed1
PertubatedBNStatistics,Disperssion+Seg-SADG,BN-Sensitivity,BN-Sensitivity,Seg-SADG,BN-Sensitivity,bn_sensitivity,shallow,0.1,0.1,1.0,0.05,0.1,0.001,0.0001,0.001,0.05,0.5,0.05,rho0p05,new_training,4,1,153,0.02461870511372884,0.02461870511372884,0.024543028169622023,0.001513539037356774,0.01966517837718129,0.07801681819061439,0.05000000000000001,0.0,0.0,1.6092726919566165e-09,0.0,0.0,1.6092727736331802e-12,12,72|31|126|53,47,all_filtered,9,True,D:\Running_Place\PostGraduateProjects\Experiments\PostGraduate\backbones\PertubatedBNStatistics\BN-Sensitivity\shot4\Seed1
PertubatedBNStatistics,Disperssion+Seg-SADG,BN-Sensitivity,BN-Sensitivity,Seg-SADG,BN-Sensitivity,bn_sensitivity,shallow,0.1,0.1,1.0,0.05,0.1,0.001,0.0001,0.001,0.05,0.5,0.05,rho0p05,new_training,4,1,154,0.024915094176928203,0.024915094176928203,0.024832268866399925,0.001656503154663369,0.019227750754604738,0.08583482727408409,0.05000000000000001,0.0,0.0,2.0134235390045774e-09,0.0,0.0,2.013423643666227e-12,12,72|31|126|53,47,all_filtered,9,True,D:\Running_Place\PostGraduateProjects\Experiments\PostGraduate\backbones\PertubatedBNStatistics\BN-Sensitivity\shot4\Seed1
PertubatedBNStatistics,Disperssion+Seg-SADG,BN-Sensitivity,BN-Sensitivity,Seg-SADG,BN-Sensitivity,bn_sensitivity,shallow,0.1,0.1,1.0,0.05,0.1,0.001,0.0001,0.001,0.05,0.5,0.05,rho0p05,new_training,4,1,155,0.024143537351240713,0.024143537351240713,0.0240724488782386,0.001421769120497629,0.018927864419917267,0.08011697791516781,0.05000000000000001,0.0,0.0,1.9933422366428624e-09,0.0,0.0,1.9933423265955028e-12,12,72|31|126|53,47,all_filtered,9,True,D:\Running_Place\PostGraduateProjects\Experiments\PostGraduate\backbones\PertubatedBNStatistics\BN-Sensitivity\shot4\Seed1
PertubatedBNStatistics,Disperssion+Seg-SADG,BN-Sensitivity,BN-Sensitivity,Seg-SADG,BN-Sensitivity,bn_sensitivity,shallow,0.1,0.1,1.0,0.05,0.1,0.001,0.0001,0.001,0.05,0.5,0.05,rho0p05,new_training,4,1,156,0.023940815590322018,0.023940815590322018,0.0238668213908871,0.0014798863946149747,0.01869679583857457,0.08069353457540274,0.05000000000000001,0.0,0.0,1.7216421344112831e-09,0.0,0.0,1.721642201812518e-12,12,72|31|126|53,47,all_filtered,9,True,D:\Running_Place\PostGraduateProjects\Experiments\PostGraduate\backbones\PertubatedBNStatistics\BN-Sensitivity\shot4\Seed1
PertubatedBNStatistics,Disperssion+Seg-SADG,BN-Sensitivity,BN-Sensitivity,Seg-SADG,BN-Sensitivity,bn_sensitivity,shallow,0.1,0.1,1.0,0.05,0.1,0.001,0.0001,0.001,0.05,0.5,0.05,rho0p05,new_training,4,1,157,0.02360862602169315,0.02360862602169315,0.023536008937905233,0.0014523357579795022,0.018328167808552582,0.07932255479196708,0.05000000000000001,0.0,0.0,2.319226986384019e-09,0.0,0.0,2.3192270902867274e-12,12,72|31|126|53,47,all_filtered,9,True,D:\Running_Place\PostGraduateProjects\Experiments\PostGraduate\backbones\PertubatedBNStatistics\BN-Sensitivity\shot4\Seed1
PertubatedBNStatistics,Disperssion+Seg-SADG,BN-Sensitivity,BN-Sensitivity,Seg-SADG,BN-Sensitivity,bn_sensitivity,shallow,0.1,0.1,1.0,0.05,0.1,0.001,0.0001,0.001,0.05,0.5,0.05,rho0p05,new_training,4,1,158,0.02420461007083456,0.02420461007083456,0.02413696050643921,0.001352995333339398,0.018454862913737696,0.0881446897983551,0.05000000000000001,0.0,0.0,2.9866906725573017e-09,0.0,0.0,2.986690855209228e-12,12,72|31|126|53,47,all_filtered,9,True,D:\Running_Place\PostGraduateProjects\Experiments\PostGraduate\backbones\PertubatedBNStatistics\BN-Sensitivity\shot4\Seed1
PertubatedBNStatistics,Disperssion+Seg-SADG,BN-Sensitivity,BN-Sensitivity,Seg-SADG,BN-Sensitivity,bn_sensitivity,shallow,0.1,0.1,1.0,0.05,0.1,0.001,0.0001,0.001,0.05,0.5,0.05,rho0p05,new_training,4,1,159,0.02423747628927231,0.02423747628927231,0.02416514124100407,0.0014467010526762654,0.01849008599917094,0.08677187872429688,0.05000000000000001,0.0,0.0,2.601747761676876e-09,0.0,0.0,2.601747882529278e-12,12,72|31|126|53,47,all_filtered,9,True,D:\Running_Place\PostGraduateProjects\Experiments\PostGraduate\backbones\PertubatedBNStatistics\BN-Sensitivity\shot4\Seed1
PertubatedBNStatistics,Disperssion+Seg-SADG,BN-Sensitivity,BN-Sensitivity,Seg-SADG,BN-Sensitivity,bn_sensitivity,shallow,0.1,0.1,1.0,0.05,0.1,0.001,0.0001,0.001,0.05,0.5,0.05,rho0p05,new_training,4,1,160,0.02477824144686262,0.02477824144686262,0.024709825093547504,0.0013683252230597038,0.01886540340880553,0.09307867164413135,0.05000000000000001,0.0,0.0,3.1386267196342743e-09,0.0,0.0,3.1386268909382176e-12,12,72|31|126|53,47,all_filtered,9,True,D:\Running_Place\PostGraduateProjects\Experiments\PostGraduate\backbones\PertubatedBNStatistics\BN-Sensitivity\shot4\Seed1
PertubatedBNStatistics,Disperssion+Seg-SADG,BN-Sensitivity,BN-Sensitivity,Seg-SADG,BN-Sensitivity,bn_sensitivity,shallow,0.1,0.1,1.0,0.05,0.1,0.001,0.0001,0.001,0.05,0.5,0.05,rho0p05,new_training,4,1,161,0.024176957551389933,0.024176957551389933,0.024105409005035956,0.0014309698938935373,0.018483121258517105,0.08660316218932469,0.05000000000000001,0.0,0.0,2.00959504592646e-09,0.0,0.0,2.0095951360598005e-12,12,72|31|126|53,47,all_filtered,9,True,D:\Running_Place\PostGraduateProjects\Experiments\PostGraduate\backbones\PertubatedBNStatistics\BN-Sensitivity\shot4\Seed1
PertubatedBNStatistics,Disperssion+Seg-SADG,BN-Sensitivity,BN-Sensitivity,Seg-SADG,BN-Sensitivity,bn_sensitivity,shallow,0.1,0.1,1.0,0.05,0.1,0.001,0.0001,0.001,0.05,0.5,0.05,rho0p05,new_training,4,1,162,0.023730897965530556,0.023730897965530556,0.023657835864772398,0.0014612477583189805,0.0180247377914687,0.08832724454502265,0.05000000000000001,0.0,0.0,2.2652660441879746e-09,0.0,0.0,2.2652661493917253e-12,12,72|31|126|53,47,all_filtered,9,True,D:\Running_Place\PostGraduateProjects\Experiments\PostGraduate\backbones\PertubatedBNStatistics\BN-Sensitivity\shot4\Seed1
PertubatedBNStatistics,Disperssion+Seg-SADG,BN-Sensitivity,BN-Sensitivity,Seg-SADG,BN-Sensitivity,bn_sensitivity,shallow,0.1,0.1,1.0,0.05,0.1,0.001,0.0001,0.001,0.05,0.5,0.05,rho0p05,new_training,4,1,163,0.0238981608611842,0.0238981608611842,0.02382844251890977,0.0013943608792033046,0.018024169296647113,0.08687046791116397,0.05000000000000001,0.0,0.0,2.6699933791674013e-09,0.0,0.0,2.669993532636219e-12,12,72|31|126|53,47,all_filtered,9,True,D:\Running_Place\PostGraduateProjects\Experiments\PostGraduate\backbones\PertubatedBNStatistics\BN-Sensitivity\shot4\Seed1
PertubatedBNStatistics,Disperssion+Seg-SADG,BN-Sensitivity,BN-Sensitivity,Seg-SADG,BN-Sensitivity,bn_sensitivity,shallow,0.1,0.1,1.0,0.05,0.1,0.001,0.0001,0.001,0.05,0.5,0.05,rho0p05,new_training,4,1,164,0.02353494909281532,0.02353494909281532,0.02346509275957942,0.0013971304288133979,0.018085000415643055,0.08778289953867595,0.05000000000000001,0.0,0.0,1.9343358581558334e-09,0.0,0.0,1.934335915365568e-12,12,72|31|126|53,47,all_filtered,9,True,D:\Running_Place\PostGraduateProjects\Experiments\PostGraduate\backbones\PertubatedBNStatistics\BN-Sensitivity\shot4\Seed1
PertubatedBNStatistics,Disperssion+Seg-SADG,BN-Sensitivity,BN-Sensitivity,Seg-SADG,BN-Sensitivity,bn_sensitivity,shallow,0.1,0.1,1.0,0.05,0.1,0.001,0.0001,0.001,0.05,0.5,0.05,rho0p05,new_training,4,1,165,0.02420942485332489,0.02420942485332489,0.024141437529275816,0.0013597495708381757,0.01813574352612098,0.09512215728561084,0.05000000000000001,0.0,0.0,2.3425325475686285e-09,0.0,0.0,2.3425326258480253e-12,12,72|31|126|53,47,all_filtered,9,True,D:\Running_Place\PostGraduateProjects\Experiments\PostGraduate\backbones\PertubatedBNStatistics\BN-Sensitivity\shot4\Seed1
PertubatedBNStatistics,Disperssion+Seg-SADG,BN-Sensitivity,BN-Sensitivity,Seg-SADG,BN-Sensitivity,bn_sensitivity,shallow,0.1,0.1,1.0,0.05,0.1,0.001,0.0001,0.001,0.05,0.5,0.05,rho0p05,new_training,4,1,166,0.02417196100577712,0.02417196100577712,0.0240975486425062,0.00148824330244679,0.018060210160911083,0.09482281655073166,0.05000000000000001,0.0,0.0,2.430253933279521e-09,0.0,0.0,2.4302540548185847e-12,12,72|31|126|53,47,all_filtered,9,True,D:\Running_Place\PostGraduateProjects\Experiments\PostGraduate\backbones\PertubatedBNStatistics\BN-Sensitivity\shot4\Seed1
PertubatedBNStatistics,Disperssion+Seg-SADG,BN-Sensitivity,BN-Sensitivity,Seg-SADG,BN-Sensitivity,bn_sensitivity,shallow,0.1,0.1,1.0,0.05,0.1,0.001,0.0001,0.001,0.05,0.5,0.05,rho0p05,new_training,4,1,167,0.022687350244571764,0.022687350244571764,0.022618155771245558,0.0013838890348173056,0.017328774090856314,0.08268179868658383,0.05000000000000001,0.0,0.0,1.9479359190481085e-09,0.0,0.0,1.9479360164094636e-12,12,72|31|126|53,47,all_filtered,9,True,D:\Running_Place\PostGraduateProjects\Experiments\PostGraduate\backbones\PertubatedBNStatistics\BN-Sensitivity\shot4\Seed1
PertubatedBNStatistics,Disperssion+Seg-SADG,BN-Sensitivity,BN-Sensitivity,Seg-SADG,BN-Sensitivity,bn_sensitivity,shallow,0.1,0.1,1.0,0.05,0.1,0.001,0.0001,0.001,0.05,0.5,0.05,rho0p05,new_training,4,1,168,0.023774598414699238,0.023774598414699238,0.023704520271470148,0.0014015600318089128,0.01775392113874356,0.09082411912580331,0.05000000000000001,0.0,0.0,2.307485619246208e-09,0.0,0.0,2.3074857454473408e-12,12,72|31|126|53,47,all_filtered,9,True,D:\Running_Place\PostGraduateProjects\Experiments\PostGraduate\backbones\PertubatedBNStatistics\BN-Sensitivity\shot4\Seed1
PertubatedBNStatistics,Disperssion+Seg-SADG,BN-Sensitivity,BN-Sensitivity,Seg-SADG,BN-Sensitivity,bn_sensitivity,shallow,0.1,0.1,1.0,0.05,0.1,0.001,0.0001,0.001,0.05,0.5,0.05,rho0p05,new_training,4,1,169,0.02301205260058244,0.02301205260058244,0.022946727462112904,0.001306507081608288,0.01751199411228299,0.08613490499556065,0.05000000000000001,0.0,0.0,2.4922390725231245e-09,0.0,0.0,2.492239180509661e-12,12,72|31|126|53,47,all_filtered,9,True,D:\Running_Place\PostGraduateProjects\Experiments\PostGraduate\backbones\PertubatedBNStatistics\BN-Sensitivity\shot4\Seed1
PertubatedBNStatistics,Disperssion+Seg-SADG,BN-Sensitivity,BN-Sensitivity,Seg-SADG,BN-Sensitivity,bn_sensitivity,shallow,0.1,0.1,1.0,0.05,0.1,0.001,0.0001,0.001,0.05,0.5,0.05,rho0p05,new_training,4,1,170,0.023319418386866648,0.023319418386866648,0.023251483372102182,0.0013587028273226072,0.017531120994438727,0.09054500795900822,0.05000000000000001,0.0,0.0,2.2002123549006805e-09,0.0,0.0,2.2002124830895176e-12,12,72|31|126|53,47,all_filtered,9,True,D:\Running_Place\PostGraduateProjects\Experiments\PostGraduate\backbones\PertubatedBNStatistics\BN-Sensitivity\shot4\Seed1
PertubatedBNStatistics,Disperssion+Seg-SADG,BN-Sensitivity,BN-Sensitivity,Seg-SADG,BN-Sensitivity,bn_sensitivity,shallow,0.1,0.1,1.0,0.05,0.1,0.001,0.0001,0.001,0.05,0.5,0.05,rho0p05,new_training,4,1,171,0.021750786962608498,0.021750786962608498,0.02168793821086486,0.0012569780762229736,0.016932983572284382,0.08005517752220233,0.05000000000000001,0.0,0.0,1.7626140732159474e-09,0.0,0.0,1.762614170288182e-12,12,72|31|126|53,47,all_filtered,9,True,D:\Running_Place\PostGraduateProjects\Experiments\PostGraduate\backbones\PertubatedBNStatistics\BN-Sensitivity\shot4\Seed1
PertubatedBNStatistics,Disperssion+Seg-SADG,BN-Sensitivity,BN-Sensitivity,Seg-SADG,BN-Sensitivity,bn_sensitivity,shallow,0.1,0.1,1.0,0.05,0.1,0.001,0.0001,0.001,0.05,0.5,0.05,rho0p05,new_training,4,1,172,0.021875524582962196,0.021875524582962196,0.0218091254743437,0.0013279836275614798,0.016580781278510887,0.0812937015046676,0.05000000000000001,0.0,0.0,1.9133387189433173e-09,0.0,0.0,1.9133388043423086e-12,12,72|31|126|53,47,all_filtered,9,True,D:\Running_Place\PostGraduateProjects\Experiments\PostGraduate\backbones\PertubatedBNStatistics\BN-Sensitivity\shot4\Seed1
PertubatedBNStatistics,Disperssion+Seg-SADG,BN-Sensitivity,BN-Sensitivity,Seg-SADG,BN-Sensitivity,bn_sensitivity,shallow,0.1,0.1,1.0,0.05,0.1,0.001,0.0001,0.001,0.05,0.5,0.05,rho0p05,new_training,4,1,173,0.020547627316166956,0.020547627316166956,0.020484745502471924,0.001257635895550872,0.015996017726138234,0.0733556691557169,0.05000000000000001,0.0,0.0,1.4945215389324436e-09,0.0,0.0,1.4945216333664528e-12,12,72|31|126|53,47,all_filtered,9,True,D:\Running_Place\PostGraduateProjects\Experiments\PostGraduate\backbones\PertubatedBNStatistics\BN-Sensitivity\shot4\Seed1
PertubatedBNStatistics,Disperssion+Seg-SADG,BN-Sensitivity,BN-Sensitivity,Seg-SADG,BN-Sensitivity,bn_sensitivity,shallow,0.1,0.1,1.0,0.05,0.1,0.001,0.0001,0.001,0.05,0.5,0.05,rho0p05,new_training,4,1,174,0.021680924265335005,0.021680924265335005,0.021622937483092148,0.0011597383660652365,0.01625473510163526,0.08404548838734627,0.05000000000000001,0.0,0.0,2.135775380625778e-09,0.0,0.0,2.1357754793604558e-12,12,72|31|126|53,47,all_filtered,9,True,D:\Running_Place\PostGraduateProjects\Experiments\PostGraduate\backbones\PertubatedBNStatistics\BN-Sensitivity\shot4\Seed1
PertubatedBNStatistics,Disperssion+Seg-SADG,BN-Sensitivity,BN-Sensitivity,Seg-SADG,BN-Sensitivity,bn_sensitivity,shallow,0.1,0.1,1.0,0.05,0.1,0.001,0.0001,0.001,0.05,0.5,0.05,rho0p05,new_training,4,1,175,0.021976330938438576,0.021976330938438576,0.021915588683138292,0.0012148486566729844,0.016232048937429983,0.08959843342502911,0.05000000000000001,0.0,0.0,2.6737690580110516e-09,0.0,0.0,2.673769174092964e-12,12,72|31|126|53,47,all_filtered,9,True,D:\Running_Place\PostGraduateProjects\Experiments\PostGraduate\backbones\PertubatedBNStatistics\BN-Sensitivity\shot4\Seed1
PertubatedBNStatistics,Disperssion+Seg-SADG,BN-Sensitivity,BN-Sensitivity,Seg-SADG,BN-Sensitivity,bn_sensitivity,shallow,0.1,0.1,1.0,0.05,0.1,0.001,0.0001,0.001,0.05,0.5,0.05,rho0p05,new_training,4,1,176,0.022370042589803536,0.022370042589803536,0.022305862978100777,0.0012835874901308368,0.01652578318802019,0.09140206190447013,0.05000000000000001,0.0,0.0,2.5558871963315966e-09,0.0,0.0,2.555887323255531e-12,12,72|31|126|53,47,all_filtered,9,True,D:\Running_Place\PostGraduateProjects\Experiments\PostGraduate\backbones\PertubatedBNStatistics\BN-Sensitivity\shot4\Seed1
PertubatedBNStatistics,Disperssion+Seg-SADG,BN-Sensitivity,BN-Sensitivity,Seg-SADG,BN-Sensitivity,bn_sensitivity,shallow,0.1,0.1,1.0,0.05,0.1,0.001,0.0001,0.001,0.05,0.5,0.05,rho0p05,new_training,4,1,177,0.022137307561933994,0.022137307561933994,0.022074596645931404,0.001254218320051829,0.016586367040872574,0.08642289228737354,0.05000000000000001,0.0,0.0,2.2055187491136032e-09,0.0,0.0,2.2055188350546956e-12,12,72|31|126|53,47,all_filtered,9,True,D:\Running_Place\PostGraduateProjects\Experiments\PostGraduate\backbones\PertubatedBNStatistics\BN-Sensitivity\shot4\Seed1
PertubatedBNStatistics,Disperssion+Seg-SADG,BN-Sensitivity,BN-Sensitivity,Seg-SADG,BN-Sensitivity,bn_sensitivity,shallow,0.1,0.1,1.0,0.05,0.1,0.001,0.0001,0.001,0.05,0.5,0.05,rho0p05,new_training,4,1,178,0.021719403564929962,0.021719403564929962,0.021661373941848677,0.00116058799418776,0.016428762891640265,0.08552068658173084,0.05000000000000001,0.0,0.0,2.6184475513761165e-09,0.0,0.0,2.618447676926728e-12,12,72|31|126|53,47,all_filtered,9,True,D:\Running_Place\PostGraduateProjects\Experiments\PostGraduate\backbones\PertubatedBNStatistics\BN-Sensitivity\shot4\Seed1
PertubatedBNStatistics,Disperssion+Seg-SADG,BN-Sensitivity,BN-Sensitivity,Seg-SADG,BN-Sensitivity,bn_sensitivity,shallow,0.1,0.1,1.0,0.05,0.1,0.001,0.0001,0.001,0.05,0.5,0.05,rho0p05,new_training,4,1,179,0.02079896070063114,0.02079896070063114,0.020743902307003736,0.0011011648214965437,0.015739498504747946,0.07996297193070252,0.05000000000000001,0.0,0.0,1.8556971838797527e-09,0.0,0.0,1.8556972726397705e-12,12,72|31|126|53,47,all_filtered,9,True,D:\Running_Place\PostGraduateProjects\Experiments\PostGraduate\backbones\PertubatedBNStatistics\BN-Sensitivity\shot4\Seed1
PertubatedBNStatistics,Disperssion+Seg-SADG,BN-Sensitivity,BN-Sensitivity,Seg-SADG,BN-Sensitivity,bn_sensitivity,shallow,0.1,0.1,1.0,0.05,0.1,0.001,0.0001,0.001,0.05,0.5,0.05,rho0p05,new_training,4,1,180,0.021078201786925394,0.021078201786925394,0.021022182734062273,0.0011203806304062407,0.015454345227529606,0.08159814588725567,0.05000000000000001,0.0,0.0,2.105966623311417e-09,0.0,0.0,2.105966741055773e-12,12,72|31|126|53,47,all_filtered,9,True,D:\Running_Place\PostGraduateProjects\Experiments\PostGraduate\backbones\PertubatedBNStatistics\BN-Sensitivity\shot4\Seed1
PertubatedBNStatistics,Disperssion+Seg-SADG,BN-Sensitivity,BN-Sensitivity,Seg-SADG,BN-Sensitivity,bn_sensitivity,shallow,0.1,0.1,1.0,0.05,0.1,0.001,0.0001,0.001,0.05,0.5,0.05,rho0p05,new_training,4,1,181,0.023090556574364502,0.023090556574364502,0.023026092443615198,0.001289283458997185,0.0166407679207623,0.10716820570329826,0.05000000000000001,0.0,0.0,2.4118517044646737e-09,0.0,0.0,2.411851796477298e-12,12,72|31|126|53,47,all_filtered,9,True,D:\Running_Place\PostGraduateProjects\Experiments\PostGraduate\backbones\PertubatedBNStatistics\BN-Sensitivity\shot4\Seed1
PertubatedBNStatistics,Disperssion+Seg-SADG,BN-Sensitivity,BN-Sensitivity,Seg-SADG,BN-Sensitivity,bn_sensitivity,shallow,0.1,0.1,1.0,0.05,0.1,0.001,0.0001,0.001,0.05,0.5,0.05,rho0p05,new_training,4,1,182,0.021647269061456125,0.021647269061456125,0.021581936317185562,0.00130664931202773,0.01606026547960937,0.08740272559225559,0.05000000000000001,0.0,0.0,2.3031123489817653e-09,0.0,0.0,2.303112471424331e-12,12,72|31|126|53,47,all_filtered,9,True,D:\Running_Place\PostGraduateProjects\Experiments\PostGraduate\backbones\PertubatedBNStatistics\BN-Sensitivity\shot4\Seed1
PertubatedBNStatistics,Disperssion+Seg-SADG,BN-Sensitivity,BN-Sensitivity,Seg-SADG,BN-Sensitivity,bn_sensitivity,shallow,0.1,0.1,1.0,0.05,0.1,0.001,0.0001,0.001,0.05,0.5,0.05,rho0p05,new_training,4,1,183,0.02093941594163577,0.02093941594163577,0.020879254676401615,0.00120322152118509,0.015575645957142115,0.08598664806534846,0.05000000000000001,0.0,0.0,1.898638306759478e-09,0.0,0.0,1.898638405241175e-12,12,72|31|126|53,47,all_filtered,9,True,D:\Running_Place\PostGraduateProjects\Experiments\PostGraduate\backbones\PertubatedBNStatistics\BN-Sensitivity\shot4\Seed1
PertubatedBNStatistics,Disperssion+Seg-SADG,BN-Sensitivity,BN-Sensitivity,Seg-SADG,BN-Sensitivity,bn_sensitivity,shallow,0.1,0.1,1.0,0.05,0.1,0.001,0.0001,0.001,0.05,0.5,0.05,rho0p05,new_training,4,1,184,0.02067731662342946,0.02067731662342946,0.020618753818174202,0.001171255508476558,0.015125519363209605,0.08560564741492271,0.05000000000000001,0.0,0.0,1.858250289754615e-09,0.0,0.0,1.858250388055612e-12,12,72|31|126|53,47,all_filtered,9,True,D:\Running_Place\PostGraduateProjects\Experiments\PostGraduate\backbones\PertubatedBNStatistics\BN-Sensitivity\shot4\Seed1
PertubatedBNStatistics,Disperssion+Seg-SADG,BN-Sensitivity,BN-Sensitivity,Seg-SADG,BN-Sensitivity,bn_sensitivity,shallow,0.1,0.1,1.0,0.05,0.1,0.001,0.0001,0.001,0.05,0.5,0.05,rho0p05,new_training,4,1,185,0.021438618811468284,0.021438618811468284,0.02137851466735204,0.0012020820965214323,0.01526161616978546,0.0939822265257438,0.05000000000000001,0.0,0.0,3.010797241150461e-09,0.0,0.0,3.0107973315729223e-12,12,72|31|126|53,47,all_filtered,9,True,D:\Running_Place\PostGraduateProjects\Experiments\PostGraduate\backbones\PertubatedBNStatistics\BN-Sensitivity\shot4\Seed1
PertubatedBNStatistics,Disperssion+Seg-SADG,BN-Sensitivity,BN-Sensitivity,Seg-SADG,BN-Sensitivity,bn_sensitivity,shallow,0.1,0.1,1.0,0.05,0.1,0.001,0.0001,0.001,0.05,0.5,0.05,rho0p05,new_training,4,1,186,0.02141085561985771,0.02141085561985771,0.021354931717117626,0.0011184761921564739,0.0155604121585687,0.08932943797359864,0.05000000000000001,0.0,0.0,2.8702358499203364e-09,0.0,0.0,2.8702359815786205e-12,12,72|31|126|53,47,all_filtered,9,True,D:\Running_Place\PostGraduateProjects\Experiments\PostGraduate\backbones\PertubatedBNStatistics\BN-Sensitivity\shot4\Seed1
PertubatedBNStatistics,Disperssion+Seg-SADG,BN-Sensitivity,BN-Sensitivity,Seg-SADG,BN-Sensitivity,bn_sensitivity,shallow,0.1,0.1,1.0,0.05,0.1,0.001,0.0001,0.001,0.05,0.5,0.05,rho0p05,new_training,4,1,187,0.020523210366566975,0.020523210366566975,0.02046015051503976,0.0012611994025064632,0.01501742952192823,0.08397834810117881,0.05000000000000001,0.0,0.0,2.299171556844707e-09,0.0,0.0,2.2991716675778893e-12,12,72|31|126|53,47,all_filtered,9,True,D:\Running_Place\PostGraduateProjects\Experiments\PostGraduate\backbones\PertubatedBNStatistics\BN-Sensitivity\shot4\Seed1
PertubatedBNStatistics,Disperssion+Seg-SADG,BN-Sensitivity,BN-Sensitivity,Seg-SADG,BN-Sensitivity,bn_sensitivity,shallow,0.1,0.1,1.0,0.05,0.1,0.001,0.0001,0.001,0.05,0.5,0.05,rho0p05,new_training,4,1,188,0.02022727035606901,0.02022727035606901,0.02017495594918728,0.0010462827776791528,0.015072777324045697,0.083156560237209,0.05000000000000001,0.0,0.0,1.8722089896912783e-09,0.0,0.0,1.8722090844505482e-12,12,72|31|126|53,47,all_filtered,9,True,D:\Running_Place\PostGraduateProjects\Experiments\PostGraduate\backbones\PertubatedBNStatistics\BN-Sensitivity\shot4\Seed1
PertubatedBNStatistics,Disperssion+Seg-SADG,BN-Sensitivity,BN-Sensitivity,Seg-SADG,BN-Sensitivity,bn_sensitivity,shallow,0.1,0.1,1.0,0.05,0.1,0.001,0.0001,0.001,0.05,0.5,0.05,rho0p05,new_training,4,1,189,0.0201724786311388,0.0201724786311388,0.020117452833801508,0.0011005163250956684,0.014791807004561027,0.08218050251404445,0.05000000000000001,0.0,0.0,2.2652891507046746e-09,0.0,0.0,2.2652892474155084e-12,12,72|31|126|53,47,all_filtered,9,True,D:\Running_Place\PostGraduateProjects\Experiments\PostGraduate\backbones\PertubatedBNStatistics\BN-Sensitivity\shot4\Seed1
PertubatedBNStatistics,Disperssion+Seg-SADG,BN-Sensitivity,BN-Sensitivity,Seg-SADG,BN-Sensitivity,bn_sensitivity,shallow,0.1,0.1,1.0,0.05,0.1,0.001,0.0001,0.001,0.05,0.5,0.05,rho0p05,new_training,4,1,190,0.019849868568902213,0.019849868568902213,0.019790365515897673,0.0011900659107292693,0.014613009445990125,0.08378609331945579,0.05000000000000001,0.0,0.0,2.198976112310902e-09,0.0,0.0,2.1989761989747955e-12,12,72|31|126|53,47,all_filtered,9,True,D:\Running_Place\PostGraduateProjects\Experiments\PostGraduate\backbones\PertubatedBNStatistics\BN-Sensitivity\shot4\Seed1
PertubatedBNStatistics,Disperssion+Seg-SADG,BN-Sensitivity,BN-Sensitivity,Seg-SADG,BN-Sensitivity,bn_sensitivity,shallow,0.1,0.1,1.0,0.05,0.1,0.001,0.0001,0.001,0.05,0.5,0.05,rho0p05,new_training,4,1,191,0.018725444717953604,0.018725444717953604,0.018673655421783526,0.0010357871506130323,0.014099597620467344,0.0733202767247955,0.05000000000000001,0.0,0.0,2.191852491173485e-09,0.0,0.0,2.1918525796082422e-12,12,72|31|126|53,47,all_filtered,9,True,D:\Running_Place\PostGraduateProjects\Experiments\PostGraduate\backbones\PertubatedBNStatistics\BN-Sensitivity\shot4\Seed1
PertubatedBNStatistics,Disperssion+Seg-SADG,BN-Sensitivity,BN-Sensitivity,Seg-SADG,BN-Sensitivity,bn_sensitivity,shallow,0.1,0.1,1.0,0.05,0.1,0.001,0.0001,0.001,0.05,0.5,0.05,rho0p05,new_training,4,1,192,0.019193717433760565,0.019193717433760565,0.019144624316444,0.0009818597657916446,0.014146672406544289,0.07867000500361125,0.05000000000000001,0.0,0.0,2.343469353756807e-09,0.0,0.0,2.3434694488051974e-12,12,72|31|126|53,47,all_filtered,9,True,D:\Running_Place\PostGraduateProjects\Experiments\PostGraduate\backbones\PertubatedBNStatistics\BN-Sensitivity\shot4\Seed1
PertubatedBNStatistics,Disperssion+Seg-SADG,BN-Sensitivity,BN-Sensitivity,Seg-SADG,BN-Sensitivity,bn_sensitivity,shallow,0.1,0.1,1.0,0.05,0.1,0.001,0.0001,0.001,0.05,0.5,0.05,rho0p05,new_training,4,1,193,0.018769015713284414,0.018769015713284414,0.018713112299640972,0.0011180676277338837,0.013885839221378168,0.07616505833963554,0.05000000000000001,0.0,0.0,1.875329336264997e-09,0.0,0.0,1.8753294273379795e-12,12,72|31|126|53,47,all_filtered,9,True,D:\Running_Place\PostGraduateProjects\Experiments\PostGraduate\backbones\PertubatedBNStatistics\BN-Sensitivity\shot4\Seed1
PertubatedBNStatistics,Disperssion+Seg-SADG,BN-Sensitivity,BN-Sensitivity,Seg-SADG,BN-Sensitivity,bn_sensitivity,shallow,0.1,0.1,1.0,0.05,0.1,0.001,0.0001,0.001,0.05,0.5,0.05,rho0p05,new_training,4,1,194,0.01921710216750701,0.01921710216750701,0.01916443572069208,0.001053330876554052,0.013822719066714248,0.08573573920875788,0.05000000000000001,0.0,0.0,1.9064613869061256e-09,0.0,0.0,1.9064614705342534e-12,12,72|31|126|53,47,all_filtered,9,True,D:\Running_Place\PostGraduateProjects\Experiments\PostGraduate\backbones\PertubatedBNStatistics\BN-Sensitivity\shot4\Seed1
PertubatedBNStatistics,Disperssion+Seg-SADG,BN-Sensitivity,BN-Sensitivity,Seg-SADG,BN-Sensitivity,bn_sensitivity,shallow,0.1,0.1,1.0,0.05,0.1,0.001,0.0001,0.001,0.05,0.5,0.05,rho0p05,new_training,4,1,195,0.018924984770516556,0.018924984770516556,0.018877585728963215,0.0009479816993310427,0.013820873651032647,0.08111112813154857,0.05000000000000001,0.0,0.0,2.059967159813899e-09,0.0,0.0,2.0599672593436583e-12,12,72|31|126|53,47,all_filtered,9,True,D:\Running_Place\PostGraduateProjects\Experiments\PostGraduate\backbones\PertubatedBNStatistics\BN-Sensitivity\shot4\Seed1
PertubatedBNStatistics,Disperssion+Seg-SADG,BN-Sensitivity,BN-Sensitivity,Seg-SADG,BN-Sensitivity,bn_sensitivity,shallow,0.1,0.1,1.0,0.05,0.1,0.001,0.0001,0.001,0.05,0.5,0.05,rho0p05,new_training,4,1,196,0.018519675203909475,0.018519675203909475,0.018468718975782394,0.001019126507647646,0.013578073664878806,0.07839909009635448,0.05000000000000001,0.0,0.0,1.7630166077031717e-09,0.0,0.0,1.7630167164847897e-12,12,72|31|126|53,47,all_filtered,9,True,D:\Running_Place\PostGraduateProjects\Experiments\PostGraduate\backbones\PertubatedBNStatistics\BN-Sensitivity\shot4\Seed1
PertubatedBNStatistics,Disperssion+Seg-SADG,BN-Sensitivity,BN-Sensitivity,Seg-SADG,BN-Sensitivity,bn_sensitivity,shallow,0.1,0.1,1.0,0.05,0.1,0.001,0.0001,0.001,0.05,0.5,0.05,rho0p05,new_training,4,1,197,0.017575224473451573,0.017575224473451573,0.017528005798036855,0.0009443686091496298,0.013242076228683194,0.06955887501438458,0.05000000000000001,0.0,0.0,1.8811747067489413e-09,0.0,0.0,1.8811747768606815e-12,12,72|31|126|53,47,all_filtered,9,True,D:\Running_Place\PostGraduateProjects\Experiments\PostGraduate\backbones\PertubatedBNStatistics\BN-Sensitivity\shot4\Seed1
PertubatedBNStatistics,Disperssion+Seg-SADG,BN-Sensitivity,BN-Sensitivity,Seg-SADG,BN-Sensitivity,bn_sensitivity,shallow,0.1,0.1,1.0,0.05,0.1,0.001,0.0001,0.001,0.05,0.5,0.05,rho0p05,new_training,4,1,198,0.017973506978402536,0.017973506978402536,0.017927919359256823,0.0009117522713495418,0.013199923715243736,0.07708035502582788,0.05000000000000001,0.0,0.0,1.587264861213633e-09,0.0,0.0,1.5872649377221663e-12,12,72|31|126|53,47,all_filtered,9,True,D:\Running_Place\PostGraduateProjects\Experiments\PostGraduate\backbones\PertubatedBNStatistics\BN-Sensitivity\shot4\Seed1
PertubatedBNStatistics,Disperssion+Seg-SADG,BN-Sensitivity,BN-Sensitivity,Seg-SADG,BN-Sensitivity,bn_sensitivity,shallow,0.1,0.1,1.0,0.05,0.1,0.001,0.0001,0.001,0.05,0.5,0.05,rho0p05,new_training,4,1,199,0.01811102715631326,0.01811102715631326,0.018063807704796393,0.0009443885355722159,0.013220528218274316,0.07926008198410273,0.05000000000000001,0.0,0.0,1.9354918177431437e-09,0.0,0.0,1.9354919278619445e-12,12,72|31|126|53,47,all_filtered,9,True,D:\Running_Place\PostGraduateProjects\Experiments\PostGraduate\backbones\PertubatedBNStatistics\BN-Sensitivity\shot4\Seed1
PertubatedBNStatistics,Disperssion+Seg-SADG,BN-Sensitivity,BN-Sensitivity,Seg-SADG,BN-Sensitivity,bn_sensitivity,shallow,0.1,0.1,1.0,0.05,0.1,0.001,0.0001,0.001,0.05,0.5,0.05,rho0p05,new_training,4,1,200,0.020064118318259716,0.020064118318259716,0.02001268711561958,0.0010286297329002991,0.014025410171598196,0.09469781381388505,0.05000000000000001,0.0,0.0,3.1912635034547776e-09,0.0,0.0,3.1912636595798904e-12,12,72|31|126|53,47,all_filtered,9,True,D:\Running_Place\PostGraduateProjects\Experiments\PostGraduate\backbones\PertubatedBNStatistics\BN-Sensitivity\shot4\Seed1
