shot,seed,source_domain,train_case_ids,checkpoint_path,prompt_dir,prototype_path,gamma,gamma_tag,layer,class_id,class_name,prototype_index,n_prototypes,feature_dim,total_count,sample_count,cluster_sample_count,valid_center,prototype_norm,n_batches_used,n_slices_used
4,1,SIEMENS_SymphonyTim_37743_T1-TSE,72|31|126|53,D:\Running_Place\PostGraduateProjects\Experiments\PostGraduate\backbones\DisperssionWithSADG_ConstraintStyleRegularization\Seg-SADG\BaryRadGate\a0p08\rho0p5\gb8\sadg0p05\nocons\shot4\Seed1\baseline_model_with_metadata.pt,D:\Running_Place\PostGraduateProjects\Experiments\PostGraduate\backbones\Prompts\Seg-SADG\BaryRadGate\a0p08\rho0p5\gb8\sadg0p05\nocons\shot4\Seed1,D:\Running_Place\PostGraduateProjects\Experiments\PostGraduate\backbones\Prompts\Seg-SADG\BaryRadGate\a0p08\rho0p5\gb8\sadg0p05\nocons\shot4\Seed1\source_multilayer_prototypes.pt,0.0,gamma0,dec3,0,background,0,8,32,135331,50000,3311,1,0.6898835301399231,12,47
4,1,SIEMENS_SymphonyTim_37743_T1-TSE,72|31|126|53,D:\Running_Place\PostGraduateProjects\Experiments\PostGraduate\backbones\DisperssionWithSADG_ConstraintStyleRegularization\Seg-SADG\BaryRadGate\a0p08\rho0p5\gb8\sadg0p05\nocons\shot4\Seed1\baseline_model_with_metadata.pt,D:\Running_Place\PostGraduateProjects\Experiments\PostGraduate\backbones\Prompts\Seg-SADG\BaryRadGate\a0p08\rho0p5\gb8\sadg0p05\nocons\shot4\Seed1,D:\Running_Place\PostGraduateProjects\Experiments\PostGraduate\backbones\Prompts\Seg-SADG\BaryRadGate\a0p08\rho0p5\gb8\sadg0p05\nocons\shot4\Seed1\source_multilayer_prototypes.pt,0.0,gamma0,dec3,0,background,1,8,32,135331,50000,15058,1,0.8499242067337036,12,47
4,1,SIEMENS_SymphonyTim_37743_T1-TSE,72|31|126|53,D:\Running_Place\PostGraduateProjects\Experiments\PostGraduate\backbones\DisperssionWithSADG_ConstraintStyleRegularization\Seg-SADG\BaryRadGate\a0p08\rho0p5\gb8\sadg0p05\nocons\shot4\Seed1\baseline_model_with_metadata.pt,D:\Running_Place\PostGraduateProjects\Experiments\PostGraduate\backbones\Prompts\Seg-SADG\BaryRadGate\a0p08\rho0p5\gb8\sadg0p05\nocons\shot4\Seed1,D:\Running_Place\PostGraduateProjects\Experiments\PostGraduate\backbones\Prompts\Seg-SADG\BaryRadGate\a0p08\rho0p5\gb8\sadg0p05\nocons\shot4\Seed1\source_multilayer_prototypes.pt,0.0,gamma0,dec3,0,background,2,8,32,135331,50000,4314,1,0.7410994172096252,12,47
4,1,SIEMENS_SymphonyTim_37743_T1-TSE,72|31|126|53,D:\Running_Place\PostGraduateProjects\Experiments\PostGraduate\backbones\DisperssionWithSADG_ConstraintStyleRegularization\Seg-SADG\BaryRadGate\a0p08\rho0p5\gb8\sadg0p05\nocons\shot4\Seed1\baseline_model_with_metadata.pt,D:\Running_Place\PostGraduateProjects\Experiments\PostGraduate\backbones\Prompts\Seg-SADG\BaryRadGate\a0p08\rho0p5\gb8\sadg0p05\nocons\shot4\Seed1,D:\Running_Place\PostGraduateProjects\Experiments\PostGraduate\backbones\Prompts\Seg-SADG\BaryRadGate\a0p08\rho0p5\gb8\sadg0p05\nocons\shot4\Seed1\source_multilayer_prototypes.pt,0.0,gamma0,dec3,0,background,3,8,32,135331,50000,6487,1,0.6872833371162415,12,47
4,1,SIEMENS_SymphonyTim_37743_T1-TSE,72|31|126|53,D:\Running_Place\PostGraduateProjects\Experiments\PostGraduate\backbones\DisperssionWithSADG_ConstraintStyleRegularization\Seg-SADG\BaryRadGate\a0p08\rho0p5\gb8\sadg0p05\nocons\shot4\Seed1\baseline_model_with_metadata.pt,D:\Running_Place\PostGraduateProjects\Experiments\PostGraduate\backbones\Prompts\Seg-SADG\BaryRadGate\a0p08\rho0p5\gb8\sadg0p05\nocons\shot4\Seed1,D:\Running_Place\PostGraduateProjects\Experiments\PostGraduate\backbones\Prompts\Seg-SADG\BaryRadGate\a0p08\rho0p5\gb8\sadg0p05\nocons\shot4\Seed1\source_multilayer_prototypes.pt,0.0,gamma0,dec3,0,background,4,8,32,135331,50000,5426,1,0.73985755443573,12,47
4,1,SIEMENS_SymphonyTim_37743_T1-TSE,72|31|126|53,D:\Running_Place\PostGraduateProjects\Experiments\PostGraduate\backbones\DisperssionWithSADG_ConstraintStyleRegularization\Seg-SADG\BaryRadGate\a0p08\rho0p5\gb8\sadg0p05\nocons\shot4\Seed1\baseline_model_with_metadata.pt,D:\Running_Place\PostGraduateProjects\Experiments\PostGraduate\backbones\Prompts\Seg-SADG\BaryRadGate\a0p08\rho0p5\gb8\sadg0p05\nocons\shot4\Seed1,D:\Running_Place\PostGraduateProjects\Experiments\PostGraduate\backbones\Prompts\Seg-SADG\BaryRadGate\a0p08\rho0p5\gb8\sadg0p05\nocons\shot4\Seed1\source_multilayer_prototypes.pt,0.0,gamma0,dec3,0,background,5,8,32,135331,50000,4983,1,0.7631428837776184,12,47
4,1,SIEMENS_SymphonyTim_37743_T1-TSE,72|31|126|53,D:\Running_Place\PostGraduateProjects\Experiments\PostGraduate\backbones\DisperssionWithSADG_ConstraintStyleRegularization\Seg-SADG\BaryRadGate\a0p08\rho0p5\gb8\sadg0p05\nocons\shot4\Seed1\baseline_model_with_metadata.pt,D:\Running_Place\PostGraduateProjects\Experiments\PostGraduate\backbones\Prompts\Seg-SADG\BaryRadGate\a0p08\rho0p5\gb8\sadg0p05\nocons\shot4\Seed1,D:\Running_Place\PostGraduateProjects\Experiments\PostGraduate\backbones\Prompts\Seg-SADG\BaryRadGate\a0p08\rho0p5\gb8\sadg0p05\nocons\shot4\Seed1\source_multilayer_prototypes.pt,0.0,gamma0,dec3,0,background,6,8,32,135331,50000,4161,1,0.6846786737442017,12,47
4,1,SIEMENS_SymphonyTim_37743_T1-TSE,72|31|126|53,D:\Running_Place\PostGraduateProjects\Experiments\PostGraduate\backbones\DisperssionWithSADG_ConstraintStyleRegularization\Seg-SADG\BaryRadGate\a0p08\rho0p5\gb8\sadg0p05\nocons\shot4\Seed1\baseline_model_with_metadata.pt,D:\Running_Place\PostGraduateProjects\Experiments\PostGraduate\backbones\Prompts\Seg-SADG\BaryRadGate\a0p08\rho0p5\gb8\sadg0p05\nocons\shot4\Seed1,D:\Running_Place\PostGraduateProjects\Experiments\PostGraduate\backbones\Prompts\Seg-SADG\BaryRadGate\a0p08\rho0p5\gb8\sadg0p05\nocons\shot4\Seed1\source_multilayer_prototypes.pt,0.0,gamma0,dec3,0,background,7,8,32,135331,50000,6260,1,0.7588587999343872,12,47
4,1,SIEMENS_SymphonyTim_37743_T1-TSE,72|31|126|53,D:\Running_Place\PostGraduateProjects\Experiments\PostGraduate\backbones\DisperssionWithSADG_ConstraintStyleRegularization\Seg-SADG\BaryRadGate\a0p08\rho0p5\gb8\sadg0p05\nocons\shot4\Seed1\baseline_model_with_metadata.pt,D:\Running_Place\PostGraduateProjects\Experiments\PostGraduate\backbones\Prompts\Seg-SADG\BaryRadGate\a0p08\rho0p5\gb8\sadg0p05\nocons\shot4\Seed1,D:\Running_Place\PostGraduateProjects\Experiments\PostGraduate\backbones\Prompts\Seg-SADG\BaryRadGate\a0p08\rho0p5\gb8\sadg0p05\nocons\shot4\Seed1\source_multilayer_prototypes.pt,0.0,gamma0,dec3,1,vertebrae,0,8,32,10155,10155,819,1,0.8119214773178101,12,47
4,1,SIEMENS_SymphonyTim_37743_T1-TSE,72|31|126|53,D:\Running_Place\PostGraduateProjects\Experiments\PostGraduate\backbones\DisperssionWithSADG_ConstraintStyleRegularization\Seg-SADG\BaryRadGate\a0p08\rho0p5\gb8\sadg0p05\nocons\shot4\Seed1\baseline_model_with_metadata.pt,D:\Running_Place\PostGraduateProjects\Experiments\PostGraduate\backbones\Prompts\Seg-SADG\BaryRadGate\a0p08\rho0p5\gb8\sadg0p05\nocons\shot4\Seed1,D:\Running_Place\PostGraduateProjects\Experiments\PostGraduate\backbones\Prompts\Seg-SADG\BaryRadGate\a0p08\rho0p5\gb8\sadg0p05\nocons\shot4\Seed1\source_multilayer_prototypes.pt,0.0,gamma0,dec3,1,vertebrae,1,8,32,10155,10155,1003,1,0.8182405829429626,12,47
4,1,SIEMENS_SymphonyTim_37743_T1-TSE,72|31|126|53,D:\Running_Place\PostGraduateProjects\Experiments\PostGraduate\backbones\DisperssionWithSADG_ConstraintStyleRegularization\Seg-SADG\BaryRadGate\a0p08\rho0p5\gb8\sadg0p05\nocons\shot4\Seed1\baseline_model_with_metadata.pt,D:\Running_Place\PostGraduateProjects\Experiments\PostGraduate\backbones\Prompts\Seg-SADG\BaryRadGate\a0p08\rho0p5\gb8\sadg0p05\nocons\shot4\Seed1,D:\Running_Place\PostGraduateProjects\Experiments\PostGraduate\backbones\Prompts\Seg-SADG\BaryRadGate\a0p08\rho0p5\gb8\sadg0p05\nocons\shot4\Seed1\source_multilayer_prototypes.pt,0.0,gamma0,dec3,1,vertebrae,2,8,32,10155,10155,1324,1,0.8808804154396057,12,47
4,1,SIEMENS_SymphonyTim_37743_T1-TSE,72|31|126|53,D:\Running_Place\PostGraduateProjects\Experiments\PostGraduate\backbones\DisperssionWithSADG_ConstraintStyleRegularization\Seg-SADG\BaryRadGate\a0p08\rho0p5\gb8\sadg0p05\nocons\shot4\Seed1\baseline_model_with_metadata.pt,D:\Running_Place\PostGraduateProjects\Experiments\PostGraduate\backbones\Prompts\Seg-SADG\BaryRadGate\a0p08\rho0p5\gb8\sadg0p05\nocons\shot4\Seed1,D:\Running_Place\PostGraduateProjects\Experiments\PostGraduate\backbones\Prompts\Seg-SADG\BaryRadGate\a0p08\rho0p5\gb8\sadg0p05\nocons\shot4\Seed1\source_multilayer_prototypes.pt,0.0,gamma0,dec3,1,vertebrae,3,8,32,10155,10155,915,1,0.8054957389831543,12,47
4,1,SIEMENS_SymphonyTim_37743_T1-TSE,72|31|126|53,D:\Running_Place\PostGraduateProjects\Experiments\PostGraduate\backbones\DisperssionWithSADG_ConstraintStyleRegularization\Seg-SADG\BaryRadGate\a0p08\rho0p5\gb8\sadg0p05\nocons\shot4\Seed1\baseline_model_with_metadata.pt,D:\Running_Place\PostGraduateProjects\Experiments\PostGraduate\backbones\Prompts\Seg-SADG\BaryRadGate\a0p08\rho0p5\gb8\sadg0p05\nocons\shot4\Seed1,D:\Running_Place\PostGraduateProjects\Experiments\PostGraduate\backbones\Prompts\Seg-SADG\BaryRadGate\a0p08\rho0p5\gb8\sadg0p05\nocons\shot4\Seed1\source_multilayer_prototypes.pt,0.0,gamma0,dec3,1,vertebrae,4,8,32,10155,10155,709,1,0.6605079770088196,12,47
4,1,SIEMENS_SymphonyTim_37743_T1-TSE,72|31|126|53,D:\Running_Place\PostGraduateProjects\Experiments\PostGraduate\backbones\DisperssionWithSADG_ConstraintStyleRegularization\Seg-SADG\BaryRadGate\a0p08\rho0p5\gb8\sadg0p05\nocons\shot4\Seed1\baseline_model_with_metadata.pt,D:\Running_Place\PostGraduateProjects\Experiments\PostGraduate\backbones\Prompts\Seg-SADG\BaryRadGate\a0p08\rho0p5\gb8\sadg0p05\nocons\shot4\Seed1,D:\Running_Place\PostGraduateProjects\Experiments\PostGraduate\backbones\Prompts\Seg-SADG\BaryRadGate\a0p08\rho0p5\gb8\sadg0p05\nocons\shot4\Seed1\source_multilayer_prototypes.pt,0.0,gamma0,dec3,1,vertebrae,5,8,32,10155,10155,750,1,0.8224859833717346,12,47
4,1,SIEMENS_SymphonyTim_37743_T1-TSE,72|31|126|53,D:\Running_Place\PostGraduateProjects\Experiments\PostGraduate\backbones\DisperssionWithSADG_ConstraintStyleRegularization\Seg-SADG\BaryRadGate\a0p08\rho0p5\gb8\sadg0p05\nocons\shot4\Seed1\baseline_model_with_metadata.pt,D:\Running_Place\PostGraduateProjects\Experiments\PostGraduate\backbones\Prompts\Seg-SADG\BaryRadGate\a0p08\rho0p5\gb8\sadg0p05\nocons\shot4\Seed1,D:\Running_Place\PostGraduateProjects\Experiments\PostGraduate\backbones\Prompts\Seg-SADG\BaryRadGate\a0p08\rho0p5\gb8\sadg0p05\nocons\shot4\Seed1\source_multilayer_prototypes.pt,0.0,gamma0,dec3,1,vertebrae,6,8,32,10155,10155,1819,1,0.8830626010894775,12,47
4,1,SIEMENS_SymphonyTim_37743_T1-TSE,72|31|126|53,D:\Running_Place\PostGraduateProjects\Experiments\PostGraduate\backbones\DisperssionWithSADG_ConstraintStyleRegularization\Seg-SADG\BaryRadGate\a0p08\rho0p5\gb8\sadg0p05\nocons\shot4\Seed1\baseline_model_with_metadata.pt,D:\Running_Place\PostGraduateProjects\Experiments\PostGraduate\backbones\Prompts\Seg-SADG\BaryRadGate\a0p08\rho0p5\gb8\sadg0p05\nocons\shot4\Seed1,D:\Running_Place\PostGraduateProjects\Experiments\PostGraduate\backbones\Prompts\Seg-SADG\BaryRadGate\a0p08\rho0p5\gb8\sadg0p05\nocons\shot4\Seed1\source_multilayer_prototypes.pt,0.0,gamma0,dec3,1,vertebrae,7,8,32,10155,10155,2816,1,0.901250422000885,12,47
4,1,SIEMENS_SymphonyTim_37743_T1-TSE,72|31|126|53,D:\Running_Place\PostGraduateProjects\Experiments\PostGraduate\backbones\DisperssionWithSADG_ConstraintStyleRegularization\Seg-SADG\BaryRadGate\a0p08\rho0p5\gb8\sadg0p05\nocons\shot4\Seed1\baseline_model_with_metadata.pt,D:\Running_Place\PostGraduateProjects\Experiments\PostGraduate\backbones\Prompts\Seg-SADG\BaryRadGate\a0p08\rho0p5\gb8\sadg0p05\nocons\shot4\Seed1,D:\Running_Place\PostGraduateProjects\Experiments\PostGraduate\backbones\Prompts\Seg-SADG\BaryRadGate\a0p08\rho0p5\gb8\sadg0p05\nocons\shot4\Seed1\source_multilayer_prototypes.pt,0.0,gamma0,dec3,2,intervertebral_discs,0,4,32,1906,1906,613,1,0.8899698257446289,12,47
4,1,SIEMENS_SymphonyTim_37743_T1-TSE,72|31|126|53,D:\Running_Place\PostGraduateProjects\Experiments\PostGraduate\backbones\DisperssionWithSADG_ConstraintStyleRegularization\Seg-SADG\BaryRadGate\a0p08\rho0p5\gb8\sadg0p05\nocons\shot4\Seed1\baseline_model_with_metadata.pt,D:\Running_Place\PostGraduateProjects\Experiments\PostGraduate\backbones\Prompts\Seg-SADG\BaryRadGate\a0p08\rho0p5\gb8\sadg0p05\nocons\shot4\Seed1,D:\Running_Place\PostGraduateProjects\Experiments\PostGraduate\backbones\Prompts\Seg-SADG\BaryRadGate\a0p08\rho0p5\gb8\sadg0p05\nocons\shot4\Seed1\source_multilayer_prototypes.pt,0.0,gamma0,dec3,2,intervertebral_discs,1,4,32,1906,1906,428,1,0.8709473609924316,12,47
4,1,SIEMENS_SymphonyTim_37743_T1-TSE,72|31|126|53,D:\Running_Place\PostGraduateProjects\Experiments\PostGraduate\backbones\DisperssionWithSADG_ConstraintStyleRegularization\Seg-SADG\BaryRadGate\a0p08\rho0p5\gb8\sadg0p05\nocons\shot4\Seed1\baseline_model_with_metadata.pt,D:\Running_Place\PostGraduateProjects\Experiments\PostGraduate\backbones\Prompts\Seg-SADG\BaryRadGate\a0p08\rho0p5\gb8\sadg0p05\nocons\shot4\Seed1,D:\Running_Place\PostGraduateProjects\Experiments\PostGraduate\backbones\Prompts\Seg-SADG\BaryRadGate\a0p08\rho0p5\gb8\sadg0p05\nocons\shot4\Seed1\source_multilayer_prototypes.pt,0.0,gamma0,dec3,2,intervertebral_discs,2,4,32,1906,1906,608,1,0.8529117703437805,12,47
4,1,SIEMENS_SymphonyTim_37743_T1-TSE,72|31|126|53,D:\Running_Place\PostGraduateProjects\Experiments\PostGraduate\backbones\DisperssionWithSADG_ConstraintStyleRegularization\Seg-SADG\BaryRadGate\a0p08\rho0p5\gb8\sadg0p05\nocons\shot4\Seed1\baseline_model_with_metadata.pt,D:\Running_Place\PostGraduateProjects\Experiments\PostGraduate\backbones\Prompts\Seg-SADG\BaryRadGate\a0p08\rho0p5\gb8\sadg0p05\nocons\shot4\Seed1,D:\Running_Place\PostGraduateProjects\Experiments\PostGraduate\backbones\Prompts\Seg-SADG\BaryRadGate\a0p08\rho0p5\gb8\sadg0p05\nocons\shot4\Seed1\source_multilayer_prototypes.pt,0.0,gamma0,dec3,2,intervertebral_discs,3,4,32,1906,1906,257,1,0.8756321668624878,12,47
4,1,SIEMENS_SymphonyTim_37743_T1-TSE,72|31|126|53,D:\Running_Place\PostGraduateProjects\Experiments\PostGraduate\backbones\DisperssionWithSADG_ConstraintStyleRegularization\Seg-SADG\BaryRadGate\a0p08\rho0p5\gb8\sadg0p05\nocons\shot4\Seed1\baseline_model_with_metadata.pt,D:\Running_Place\PostGraduateProjects\Experiments\PostGraduate\backbones\Prompts\Seg-SADG\BaryRadGate\a0p08\rho0p5\gb8\sadg0p05\nocons\shot4\Seed1,D:\Running_Place\PostGraduateProjects\Experiments\PostGraduate\backbones\Prompts\Seg-SADG\BaryRadGate\a0p08\rho0p5\gb8\sadg0p05\nocons\shot4\Seed1\source_multilayer_prototypes.pt,0.0,gamma0,dec2,0,background,0,8,16,541277,50000,4104,1,0.8646134734153748,12,47
4,1,SIEMENS_SymphonyTim_37743_T1-TSE,72|31|126|53,D:\Running_Place\PostGraduateProjects\Experiments\PostGraduate\backbones\DisperssionWithSADG_ConstraintStyleRegularization\Seg-SADG\BaryRadGate\a0p08\rho0p5\gb8\sadg0p05\nocons\shot4\Seed1\baseline_model_with_metadata.pt,D:\Running_Place\PostGraduateProjects\Experiments\PostGraduate\backbones\Prompts\Seg-SADG\BaryRadGate\a0p08\rho0p5\gb8\sadg0p05\nocons\shot4\Seed1,D:\Running_Place\PostGraduateProjects\Experiments\PostGraduate\backbones\Prompts\Seg-SADG\BaryRadGate\a0p08\rho0p5\gb8\sadg0p05\nocons\shot4\Seed1\source_multilayer_prototypes.pt,0.0,gamma0,dec2,0,background,1,8,16,541277,50000,16534,1,0.9701623916625977,12,47
4,1,SIEMENS_SymphonyTim_37743_T1-TSE,72|31|126|53,D:\Running_Place\PostGraduateProjects\Experiments\PostGraduate\backbones\DisperssionWithSADG_ConstraintStyleRegularization\Seg-SADG\BaryRadGate\a0p08\rho0p5\gb8\sadg0p05\nocons\shot4\Seed1\baseline_model_with_metadata.pt,D:\Running_Place\PostGraduateProjects\Experiments\PostGraduate\backbones\Prompts\Seg-SADG\BaryRadGate\a0p08\rho0p5\gb8\sadg0p05\nocons\shot4\Seed1,D:\Running_Place\PostGraduateProjects\Experiments\PostGraduate\backbones\Prompts\Seg-SADG\BaryRadGate\a0p08\rho0p5\gb8\sadg0p05\nocons\shot4\Seed1\source_multilayer_prototypes.pt,0.0,gamma0,dec2,0,background,2,8,16,541277,50000,2920,1,0.8609550595283508,12,47
4,1,SIEMENS_SymphonyTim_37743_T1-TSE,72|31|126|53,D:\Running_Place\PostGraduateProjects\Experiments\PostGraduate\backbones\DisperssionWithSADG_ConstraintStyleRegularization\Seg-SADG\BaryRadGate\a0p08\rho0p5\gb8\sadg0p05\nocons\shot4\Seed1\baseline_model_with_metadata.pt,D:\Running_Place\PostGraduateProjects\Experiments\PostGraduate\backbones\Prompts\Seg-SADG\BaryRadGate\a0p08\rho0p5\gb8\sadg0p05\nocons\shot4\Seed1,D:\Running_Place\PostGraduateProjects\Experiments\PostGraduate\backbones\Prompts\Seg-SADG\BaryRadGate\a0p08\rho0p5\gb8\sadg0p05\nocons\shot4\Seed1\source_multilayer_prototypes.pt,0.0,gamma0,dec2,0,background,3,8,16,541277,50000,10217,1,0.8947932720184326,12,47
4,1,SIEMENS_SymphonyTim_37743_T1-TSE,72|31|126|53,D:\Running_Place\PostGraduateProjects\Experiments\PostGraduate\backbones\DisperssionWithSADG_ConstraintStyleRegularization\Seg-SADG\BaryRadGate\a0p08\rho0p5\gb8\sadg0p05\nocons\shot4\Seed1\baseline_model_with_metadata.pt,D:\Running_Place\PostGraduateProjects\Experiments\PostGraduate\backbones\Prompts\Seg-SADG\BaryRadGate\a0p08\rho0p5\gb8\sadg0p05\nocons\shot4\Seed1,D:\Running_Place\PostGraduateProjects\Experiments\PostGraduate\backbones\Prompts\Seg-SADG\BaryRadGate\a0p08\rho0p5\gb8\sadg0p05\nocons\shot4\Seed1\source_multilayer_prototypes.pt,0.0,gamma0,dec2,0,background,4,8,16,541277,50000,7076,1,0.9404534697532654,12,47
4,1,SIEMENS_SymphonyTim_37743_T1-TSE,72|31|126|53,D:\Running_Place\PostGraduateProjects\Experiments\PostGraduate\backbones\DisperssionWithSADG_ConstraintStyleRegularization\Seg-SADG\BaryRadGate\a0p08\rho0p5\gb8\sadg0p05\nocons\shot4\Seed1\baseline_model_with_metadata.pt,D:\Running_Place\PostGraduateProjects\Experiments\PostGraduate\backbones\Prompts\Seg-SADG\BaryRadGate\a0p08\rho0p5\gb8\sadg0p05\nocons\shot4\Seed1,D:\Running_Place\PostGraduateProjects\Experiments\PostGraduate\backbones\Prompts\Seg-SADG\BaryRadGate\a0p08\rho0p5\gb8\sadg0p05\nocons\shot4\Seed1\source_multilayer_prototypes.pt,0.0,gamma0,dec2,0,background,5,8,16,541277,50000,4896,1,0.8665137887001038,12,47
4,1,SIEMENS_SymphonyTim_37743_T1-TSE,72|31|126|53,D:\Running_Place\PostGraduateProjects\Experiments\PostGraduate\backbones\DisperssionWithSADG_ConstraintStyleRegularization\Seg-SADG\BaryRadGate\a0p08\rho0p5\gb8\sadg0p05\nocons\shot4\Seed1\baseline_model_with_metadata.pt,D:\Running_Place\PostGraduateProjects\Experiments\PostGraduate\backbones\Prompts\Seg-SADG\BaryRadGate\a0p08\rho0p5\gb8\sadg0p05\nocons\shot4\Seed1,D:\Running_Place\PostGraduateProjects\Experiments\PostGraduate\backbones\Prompts\Seg-SADG\BaryRadGate\a0p08\rho0p5\gb8\sadg0p05\nocons\shot4\Seed1\source_multilayer_prototypes.pt,0.0,gamma0,dec2,0,background,6,8,16,541277,50000,2008,1,0.7386293411254883,12,47
4,1,SIEMENS_SymphonyTim_37743_T1-TSE,72|31|126|53,D:\Running_Place\PostGraduateProjects\Experiments\PostGraduate\backbones\DisperssionWithSADG_ConstraintStyleRegularization\Seg-SADG\BaryRadGate\a0p08\rho0p5\gb8\sadg0p05\nocons\shot4\Seed1\baseline_model_with_metadata.pt,D:\Running_Place\PostGraduateProjects\Experiments\PostGraduate\backbones\Prompts\Seg-SADG\BaryRadGate\a0p08\rho0p5\gb8\sadg0p05\nocons\shot4\Seed1,D:\Running_Place\PostGraduateProjects\Experiments\PostGraduate\backbones\Prompts\Seg-SADG\BaryRadGate\a0p08\rho0p5\gb8\sadg0p05\nocons\shot4\Seed1\source_multilayer_prototypes.pt,0.0,gamma0,dec2,0,background,7,8,16,541277,50000,2245,1,0.870120108127594,12,47
4,1,SIEMENS_SymphonyTim_37743_T1-TSE,72|31|126|53,D:\Running_Place\PostGraduateProjects\Experiments\PostGraduate\backbones\DisperssionWithSADG_ConstraintStyleRegularization\Seg-SADG\BaryRadGate\a0p08\rho0p5\gb8\sadg0p05\nocons\shot4\Seed1\baseline_model_with_metadata.pt,D:\Running_Place\PostGraduateProjects\Experiments\PostGraduate\backbones\Prompts\Seg-SADG\BaryRadGate\a0p08\rho0p5\gb8\sadg0p05\nocons\shot4\Seed1,D:\Running_Place\PostGraduateProjects\Experiments\PostGraduate\backbones\Prompts\Seg-SADG\BaryRadGate\a0p08\rho0p5\gb8\sadg0p05\nocons\shot4\Seed1\source_multilayer_prototypes.pt,0.0,gamma0,dec2,1,vertebrae,0,8,16,40484,40484,10008,1,0.9532819390296936,12,47
4,1,SIEMENS_SymphonyTim_37743_T1-TSE,72|31|126|53,D:\Running_Place\PostGraduateProjects\Experiments\PostGraduate\backbones\DisperssionWithSADG_ConstraintStyleRegularization\Seg-SADG\BaryRadGate\a0p08\rho0p5\gb8\sadg0p05\nocons\shot4\Seed1\baseline_model_with_metadata.pt,D:\Running_Place\PostGraduateProjects\Experiments\PostGraduate\backbones\Prompts\Seg-SADG\BaryRadGate\a0p08\rho0p5\gb8\sadg0p05\nocons\shot4\Seed1,D:\Running_Place\PostGraduateProjects\Experiments\PostGraduate\backbones\Prompts\Seg-SADG\BaryRadGate\a0p08\rho0p5\gb8\sadg0p05\nocons\shot4\Seed1\source_multilayer_prototypes.pt,0.0,gamma0,dec2,1,vertebrae,1,8,16,40484,40484,2217,1,0.8503819108009338,12,47
4,1,SIEMENS_SymphonyTim_37743_T1-TSE,72|31|126|53,D:\Running_Place\PostGraduateProjects\Experiments\PostGraduate\backbones\DisperssionWithSADG_ConstraintStyleRegularization\Seg-SADG\BaryRadGate\a0p08\rho0p5\gb8\sadg0p05\nocons\shot4\Seed1\baseline_model_with_metadata.pt,D:\Running_Place\PostGraduateProjects\Experiments\PostGraduate\backbones\Prompts\Seg-SADG\BaryRadGate\a0p08\rho0p5\gb8\sadg0p05\nocons\shot4\Seed1,D:\Running_Place\PostGraduateProjects\Experiments\PostGraduate\backbones\Prompts\Seg-SADG\BaryRadGate\a0p08\rho0p5\gb8\sadg0p05\nocons\shot4\Seed1\source_multilayer_prototypes.pt,0.0,gamma0,dec2,1,vertebrae,2,8,16,40484,40484,4420,1,0.8982040882110596,12,47
4,1,SIEMENS_SymphonyTim_37743_T1-TSE,72|31|126|53,D:\Running_Place\PostGraduateProjects\Experiments\PostGraduate\backbones\DisperssionWithSADG_ConstraintStyleRegularization\Seg-SADG\BaryRadGate\a0p08\rho0p5\gb8\sadg0p05\nocons\shot4\Seed1\baseline_model_with_metadata.pt,D:\Running_Place\PostGraduateProjects\Experiments\PostGraduate\backbones\Prompts\Seg-SADG\BaryRadGate\a0p08\rho0p5\gb8\sadg0p05\nocons\shot4\Seed1,D:\Running_Place\PostGraduateProjects\Experiments\PostGraduate\backbones\Prompts\Seg-SADG\BaryRadGate\a0p08\rho0p5\gb8\sadg0p05\nocons\shot4\Seed1\source_multilayer_prototypes.pt,0.0,gamma0,dec2,1,vertebrae,3,8,16,40484,40484,3232,1,0.9083110094070435,12,47
4,1,SIEMENS_SymphonyTim_37743_T1-TSE,72|31|126|53,D:\Running_Place\PostGraduateProjects\Experiments\PostGraduate\backbones\DisperssionWithSADG_ConstraintStyleRegularization\Seg-SADG\BaryRadGate\a0p08\rho0p5\gb8\sadg0p05\nocons\shot4\Seed1\baseline_model_with_metadata.pt,D:\Running_Place\PostGraduateProjects\Experiments\PostGraduate\backbones\Prompts\Seg-SADG\BaryRadGate\a0p08\rho0p5\gb8\sadg0p05\nocons\shot4\Seed1,D:\Running_Place\PostGraduateProjects\Experiments\PostGraduate\backbones\Prompts\Seg-SADG\BaryRadGate\a0p08\rho0p5\gb8\sadg0p05\nocons\shot4\Seed1\source_multilayer_prototypes.pt,0.0,gamma0,dec2,1,vertebrae,4,8,16,40484,40484,2671,1,0.8466657400131226,12,47
4,1,SIEMENS_SymphonyTim_37743_T1-TSE,72|31|126|53,D:\Running_Place\PostGraduateProjects\Experiments\PostGraduate\backbones\DisperssionWithSADG_ConstraintStyleRegularization\Seg-SADG\BaryRadGate\a0p08\rho0p5\gb8\sadg0p05\nocons\shot4\Seed1\baseline_model_with_metadata.pt,D:\Running_Place\PostGraduateProjects\Experiments\PostGraduate\backbones\Prompts\Seg-SADG\BaryRadGate\a0p08\rho0p5\gb8\sadg0p05\nocons\shot4\Seed1,D:\Running_Place\PostGraduateProjects\Experiments\PostGraduate\backbones\Prompts\Seg-SADG\BaryRadGate\a0p08\rho0p5\gb8\sadg0p05\nocons\shot4\Seed1\source_multilayer_prototypes.pt,0.0,gamma0,dec2,1,vertebrae,5,8,16,40484,40484,3343,1,0.8681713938713074,12,47
4,1,SIEMENS_SymphonyTim_37743_T1-TSE,72|31|126|53,D:\Running_Place\PostGraduateProjects\Experiments\PostGraduate\backbones\DisperssionWithSADG_ConstraintStyleRegularization\Seg-SADG\BaryRadGate\a0p08\rho0p5\gb8\sadg0p05\nocons\shot4\Seed1\baseline_model_with_metadata.pt,D:\Running_Place\PostGraduateProjects\Experiments\PostGraduate\backbones\Prompts\Seg-SADG\BaryRadGate\a0p08\rho0p5\gb8\sadg0p05\nocons\shot4\Seed1,D:\Running_Place\PostGraduateProjects\Experiments\PostGraduate\backbones\Prompts\Seg-SADG\BaryRadGate\a0p08\rho0p5\gb8\sadg0p05\nocons\shot4\Seed1\source_multilayer_prototypes.pt,0.0,gamma0,dec2,1,vertebrae,6,8,16,40484,40484,12938,1,0.9520759582519531,12,47
4,1,SIEMENS_SymphonyTim_37743_T1-TSE,72|31|126|53,D:\Running_Place\PostGraduateProjects\Experiments\PostGraduate\backbones\DisperssionWithSADG_ConstraintStyleRegularization\Seg-SADG\BaryRadGate\a0p08\rho0p5\gb8\sadg0p05\nocons\shot4\Seed1\baseline_model_with_metadata.pt,D:\Running_Place\PostGraduateProjects\Experiments\PostGraduate\backbones\Prompts\Seg-SADG\BaryRadGate\a0p08\rho0p5\gb8\sadg0p05\nocons\shot4\Seed1,D:\Running_Place\PostGraduateProjects\Experiments\PostGraduate\backbones\Prompts\Seg-SADG\BaryRadGate\a0p08\rho0p5\gb8\sadg0p05\nocons\shot4\Seed1\source_multilayer_prototypes.pt,0.0,gamma0,dec2,1,vertebrae,7,8,16,40484,40484,1655,1,0.8150850534439087,12,47
4,1,SIEMENS_SymphonyTim_37743_T1-TSE,72|31|126|53,D:\Running_Place\PostGraduateProjects\Experiments\PostGraduate\backbones\DisperssionWithSADG_ConstraintStyleRegularization\Seg-SADG\BaryRadGate\a0p08\rho0p5\gb8\sadg0p05\nocons\shot4\Seed1\baseline_model_with_metadata.pt,D:\Running_Place\PostGraduateProjects\Experiments\PostGraduate\backbones\Prompts\Seg-SADG\BaryRadGate\a0p08\rho0p5\gb8\sadg0p05\nocons\shot4\Seed1,D:\Running_Place\PostGraduateProjects\Experiments\PostGraduate\backbones\Prompts\Seg-SADG\BaryRadGate\a0p08\rho0p5\gb8\sadg0p05\nocons\shot4\Seed1\source_multilayer_prototypes.pt,0.0,gamma0,dec2,2,intervertebral_discs,0,4,16,7807,7807,2601,1,0.9670820236206055,12,47
4,1,SIEMENS_SymphonyTim_37743_T1-TSE,72|31|126|53,D:\Running_Place\PostGraduateProjects\Experiments\PostGraduate\backbones\DisperssionWithSADG_ConstraintStyleRegularization\Seg-SADG\BaryRadGate\a0p08\rho0p5\gb8\sadg0p05\nocons\shot4\Seed1\baseline_model_with_metadata.pt,D:\Running_Place\PostGraduateProjects\Experiments\PostGraduate\backbones\Prompts\Seg-SADG\BaryRadGate\a0p08\rho0p5\gb8\sadg0p05\nocons\shot4\Seed1,D:\Running_Place\PostGraduateProjects\Experiments\PostGraduate\backbones\Prompts\Seg-SADG\BaryRadGate\a0p08\rho0p5\gb8\sadg0p05\nocons\shot4\Seed1\source_multilayer_prototypes.pt,0.0,gamma0,dec2,2,intervertebral_discs,1,4,16,7807,7807,4121,1,0.9601787328720093,12,47
4,1,SIEMENS_SymphonyTim_37743_T1-TSE,72|31|126|53,D:\Running_Place\PostGraduateProjects\Experiments\PostGraduate\backbones\DisperssionWithSADG_ConstraintStyleRegularization\Seg-SADG\BaryRadGate\a0p08\rho0p5\gb8\sadg0p05\nocons\shot4\Seed1\baseline_model_with_metadata.pt,D:\Running_Place\PostGraduateProjects\Experiments\PostGraduate\backbones\Prompts\Seg-SADG\BaryRadGate\a0p08\rho0p5\gb8\sadg0p05\nocons\shot4\Seed1,D:\Running_Place\PostGraduateProjects\Experiments\PostGraduate\backbones\Prompts\Seg-SADG\BaryRadGate\a0p08\rho0p5\gb8\sadg0p05\nocons\shot4\Seed1\source_multilayer_prototypes.pt,0.0,gamma0,dec2,2,intervertebral_discs,2,4,16,7807,7807,427,1,0.9244927167892456,12,47
4,1,SIEMENS_SymphonyTim_37743_T1-TSE,72|31|126|53,D:\Running_Place\PostGraduateProjects\Experiments\PostGraduate\backbones\DisperssionWithSADG_ConstraintStyleRegularization\Seg-SADG\BaryRadGate\a0p08\rho0p5\gb8\sadg0p05\nocons\shot4\Seed1\baseline_model_with_metadata.pt,D:\Running_Place\PostGraduateProjects\Experiments\PostGraduate\backbones\Prompts\Seg-SADG\BaryRadGate\a0p08\rho0p5\gb8\sadg0p05\nocons\shot4\Seed1,D:\Running_Place\PostGraduateProjects\Experiments\PostGraduate\backbones\Prompts\Seg-SADG\BaryRadGate\a0p08\rho0p5\gb8\sadg0p05\nocons\shot4\Seed1\source_multilayer_prototypes.pt,0.0,gamma0,dec2,2,intervertebral_discs,3,4,16,7807,7807,658,1,0.9604765176773071,12,47
4,1,SIEMENS_SymphonyTim_37743_T1-TSE,72|31|126|53,D:\Running_Place\PostGraduateProjects\Experiments\PostGraduate\backbones\DisperssionWithSADG_ConstraintStyleRegularization\Seg-SADG\BaryRadGate\a0p08\rho0p5\gb8\sadg0p05\nocons\shot4\Seed1\baseline_model_with_metadata.pt,D:\Running_Place\PostGraduateProjects\Experiments\PostGraduate\backbones\Prompts\Seg-SADG\BaryRadGate\a0p08\rho0p5\gb8\sadg0p05\nocons\shot4\Seed1,D:\Running_Place\PostGraduateProjects\Experiments\PostGraduate\backbones\Prompts\Seg-SADG\BaryRadGate\a0p08\rho0p5\gb8\sadg0p05\nocons\shot4\Seed1\source_multilayer_prototypes.pt,0.0,gamma0,dec1,0,background,0,8,16,2164756,50000,15086,1,0.9989405274391174,12,47
4,1,SIEMENS_SymphonyTim_37743_T1-TSE,72|31|126|53,D:\Running_Place\PostGraduateProjects\Experiments\PostGraduate\backbones\DisperssionWithSADG_ConstraintStyleRegularization\Seg-SADG\BaryRadGate\a0p08\rho0p5\gb8\sadg0p05\nocons\shot4\Seed1\baseline_model_with_metadata.pt,D:\Running_Place\PostGraduateProjects\Experiments\PostGraduate\backbones\Prompts\Seg-SADG\BaryRadGate\a0p08\rho0p5\gb8\sadg0p05\nocons\shot4\Seed1,D:\Running_Place\PostGraduateProjects\Experiments\PostGraduate\backbones\Prompts\Seg-SADG\BaryRadGate\a0p08\rho0p5\gb8\sadg0p05\nocons\shot4\Seed1\source_multilayer_prototypes.pt,0.0,gamma0,dec1,0,background,1,8,16,2164756,50000,20654,1,0.999030351638794,12,47
4,1,SIEMENS_SymphonyTim_37743_T1-TSE,72|31|126|53,D:\Running_Place\PostGraduateProjects\Experiments\PostGraduate\backbones\DisperssionWithSADG_ConstraintStyleRegularization\Seg-SADG\BaryRadGate\a0p08\rho0p5\gb8\sadg0p05\nocons\shot4\Seed1\baseline_model_with_metadata.pt,D:\Running_Place\PostGraduateProjects\Experiments\PostGraduate\backbones\Prompts\Seg-SADG\BaryRadGate\a0p08\rho0p5\gb8\sadg0p05\nocons\shot4\Seed1,D:\Running_Place\PostGraduateProjects\Experiments\PostGraduate\backbones\Prompts\Seg-SADG\BaryRadGate\a0p08\rho0p5\gb8\sadg0p05\nocons\shot4\Seed1\source_multilayer_prototypes.pt,0.0,gamma0,dec1,0,background,2,8,16,2164756,50000,889,1,0.985411524772644,12,47
4,1,SIEMENS_SymphonyTim_37743_T1-TSE,72|31|126|53,D:\Running_Place\PostGraduateProjects\Experiments\PostGraduate\backbones\DisperssionWithSADG_ConstraintStyleRegularization\Seg-SADG\BaryRadGate\a0p08\rho0p5\gb8\sadg0p05\nocons\shot4\Seed1\baseline_model_with_metadata.pt,D:\Running_Place\PostGraduateProjects\Experiments\PostGraduate\backbones\Prompts\Seg-SADG\BaryRadGate\a0p08\rho0p5\gb8\sadg0p05\nocons\shot4\Seed1,D:\Running_Place\PostGraduateProjects\Experiments\PostGraduate\backbones\Prompts\Seg-SADG\BaryRadGate\a0p08\rho0p5\gb8\sadg0p05\nocons\shot4\Seed1\source_multilayer_prototypes.pt,0.0,gamma0,dec1,0,background,3,8,16,2164756,50000,3349,1,0.9941858649253845,12,47
4,1,SIEMENS_SymphonyTim_37743_T1-TSE,72|31|126|53,D:\Running_Place\PostGraduateProjects\Experiments\PostGraduate\backbones\DisperssionWithSADG_ConstraintStyleRegularization\Seg-SADG\BaryRadGate\a0p08\rho0p5\gb8\sadg0p05\nocons\shot4\Seed1\baseline_model_with_metadata.pt,D:\Running_Place\PostGraduateProjects\Experiments\PostGraduate\backbones\Prompts\Seg-SADG\BaryRadGate\a0p08\rho0p5\gb8\sadg0p05\nocons\shot4\Seed1,D:\Running_Place\PostGraduateProjects\Experiments\PostGraduate\backbones\Prompts\Seg-SADG\BaryRadGate\a0p08\rho0p5\gb8\sadg0p05\nocons\shot4\Seed1\source_multilayer_prototypes.pt,0.0,gamma0,dec1,0,background,4,8,16,2164756,50000,323,1,0.9153091907501221,12,47
4,1,SIEMENS_SymphonyTim_37743_T1-TSE,72|31|126|53,D:\Running_Place\PostGraduateProjects\Experiments\PostGraduate\backbones\DisperssionWithSADG_ConstraintStyleRegularization\Seg-SADG\BaryRadGate\a0p08\rho0p5\gb8\sadg0p05\nocons\shot4\Seed1\baseline_model_with_metadata.pt,D:\Running_Place\PostGraduateProjects\Experiments\PostGraduate\backbones\Prompts\Seg-SADG\BaryRadGate\a0p08\rho0p5\gb8\sadg0p05\nocons\shot4\Seed1,D:\Running_Place\PostGraduateProjects\Experiments\PostGraduate\backbones\Prompts\Seg-SADG\BaryRadGate\a0p08\rho0p5\gb8\sadg0p05\nocons\shot4\Seed1\source_multilayer_prototypes.pt,0.0,gamma0,dec1,0,background,5,8,16,2164756,50000,8317,1,0.998103141784668,12,47
4,1,SIEMENS_SymphonyTim_37743_T1-TSE,72|31|126|53,D:\Running_Place\PostGraduateProjects\Experiments\PostGraduate\backbones\DisperssionWithSADG_ConstraintStyleRegularization\Seg-SADG\BaryRadGate\a0p08\rho0p5\gb8\sadg0p05\nocons\shot4\Seed1\baseline_model_with_metadata.pt,D:\Running_Place\PostGraduateProjects\Experiments\PostGraduate\backbones\Prompts\Seg-SADG\BaryRadGate\a0p08\rho0p5\gb8\sadg0p05\nocons\shot4\Seed1,D:\Running_Place\PostGraduateProjects\Experiments\PostGraduate\backbones\Prompts\Seg-SADG\BaryRadGate\a0p08\rho0p5\gb8\sadg0p05\nocons\shot4\Seed1\source_multilayer_prototypes.pt,0.0,gamma0,dec1,0,background,6,8,16,2164756,50000,967,1,0.9715156555175781,12,47
4,1,SIEMENS_SymphonyTim_37743_T1-TSE,72|31|126|53,D:\Running_Place\PostGraduateProjects\Experiments\PostGraduate\backbones\DisperssionWithSADG_ConstraintStyleRegularization\Seg-SADG\BaryRadGate\a0p08\rho0p5\gb8\sadg0p05\nocons\shot4\Seed1\baseline_model_with_metadata.pt,D:\Running_Place\PostGraduateProjects\Experiments\PostGraduate\backbones\Prompts\Seg-SADG\BaryRadGate\a0p08\rho0p5\gb8\sadg0p05\nocons\shot4\Seed1,D:\Running_Place\PostGraduateProjects\Experiments\PostGraduate\backbones\Prompts\Seg-SADG\BaryRadGate\a0p08\rho0p5\gb8\sadg0p05\nocons\shot4\Seed1\source_multilayer_prototypes.pt,0.0,gamma0,dec1,0,background,7,8,16,2164756,50000,415,1,0.8764668107032776,12,47
4,1,SIEMENS_SymphonyTim_37743_T1-TSE,72|31|126|53,D:\Running_Place\PostGraduateProjects\Experiments\PostGraduate\backbones\DisperssionWithSADG_ConstraintStyleRegularization\Seg-SADG\BaryRadGate\a0p08\rho0p5\gb8\sadg0p05\nocons\shot4\Seed1\baseline_model_with_metadata.pt,D:\Running_Place\PostGraduateProjects\Experiments\PostGraduate\backbones\Prompts\Seg-SADG\BaryRadGate\a0p08\rho0p5\gb8\sadg0p05\nocons\shot4\Seed1,D:\Running_Place\PostGraduateProjects\Experiments\PostGraduate\backbones\Prompts\Seg-SADG\BaryRadGate\a0p08\rho0p5\gb8\sadg0p05\nocons\shot4\Seed1\source_multilayer_prototypes.pt,0.0,gamma0,dec1,1,vertebrae,0,8,16,162690,50000,15972,1,0.9979454874992371,12,47
4,1,SIEMENS_SymphonyTim_37743_T1-TSE,72|31|126|53,D:\Running_Place\PostGraduateProjects\Experiments\PostGraduate\backbones\DisperssionWithSADG_ConstraintStyleRegularization\Seg-SADG\BaryRadGate\a0p08\rho0p5\gb8\sadg0p05\nocons\shot4\Seed1\baseline_model_with_metadata.pt,D:\Running_Place\PostGraduateProjects\Experiments\PostGraduate\backbones\Prompts\Seg-SADG\BaryRadGate\a0p08\rho0p5\gb8\sadg0p05\nocons\shot4\Seed1,D:\Running_Place\PostGraduateProjects\Experiments\PostGraduate\backbones\Prompts\Seg-SADG\BaryRadGate\a0p08\rho0p5\gb8\sadg0p05\nocons\shot4\Seed1\source_multilayer_prototypes.pt,0.0,gamma0,dec1,1,vertebrae,1,8,16,162690,50000,21084,1,0.9958442449569702,12,47
4,1,SIEMENS_SymphonyTim_37743_T1-TSE,72|31|126|53,D:\Running_Place\PostGraduateProjects\Experiments\PostGraduate\backbones\DisperssionWithSADG_ConstraintStyleRegularization\Seg-SADG\BaryRadGate\a0p08\rho0p5\gb8\sadg0p05\nocons\shot4\Seed1\baseline_model_with_metadata.pt,D:\Running_Place\PostGraduateProjects\Experiments\PostGraduate\backbones\Prompts\Seg-SADG\BaryRadGate\a0p08\rho0p5\gb8\sadg0p05\nocons\shot4\Seed1,D:\Running_Place\PostGraduateProjects\Experiments\PostGraduate\backbones\Prompts\Seg-SADG\BaryRadGate\a0p08\rho0p5\gb8\sadg0p05\nocons\shot4\Seed1\source_multilayer_prototypes.pt,0.0,gamma0,dec1,1,vertebrae,2,8,16,162690,50000,829,1,0.9219333529472351,12,47
4,1,SIEMENS_SymphonyTim_37743_T1-TSE,72|31|126|53,D:\Running_Place\PostGraduateProjects\Experiments\PostGraduate\backbones\DisperssionWithSADG_ConstraintStyleRegularization\Seg-SADG\BaryRadGate\a0p08\rho0p5\gb8\sadg0p05\nocons\shot4\Seed1\baseline_model_with_metadata.pt,D:\Running_Place\PostGraduateProjects\Experiments\PostGraduate\backbones\Prompts\Seg-SADG\BaryRadGate\a0p08\rho0p5\gb8\sadg0p05\nocons\shot4\Seed1,D:\Running_Place\PostGraduateProjects\Experiments\PostGraduate\backbones\Prompts\Seg-SADG\BaryRadGate\a0p08\rho0p5\gb8\sadg0p05\nocons\shot4\Seed1\source_multilayer_prototypes.pt,0.0,gamma0,dec1,1,vertebrae,3,8,16,162690,50000,1451,1,0.9536499977111816,12,47
4,1,SIEMENS_SymphonyTim_37743_T1-TSE,72|31|126|53,D:\Running_Place\PostGraduateProjects\Experiments\PostGraduate\backbones\DisperssionWithSADG_ConstraintStyleRegularization\Seg-SADG\BaryRadGate\a0p08\rho0p5\gb8\sadg0p05\nocons\shot4\Seed1\baseline_model_with_metadata.pt,D:\Running_Place\PostGraduateProjects\Experiments\PostGraduate\backbones\Prompts\Seg-SADG\BaryRadGate\a0p08\rho0p5\gb8\sadg0p05\nocons\shot4\Seed1,D:\Running_Place\PostGraduateProjects\Experiments\PostGraduate\backbones\Prompts\Seg-SADG\BaryRadGate\a0p08\rho0p5\gb8\sadg0p05\nocons\shot4\Seed1\source_multilayer_prototypes.pt,0.0,gamma0,dec1,1,vertebrae,4,8,16,162690,50000,1071,1,0.9024060964584351,12,47
4,1,SIEMENS_SymphonyTim_37743_T1-TSE,72|31|126|53,D:\Running_Place\PostGraduateProjects\Experiments\PostGraduate\backbones\DisperssionWithSADG_ConstraintStyleRegularization\Seg-SADG\BaryRadGate\a0p08\rho0p5\gb8\sadg0p05\nocons\shot4\Seed1\baseline_model_with_metadata.pt,D:\Running_Place\PostGraduateProjects\Experiments\PostGraduate\backbones\Prompts\Seg-SADG\BaryRadGate\a0p08\rho0p5\gb8\sadg0p05\nocons\shot4\Seed1,D:\Running_Place\PostGraduateProjects\Experiments\PostGraduate\backbones\Prompts\Seg-SADG\BaryRadGate\a0p08\rho0p5\gb8\sadg0p05\nocons\shot4\Seed1\source_multilayer_prototypes.pt,0.0,gamma0,dec1,1,vertebrae,5,8,16,162690,50000,2514,1,0.9677376747131348,12,47
4,1,SIEMENS_SymphonyTim_37743_T1-TSE,72|31|126|53,D:\Running_Place\PostGraduateProjects\Experiments\PostGraduate\backbones\DisperssionWithSADG_ConstraintStyleRegularization\Seg-SADG\BaryRadGate\a0p08\rho0p5\gb8\sadg0p05\nocons\shot4\Seed1\baseline_model_with_metadata.pt,D:\Running_Place\PostGraduateProjects\Experiments\PostGraduate\backbones\Prompts\Seg-SADG\BaryRadGate\a0p08\rho0p5\gb8\sadg0p05\nocons\shot4\Seed1,D:\Running_Place\PostGraduateProjects\Experiments\PostGraduate\backbones\Prompts\Seg-SADG\BaryRadGate\a0p08\rho0p5\gb8\sadg0p05\nocons\shot4\Seed1\source_multilayer_prototypes.pt,0.0,gamma0,dec1,1,vertebrae,6,8,16,162690,50000,5574,1,0.9920719265937805,12,47
4,1,SIEMENS_SymphonyTim_37743_T1-TSE,72|31|126|53,D:\Running_Place\PostGraduateProjects\Experiments\PostGraduate\backbones\DisperssionWithSADG_ConstraintStyleRegularization\Seg-SADG\BaryRadGate\a0p08\rho0p5\gb8\sadg0p05\nocons\shot4\Seed1\baseline_model_with_metadata.pt,D:\Running_Place\PostGraduateProjects\Experiments\PostGraduate\backbones\Prompts\Seg-SADG\BaryRadGate\a0p08\rho0p5\gb8\sadg0p05\nocons\shot4\Seed1,D:\Running_Place\PostGraduateProjects\Experiments\PostGraduate\backbones\Prompts\Seg-SADG\BaryRadGate\a0p08\rho0p5\gb8\sadg0p05\nocons\shot4\Seed1\source_multilayer_prototypes.pt,0.0,gamma0,dec1,1,vertebrae,7,8,16,162690,50000,1505,1,0.9744017720222473,12,47
4,1,SIEMENS_SymphonyTim_37743_T1-TSE,72|31|126|53,D:\Running_Place\PostGraduateProjects\Experiments\PostGraduate\backbones\DisperssionWithSADG_ConstraintStyleRegularization\Seg-SADG\BaryRadGate\a0p08\rho0p5\gb8\sadg0p05\nocons\shot4\Seed1\baseline_model_with_metadata.pt,D:\Running_Place\PostGraduateProjects\Experiments\PostGraduate\backbones\Prompts\Seg-SADG\BaryRadGate\a0p08\rho0p5\gb8\sadg0p05\nocons\shot4\Seed1,D:\Running_Place\PostGraduateProjects\Experiments\PostGraduate\backbones\Prompts\Seg-SADG\BaryRadGate\a0p08\rho0p5\gb8\sadg0p05\nocons\shot4\Seed1\source_multilayer_prototypes.pt,0.0,gamma0,dec1,2,intervertebral_discs,0,4,16,30826,30826,6028,1,0.9933760166168213,12,47
4,1,SIEMENS_SymphonyTim_37743_T1-TSE,72|31|126|53,D:\Running_Place\PostGraduateProjects\Experiments\PostGraduate\backbones\DisperssionWithSADG_ConstraintStyleRegularization\Seg-SADG\BaryRadGate\a0p08\rho0p5\gb8\sadg0p05\nocons\shot4\Seed1\baseline_model_with_metadata.pt,D:\Running_Place\PostGraduateProjects\Experiments\PostGraduate\backbones\Prompts\Seg-SADG\BaryRadGate\a0p08\rho0p5\gb8\sadg0p05\nocons\shot4\Seed1,D:\Running_Place\PostGraduateProjects\Experiments\PostGraduate\backbones\Prompts\Seg-SADG\BaryRadGate\a0p08\rho0p5\gb8\sadg0p05\nocons\shot4\Seed1\source_multilayer_prototypes.pt,0.0,gamma0,dec1,2,intervertebral_discs,1,4,16,30826,30826,2459,1,0.9690371155738831,12,47
4,1,SIEMENS_SymphonyTim_37743_T1-TSE,72|31|126|53,D:\Running_Place\PostGraduateProjects\Experiments\PostGraduate\backbones\DisperssionWithSADG_ConstraintStyleRegularization\Seg-SADG\BaryRadGate\a0p08\rho0p5\gb8\sadg0p05\nocons\shot4\Seed1\baseline_model_with_metadata.pt,D:\Running_Place\PostGraduateProjects\Experiments\PostGraduate\backbones\Prompts\Seg-SADG\BaryRadGate\a0p08\rho0p5\gb8\sadg0p05\nocons\shot4\Seed1,D:\Running_Place\PostGraduateProjects\Experiments\PostGraduate\backbones\Prompts\Seg-SADG\BaryRadGate\a0p08\rho0p5\gb8\sadg0p05\nocons\shot4\Seed1\source_multilayer_prototypes.pt,0.0,gamma0,dec1,2,intervertebral_discs,2,4,16,30826,30826,22090,1,0.9977148175239563,12,47
4,1,SIEMENS_SymphonyTim_37743_T1-TSE,72|31|126|53,D:\Running_Place\PostGraduateProjects\Experiments\PostGraduate\backbones\DisperssionWithSADG_ConstraintStyleRegularization\Seg-SADG\BaryRadGate\a0p08\rho0p5\gb8\sadg0p05\nocons\shot4\Seed1\baseline_model_with_metadata.pt,D:\Running_Place\PostGraduateProjects\Experiments\PostGraduate\backbones\Prompts\Seg-SADG\BaryRadGate\a0p08\rho0p5\gb8\sadg0p05\nocons\shot4\Seed1,D:\Running_Place\PostGraduateProjects\Experiments\PostGraduate\backbones\Prompts\Seg-SADG\BaryRadGate\a0p08\rho0p5\gb8\sadg0p05\nocons\shot4\Seed1\source_multilayer_prototypes.pt,0.0,gamma0,dec1,2,intervertebral_discs,3,4,16,30826,30826,249,1,0.7241062521934509,12,47
4,1,SIEMENS_SymphonyTim_37743_T1-TSE,72|31|126|53,D:\Running_Place\PostGraduateProjects\Experiments\PostGraduate\backbones\DisperssionWithSADG_ConstraintStyleRegularization\Seg-SADG\BaryRadGate\a0p08\rho0p5\gb8\sadg0p05\nocons\shot4\Seed1\baseline_model_with_metadata.pt,D:\Running_Place\PostGraduateProjects\Experiments\PostGraduate\backbones\Prompts\Seg-SADG\BaryRadGate\a0p08\rho0p5\gb8\sadg0p05\nocons\shot4\Seed1,D:\Running_Place\PostGraduateProjects\Experiments\PostGraduate\backbones\Prompts\Seg-SADG\BaryRadGate\a0p08\rho0p5\gb8\sadg0p05\nocons\shot4\Seed1\source_multilayer_prototypes.pt,0.0,gamma0,dec1_head,0,background,0,8,16,2164756,50000,21981,1,0.9989820718765259,12,47
4,1,SIEMENS_SymphonyTim_37743_T1-TSE,72|31|126|53,D:\Running_Place\PostGraduateProjects\Experiments\PostGraduate\backbones\DisperssionWithSADG_ConstraintStyleRegularization\Seg-SADG\BaryRadGate\a0p08\rho0p5\gb8\sadg0p05\nocons\shot4\Seed1\baseline_model_with_metadata.pt,D:\Running_Place\PostGraduateProjects\Experiments\PostGraduate\backbones\Prompts\Seg-SADG\BaryRadGate\a0p08\rho0p5\gb8\sadg0p05\nocons\shot4\Seed1,D:\Running_Place\PostGraduateProjects\Experiments\PostGraduate\backbones\Prompts\Seg-SADG\BaryRadGate\a0p08\rho0p5\gb8\sadg0p05\nocons\shot4\Seed1\source_multilayer_prototypes.pt,0.0,gamma0,dec1_head,0,background,1,8,16,2164756,50000,390,1,0.8850938677787781,12,47
4,1,SIEMENS_SymphonyTim_37743_T1-TSE,72|31|126|53,D:\Running_Place\PostGraduateProjects\Experiments\PostGraduate\backbones\DisperssionWithSADG_ConstraintStyleRegularization\Seg-SADG\BaryRadGate\a0p08\rho0p5\gb8\sadg0p05\nocons\shot4\Seed1\baseline_model_with_metadata.pt,D:\Running_Place\PostGraduateProjects\Experiments\PostGraduate\backbones\Prompts\Seg-SADG\BaryRadGate\a0p08\rho0p5\gb8\sadg0p05\nocons\shot4\Seed1,D:\Running_Place\PostGraduateProjects\Experiments\PostGraduate\backbones\Prompts\Seg-SADG\BaryRadGate\a0p08\rho0p5\gb8\sadg0p05\nocons\shot4\Seed1\source_multilayer_prototypes.pt,0.0,gamma0,dec1_head,0,background,2,8,16,2164756,50000,372,1,0.9389609694480896,12,47
4,1,SIEMENS_SymphonyTim_37743_T1-TSE,72|31|126|53,D:\Running_Place\PostGraduateProjects\Experiments\PostGraduate\backbones\DisperssionWithSADG_ConstraintStyleRegularization\Seg-SADG\BaryRadGate\a0p08\rho0p5\gb8\sadg0p05\nocons\shot4\Seed1\baseline_model_with_metadata.pt,D:\Running_Place\PostGraduateProjects\Experiments\PostGraduate\backbones\Prompts\Seg-SADG\BaryRadGate\a0p08\rho0p5\gb8\sadg0p05\nocons\shot4\Seed1,D:\Running_Place\PostGraduateProjects\Experiments\PostGraduate\backbones\Prompts\Seg-SADG\BaryRadGate\a0p08\rho0p5\gb8\sadg0p05\nocons\shot4\Seed1\source_multilayer_prototypes.pt,0.0,gamma0,dec1_head,0,background,3,8,16,2164756,50000,3107,1,0.9924810528755188,12,47
4,1,SIEMENS_SymphonyTim_37743_T1-TSE,72|31|126|53,D:\Running_Place\PostGraduateProjects\Experiments\PostGraduate\backbones\DisperssionWithSADG_ConstraintStyleRegularization\Seg-SADG\BaryRadGate\a0p08\rho0p5\gb8\sadg0p05\nocons\shot4\Seed1\baseline_model_with_metadata.pt,D:\Running_Place\PostGraduateProjects\Experiments\PostGraduate\backbones\Prompts\Seg-SADG\BaryRadGate\a0p08\rho0p5\gb8\sadg0p05\nocons\shot4\Seed1,D:\Running_Place\PostGraduateProjects\Experiments\PostGraduate\backbones\Prompts\Seg-SADG\BaryRadGate\a0p08\rho0p5\gb8\sadg0p05\nocons\shot4\Seed1\source_multilayer_prototypes.pt,0.0,gamma0,dec1_head,0,background,4,8,16,2164756,50000,251,1,0.8981288075447083,12,47
4,1,SIEMENS_SymphonyTim_37743_T1-TSE,72|31|126|53,D:\Running_Place\PostGraduateProjects\Experiments\PostGraduate\backbones\DisperssionWithSADG_ConstraintStyleRegularization\Seg-SADG\BaryRadGate\a0p08\rho0p5\gb8\sadg0p05\nocons\shot4\Seed1\baseline_model_with_metadata.pt,D:\Running_Place\PostGraduateProjects\Experiments\PostGraduate\backbones\Prompts\Seg-SADG\BaryRadGate\a0p08\rho0p5\gb8\sadg0p05\nocons\shot4\Seed1,D:\Running_Place\PostGraduateProjects\Experiments\PostGraduate\backbones\Prompts\Seg-SADG\BaryRadGate\a0p08\rho0p5\gb8\sadg0p05\nocons\shot4\Seed1\source_multilayer_prototypes.pt,0.0,gamma0,dec1_head,0,background,5,8,16,2164756,50000,1935,1,0.989284098148346,12,47
4,1,SIEMENS_SymphonyTim_37743_T1-TSE,72|31|126|53,D:\Running_Place\PostGraduateProjects\Experiments\PostGraduate\backbones\DisperssionWithSADG_ConstraintStyleRegularization\Seg-SADG\BaryRadGate\a0p08\rho0p5\gb8\sadg0p05\nocons\shot4\Seed1\baseline_model_with_metadata.pt,D:\Running_Place\PostGraduateProjects\Experiments\PostGraduate\backbones\Prompts\Seg-SADG\BaryRadGate\a0p08\rho0p5\gb8\sadg0p05\nocons\shot4\Seed1,D:\Running_Place\PostGraduateProjects\Experiments\PostGraduate\backbones\Prompts\Seg-SADG\BaryRadGate\a0p08\rho0p5\gb8\sadg0p05\nocons\shot4\Seed1\source_multilayer_prototypes.pt,0.0,gamma0,dec1_head,0,background,6,8,16,2164756,50000,16782,1,0.9988629221916199,12,47
4,1,SIEMENS_SymphonyTim_37743_T1-TSE,72|31|126|53,D:\Running_Place\PostGraduateProjects\Experiments\PostGraduate\backbones\DisperssionWithSADG_ConstraintStyleRegularization\Seg-SADG\BaryRadGate\a0p08\rho0p5\gb8\sadg0p05\nocons\shot4\Seed1\baseline_model_with_metadata.pt,D:\Running_Place\PostGraduateProjects\Experiments\PostGraduate\backbones\Prompts\Seg-SADG\BaryRadGate\a0p08\rho0p5\gb8\sadg0p05\nocons\shot4\Seed1,D:\Running_Place\PostGraduateProjects\Experiments\PostGraduate\backbones\Prompts\Seg-SADG\BaryRadGate\a0p08\rho0p5\gb8\sadg0p05\nocons\shot4\Seed1\source_multilayer_prototypes.pt,0.0,gamma0,dec1_head,0,background,7,8,16,2164756,50000,5182,1,0.9967629909515381,12,47
4,1,SIEMENS_SymphonyTim_37743_T1-TSE,72|31|126|53,D:\Running_Place\PostGraduateProjects\Experiments\PostGraduate\backbones\DisperssionWithSADG_ConstraintStyleRegularization\Seg-SADG\BaryRadGate\a0p08\rho0p5\gb8\sadg0p05\nocons\shot4\Seed1\baseline_model_with_metadata.pt,D:\Running_Place\PostGraduateProjects\Experiments\PostGraduate\backbones\Prompts\Seg-SADG\BaryRadGate\a0p08\rho0p5\gb8\sadg0p05\nocons\shot4\Seed1,D:\Running_Place\PostGraduateProjects\Experiments\PostGraduate\backbones\Prompts\Seg-SADG\BaryRadGate\a0p08\rho0p5\gb8\sadg0p05\nocons\shot4\Seed1\source_multilayer_prototypes.pt,0.0,gamma0,dec1_head,1,vertebrae,0,8,16,162690,50000,20794,1,0.9958903193473816,12,47
4,1,SIEMENS_SymphonyTim_37743_T1-TSE,72|31|126|53,D:\Running_Place\PostGraduateProjects\Experiments\PostGraduate\backbones\DisperssionWithSADG_ConstraintStyleRegularization\Seg-SADG\BaryRadGate\a0p08\rho0p5\gb8\sadg0p05\nocons\shot4\Seed1\baseline_model_with_metadata.pt,D:\Running_Place\PostGraduateProjects\Experiments\PostGraduate\backbones\Prompts\Seg-SADG\BaryRadGate\a0p08\rho0p5\gb8\sadg0p05\nocons\shot4\Seed1,D:\Running_Place\PostGraduateProjects\Experiments\PostGraduate\backbones\Prompts\Seg-SADG\BaryRadGate\a0p08\rho0p5\gb8\sadg0p05\nocons\shot4\Seed1\source_multilayer_prototypes.pt,0.0,gamma0,dec1_head,1,vertebrae,1,8,16,162690,50000,20624,1,0.9958559274673462,12,47
4,1,SIEMENS_SymphonyTim_37743_T1-TSE,72|31|126|53,D:\Running_Place\PostGraduateProjects\Experiments\PostGraduate\backbones\DisperssionWithSADG_ConstraintStyleRegularization\Seg-SADG\BaryRadGate\a0p08\rho0p5\gb8\sadg0p05\nocons\shot4\Seed1\baseline_model_with_metadata.pt,D:\Running_Place\PostGraduateProjects\Experiments\PostGraduate\backbones\Prompts\Seg-SADG\BaryRadGate\a0p08\rho0p5\gb8\sadg0p05\nocons\shot4\Seed1,D:\Running_Place\PostGraduateProjects\Experiments\PostGraduate\backbones\Prompts\Seg-SADG\BaryRadGate\a0p08\rho0p5\gb8\sadg0p05\nocons\shot4\Seed1\source_multilayer_prototypes.pt,0.0,gamma0,dec1_head,1,vertebrae,2,8,16,162690,50000,1175,1,0.9563818573951721,12,47
4,1,SIEMENS_SymphonyTim_37743_T1-TSE,72|31|126|53,D:\Running_Place\PostGraduateProjects\Experiments\PostGraduate\backbones\DisperssionWithSADG_ConstraintStyleRegularization\Seg-SADG\BaryRadGate\a0p08\rho0p5\gb8\sadg0p05\nocons\shot4\Seed1\baseline_model_with_metadata.pt,D:\Running_Place\PostGraduateProjects\Experiments\PostGraduate\backbones\Prompts\Seg-SADG\BaryRadGate\a0p08\rho0p5\gb8\sadg0p05\nocons\shot4\Seed1,D:\Running_Place\PostGraduateProjects\Experiments\PostGraduate\backbones\Prompts\Seg-SADG\BaryRadGate\a0p08\rho0p5\gb8\sadg0p05\nocons\shot4\Seed1\source_multilayer_prototypes.pt,0.0,gamma0,dec1_head,1,vertebrae,3,8,16,162690,50000,1707,1,0.9539183378219604,12,47
4,1,SIEMENS_SymphonyTim_37743_T1-TSE,72|31|126|53,D:\Running_Place\PostGraduateProjects\Experiments\PostGraduate\backbones\DisperssionWithSADG_ConstraintStyleRegularization\Seg-SADG\BaryRadGate\a0p08\rho0p5\gb8\sadg0p05\nocons\shot4\Seed1\baseline_model_with_metadata.pt,D:\Running_Place\PostGraduateProjects\Experiments\PostGraduate\backbones\Prompts\Seg-SADG\BaryRadGate\a0p08\rho0p5\gb8\sadg0p05\nocons\shot4\Seed1,D:\Running_Place\PostGraduateProjects\Experiments\PostGraduate\backbones\Prompts\Seg-SADG\BaryRadGate\a0p08\rho0p5\gb8\sadg0p05\nocons\shot4\Seed1\source_multilayer_prototypes.pt,0.0,gamma0,dec1_head,1,vertebrae,4,8,16,162690,50000,630,1,0.894420862197876,12,47
4,1,SIEMENS_SymphonyTim_37743_T1-TSE,72|31|126|53,D:\Running_Place\PostGraduateProjects\Experiments\PostGraduate\backbones\DisperssionWithSADG_ConstraintStyleRegularization\Seg-SADG\BaryRadGate\a0p08\rho0p5\gb8\sadg0p05\nocons\shot4\Seed1\baseline_model_with_metadata.pt,D:\Running_Place\PostGraduateProjects\Experiments\PostGraduate\backbones\Prompts\Seg-SADG\BaryRadGate\a0p08\rho0p5\gb8\sadg0p05\nocons\shot4\Seed1,D:\Running_Place\PostGraduateProjects\Experiments\PostGraduate\backbones\Prompts\Seg-SADG\BaryRadGate\a0p08\rho0p5\gb8\sadg0p05\nocons\shot4\Seed1\source_multilayer_prototypes.pt,0.0,gamma0,dec1_head,1,vertebrae,5,8,16,162690,50000,1107,1,0.9244175553321838,12,47
4,1,SIEMENS_SymphonyTim_37743_T1-TSE,72|31|126|53,D:\Running_Place\PostGraduateProjects\Experiments\PostGraduate\backbones\DisperssionWithSADG_ConstraintStyleRegularization\Seg-SADG\BaryRadGate\a0p08\rho0p5\gb8\sadg0p05\nocons\shot4\Seed1\baseline_model_with_metadata.pt,D:\Running_Place\PostGraduateProjects\Experiments\PostGraduate\backbones\Prompts\Seg-SADG\BaryRadGate\a0p08\rho0p5\gb8\sadg0p05\nocons\shot4\Seed1,D:\Running_Place\PostGraduateProjects\Experiments\PostGraduate\backbones\Prompts\Seg-SADG\BaryRadGate\a0p08\rho0p5\gb8\sadg0p05\nocons\shot4\Seed1\source_multilayer_prototypes.pt,0.0,gamma0,dec1_head,1,vertebrae,6,8,16,162690,50000,2487,1,0.9795128703117371,12,47
4,1,SIEMENS_SymphonyTim_37743_T1-TSE,72|31|126|53,D:\Running_Place\PostGraduateProjects\Experiments\PostGraduate\backbones\DisperssionWithSADG_ConstraintStyleRegularization\Seg-SADG\BaryRadGate\a0p08\rho0p5\gb8\sadg0p05\nocons\shot4\Seed1\baseline_model_with_metadata.pt,D:\Running_Place\PostGraduateProjects\Experiments\PostGraduate\backbones\Prompts\Seg-SADG\BaryRadGate\a0p08\rho0p5\gb8\sadg0p05\nocons\shot4\Seed1,D:\Running_Place\PostGraduateProjects\Experiments\PostGraduate\backbones\Prompts\Seg-SADG\BaryRadGate\a0p08\rho0p5\gb8\sadg0p05\nocons\shot4\Seed1\source_multilayer_prototypes.pt,0.0,gamma0,dec1_head,1,vertebrae,7,8,16,162690,50000,1476,1,0.9791505932807922,12,47
4,1,SIEMENS_SymphonyTim_37743_T1-TSE,72|31|126|53,D:\Running_Place\PostGraduateProjects\Experiments\PostGraduate\backbones\DisperssionWithSADG_ConstraintStyleRegularization\Seg-SADG\BaryRadGate\a0p08\rho0p5\gb8\sadg0p05\nocons\shot4\Seed1\baseline_model_with_metadata.pt,D:\Running_Place\PostGraduateProjects\Experiments\PostGraduate\backbones\Prompts\Seg-SADG\BaryRadGate\a0p08\rho0p5\gb8\sadg0p05\nocons\shot4\Seed1,D:\Running_Place\PostGraduateProjects\Experiments\PostGraduate\backbones\Prompts\Seg-SADG\BaryRadGate\a0p08\rho0p5\gb8\sadg0p05\nocons\shot4\Seed1\source_multilayer_prototypes.pt,0.0,gamma0,dec1_head,2,intervertebral_discs,0,4,16,30826,30826,7566,1,0.995456874370575,12,47
4,1,SIEMENS_SymphonyTim_37743_T1-TSE,72|31|126|53,D:\Running_Place\PostGraduateProjects\Experiments\PostGraduate\backbones\DisperssionWithSADG_ConstraintStyleRegularization\Seg-SADG\BaryRadGate\a0p08\rho0p5\gb8\sadg0p05\nocons\shot4\Seed1\baseline_model_with_metadata.pt,D:\Running_Place\PostGraduateProjects\Experiments\PostGraduate\backbones\Prompts\Seg-SADG\BaryRadGate\a0p08\rho0p5\gb8\sadg0p05\nocons\shot4\Seed1,D:\Running_Place\PostGraduateProjects\Experiments\PostGraduate\backbones\Prompts\Seg-SADG\BaryRadGate\a0p08\rho0p5\gb8\sadg0p05\nocons\shot4\Seed1\source_multilayer_prototypes.pt,0.0,gamma0,dec1_head,2,intervertebral_discs,1,4,16,30826,30826,1374,1,0.8952732086181641,12,47
4,1,SIEMENS_SymphonyTim_37743_T1-TSE,72|31|126|53,D:\Running_Place\PostGraduateProjects\Experiments\PostGraduate\backbones\DisperssionWithSADG_ConstraintStyleRegularization\Seg-SADG\BaryRadGate\a0p08\rho0p5\gb8\sadg0p05\nocons\shot4\Seed1\baseline_model_with_metadata.pt,D:\Running_Place\PostGraduateProjects\Experiments\PostGraduate\backbones\Prompts\Seg-SADG\BaryRadGate\a0p08\rho0p5\gb8\sadg0p05\nocons\shot4\Seed1,D:\Running_Place\PostGraduateProjects\Experiments\PostGraduate\backbones\Prompts\Seg-SADG\BaryRadGate\a0p08\rho0p5\gb8\sadg0p05\nocons\shot4\Seed1\source_multilayer_prototypes.pt,0.0,gamma0,dec1_head,2,intervertebral_discs,2,4,16,30826,30826,16385,1,0.9985839128494263,12,47
4,1,SIEMENS_SymphonyTim_37743_T1-TSE,72|31|126|53,D:\Running_Place\PostGraduateProjects\Experiments\PostGraduate\backbones\DisperssionWithSADG_ConstraintStyleRegularization\Seg-SADG\BaryRadGate\a0p08\rho0p5\gb8\sadg0p05\nocons\shot4\Seed1\baseline_model_with_metadata.pt,D:\Running_Place\PostGraduateProjects\Experiments\PostGraduate\backbones\Prompts\Seg-SADG\BaryRadGate\a0p08\rho0p5\gb8\sadg0p05\nocons\shot4\Seed1,D:\Running_Place\PostGraduateProjects\Experiments\PostGraduate\backbones\Prompts\Seg-SADG\BaryRadGate\a0p08\rho0p5\gb8\sadg0p05\nocons\shot4\Seed1\source_multilayer_prototypes.pt,0.0,gamma0,dec1_head,2,intervertebral_discs,3,4,16,30826,30826,5501,1,0.9949055314064026,12,47
4,1,SIEMENS_SymphonyTim_37743_T1-TSE,72|31|126|53,D:\Running_Place\PostGraduateProjects\Experiments\PostGraduate\backbones\DisperssionWithSADG_ConstraintStyleRegularization\Seg-SADG\BaryRadGate\a0p08\rho0p5\gb8\sadg0p05\nocons\shot4\Seed1\baseline_model_with_metadata.pt,D:\Running_Place\PostGraduateProjects\Experiments\PostGraduate\backbones\Prompts\Seg-SADG\BaryRadGate\a0p08\rho0p5\gb8\sadg0p05\nocons\shot4\Seed1,D:\Running_Place\PostGraduateProjects\Experiments\PostGraduate\backbones\Prompts\Seg-SADG\BaryRadGate\a0p08\rho0p5\gb8\sadg0p05\nocons\shot4\Seed1\source_multilayer_prototypes.pt,0.25,gamma0p25,dec3,0,background,0,8,32,135331,50000,14275,1,0.8538775444030762,12,47
4,1,SIEMENS_SymphonyTim_37743_T1-TSE,72|31|126|53,D:\Running_Place\PostGraduateProjects\Experiments\PostGraduate\backbones\DisperssionWithSADG_ConstraintStyleRegularization\Seg-SADG\BaryRadGate\a0p08\rho0p5\gb8\sadg0p05\nocons\shot4\Seed1\baseline_model_with_metadata.pt,D:\Running_Place\PostGraduateProjects\Experiments\PostGraduate\backbones\Prompts\Seg-SADG\BaryRadGate\a0p08\rho0p5\gb8\sadg0p05\nocons\shot4\Seed1,D:\Running_Place\PostGraduateProjects\Experiments\PostGraduate\backbones\Prompts\Seg-SADG\BaryRadGate\a0p08\rho0p5\gb8\sadg0p05\nocons\shot4\Seed1\source_multilayer_prototypes.pt,0.25,gamma0p25,dec3,0,background,1,8,32,135331,50000,6059,1,0.742811381816864,12,47
4,1,SIEMENS_SymphonyTim_37743_T1-TSE,72|31|126|53,D:\Running_Place\PostGraduateProjects\Experiments\PostGraduate\backbones\DisperssionWithSADG_ConstraintStyleRegularization\Seg-SADG\BaryRadGate\a0p08\rho0p5\gb8\sadg0p05\nocons\shot4\Seed1\baseline_model_with_metadata.pt,D:\Running_Place\PostGraduateProjects\Experiments\PostGraduate\backbones\Prompts\Seg-SADG\BaryRadGate\a0p08\rho0p5\gb8\sadg0p05\nocons\shot4\Seed1,D:\Running_Place\PostGraduateProjects\Experiments\PostGraduate\backbones\Prompts\Seg-SADG\BaryRadGate\a0p08\rho0p5\gb8\sadg0p05\nocons\shot4\Seed1\source_multilayer_prototypes.pt,0.25,gamma0p25,dec3,0,background,2,8,32,135331,50000,5193,1,0.7017742395401001,12,47
4,1,SIEMENS_SymphonyTim_37743_T1-TSE,72|31|126|53,D:\Running_Place\PostGraduateProjects\Experiments\PostGraduate\backbones\DisperssionWithSADG_ConstraintStyleRegularization\Seg-SADG\BaryRadGate\a0p08\rho0p5\gb8\sadg0p05\nocons\shot4\Seed1\baseline_model_with_metadata.pt,D:\Running_Place\PostGraduateProjects\Experiments\PostGraduate\backbones\Prompts\Seg-SADG\BaryRadGate\a0p08\rho0p5\gb8\sadg0p05\nocons\shot4\Seed1,D:\Running_Place\PostGraduateProjects\Experiments\PostGraduate\backbones\Prompts\Seg-SADG\BaryRadGate\a0p08\rho0p5\gb8\sadg0p05\nocons\shot4\Seed1\source_multilayer_prototypes.pt,0.25,gamma0p25,dec3,0,background,3,8,32,135331,50000,5315,1,0.6988276243209839,12,47
4,1,SIEMENS_SymphonyTim_37743_T1-TSE,72|31|126|53,D:\Running_Place\PostGraduateProjects\Experiments\PostGraduate\backbones\DisperssionWithSADG_ConstraintStyleRegularization\Seg-SADG\BaryRadGate\a0p08\rho0p5\gb8\sadg0p05\nocons\shot4\Seed1\baseline_model_with_metadata.pt,D:\Running_Place\PostGraduateProjects\Experiments\PostGraduate\backbones\Prompts\Seg-SADG\BaryRadGate\a0p08\rho0p5\gb8\sadg0p05\nocons\shot4\Seed1,D:\Running_Place\PostGraduateProjects\Experiments\PostGraduate\backbones\Prompts\Seg-SADG\BaryRadGate\a0p08\rho0p5\gb8\sadg0p05\nocons\shot4\Seed1\source_multilayer_prototypes.pt,0.25,gamma0p25,dec3,0,background,4,8,32,135331,50000,5494,1,0.7150986790657043,12,47
4,1,SIEMENS_SymphonyTim_37743_T1-TSE,72|31|126|53,D:\Running_Place\PostGraduateProjects\Experiments\PostGraduate\backbones\DisperssionWithSADG_ConstraintStyleRegularization\Seg-SADG\BaryRadGate\a0p08\rho0p5\gb8\sadg0p05\nocons\shot4\Seed1\baseline_model_with_metadata.pt,D:\Running_Place\PostGraduateProjects\Experiments\PostGraduate\backbones\Prompts\Seg-SADG\BaryRadGate\a0p08\rho0p5\gb8\sadg0p05\nocons\shot4\Seed1,D:\Running_Place\PostGraduateProjects\Experiments\PostGraduate\backbones\Prompts\Seg-SADG\BaryRadGate\a0p08\rho0p5\gb8\sadg0p05\nocons\shot4\Seed1\source_multilayer_prototypes.pt,0.25,gamma0p25,dec3,0,background,5,8,32,135331,50000,4546,1,0.6681791543960571,12,47
4,1,SIEMENS_SymphonyTim_37743_T1-TSE,72|31|126|53,D:\Running_Place\PostGraduateProjects\Experiments\PostGraduate\backbones\DisperssionWithSADG_ConstraintStyleRegularization\Seg-SADG\BaryRadGate\a0p08\rho0p5\gb8\sadg0p05\nocons\shot4\Seed1\baseline_model_with_metadata.pt,D:\Running_Place\PostGraduateProjects\Experiments\PostGraduate\backbones\Prompts\Seg-SADG\BaryRadGate\a0p08\rho0p5\gb8\sadg0p05\nocons\shot4\Seed1,D:\Running_Place\PostGraduateProjects\Experiments\PostGraduate\backbones\Prompts\Seg-SADG\BaryRadGate\a0p08\rho0p5\gb8\sadg0p05\nocons\shot4\Seed1\source_multilayer_prototypes.pt,0.25,gamma0p25,dec3,0,background,6,8,32,135331,50000,2268,1,0.7809352278709412,12,47
4,1,SIEMENS_SymphonyTim_37743_T1-TSE,72|31|126|53,D:\Running_Place\PostGraduateProjects\Experiments\PostGraduate\backbones\DisperssionWithSADG_ConstraintStyleRegularization\Seg-SADG\BaryRadGate\a0p08\rho0p5\gb8\sadg0p05\nocons\shot4\Seed1\baseline_model_with_metadata.pt,D:\Running_Place\PostGraduateProjects\Experiments\PostGraduate\backbones\Prompts\Seg-SADG\BaryRadGate\a0p08\rho0p5\gb8\sadg0p05\nocons\shot4\Seed1,D:\Running_Place\PostGraduateProjects\Experiments\PostGraduate\backbones\Prompts\Seg-SADG\BaryRadGate\a0p08\rho0p5\gb8\sadg0p05\nocons\shot4\Seed1\source_multilayer_prototypes.pt,0.25,gamma0p25,dec3,0,background,7,8,32,135331,50000,6850,1,0.7540779113769531,12,47
4,1,SIEMENS_SymphonyTim_37743_T1-TSE,72|31|126|53,D:\Running_Place\PostGraduateProjects\Experiments\PostGraduate\backbones\DisperssionWithSADG_ConstraintStyleRegularization\Seg-SADG\BaryRadGate\a0p08\rho0p5\gb8\sadg0p05\nocons\shot4\Seed1\baseline_model_with_metadata.pt,D:\Running_Place\PostGraduateProjects\Experiments\PostGraduate\backbones\Prompts\Seg-SADG\BaryRadGate\a0p08\rho0p5\gb8\sadg0p05\nocons\shot4\Seed1,D:\Running_Place\PostGraduateProjects\Experiments\PostGraduate\backbones\Prompts\Seg-SADG\BaryRadGate\a0p08\rho0p5\gb8\sadg0p05\nocons\shot4\Seed1\source_multilayer_prototypes.pt,0.25,gamma0p25,dec3,1,vertebrae,0,8,32,10155,10155,1443,1,0.8795122504234314,12,47
4,1,SIEMENS_SymphonyTim_37743_T1-TSE,72|31|126|53,D:\Running_Place\PostGraduateProjects\Experiments\PostGraduate\backbones\DisperssionWithSADG_ConstraintStyleRegularization\Seg-SADG\BaryRadGate\a0p08\rho0p5\gb8\sadg0p05\nocons\shot4\Seed1\baseline_model_with_metadata.pt,D:\Running_Place\PostGraduateProjects\Experiments\PostGraduate\backbones\Prompts\Seg-SADG\BaryRadGate\a0p08\rho0p5\gb8\sadg0p05\nocons\shot4\Seed1,D:\Running_Place\PostGraduateProjects\Experiments\PostGraduate\backbones\Prompts\Seg-SADG\BaryRadGate\a0p08\rho0p5\gb8\sadg0p05\nocons\shot4\Seed1\source_multilayer_prototypes.pt,0.25,gamma0p25,dec3,1,vertebrae,1,8,32,10155,10155,2139,1,0.9196052551269531,12,47
4,1,SIEMENS_SymphonyTim_37743_T1-TSE,72|31|126|53,D:\Running_Place\PostGraduateProjects\Experiments\PostGraduate\backbones\DisperssionWithSADG_ConstraintStyleRegularization\Seg-SADG\BaryRadGate\a0p08\rho0p5\gb8\sadg0p05\nocons\shot4\Seed1\baseline_model_with_metadata.pt,D:\Running_Place\PostGraduateProjects\Experiments\PostGraduate\backbones\Prompts\Seg-SADG\BaryRadGate\a0p08\rho0p5\gb8\sadg0p05\nocons\shot4\Seed1,D:\Running_Place\PostGraduateProjects\Experiments\PostGraduate\backbones\Prompts\Seg-SADG\BaryRadGate\a0p08\rho0p5\gb8\sadg0p05\nocons\shot4\Seed1\source_multilayer_prototypes.pt,0.25,gamma0p25,dec3,1,vertebrae,2,8,32,10155,10155,1109,1,0.8218705654144287,12,47
4,1,SIEMENS_SymphonyTim_37743_T1-TSE,72|31|126|53,D:\Running_Place\PostGraduateProjects\Experiments\PostGraduate\backbones\DisperssionWithSADG_ConstraintStyleRegularization\Seg-SADG\BaryRadGate\a0p08\rho0p5\gb8\sadg0p05\nocons\shot4\Seed1\baseline_model_with_metadata.pt,D:\Running_Place\PostGraduateProjects\Experiments\PostGraduate\backbones\Prompts\Seg-SADG\BaryRadGate\a0p08\rho0p5\gb8\sadg0p05\nocons\shot4\Seed1,D:\Running_Place\PostGraduateProjects\Experiments\PostGraduate\backbones\Prompts\Seg-SADG\BaryRadGate\a0p08\rho0p5\gb8\sadg0p05\nocons\shot4\Seed1\source_multilayer_prototypes.pt,0.25,gamma0p25,dec3,1,vertebrae,3,8,32,10155,10155,1972,1,0.8876526951789856,12,47
4,1,SIEMENS_SymphonyTim_37743_T1-TSE,72|31|126|53,D:\Running_Place\PostGraduateProjects\Experiments\PostGraduate\backbones\DisperssionWithSADG_ConstraintStyleRegularization\Seg-SADG\BaryRadGate\a0p08\rho0p5\gb8\sadg0p05\nocons\shot4\Seed1\baseline_model_with_metadata.pt,D:\Running_Place\PostGraduateProjects\Experiments\PostGraduate\backbones\Prompts\Seg-SADG\BaryRadGate\a0p08\rho0p5\gb8\sadg0p05\nocons\shot4\Seed1,D:\Running_Place\PostGraduateProjects\Experiments\PostGraduate\backbones\Prompts\Seg-SADG\BaryRadGate\a0p08\rho0p5\gb8\sadg0p05\nocons\shot4\Seed1\source_multilayer_prototypes.pt,0.25,gamma0p25,dec3,1,vertebrae,4,8,32,10155,10155,855,1,0.7917365431785583,12,47
4,1,SIEMENS_SymphonyTim_37743_T1-TSE,72|31|126|53,D:\Running_Place\PostGraduateProjects\Experiments\PostGraduate\backbones\DisperssionWithSADG_ConstraintStyleRegularization\Seg-SADG\BaryRadGate\a0p08\rho0p5\gb8\sadg0p05\nocons\shot4\Seed1\baseline_model_with_metadata.pt,D:\Running_Place\PostGraduateProjects\Experiments\PostGraduate\backbones\Prompts\Seg-SADG\BaryRadGate\a0p08\rho0p5\gb8\sadg0p05\nocons\shot4\Seed1,D:\Running_Place\PostGraduateProjects\Experiments\PostGraduate\backbones\Prompts\Seg-SADG\BaryRadGate\a0p08\rho0p5\gb8\sadg0p05\nocons\shot4\Seed1\source_multilayer_prototypes.pt,0.25,gamma0p25,dec3,1,vertebrae,5,8,32,10155,10155,738,1,0.6727850437164307,12,47
4,1,SIEMENS_SymphonyTim_37743_T1-TSE,72|31|126|53,D:\Running_Place\PostGraduateProjects\Experiments\PostGraduate\backbones\DisperssionWithSADG_ConstraintStyleRegularization\Seg-SADG\BaryRadGate\a0p08\rho0p5\gb8\sadg0p05\nocons\shot4\Seed1\baseline_model_with_metadata.pt,D:\Running_Place\PostGraduateProjects\Experiments\PostGraduate\backbones\Prompts\Seg-SADG\BaryRadGate\a0p08\rho0p5\gb8\sadg0p05\nocons\shot4\Seed1,D:\Running_Place\PostGraduateProjects\Experiments\PostGraduate\backbones\Prompts\Seg-SADG\BaryRadGate\a0p08\rho0p5\gb8\sadg0p05\nocons\shot4\Seed1\source_multilayer_prototypes.pt,0.25,gamma0p25,dec3,1,vertebrae,6,8,32,10155,10155,843,1,0.816292941570282,12,47
4,1,SIEMENS_SymphonyTim_37743_T1-TSE,72|31|126|53,D:\Running_Place\PostGraduateProjects\Experiments\PostGraduate\backbones\DisperssionWithSADG_ConstraintStyleRegularization\Seg-SADG\BaryRadGate\a0p08\rho0p5\gb8\sadg0p05\nocons\shot4\Seed1\baseline_model_with_metadata.pt,D:\Running_Place\PostGraduateProjects\Experiments\PostGraduate\backbones\Prompts\Seg-SADG\BaryRadGate\a0p08\rho0p5\gb8\sadg0p05\nocons\shot4\Seed1,D:\Running_Place\PostGraduateProjects\Experiments\PostGraduate\backbones\Prompts\Seg-SADG\BaryRadGate\a0p08\rho0p5\gb8\sadg0p05\nocons\shot4\Seed1\source_multilayer_prototypes.pt,0.25,gamma0p25,dec3,1,vertebrae,7,8,32,10155,10155,1056,1,0.8263806104660034,12,47
4,1,SIEMENS_SymphonyTim_37743_T1-TSE,72|31|126|53,D:\Running_Place\PostGraduateProjects\Experiments\PostGraduate\backbones\DisperssionWithSADG_ConstraintStyleRegularization\Seg-SADG\BaryRadGate\a0p08\rho0p5\gb8\sadg0p05\nocons\shot4\Seed1\baseline_model_with_metadata.pt,D:\Running_Place\PostGraduateProjects\Experiments\PostGraduate\backbones\Prompts\Seg-SADG\BaryRadGate\a0p08\rho0p5\gb8\sadg0p05\nocons\shot4\Seed1,D:\Running_Place\PostGraduateProjects\Experiments\PostGraduate\backbones\Prompts\Seg-SADG\BaryRadGate\a0p08\rho0p5\gb8\sadg0p05\nocons\shot4\Seed1\source_multilayer_prototypes.pt,0.25,gamma0p25,dec3,2,intervertebral_discs,0,4,32,1906,1906,256,1,0.8286047577857971,12,47
4,1,SIEMENS_SymphonyTim_37743_T1-TSE,72|31|126|53,D:\Running_Place\PostGraduateProjects\Experiments\PostGraduate\backbones\DisperssionWithSADG_ConstraintStyleRegularization\Seg-SADG\BaryRadGate\a0p08\rho0p5\gb8\sadg0p05\nocons\shot4\Seed1\baseline_model_with_metadata.pt,D:\Running_Place\PostGraduateProjects\Experiments\PostGraduate\backbones\Prompts\Seg-SADG\BaryRadGate\a0p08\rho0p5\gb8\sadg0p05\nocons\shot4\Seed1,D:\Running_Place\PostGraduateProjects\Experiments\PostGraduate\backbones\Prompts\Seg-SADG\BaryRadGate\a0p08\rho0p5\gb8\sadg0p05\nocons\shot4\Seed1\source_multilayer_prototypes.pt,0.25,gamma0p25,dec3,2,intervertebral_discs,1,4,32,1906,1906,738,1,0.8694728016853333,12,47
4,1,SIEMENS_SymphonyTim_37743_T1-TSE,72|31|126|53,D:\Running_Place\PostGraduateProjects\Experiments\PostGraduate\backbones\DisperssionWithSADG_ConstraintStyleRegularization\Seg-SADG\BaryRadGate\a0p08\rho0p5\gb8\sadg0p05\nocons\shot4\Seed1\baseline_model_with_metadata.pt,D:\Running_Place\PostGraduateProjects\Experiments\PostGraduate\backbones\Prompts\Seg-SADG\BaryRadGate\a0p08\rho0p5\gb8\sadg0p05\nocons\shot4\Seed1,D:\Running_Place\PostGraduateProjects\Experiments\PostGraduate\backbones\Prompts\Seg-SADG\BaryRadGate\a0p08\rho0p5\gb8\sadg0p05\nocons\shot4\Seed1\source_multilayer_prototypes.pt,0.25,gamma0p25,dec3,2,intervertebral_discs,2,4,32,1906,1906,479,1,0.8629315495491028,12,47
4,1,SIEMENS_SymphonyTim_37743_T1-TSE,72|31|126|53,D:\Running_Place\PostGraduateProjects\Experiments\PostGraduate\backbones\DisperssionWithSADG_ConstraintStyleRegularization\Seg-SADG\BaryRadGate\a0p08\rho0p5\gb8\sadg0p05\nocons\shot4\Seed1\baseline_model_with_metadata.pt,D:\Running_Place\PostGraduateProjects\Experiments\PostGraduate\backbones\Prompts\Seg-SADG\BaryRadGate\a0p08\rho0p5\gb8\sadg0p05\nocons\shot4\Seed1,D:\Running_Place\PostGraduateProjects\Experiments\PostGraduate\backbones\Prompts\Seg-SADG\BaryRadGate\a0p08\rho0p5\gb8\sadg0p05\nocons\shot4\Seed1\source_multilayer_prototypes.pt,0.25,gamma0p25,dec3,2,intervertebral_discs,3,4,32,1906,1906,433,1,0.8746249675750732,12,47
4,1,SIEMENS_SymphonyTim_37743_T1-TSE,72|31|126|53,D:\Running_Place\PostGraduateProjects\Experiments\PostGraduate\backbones\DisperssionWithSADG_ConstraintStyleRegularization\Seg-SADG\BaryRadGate\a0p08\rho0p5\gb8\sadg0p05\nocons\shot4\Seed1\baseline_model_with_metadata.pt,D:\Running_Place\PostGraduateProjects\Experiments\PostGraduate\backbones\Prompts\Seg-SADG\BaryRadGate\a0p08\rho0p5\gb8\sadg0p05\nocons\shot4\Seed1,D:\Running_Place\PostGraduateProjects\Experiments\PostGraduate\backbones\Prompts\Seg-SADG\BaryRadGate\a0p08\rho0p5\gb8\sadg0p05\nocons\shot4\Seed1\source_multilayer_prototypes.pt,0.25,gamma0p25,dec2,0,background,0,8,16,541277,50000,7440,1,0.9393919706344604,12,47
4,1,SIEMENS_SymphonyTim_37743_T1-TSE,72|31|126|53,D:\Running_Place\PostGraduateProjects\Experiments\PostGraduate\backbones\DisperssionWithSADG_ConstraintStyleRegularization\Seg-SADG\BaryRadGate\a0p08\rho0p5\gb8\sadg0p05\nocons\shot4\Seed1\baseline_model_with_metadata.pt,D:\Running_Place\PostGraduateProjects\Experiments\PostGraduate\backbones\Prompts\Seg-SADG\BaryRadGate\a0p08\rho0p5\gb8\sadg0p05\nocons\shot4\Seed1,D:\Running_Place\PostGraduateProjects\Experiments\PostGraduate\backbones\Prompts\Seg-SADG\BaryRadGate\a0p08\rho0p5\gb8\sadg0p05\nocons\shot4\Seed1\source_multilayer_prototypes.pt,0.25,gamma0p25,dec2,0,background,1,8,16,541277,50000,7099,1,0.9102169275283813,12,47
4,1,SIEMENS_SymphonyTim_37743_T1-TSE,72|31|126|53,D:\Running_Place\PostGraduateProjects\Experiments\PostGraduate\backbones\DisperssionWithSADG_ConstraintStyleRegularization\Seg-SADG\BaryRadGate\a0p08\rho0p5\gb8\sadg0p05\nocons\shot4\Seed1\baseline_model_with_metadata.pt,D:\Running_Place\PostGraduateProjects\Experiments\PostGraduate\backbones\Prompts\Seg-SADG\BaryRadGate\a0p08\rho0p5\gb8\sadg0p05\nocons\shot4\Seed1,D:\Running_Place\PostGraduateProjects\Experiments\PostGraduate\backbones\Prompts\Seg-SADG\BaryRadGate\a0p08\rho0p5\gb8\sadg0p05\nocons\shot4\Seed1\source_multilayer_prototypes.pt,0.25,gamma0p25,dec2,0,background,2,8,16,541277,50000,5757,1,0.8642072081565857,12,47
4,1,SIEMENS_SymphonyTim_37743_T1-TSE,72|31|126|53,D:\Running_Place\PostGraduateProjects\Experiments\PostGraduate\backbones\DisperssionWithSADG_ConstraintStyleRegularization\Seg-SADG\BaryRadGate\a0p08\rho0p5\gb8\sadg0p05\nocons\shot4\Seed1\baseline_model_with_metadata.pt,D:\Running_Place\PostGraduateProjects\Experiments\PostGraduate\backbones\Prompts\Seg-SADG\BaryRadGate\a0p08\rho0p5\gb8\sadg0p05\nocons\shot4\Seed1,D:\Running_Place\PostGraduateProjects\Experiments\PostGraduate\backbones\Prompts\Seg-SADG\BaryRadGate\a0p08\rho0p5\gb8\sadg0p05\nocons\shot4\Seed1\source_multilayer_prototypes.pt,0.25,gamma0p25,dec2,0,background,3,8,16,541277,50000,2182,1,0.7952064871788025,12,47
4,1,SIEMENS_SymphonyTim_37743_T1-TSE,72|31|126|53,D:\Running_Place\PostGraduateProjects\Experiments\PostGraduate\backbones\DisperssionWithSADG_ConstraintStyleRegularization\Seg-SADG\BaryRadGate\a0p08\rho0p5\gb8\sadg0p05\nocons\shot4\Seed1\baseline_model_with_metadata.pt,D:\Running_Place\PostGraduateProjects\Experiments\PostGraduate\backbones\Prompts\Seg-SADG\BaryRadGate\a0p08\rho0p5\gb8\sadg0p05\nocons\shot4\Seed1,D:\Running_Place\PostGraduateProjects\Experiments\PostGraduate\backbones\Prompts\Seg-SADG\BaryRadGate\a0p08\rho0p5\gb8\sadg0p05\nocons\shot4\Seed1\source_multilayer_prototypes.pt,0.25,gamma0p25,dec2,0,background,4,8,16,541277,50000,5004,1,0.8725364804267883,12,47
4,1,SIEMENS_SymphonyTim_37743_T1-TSE,72|31|126|53,D:\Running_Place\PostGraduateProjects\Experiments\PostGraduate\backbones\DisperssionWithSADG_ConstraintStyleRegularization\Seg-SADG\BaryRadGate\a0p08\rho0p5\gb8\sadg0p05\nocons\shot4\Seed1\baseline_model_with_metadata.pt,D:\Running_Place\PostGraduateProjects\Experiments\PostGraduate\backbones\Prompts\Seg-SADG\BaryRadGate\a0p08\rho0p5\gb8\sadg0p05\nocons\shot4\Seed1,D:\Running_Place\PostGraduateProjects\Experiments\PostGraduate\backbones\Prompts\Seg-SADG\BaryRadGate\a0p08\rho0p5\gb8\sadg0p05\nocons\shot4\Seed1\source_multilayer_prototypes.pt,0.25,gamma0p25,dec2,0,background,5,8,16,541277,50000,16310,1,0.9692227244377136,12,47
4,1,SIEMENS_SymphonyTim_37743_T1-TSE,72|31|126|53,D:\Running_Place\PostGraduateProjects\Experiments\PostGraduate\backbones\DisperssionWithSADG_ConstraintStyleRegularization\Seg-SADG\BaryRadGate\a0p08\rho0p5\gb8\sadg0p05\nocons\shot4\Seed1\baseline_model_with_metadata.pt,D:\Running_Place\PostGraduateProjects\Experiments\PostGraduate\backbones\Prompts\Seg-SADG\BaryRadGate\a0p08\rho0p5\gb8\sadg0p05\nocons\shot4\Seed1,D:\Running_Place\PostGraduateProjects\Experiments\PostGraduate\backbones\Prompts\Seg-SADG\BaryRadGate\a0p08\rho0p5\gb8\sadg0p05\nocons\shot4\Seed1\source_multilayer_prototypes.pt,0.25,gamma0p25,dec2,0,background,6,8,16,541277,50000,2382,1,0.7196120619773865,12,47
4,1,SIEMENS_SymphonyTim_37743_T1-TSE,72|31|126|53,D:\Running_Place\PostGraduateProjects\Experiments\PostGraduate\backbones\DisperssionWithSADG_ConstraintStyleRegularization\Seg-SADG\BaryRadGate\a0p08\rho0p5\gb8\sadg0p05\nocons\shot4\Seed1\baseline_model_with_metadata.pt,D:\Running_Place\PostGraduateProjects\Experiments\PostGraduate\backbones\Prompts\Seg-SADG\BaryRadGate\a0p08\rho0p5\gb8\sadg0p05\nocons\shot4\Seed1,D:\Running_Place\PostGraduateProjects\Experiments\PostGraduate\backbones\Prompts\Seg-SADG\BaryRadGate\a0p08\rho0p5\gb8\sadg0p05\nocons\shot4\Seed1\source_multilayer_prototypes.pt,0.25,gamma0p25,dec2,0,background,7,8,16,541277,50000,3826,1,0.9129271507263184,12,47
4,1,SIEMENS_SymphonyTim_37743_T1-TSE,72|31|126|53,D:\Running_Place\PostGraduateProjects\Experiments\PostGraduate\backbones\DisperssionWithSADG_ConstraintStyleRegularization\Seg-SADG\BaryRadGate\a0p08\rho0p5\gb8\sadg0p05\nocons\shot4\Seed1\baseline_model_with_metadata.pt,D:\Running_Place\PostGraduateProjects\Experiments\PostGraduate\backbones\Prompts\Seg-SADG\BaryRadGate\a0p08\rho0p5\gb8\sadg0p05\nocons\shot4\Seed1,D:\Running_Place\PostGraduateProjects\Experiments\PostGraduate\backbones\Prompts\Seg-SADG\BaryRadGate\a0p08\rho0p5\gb8\sadg0p05\nocons\shot4\Seed1\source_multilayer_prototypes.pt,0.25,gamma0p25,dec2,1,vertebrae,0,8,16,40484,40484,4650,1,0.9057125449180603,12,47
4,1,SIEMENS_SymphonyTim_37743_T1-TSE,72|31|126|53,D:\Running_Place\PostGraduateProjects\Experiments\PostGraduate\backbones\DisperssionWithSADG_ConstraintStyleRegularization\Seg-SADG\BaryRadGate\a0p08\rho0p5\gb8\sadg0p05\nocons\shot4\Seed1\baseline_model_with_metadata.pt,D:\Running_Place\PostGraduateProjects\Experiments\PostGraduate\backbones\Prompts\Seg-SADG\BaryRadGate\a0p08\rho0p5\gb8\sadg0p05\nocons\shot4\Seed1,D:\Running_Place\PostGraduateProjects\Experiments\PostGraduate\backbones\Prompts\Seg-SADG\BaryRadGate\a0p08\rho0p5\gb8\sadg0p05\nocons\shot4\Seed1\source_multilayer_prototypes.pt,0.25,gamma0p25,dec2,1,vertebrae,1,8,16,40484,40484,2606,1,0.8515987396240234,12,47
4,1,SIEMENS_SymphonyTim_37743_T1-TSE,72|31|126|53,D:\Running_Place\PostGraduateProjects\Experiments\PostGraduate\backbones\DisperssionWithSADG_ConstraintStyleRegularization\Seg-SADG\BaryRadGate\a0p08\rho0p5\gb8\sadg0p05\nocons\shot4\Seed1\baseline_model_with_metadata.pt,D:\Running_Place\PostGraduateProjects\Experiments\PostGraduate\backbones\Prompts\Seg-SADG\BaryRadGate\a0p08\rho0p5\gb8\sadg0p05\nocons\shot4\Seed1,D:\Running_Place\PostGraduateProjects\Experiments\PostGraduate\backbones\Prompts\Seg-SADG\BaryRadGate\a0p08\rho0p5\gb8\sadg0p05\nocons\shot4\Seed1\source_multilayer_prototypes.pt,0.25,gamma0p25,dec2,1,vertebrae,2,8,16,40484,40484,5225,1,0.9065364599227905,12,47
4,1,SIEMENS_SymphonyTim_37743_T1-TSE,72|31|126|53,D:\Running_Place\PostGraduateProjects\Experiments\PostGraduate\backbones\DisperssionWithSADG_ConstraintStyleRegularization\Seg-SADG\BaryRadGate\a0p08\rho0p5\gb8\sadg0p05\nocons\shot4\Seed1\baseline_model_with_metadata.pt,D:\Running_Place\PostGraduateProjects\Experiments\PostGraduate\backbones\Prompts\Seg-SADG\BaryRadGate\a0p08\rho0p5\gb8\sadg0p05\nocons\shot4\Seed1,D:\Running_Place\PostGraduateProjects\Experiments\PostGraduate\backbones\Prompts\Seg-SADG\BaryRadGate\a0p08\rho0p5\gb8\sadg0p05\nocons\shot4\Seed1\source_multilayer_prototypes.pt,0.25,gamma0p25,dec2,1,vertebrae,3,8,16,40484,40484,2642,1,0.8259544372558594,12,47
4,1,SIEMENS_SymphonyTim_37743_T1-TSE,72|31|126|53,D:\Running_Place\PostGraduateProjects\Experiments\PostGraduate\backbones\DisperssionWithSADG_ConstraintStyleRegularization\Seg-SADG\BaryRadGate\a0p08\rho0p5\gb8\sadg0p05\nocons\shot4\Seed1\baseline_model_with_metadata.pt,D:\Running_Place\PostGraduateProjects\Experiments\PostGraduate\backbones\Prompts\Seg-SADG\BaryRadGate\a0p08\rho0p5\gb8\sadg0p05\nocons\shot4\Seed1,D:\Running_Place\PostGraduateProjects\Experiments\PostGraduate\backbones\Prompts\Seg-SADG\BaryRadGate\a0p08\rho0p5\gb8\sadg0p05\nocons\shot4\Seed1\source_multilayer_prototypes.pt,0.25,gamma0p25,dec2,1,vertebrae,4,8,16,40484,40484,4216,1,0.9242167472839355,12,47
4,1,SIEMENS_SymphonyTim_37743_T1-TSE,72|31|126|53,D:\Running_Place\PostGraduateProjects\Experiments\PostGraduate\backbones\DisperssionWithSADG_ConstraintStyleRegularization\Seg-SADG\BaryRadGate\a0p08\rho0p5\gb8\sadg0p05\nocons\shot4\Seed1\baseline_model_with_metadata.pt,D:\Running_Place\PostGraduateProjects\Experiments\PostGraduate\backbones\Prompts\Seg-SADG\BaryRadGate\a0p08\rho0p5\gb8\sadg0p05\nocons\shot4\Seed1,D:\Running_Place\PostGraduateProjects\Experiments\PostGraduate\backbones\Prompts\Seg-SADG\BaryRadGate\a0p08\rho0p5\gb8\sadg0p05\nocons\shot4\Seed1\source_multilayer_prototypes.pt,0.25,gamma0p25,dec2,1,vertebrae,5,8,16,40484,40484,3615,1,0.882889986038208,12,47
4,1,SIEMENS_SymphonyTim_37743_T1-TSE,72|31|126|53,D:\Running_Place\PostGraduateProjects\Experiments\PostGraduate\backbones\DisperssionWithSADG_ConstraintStyleRegularization\Seg-SADG\BaryRadGate\a0p08\rho0p5\gb8\sadg0p05\nocons\shot4\Seed1\baseline_model_with_metadata.pt,D:\Running_Place\PostGraduateProjects\Experiments\PostGraduate\backbones\Prompts\Seg-SADG\BaryRadGate\a0p08\rho0p5\gb8\sadg0p05\nocons\shot4\Seed1,D:\Running_Place\PostGraduateProjects\Experiments\PostGraduate\backbones\Prompts\Seg-SADG\BaryRadGate\a0p08\rho0p5\gb8\sadg0p05\nocons\shot4\Seed1\source_multilayer_prototypes.pt,0.25,gamma0p25,dec2,1,vertebrae,6,8,16,40484,40484,1368,1,0.830702543258667,12,47
4,1,SIEMENS_SymphonyTim_37743_T1-TSE,72|31|126|53,D:\Running_Place\PostGraduateProjects\Experiments\PostGraduate\backbones\DisperssionWithSADG_ConstraintStyleRegularization\Seg-SADG\BaryRadGate\a0p08\rho0p5\gb8\sadg0p05\nocons\shot4\Seed1\baseline_model_with_metadata.pt,D:\Running_Place\PostGraduateProjects\Experiments\PostGraduate\backbones\Prompts\Seg-SADG\BaryRadGate\a0p08\rho0p5\gb8\sadg0p05\nocons\shot4\Seed1,D:\Running_Place\PostGraduateProjects\Experiments\PostGraduate\backbones\Prompts\Seg-SADG\BaryRadGate\a0p08\rho0p5\gb8\sadg0p05\nocons\shot4\Seed1\source_multilayer_prototypes.pt,0.25,gamma0p25,dec2,1,vertebrae,7,8,16,40484,40484,16162,1,0.9636016488075256,12,47
4,1,SIEMENS_SymphonyTim_37743_T1-TSE,72|31|126|53,D:\Running_Place\PostGraduateProjects\Experiments\PostGraduate\backbones\DisperssionWithSADG_ConstraintStyleRegularization\Seg-SADG\BaryRadGate\a0p08\rho0p5\gb8\sadg0p05\nocons\shot4\Seed1\baseline_model_with_metadata.pt,D:\Running_Place\PostGraduateProjects\Experiments\PostGraduate\backbones\Prompts\Seg-SADG\BaryRadGate\a0p08\rho0p5\gb8\sadg0p05\nocons\shot4\Seed1,D:\Running_Place\PostGraduateProjects\Experiments\PostGraduate\backbones\Prompts\Seg-SADG\BaryRadGate\a0p08\rho0p5\gb8\sadg0p05\nocons\shot4\Seed1\source_multilayer_prototypes.pt,0.25,gamma0p25,dec2,2,intervertebral_discs,0,4,16,7807,7807,1539,1,0.9556025266647339,12,47
4,1,SIEMENS_SymphonyTim_37743_T1-TSE,72|31|126|53,D:\Running_Place\PostGraduateProjects\Experiments\PostGraduate\backbones\DisperssionWithSADG_ConstraintStyleRegularization\Seg-SADG\BaryRadGate\a0p08\rho0p5\gb8\sadg0p05\nocons\shot4\Seed1\baseline_model_with_metadata.pt,D:\Running_Place\PostGraduateProjects\Experiments\PostGraduate\backbones\Prompts\Seg-SADG\BaryRadGate\a0p08\rho0p5\gb8\sadg0p05\nocons\shot4\Seed1,D:\Running_Place\PostGraduateProjects\Experiments\PostGraduate\backbones\Prompts\Seg-SADG\BaryRadGate\a0p08\rho0p5\gb8\sadg0p05\nocons\shot4\Seed1\source_multilayer_prototypes.pt,0.25,gamma0p25,dec2,2,intervertebral_discs,1,4,16,7807,7807,951,1,0.9282448291778564,12,47
4,1,SIEMENS_SymphonyTim_37743_T1-TSE,72|31|126|53,D:\Running_Place\PostGraduateProjects\Experiments\PostGraduate\backbones\DisperssionWithSADG_ConstraintStyleRegularization\Seg-SADG\BaryRadGate\a0p08\rho0p5\gb8\sadg0p05\nocons\shot4\Seed1\baseline_model_with_metadata.pt,D:\Running_Place\PostGraduateProjects\Experiments\PostGraduate\backbones\Prompts\Seg-SADG\BaryRadGate\a0p08\rho0p5\gb8\sadg0p05\nocons\shot4\Seed1,D:\Running_Place\PostGraduateProjects\Experiments\PostGraduate\backbones\Prompts\Seg-SADG\BaryRadGate\a0p08\rho0p5\gb8\sadg0p05\nocons\shot4\Seed1\source_multilayer_prototypes.pt,0.25,gamma0p25,dec2,2,intervertebral_discs,2,4,16,7807,7807,2379,1,0.969363272190094,12,47
4,1,SIEMENS_SymphonyTim_37743_T1-TSE,72|31|126|53,D:\Running_Place\PostGraduateProjects\Experiments\PostGraduate\backbones\DisperssionWithSADG_ConstraintStyleRegularization\Seg-SADG\BaryRadGate\a0p08\rho0p5\gb8\sadg0p05\nocons\shot4\Seed1\baseline_model_with_metadata.pt,D:\Running_Place\PostGraduateProjects\Experiments\PostGraduate\backbones\Prompts\Seg-SADG\BaryRadGate\a0p08\rho0p5\gb8\sadg0p05\nocons\shot4\Seed1,D:\Running_Place\PostGraduateProjects\Experiments\PostGraduate\backbones\Prompts\Seg-SADG\BaryRadGate\a0p08\rho0p5\gb8\sadg0p05\nocons\shot4\Seed1\source_multilayer_prototypes.pt,0.25,gamma0p25,dec2,2,intervertebral_discs,3,4,16,7807,7807,2938,1,0.9705075025558472,12,47
4,1,SIEMENS_SymphonyTim_37743_T1-TSE,72|31|126|53,D:\Running_Place\PostGraduateProjects\Experiments\PostGraduate\backbones\DisperssionWithSADG_ConstraintStyleRegularization\Seg-SADG\BaryRadGate\a0p08\rho0p5\gb8\sadg0p05\nocons\shot4\Seed1\baseline_model_with_metadata.pt,D:\Running_Place\PostGraduateProjects\Experiments\PostGraduate\backbones\Prompts\Seg-SADG\BaryRadGate\a0p08\rho0p5\gb8\sadg0p05\nocons\shot4\Seed1,D:\Running_Place\PostGraduateProjects\Experiments\PostGraduate\backbones\Prompts\Seg-SADG\BaryRadGate\a0p08\rho0p5\gb8\sadg0p05\nocons\shot4\Seed1\source_multilayer_prototypes.pt,0.25,gamma0p25,dec1,0,background,0,8,16,2164756,50000,8863,1,0.9986700415611267,12,47
4,1,SIEMENS_SymphonyTim_37743_T1-TSE,72|31|126|53,D:\Running_Place\PostGraduateProjects\Experiments\PostGraduate\backbones\DisperssionWithSADG_ConstraintStyleRegularization\Seg-SADG\BaryRadGate\a0p08\rho0p5\gb8\sadg0p05\nocons\shot4\Seed1\baseline_model_with_metadata.pt,D:\Running_Place\PostGraduateProjects\Experiments\PostGraduate\backbones\Prompts\Seg-SADG\BaryRadGate\a0p08\rho0p5\gb8\sadg0p05\nocons\shot4\Seed1,D:\Running_Place\PostGraduateProjects\Experiments\PostGraduate\backbones\Prompts\Seg-SADG\BaryRadGate\a0p08\rho0p5\gb8\sadg0p05\nocons\shot4\Seed1\source_multilayer_prototypes.pt,0.25,gamma0p25,dec1,0,background,1,8,16,2164756,50000,1934,1,0.9905700087547302,12,47
4,1,SIEMENS_SymphonyTim_37743_T1-TSE,72|31|126|53,D:\Running_Place\PostGraduateProjects\Experiments\PostGraduate\backbones\DisperssionWithSADG_ConstraintStyleRegularization\Seg-SADG\BaryRadGate\a0p08\rho0p5\gb8\sadg0p05\nocons\shot4\Seed1\baseline_model_with_metadata.pt,D:\Running_Place\PostGraduateProjects\Experiments\PostGraduate\backbones\Prompts\Seg-SADG\BaryRadGate\a0p08\rho0p5\gb8\sadg0p05\nocons\shot4\Seed1,D:\Running_Place\PostGraduateProjects\Experiments\PostGraduate\backbones\Prompts\Seg-SADG\BaryRadGate\a0p08\rho0p5\gb8\sadg0p05\nocons\shot4\Seed1\source_multilayer_prototypes.pt,0.25,gamma0p25,dec1,0,background,2,8,16,2164756,50000,900,1,0.9707103967666626,12,47
4,1,SIEMENS_SymphonyTim_37743_T1-TSE,72|31|126|53,D:\Running_Place\PostGraduateProjects\Experiments\PostGraduate\backbones\DisperssionWithSADG_ConstraintStyleRegularization\Seg-SADG\BaryRadGate\a0p08\rho0p5\gb8\sadg0p05\nocons\shot4\Seed1\baseline_model_with_metadata.pt,D:\Running_Place\PostGraduateProjects\Experiments\PostGraduate\backbones\Prompts\Seg-SADG\BaryRadGate\a0p08\rho0p5\gb8\sadg0p05\nocons\shot4\Seed1,D:\Running_Place\PostGraduateProjects\Experiments\PostGraduate\backbones\Prompts\Seg-SADG\BaryRadGate\a0p08\rho0p5\gb8\sadg0p05\nocons\shot4\Seed1\source_multilayer_prototypes.pt,0.25,gamma0p25,dec1,0,background,3,8,16,2164756,50000,7763,1,0.9985001683235168,12,47
4,1,SIEMENS_SymphonyTim_37743_T1-TSE,72|31|126|53,D:\Running_Place\PostGraduateProjects\Experiments\PostGraduate\backbones\DisperssionWithSADG_ConstraintStyleRegularization\Seg-SADG\BaryRadGate\a0p08\rho0p5\gb8\sadg0p05\nocons\shot4\Seed1\baseline_model_with_metadata.pt,D:\Running_Place\PostGraduateProjects\Experiments\PostGraduate\backbones\Prompts\Seg-SADG\BaryRadGate\a0p08\rho0p5\gb8\sadg0p05\nocons\shot4\Seed1,D:\Running_Place\PostGraduateProjects\Experiments\PostGraduate\backbones\Prompts\Seg-SADG\BaryRadGate\a0p08\rho0p5\gb8\sadg0p05\nocons\shot4\Seed1\source_multilayer_prototypes.pt,0.25,gamma0p25,dec1,0,background,4,8,16,2164756,50000,9472,1,0.9989974498748779,12,47
4,1,SIEMENS_SymphonyTim_37743_T1-TSE,72|31|126|53,D:\Running_Place\PostGraduateProjects\Experiments\PostGraduate\backbones\DisperssionWithSADG_ConstraintStyleRegularization\Seg-SADG\BaryRadGate\a0p08\rho0p5\gb8\sadg0p05\nocons\shot4\Seed1\baseline_model_with_metadata.pt,D:\Running_Place\PostGraduateProjects\Experiments\PostGraduate\backbones\Prompts\Seg-SADG\BaryRadGate\a0p08\rho0p5\gb8\sadg0p05\nocons\shot4\Seed1,D:\Running_Place\PostGraduateProjects\Experiments\PostGraduate\backbones\Prompts\Seg-SADG\BaryRadGate\a0p08\rho0p5\gb8\sadg0p05\nocons\shot4\Seed1\source_multilayer_prototypes.pt,0.25,gamma0p25,dec1,0,background,5,8,16,2164756,50000,19524,1,0.9989497065544128,12,47
4,1,SIEMENS_SymphonyTim_37743_T1-TSE,72|31|126|53,D:\Running_Place\PostGraduateProjects\Experiments\PostGraduate\backbones\DisperssionWithSADG_ConstraintStyleRegularization\Seg-SADG\BaryRadGate\a0p08\rho0p5\gb8\sadg0p05\nocons\shot4\Seed1\baseline_model_with_metadata.pt,D:\Running_Place\PostGraduateProjects\Experiments\PostGraduate\backbones\Prompts\Seg-SADG\BaryRadGate\a0p08\rho0p5\gb8\sadg0p05\nocons\shot4\Seed1,D:\Running_Place\PostGraduateProjects\Experiments\PostGraduate\backbones\Prompts\Seg-SADG\BaryRadGate\a0p08\rho0p5\gb8\sadg0p05\nocons\shot4\Seed1\source_multilayer_prototypes.pt,0.25,gamma0p25,dec1,0,background,6,8,16,2164756,50000,467,1,0.8763850331306458,12,47
4,1,SIEMENS_SymphonyTim_37743_T1-TSE,72|31|126|53,D:\Running_Place\PostGraduateProjects\Experiments\PostGraduate\backbones\DisperssionWithSADG_ConstraintStyleRegularization\Seg-SADG\BaryRadGate\a0p08\rho0p5\gb8\sadg0p05\nocons\shot4\Seed1\baseline_model_with_metadata.pt,D:\Running_Place\PostGraduateProjects\Experiments\PostGraduate\backbones\Prompts\Seg-SADG\BaryRadGate\a0p08\rho0p5\gb8\sadg0p05\nocons\shot4\Seed1,D:\Running_Place\PostGraduateProjects\Experiments\PostGraduate\backbones\Prompts\Seg-SADG\BaryRadGate\a0p08\rho0p5\gb8\sadg0p05\nocons\shot4\Seed1\source_multilayer_prototypes.pt,0.25,gamma0p25,dec1,0,background,7,8,16,2164756,50000,1077,1,0.9739189147949219,12,47
4,1,SIEMENS_SymphonyTim_37743_T1-TSE,72|31|126|53,D:\Running_Place\PostGraduateProjects\Experiments\PostGraduate\backbones\DisperssionWithSADG_ConstraintStyleRegularization\Seg-SADG\BaryRadGate\a0p08\rho0p5\gb8\sadg0p05\nocons\shot4\Seed1\baseline_model_with_metadata.pt,D:\Running_Place\PostGraduateProjects\Experiments\PostGraduate\backbones\Prompts\Seg-SADG\BaryRadGate\a0p08\rho0p5\gb8\sadg0p05\nocons\shot4\Seed1,D:\Running_Place\PostGraduateProjects\Experiments\PostGraduate\backbones\Prompts\Seg-SADG\BaryRadGate\a0p08\rho0p5\gb8\sadg0p05\nocons\shot4\Seed1\source_multilayer_prototypes.pt,0.25,gamma0p25,dec1,1,vertebrae,0,8,16,162690,50000,2757,1,0.9879139065742493,12,47
4,1,SIEMENS_SymphonyTim_37743_T1-TSE,72|31|126|53,D:\Running_Place\PostGraduateProjects\Experiments\PostGraduate\backbones\DisperssionWithSADG_ConstraintStyleRegularization\Seg-SADG\BaryRadGate\a0p08\rho0p5\gb8\sadg0p05\nocons\shot4\Seed1\baseline_model_with_metadata.pt,D:\Running_Place\PostGraduateProjects\Experiments\PostGraduate\backbones\Prompts\Seg-SADG\BaryRadGate\a0p08\rho0p5\gb8\sadg0p05\nocons\shot4\Seed1,D:\Running_Place\PostGraduateProjects\Experiments\PostGraduate\backbones\Prompts\Seg-SADG\BaryRadGate\a0p08\rho0p5\gb8\sadg0p05\nocons\shot4\Seed1\source_multilayer_prototypes.pt,0.25,gamma0p25,dec1,1,vertebrae,1,8,16,162690,50000,3900,1,0.9848749041557312,12,47
4,1,SIEMENS_SymphonyTim_37743_T1-TSE,72|31|126|53,D:\Running_Place\PostGraduateProjects\Experiments\PostGraduate\backbones\DisperssionWithSADG_ConstraintStyleRegularization\Seg-SADG\BaryRadGate\a0p08\rho0p5\gb8\sadg0p05\nocons\shot4\Seed1\baseline_model_with_metadata.pt,D:\Running_Place\PostGraduateProjects\Experiments\PostGraduate\backbones\Prompts\Seg-SADG\BaryRadGate\a0p08\rho0p5\gb8\sadg0p05\nocons\shot4\Seed1,D:\Running_Place\PostGraduateProjects\Experiments\PostGraduate\backbones\Prompts\Seg-SADG\BaryRadGate\a0p08\rho0p5\gb8\sadg0p05\nocons\shot4\Seed1\source_multilayer_prototypes.pt,0.25,gamma0p25,dec1,1,vertebrae,2,8,16,162690,50000,19607,1,0.9969834685325623,12,47
4,1,SIEMENS_SymphonyTim_37743_T1-TSE,72|31|126|53,D:\Running_Place\PostGraduateProjects\Experiments\PostGraduate\backbones\DisperssionWithSADG_ConstraintStyleRegularization\Seg-SADG\BaryRadGate\a0p08\rho0p5\gb8\sadg0p05\nocons\shot4\Seed1\baseline_model_with_metadata.pt,D:\Running_Place\PostGraduateProjects\Experiments\PostGraduate\backbones\Prompts\Seg-SADG\BaryRadGate\a0p08\rho0p5\gb8\sadg0p05\nocons\shot4\Seed1,D:\Running_Place\PostGraduateProjects\Experiments\PostGraduate\backbones\Prompts\Seg-SADG\BaryRadGate\a0p08\rho0p5\gb8\sadg0p05\nocons\shot4\Seed1\source_multilayer_prototypes.pt,0.25,gamma0p25,dec1,1,vertebrae,3,8,16,162690,50000,809,1,0.8847769498825073,12,47
4,1,SIEMENS_SymphonyTim_37743_T1-TSE,72|31|126|53,D:\Running_Place\PostGraduateProjects\Experiments\PostGraduate\backbones\DisperssionWithSADG_ConstraintStyleRegularization\Seg-SADG\BaryRadGate\a0p08\rho0p5\gb8\sadg0p05\nocons\shot4\Seed1\baseline_model_with_metadata.pt,D:\Running_Place\PostGraduateProjects\Experiments\PostGraduate\backbones\Prompts\Seg-SADG\BaryRadGate\a0p08\rho0p5\gb8\sadg0p05\nocons\shot4\Seed1,D:\Running_Place\PostGraduateProjects\Experiments\PostGraduate\backbones\Prompts\Seg-SADG\BaryRadGate\a0p08\rho0p5\gb8\sadg0p05\nocons\shot4\Seed1\source_multilayer_prototypes.pt,0.25,gamma0p25,dec1,1,vertebrae,4,8,16,162690,50000,1559,1,0.9339752197265625,12,47
4,1,SIEMENS_SymphonyTim_37743_T1-TSE,72|31|126|53,D:\Running_Place\PostGraduateProjects\Experiments\PostGraduate\backbones\DisperssionWithSADG_ConstraintStyleRegularization\Seg-SADG\BaryRadGate\a0p08\rho0p5\gb8\sadg0p05\nocons\shot4\Seed1\baseline_model_with_metadata.pt,D:\Running_Place\PostGraduateProjects\Experiments\PostGraduate\backbones\Prompts\Seg-SADG\BaryRadGate\a0p08\rho0p5\gb8\sadg0p05\nocons\shot4\Seed1,D:\Running_Place\PostGraduateProjects\Experiments\PostGraduate\backbones\Prompts\Seg-SADG\BaryRadGate\a0p08\rho0p5\gb8\sadg0p05\nocons\shot4\Seed1\source_multilayer_prototypes.pt,0.25,gamma0p25,dec1,1,vertebrae,5,8,16,162690,50000,18261,1,0.9972583055496216,12,47
4,1,SIEMENS_SymphonyTim_37743_T1-TSE,72|31|126|53,D:\Running_Place\PostGraduateProjects\Experiments\PostGraduate\backbones\DisperssionWithSADG_ConstraintStyleRegularization\Seg-SADG\BaryRadGate\a0p08\rho0p5\gb8\sadg0p05\nocons\shot4\Seed1\baseline_model_with_metadata.pt,D:\Running_Place\PostGraduateProjects\Experiments\PostGraduate\backbones\Prompts\Seg-SADG\BaryRadGate\a0p08\rho0p5\gb8\sadg0p05\nocons\shot4\Seed1,D:\Running_Place\PostGraduateProjects\Experiments\PostGraduate\backbones\Prompts\Seg-SADG\BaryRadGate\a0p08\rho0p5\gb8\sadg0p05\nocons\shot4\Seed1\source_multilayer_prototypes.pt,0.25,gamma0p25,dec1,1,vertebrae,6,8,16,162690,50000,1672,1,0.9625948071479797,12,47
4,1,SIEMENS_SymphonyTim_37743_T1-TSE,72|31|126|53,D:\Running_Place\PostGraduateProjects\Experiments\PostGraduate\backbones\DisperssionWithSADG_ConstraintStyleRegularization\Seg-SADG\BaryRadGate\a0p08\rho0p5\gb8\sadg0p05\nocons\shot4\Seed1\baseline_model_with_metadata.pt,D:\Running_Place\PostGraduateProjects\Experiments\PostGraduate\backbones\Prompts\Seg-SADG\BaryRadGate\a0p08\rho0p5\gb8\sadg0p05\nocons\shot4\Seed1,D:\Running_Place\PostGraduateProjects\Experiments\PostGraduate\backbones\Prompts\Seg-SADG\BaryRadGate\a0p08\rho0p5\gb8\sadg0p05\nocons\shot4\Seed1\source_multilayer_prototypes.pt,0.25,gamma0p25,dec1,1,vertebrae,7,8,16,162690,50000,1435,1,0.9613727927207947,12,47
4,1,SIEMENS_SymphonyTim_37743_T1-TSE,72|31|126|53,D:\Running_Place\PostGraduateProjects\Experiments\PostGraduate\backbones\DisperssionWithSADG_ConstraintStyleRegularization\Seg-SADG\BaryRadGate\a0p08\rho0p5\gb8\sadg0p05\nocons\shot4\Seed1\baseline_model_with_metadata.pt,D:\Running_Place\PostGraduateProjects\Experiments\PostGraduate\backbones\Prompts\Seg-SADG\BaryRadGate\a0p08\rho0p5\gb8\sadg0p05\nocons\shot4\Seed1,D:\Running_Place\PostGraduateProjects\Experiments\PostGraduate\backbones\Prompts\Seg-SADG\BaryRadGate\a0p08\rho0p5\gb8\sadg0p05\nocons\shot4\Seed1\source_multilayer_prototypes.pt,0.25,gamma0p25,dec1,2,intervertebral_discs,0,4,16,30826,30826,23398,1,0.9973592758178711,12,47
4,1,SIEMENS_SymphonyTim_37743_T1-TSE,72|31|126|53,D:\Running_Place\PostGraduateProjects\Experiments\PostGraduate\backbones\DisperssionWithSADG_ConstraintStyleRegularization\Seg-SADG\BaryRadGate\a0p08\rho0p5\gb8\sadg0p05\nocons\shot4\Seed1\baseline_model_with_metadata.pt,D:\Running_Place\PostGraduateProjects\Experiments\PostGraduate\backbones\Prompts\Seg-SADG\BaryRadGate\a0p08\rho0p5\gb8\sadg0p05\nocons\shot4\Seed1,D:\Running_Place\PostGraduateProjects\Experiments\PostGraduate\backbones\Prompts\Seg-SADG\BaryRadGate\a0p08\rho0p5\gb8\sadg0p05\nocons\shot4\Seed1\source_multilayer_prototypes.pt,0.25,gamma0p25,dec1,2,intervertebral_discs,1,4,16,30826,30826,602,1,0.827928900718689,12,47
4,1,SIEMENS_SymphonyTim_37743_T1-TSE,72|31|126|53,D:\Running_Place\PostGraduateProjects\Experiments\PostGraduate\backbones\DisperssionWithSADG_ConstraintStyleRegularization\Seg-SADG\BaryRadGate\a0p08\rho0p5\gb8\sadg0p05\nocons\shot4\Seed1\baseline_model_with_metadata.pt,D:\Running_Place\PostGraduateProjects\Experiments\PostGraduate\backbones\Prompts\Seg-SADG\BaryRadGate\a0p08\rho0p5\gb8\sadg0p05\nocons\shot4\Seed1,D:\Running_Place\PostGraduateProjects\Experiments\PostGraduate\backbones\Prompts\Seg-SADG\BaryRadGate\a0p08\rho0p5\gb8\sadg0p05\nocons\shot4\Seed1\source_multilayer_prototypes.pt,0.25,gamma0p25,dec1,2,intervertebral_discs,2,4,16,30826,30826,3126,1,0.9846007823944092,12,47
4,1,SIEMENS_SymphonyTim_37743_T1-TSE,72|31|126|53,D:\Running_Place\PostGraduateProjects\Experiments\PostGraduate\backbones\DisperssionWithSADG_ConstraintStyleRegularization\Seg-SADG\BaryRadGate\a0p08\rho0p5\gb8\sadg0p05\nocons\shot4\Seed1\baseline_model_with_metadata.pt,D:\Running_Place\PostGraduateProjects\Experiments\PostGraduate\backbones\Prompts\Seg-SADG\BaryRadGate\a0p08\rho0p5\gb8\sadg0p05\nocons\shot4\Seed1,D:\Running_Place\PostGraduateProjects\Experiments\PostGraduate\backbones\Prompts\Seg-SADG\BaryRadGate\a0p08\rho0p5\gb8\sadg0p05\nocons\shot4\Seed1\source_multilayer_prototypes.pt,0.25,gamma0p25,dec1,2,intervertebral_discs,3,4,16,30826,30826,3700,1,0.9931623935699463,12,47
4,1,SIEMENS_SymphonyTim_37743_T1-TSE,72|31|126|53,D:\Running_Place\PostGraduateProjects\Experiments\PostGraduate\backbones\DisperssionWithSADG_ConstraintStyleRegularization\Seg-SADG\BaryRadGate\a0p08\rho0p5\gb8\sadg0p05\nocons\shot4\Seed1\baseline_model_with_metadata.pt,D:\Running_Place\PostGraduateProjects\Experiments\PostGraduate\backbones\Prompts\Seg-SADG\BaryRadGate\a0p08\rho0p5\gb8\sadg0p05\nocons\shot4\Seed1,D:\Running_Place\PostGraduateProjects\Experiments\PostGraduate\backbones\Prompts\Seg-SADG\BaryRadGate\a0p08\rho0p5\gb8\sadg0p05\nocons\shot4\Seed1\source_multilayer_prototypes.pt,0.25,gamma0p25,dec1_head,0,background,0,8,16,2164756,50000,419,1,0.8947098255157471,12,47
4,1,SIEMENS_SymphonyTim_37743_T1-TSE,72|31|126|53,D:\Running_Place\PostGraduateProjects\Experiments\PostGraduate\backbones\DisperssionWithSADG_ConstraintStyleRegularization\Seg-SADG\BaryRadGate\a0p08\rho0p5\gb8\sadg0p05\nocons\shot4\Seed1\baseline_model_with_metadata.pt,D:\Running_Place\PostGraduateProjects\Experiments\PostGraduate\backbones\Prompts\Seg-SADG\BaryRadGate\a0p08\rho0p5\gb8\sadg0p05\nocons\shot4\Seed1,D:\Running_Place\PostGraduateProjects\Experiments\PostGraduate\backbones\Prompts\Seg-SADG\BaryRadGate\a0p08\rho0p5\gb8\sadg0p05\nocons\shot4\Seed1\source_multilayer_prototypes.pt,0.25,gamma0p25,dec1_head,0,background,1,8,16,2164756,50000,16730,1,0.9992440938949585,12,47
4,1,SIEMENS_SymphonyTim_37743_T1-TSE,72|31|126|53,D:\Running_Place\PostGraduateProjects\Experiments\PostGraduate\backbones\DisperssionWithSADG_ConstraintStyleRegularization\Seg-SADG\BaryRadGate\a0p08\rho0p5\gb8\sadg0p05\nocons\shot4\Seed1\baseline_model_with_metadata.pt,D:\Running_Place\PostGraduateProjects\Experiments\PostGraduate\backbones\Prompts\Seg-SADG\BaryRadGate\a0p08\rho0p5\gb8\sadg0p05\nocons\shot4\Seed1,D:\Running_Place\PostGraduateProjects\Experiments\PostGraduate\backbones\Prompts\Seg-SADG\BaryRadGate\a0p08\rho0p5\gb8\sadg0p05\nocons\shot4\Seed1\source_multilayer_prototypes.pt,0.25,gamma0p25,dec1_head,0,background,2,8,16,2164756,50000,3341,1,0.9947989583015442,12,47
4,1,SIEMENS_SymphonyTim_37743_T1-TSE,72|31|126|53,D:\Running_Place\PostGraduateProjects\Experiments\PostGraduate\backbones\DisperssionWithSADG_ConstraintStyleRegularization\Seg-SADG\BaryRadGate\a0p08\rho0p5\gb8\sadg0p05\nocons\shot4\Seed1\baseline_model_with_metadata.pt,D:\Running_Place\PostGraduateProjects\Experiments\PostGraduate\backbones\Prompts\Seg-SADG\BaryRadGate\a0p08\rho0p5\gb8\sadg0p05\nocons\shot4\Seed1,D:\Running_Place\PostGraduateProjects\Experiments\PostGraduate\backbones\Prompts\Seg-SADG\BaryRadGate\a0p08\rho0p5\gb8\sadg0p05\nocons\shot4\Seed1\source_multilayer_prototypes.pt,0.25,gamma0p25,dec1_head,0,background,3,8,16,2164756,50000,10599,1,0.9985394477844238,12,47
4,1,SIEMENS_SymphonyTim_37743_T1-TSE,72|31|126|53,D:\Running_Place\PostGraduateProjects\Experiments\PostGraduate\backbones\DisperssionWithSADG_ConstraintStyleRegularization\Seg-SADG\BaryRadGate\a0p08\rho0p5\gb8\sadg0p05\nocons\shot4\Seed1\baseline_model_with_metadata.pt,D:\Running_Place\PostGraduateProjects\Experiments\PostGraduate\backbones\Prompts\Seg-SADG\BaryRadGate\a0p08\rho0p5\gb8\sadg0p05\nocons\shot4\Seed1,D:\Running_Place\PostGraduateProjects\Experiments\PostGraduate\backbones\Prompts\Seg-SADG\BaryRadGate\a0p08\rho0p5\gb8\sadg0p05\nocons\shot4\Seed1\source_multilayer_prototypes.pt,0.25,gamma0p25,dec1_head,0,background,4,8,16,2164756,50000,4819,1,0.9965507984161377,12,47
4,1,SIEMENS_SymphonyTim_37743_T1-TSE,72|31|126|53,D:\Running_Place\PostGraduateProjects\Experiments\PostGraduate\backbones\DisperssionWithSADG_ConstraintStyleRegularization\Seg-SADG\BaryRadGate\a0p08\rho0p5\gb8\sadg0p05\nocons\shot4\Seed1\baseline_model_with_metadata.pt,D:\Running_Place\PostGraduateProjects\Experiments\PostGraduate\backbones\Prompts\Seg-SADG\BaryRadGate\a0p08\rho0p5\gb8\sadg0p05\nocons\shot4\Seed1,D:\Running_Place\PostGraduateProjects\Experiments\PostGraduate\backbones\Prompts\Seg-SADG\BaryRadGate\a0p08\rho0p5\gb8\sadg0p05\nocons\shot4\Seed1\source_multilayer_prototypes.pt,0.25,gamma0p25,dec1_head,0,background,5,8,16,2164756,50000,2855,1,0.9931342005729675,12,47
4,1,SIEMENS_SymphonyTim_37743_T1-TSE,72|31|126|53,D:\Running_Place\PostGraduateProjects\Experiments\PostGraduate\backbones\DisperssionWithSADG_ConstraintStyleRegularization\Seg-SADG\BaryRadGate\a0p08\rho0p5\gb8\sadg0p05\nocons\shot4\Seed1\baseline_model_with_metadata.pt,D:\Running_Place\PostGraduateProjects\Experiments\PostGraduate\backbones\Prompts\Seg-SADG\BaryRadGate\a0p08\rho0p5\gb8\sadg0p05\nocons\shot4\Seed1,D:\Running_Place\PostGraduateProjects\Experiments\PostGraduate\backbones\Prompts\Seg-SADG\BaryRadGate\a0p08\rho0p5\gb8\sadg0p05\nocons\shot4\Seed1\source_multilayer_prototypes.pt,0.25,gamma0p25,dec1_head,0,background,6,8,16,2164756,50000,10734,1,0.9988520741462708,12,47
4,1,SIEMENS_SymphonyTim_37743_T1-TSE,72|31|126|53,D:\Running_Place\PostGraduateProjects\Experiments\PostGraduate\backbones\DisperssionWithSADG_ConstraintStyleRegularization\Seg-SADG\BaryRadGate\a0p08\rho0p5\gb8\sadg0p05\nocons\shot4\Seed1\baseline_model_with_metadata.pt,D:\Running_Place\PostGraduateProjects\Experiments\PostGraduate\backbones\Prompts\Seg-SADG\BaryRadGate\a0p08\rho0p5\gb8\sadg0p05\nocons\shot4\Seed1,D:\Running_Place\PostGraduateProjects\Experiments\PostGraduate\backbones\Prompts\Seg-SADG\BaryRadGate\a0p08\rho0p5\gb8\sadg0p05\nocons\shot4\Seed1\source_multilayer_prototypes.pt,0.25,gamma0p25,dec1_head,0,background,7,8,16,2164756,50000,503,1,0.8606578707695007,12,47
4,1,SIEMENS_SymphonyTim_37743_T1-TSE,72|31|126|53,D:\Running_Place\PostGraduateProjects\Experiments\PostGraduate\backbones\DisperssionWithSADG_ConstraintStyleRegularization\Seg-SADG\BaryRadGate\a0p08\rho0p5\gb8\sadg0p05\nocons\shot4\Seed1\baseline_model_with_metadata.pt,D:\Running_Place\PostGraduateProjects\Experiments\PostGraduate\backbones\Prompts\Seg-SADG\BaryRadGate\a0p08\rho0p5\gb8\sadg0p05\nocons\shot4\Seed1,D:\Running_Place\PostGraduateProjects\Experiments\PostGraduate\backbones\Prompts\Seg-SADG\BaryRadGate\a0p08\rho0p5\gb8\sadg0p05\nocons\shot4\Seed1\source_multilayer_prototypes.pt,0.25,gamma0p25,dec1_head,1,vertebrae,0,8,16,162690,50000,4557,1,0.9830721020698547,12,47
4,1,SIEMENS_SymphonyTim_37743_T1-TSE,72|31|126|53,D:\Running_Place\PostGraduateProjects\Experiments\PostGraduate\backbones\DisperssionWithSADG_ConstraintStyleRegularization\Seg-SADG\BaryRadGate\a0p08\rho0p5\gb8\sadg0p05\nocons\shot4\Seed1\baseline_model_with_metadata.pt,D:\Running_Place\PostGraduateProjects\Experiments\PostGraduate\backbones\Prompts\Seg-SADG\BaryRadGate\a0p08\rho0p5\gb8\sadg0p05\nocons\shot4\Seed1,D:\Running_Place\PostGraduateProjects\Experiments\PostGraduate\backbones\Prompts\Seg-SADG\BaryRadGate\a0p08\rho0p5\gb8\sadg0p05\nocons\shot4\Seed1\source_multilayer_prototypes.pt,0.25,gamma0p25,dec1_head,1,vertebrae,1,8,16,162690,50000,7969,1,0.9970544576644897,12,47
4,1,SIEMENS_SymphonyTim_37743_T1-TSE,72|31|126|53,D:\Running_Place\PostGraduateProjects\Experiments\PostGraduate\backbones\DisperssionWithSADG_ConstraintStyleRegularization\Seg-SADG\BaryRadGate\a0p08\rho0p5\gb8\sadg0p05\nocons\shot4\Seed1\baseline_model_with_metadata.pt,D:\Running_Place\PostGraduateProjects\Experiments\PostGraduate\backbones\Prompts\Seg-SADG\BaryRadGate\a0p08\rho0p5\gb8\sadg0p05\nocons\shot4\Seed1,D:\Running_Place\PostGraduateProjects\Experiments\PostGraduate\backbones\Prompts\Seg-SADG\BaryRadGate\a0p08\rho0p5\gb8\sadg0p05\nocons\shot4\Seed1\source_multilayer_prototypes.pt,0.25,gamma0p25,dec1_head,1,vertebrae,2,8,16,162690,50000,604,1,0.8870440721511841,12,47
4,1,SIEMENS_SymphonyTim_37743_T1-TSE,72|31|126|53,D:\Running_Place\PostGraduateProjects\Experiments\PostGraduate\backbones\DisperssionWithSADG_ConstraintStyleRegularization\Seg-SADG\BaryRadGate\a0p08\rho0p5\gb8\sadg0p05\nocons\shot4\Seed1\baseline_model_with_metadata.pt,D:\Running_Place\PostGraduateProjects\Experiments\PostGraduate\backbones\Prompts\Seg-SADG\BaryRadGate\a0p08\rho0p5\gb8\sadg0p05\nocons\shot4\Seed1,D:\Running_Place\PostGraduateProjects\Experiments\PostGraduate\backbones\Prompts\Seg-SADG\BaryRadGate\a0p08\rho0p5\gb8\sadg0p05\nocons\shot4\Seed1\source_multilayer_prototypes.pt,0.25,gamma0p25,dec1_head,1,vertebrae,3,8,16,162690,50000,1824,1,0.9465734362602234,12,47
4,1,SIEMENS_SymphonyTim_37743_T1-TSE,72|31|126|53,D:\Running_Place\PostGraduateProjects\Experiments\PostGraduate\backbones\DisperssionWithSADG_ConstraintStyleRegularization\Seg-SADG\BaryRadGate\a0p08\rho0p5\gb8\sadg0p05\nocons\shot4\Seed1\baseline_model_with_metadata.pt,D:\Running_Place\PostGraduateProjects\Experiments\PostGraduate\backbones\Prompts\Seg-SADG\BaryRadGate\a0p08\rho0p5\gb8\sadg0p05\nocons\shot4\Seed1,D:\Running_Place\PostGraduateProjects\Experiments\PostGraduate\backbones\Prompts\Seg-SADG\BaryRadGate\a0p08\rho0p5\gb8\sadg0p05\nocons\shot4\Seed1\source_multilayer_prototypes.pt,0.25,gamma0p25,dec1_head,1,vertebrae,4,8,16,162690,50000,1479,1,0.9207543134689331,12,47
4,1,SIEMENS_SymphonyTim_37743_T1-TSE,72|31|126|53,D:\Running_Place\PostGraduateProjects\Experiments\PostGraduate\backbones\DisperssionWithSADG_ConstraintStyleRegularization\Seg-SADG\BaryRadGate\a0p08\rho0p5\gb8\sadg0p05\nocons\shot4\Seed1\baseline_model_with_metadata.pt,D:\Running_Place\PostGraduateProjects\Experiments\PostGraduate\backbones\Prompts\Seg-SADG\BaryRadGate\a0p08\rho0p5\gb8\sadg0p05\nocons\shot4\Seed1,D:\Running_Place\PostGraduateProjects\Experiments\PostGraduate\backbones\Prompts\Seg-SADG\BaryRadGate\a0p08\rho0p5\gb8\sadg0p05\nocons\shot4\Seed1\source_multilayer_prototypes.pt,0.25,gamma0p25,dec1_head,1,vertebrae,5,8,16,162690,50000,12395,1,0.9967278838157654,12,47
4,1,SIEMENS_SymphonyTim_37743_T1-TSE,72|31|126|53,D:\Running_Place\PostGraduateProjects\Experiments\PostGraduate\backbones\DisperssionWithSADG_ConstraintStyleRegularization\Seg-SADG\BaryRadGate\a0p08\rho0p5\gb8\sadg0p05\nocons\shot4\Seed1\baseline_model_with_metadata.pt,D:\Running_Place\PostGraduateProjects\Experiments\PostGraduate\backbones\Prompts\Seg-SADG\BaryRadGate\a0p08\rho0p5\gb8\sadg0p05\nocons\shot4\Seed1,D:\Running_Place\PostGraduateProjects\Experiments\PostGraduate\backbones\Prompts\Seg-SADG\BaryRadGate\a0p08\rho0p5\gb8\sadg0p05\nocons\shot4\Seed1\source_multilayer_prototypes.pt,0.25,gamma0p25,dec1_head,1,vertebrae,6,8,16,162690,50000,18636,1,0.9963789582252502,12,47
4,1,SIEMENS_SymphonyTim_37743_T1-TSE,72|31|126|53,D:\Running_Place\PostGraduateProjects\Experiments\PostGraduate\backbones\DisperssionWithSADG_ConstraintStyleRegularization\Seg-SADG\BaryRadGate\a0p08\rho0p5\gb8\sadg0p05\nocons\shot4\Seed1\baseline_model_with_metadata.pt,D:\Running_Place\PostGraduateProjects\Experiments\PostGraduate\backbones\Prompts\Seg-SADG\BaryRadGate\a0p08\rho0p5\gb8\sadg0p05\nocons\shot4\Seed1,D:\Running_Place\PostGraduateProjects\Experiments\PostGraduate\backbones\Prompts\Seg-SADG\BaryRadGate\a0p08\rho0p5\gb8\sadg0p05\nocons\shot4\Seed1\source_multilayer_prototypes.pt,0.25,gamma0p25,dec1_head,1,vertebrae,7,8,16,162690,50000,2536,1,0.9797070622444153,12,47
4,1,SIEMENS_SymphonyTim_37743_T1-TSE,72|31|126|53,D:\Running_Place\PostGraduateProjects\Experiments\PostGraduate\backbones\DisperssionWithSADG_ConstraintStyleRegularization\Seg-SADG\BaryRadGate\a0p08\rho0p5\gb8\sadg0p05\nocons\shot4\Seed1\baseline_model_with_metadata.pt,D:\Running_Place\PostGraduateProjects\Experiments\PostGraduate\backbones\Prompts\Seg-SADG\BaryRadGate\a0p08\rho0p5\gb8\sadg0p05\nocons\shot4\Seed1,D:\Running_Place\PostGraduateProjects\Experiments\PostGraduate\backbones\Prompts\Seg-SADG\BaryRadGate\a0p08\rho0p5\gb8\sadg0p05\nocons\shot4\Seed1\source_multilayer_prototypes.pt,0.25,gamma0p25,dec1_head,2,intervertebral_discs,0,4,16,30826,30826,5951,1,0.9950128197669983,12,47
4,1,SIEMENS_SymphonyTim_37743_T1-TSE,72|31|126|53,D:\Running_Place\PostGraduateProjects\Experiments\PostGraduate\backbones\DisperssionWithSADG_ConstraintStyleRegularization\Seg-SADG\BaryRadGate\a0p08\rho0p5\gb8\sadg0p05\nocons\shot4\Seed1\baseline_model_with_metadata.pt,D:\Running_Place\PostGraduateProjects\Experiments\PostGraduate\backbones\Prompts\Seg-SADG\BaryRadGate\a0p08\rho0p5\gb8\sadg0p05\nocons\shot4\Seed1,D:\Running_Place\PostGraduateProjects\Experiments\PostGraduate\backbones\Prompts\Seg-SADG\BaryRadGate\a0p08\rho0p5\gb8\sadg0p05\nocons\shot4\Seed1\source_multilayer_prototypes.pt,0.25,gamma0p25,dec1_head,2,intervertebral_discs,1,4,16,30826,30826,1161,1,0.892425000667572,12,47
4,1,SIEMENS_SymphonyTim_37743_T1-TSE,72|31|126|53,D:\Running_Place\PostGraduateProjects\Experiments\PostGraduate\backbones\DisperssionWithSADG_ConstraintStyleRegularization\Seg-SADG\BaryRadGate\a0p08\rho0p5\gb8\sadg0p05\nocons\shot4\Seed1\baseline_model_with_metadata.pt,D:\Running_Place\PostGraduateProjects\Experiments\PostGraduate\backbones\Prompts\Seg-SADG\BaryRadGate\a0p08\rho0p5\gb8\sadg0p05\nocons\shot4\Seed1,D:\Running_Place\PostGraduateProjects\Experiments\PostGraduate\backbones\Prompts\Seg-SADG\BaryRadGate\a0p08\rho0p5\gb8\sadg0p05\nocons\shot4\Seed1\source_multilayer_prototypes.pt,0.25,gamma0p25,dec1_head,2,intervertebral_discs,2,4,16,30826,30826,18090,1,0.9982614517211914,12,47
4,1,SIEMENS_SymphonyTim_37743_T1-TSE,72|31|126|53,D:\Running_Place\PostGraduateProjects\Experiments\PostGraduate\backbones\DisperssionWithSADG_ConstraintStyleRegularization\Seg-SADG\BaryRadGate\a0p08\rho0p5\gb8\sadg0p05\nocons\shot4\Seed1\baseline_model_with_metadata.pt,D:\Running_Place\PostGraduateProjects\Experiments\PostGraduate\backbones\Prompts\Seg-SADG\BaryRadGate\a0p08\rho0p5\gb8\sadg0p05\nocons\shot4\Seed1,D:\Running_Place\PostGraduateProjects\Experiments\PostGraduate\backbones\Prompts\Seg-SADG\BaryRadGate\a0p08\rho0p5\gb8\sadg0p05\nocons\shot4\Seed1\source_multilayer_prototypes.pt,0.25,gamma0p25,dec1_head,2,intervertebral_discs,3,4,16,30826,30826,5624,1,0.9943574070930481,12,47
4,1,SIEMENS_SymphonyTim_37743_T1-TSE,72|31|126|53,D:\Running_Place\PostGraduateProjects\Experiments\PostGraduate\backbones\DisperssionWithSADG_ConstraintStyleRegularization\Seg-SADG\BaryRadGate\a0p08\rho0p5\gb8\sadg0p05\nocons\shot4\Seed1\baseline_model_with_metadata.pt,D:\Running_Place\PostGraduateProjects\Experiments\PostGraduate\backbones\Prompts\Seg-SADG\BaryRadGate\a0p08\rho0p5\gb8\sadg0p05\nocons\shot4\Seed1,D:\Running_Place\PostGraduateProjects\Experiments\PostGraduate\backbones\Prompts\Seg-SADG\BaryRadGate\a0p08\rho0p5\gb8\sadg0p05\nocons\shot4\Seed1\source_multilayer_prototypes.pt,0.5,gamma0p5,dec3,0,background,0,8,32,135331,50000,5452,1,0.7378112077713013,12,47
4,1,SIEMENS_SymphonyTim_37743_T1-TSE,72|31|126|53,D:\Running_Place\PostGraduateProjects\Experiments\PostGraduate\backbones\DisperssionWithSADG_ConstraintStyleRegularization\Seg-SADG\BaryRadGate\a0p08\rho0p5\gb8\sadg0p05\nocons\shot4\Seed1\baseline_model_with_metadata.pt,D:\Running_Place\PostGraduateProjects\Experiments\PostGraduate\backbones\Prompts\Seg-SADG\BaryRadGate\a0p08\rho0p5\gb8\sadg0p05\nocons\shot4\Seed1,D:\Running_Place\PostGraduateProjects\Experiments\PostGraduate\backbones\Prompts\Seg-SADG\BaryRadGate\a0p08\rho0p5\gb8\sadg0p05\nocons\shot4\Seed1\source_multilayer_prototypes.pt,0.5,gamma0p5,dec3,0,background,1,8,32,135331,50000,8495,1,0.8400588631629944,12,47
4,1,SIEMENS_SymphonyTim_37743_T1-TSE,72|31|126|53,D:\Running_Place\PostGraduateProjects\Experiments\PostGraduate\backbones\DisperssionWithSADG_ConstraintStyleRegularization\Seg-SADG\BaryRadGate\a0p08\rho0p5\gb8\sadg0p05\nocons\shot4\Seed1\baseline_model_with_metadata.pt,D:\Running_Place\PostGraduateProjects\Experiments\PostGraduate\backbones\Prompts\Seg-SADG\BaryRadGate\a0p08\rho0p5\gb8\sadg0p05\nocons\shot4\Seed1,D:\Running_Place\PostGraduateProjects\Experiments\PostGraduate\backbones\Prompts\Seg-SADG\BaryRadGate\a0p08\rho0p5\gb8\sadg0p05\nocons\shot4\Seed1\source_multilayer_prototypes.pt,0.5,gamma0p5,dec3,0,background,2,8,32,135331,50000,4484,1,0.7225844264030457,12,47
4,1,SIEMENS_SymphonyTim_37743_T1-TSE,72|31|126|53,D:\Running_Place\PostGraduateProjects\Experiments\PostGraduate\backbones\DisperssionWithSADG_ConstraintStyleRegularization\Seg-SADG\BaryRadGate\a0p08\rho0p5\gb8\sadg0p05\nocons\shot4\Seed1\baseline_model_with_metadata.pt,D:\Running_Place\PostGraduateProjects\Experiments\PostGraduate\backbones\Prompts\Seg-SADG\BaryRadGate\a0p08\rho0p5\gb8\sadg0p05\nocons\shot4\Seed1,D:\Running_Place\PostGraduateProjects\Experiments\PostGraduate\backbones\Prompts\Seg-SADG\BaryRadGate\a0p08\rho0p5\gb8\sadg0p05\nocons\shot4\Seed1\source_multilayer_prototypes.pt,0.5,gamma0p5,dec3,0,background,3,8,32,135331,50000,7416,1,0.6468093395233154,12,47
4,1,SIEMENS_SymphonyTim_37743_T1-TSE,72|31|126|53,D:\Running_Place\PostGraduateProjects\Experiments\PostGraduate\backbones\DisperssionWithSADG_ConstraintStyleRegularization\Seg-SADG\BaryRadGate\a0p08\rho0p5\gb8\sadg0p05\nocons\shot4\Seed1\baseline_model_with_metadata.pt,D:\Running_Place\PostGraduateProjects\Experiments\PostGraduate\backbones\Prompts\Seg-SADG\BaryRadGate\a0p08\rho0p5\gb8\sadg0p05\nocons\shot4\Seed1,D:\Running_Place\PostGraduateProjects\Experiments\PostGraduate\backbones\Prompts\Seg-SADG\BaryRadGate\a0p08\rho0p5\gb8\sadg0p05\nocons\shot4\Seed1\source_multilayer_prototypes.pt,0.5,gamma0p5,dec3,0,background,4,8,32,135331,50000,6564,1,0.767638623714447,12,47
4,1,SIEMENS_SymphonyTim_37743_T1-TSE,72|31|126|53,D:\Running_Place\PostGraduateProjects\Experiments\PostGraduate\backbones\DisperssionWithSADG_ConstraintStyleRegularization\Seg-SADG\BaryRadGate\a0p08\rho0p5\gb8\sadg0p05\nocons\shot4\Seed1\baseline_model_with_metadata.pt,D:\Running_Place\PostGraduateProjects\Experiments\PostGraduate\backbones\Prompts\Seg-SADG\BaryRadGate\a0p08\rho0p5\gb8\sadg0p05\nocons\shot4\Seed1,D:\Running_Place\PostGraduateProjects\Experiments\PostGraduate\backbones\Prompts\Seg-SADG\BaryRadGate\a0p08\rho0p5\gb8\sadg0p05\nocons\shot4\Seed1\source_multilayer_prototypes.pt,0.5,gamma0p5,dec3,0,background,5,8,32,135331,50000,4930,1,0.7412954568862915,12,47
4,1,SIEMENS_SymphonyTim_37743_T1-TSE,72|31|126|53,D:\Running_Place\PostGraduateProjects\Experiments\PostGraduate\backbones\DisperssionWithSADG_ConstraintStyleRegularization\Seg-SADG\BaryRadGate\a0p08\rho0p5\gb8\sadg0p05\nocons\shot4\Seed1\baseline_model_with_metadata.pt,D:\Running_Place\PostGraduateProjects\Experiments\PostGraduate\backbones\Prompts\Seg-SADG\BaryRadGate\a0p08\rho0p5\gb8\sadg0p05\nocons\shot4\Seed1,D:\Running_Place\PostGraduateProjects\Experiments\PostGraduate\backbones\Prompts\Seg-SADG\BaryRadGate\a0p08\rho0p5\gb8\sadg0p05\nocons\shot4\Seed1\source_multilayer_prototypes.pt,0.5,gamma0p5,dec3,0,background,6,8,32,135331,50000,7638,1,0.8550992012023926,12,47
4,1,SIEMENS_SymphonyTim_37743_T1-TSE,72|31|126|53,D:\Running_Place\PostGraduateProjects\Experiments\PostGraduate\backbones\DisperssionWithSADG_ConstraintStyleRegularization\Seg-SADG\BaryRadGate\a0p08\rho0p5\gb8\sadg0p05\nocons\shot4\Seed1\baseline_model_with_metadata.pt,D:\Running_Place\PostGraduateProjects\Experiments\PostGraduate\backbones\Prompts\Seg-SADG\BaryRadGate\a0p08\rho0p5\gb8\sadg0p05\nocons\shot4\Seed1,D:\Running_Place\PostGraduateProjects\Experiments\PostGraduate\backbones\Prompts\Seg-SADG\BaryRadGate\a0p08\rho0p5\gb8\sadg0p05\nocons\shot4\Seed1\source_multilayer_prototypes.pt,0.5,gamma0p5,dec3,0,background,7,8,32,135331,50000,5021,1,0.7067655920982361,12,47
4,1,SIEMENS_SymphonyTim_37743_T1-TSE,72|31|126|53,D:\Running_Place\PostGraduateProjects\Experiments\PostGraduate\backbones\DisperssionWithSADG_ConstraintStyleRegularization\Seg-SADG\BaryRadGate\a0p08\rho0p5\gb8\sadg0p05\nocons\shot4\Seed1\baseline_model_with_metadata.pt,D:\Running_Place\PostGraduateProjects\Experiments\PostGraduate\backbones\Prompts\Seg-SADG\BaryRadGate\a0p08\rho0p5\gb8\sadg0p05\nocons\shot4\Seed1,D:\Running_Place\PostGraduateProjects\Experiments\PostGraduate\backbones\Prompts\Seg-SADG\BaryRadGate\a0p08\rho0p5\gb8\sadg0p05\nocons\shot4\Seed1\source_multilayer_prototypes.pt,0.5,gamma0p5,dec3,1,vertebrae,0,8,32,10155,10155,960,1,0.8067722916603088,12,47
4,1,SIEMENS_SymphonyTim_37743_T1-TSE,72|31|126|53,D:\Running_Place\PostGraduateProjects\Experiments\PostGraduate\backbones\DisperssionWithSADG_ConstraintStyleRegularization\Seg-SADG\BaryRadGate\a0p08\rho0p5\gb8\sadg0p05\nocons\shot4\Seed1\baseline_model_with_metadata.pt,D:\Running_Place\PostGraduateProjects\Experiments\PostGraduate\backbones\Prompts\Seg-SADG\BaryRadGate\a0p08\rho0p5\gb8\sadg0p05\nocons\shot4\Seed1,D:\Running_Place\PostGraduateProjects\Experiments\PostGraduate\backbones\Prompts\Seg-SADG\BaryRadGate\a0p08\rho0p5\gb8\sadg0p05\nocons\shot4\Seed1\source_multilayer_prototypes.pt,0.5,gamma0p5,dec3,1,vertebrae,1,8,32,10155,10155,1035,1,0.865080714225769,12,47
4,1,SIEMENS_SymphonyTim_37743_T1-TSE,72|31|126|53,D:\Running_Place\PostGraduateProjects\Experiments\PostGraduate\backbones\DisperssionWithSADG_ConstraintStyleRegularization\Seg-SADG\BaryRadGate\a0p08\rho0p5\gb8\sadg0p05\nocons\shot4\Seed1\baseline_model_with_metadata.pt,D:\Running_Place\PostGraduateProjects\Experiments\PostGraduate\backbones\Prompts\Seg-SADG\BaryRadGate\a0p08\rho0p5\gb8\sadg0p05\nocons\shot4\Seed1,D:\Running_Place\PostGraduateProjects\Experiments\PostGraduate\backbones\Prompts\Seg-SADG\BaryRadGate\a0p08\rho0p5\gb8\sadg0p05\nocons\shot4\Seed1\source_multilayer_prototypes.pt,0.5,gamma0p5,dec3,1,vertebrae,2,8,32,10155,10155,633,1,0.8249930739402771,12,47
4,1,SIEMENS_SymphonyTim_37743_T1-TSE,72|31|126|53,D:\Running_Place\PostGraduateProjects\Experiments\PostGraduate\backbones\DisperssionWithSADG_ConstraintStyleRegularization\Seg-SADG\BaryRadGate\a0p08\rho0p5\gb8\sadg0p05\nocons\shot4\Seed1\baseline_model_with_metadata.pt,D:\Running_Place\PostGraduateProjects\Experiments\PostGraduate\backbones\Prompts\Seg-SADG\BaryRadGate\a0p08\rho0p5\gb8\sadg0p05\nocons\shot4\Seed1,D:\Running_Place\PostGraduateProjects\Experiments\PostGraduate\backbones\Prompts\Seg-SADG\BaryRadGate\a0p08\rho0p5\gb8\sadg0p05\nocons\shot4\Seed1\source_multilayer_prototypes.pt,0.5,gamma0p5,dec3,1,vertebrae,3,8,32,10155,10155,679,1,0.6238081455230713,12,47
4,1,SIEMENS_SymphonyTim_37743_T1-TSE,72|31|126|53,D:\Running_Place\PostGraduateProjects\Experiments\PostGraduate\backbones\DisperssionWithSADG_ConstraintStyleRegularization\Seg-SADG\BaryRadGate\a0p08\rho0p5\gb8\sadg0p05\nocons\shot4\Seed1\baseline_model_with_metadata.pt,D:\Running_Place\PostGraduateProjects\Experiments\PostGraduate\backbones\Prompts\Seg-SADG\BaryRadGate\a0p08\rho0p5\gb8\sadg0p05\nocons\shot4\Seed1,D:\Running_Place\PostGraduateProjects\Experiments\PostGraduate\backbones\Prompts\Seg-SADG\BaryRadGate\a0p08\rho0p5\gb8\sadg0p05\nocons\shot4\Seed1\source_multilayer_prototypes.pt,0.5,gamma0p5,dec3,1,vertebrae,4,8,32,10155,10155,1802,1,0.8859874606132507,12,47
4,1,SIEMENS_SymphonyTim_37743_T1-TSE,72|31|126|53,D:\Running_Place\PostGraduateProjects\Experiments\PostGraduate\backbones\DisperssionWithSADG_ConstraintStyleRegularization\Seg-SADG\BaryRadGate\a0p08\rho0p5\gb8\sadg0p05\nocons\shot4\Seed1\baseline_model_with_metadata.pt,D:\Running_Place\PostGraduateProjects\Experiments\PostGraduate\backbones\Prompts\Seg-SADG\BaryRadGate\a0p08\rho0p5\gb8\sadg0p05\nocons\shot4\Seed1,D:\Running_Place\PostGraduateProjects\Experiments\PostGraduate\backbones\Prompts\Seg-SADG\BaryRadGate\a0p08\rho0p5\gb8\sadg0p05\nocons\shot4\Seed1\source_multilayer_prototypes.pt,0.5,gamma0p5,dec3,1,vertebrae,5,8,32,10155,10155,2510,1,0.9010268449783325,12,47
4,1,SIEMENS_SymphonyTim_37743_T1-TSE,72|31|126|53,D:\Running_Place\PostGraduateProjects\Experiments\PostGraduate\backbones\DisperssionWithSADG_ConstraintStyleRegularization\Seg-SADG\BaryRadGate\a0p08\rho0p5\gb8\sadg0p05\nocons\shot4\Seed1\baseline_model_with_metadata.pt,D:\Running_Place\PostGraduateProjects\Experiments\PostGraduate\backbones\Prompts\Seg-SADG\BaryRadGate\a0p08\rho0p5\gb8\sadg0p05\nocons\shot4\Seed1,D:\Running_Place\PostGraduateProjects\Experiments\PostGraduate\backbones\Prompts\Seg-SADG\BaryRadGate\a0p08\rho0p5\gb8\sadg0p05\nocons\shot4\Seed1\source_multilayer_prototypes.pt,0.5,gamma0p5,dec3,1,vertebrae,6,8,32,10155,10155,1635,1,0.8812212347984314,12,47
4,1,SIEMENS_SymphonyTim_37743_T1-TSE,72|31|126|53,D:\Running_Place\PostGraduateProjects\Experiments\PostGraduate\backbones\DisperssionWithSADG_ConstraintStyleRegularization\Seg-SADG\BaryRadGate\a0p08\rho0p5\gb8\sadg0p05\nocons\shot4\Seed1\baseline_model_with_metadata.pt,D:\Running_Place\PostGraduateProjects\Experiments\PostGraduate\backbones\Prompts\Seg-SADG\BaryRadGate\a0p08\rho0p5\gb8\sadg0p05\nocons\shot4\Seed1,D:\Running_Place\PostGraduateProjects\Experiments\PostGraduate\backbones\Prompts\Seg-SADG\BaryRadGate\a0p08\rho0p5\gb8\sadg0p05\nocons\shot4\Seed1\source_multilayer_prototypes.pt,0.5,gamma0p5,dec3,1,vertebrae,7,8,32,10155,10155,901,1,0.7619703412055969,12,47
4,1,SIEMENS_SymphonyTim_37743_T1-TSE,72|31|126|53,D:\Running_Place\PostGraduateProjects\Experiments\PostGraduate\backbones\DisperssionWithSADG_ConstraintStyleRegularization\Seg-SADG\BaryRadGate\a0p08\rho0p5\gb8\sadg0p05\nocons\shot4\Seed1\baseline_model_with_metadata.pt,D:\Running_Place\PostGraduateProjects\Experiments\PostGraduate\backbones\Prompts\Seg-SADG\BaryRadGate\a0p08\rho0p5\gb8\sadg0p05\nocons\shot4\Seed1,D:\Running_Place\PostGraduateProjects\Experiments\PostGraduate\backbones\Prompts\Seg-SADG\BaryRadGate\a0p08\rho0p5\gb8\sadg0p05\nocons\shot4\Seed1\source_multilayer_prototypes.pt,0.5,gamma0p5,dec3,2,intervertebral_discs,0,4,32,1906,1906,366,1,0.8681124448776245,12,47
4,1,SIEMENS_SymphonyTim_37743_T1-TSE,72|31|126|53,D:\Running_Place\PostGraduateProjects\Experiments\PostGraduate\backbones\DisperssionWithSADG_ConstraintStyleRegularization\Seg-SADG\BaryRadGate\a0p08\rho0p5\gb8\sadg0p05\nocons\shot4\Seed1\baseline_model_with_metadata.pt,D:\Running_Place\PostGraduateProjects\Experiments\PostGraduate\backbones\Prompts\Seg-SADG\BaryRadGate\a0p08\rho0p5\gb8\sadg0p05\nocons\shot4\Seed1,D:\Running_Place\PostGraduateProjects\Experiments\PostGraduate\backbones\Prompts\Seg-SADG\BaryRadGate\a0p08\rho0p5\gb8\sadg0p05\nocons\shot4\Seed1\source_multilayer_prototypes.pt,0.5,gamma0p5,dec3,2,intervertebral_discs,1,4,32,1906,1906,374,1,0.8393887281417847,12,47
4,1,SIEMENS_SymphonyTim_37743_T1-TSE,72|31|126|53,D:\Running_Place\PostGraduateProjects\Experiments\PostGraduate\backbones\DisperssionWithSADG_ConstraintStyleRegularization\Seg-SADG\BaryRadGate\a0p08\rho0p5\gb8\sadg0p05\nocons\shot4\Seed1\baseline_model_with_metadata.pt,D:\Running_Place\PostGraduateProjects\Experiments\PostGraduate\backbones\Prompts\Seg-SADG\BaryRadGate\a0p08\rho0p5\gb8\sadg0p05\nocons\shot4\Seed1,D:\Running_Place\PostGraduateProjects\Experiments\PostGraduate\backbones\Prompts\Seg-SADG\BaryRadGate\a0p08\rho0p5\gb8\sadg0p05\nocons\shot4\Seed1\source_multilayer_prototypes.pt,0.5,gamma0p5,dec3,2,intervertebral_discs,2,4,32,1906,1906,488,1,0.8636443018913269,12,47
4,1,SIEMENS_SymphonyTim_37743_T1-TSE,72|31|126|53,D:\Running_Place\PostGraduateProjects\Experiments\PostGraduate\backbones\DisperssionWithSADG_ConstraintStyleRegularization\Seg-SADG\BaryRadGate\a0p08\rho0p5\gb8\sadg0p05\nocons\shot4\Seed1\baseline_model_with_metadata.pt,D:\Running_Place\PostGraduateProjects\Experiments\PostGraduate\backbones\Prompts\Seg-SADG\BaryRadGate\a0p08\rho0p5\gb8\sadg0p05\nocons\shot4\Seed1,D:\Running_Place\PostGraduateProjects\Experiments\PostGraduate\backbones\Prompts\Seg-SADG\BaryRadGate\a0p08\rho0p5\gb8\sadg0p05\nocons\shot4\Seed1\source_multilayer_prototypes.pt,0.5,gamma0p5,dec3,2,intervertebral_discs,3,4,32,1906,1906,678,1,0.8859640955924988,12,47
4,1,SIEMENS_SymphonyTim_37743_T1-TSE,72|31|126|53,D:\Running_Place\PostGraduateProjects\Experiments\PostGraduate\backbones\DisperssionWithSADG_ConstraintStyleRegularization\Seg-SADG\BaryRadGate\a0p08\rho0p5\gb8\sadg0p05\nocons\shot4\Seed1\baseline_model_with_metadata.pt,D:\Running_Place\PostGraduateProjects\Experiments\PostGraduate\backbones\Prompts\Seg-SADG\BaryRadGate\a0p08\rho0p5\gb8\sadg0p05\nocons\shot4\Seed1,D:\Running_Place\PostGraduateProjects\Experiments\PostGraduate\backbones\Prompts\Seg-SADG\BaryRadGate\a0p08\rho0p5\gb8\sadg0p05\nocons\shot4\Seed1\source_multilayer_prototypes.pt,0.5,gamma0p5,dec2,0,background,0,8,16,541277,50000,1717,1,0.7632200121879578,12,47
4,1,SIEMENS_SymphonyTim_37743_T1-TSE,72|31|126|53,D:\Running_Place\PostGraduateProjects\Experiments\PostGraduate\backbones\DisperssionWithSADG_ConstraintStyleRegularization\Seg-SADG\BaryRadGate\a0p08\rho0p5\gb8\sadg0p05\nocons\shot4\Seed1\baseline_model_with_metadata.pt,D:\Running_Place\PostGraduateProjects\Experiments\PostGraduate\backbones\Prompts\Seg-SADG\BaryRadGate\a0p08\rho0p5\gb8\sadg0p05\nocons\shot4\Seed1,D:\Running_Place\PostGraduateProjects\Experiments\PostGraduate\backbones\Prompts\Seg-SADG\BaryRadGate\a0p08\rho0p5\gb8\sadg0p05\nocons\shot4\Seed1\source_multilayer_prototypes.pt,0.5,gamma0p5,dec2,0,background,1,8,16,541277,50000,7167,1,0.940650224685669,12,47
4,1,SIEMENS_SymphonyTim_37743_T1-TSE,72|31|126|53,D:\Running_Place\PostGraduateProjects\Experiments\PostGraduate\backbones\DisperssionWithSADG_ConstraintStyleRegularization\Seg-SADG\BaryRadGate\a0p08\rho0p5\gb8\sadg0p05\nocons\shot4\Seed1\baseline_model_with_metadata.pt,D:\Running_Place\PostGraduateProjects\Experiments\PostGraduate\backbones\Prompts\Seg-SADG\BaryRadGate\a0p08\rho0p5\gb8\sadg0p05\nocons\shot4\Seed1,D:\Running_Place\PostGraduateProjects\Experiments\PostGraduate\backbones\Prompts\Seg-SADG\BaryRadGate\a0p08\rho0p5\gb8\sadg0p05\nocons\shot4\Seed1\source_multilayer_prototypes.pt,0.5,gamma0p5,dec2,0,background,2,8,16,541277,50000,17564,1,0.9661414623260498,12,47
4,1,SIEMENS_SymphonyTim_37743_T1-TSE,72|31|126|53,D:\Running_Place\PostGraduateProjects\Experiments\PostGraduate\backbones\DisperssionWithSADG_ConstraintStyleRegularization\Seg-SADG\BaryRadGate\a0p08\rho0p5\gb8\sadg0p05\nocons\shot4\Seed1\baseline_model_with_metadata.pt,D:\Running_Place\PostGraduateProjects\Experiments\PostGraduate\backbones\Prompts\Seg-SADG\BaryRadGate\a0p08\rho0p5\gb8\sadg0p05\nocons\shot4\Seed1,D:\Running_Place\PostGraduateProjects\Experiments\PostGraduate\backbones\Prompts\Seg-SADG\BaryRadGate\a0p08\rho0p5\gb8\sadg0p05\nocons\shot4\Seed1\source_multilayer_prototypes.pt,0.5,gamma0p5,dec2,0,background,3,8,16,541277,50000,4191,1,0.9191368222236633,12,47
4,1,SIEMENS_SymphonyTim_37743_T1-TSE,72|31|126|53,D:\Running_Place\PostGraduateProjects\Experiments\PostGraduate\backbones\DisperssionWithSADG_ConstraintStyleRegularization\Seg-SADG\BaryRadGate\a0p08\rho0p5\gb8\sadg0p05\nocons\shot4\Seed1\baseline_model_with_metadata.pt,D:\Running_Place\PostGraduateProjects\Experiments\PostGraduate\backbones\Prompts\Seg-SADG\BaryRadGate\a0p08\rho0p5\gb8\sadg0p05\nocons\shot4\Seed1,D:\Running_Place\PostGraduateProjects\Experiments\PostGraduate\backbones\Prompts\Seg-SADG\BaryRadGate\a0p08\rho0p5\gb8\sadg0p05\nocons\shot4\Seed1\source_multilayer_prototypes.pt,0.5,gamma0p5,dec2,0,background,4,8,16,541277,50000,7932,1,0.8915278315544128,12,47
4,1,SIEMENS_SymphonyTim_37743_T1-TSE,72|31|126|53,D:\Running_Place\PostGraduateProjects\Experiments\PostGraduate\backbones\DisperssionWithSADG_ConstraintStyleRegularization\Seg-SADG\BaryRadGate\a0p08\rho0p5\gb8\sadg0p05\nocons\shot4\Seed1\baseline_model_with_metadata.pt,D:\Running_Place\PostGraduateProjects\Experiments\PostGraduate\backbones\Prompts\Seg-SADG\BaryRadGate\a0p08\rho0p5\gb8\sadg0p05\nocons\shot4\Seed1,D:\Running_Place\PostGraduateProjects\Experiments\PostGraduate\backbones\Prompts\Seg-SADG\BaryRadGate\a0p08\rho0p5\gb8\sadg0p05\nocons\shot4\Seed1\source_multilayer_prototypes.pt,0.5,gamma0p5,dec2,0,background,5,8,16,541277,50000,4112,1,0.8725680112838745,12,47
4,1,SIEMENS_SymphonyTim_37743_T1-TSE,72|31|126|53,D:\Running_Place\PostGraduateProjects\Experiments\PostGraduate\backbones\DisperssionWithSADG_ConstraintStyleRegularization\Seg-SADG\BaryRadGate\a0p08\rho0p5\gb8\sadg0p05\nocons\shot4\Seed1\baseline_model_with_metadata.pt,D:\Running_Place\PostGraduateProjects\Experiments\PostGraduate\backbones\Prompts\Seg-SADG\BaryRadGate\a0p08\rho0p5\gb8\sadg0p05\nocons\shot4\Seed1,D:\Running_Place\PostGraduateProjects\Experiments\PostGraduate\backbones\Prompts\Seg-SADG\BaryRadGate\a0p08\rho0p5\gb8\sadg0p05\nocons\shot4\Seed1\source_multilayer_prototypes.pt,0.5,gamma0p5,dec2,0,background,6,8,16,541277,50000,2501,1,0.7922078371047974,12,47
4,1,SIEMENS_SymphonyTim_37743_T1-TSE,72|31|126|53,D:\Running_Place\PostGraduateProjects\Experiments\PostGraduate\backbones\DisperssionWithSADG_ConstraintStyleRegularization\Seg-SADG\BaryRadGate\a0p08\rho0p5\gb8\sadg0p05\nocons\shot4\Seed1\baseline_model_with_metadata.pt,D:\Running_Place\PostGraduateProjects\Experiments\PostGraduate\backbones\Prompts\Seg-SADG\BaryRadGate\a0p08\rho0p5\gb8\sadg0p05\nocons\shot4\Seed1,D:\Running_Place\PostGraduateProjects\Experiments\PostGraduate\backbones\Prompts\Seg-SADG\BaryRadGate\a0p08\rho0p5\gb8\sadg0p05\nocons\shot4\Seed1\source_multilayer_prototypes.pt,0.5,gamma0p5,dec2,0,background,7,8,16,541277,50000,4816,1,0.8630174398422241,12,47
4,1,SIEMENS_SymphonyTim_37743_T1-TSE,72|31|126|53,D:\Running_Place\PostGraduateProjects\Experiments\PostGraduate\backbones\DisperssionWithSADG_ConstraintStyleRegularization\Seg-SADG\BaryRadGate\a0p08\rho0p5\gb8\sadg0p05\nocons\shot4\Seed1\baseline_model_with_metadata.pt,D:\Running_Place\PostGraduateProjects\Experiments\PostGraduate\backbones\Prompts\Seg-SADG\BaryRadGate\a0p08\rho0p5\gb8\sadg0p05\nocons\shot4\Seed1,D:\Running_Place\PostGraduateProjects\Experiments\PostGraduate\backbones\Prompts\Seg-SADG\BaryRadGate\a0p08\rho0p5\gb8\sadg0p05\nocons\shot4\Seed1\source_multilayer_prototypes.pt,0.5,gamma0p5,dec2,1,vertebrae,0,8,16,40484,40484,6514,1,0.933485746383667,12,47
4,1,SIEMENS_SymphonyTim_37743_T1-TSE,72|31|126|53,D:\Running_Place\PostGraduateProjects\Experiments\PostGraduate\backbones\DisperssionWithSADG_ConstraintStyleRegularization\Seg-SADG\BaryRadGate\a0p08\rho0p5\gb8\sadg0p05\nocons\shot4\Seed1\baseline_model_with_metadata.pt,D:\Running_Place\PostGraduateProjects\Experiments\PostGraduate\backbones\Prompts\Seg-SADG\BaryRadGate\a0p08\rho0p5\gb8\sadg0p05\nocons\shot4\Seed1,D:\Running_Place\PostGraduateProjects\Experiments\PostGraduate\backbones\Prompts\Seg-SADG\BaryRadGate\a0p08\rho0p5\gb8\sadg0p05\nocons\shot4\Seed1\source_multilayer_prototypes.pt,0.5,gamma0p5,dec2,1,vertebrae,1,8,16,40484,40484,3043,1,0.8337578773498535,12,47
4,1,SIEMENS_SymphonyTim_37743_T1-TSE,72|31|126|53,D:\Running_Place\PostGraduateProjects\Experiments\PostGraduate\backbones\DisperssionWithSADG_ConstraintStyleRegularization\Seg-SADG\BaryRadGate\a0p08\rho0p5\gb8\sadg0p05\nocons\shot4\Seed1\baseline_model_with_metadata.pt,D:\Running_Place\PostGraduateProjects\Experiments\PostGraduate\backbones\Prompts\Seg-SADG\BaryRadGate\a0p08\rho0p5\gb8\sadg0p05\nocons\shot4\Seed1,D:\Running_Place\PostGraduateProjects\Experiments\PostGraduate\backbones\Prompts\Seg-SADG\BaryRadGate\a0p08\rho0p5\gb8\sadg0p05\nocons\shot4\Seed1\source_multilayer_prototypes.pt,0.5,gamma0p5,dec2,1,vertebrae,2,8,16,40484,40484,4486,1,0.8970164656639099,12,47
4,1,SIEMENS_SymphonyTim_37743_T1-TSE,72|31|126|53,D:\Running_Place\PostGraduateProjects\Experiments\PostGraduate\backbones\DisperssionWithSADG_ConstraintStyleRegularization\Seg-SADG\BaryRadGate\a0p08\rho0p5\gb8\sadg0p05\nocons\shot4\Seed1\baseline_model_with_metadata.pt,D:\Running_Place\PostGraduateProjects\Experiments\PostGraduate\backbones\Prompts\Seg-SADG\BaryRadGate\a0p08\rho0p5\gb8\sadg0p05\nocons\shot4\Seed1,D:\Running_Place\PostGraduateProjects\Experiments\PostGraduate\backbones\Prompts\Seg-SADG\BaryRadGate\a0p08\rho0p5\gb8\sadg0p05\nocons\shot4\Seed1\source_multilayer_prototypes.pt,0.5,gamma0p5,dec2,1,vertebrae,3,8,16,40484,40484,3513,1,0.8916721940040588,12,47
4,1,SIEMENS_SymphonyTim_37743_T1-TSE,72|31|126|53,D:\Running_Place\PostGraduateProjects\Experiments\PostGraduate\backbones\DisperssionWithSADG_ConstraintStyleRegularization\Seg-SADG\BaryRadGate\a0p08\rho0p5\gb8\sadg0p05\nocons\shot4\Seed1\baseline_model_with_metadata.pt,D:\Running_Place\PostGraduateProjects\Experiments\PostGraduate\backbones\Prompts\Seg-SADG\BaryRadGate\a0p08\rho0p5\gb8\sadg0p05\nocons\shot4\Seed1,D:\Running_Place\PostGraduateProjects\Experiments\PostGraduate\backbones\Prompts\Seg-SADG\BaryRadGate\a0p08\rho0p5\gb8\sadg0p05\nocons\shot4\Seed1\source_multilayer_prototypes.pt,0.5,gamma0p5,dec2,1,vertebrae,4,8,16,40484,40484,1447,1,0.820286750793457,12,47
4,1,SIEMENS_SymphonyTim_37743_T1-TSE,72|31|126|53,D:\Running_Place\PostGraduateProjects\Experiments\PostGraduate\backbones\DisperssionWithSADG_ConstraintStyleRegularization\Seg-SADG\BaryRadGate\a0p08\rho0p5\gb8\sadg0p05\nocons\shot4\Seed1\baseline_model_with_metadata.pt,D:\Running_Place\PostGraduateProjects\Experiments\PostGraduate\backbones\Prompts\Seg-SADG\BaryRadGate\a0p08\rho0p5\gb8\sadg0p05\nocons\shot4\Seed1,D:\Running_Place\PostGraduateProjects\Experiments\PostGraduate\backbones\Prompts\Seg-SADG\BaryRadGate\a0p08\rho0p5\gb8\sadg0p05\nocons\shot4\Seed1\source_multilayer_prototypes.pt,0.5,gamma0p5,dec2,1,vertebrae,5,8,16,40484,40484,14873,1,0.9650185704231262,12,47
4,1,SIEMENS_SymphonyTim_37743_T1-TSE,72|31|126|53,D:\Running_Place\PostGraduateProjects\Experiments\PostGraduate\backbones\DisperssionWithSADG_ConstraintStyleRegularization\Seg-SADG\BaryRadGate\a0p08\rho0p5\gb8\sadg0p05\nocons\shot4\Seed1\baseline_model_with_metadata.pt,D:\Running_Place\PostGraduateProjects\Experiments\PostGraduate\backbones\Prompts\Seg-SADG\BaryRadGate\a0p08\rho0p5\gb8\sadg0p05\nocons\shot4\Seed1,D:\Running_Place\PostGraduateProjects\Experiments\PostGraduate\backbones\Prompts\Seg-SADG\BaryRadGate\a0p08\rho0p5\gb8\sadg0p05\nocons\shot4\Seed1\source_multilayer_prototypes.pt,0.5,gamma0p5,dec2,1,vertebrae,6,8,16,40484,40484,2922,1,0.8777849078178406,12,47
4,1,SIEMENS_SymphonyTim_37743_T1-TSE,72|31|126|53,D:\Running_Place\PostGraduateProjects\Experiments\PostGraduate\backbones\DisperssionWithSADG_ConstraintStyleRegularization\Seg-SADG\BaryRadGate\a0p08\rho0p5\gb8\sadg0p05\nocons\shot4\Seed1\baseline_model_with_metadata.pt,D:\Running_Place\PostGraduateProjects\Experiments\PostGraduate\backbones\Prompts\Seg-SADG\BaryRadGate\a0p08\rho0p5\gb8\sadg0p05\nocons\shot4\Seed1,D:\Running_Place\PostGraduateProjects\Experiments\PostGraduate\backbones\Prompts\Seg-SADG\BaryRadGate\a0p08\rho0p5\gb8\sadg0p05\nocons\shot4\Seed1\source_multilayer_prototypes.pt,0.5,gamma0p5,dec2,1,vertebrae,7,8,16,40484,40484,3686,1,0.9011769890785217,12,47
4,1,SIEMENS_SymphonyTim_37743_T1-TSE,72|31|126|53,D:\Running_Place\PostGraduateProjects\Experiments\PostGraduate\backbones\DisperssionWithSADG_ConstraintStyleRegularization\Seg-SADG\BaryRadGate\a0p08\rho0p5\gb8\sadg0p05\nocons\shot4\Seed1\baseline_model_with_metadata.pt,D:\Running_Place\PostGraduateProjects\Experiments\PostGraduate\backbones\Prompts\Seg-SADG\BaryRadGate\a0p08\rho0p5\gb8\sadg0p05\nocons\shot4\Seed1,D:\Running_Place\PostGraduateProjects\Experiments\PostGraduate\backbones\Prompts\Seg-SADG\BaryRadGate\a0p08\rho0p5\gb8\sadg0p05\nocons\shot4\Seed1\source_multilayer_prototypes.pt,0.5,gamma0p5,dec2,2,intervertebral_discs,0,4,16,7807,7807,1267,1,0.9405332207679749,12,47
4,1,SIEMENS_SymphonyTim_37743_T1-TSE,72|31|126|53,D:\Running_Place\PostGraduateProjects\Experiments\PostGraduate\backbones\DisperssionWithSADG_ConstraintStyleRegularization\Seg-SADG\BaryRadGate\a0p08\rho0p5\gb8\sadg0p05\nocons\shot4\Seed1\baseline_model_with_metadata.pt,D:\Running_Place\PostGraduateProjects\Experiments\PostGraduate\backbones\Prompts\Seg-SADG\BaryRadGate\a0p08\rho0p5\gb8\sadg0p05\nocons\shot4\Seed1,D:\Running_Place\PostGraduateProjects\Experiments\PostGraduate\backbones\Prompts\Seg-SADG\BaryRadGate\a0p08\rho0p5\gb8\sadg0p05\nocons\shot4\Seed1\source_multilayer_prototypes.pt,0.5,gamma0p5,dec2,2,intervertebral_discs,1,4,16,7807,7807,3249,1,0.9779784679412842,12,47
4,1,SIEMENS_SymphonyTim_37743_T1-TSE,72|31|126|53,D:\Running_Place\PostGraduateProjects\Experiments\PostGraduate\backbones\DisperssionWithSADG_ConstraintStyleRegularization\Seg-SADG\BaryRadGate\a0p08\rho0p5\gb8\sadg0p05\nocons\shot4\Seed1\baseline_model_with_metadata.pt,D:\Running_Place\PostGraduateProjects\Experiments\PostGraduate\backbones\Prompts\Seg-SADG\BaryRadGate\a0p08\rho0p5\gb8\sadg0p05\nocons\shot4\Seed1,D:\Running_Place\PostGraduateProjects\Experiments\PostGraduate\backbones\Prompts\Seg-SADG\BaryRadGate\a0p08\rho0p5\gb8\sadg0p05\nocons\shot4\Seed1\source_multilayer_prototypes.pt,0.5,gamma0p5,dec2,2,intervertebral_discs,2,4,16,7807,7807,2390,1,0.9623294472694397,12,47
4,1,SIEMENS_SymphonyTim_37743_T1-TSE,72|31|126|53,D:\Running_Place\PostGraduateProjects\Experiments\PostGraduate\backbones\DisperssionWithSADG_ConstraintStyleRegularization\Seg-SADG\BaryRadGate\a0p08\rho0p5\gb8\sadg0p05\nocons\shot4\Seed1\baseline_model_with_metadata.pt,D:\Running_Place\PostGraduateProjects\Experiments\PostGraduate\backbones\Prompts\Seg-SADG\BaryRadGate\a0p08\rho0p5\gb8\sadg0p05\nocons\shot4\Seed1,D:\Running_Place\PostGraduateProjects\Experiments\PostGraduate\backbones\Prompts\Seg-SADG\BaryRadGate\a0p08\rho0p5\gb8\sadg0p05\nocons\shot4\Seed1\source_multilayer_prototypes.pt,0.5,gamma0p5,dec2,2,intervertebral_discs,3,4,16,7807,7807,901,1,0.9319424629211426,12,47
4,1,SIEMENS_SymphonyTim_37743_T1-TSE,72|31|126|53,D:\Running_Place\PostGraduateProjects\Experiments\PostGraduate\backbones\DisperssionWithSADG_ConstraintStyleRegularization\Seg-SADG\BaryRadGate\a0p08\rho0p5\gb8\sadg0p05\nocons\shot4\Seed1\baseline_model_with_metadata.pt,D:\Running_Place\PostGraduateProjects\Experiments\PostGraduate\backbones\Prompts\Seg-SADG\BaryRadGate\a0p08\rho0p5\gb8\sadg0p05\nocons\shot4\Seed1,D:\Running_Place\PostGraduateProjects\Experiments\PostGraduate\backbones\Prompts\Seg-SADG\BaryRadGate\a0p08\rho0p5\gb8\sadg0p05\nocons\shot4\Seed1\source_multilayer_prototypes.pt,0.5,gamma0p5,dec1,0,background,0,8,16,2164756,50000,1447,1,0.9878963828086853,12,47
4,1,SIEMENS_SymphonyTim_37743_T1-TSE,72|31|126|53,D:\Running_Place\PostGraduateProjects\Experiments\PostGraduate\backbones\DisperssionWithSADG_ConstraintStyleRegularization\Seg-SADG\BaryRadGate\a0p08\rho0p5\gb8\sadg0p05\nocons\shot4\Seed1\baseline_model_with_metadata.pt,D:\Running_Place\PostGraduateProjects\Experiments\PostGraduate\backbones\Prompts\Seg-SADG\BaryRadGate\a0p08\rho0p5\gb8\sadg0p05\nocons\shot4\Seed1,D:\Running_Place\PostGraduateProjects\Experiments\PostGraduate\backbones\Prompts\Seg-SADG\BaryRadGate\a0p08\rho0p5\gb8\sadg0p05\nocons\shot4\Seed1\source_multilayer_prototypes.pt,0.5,gamma0p5,dec1,0,background,1,8,16,2164756,50000,452,1,0.875801146030426,12,47
4,1,SIEMENS_SymphonyTim_37743_T1-TSE,72|31|126|53,D:\Running_Place\PostGraduateProjects\Experiments\PostGraduate\backbones\DisperssionWithSADG_ConstraintStyleRegularization\Seg-SADG\BaryRadGate\a0p08\rho0p5\gb8\sadg0p05\nocons\shot4\Seed1\baseline_model_with_metadata.pt,D:\Running_Place\PostGraduateProjects\Experiments\PostGraduate\backbones\Prompts\Seg-SADG\BaryRadGate\a0p08\rho0p5\gb8\sadg0p05\nocons\shot4\Seed1,D:\Running_Place\PostGraduateProjects\Experiments\PostGraduate\backbones\Prompts\Seg-SADG\BaryRadGate\a0p08\rho0p5\gb8\sadg0p05\nocons\shot4\Seed1\source_multilayer_prototypes.pt,0.5,gamma0p5,dec1,0,background,2,8,16,2164756,50000,345,1,0.9295604228973389,12,47
4,1,SIEMENS_SymphonyTim_37743_T1-TSE,72|31|126|53,D:\Running_Place\PostGraduateProjects\Experiments\PostGraduate\backbones\DisperssionWithSADG_ConstraintStyleRegularization\Seg-SADG\BaryRadGate\a0p08\rho0p5\gb8\sadg0p05\nocons\shot4\Seed1\baseline_model_with_metadata.pt,D:\Running_Place\PostGraduateProjects\Experiments\PostGraduate\backbones\Prompts\Seg-SADG\BaryRadGate\a0p08\rho0p5\gb8\sadg0p05\nocons\shot4\Seed1,D:\Running_Place\PostGraduateProjects\Experiments\PostGraduate\backbones\Prompts\Seg-SADG\BaryRadGate\a0p08\rho0p5\gb8\sadg0p05\nocons\shot4\Seed1\source_multilayer_prototypes.pt,0.5,gamma0p5,dec1,0,background,3,8,16,2164756,50000,15013,1,0.9987964630126953,12,47
4,1,SIEMENS_SymphonyTim_37743_T1-TSE,72|31|126|53,D:\Running_Place\PostGraduateProjects\Experiments\PostGraduate\backbones\DisperssionWithSADG_ConstraintStyleRegularization\Seg-SADG\BaryRadGate\a0p08\rho0p5\gb8\sadg0p05\nocons\shot4\Seed1\baseline_model_with_metadata.pt,D:\Running_Place\PostGraduateProjects\Experiments\PostGraduate\backbones\Prompts\Seg-SADG\BaryRadGate\a0p08\rho0p5\gb8\sadg0p05\nocons\shot4\Seed1,D:\Running_Place\PostGraduateProjects\Experiments\PostGraduate\backbones\Prompts\Seg-SADG\BaryRadGate\a0p08\rho0p5\gb8\sadg0p05\nocons\shot4\Seed1\source_multilayer_prototypes.pt,0.5,gamma0p5,dec1,0,background,4,8,16,2164756,50000,4613,1,0.9970526099205017,12,47
4,1,SIEMENS_SymphonyTim_37743_T1-TSE,72|31|126|53,D:\Running_Place\PostGraduateProjects\Experiments\PostGraduate\backbones\DisperssionWithSADG_ConstraintStyleRegularization\Seg-SADG\BaryRadGate\a0p08\rho0p5\gb8\sadg0p05\nocons\shot4\Seed1\baseline_model_with_metadata.pt,D:\Running_Place\PostGraduateProjects\Experiments\PostGraduate\backbones\Prompts\Seg-SADG\BaryRadGate\a0p08\rho0p5\gb8\sadg0p05\nocons\shot4\Seed1,D:\Running_Place\PostGraduateProjects\Experiments\PostGraduate\backbones\Prompts\Seg-SADG\BaryRadGate\a0p08\rho0p5\gb8\sadg0p05\nocons\shot4\Seed1\source_multilayer_prototypes.pt,0.5,gamma0p5,dec1,0,background,5,8,16,2164756,50000,3177,1,0.9955564737319946,12,47
4,1,SIEMENS_SymphonyTim_37743_T1-TSE,72|31|126|53,D:\Running_Place\PostGraduateProjects\Experiments\PostGraduate\backbones\DisperssionWithSADG_ConstraintStyleRegularization\Seg-SADG\BaryRadGate\a0p08\rho0p5\gb8\sadg0p05\nocons\shot4\Seed1\baseline_model_with_metadata.pt,D:\Running_Place\PostGraduateProjects\Experiments\PostGraduate\backbones\Prompts\Seg-SADG\BaryRadGate\a0p08\rho0p5\gb8\sadg0p05\nocons\shot4\Seed1,D:\Running_Place\PostGraduateProjects\Experiments\PostGraduate\backbones\Prompts\Seg-SADG\BaryRadGate\a0p08\rho0p5\gb8\sadg0p05\nocons\shot4\Seed1\source_multilayer_prototypes.pt,0.5,gamma0p5,dec1,0,background,6,8,16,2164756,50000,9152,1,0.9952213168144226,12,47
4,1,SIEMENS_SymphonyTim_37743_T1-TSE,72|31|126|53,D:\Running_Place\PostGraduateProjects\Experiments\PostGraduate\backbones\DisperssionWithSADG_ConstraintStyleRegularization\Seg-SADG\BaryRadGate\a0p08\rho0p5\gb8\sadg0p05\nocons\shot4\Seed1\baseline_model_with_metadata.pt,D:\Running_Place\PostGraduateProjects\Experiments\PostGraduate\backbones\Prompts\Seg-SADG\BaryRadGate\a0p08\rho0p5\gb8\sadg0p05\nocons\shot4\Seed1,D:\Running_Place\PostGraduateProjects\Experiments\PostGraduate\backbones\Prompts\Seg-SADG\BaryRadGate\a0p08\rho0p5\gb8\sadg0p05\nocons\shot4\Seed1\source_multilayer_prototypes.pt,0.5,gamma0p5,dec1,0,background,7,8,16,2164756,50000,15801,1,0.9991613626480103,12,47
4,1,SIEMENS_SymphonyTim_37743_T1-TSE,72|31|126|53,D:\Running_Place\PostGraduateProjects\Experiments\PostGraduate\backbones\DisperssionWithSADG_ConstraintStyleRegularization\Seg-SADG\BaryRadGate\a0p08\rho0p5\gb8\sadg0p05\nocons\shot4\Seed1\baseline_model_with_metadata.pt,D:\Running_Place\PostGraduateProjects\Experiments\PostGraduate\backbones\Prompts\Seg-SADG\BaryRadGate\a0p08\rho0p5\gb8\sadg0p05\nocons\shot4\Seed1,D:\Running_Place\PostGraduateProjects\Experiments\PostGraduate\backbones\Prompts\Seg-SADG\BaryRadGate\a0p08\rho0p5\gb8\sadg0p05\nocons\shot4\Seed1\source_multilayer_prototypes.pt,0.5,gamma0p5,dec1,1,vertebrae,0,8,16,162690,50000,3864,1,0.987331211566925,12,47
4,1,SIEMENS_SymphonyTim_37743_T1-TSE,72|31|126|53,D:\Running_Place\PostGraduateProjects\Experiments\PostGraduate\backbones\DisperssionWithSADG_ConstraintStyleRegularization\Seg-SADG\BaryRadGate\a0p08\rho0p5\gb8\sadg0p05\nocons\shot4\Seed1\baseline_model_with_metadata.pt,D:\Running_Place\PostGraduateProjects\Experiments\PostGraduate\backbones\Prompts\Seg-SADG\BaryRadGate\a0p08\rho0p5\gb8\sadg0p05\nocons\shot4\Seed1,D:\Running_Place\PostGraduateProjects\Experiments\PostGraduate\backbones\Prompts\Seg-SADG\BaryRadGate\a0p08\rho0p5\gb8\sadg0p05\nocons\shot4\Seed1\source_multilayer_prototypes.pt,0.5,gamma0p5,dec1,1,vertebrae,1,8,16,162690,50000,21212,1,0.9956160187721252,12,47
4,1,SIEMENS_SymphonyTim_37743_T1-TSE,72|31|126|53,D:\Running_Place\PostGraduateProjects\Experiments\PostGraduate\backbones\DisperssionWithSADG_ConstraintStyleRegularization\Seg-SADG\BaryRadGate\a0p08\rho0p5\gb8\sadg0p05\nocons\shot4\Seed1\baseline_model_with_metadata.pt,D:\Running_Place\PostGraduateProjects\Experiments\PostGraduate\backbones\Prompts\Seg-SADG\BaryRadGate\a0p08\rho0p5\gb8\sadg0p05\nocons\shot4\Seed1,D:\Running_Place\PostGraduateProjects\Experiments\PostGraduate\backbones\Prompts\Seg-SADG\BaryRadGate\a0p08\rho0p5\gb8\sadg0p05\nocons\shot4\Seed1\source_multilayer_prototypes.pt,0.5,gamma0p5,dec1,1,vertebrae,2,8,16,162690,50000,837,1,0.9334686398506165,12,47
4,1,SIEMENS_SymphonyTim_37743_T1-TSE,72|31|126|53,D:\Running_Place\PostGraduateProjects\Experiments\PostGraduate\backbones\DisperssionWithSADG_ConstraintStyleRegularization\Seg-SADG\BaryRadGate\a0p08\rho0p5\gb8\sadg0p05\nocons\shot4\Seed1\baseline_model_with_metadata.pt,D:\Running_Place\PostGraduateProjects\Experiments\PostGraduate\backbones\Prompts\Seg-SADG\BaryRadGate\a0p08\rho0p5\gb8\sadg0p05\nocons\shot4\Seed1,D:\Running_Place\PostGraduateProjects\Experiments\PostGraduate\backbones\Prompts\Seg-SADG\BaryRadGate\a0p08\rho0p5\gb8\sadg0p05\nocons\shot4\Seed1\source_multilayer_prototypes.pt,0.5,gamma0p5,dec1,1,vertebrae,3,8,16,162690,50000,18133,1,0.9973331093788147,12,47
4,1,SIEMENS_SymphonyTim_37743_T1-TSE,72|31|126|53,D:\Running_Place\PostGraduateProjects\Experiments\PostGraduate\backbones\DisperssionWithSADG_ConstraintStyleRegularization\Seg-SADG\BaryRadGate\a0p08\rho0p5\gb8\sadg0p05\nocons\shot4\Seed1\baseline_model_with_metadata.pt,D:\Running_Place\PostGraduateProjects\Experiments\PostGraduate\backbones\Prompts\Seg-SADG\BaryRadGate\a0p08\rho0p5\gb8\sadg0p05\nocons\shot4\Seed1,D:\Running_Place\PostGraduateProjects\Experiments\PostGraduate\backbones\Prompts\Seg-SADG\BaryRadGate\a0p08\rho0p5\gb8\sadg0p05\nocons\shot4\Seed1\source_multilayer_prototypes.pt,0.5,gamma0p5,dec1,1,vertebrae,4,8,16,162690,50000,956,1,0.9002209305763245,12,47
4,1,SIEMENS_SymphonyTim_37743_T1-TSE,72|31|126|53,D:\Running_Place\PostGraduateProjects\Experiments\PostGraduate\backbones\DisperssionWithSADG_ConstraintStyleRegularization\Seg-SADG\BaryRadGate\a0p08\rho0p5\gb8\sadg0p05\nocons\shot4\Seed1\baseline_model_with_metadata.pt,D:\Running_Place\PostGraduateProjects\Experiments\PostGraduate\backbones\Prompts\Seg-SADG\BaryRadGate\a0p08\rho0p5\gb8\sadg0p05\nocons\shot4\Seed1,D:\Running_Place\PostGraduateProjects\Experiments\PostGraduate\backbones\Prompts\Seg-SADG\BaryRadGate\a0p08\rho0p5\gb8\sadg0p05\nocons\shot4\Seed1\source_multilayer_prototypes.pt,0.5,gamma0p5,dec1,1,vertebrae,5,8,16,162690,50000,2414,1,0.9670436382293701,12,47
4,1,SIEMENS_SymphonyTim_37743_T1-TSE,72|31|126|53,D:\Running_Place\PostGraduateProjects\Experiments\PostGraduate\backbones\DisperssionWithSADG_ConstraintStyleRegularization\Seg-SADG\BaryRadGate\a0p08\rho0p5\gb8\sadg0p05\nocons\shot4\Seed1\baseline_model_with_metadata.pt,D:\Running_Place\PostGraduateProjects\Experiments\PostGraduate\backbones\Prompts\Seg-SADG\BaryRadGate\a0p08\rho0p5\gb8\sadg0p05\nocons\shot4\Seed1,D:\Running_Place\PostGraduateProjects\Experiments\PostGraduate\backbones\Prompts\Seg-SADG\BaryRadGate\a0p08\rho0p5\gb8\sadg0p05\nocons\shot4\Seed1\source_multilayer_prototypes.pt,0.5,gamma0p5,dec1,1,vertebrae,6,8,16,162690,50000,1112,1,0.9425457119941711,12,47
4,1,SIEMENS_SymphonyTim_37743_T1-TSE,72|31|126|53,D:\Running_Place\PostGraduateProjects\Experiments\PostGraduate\backbones\DisperssionWithSADG_ConstraintStyleRegularization\Seg-SADG\BaryRadGate\a0p08\rho0p5\gb8\sadg0p05\nocons\shot4\Seed1\baseline_model_with_metadata.pt,D:\Running_Place\PostGraduateProjects\Experiments\PostGraduate\backbones\Prompts\Seg-SADG\BaryRadGate\a0p08\rho0p5\gb8\sadg0p05\nocons\shot4\Seed1,D:\Running_Place\PostGraduateProjects\Experiments\PostGraduate\backbones\Prompts\Seg-SADG\BaryRadGate\a0p08\rho0p5\gb8\sadg0p05\nocons\shot4\Seed1\source_multilayer_prototypes.pt,0.5,gamma0p5,dec1,1,vertebrae,7,8,16,162690,50000,1472,1,0.9719513058662415,12,47
4,1,SIEMENS_SymphonyTim_37743_T1-TSE,72|31|126|53,D:\Running_Place\PostGraduateProjects\Experiments\PostGraduate\backbones\DisperssionWithSADG_ConstraintStyleRegularization\Seg-SADG\BaryRadGate\a0p08\rho0p5\gb8\sadg0p05\nocons\shot4\Seed1\baseline_model_with_metadata.pt,D:\Running_Place\PostGraduateProjects\Experiments\PostGraduate\backbones\Prompts\Seg-SADG\BaryRadGate\a0p08\rho0p5\gb8\sadg0p05\nocons\shot4\Seed1,D:\Running_Place\PostGraduateProjects\Experiments\PostGraduate\backbones\Prompts\Seg-SADG\BaryRadGate\a0p08\rho0p5\gb8\sadg0p05\nocons\shot4\Seed1\source_multilayer_prototypes.pt,0.5,gamma0p5,dec1,2,intervertebral_discs,0,4,16,30826,30826,4366,1,0.9867072701454163,12,47
4,1,SIEMENS_SymphonyTim_37743_T1-TSE,72|31|126|53,D:\Running_Place\PostGraduateProjects\Experiments\PostGraduate\backbones\DisperssionWithSADG_ConstraintStyleRegularization\Seg-SADG\BaryRadGate\a0p08\rho0p5\gb8\sadg0p05\nocons\shot4\Seed1\baseline_model_with_metadata.pt,D:\Running_Place\PostGraduateProjects\Experiments\PostGraduate\backbones\Prompts\Seg-SADG\BaryRadGate\a0p08\rho0p5\gb8\sadg0p05\nocons\shot4\Seed1,D:\Running_Place\PostGraduateProjects\Experiments\PostGraduate\backbones\Prompts\Seg-SADG\BaryRadGate\a0p08\rho0p5\gb8\sadg0p05\nocons\shot4\Seed1\source_multilayer_prototypes.pt,0.5,gamma0p5,dec1,2,intervertebral_discs,1,4,16,30826,30826,15360,1,0.997403085231781,12,47
4,1,SIEMENS_SymphonyTim_37743_T1-TSE,72|31|126|53,D:\Running_Place\PostGraduateProjects\Experiments\PostGraduate\backbones\DisperssionWithSADG_ConstraintStyleRegularization\Seg-SADG\BaryRadGate\a0p08\rho0p5\gb8\sadg0p05\nocons\shot4\Seed1\baseline_model_with_metadata.pt,D:\Running_Place\PostGraduateProjects\Experiments\PostGraduate\backbones\Prompts\Seg-SADG\BaryRadGate\a0p08\rho0p5\gb8\sadg0p05\nocons\shot4\Seed1,D:\Running_Place\PostGraduateProjects\Experiments\PostGraduate\backbones\Prompts\Seg-SADG\BaryRadGate\a0p08\rho0p5\gb8\sadg0p05\nocons\shot4\Seed1\source_multilayer_prototypes.pt,0.5,gamma0p5,dec1,2,intervertebral_discs,2,4,16,30826,30826,10589,1,0.9978113174438477,12,47
4,1,SIEMENS_SymphonyTim_37743_T1-TSE,72|31|126|53,D:\Running_Place\PostGraduateProjects\Experiments\PostGraduate\backbones\DisperssionWithSADG_ConstraintStyleRegularization\Seg-SADG\BaryRadGate\a0p08\rho0p5\gb8\sadg0p05\nocons\shot4\Seed1\baseline_model_with_metadata.pt,D:\Running_Place\PostGraduateProjects\Experiments\PostGraduate\backbones\Prompts\Seg-SADG\BaryRadGate\a0p08\rho0p5\gb8\sadg0p05\nocons\shot4\Seed1,D:\Running_Place\PostGraduateProjects\Experiments\PostGraduate\backbones\Prompts\Seg-SADG\BaryRadGate\a0p08\rho0p5\gb8\sadg0p05\nocons\shot4\Seed1\source_multilayer_prototypes.pt,0.5,gamma0p5,dec1,2,intervertebral_discs,3,4,16,30826,30826,511,1,0.8008474707603455,12,47
4,1,SIEMENS_SymphonyTim_37743_T1-TSE,72|31|126|53,D:\Running_Place\PostGraduateProjects\Experiments\PostGraduate\backbones\DisperssionWithSADG_ConstraintStyleRegularization\Seg-SADG\BaryRadGate\a0p08\rho0p5\gb8\sadg0p05\nocons\shot4\Seed1\baseline_model_with_metadata.pt,D:\Running_Place\PostGraduateProjects\Experiments\PostGraduate\backbones\Prompts\Seg-SADG\BaryRadGate\a0p08\rho0p5\gb8\sadg0p05\nocons\shot4\Seed1,D:\Running_Place\PostGraduateProjects\Experiments\PostGraduate\backbones\Prompts\Seg-SADG\BaryRadGate\a0p08\rho0p5\gb8\sadg0p05\nocons\shot4\Seed1\source_multilayer_prototypes.pt,0.5,gamma0p5,dec1_head,0,background,0,8,16,2164756,50000,12144,1,0.9989496469497681,12,47
4,1,SIEMENS_SymphonyTim_37743_T1-TSE,72|31|126|53,D:\Running_Place\PostGraduateProjects\Experiments\PostGraduate\backbones\DisperssionWithSADG_ConstraintStyleRegularization\Seg-SADG\BaryRadGate\a0p08\rho0p5\gb8\sadg0p05\nocons\shot4\Seed1\baseline_model_with_metadata.pt,D:\Running_Place\PostGraduateProjects\Experiments\PostGraduate\backbones\Prompts\Seg-SADG\BaryRadGate\a0p08\rho0p5\gb8\sadg0p05\nocons\shot4\Seed1,D:\Running_Place\PostGraduateProjects\Experiments\PostGraduate\backbones\Prompts\Seg-SADG\BaryRadGate\a0p08\rho0p5\gb8\sadg0p05\nocons\shot4\Seed1\source_multilayer_prototypes.pt,0.5,gamma0p5,dec1_head,0,background,1,8,16,2164756,50000,2320,1,0.9912462830543518,12,47
4,1,SIEMENS_SymphonyTim_37743_T1-TSE,72|31|126|53,D:\Running_Place\PostGraduateProjects\Experiments\PostGraduate\backbones\DisperssionWithSADG_ConstraintStyleRegularization\Seg-SADG\BaryRadGate\a0p08\rho0p5\gb8\sadg0p05\nocons\shot4\Seed1\baseline_model_with_metadata.pt,D:\Running_Place\PostGraduateProjects\Experiments\PostGraduate\backbones\Prompts\Seg-SADG\BaryRadGate\a0p08\rho0p5\gb8\sadg0p05\nocons\shot4\Seed1,D:\Running_Place\PostGraduateProjects\Experiments\PostGraduate\backbones\Prompts\Seg-SADG\BaryRadGate\a0p08\rho0p5\gb8\sadg0p05\nocons\shot4\Seed1\source_multilayer_prototypes.pt,0.5,gamma0p5,dec1_head,0,background,2,8,16,2164756,50000,11198,1,0.9988961219787598,12,47
4,1,SIEMENS_SymphonyTim_37743_T1-TSE,72|31|126|53,D:\Running_Place\PostGraduateProjects\Experiments\PostGraduate\backbones\DisperssionWithSADG_ConstraintStyleRegularization\Seg-SADG\BaryRadGate\a0p08\rho0p5\gb8\sadg0p05\nocons\shot4\Seed1\baseline_model_with_metadata.pt,D:\Running_Place\PostGraduateProjects\Experiments\PostGraduate\backbones\Prompts\Seg-SADG\BaryRadGate\a0p08\rho0p5\gb8\sadg0p05\nocons\shot4\Seed1,D:\Running_Place\PostGraduateProjects\Experiments\PostGraduate\backbones\Prompts\Seg-SADG\BaryRadGate\a0p08\rho0p5\gb8\sadg0p05\nocons\shot4\Seed1\source_multilayer_prototypes.pt,0.5,gamma0p5,dec1_head,0,background,3,8,16,2164756,50000,2780,1,0.9945726990699768,12,47
4,1,SIEMENS_SymphonyTim_37743_T1-TSE,72|31|126|53,D:\Running_Place\PostGraduateProjects\Experiments\PostGraduate\backbones\DisperssionWithSADG_ConstraintStyleRegularization\Seg-SADG\BaryRadGate\a0p08\rho0p5\gb8\sadg0p05\nocons\shot4\Seed1\baseline_model_with_metadata.pt,D:\Running_Place\PostGraduateProjects\Experiments\PostGraduate\backbones\Prompts\Seg-SADG\BaryRadGate\a0p08\rho0p5\gb8\sadg0p05\nocons\shot4\Seed1,D:\Running_Place\PostGraduateProjects\Experiments\PostGraduate\backbones\Prompts\Seg-SADG\BaryRadGate\a0p08\rho0p5\gb8\sadg0p05\nocons\shot4\Seed1\source_multilayer_prototypes.pt,0.5,gamma0p5,dec1_head,0,background,4,8,16,2164756,50000,1296,1,0.9817924499511719,12,47
4,1,SIEMENS_SymphonyTim_37743_T1-TSE,72|31|126|53,D:\Running_Place\PostGraduateProjects\Experiments\PostGraduate\backbones\DisperssionWithSADG_ConstraintStyleRegularization\Seg-SADG\BaryRadGate\a0p08\rho0p5\gb8\sadg0p05\nocons\shot4\Seed1\baseline_model_with_metadata.pt,D:\Running_Place\PostGraduateProjects\Experiments\PostGraduate\backbones\Prompts\Seg-SADG\BaryRadGate\a0p08\rho0p5\gb8\sadg0p05\nocons\shot4\Seed1,D:\Running_Place\PostGraduateProjects\Experiments\PostGraduate\backbones\Prompts\Seg-SADG\BaryRadGate\a0p08\rho0p5\gb8\sadg0p05\nocons\shot4\Seed1\source_multilayer_prototypes.pt,0.5,gamma0p5,dec1_head,0,background,5,8,16,2164756,50000,1370,1,0.9823997616767883,12,47
4,1,SIEMENS_SymphonyTim_37743_T1-TSE,72|31|126|53,D:\Running_Place\PostGraduateProjects\Experiments\PostGraduate\backbones\DisperssionWithSADG_ConstraintStyleRegularization\Seg-SADG\BaryRadGate\a0p08\rho0p5\gb8\sadg0p05\nocons\shot4\Seed1\baseline_model_with_metadata.pt,D:\Running_Place\PostGraduateProjects\Experiments\PostGraduate\backbones\Prompts\Seg-SADG\BaryRadGate\a0p08\rho0p5\gb8\sadg0p05\nocons\shot4\Seed1,D:\Running_Place\PostGraduateProjects\Experiments\PostGraduate\backbones\Prompts\Seg-SADG\BaryRadGate\a0p08\rho0p5\gb8\sadg0p05\nocons\shot4\Seed1\source_multilayer_prototypes.pt,0.5,gamma0p5,dec1_head,0,background,6,8,16,2164756,50000,556,1,0.8776426315307617,12,47
4,1,SIEMENS_SymphonyTim_37743_T1-TSE,72|31|126|53,D:\Running_Place\PostGraduateProjects\Experiments\PostGraduate\backbones\DisperssionWithSADG_ConstraintStyleRegularization\Seg-SADG\BaryRadGate\a0p08\rho0p5\gb8\sadg0p05\nocons\shot4\Seed1\baseline_model_with_metadata.pt,D:\Running_Place\PostGraduateProjects\Experiments\PostGraduate\backbones\Prompts\Seg-SADG\BaryRadGate\a0p08\rho0p5\gb8\sadg0p05\nocons\shot4\Seed1,D:\Running_Place\PostGraduateProjects\Experiments\PostGraduate\backbones\Prompts\Seg-SADG\BaryRadGate\a0p08\rho0p5\gb8\sadg0p05\nocons\shot4\Seed1\source_multilayer_prototypes.pt,0.5,gamma0p5,dec1_head,0,background,7,8,16,2164756,50000,18336,1,0.9990205764770508,12,47
4,1,SIEMENS_SymphonyTim_37743_T1-TSE,72|31|126|53,D:\Running_Place\PostGraduateProjects\Experiments\PostGraduate\backbones\DisperssionWithSADG_ConstraintStyleRegularization\Seg-SADG\BaryRadGate\a0p08\rho0p5\gb8\sadg0p05\nocons\shot4\Seed1\baseline_model_with_metadata.pt,D:\Running_Place\PostGraduateProjects\Experiments\PostGraduate\backbones\Prompts\Seg-SADG\BaryRadGate\a0p08\rho0p5\gb8\sadg0p05\nocons\shot4\Seed1,D:\Running_Place\PostGraduateProjects\Experiments\PostGraduate\backbones\Prompts\Seg-SADG\BaryRadGate\a0p08\rho0p5\gb8\sadg0p05\nocons\shot4\Seed1\source_multilayer_prototypes.pt,0.5,gamma0p5,dec1_head,1,vertebrae,0,8,16,162690,50000,21933,1,0.9949248433113098,12,47
4,1,SIEMENS_SymphonyTim_37743_T1-TSE,72|31|126|53,D:\Running_Place\PostGraduateProjects\Experiments\PostGraduate\backbones\DisperssionWithSADG_ConstraintStyleRegularization\Seg-SADG\BaryRadGate\a0p08\rho0p5\gb8\sadg0p05\nocons\shot4\Seed1\baseline_model_with_metadata.pt,D:\Running_Place\PostGraduateProjects\Experiments\PostGraduate\backbones\Prompts\Seg-SADG\BaryRadGate\a0p08\rho0p5\gb8\sadg0p05\nocons\shot4\Seed1,D:\Running_Place\PostGraduateProjects\Experiments\PostGraduate\backbones\Prompts\Seg-SADG\BaryRadGate\a0p08\rho0p5\gb8\sadg0p05\nocons\shot4\Seed1\source_multilayer_prototypes.pt,0.5,gamma0p5,dec1_head,1,vertebrae,1,8,16,162690,50000,20047,1,0.9963291883468628,12,47
4,1,SIEMENS_SymphonyTim_37743_T1-TSE,72|31|126|53,D:\Running_Place\PostGraduateProjects\Experiments\PostGraduate\backbones\DisperssionWithSADG_ConstraintStyleRegularization\Seg-SADG\BaryRadGate\a0p08\rho0p5\gb8\sadg0p05\nocons\shot4\Seed1\baseline_model_with_metadata.pt,D:\Running_Place\PostGraduateProjects\Experiments\PostGraduate\backbones\Prompts\Seg-SADG\BaryRadGate\a0p08\rho0p5\gb8\sadg0p05\nocons\shot4\Seed1,D:\Running_Place\PostGraduateProjects\Experiments\PostGraduate\backbones\Prompts\Seg-SADG\BaryRadGate\a0p08\rho0p5\gb8\sadg0p05\nocons\shot4\Seed1\source_multilayer_prototypes.pt,0.5,gamma0p5,dec1_head,1,vertebrae,2,8,16,162690,50000,1644,1,0.9648827910423279,12,47
4,1,SIEMENS_SymphonyTim_37743_T1-TSE,72|31|126|53,D:\Running_Place\PostGraduateProjects\Experiments\PostGraduate\backbones\DisperssionWithSADG_ConstraintStyleRegularization\Seg-SADG\BaryRadGate\a0p08\rho0p5\gb8\sadg0p05\nocons\shot4\Seed1\baseline_model_with_metadata.pt,D:\Running_Place\PostGraduateProjects\Experiments\PostGraduate\backbones\Prompts\Seg-SADG\BaryRadGate\a0p08\rho0p5\gb8\sadg0p05\nocons\shot4\Seed1,D:\Running_Place\PostGraduateProjects\Experiments\PostGraduate\backbones\Prompts\Seg-SADG\BaryRadGate\a0p08\rho0p5\gb8\sadg0p05\nocons\shot4\Seed1\source_multilayer_prototypes.pt,0.5,gamma0p5,dec1_head,1,vertebrae,3,8,16,162690,50000,1072,1,0.9299628734588623,12,47
4,1,SIEMENS_SymphonyTim_37743_T1-TSE,72|31|126|53,D:\Running_Place\PostGraduateProjects\Experiments\PostGraduate\backbones\DisperssionWithSADG_ConstraintStyleRegularization\Seg-SADG\BaryRadGate\a0p08\rho0p5\gb8\sadg0p05\nocons\shot4\Seed1\baseline_model_with_metadata.pt,D:\Running_Place\PostGraduateProjects\Experiments\PostGraduate\backbones\Prompts\Seg-SADG\BaryRadGate\a0p08\rho0p5\gb8\sadg0p05\nocons\shot4\Seed1,D:\Running_Place\PostGraduateProjects\Experiments\PostGraduate\backbones\Prompts\Seg-SADG\BaryRadGate\a0p08\rho0p5\gb8\sadg0p05\nocons\shot4\Seed1\source_multilayer_prototypes.pt,0.5,gamma0p5,dec1_head,1,vertebrae,4,8,16,162690,50000,1485,1,0.9787814617156982,12,47
4,1,SIEMENS_SymphonyTim_37743_T1-TSE,72|31|126|53,D:\Running_Place\PostGraduateProjects\Experiments\PostGraduate\backbones\DisperssionWithSADG_ConstraintStyleRegularization\Seg-SADG\BaryRadGate\a0p08\rho0p5\gb8\sadg0p05\nocons\shot4\Seed1\baseline_model_with_metadata.pt,D:\Running_Place\PostGraduateProjects\Experiments\PostGraduate\backbones\Prompts\Seg-SADG\BaryRadGate\a0p08\rho0p5\gb8\sadg0p05\nocons\shot4\Seed1,D:\Running_Place\PostGraduateProjects\Experiments\PostGraduate\backbones\Prompts\Seg-SADG\BaryRadGate\a0p08\rho0p5\gb8\sadg0p05\nocons\shot4\Seed1\source_multilayer_prototypes.pt,0.5,gamma0p5,dec1_head,1,vertebrae,5,8,16,162690,50000,2347,1,0.9699885249137878,12,47
4,1,SIEMENS_SymphonyTim_37743_T1-TSE,72|31|126|53,D:\Running_Place\PostGraduateProjects\Experiments\PostGraduate\backbones\DisperssionWithSADG_ConstraintStyleRegularization\Seg-SADG\BaryRadGate\a0p08\rho0p5\gb8\sadg0p05\nocons\shot4\Seed1\baseline_model_with_metadata.pt,D:\Running_Place\PostGraduateProjects\Experiments\PostGraduate\backbones\Prompts\Seg-SADG\BaryRadGate\a0p08\rho0p5\gb8\sadg0p05\nocons\shot4\Seed1,D:\Running_Place\PostGraduateProjects\Experiments\PostGraduate\backbones\Prompts\Seg-SADG\BaryRadGate\a0p08\rho0p5\gb8\sadg0p05\nocons\shot4\Seed1\source_multilayer_prototypes.pt,0.5,gamma0p5,dec1_head,1,vertebrae,6,8,16,162690,50000,998,1,0.93843674659729,12,47
4,1,SIEMENS_SymphonyTim_37743_T1-TSE,72|31|126|53,D:\Running_Place\PostGraduateProjects\Experiments\PostGraduate\backbones\DisperssionWithSADG_ConstraintStyleRegularization\Seg-SADG\BaryRadGate\a0p08\rho0p5\gb8\sadg0p05\nocons\shot4\Seed1\baseline_model_with_metadata.pt,D:\Running_Place\PostGraduateProjects\Experiments\PostGraduate\backbones\Prompts\Seg-SADG\BaryRadGate\a0p08\rho0p5\gb8\sadg0p05\nocons\shot4\Seed1,D:\Running_Place\PostGraduateProjects\Experiments\PostGraduate\backbones\Prompts\Seg-SADG\BaryRadGate\a0p08\rho0p5\gb8\sadg0p05\nocons\shot4\Seed1\source_multilayer_prototypes.pt,0.5,gamma0p5,dec1_head,1,vertebrae,7,8,16,162690,50000,474,1,0.885307252407074,12,47
4,1,SIEMENS_SymphonyTim_37743_T1-TSE,72|31|126|53,D:\Running_Place\PostGraduateProjects\Experiments\PostGraduate\backbones\DisperssionWithSADG_ConstraintStyleRegularization\Seg-SADG\BaryRadGate\a0p08\rho0p5\gb8\sadg0p05\nocons\shot4\Seed1\baseline_model_with_metadata.pt,D:\Running_Place\PostGraduateProjects\Experiments\PostGraduate\backbones\Prompts\Seg-SADG\BaryRadGate\a0p08\rho0p5\gb8\sadg0p05\nocons\shot4\Seed1,D:\Running_Place\PostGraduateProjects\Experiments\PostGraduate\backbones\Prompts\Seg-SADG\BaryRadGate\a0p08\rho0p5\gb8\sadg0p05\nocons\shot4\Seed1\source_multilayer_prototypes.pt,0.5,gamma0p5,dec1_head,2,intervertebral_discs,0,4,16,30826,30826,21509,1,0.9981375932693481,12,47
4,1,SIEMENS_SymphonyTim_37743_T1-TSE,72|31|126|53,D:\Running_Place\PostGraduateProjects\Experiments\PostGraduate\backbones\DisperssionWithSADG_ConstraintStyleRegularization\Seg-SADG\BaryRadGate\a0p08\rho0p5\gb8\sadg0p05\nocons\shot4\Seed1\baseline_model_with_metadata.pt,D:\Running_Place\PostGraduateProjects\Experiments\PostGraduate\backbones\Prompts\Seg-SADG\BaryRadGate\a0p08\rho0p5\gb8\sadg0p05\nocons\shot4\Seed1,D:\Running_Place\PostGraduateProjects\Experiments\PostGraduate\backbones\Prompts\Seg-SADG\BaryRadGate\a0p08\rho0p5\gb8\sadg0p05\nocons\shot4\Seed1\source_multilayer_prototypes.pt,0.5,gamma0p5,dec1_head,2,intervertebral_discs,1,4,16,30826,30826,741,1,0.8509979844093323,12,47
4,1,SIEMENS_SymphonyTim_37743_T1-TSE,72|31|126|53,D:\Running_Place\PostGraduateProjects\Experiments\PostGraduate\backbones\DisperssionWithSADG_ConstraintStyleRegularization\Seg-SADG\BaryRadGate\a0p08\rho0p5\gb8\sadg0p05\nocons\shot4\Seed1\baseline_model_with_metadata.pt,D:\Running_Place\PostGraduateProjects\Experiments\PostGraduate\backbones\Prompts\Seg-SADG\BaryRadGate\a0p08\rho0p5\gb8\sadg0p05\nocons\shot4\Seed1,D:\Running_Place\PostGraduateProjects\Experiments\PostGraduate\backbones\Prompts\Seg-SADG\BaryRadGate\a0p08\rho0p5\gb8\sadg0p05\nocons\shot4\Seed1\source_multilayer_prototypes.pt,0.5,gamma0p5,dec1_head,2,intervertebral_discs,2,4,16,30826,30826,4484,1,0.9912258386611938,12,47
4,1,SIEMENS_SymphonyTim_37743_T1-TSE,72|31|126|53,D:\Running_Place\PostGraduateProjects\Experiments\PostGraduate\backbones\DisperssionWithSADG_ConstraintStyleRegularization\Seg-SADG\BaryRadGate\a0p08\rho0p5\gb8\sadg0p05\nocons\shot4\Seed1\baseline_model_with_metadata.pt,D:\Running_Place\PostGraduateProjects\Experiments\PostGraduate\backbones\Prompts\Seg-SADG\BaryRadGate\a0p08\rho0p5\gb8\sadg0p05\nocons\shot4\Seed1,D:\Running_Place\PostGraduateProjects\Experiments\PostGraduate\backbones\Prompts\Seg-SADG\BaryRadGate\a0p08\rho0p5\gb8\sadg0p05\nocons\shot4\Seed1\source_multilayer_prototypes.pt,0.5,gamma0p5,dec1_head,2,intervertebral_discs,3,4,16,30826,30826,4092,1,0.9924994111061096,12,47
4,1,SIEMENS_SymphonyTim_37743_T1-TSE,72|31|126|53,D:\Running_Place\PostGraduateProjects\Experiments\PostGraduate\backbones\DisperssionWithSADG_ConstraintStyleRegularization\Seg-SADG\BaryRadGate\a0p08\rho0p5\gb8\sadg0p05\nocons\shot4\Seed1\baseline_model_with_metadata.pt,D:\Running_Place\PostGraduateProjects\Experiments\PostGraduate\backbones\Prompts\Seg-SADG\BaryRadGate\a0p08\rho0p5\gb8\sadg0p05\nocons\shot4\Seed1,D:\Running_Place\PostGraduateProjects\Experiments\PostGraduate\backbones\Prompts\Seg-SADG\BaryRadGate\a0p08\rho0p5\gb8\sadg0p05\nocons\shot4\Seed1\source_multilayer_prototypes.pt,0.75,gamma0p75,dec3,0,background,0,8,32,135331,50000,7081,1,0.7565205097198486,12,47
4,1,SIEMENS_SymphonyTim_37743_T1-TSE,72|31|126|53,D:\Running_Place\PostGraduateProjects\Experiments\PostGraduate\backbones\DisperssionWithSADG_ConstraintStyleRegularization\Seg-SADG\BaryRadGate\a0p08\rho0p5\gb8\sadg0p05\nocons\shot4\Seed1\baseline_model_with_metadata.pt,D:\Running_Place\PostGraduateProjects\Experiments\PostGraduate\backbones\Prompts\Seg-SADG\BaryRadGate\a0p08\rho0p5\gb8\sadg0p05\nocons\shot4\Seed1,D:\Running_Place\PostGraduateProjects\Experiments\PostGraduate\backbones\Prompts\Seg-SADG\BaryRadGate\a0p08\rho0p5\gb8\sadg0p05\nocons\shot4\Seed1\source_multilayer_prototypes.pt,0.75,gamma0p75,dec3,0,background,1,8,32,135331,50000,3713,1,0.7198922038078308,12,47
4,1,SIEMENS_SymphonyTim_37743_T1-TSE,72|31|126|53,D:\Running_Place\PostGraduateProjects\Experiments\PostGraduate\backbones\DisperssionWithSADG_ConstraintStyleRegularization\Seg-SADG\BaryRadGate\a0p08\rho0p5\gb8\sadg0p05\nocons\shot4\Seed1\baseline_model_with_metadata.pt,D:\Running_Place\PostGraduateProjects\Experiments\PostGraduate\backbones\Prompts\Seg-SADG\BaryRadGate\a0p08\rho0p5\gb8\sadg0p05\nocons\shot4\Seed1,D:\Running_Place\PostGraduateProjects\Experiments\PostGraduate\backbones\Prompts\Seg-SADG\BaryRadGate\a0p08\rho0p5\gb8\sadg0p05\nocons\shot4\Seed1\source_multilayer_prototypes.pt,0.75,gamma0p75,dec3,0,background,2,8,32,135331,50000,5557,1,0.7350650429725647,12,47
4,1,SIEMENS_SymphonyTim_37743_T1-TSE,72|31|126|53,D:\Running_Place\PostGraduateProjects\Experiments\PostGraduate\backbones\DisperssionWithSADG_ConstraintStyleRegularization\Seg-SADG\BaryRadGate\a0p08\rho0p5\gb8\sadg0p05\nocons\shot4\Seed1\baseline_model_with_metadata.pt,D:\Running_Place\PostGraduateProjects\Experiments\PostGraduate\backbones\Prompts\Seg-SADG\BaryRadGate\a0p08\rho0p5\gb8\sadg0p05\nocons\shot4\Seed1,D:\Running_Place\PostGraduateProjects\Experiments\PostGraduate\backbones\Prompts\Seg-SADG\BaryRadGate\a0p08\rho0p5\gb8\sadg0p05\nocons\shot4\Seed1\source_multilayer_prototypes.pt,0.75,gamma0p75,dec3,0,background,3,8,32,135331,50000,6464,1,0.7356308102607727,12,47
4,1,SIEMENS_SymphonyTim_37743_T1-TSE,72|31|126|53,D:\Running_Place\PostGraduateProjects\Experiments\PostGraduate\backbones\DisperssionWithSADG_ConstraintStyleRegularization\Seg-SADG\BaryRadGate\a0p08\rho0p5\gb8\sadg0p05\nocons\shot4\Seed1\baseline_model_with_metadata.pt,D:\Running_Place\PostGraduateProjects\Experiments\PostGraduate\backbones\Prompts\Seg-SADG\BaryRadGate\a0p08\rho0p5\gb8\sadg0p05\nocons\shot4\Seed1,D:\Running_Place\PostGraduateProjects\Experiments\PostGraduate\backbones\Prompts\Seg-SADG\BaryRadGate\a0p08\rho0p5\gb8\sadg0p05\nocons\shot4\Seed1\source_multilayer_prototypes.pt,0.75,gamma0p75,dec3,0,background,4,8,32,135331,50000,2142,1,0.7869647145271301,12,47
4,1,SIEMENS_SymphonyTim_37743_T1-TSE,72|31|126|53,D:\Running_Place\PostGraduateProjects\Experiments\PostGraduate\backbones\DisperssionWithSADG_ConstraintStyleRegularization\Seg-SADG\BaryRadGate\a0p08\rho0p5\gb8\sadg0p05\nocons\shot4\Seed1\baseline_model_with_metadata.pt,D:\Running_Place\PostGraduateProjects\Experiments\PostGraduate\backbones\Prompts\Seg-SADG\BaryRadGate\a0p08\rho0p5\gb8\sadg0p05\nocons\shot4\Seed1,D:\Running_Place\PostGraduateProjects\Experiments\PostGraduate\backbones\Prompts\Seg-SADG\BaryRadGate\a0p08\rho0p5\gb8\sadg0p05\nocons\shot4\Seed1\source_multilayer_prototypes.pt,0.75,gamma0p75,dec3,0,background,5,8,32,135331,50000,6258,1,0.6818698048591614,12,47
4,1,SIEMENS_SymphonyTim_37743_T1-TSE,72|31|126|53,D:\Running_Place\PostGraduateProjects\Experiments\PostGraduate\backbones\DisperssionWithSADG_ConstraintStyleRegularization\Seg-SADG\BaryRadGate\a0p08\rho0p5\gb8\sadg0p05\nocons\shot4\Seed1\baseline_model_with_metadata.pt,D:\Running_Place\PostGraduateProjects\Experiments\PostGraduate\backbones\Prompts\Seg-SADG\BaryRadGate\a0p08\rho0p5\gb8\sadg0p05\nocons\shot4\Seed1,D:\Running_Place\PostGraduateProjects\Experiments\PostGraduate\backbones\Prompts\Seg-SADG\BaryRadGate\a0p08\rho0p5\gb8\sadg0p05\nocons\shot4\Seed1\source_multilayer_prototypes.pt,0.75,gamma0p75,dec3,0,background,6,8,32,135331,50000,13961,1,0.8641771674156189,12,47
4,1,SIEMENS_SymphonyTim_37743_T1-TSE,72|31|126|53,D:\Running_Place\PostGraduateProjects\Experiments\PostGraduate\backbones\DisperssionWithSADG_ConstraintStyleRegularization\Seg-SADG\BaryRadGate\a0p08\rho0p5\gb8\sadg0p05\nocons\shot4\Seed1\baseline_model_with_metadata.pt,D:\Running_Place\PostGraduateProjects\Experiments\PostGraduate\backbones\Prompts\Seg-SADG\BaryRadGate\a0p08\rho0p5\gb8\sadg0p05\nocons\shot4\Seed1,D:\Running_Place\PostGraduateProjects\Experiments\PostGraduate\backbones\Prompts\Seg-SADG\BaryRadGate\a0p08\rho0p5\gb8\sadg0p05\nocons\shot4\Seed1\source_multilayer_prototypes.pt,0.75,gamma0p75,dec3,0,background,7,8,32,135331,50000,4824,1,0.6493158936500549,12,47
4,1,SIEMENS_SymphonyTim_37743_T1-TSE,72|31|126|53,D:\Running_Place\PostGraduateProjects\Experiments\PostGraduate\backbones\DisperssionWithSADG_ConstraintStyleRegularization\Seg-SADG\BaryRadGate\a0p08\rho0p5\gb8\sadg0p05\nocons\shot4\Seed1\baseline_model_with_metadata.pt,D:\Running_Place\PostGraduateProjects\Experiments\PostGraduate\backbones\Prompts\Seg-SADG\BaryRadGate\a0p08\rho0p5\gb8\sadg0p05\nocons\shot4\Seed1,D:\Running_Place\PostGraduateProjects\Experiments\PostGraduate\backbones\Prompts\Seg-SADG\BaryRadGate\a0p08\rho0p5\gb8\sadg0p05\nocons\shot4\Seed1\source_multilayer_prototypes.pt,0.75,gamma0p75,dec3,1,vertebrae,0,8,32,10155,10155,2126,1,0.8716451525688171,12,47
4,1,SIEMENS_SymphonyTim_37743_T1-TSE,72|31|126|53,D:\Running_Place\PostGraduateProjects\Experiments\PostGraduate\backbones\DisperssionWithSADG_ConstraintStyleRegularization\Seg-SADG\BaryRadGate\a0p08\rho0p5\gb8\sadg0p05\nocons\shot4\Seed1\baseline_model_with_metadata.pt,D:\Running_Place\PostGraduateProjects\Experiments\PostGraduate\backbones\Prompts\Seg-SADG\BaryRadGate\a0p08\rho0p5\gb8\sadg0p05\nocons\shot4\Seed1,D:\Running_Place\PostGraduateProjects\Experiments\PostGraduate\backbones\Prompts\Seg-SADG\BaryRadGate\a0p08\rho0p5\gb8\sadg0p05\nocons\shot4\Seed1\source_multilayer_prototypes.pt,0.75,gamma0p75,dec3,1,vertebrae,1,8,32,10155,10155,1289,1,0.8555749654769897,12,47
4,1,SIEMENS_SymphonyTim_37743_T1-TSE,72|31|126|53,D:\Running_Place\PostGraduateProjects\Experiments\PostGraduate\backbones\DisperssionWithSADG_ConstraintStyleRegularization\Seg-SADG\BaryRadGate\a0p08\rho0p5\gb8\sadg0p05\nocons\shot4\Seed1\baseline_model_with_metadata.pt,D:\Running_Place\PostGraduateProjects\Experiments\PostGraduate\backbones\Prompts\Seg-SADG\BaryRadGate\a0p08\rho0p5\gb8\sadg0p05\nocons\shot4\Seed1,D:\Running_Place\PostGraduateProjects\Experiments\PostGraduate\backbones\Prompts\Seg-SADG\BaryRadGate\a0p08\rho0p5\gb8\sadg0p05\nocons\shot4\Seed1\source_multilayer_prototypes.pt,0.75,gamma0p75,dec3,1,vertebrae,2,8,32,10155,10155,1580,1,0.8623868227005005,12,47
4,1,SIEMENS_SymphonyTim_37743_T1-TSE,72|31|126|53,D:\Running_Place\PostGraduateProjects\Experiments\PostGraduate\backbones\DisperssionWithSADG_ConstraintStyleRegularization\Seg-SADG\BaryRadGate\a0p08\rho0p5\gb8\sadg0p05\nocons\shot4\Seed1\baseline_model_with_metadata.pt,D:\Running_Place\PostGraduateProjects\Experiments\PostGraduate\backbones\Prompts\Seg-SADG\BaryRadGate\a0p08\rho0p5\gb8\sadg0p05\nocons\shot4\Seed1,D:\Running_Place\PostGraduateProjects\Experiments\PostGraduate\backbones\Prompts\Seg-SADG\BaryRadGate\a0p08\rho0p5\gb8\sadg0p05\nocons\shot4\Seed1\source_multilayer_prototypes.pt,0.75,gamma0p75,dec3,1,vertebrae,3,8,32,10155,10155,720,1,0.8025540113449097,12,47
4,1,SIEMENS_SymphonyTim_37743_T1-TSE,72|31|126|53,D:\Running_Place\PostGraduateProjects\Experiments\PostGraduate\backbones\DisperssionWithSADG_ConstraintStyleRegularization\Seg-SADG\BaryRadGate\a0p08\rho0p5\gb8\sadg0p05\nocons\shot4\Seed1\baseline_model_with_metadata.pt,D:\Running_Place\PostGraduateProjects\Experiments\PostGraduate\backbones\Prompts\Seg-SADG\BaryRadGate\a0p08\rho0p5\gb8\sadg0p05\nocons\shot4\Seed1,D:\Running_Place\PostGraduateProjects\Experiments\PostGraduate\backbones\Prompts\Seg-SADG\BaryRadGate\a0p08\rho0p5\gb8\sadg0p05\nocons\shot4\Seed1\source_multilayer_prototypes.pt,0.75,gamma0p75,dec3,1,vertebrae,4,8,32,10155,10155,564,1,0.6989148855209351,12,47
4,1,SIEMENS_SymphonyTim_37743_T1-TSE,72|31|126|53,D:\Running_Place\PostGraduateProjects\Experiments\PostGraduate\backbones\DisperssionWithSADG_ConstraintStyleRegularization\Seg-SADG\BaryRadGate\a0p08\rho0p5\gb8\sadg0p05\nocons\shot4\Seed1\baseline_model_with_metadata.pt,D:\Running_Place\PostGraduateProjects\Experiments\PostGraduate\backbones\Prompts\Seg-SADG\BaryRadGate\a0p08\rho0p5\gb8\sadg0p05\nocons\shot4\Seed1,D:\Running_Place\PostGraduateProjects\Experiments\PostGraduate\backbones\Prompts\Seg-SADG\BaryRadGate\a0p08\rho0p5\gb8\sadg0p05\nocons\shot4\Seed1\source_multilayer_prototypes.pt,0.75,gamma0p75,dec3,1,vertebrae,5,8,32,10155,10155,2671,1,0.9030053615570068,12,47
4,1,SIEMENS_SymphonyTim_37743_T1-TSE,72|31|126|53,D:\Running_Place\PostGraduateProjects\Experiments\PostGraduate\backbones\DisperssionWithSADG_ConstraintStyleRegularization\Seg-SADG\BaryRadGate\a0p08\rho0p5\gb8\sadg0p05\nocons\shot4\Seed1\baseline_model_with_metadata.pt,D:\Running_Place\PostGraduateProjects\Experiments\PostGraduate\backbones\Prompts\Seg-SADG\BaryRadGate\a0p08\rho0p5\gb8\sadg0p05\nocons\shot4\Seed1,D:\Running_Place\PostGraduateProjects\Experiments\PostGraduate\backbones\Prompts\Seg-SADG\BaryRadGate\a0p08\rho0p5\gb8\sadg0p05\nocons\shot4\Seed1\source_multilayer_prototypes.pt,0.75,gamma0p75,dec3,1,vertebrae,6,8,32,10155,10155,874,1,0.8105857968330383,12,47
4,1,SIEMENS_SymphonyTim_37743_T1-TSE,72|31|126|53,D:\Running_Place\PostGraduateProjects\Experiments\PostGraduate\backbones\DisperssionWithSADG_ConstraintStyleRegularization\Seg-SADG\BaryRadGate\a0p08\rho0p5\gb8\sadg0p05\nocons\shot4\Seed1\baseline_model_with_metadata.pt,D:\Running_Place\PostGraduateProjects\Experiments\PostGraduate\backbones\Prompts\Seg-SADG\BaryRadGate\a0p08\rho0p5\gb8\sadg0p05\nocons\shot4\Seed1,D:\Running_Place\PostGraduateProjects\Experiments\PostGraduate\backbones\Prompts\Seg-SADG\BaryRadGate\a0p08\rho0p5\gb8\sadg0p05\nocons\shot4\Seed1\source_multilayer_prototypes.pt,0.75,gamma0p75,dec3,1,vertebrae,7,8,32,10155,10155,331,1,0.6809321641921997,12,47
4,1,SIEMENS_SymphonyTim_37743_T1-TSE,72|31|126|53,D:\Running_Place\PostGraduateProjects\Experiments\PostGraduate\backbones\DisperssionWithSADG_ConstraintStyleRegularization\Seg-SADG\BaryRadGate\a0p08\rho0p5\gb8\sadg0p05\nocons\shot4\Seed1\baseline_model_with_metadata.pt,D:\Running_Place\PostGraduateProjects\Experiments\PostGraduate\backbones\Prompts\Seg-SADG\BaryRadGate\a0p08\rho0p5\gb8\sadg0p05\nocons\shot4\Seed1,D:\Running_Place\PostGraduateProjects\Experiments\PostGraduate\backbones\Prompts\Seg-SADG\BaryRadGate\a0p08\rho0p5\gb8\sadg0p05\nocons\shot4\Seed1\source_multilayer_prototypes.pt,0.75,gamma0p75,dec3,2,intervertebral_discs,0,4,32,1906,1906,305,1,0.8720740079879761,12,47
4,1,SIEMENS_SymphonyTim_37743_T1-TSE,72|31|126|53,D:\Running_Place\PostGraduateProjects\Experiments\PostGraduate\backbones\DisperssionWithSADG_ConstraintStyleRegularization\Seg-SADG\BaryRadGate\a0p08\rho0p5\gb8\sadg0p05\nocons\shot4\Seed1\baseline_model_with_metadata.pt,D:\Running_Place\PostGraduateProjects\Experiments\PostGraduate\backbones\Prompts\Seg-SADG\BaryRadGate\a0p08\rho0p5\gb8\sadg0p05\nocons\shot4\Seed1,D:\Running_Place\PostGraduateProjects\Experiments\PostGraduate\backbones\Prompts\Seg-SADG\BaryRadGate\a0p08\rho0p5\gb8\sadg0p05\nocons\shot4\Seed1\source_multilayer_prototypes.pt,0.75,gamma0p75,dec3,2,intervertebral_discs,1,4,32,1906,1906,352,1,0.8654028177261353,12,47
4,1,SIEMENS_SymphonyTim_37743_T1-TSE,72|31|126|53,D:\Running_Place\PostGraduateProjects\Experiments\PostGraduate\backbones\DisperssionWithSADG_ConstraintStyleRegularization\Seg-SADG\BaryRadGate\a0p08\rho0p5\gb8\sadg0p05\nocons\shot4\Seed1\baseline_model_with_metadata.pt,D:\Running_Place\PostGraduateProjects\Experiments\PostGraduate\backbones\Prompts\Seg-SADG\BaryRadGate\a0p08\rho0p5\gb8\sadg0p05\nocons\shot4\Seed1,D:\Running_Place\PostGraduateProjects\Experiments\PostGraduate\backbones\Prompts\Seg-SADG\BaryRadGate\a0p08\rho0p5\gb8\sadg0p05\nocons\shot4\Seed1\source_multilayer_prototypes.pt,0.75,gamma0p75,dec3,2,intervertebral_discs,2,4,32,1906,1906,520,1,0.8581316471099854,12,47
4,1,SIEMENS_SymphonyTim_37743_T1-TSE,72|31|126|53,D:\Running_Place\PostGraduateProjects\Experiments\PostGraduate\backbones\DisperssionWithSADG_ConstraintStyleRegularization\Seg-SADG\BaryRadGate\a0p08\rho0p5\gb8\sadg0p05\nocons\shot4\Seed1\baseline_model_with_metadata.pt,D:\Running_Place\PostGraduateProjects\Experiments\PostGraduate\backbones\Prompts\Seg-SADG\BaryRadGate\a0p08\rho0p5\gb8\sadg0p05\nocons\shot4\Seed1,D:\Running_Place\PostGraduateProjects\Experiments\PostGraduate\backbones\Prompts\Seg-SADG\BaryRadGate\a0p08\rho0p5\gb8\sadg0p05\nocons\shot4\Seed1\source_multilayer_prototypes.pt,0.75,gamma0p75,dec3,2,intervertebral_discs,3,4,32,1906,1906,729,1,0.86902916431427,12,47
4,1,SIEMENS_SymphonyTim_37743_T1-TSE,72|31|126|53,D:\Running_Place\PostGraduateProjects\Experiments\PostGraduate\backbones\DisperssionWithSADG_ConstraintStyleRegularization\Seg-SADG\BaryRadGate\a0p08\rho0p5\gb8\sadg0p05\nocons\shot4\Seed1\baseline_model_with_metadata.pt,D:\Running_Place\PostGraduateProjects\Experiments\PostGraduate\backbones\Prompts\Seg-SADG\BaryRadGate\a0p08\rho0p5\gb8\sadg0p05\nocons\shot4\Seed1,D:\Running_Place\PostGraduateProjects\Experiments\PostGraduate\backbones\Prompts\Seg-SADG\BaryRadGate\a0p08\rho0p5\gb8\sadg0p05\nocons\shot4\Seed1\source_multilayer_prototypes.pt,0.75,gamma0p75,dec2,0,background,0,8,16,541277,50000,4366,1,0.8644396662712097,12,47
4,1,SIEMENS_SymphonyTim_37743_T1-TSE,72|31|126|53,D:\Running_Place\PostGraduateProjects\Experiments\PostGraduate\backbones\DisperssionWithSADG_ConstraintStyleRegularization\Seg-SADG\BaryRadGate\a0p08\rho0p5\gb8\sadg0p05\nocons\shot4\Seed1\baseline_model_with_metadata.pt,D:\Running_Place\PostGraduateProjects\Experiments\PostGraduate\backbones\Prompts\Seg-SADG\BaryRadGate\a0p08\rho0p5\gb8\sadg0p05\nocons\shot4\Seed1,D:\Running_Place\PostGraduateProjects\Experiments\PostGraduate\backbones\Prompts\Seg-SADG\BaryRadGate\a0p08\rho0p5\gb8\sadg0p05\nocons\shot4\Seed1\source_multilayer_prototypes.pt,0.75,gamma0p75,dec2,0,background,1,8,16,541277,50000,7704,1,0.9381985664367676,12,47
4,1,SIEMENS_SymphonyTim_37743_T1-TSE,72|31|126|53,D:\Running_Place\PostGraduateProjects\Experiments\PostGraduate\backbones\DisperssionWithSADG_ConstraintStyleRegularization\Seg-SADG\BaryRadGate\a0p08\rho0p5\gb8\sadg0p05\nocons\shot4\Seed1\baseline_model_with_metadata.pt,D:\Running_Place\PostGraduateProjects\Experiments\PostGraduate\backbones\Prompts\Seg-SADG\BaryRadGate\a0p08\rho0p5\gb8\sadg0p05\nocons\shot4\Seed1,D:\Running_Place\PostGraduateProjects\Experiments\PostGraduate\backbones\Prompts\Seg-SADG\BaryRadGate\a0p08\rho0p5\gb8\sadg0p05\nocons\shot4\Seed1\source_multilayer_prototypes.pt,0.75,gamma0p75,dec2,0,background,2,8,16,541277,50000,1853,1,0.8381552696228027,12,47
4,1,SIEMENS_SymphonyTim_37743_T1-TSE,72|31|126|53,D:\Running_Place\PostGraduateProjects\Experiments\PostGraduate\backbones\DisperssionWithSADG_ConstraintStyleRegularization\Seg-SADG\BaryRadGate\a0p08\rho0p5\gb8\sadg0p05\nocons\shot4\Seed1\baseline_model_with_metadata.pt,D:\Running_Place\PostGraduateProjects\Experiments\PostGraduate\backbones\Prompts\Seg-SADG\BaryRadGate\a0p08\rho0p5\gb8\sadg0p05\nocons\shot4\Seed1,D:\Running_Place\PostGraduateProjects\Experiments\PostGraduate\backbones\Prompts\Seg-SADG\BaryRadGate\a0p08\rho0p5\gb8\sadg0p05\nocons\shot4\Seed1\source_multilayer_prototypes.pt,0.75,gamma0p75,dec2,0,background,3,8,16,541277,50000,3175,1,0.679891049861908,12,47
4,1,SIEMENS_SymphonyTim_37743_T1-TSE,72|31|126|53,D:\Running_Place\PostGraduateProjects\Experiments\PostGraduate\backbones\DisperssionWithSADG_ConstraintStyleRegularization\Seg-SADG\BaryRadGate\a0p08\rho0p5\gb8\sadg0p05\nocons\shot4\Seed1\baseline_model_with_metadata.pt,D:\Running_Place\PostGraduateProjects\Experiments\PostGraduate\backbones\Prompts\Seg-SADG\BaryRadGate\a0p08\rho0p5\gb8\sadg0p05\nocons\shot4\Seed1,D:\Running_Place\PostGraduateProjects\Experiments\PostGraduate\backbones\Prompts\Seg-SADG\BaryRadGate\a0p08\rho0p5\gb8\sadg0p05\nocons\shot4\Seed1\source_multilayer_prototypes.pt,0.75,gamma0p75,dec2,0,background,4,8,16,541277,50000,17696,1,0.9626671075820923,12,47
4,1,SIEMENS_SymphonyTim_37743_T1-TSE,72|31|126|53,D:\Running_Place\PostGraduateProjects\Experiments\PostGraduate\backbones\DisperssionWithSADG_ConstraintStyleRegularization\Seg-SADG\BaryRadGate\a0p08\rho0p5\gb8\sadg0p05\nocons\shot4\Seed1\baseline_model_with_metadata.pt,D:\Running_Place\PostGraduateProjects\Experiments\PostGraduate\backbones\Prompts\Seg-SADG\BaryRadGate\a0p08\rho0p5\gb8\sadg0p05\nocons\shot4\Seed1,D:\Running_Place\PostGraduateProjects\Experiments\PostGraduate\backbones\Prompts\Seg-SADG\BaryRadGate\a0p08\rho0p5\gb8\sadg0p05\nocons\shot4\Seed1\source_multilayer_prototypes.pt,0.75,gamma0p75,dec2,0,background,5,8,16,541277,50000,3620,1,0.9231583476066589,12,47
4,1,SIEMENS_SymphonyTim_37743_T1-TSE,72|31|126|53,D:\Running_Place\PostGraduateProjects\Experiments\PostGraduate\backbones\DisperssionWithSADG_ConstraintStyleRegularization\Seg-SADG\BaryRadGate\a0p08\rho0p5\gb8\sadg0p05\nocons\shot4\Seed1\baseline_model_with_metadata.pt,D:\Running_Place\PostGraduateProjects\Experiments\PostGraduate\backbones\Prompts\Seg-SADG\BaryRadGate\a0p08\rho0p5\gb8\sadg0p05\nocons\shot4\Seed1,D:\Running_Place\PostGraduateProjects\Experiments\PostGraduate\backbones\Prompts\Seg-SADG\BaryRadGate\a0p08\rho0p5\gb8\sadg0p05\nocons\shot4\Seed1\source_multilayer_prototypes.pt,0.75,gamma0p75,dec2,0,background,6,8,16,541277,50000,4832,1,0.8805117011070251,12,47
4,1,SIEMENS_SymphonyTim_37743_T1-TSE,72|31|126|53,D:\Running_Place\PostGraduateProjects\Experiments\PostGraduate\backbones\DisperssionWithSADG_ConstraintStyleRegularization\Seg-SADG\BaryRadGate\a0p08\rho0p5\gb8\sadg0p05\nocons\shot4\Seed1\baseline_model_with_metadata.pt,D:\Running_Place\PostGraduateProjects\Experiments\PostGraduate\backbones\Prompts\Seg-SADG\BaryRadGate\a0p08\rho0p5\gb8\sadg0p05\nocons\shot4\Seed1,D:\Running_Place\PostGraduateProjects\Experiments\PostGraduate\backbones\Prompts\Seg-SADG\BaryRadGate\a0p08\rho0p5\gb8\sadg0p05\nocons\shot4\Seed1\source_multilayer_prototypes.pt,0.75,gamma0p75,dec2,0,background,7,8,16,541277,50000,6754,1,0.9141156673431396,12,47
4,1,SIEMENS_SymphonyTim_37743_T1-TSE,72|31|126|53,D:\Running_Place\PostGraduateProjects\Experiments\PostGraduate\backbones\DisperssionWithSADG_ConstraintStyleRegularization\Seg-SADG\BaryRadGate\a0p08\rho0p5\gb8\sadg0p05\nocons\shot4\Seed1\baseline_model_with_metadata.pt,D:\Running_Place\PostGraduateProjects\Experiments\PostGraduate\backbones\Prompts\Seg-SADG\BaryRadGate\a0p08\rho0p5\gb8\sadg0p05\nocons\shot4\Seed1,D:\Running_Place\PostGraduateProjects\Experiments\PostGraduate\backbones\Prompts\Seg-SADG\BaryRadGate\a0p08\rho0p5\gb8\sadg0p05\nocons\shot4\Seed1\source_multilayer_prototypes.pt,0.75,gamma0p75,dec2,1,vertebrae,0,8,16,40484,40484,3108,1,0.879852831363678,12,47
4,1,SIEMENS_SymphonyTim_37743_T1-TSE,72|31|126|53,D:\Running_Place\PostGraduateProjects\Experiments\PostGraduate\backbones\DisperssionWithSADG_ConstraintStyleRegularization\Seg-SADG\BaryRadGate\a0p08\rho0p5\gb8\sadg0p05\nocons\shot4\Seed1\baseline_model_with_metadata.pt,D:\Running_Place\PostGraduateProjects\Experiments\PostGraduate\backbones\Prompts\Seg-SADG\BaryRadGate\a0p08\rho0p5\gb8\sadg0p05\nocons\shot4\Seed1,D:\Running_Place\PostGraduateProjects\Experiments\PostGraduate\backbones\Prompts\Seg-SADG\BaryRadGate\a0p08\rho0p5\gb8\sadg0p05\nocons\shot4\Seed1\source_multilayer_prototypes.pt,0.75,gamma0p75,dec2,1,vertebrae,1,8,16,40484,40484,4202,1,0.9052790403366089,12,47
4,1,SIEMENS_SymphonyTim_37743_T1-TSE,72|31|126|53,D:\Running_Place\PostGraduateProjects\Experiments\PostGraduate\backbones\DisperssionWithSADG_ConstraintStyleRegularization\Seg-SADG\BaryRadGate\a0p08\rho0p5\gb8\sadg0p05\nocons\shot4\Seed1\baseline_model_with_metadata.pt,D:\Running_Place\PostGraduateProjects\Experiments\PostGraduate\backbones\Prompts\Seg-SADG\BaryRadGate\a0p08\rho0p5\gb8\sadg0p05\nocons\shot4\Seed1,D:\Running_Place\PostGraduateProjects\Experiments\PostGraduate\backbones\Prompts\Seg-SADG\BaryRadGate\a0p08\rho0p5\gb8\sadg0p05\nocons\shot4\Seed1\source_multilayer_prototypes.pt,0.75,gamma0p75,dec2,1,vertebrae,2,8,16,40484,40484,6336,1,0.9206548929214478,12,47
4,1,SIEMENS_SymphonyTim_37743_T1-TSE,72|31|126|53,D:\Running_Place\PostGraduateProjects\Experiments\PostGraduate\backbones\DisperssionWithSADG_ConstraintStyleRegularization\Seg-SADG\BaryRadGate\a0p08\rho0p5\gb8\sadg0p05\nocons\shot4\Seed1\baseline_model_with_metadata.pt,D:\Running_Place\PostGraduateProjects\Experiments\PostGraduate\backbones\Prompts\Seg-SADG\BaryRadGate\a0p08\rho0p5\gb8\sadg0p05\nocons\shot4\Seed1,D:\Running_Place\PostGraduateProjects\Experiments\PostGraduate\backbones\Prompts\Seg-SADG\BaryRadGate\a0p08\rho0p5\gb8\sadg0p05\nocons\shot4\Seed1\source_multilayer_prototypes.pt,0.75,gamma0p75,dec2,1,vertebrae,3,8,16,40484,40484,3473,1,0.883583128452301,12,47
4,1,SIEMENS_SymphonyTim_37743_T1-TSE,72|31|126|53,D:\Running_Place\PostGraduateProjects\Experiments\PostGraduate\backbones\DisperssionWithSADG_ConstraintStyleRegularization\Seg-SADG\BaryRadGate\a0p08\rho0p5\gb8\sadg0p05\nocons\shot4\Seed1\baseline_model_with_metadata.pt,D:\Running_Place\PostGraduateProjects\Experiments\PostGraduate\backbones\Prompts\Seg-SADG\BaryRadGate\a0p08\rho0p5\gb8\sadg0p05\nocons\shot4\Seed1,D:\Running_Place\PostGraduateProjects\Experiments\PostGraduate\backbones\Prompts\Seg-SADG\BaryRadGate\a0p08\rho0p5\gb8\sadg0p05\nocons\shot4\Seed1\source_multilayer_prototypes.pt,0.75,gamma0p75,dec2,1,vertebrae,4,8,16,40484,40484,17823,1,0.9562565088272095,12,47
4,1,SIEMENS_SymphonyTim_37743_T1-TSE,72|31|126|53,D:\Running_Place\PostGraduateProjects\Experiments\PostGraduate\backbones\DisperssionWithSADG_ConstraintStyleRegularization\Seg-SADG\BaryRadGate\a0p08\rho0p5\gb8\sadg0p05\nocons\shot4\Seed1\baseline_model_with_metadata.pt,D:\Running_Place\PostGraduateProjects\Experiments\PostGraduate\backbones\Prompts\Seg-SADG\BaryRadGate\a0p08\rho0p5\gb8\sadg0p05\nocons\shot4\Seed1,D:\Running_Place\PostGraduateProjects\Experiments\PostGraduate\backbones\Prompts\Seg-SADG\BaryRadGate\a0p08\rho0p5\gb8\sadg0p05\nocons\shot4\Seed1\source_multilayer_prototypes.pt,0.75,gamma0p75,dec2,1,vertebrae,5,8,16,40484,40484,1511,1,0.8298419713973999,12,47
4,1,SIEMENS_SymphonyTim_37743_T1-TSE,72|31|126|53,D:\Running_Place\PostGraduateProjects\Experiments\PostGraduate\backbones\DisperssionWithSADG_ConstraintStyleRegularization\Seg-SADG\BaryRadGate\a0p08\rho0p5\gb8\sadg0p05\nocons\shot4\Seed1\baseline_model_with_metadata.pt,D:\Running_Place\PostGraduateProjects\Experiments\PostGraduate\backbones\Prompts\Seg-SADG\BaryRadGate\a0p08\rho0p5\gb8\sadg0p05\nocons\shot4\Seed1,D:\Running_Place\PostGraduateProjects\Experiments\PostGraduate\backbones\Prompts\Seg-SADG\BaryRadGate\a0p08\rho0p5\gb8\sadg0p05\nocons\shot4\Seed1\source_multilayer_prototypes.pt,0.75,gamma0p75,dec2,1,vertebrae,6,8,16,40484,40484,1708,1,0.8607219457626343,12,47
4,1,SIEMENS_SymphonyTim_37743_T1-TSE,72|31|126|53,D:\Running_Place\PostGraduateProjects\Experiments\PostGraduate\backbones\DisperssionWithSADG_ConstraintStyleRegularization\Seg-SADG\BaryRadGate\a0p08\rho0p5\gb8\sadg0p05\nocons\shot4\Seed1\baseline_model_with_metadata.pt,D:\Running_Place\PostGraduateProjects\Experiments\PostGraduate\backbones\Prompts\Seg-SADG\BaryRadGate\a0p08\rho0p5\gb8\sadg0p05\nocons\shot4\Seed1,D:\Running_Place\PostGraduateProjects\Experiments\PostGraduate\backbones\Prompts\Seg-SADG\BaryRadGate\a0p08\rho0p5\gb8\sadg0p05\nocons\shot4\Seed1\source_multilayer_prototypes.pt,0.75,gamma0p75,dec2,1,vertebrae,7,8,16,40484,40484,2323,1,0.8443484902381897,12,47
4,1,SIEMENS_SymphonyTim_37743_T1-TSE,72|31|126|53,D:\Running_Place\PostGraduateProjects\Experiments\PostGraduate\backbones\DisperssionWithSADG_ConstraintStyleRegularization\Seg-SADG\BaryRadGate\a0p08\rho0p5\gb8\sadg0p05\nocons\shot4\Seed1\baseline_model_with_metadata.pt,D:\Running_Place\PostGraduateProjects\Experiments\PostGraduate\backbones\Prompts\Seg-SADG\BaryRadGate\a0p08\rho0p5\gb8\sadg0p05\nocons\shot4\Seed1,D:\Running_Place\PostGraduateProjects\Experiments\PostGraduate\backbones\Prompts\Seg-SADG\BaryRadGate\a0p08\rho0p5\gb8\sadg0p05\nocons\shot4\Seed1\source_multilayer_prototypes.pt,0.75,gamma0p75,dec2,2,intervertebral_discs,0,4,16,7807,7807,3412,1,0.9769049882888794,12,47
4,1,SIEMENS_SymphonyTim_37743_T1-TSE,72|31|126|53,D:\Running_Place\PostGraduateProjects\Experiments\PostGraduate\backbones\DisperssionWithSADG_ConstraintStyleRegularization\Seg-SADG\BaryRadGate\a0p08\rho0p5\gb8\sadg0p05\nocons\shot4\Seed1\baseline_model_with_metadata.pt,D:\Running_Place\PostGraduateProjects\Experiments\PostGraduate\backbones\Prompts\Seg-SADG\BaryRadGate\a0p08\rho0p5\gb8\sadg0p05\nocons\shot4\Seed1,D:\Running_Place\PostGraduateProjects\Experiments\PostGraduate\backbones\Prompts\Seg-SADG\BaryRadGate\a0p08\rho0p5\gb8\sadg0p05\nocons\shot4\Seed1\source_multilayer_prototypes.pt,0.75,gamma0p75,dec2,2,intervertebral_discs,1,4,16,7807,7807,1330,1,0.9496333599090576,12,47
4,1,SIEMENS_SymphonyTim_37743_T1-TSE,72|31|126|53,D:\Running_Place\PostGraduateProjects\Experiments\PostGraduate\backbones\DisperssionWithSADG_ConstraintStyleRegularization\Seg-SADG\BaryRadGate\a0p08\rho0p5\gb8\sadg0p05\nocons\shot4\Seed1\baseline_model_with_metadata.pt,D:\Running_Place\PostGraduateProjects\Experiments\PostGraduate\backbones\Prompts\Seg-SADG\BaryRadGate\a0p08\rho0p5\gb8\sadg0p05\nocons\shot4\Seed1,D:\Running_Place\PostGraduateProjects\Experiments\PostGraduate\backbones\Prompts\Seg-SADG\BaryRadGate\a0p08\rho0p5\gb8\sadg0p05\nocons\shot4\Seed1\source_multilayer_prototypes.pt,0.75,gamma0p75,dec2,2,intervertebral_discs,2,4,16,7807,7807,798,1,0.9340330362319946,12,47
4,1,SIEMENS_SymphonyTim_37743_T1-TSE,72|31|126|53,D:\Running_Place\PostGraduateProjects\Experiments\PostGraduate\backbones\DisperssionWithSADG_ConstraintStyleRegularization\Seg-SADG\BaryRadGate\a0p08\rho0p5\gb8\sadg0p05\nocons\shot4\Seed1\baseline_model_with_metadata.pt,D:\Running_Place\PostGraduateProjects\Experiments\PostGraduate\backbones\Prompts\Seg-SADG\BaryRadGate\a0p08\rho0p5\gb8\sadg0p05\nocons\shot4\Seed1,D:\Running_Place\PostGraduateProjects\Experiments\PostGraduate\backbones\Prompts\Seg-SADG\BaryRadGate\a0p08\rho0p5\gb8\sadg0p05\nocons\shot4\Seed1\source_multilayer_prototypes.pt,0.75,gamma0p75,dec2,2,intervertebral_discs,3,4,16,7807,7807,2267,1,0.9573853611946106,12,47
4,1,SIEMENS_SymphonyTim_37743_T1-TSE,72|31|126|53,D:\Running_Place\PostGraduateProjects\Experiments\PostGraduate\backbones\DisperssionWithSADG_ConstraintStyleRegularization\Seg-SADG\BaryRadGate\a0p08\rho0p5\gb8\sadg0p05\nocons\shot4\Seed1\baseline_model_with_metadata.pt,D:\Running_Place\PostGraduateProjects\Experiments\PostGraduate\backbones\Prompts\Seg-SADG\BaryRadGate\a0p08\rho0p5\gb8\sadg0p05\nocons\shot4\Seed1,D:\Running_Place\PostGraduateProjects\Experiments\PostGraduate\backbones\Prompts\Seg-SADG\BaryRadGate\a0p08\rho0p5\gb8\sadg0p05\nocons\shot4\Seed1\source_multilayer_prototypes.pt,0.75,gamma0p75,dec1,0,background,0,8,16,2164756,50000,6480,1,0.9958803057670593,12,47
4,1,SIEMENS_SymphonyTim_37743_T1-TSE,72|31|126|53,D:\Running_Place\PostGraduateProjects\Experiments\PostGraduate\backbones\DisperssionWithSADG_ConstraintStyleRegularization\Seg-SADG\BaryRadGate\a0p08\rho0p5\gb8\sadg0p05\nocons\shot4\Seed1\baseline_model_with_metadata.pt,D:\Running_Place\PostGraduateProjects\Experiments\PostGraduate\backbones\Prompts\Seg-SADG\BaryRadGate\a0p08\rho0p5\gb8\sadg0p05\nocons\shot4\Seed1,D:\Running_Place\PostGraduateProjects\Experiments\PostGraduate\backbones\Prompts\Seg-SADG\BaryRadGate\a0p08\rho0p5\gb8\sadg0p05\nocons\shot4\Seed1\source_multilayer_prototypes.pt,0.75,gamma0p75,dec1,0,background,1,8,16,2164756,50000,438,1,0.8934841752052307,12,47
4,1,SIEMENS_SymphonyTim_37743_T1-TSE,72|31|126|53,D:\Running_Place\PostGraduateProjects\Experiments\PostGraduate\backbones\DisperssionWithSADG_ConstraintStyleRegularization\Seg-SADG\BaryRadGate\a0p08\rho0p5\gb8\sadg0p05\nocons\shot4\Seed1\baseline_model_with_metadata.pt,D:\Running_Place\PostGraduateProjects\Experiments\PostGraduate\backbones\Prompts\Seg-SADG\BaryRadGate\a0p08\rho0p5\gb8\sadg0p05\nocons\shot4\Seed1,D:\Running_Place\PostGraduateProjects\Experiments\PostGraduate\backbones\Prompts\Seg-SADG\BaryRadGate\a0p08\rho0p5\gb8\sadg0p05\nocons\shot4\Seed1\source_multilayer_prototypes.pt,0.75,gamma0p75,dec1,0,background,2,8,16,2164756,50000,20629,1,0.9991021156311035,12,47
4,1,SIEMENS_SymphonyTim_37743_T1-TSE,72|31|126|53,D:\Running_Place\PostGraduateProjects\Experiments\PostGraduate\backbones\DisperssionWithSADG_ConstraintStyleRegularization\Seg-SADG\BaryRadGate\a0p08\rho0p5\gb8\sadg0p05\nocons\shot4\Seed1\baseline_model_with_metadata.pt,D:\Running_Place\PostGraduateProjects\Experiments\PostGraduate\backbones\Prompts\Seg-SADG\BaryRadGate\a0p08\rho0p5\gb8\sadg0p05\nocons\shot4\Seed1,D:\Running_Place\PostGraduateProjects\Experiments\PostGraduate\backbones\Prompts\Seg-SADG\BaryRadGate\a0p08\rho0p5\gb8\sadg0p05\nocons\shot4\Seed1\source_multilayer_prototypes.pt,0.75,gamma0p75,dec1,0,background,3,8,16,2164756,50000,7362,1,0.9978905320167542,12,47
4,1,SIEMENS_SymphonyTim_37743_T1-TSE,72|31|126|53,D:\Running_Place\PostGraduateProjects\Experiments\PostGraduate\backbones\DisperssionWithSADG_ConstraintStyleRegularization\Seg-SADG\BaryRadGate\a0p08\rho0p5\gb8\sadg0p05\nocons\shot4\Seed1\baseline_model_with_metadata.pt,D:\Running_Place\PostGraduateProjects\Experiments\PostGraduate\backbones\Prompts\Seg-SADG\BaryRadGate\a0p08\rho0p5\gb8\sadg0p05\nocons\shot4\Seed1,D:\Running_Place\PostGraduateProjects\Experiments\PostGraduate\backbones\Prompts\Seg-SADG\BaryRadGate\a0p08\rho0p5\gb8\sadg0p05\nocons\shot4\Seed1\source_multilayer_prototypes.pt,0.75,gamma0p75,dec1,0,background,4,8,16,2164756,50000,3214,1,0.9952936172485352,12,47
4,1,SIEMENS_SymphonyTim_37743_T1-TSE,72|31|126|53,D:\Running_Place\PostGraduateProjects\Experiments\PostGraduate\backbones\DisperssionWithSADG_ConstraintStyleRegularization\Seg-SADG\BaryRadGate\a0p08\rho0p5\gb8\sadg0p05\nocons\shot4\Seed1\baseline_model_with_metadata.pt,D:\Running_Place\PostGraduateProjects\Experiments\PostGraduate\backbones\Prompts\Seg-SADG\BaryRadGate\a0p08\rho0p5\gb8\sadg0p05\nocons\shot4\Seed1,D:\Running_Place\PostGraduateProjects\Experiments\PostGraduate\backbones\Prompts\Seg-SADG\BaryRadGate\a0p08\rho0p5\gb8\sadg0p05\nocons\shot4\Seed1\source_multilayer_prototypes.pt,0.75,gamma0p75,dec1,0,background,5,8,16,2164756,50000,11257,1,0.9988634586334229,12,47
4,1,SIEMENS_SymphonyTim_37743_T1-TSE,72|31|126|53,D:\Running_Place\PostGraduateProjects\Experiments\PostGraduate\backbones\DisperssionWithSADG_ConstraintStyleRegularization\Seg-SADG\BaryRadGate\a0p08\rho0p5\gb8\sadg0p05\nocons\shot4\Seed1\baseline_model_with_metadata.pt,D:\Running_Place\PostGraduateProjects\Experiments\PostGraduate\backbones\Prompts\Seg-SADG\BaryRadGate\a0p08\rho0p5\gb8\sadg0p05\nocons\shot4\Seed1,D:\Running_Place\PostGraduateProjects\Experiments\PostGraduate\backbones\Prompts\Seg-SADG\BaryRadGate\a0p08\rho0p5\gb8\sadg0p05\nocons\shot4\Seed1\source_multilayer_prototypes.pt,0.75,gamma0p75,dec1,0,background,6,8,16,2164756,50000,335,1,0.9419869780540466,12,47
4,1,SIEMENS_SymphonyTim_37743_T1-TSE,72|31|126|53,D:\Running_Place\PostGraduateProjects\Experiments\PostGraduate\backbones\DisperssionWithSADG_ConstraintStyleRegularization\Seg-SADG\BaryRadGate\a0p08\rho0p5\gb8\sadg0p05\nocons\shot4\Seed1\baseline_model_with_metadata.pt,D:\Running_Place\PostGraduateProjects\Experiments\PostGraduate\backbones\Prompts\Seg-SADG\BaryRadGate\a0p08\rho0p5\gb8\sadg0p05\nocons\shot4\Seed1,D:\Running_Place\PostGraduateProjects\Experiments\PostGraduate\backbones\Prompts\Seg-SADG\BaryRadGate\a0p08\rho0p5\gb8\sadg0p05\nocons\shot4\Seed1\source_multilayer_prototypes.pt,0.75,gamma0p75,dec1,0,background,7,8,16,2164756,50000,285,1,0.9062877297401428,12,47
4,1,SIEMENS_SymphonyTim_37743_T1-TSE,72|31|126|53,D:\Running_Place\PostGraduateProjects\Experiments\PostGraduate\backbones\DisperssionWithSADG_ConstraintStyleRegularization\Seg-SADG\BaryRadGate\a0p08\rho0p5\gb8\sadg0p05\nocons\shot4\Seed1\baseline_model_with_metadata.pt,D:\Running_Place\PostGraduateProjects\Experiments\PostGraduate\backbones\Prompts\Seg-SADG\BaryRadGate\a0p08\rho0p5\gb8\sadg0p05\nocons\shot4\Seed1,D:\Running_Place\PostGraduateProjects\Experiments\PostGraduate\backbones\Prompts\Seg-SADG\BaryRadGate\a0p08\rho0p5\gb8\sadg0p05\nocons\shot4\Seed1\source_multilayer_prototypes.pt,0.75,gamma0p75,dec1,1,vertebrae,0,8,16,162690,50000,19565,1,0.9971766471862793,12,47
4,1,SIEMENS_SymphonyTim_37743_T1-TSE,72|31|126|53,D:\Running_Place\PostGraduateProjects\Experiments\PostGraduate\backbones\DisperssionWithSADG_ConstraintStyleRegularization\Seg-SADG\BaryRadGate\a0p08\rho0p5\gb8\sadg0p05\nocons\shot4\Seed1\baseline_model_with_metadata.pt,D:\Running_Place\PostGraduateProjects\Experiments\PostGraduate\backbones\Prompts\Seg-SADG\BaryRadGate\a0p08\rho0p5\gb8\sadg0p05\nocons\shot4\Seed1,D:\Running_Place\PostGraduateProjects\Experiments\PostGraduate\backbones\Prompts\Seg-SADG\BaryRadGate\a0p08\rho0p5\gb8\sadg0p05\nocons\shot4\Seed1\source_multilayer_prototypes.pt,0.75,gamma0p75,dec1,1,vertebrae,1,8,16,162690,50000,21448,1,0.9953353404998779,12,47
4,1,SIEMENS_SymphonyTim_37743_T1-TSE,72|31|126|53,D:\Running_Place\PostGraduateProjects\Experiments\PostGraduate\backbones\DisperssionWithSADG_ConstraintStyleRegularization\Seg-SADG\BaryRadGate\a0p08\rho0p5\gb8\sadg0p05\nocons\shot4\Seed1\baseline_model_with_metadata.pt,D:\Running_Place\PostGraduateProjects\Experiments\PostGraduate\backbones\Prompts\Seg-SADG\BaryRadGate\a0p08\rho0p5\gb8\sadg0p05\nocons\shot4\Seed1,D:\Running_Place\PostGraduateProjects\Experiments\PostGraduate\backbones\Prompts\Seg-SADG\BaryRadGate\a0p08\rho0p5\gb8\sadg0p05\nocons\shot4\Seed1\source_multilayer_prototypes.pt,0.75,gamma0p75,dec1,1,vertebrae,2,8,16,162690,50000,2002,1,0.9697439074516296,12,47
4,1,SIEMENS_SymphonyTim_37743_T1-TSE,72|31|126|53,D:\Running_Place\PostGraduateProjects\Experiments\PostGraduate\backbones\DisperssionWithSADG_ConstraintStyleRegularization\Seg-SADG\BaryRadGate\a0p08\rho0p5\gb8\sadg0p05\nocons\shot4\Seed1\baseline_model_with_metadata.pt,D:\Running_Place\PostGraduateProjects\Experiments\PostGraduate\backbones\Prompts\Seg-SADG\BaryRadGate\a0p08\rho0p5\gb8\sadg0p05\nocons\shot4\Seed1,D:\Running_Place\PostGraduateProjects\Experiments\PostGraduate\backbones\Prompts\Seg-SADG\BaryRadGate\a0p08\rho0p5\gb8\sadg0p05\nocons\shot4\Seed1\source_multilayer_prototypes.pt,0.75,gamma0p75,dec1,1,vertebrae,3,8,16,162690,50000,2595,1,0.9754136800765991,12,47
4,1,SIEMENS_SymphonyTim_37743_T1-TSE,72|31|126|53,D:\Running_Place\PostGraduateProjects\Experiments\PostGraduate\backbones\DisperssionWithSADG_ConstraintStyleRegularization\Seg-SADG\BaryRadGate\a0p08\rho0p5\gb8\sadg0p05\nocons\shot4\Seed1\baseline_model_with_metadata.pt,D:\Running_Place\PostGraduateProjects\Experiments\PostGraduate\backbones\Prompts\Seg-SADG\BaryRadGate\a0p08\rho0p5\gb8\sadg0p05\nocons\shot4\Seed1,D:\Running_Place\PostGraduateProjects\Experiments\PostGraduate\backbones\Prompts\Seg-SADG\BaryRadGate\a0p08\rho0p5\gb8\sadg0p05\nocons\shot4\Seed1\source_multilayer_prototypes.pt,0.75,gamma0p75,dec1,1,vertebrae,4,8,16,162690,50000,644,1,0.8947145938873291,12,47
4,1,SIEMENS_SymphonyTim_37743_T1-TSE,72|31|126|53,D:\Running_Place\PostGraduateProjects\Experiments\PostGraduate\backbones\DisperssionWithSADG_ConstraintStyleRegularization\Seg-SADG\BaryRadGate\a0p08\rho0p5\gb8\sadg0p05\nocons\shot4\Seed1\baseline_model_with_metadata.pt,D:\Running_Place\PostGraduateProjects\Experiments\PostGraduate\backbones\Prompts\Seg-SADG\BaryRadGate\a0p08\rho0p5\gb8\sadg0p05\nocons\shot4\Seed1,D:\Running_Place\PostGraduateProjects\Experiments\PostGraduate\backbones\Prompts\Seg-SADG\BaryRadGate\a0p08\rho0p5\gb8\sadg0p05\nocons\shot4\Seed1\source_multilayer_prototypes.pt,0.75,gamma0p75,dec1,1,vertebrae,5,8,16,162690,50000,1045,1,0.9396516680717468,12,47
4,1,SIEMENS_SymphonyTim_37743_T1-TSE,72|31|126|53,D:\Running_Place\PostGraduateProjects\Experiments\PostGraduate\backbones\DisperssionWithSADG_ConstraintStyleRegularization\Seg-SADG\BaryRadGate\a0p08\rho0p5\gb8\sadg0p05\nocons\shot4\Seed1\baseline_model_with_metadata.pt,D:\Running_Place\PostGraduateProjects\Experiments\PostGraduate\backbones\Prompts\Seg-SADG\BaryRadGate\a0p08\rho0p5\gb8\sadg0p05\nocons\shot4\Seed1,D:\Running_Place\PostGraduateProjects\Experiments\PostGraduate\backbones\Prompts\Seg-SADG\BaryRadGate\a0p08\rho0p5\gb8\sadg0p05\nocons\shot4\Seed1\source_multilayer_prototypes.pt,0.75,gamma0p75,dec1,1,vertebrae,6,8,16,162690,50000,1135,1,0.9305973649024963,12,47
4,1,SIEMENS_SymphonyTim_37743_T1-TSE,72|31|126|53,D:\Running_Place\PostGraduateProjects\Experiments\PostGraduate\backbones\DisperssionWithSADG_ConstraintStyleRegularization\Seg-SADG\BaryRadGate\a0p08\rho0p5\gb8\sadg0p05\nocons\shot4\Seed1\baseline_model_with_metadata.pt,D:\Running_Place\PostGraduateProjects\Experiments\PostGraduate\backbones\Prompts\Seg-SADG\BaryRadGate\a0p08\rho0p5\gb8\sadg0p05\nocons\shot4\Seed1,D:\Running_Place\PostGraduateProjects\Experiments\PostGraduate\backbones\Prompts\Seg-SADG\BaryRadGate\a0p08\rho0p5\gb8\sadg0p05\nocons\shot4\Seed1\source_multilayer_prototypes.pt,0.75,gamma0p75,dec1,1,vertebrae,7,8,16,162690,50000,1566,1,0.98036789894104,12,47
4,1,SIEMENS_SymphonyTim_37743_T1-TSE,72|31|126|53,D:\Running_Place\PostGraduateProjects\Experiments\PostGraduate\backbones\DisperssionWithSADG_ConstraintStyleRegularization\Seg-SADG\BaryRadGate\a0p08\rho0p5\gb8\sadg0p05\nocons\shot4\Seed1\baseline_model_with_metadata.pt,D:\Running_Place\PostGraduateProjects\Experiments\PostGraduate\backbones\Prompts\Seg-SADG\BaryRadGate\a0p08\rho0p5\gb8\sadg0p05\nocons\shot4\Seed1,D:\Running_Place\PostGraduateProjects\Experiments\PostGraduate\backbones\Prompts\Seg-SADG\BaryRadGate\a0p08\rho0p5\gb8\sadg0p05\nocons\shot4\Seed1\source_multilayer_prototypes.pt,0.75,gamma0p75,dec1,2,intervertebral_discs,0,4,16,30826,30826,2891,1,0.9862921237945557,12,47
4,1,SIEMENS_SymphonyTim_37743_T1-TSE,72|31|126|53,D:\Running_Place\PostGraduateProjects\Experiments\PostGraduate\backbones\DisperssionWithSADG_ConstraintStyleRegularization\Seg-SADG\BaryRadGate\a0p08\rho0p5\gb8\sadg0p05\nocons\shot4\Seed1\baseline_model_with_metadata.pt,D:\Running_Place\PostGraduateProjects\Experiments\PostGraduate\backbones\Prompts\Seg-SADG\BaryRadGate\a0p08\rho0p5\gb8\sadg0p05\nocons\shot4\Seed1,D:\Running_Place\PostGraduateProjects\Experiments\PostGraduate\backbones\Prompts\Seg-SADG\BaryRadGate\a0p08\rho0p5\gb8\sadg0p05\nocons\shot4\Seed1\source_multilayer_prototypes.pt,0.75,gamma0p75,dec1,2,intervertebral_discs,1,4,16,30826,30826,22386,1,0.998191773891449,12,47
4,1,SIEMENS_SymphonyTim_37743_T1-TSE,72|31|126|53,D:\Running_Place\PostGraduateProjects\Experiments\PostGraduate\backbones\DisperssionWithSADG_ConstraintStyleRegularization\Seg-SADG\BaryRadGate\a0p08\rho0p5\gb8\sadg0p05\nocons\shot4\Seed1\baseline_model_with_metadata.pt,D:\Running_Place\PostGraduateProjects\Experiments\PostGraduate\backbones\Prompts\Seg-SADG\BaryRadGate\a0p08\rho0p5\gb8\sadg0p05\nocons\shot4\Seed1,D:\Running_Place\PostGraduateProjects\Experiments\PostGraduate\backbones\Prompts\Seg-SADG\BaryRadGate\a0p08\rho0p5\gb8\sadg0p05\nocons\shot4\Seed1\source_multilayer_prototypes.pt,0.75,gamma0p75,dec1,2,intervertebral_discs,2,4,16,30826,30826,4939,1,0.9929808378219604,12,47
4,1,SIEMENS_SymphonyTim_37743_T1-TSE,72|31|126|53,D:\Running_Place\PostGraduateProjects\Experiments\PostGraduate\backbones\DisperssionWithSADG_ConstraintStyleRegularization\Seg-SADG\BaryRadGate\a0p08\rho0p5\gb8\sadg0p05\nocons\shot4\Seed1\baseline_model_with_metadata.pt,D:\Running_Place\PostGraduateProjects\Experiments\PostGraduate\backbones\Prompts\Seg-SADG\BaryRadGate\a0p08\rho0p5\gb8\sadg0p05\nocons\shot4\Seed1,D:\Running_Place\PostGraduateProjects\Experiments\PostGraduate\backbones\Prompts\Seg-SADG\BaryRadGate\a0p08\rho0p5\gb8\sadg0p05\nocons\shot4\Seed1\source_multilayer_prototypes.pt,0.75,gamma0p75,dec1,2,intervertebral_discs,3,4,16,30826,30826,610,1,0.8287630081176758,12,47
4,1,SIEMENS_SymphonyTim_37743_T1-TSE,72|31|126|53,D:\Running_Place\PostGraduateProjects\Experiments\PostGraduate\backbones\DisperssionWithSADG_ConstraintStyleRegularization\Seg-SADG\BaryRadGate\a0p08\rho0p5\gb8\sadg0p05\nocons\shot4\Seed1\baseline_model_with_metadata.pt,D:\Running_Place\PostGraduateProjects\Experiments\PostGraduate\backbones\Prompts\Seg-SADG\BaryRadGate\a0p08\rho0p5\gb8\sadg0p05\nocons\shot4\Seed1,D:\Running_Place\PostGraduateProjects\Experiments\PostGraduate\backbones\Prompts\Seg-SADG\BaryRadGate\a0p08\rho0p5\gb8\sadg0p05\nocons\shot4\Seed1\source_multilayer_prototypes.pt,0.75,gamma0p75,dec1_head,0,background,0,8,16,2164756,50000,14935,1,0.9991597533226013,12,47
4,1,SIEMENS_SymphonyTim_37743_T1-TSE,72|31|126|53,D:\Running_Place\PostGraduateProjects\Experiments\PostGraduate\backbones\DisperssionWithSADG_ConstraintStyleRegularization\Seg-SADG\BaryRadGate\a0p08\rho0p5\gb8\sadg0p05\nocons\shot4\Seed1\baseline_model_with_metadata.pt,D:\Running_Place\PostGraduateProjects\Experiments\PostGraduate\backbones\Prompts\Seg-SADG\BaryRadGate\a0p08\rho0p5\gb8\sadg0p05\nocons\shot4\Seed1,D:\Running_Place\PostGraduateProjects\Experiments\PostGraduate\backbones\Prompts\Seg-SADG\BaryRadGate\a0p08\rho0p5\gb8\sadg0p05\nocons\shot4\Seed1\source_multilayer_prototypes.pt,0.75,gamma0p75,dec1_head,0,background,1,8,16,2164756,50000,460,1,0.886600911617279,12,47
4,1,SIEMENS_SymphonyTim_37743_T1-TSE,72|31|126|53,D:\Running_Place\PostGraduateProjects\Experiments\PostGraduate\backbones\DisperssionWithSADG_ConstraintStyleRegularization\Seg-SADG\BaryRadGate\a0p08\rho0p5\gb8\sadg0p05\nocons\shot4\Seed1\baseline_model_with_metadata.pt,D:\Running_Place\PostGraduateProjects\Experiments\PostGraduate\backbones\Prompts\Seg-SADG\BaryRadGate\a0p08\rho0p5\gb8\sadg0p05\nocons\shot4\Seed1,D:\Running_Place\PostGraduateProjects\Experiments\PostGraduate\backbones\Prompts\Seg-SADG\BaryRadGate\a0p08\rho0p5\gb8\sadg0p05\nocons\shot4\Seed1\source_multilayer_prototypes.pt,0.75,gamma0p75,dec1_head,0,background,2,8,16,2164756,50000,888,1,0.969449520111084,12,47
4,1,SIEMENS_SymphonyTim_37743_T1-TSE,72|31|126|53,D:\Running_Place\PostGraduateProjects\Experiments\PostGraduate\backbones\DisperssionWithSADG_ConstraintStyleRegularization\Seg-SADG\BaryRadGate\a0p08\rho0p5\gb8\sadg0p05\nocons\shot4\Seed1\baseline_model_with_metadata.pt,D:\Running_Place\PostGraduateProjects\Experiments\PostGraduate\backbones\Prompts\Seg-SADG\BaryRadGate\a0p08\rho0p5\gb8\sadg0p05\nocons\shot4\Seed1,D:\Running_Place\PostGraduateProjects\Experiments\PostGraduate\backbones\Prompts\Seg-SADG\BaryRadGate\a0p08\rho0p5\gb8\sadg0p05\nocons\shot4\Seed1\source_multilayer_prototypes.pt,0.75,gamma0p75,dec1_head,0,background,3,8,16,2164756,50000,11289,1,0.9986581206321716,12,47
4,1,SIEMENS_SymphonyTim_37743_T1-TSE,72|31|126|53,D:\Running_Place\PostGraduateProjects\Experiments\PostGraduate\backbones\DisperssionWithSADG_ConstraintStyleRegularization\Seg-SADG\BaryRadGate\a0p08\rho0p5\gb8\sadg0p05\nocons\shot4\Seed1\baseline_model_with_metadata.pt,D:\Running_Place\PostGraduateProjects\Experiments\PostGraduate\backbones\Prompts\Seg-SADG\BaryRadGate\a0p08\rho0p5\gb8\sadg0p05\nocons\shot4\Seed1,D:\Running_Place\PostGraduateProjects\Experiments\PostGraduate\backbones\Prompts\Seg-SADG\BaryRadGate\a0p08\rho0p5\gb8\sadg0p05\nocons\shot4\Seed1\source_multilayer_prototypes.pt,0.75,gamma0p75,dec1_head,0,background,4,8,16,2164756,50000,243,1,0.8977013230323792,12,47
4,1,SIEMENS_SymphonyTim_37743_T1-TSE,72|31|126|53,D:\Running_Place\PostGraduateProjects\Experiments\PostGraduate\backbones\DisperssionWithSADG_ConstraintStyleRegularization\Seg-SADG\BaryRadGate\a0p08\rho0p5\gb8\sadg0p05\nocons\shot4\Seed1\baseline_model_with_metadata.pt,D:\Running_Place\PostGraduateProjects\Experiments\PostGraduate\backbones\Prompts\Seg-SADG\BaryRadGate\a0p08\rho0p5\gb8\sadg0p05\nocons\shot4\Seed1,D:\Running_Place\PostGraduateProjects\Experiments\PostGraduate\backbones\Prompts\Seg-SADG\BaryRadGate\a0p08\rho0p5\gb8\sadg0p05\nocons\shot4\Seed1\source_multilayer_prototypes.pt,0.75,gamma0p75,dec1_head,0,background,5,8,16,2164756,50000,4717,1,0.9964067935943604,12,47
4,1,SIEMENS_SymphonyTim_37743_T1-TSE,72|31|126|53,D:\Running_Place\PostGraduateProjects\Experiments\PostGraduate\backbones\DisperssionWithSADG_ConstraintStyleRegularization\Seg-SADG\BaryRadGate\a0p08\rho0p5\gb8\sadg0p05\nocons\shot4\Seed1\baseline_model_with_metadata.pt,D:\Running_Place\PostGraduateProjects\Experiments\PostGraduate\backbones\Prompts\Seg-SADG\BaryRadGate\a0p08\rho0p5\gb8\sadg0p05\nocons\shot4\Seed1,D:\Running_Place\PostGraduateProjects\Experiments\PostGraduate\backbones\Prompts\Seg-SADG\BaryRadGate\a0p08\rho0p5\gb8\sadg0p05\nocons\shot4\Seed1\source_multilayer_prototypes.pt,0.75,gamma0p75,dec1_head,0,background,6,8,16,2164756,50000,14596,1,0.9987605810165405,12,47
4,1,SIEMENS_SymphonyTim_37743_T1-TSE,72|31|126|53,D:\Running_Place\PostGraduateProjects\Experiments\PostGraduate\backbones\DisperssionWithSADG_ConstraintStyleRegularization\Seg-SADG\BaryRadGate\a0p08\rho0p5\gb8\sadg0p05\nocons\shot4\Seed1\baseline_model_with_metadata.pt,D:\Running_Place\PostGraduateProjects\Experiments\PostGraduate\backbones\Prompts\Seg-SADG\BaryRadGate\a0p08\rho0p5\gb8\sadg0p05\nocons\shot4\Seed1,D:\Running_Place\PostGraduateProjects\Experiments\PostGraduate\backbones\Prompts\Seg-SADG\BaryRadGate\a0p08\rho0p5\gb8\sadg0p05\nocons\shot4\Seed1\source_multilayer_prototypes.pt,0.75,gamma0p75,dec1_head,0,background,7,8,16,2164756,50000,2872,1,0.9922401309013367,12,47
4,1,SIEMENS_SymphonyTim_37743_T1-TSE,72|31|126|53,D:\Running_Place\PostGraduateProjects\Experiments\PostGraduate\backbones\DisperssionWithSADG_ConstraintStyleRegularization\Seg-SADG\BaryRadGate\a0p08\rho0p5\gb8\sadg0p05\nocons\shot4\Seed1\baseline_model_with_metadata.pt,D:\Running_Place\PostGraduateProjects\Experiments\PostGraduate\backbones\Prompts\Seg-SADG\BaryRadGate\a0p08\rho0p5\gb8\sadg0p05\nocons\shot4\Seed1,D:\Running_Place\PostGraduateProjects\Experiments\PostGraduate\backbones\Prompts\Seg-SADG\BaryRadGate\a0p08\rho0p5\gb8\sadg0p05\nocons\shot4\Seed1\source_multilayer_prototypes.pt,0.75,gamma0p75,dec1_head,1,vertebrae,0,8,16,162690,50000,20231,1,0.9963041543960571,12,47
4,1,SIEMENS_SymphonyTim_37743_T1-TSE,72|31|126|53,D:\Running_Place\PostGraduateProjects\Experiments\PostGraduate\backbones\DisperssionWithSADG_ConstraintStyleRegularization\Seg-SADG\BaryRadGate\a0p08\rho0p5\gb8\sadg0p05\nocons\shot4\Seed1\baseline_model_with_metadata.pt,D:\Running_Place\PostGraduateProjects\Experiments\PostGraduate\backbones\Prompts\Seg-SADG\BaryRadGate\a0p08\rho0p5\gb8\sadg0p05\nocons\shot4\Seed1,D:\Running_Place\PostGraduateProjects\Experiments\PostGraduate\backbones\Prompts\Seg-SADG\BaryRadGate\a0p08\rho0p5\gb8\sadg0p05\nocons\shot4\Seed1\source_multilayer_prototypes.pt,0.75,gamma0p75,dec1_head,1,vertebrae,1,8,16,162690,50000,21127,1,0.9950608611106873,12,47
4,1,SIEMENS_SymphonyTim_37743_T1-TSE,72|31|126|53,D:\Running_Place\PostGraduateProjects\Experiments\PostGraduate\backbones\DisperssionWithSADG_ConstraintStyleRegularization\Seg-SADG\BaryRadGate\a0p08\rho0p5\gb8\sadg0p05\nocons\shot4\Seed1\baseline_model_with_metadata.pt,D:\Running_Place\PostGraduateProjects\Experiments\PostGraduate\backbones\Prompts\Seg-SADG\BaryRadGate\a0p08\rho0p5\gb8\sadg0p05\nocons\shot4\Seed1,D:\Running_Place\PostGraduateProjects\Experiments\PostGraduate\backbones\Prompts\Seg-SADG\BaryRadGate\a0p08\rho0p5\gb8\sadg0p05\nocons\shot4\Seed1\source_multilayer_prototypes.pt,0.75,gamma0p75,dec1_head,1,vertebrae,2,8,16,162690,50000,548,1,0.8902125954627991,12,47
4,1,SIEMENS_SymphonyTim_37743_T1-TSE,72|31|126|53,D:\Running_Place\PostGraduateProjects\Experiments\PostGraduate\backbones\DisperssionWithSADG_ConstraintStyleRegularization\Seg-SADG\BaryRadGate\a0p08\rho0p5\gb8\sadg0p05\nocons\shot4\Seed1\baseline_model_with_metadata.pt,D:\Running_Place\PostGraduateProjects\Experiments\PostGraduate\backbones\Prompts\Seg-SADG\BaryRadGate\a0p08\rho0p5\gb8\sadg0p05\nocons\shot4\Seed1,D:\Running_Place\PostGraduateProjects\Experiments\PostGraduate\backbones\Prompts\Seg-SADG\BaryRadGate\a0p08\rho0p5\gb8\sadg0p05\nocons\shot4\Seed1\source_multilayer_prototypes.pt,0.75,gamma0p75,dec1_head,1,vertebrae,3,8,16,162690,50000,896,1,0.9312223196029663,12,47
4,1,SIEMENS_SymphonyTim_37743_T1-TSE,72|31|126|53,D:\Running_Place\PostGraduateProjects\Experiments\PostGraduate\backbones\DisperssionWithSADG_ConstraintStyleRegularization\Seg-SADG\BaryRadGate\a0p08\rho0p5\gb8\sadg0p05\nocons\shot4\Seed1\baseline_model_with_metadata.pt,D:\Running_Place\PostGraduateProjects\Experiments\PostGraduate\backbones\Prompts\Seg-SADG\BaryRadGate\a0p08\rho0p5\gb8\sadg0p05\nocons\shot4\Seed1,D:\Running_Place\PostGraduateProjects\Experiments\PostGraduate\backbones\Prompts\Seg-SADG\BaryRadGate\a0p08\rho0p5\gb8\sadg0p05\nocons\shot4\Seed1\source_multilayer_prototypes.pt,0.75,gamma0p75,dec1_head,1,vertebrae,4,8,16,162690,50000,2000,1,0.9482632875442505,12,47
4,1,SIEMENS_SymphonyTim_37743_T1-TSE,72|31|126|53,D:\Running_Place\PostGraduateProjects\Experiments\PostGraduate\backbones\DisperssionWithSADG_ConstraintStyleRegularization\Seg-SADG\BaryRadGate\a0p08\rho0p5\gb8\sadg0p05\nocons\shot4\Seed1\baseline_model_with_metadata.pt,D:\Running_Place\PostGraduateProjects\Experiments\PostGraduate\backbones\Prompts\Seg-SADG\BaryRadGate\a0p08\rho0p5\gb8\sadg0p05\nocons\shot4\Seed1,D:\Running_Place\PostGraduateProjects\Experiments\PostGraduate\backbones\Prompts\Seg-SADG\BaryRadGate\a0p08\rho0p5\gb8\sadg0p05\nocons\shot4\Seed1\source_multilayer_prototypes.pt,0.75,gamma0p75,dec1_head,1,vertebrae,5,8,16,162690,50000,707,1,0.9168238043785095,12,47
4,1,SIEMENS_SymphonyTim_37743_T1-TSE,72|31|126|53,D:\Running_Place\PostGraduateProjects\Experiments\PostGraduate\backbones\DisperssionWithSADG_ConstraintStyleRegularization\Seg-SADG\BaryRadGate\a0p08\rho0p5\gb8\sadg0p05\nocons\shot4\Seed1\baseline_model_with_metadata.pt,D:\Running_Place\PostGraduateProjects\Experiments\PostGraduate\backbones\Prompts\Seg-SADG\BaryRadGate\a0p08\rho0p5\gb8\sadg0p05\nocons\shot4\Seed1,D:\Running_Place\PostGraduateProjects\Experiments\PostGraduate\backbones\Prompts\Seg-SADG\BaryRadGate\a0p08\rho0p5\gb8\sadg0p05\nocons\shot4\Seed1\source_multilayer_prototypes.pt,0.75,gamma0p75,dec1_head,1,vertebrae,6,8,16,162690,50000,2980,1,0.9809634685516357,12,47
4,1,SIEMENS_SymphonyTim_37743_T1-TSE,72|31|126|53,D:\Running_Place\PostGraduateProjects\Experiments\PostGraduate\backbones\DisperssionWithSADG_ConstraintStyleRegularization\Seg-SADG\BaryRadGate\a0p08\rho0p5\gb8\sadg0p05\nocons\shot4\Seed1\baseline_model_with_metadata.pt,D:\Running_Place\PostGraduateProjects\Experiments\PostGraduate\backbones\Prompts\Seg-SADG\BaryRadGate\a0p08\rho0p5\gb8\sadg0p05\nocons\shot4\Seed1,D:\Running_Place\PostGraduateProjects\Experiments\PostGraduate\backbones\Prompts\Seg-SADG\BaryRadGate\a0p08\rho0p5\gb8\sadg0p05\nocons\shot4\Seed1\source_multilayer_prototypes.pt,0.75,gamma0p75,dec1_head,1,vertebrae,7,8,16,162690,50000,1511,1,0.9833245873451233,12,47
4,1,SIEMENS_SymphonyTim_37743_T1-TSE,72|31|126|53,D:\Running_Place\PostGraduateProjects\Experiments\PostGraduate\backbones\DisperssionWithSADG_ConstraintStyleRegularization\Seg-SADG\BaryRadGate\a0p08\rho0p5\gb8\sadg0p05\nocons\shot4\Seed1\baseline_model_with_metadata.pt,D:\Running_Place\PostGraduateProjects\Experiments\PostGraduate\backbones\Prompts\Seg-SADG\BaryRadGate\a0p08\rho0p5\gb8\sadg0p05\nocons\shot4\Seed1,D:\Running_Place\PostGraduateProjects\Experiments\PostGraduate\backbones\Prompts\Seg-SADG\BaryRadGate\a0p08\rho0p5\gb8\sadg0p05\nocons\shot4\Seed1\source_multilayer_prototypes.pt,0.75,gamma0p75,dec1_head,2,intervertebral_discs,0,4,16,30826,30826,14469,1,0.9980859160423279,12,47
4,1,SIEMENS_SymphonyTim_37743_T1-TSE,72|31|126|53,D:\Running_Place\PostGraduateProjects\Experiments\PostGraduate\backbones\DisperssionWithSADG_ConstraintStyleRegularization\Seg-SADG\BaryRadGate\a0p08\rho0p5\gb8\sadg0p05\nocons\shot4\Seed1\baseline_model_with_metadata.pt,D:\Running_Place\PostGraduateProjects\Experiments\PostGraduate\backbones\Prompts\Seg-SADG\BaryRadGate\a0p08\rho0p5\gb8\sadg0p05\nocons\shot4\Seed1,D:\Running_Place\PostGraduateProjects\Experiments\PostGraduate\backbones\Prompts\Seg-SADG\BaryRadGate\a0p08\rho0p5\gb8\sadg0p05\nocons\shot4\Seed1\source_multilayer_prototypes.pt,0.75,gamma0p75,dec1_head,2,intervertebral_discs,1,4,16,30826,30826,2464,1,0.9334839582443237,12,47
4,1,SIEMENS_SymphonyTim_37743_T1-TSE,72|31|126|53,D:\Running_Place\PostGraduateProjects\Experiments\PostGraduate\backbones\DisperssionWithSADG_ConstraintStyleRegularization\Seg-SADG\BaryRadGate\a0p08\rho0p5\gb8\sadg0p05\nocons\shot4\Seed1\baseline_model_with_metadata.pt,D:\Running_Place\PostGraduateProjects\Experiments\PostGraduate\backbones\Prompts\Seg-SADG\BaryRadGate\a0p08\rho0p5\gb8\sadg0p05\nocons\shot4\Seed1,D:\Running_Place\PostGraduateProjects\Experiments\PostGraduate\backbones\Prompts\Seg-SADG\BaryRadGate\a0p08\rho0p5\gb8\sadg0p05\nocons\shot4\Seed1\source_multilayer_prototypes.pt,0.75,gamma0p75,dec1_head,2,intervertebral_discs,2,4,16,30826,30826,3085,1,0.991753339767456,12,47
4,1,SIEMENS_SymphonyTim_37743_T1-TSE,72|31|126|53,D:\Running_Place\PostGraduateProjects\Experiments\PostGraduate\backbones\DisperssionWithSADG_ConstraintStyleRegularization\Seg-SADG\BaryRadGate\a0p08\rho0p5\gb8\sadg0p05\nocons\shot4\Seed1\baseline_model_with_metadata.pt,D:\Running_Place\PostGraduateProjects\Experiments\PostGraduate\backbones\Prompts\Seg-SADG\BaryRadGate\a0p08\rho0p5\gb8\sadg0p05\nocons\shot4\Seed1,D:\Running_Place\PostGraduateProjects\Experiments\PostGraduate\backbones\Prompts\Seg-SADG\BaryRadGate\a0p08\rho0p5\gb8\sadg0p05\nocons\shot4\Seed1\source_multilayer_prototypes.pt,0.75,gamma0p75,dec1_head,2,intervertebral_discs,3,4,16,30826,30826,10808,1,0.9975176453590393,12,47
4,1,SIEMENS_SymphonyTim_37743_T1-TSE,72|31|126|53,D:\Running_Place\PostGraduateProjects\Experiments\PostGraduate\backbones\DisperssionWithSADG_ConstraintStyleRegularization\Seg-SADG\BaryRadGate\a0p08\rho0p5\gb8\sadg0p05\nocons\shot4\Seed1\baseline_model_with_metadata.pt,D:\Running_Place\PostGraduateProjects\Experiments\PostGraduate\backbones\Prompts\Seg-SADG\BaryRadGate\a0p08\rho0p5\gb8\sadg0p05\nocons\shot4\Seed1,D:\Running_Place\PostGraduateProjects\Experiments\PostGraduate\backbones\Prompts\Seg-SADG\BaryRadGate\a0p08\rho0p5\gb8\sadg0p05\nocons\shot4\Seed1\source_multilayer_prototypes.pt,1.0,gamma1,dec3,0,background,0,8,32,135331,50000,10615,1,0.8695878386497498,12,47
4,1,SIEMENS_SymphonyTim_37743_T1-TSE,72|31|126|53,D:\Running_Place\PostGraduateProjects\Experiments\PostGraduate\backbones\DisperssionWithSADG_ConstraintStyleRegularization\Seg-SADG\BaryRadGate\a0p08\rho0p5\gb8\sadg0p05\nocons\shot4\Seed1\baseline_model_with_metadata.pt,D:\Running_Place\PostGraduateProjects\Experiments\PostGraduate\backbones\Prompts\Seg-SADG\BaryRadGate\a0p08\rho0p5\gb8\sadg0p05\nocons\shot4\Seed1,D:\Running_Place\PostGraduateProjects\Experiments\PostGraduate\backbones\Prompts\Seg-SADG\BaryRadGate\a0p08\rho0p5\gb8\sadg0p05\nocons\shot4\Seed1\source_multilayer_prototypes.pt,1.0,gamma1,dec3,0,background,1,8,32,135331,50000,6939,1,0.7509196400642395,12,47
4,1,SIEMENS_SymphonyTim_37743_T1-TSE,72|31|126|53,D:\Running_Place\PostGraduateProjects\Experiments\PostGraduate\backbones\DisperssionWithSADG_ConstraintStyleRegularization\Seg-SADG\BaryRadGate\a0p08\rho0p5\gb8\sadg0p05\nocons\shot4\Seed1\baseline_model_with_metadata.pt,D:\Running_Place\PostGraduateProjects\Experiments\PostGraduate\backbones\Prompts\Seg-SADG\BaryRadGate\a0p08\rho0p5\gb8\sadg0p05\nocons\shot4\Seed1,D:\Running_Place\PostGraduateProjects\Experiments\PostGraduate\backbones\Prompts\Seg-SADG\BaryRadGate\a0p08\rho0p5\gb8\sadg0p05\nocons\shot4\Seed1\source_multilayer_prototypes.pt,1.0,gamma1,dec3,0,background,2,8,32,135331,50000,4172,1,0.6790659427642822,12,47
4,1,SIEMENS_SymphonyTim_37743_T1-TSE,72|31|126|53,D:\Running_Place\PostGraduateProjects\Experiments\PostGraduate\backbones\DisperssionWithSADG_ConstraintStyleRegularization\Seg-SADG\BaryRadGate\a0p08\rho0p5\gb8\sadg0p05\nocons\shot4\Seed1\baseline_model_with_metadata.pt,D:\Running_Place\PostGraduateProjects\Experiments\PostGraduate\backbones\Prompts\Seg-SADG\BaryRadGate\a0p08\rho0p5\gb8\sadg0p05\nocons\shot4\Seed1,D:\Running_Place\PostGraduateProjects\Experiments\PostGraduate\backbones\Prompts\Seg-SADG\BaryRadGate\a0p08\rho0p5\gb8\sadg0p05\nocons\shot4\Seed1\source_multilayer_prototypes.pt,1.0,gamma1,dec3,0,background,3,8,32,135331,50000,5527,1,0.7310572862625122,12,47
4,1,SIEMENS_SymphonyTim_37743_T1-TSE,72|31|126|53,D:\Running_Place\PostGraduateProjects\Experiments\PostGraduate\backbones\DisperssionWithSADG_ConstraintStyleRegularization\Seg-SADG\BaryRadGate\a0p08\rho0p5\gb8\sadg0p05\nocons\shot4\Seed1\baseline_model_with_metadata.pt,D:\Running_Place\PostGraduateProjects\Experiments\PostGraduate\backbones\Prompts\Seg-SADG\BaryRadGate\a0p08\rho0p5\gb8\sadg0p05\nocons\shot4\Seed1,D:\Running_Place\PostGraduateProjects\Experiments\PostGraduate\backbones\Prompts\Seg-SADG\BaryRadGate\a0p08\rho0p5\gb8\sadg0p05\nocons\shot4\Seed1\source_multilayer_prototypes.pt,1.0,gamma1,dec3,0,background,4,8,32,135331,50000,5405,1,0.6493731737136841,12,47
4,1,SIEMENS_SymphonyTim_37743_T1-TSE,72|31|126|53,D:\Running_Place\PostGraduateProjects\Experiments\PostGraduate\backbones\DisperssionWithSADG_ConstraintStyleRegularization\Seg-SADG\BaryRadGate\a0p08\rho0p5\gb8\sadg0p05\nocons\shot4\Seed1\baseline_model_with_metadata.pt,D:\Running_Place\PostGraduateProjects\Experiments\PostGraduate\backbones\Prompts\Seg-SADG\BaryRadGate\a0p08\rho0p5\gb8\sadg0p05\nocons\shot4\Seed1,D:\Running_Place\PostGraduateProjects\Experiments\PostGraduate\backbones\Prompts\Seg-SADG\BaryRadGate\a0p08\rho0p5\gb8\sadg0p05\nocons\shot4\Seed1\source_multilayer_prototypes.pt,1.0,gamma1,dec3,0,background,5,8,32,135331,50000,5849,1,0.7548208236694336,12,47
4,1,SIEMENS_SymphonyTim_37743_T1-TSE,72|31|126|53,D:\Running_Place\PostGraduateProjects\Experiments\PostGraduate\backbones\DisperssionWithSADG_ConstraintStyleRegularization\Seg-SADG\BaryRadGate\a0p08\rho0p5\gb8\sadg0p05\nocons\shot4\Seed1\baseline_model_with_metadata.pt,D:\Running_Place\PostGraduateProjects\Experiments\PostGraduate\backbones\Prompts\Seg-SADG\BaryRadGate\a0p08\rho0p5\gb8\sadg0p05\nocons\shot4\Seed1,D:\Running_Place\PostGraduateProjects\Experiments\PostGraduate\backbones\Prompts\Seg-SADG\BaryRadGate\a0p08\rho0p5\gb8\sadg0p05\nocons\shot4\Seed1\source_multilayer_prototypes.pt,1.0,gamma1,dec3,0,background,6,8,32,135331,50000,6990,1,0.8078353404998779,12,47
4,1,SIEMENS_SymphonyTim_37743_T1-TSE,72|31|126|53,D:\Running_Place\PostGraduateProjects\Experiments\PostGraduate\backbones\DisperssionWithSADG_ConstraintStyleRegularization\Seg-SADG\BaryRadGate\a0p08\rho0p5\gb8\sadg0p05\nocons\shot4\Seed1\baseline_model_with_metadata.pt,D:\Running_Place\PostGraduateProjects\Experiments\PostGraduate\backbones\Prompts\Seg-SADG\BaryRadGate\a0p08\rho0p5\gb8\sadg0p05\nocons\shot4\Seed1,D:\Running_Place\PostGraduateProjects\Experiments\PostGraduate\backbones\Prompts\Seg-SADG\BaryRadGate\a0p08\rho0p5\gb8\sadg0p05\nocons\shot4\Seed1\source_multilayer_prototypes.pt,1.0,gamma1,dec3,0,background,7,8,32,135331,50000,4503,1,0.6834098696708679,12,47
4,1,SIEMENS_SymphonyTim_37743_T1-TSE,72|31|126|53,D:\Running_Place\PostGraduateProjects\Experiments\PostGraduate\backbones\DisperssionWithSADG_ConstraintStyleRegularization\Seg-SADG\BaryRadGate\a0p08\rho0p5\gb8\sadg0p05\nocons\shot4\Seed1\baseline_model_with_metadata.pt,D:\Running_Place\PostGraduateProjects\Experiments\PostGraduate\backbones\Prompts\Seg-SADG\BaryRadGate\a0p08\rho0p5\gb8\sadg0p05\nocons\shot4\Seed1,D:\Running_Place\PostGraduateProjects\Experiments\PostGraduate\backbones\Prompts\Seg-SADG\BaryRadGate\a0p08\rho0p5\gb8\sadg0p05\nocons\shot4\Seed1\source_multilayer_prototypes.pt,1.0,gamma1,dec3,1,vertebrae,0,8,32,10155,10155,546,1,0.740424394607544,12,47
4,1,SIEMENS_SymphonyTim_37743_T1-TSE,72|31|126|53,D:\Running_Place\PostGraduateProjects\Experiments\PostGraduate\backbones\DisperssionWithSADG_ConstraintStyleRegularization\Seg-SADG\BaryRadGate\a0p08\rho0p5\gb8\sadg0p05\nocons\shot4\Seed1\baseline_model_with_metadata.pt,D:\Running_Place\PostGraduateProjects\Experiments\PostGraduate\backbones\Prompts\Seg-SADG\BaryRadGate\a0p08\rho0p5\gb8\sadg0p05\nocons\shot4\Seed1,D:\Running_Place\PostGraduateProjects\Experiments\PostGraduate\backbones\Prompts\Seg-SADG\BaryRadGate\a0p08\rho0p5\gb8\sadg0p05\nocons\shot4\Seed1\source_multilayer_prototypes.pt,1.0,gamma1,dec3,1,vertebrae,1,8,32,10155,10155,1689,1,0.858708918094635,12,47
4,1,SIEMENS_SymphonyTim_37743_T1-TSE,72|31|126|53,D:\Running_Place\PostGraduateProjects\Experiments\PostGraduate\backbones\DisperssionWithSADG_ConstraintStyleRegularization\Seg-SADG\BaryRadGate\a0p08\rho0p5\gb8\sadg0p05\nocons\shot4\Seed1\baseline_model_with_metadata.pt,D:\Running_Place\PostGraduateProjects\Experiments\PostGraduate\backbones\Prompts\Seg-SADG\BaryRadGate\a0p08\rho0p5\gb8\sadg0p05\nocons\shot4\Seed1,D:\Running_Place\PostGraduateProjects\Experiments\PostGraduate\backbones\Prompts\Seg-SADG\BaryRadGate\a0p08\rho0p5\gb8\sadg0p05\nocons\shot4\Seed1\source_multilayer_prototypes.pt,1.0,gamma1,dec3,1,vertebrae,2,8,32,10155,10155,572,1,0.6548720598220825,12,47
4,1,SIEMENS_SymphonyTim_37743_T1-TSE,72|31|126|53,D:\Running_Place\PostGraduateProjects\Experiments\PostGraduate\backbones\DisperssionWithSADG_ConstraintStyleRegularization\Seg-SADG\BaryRadGate\a0p08\rho0p5\gb8\sadg0p05\nocons\shot4\Seed1\baseline_model_with_metadata.pt,D:\Running_Place\PostGraduateProjects\Experiments\PostGraduate\backbones\Prompts\Seg-SADG\BaryRadGate\a0p08\rho0p5\gb8\sadg0p05\nocons\shot4\Seed1,D:\Running_Place\PostGraduateProjects\Experiments\PostGraduate\backbones\Prompts\Seg-SADG\BaryRadGate\a0p08\rho0p5\gb8\sadg0p05\nocons\shot4\Seed1\source_multilayer_prototypes.pt,1.0,gamma1,dec3,1,vertebrae,3,8,32,10155,10155,938,1,0.8346132040023804,12,47
4,1,SIEMENS_SymphonyTim_37743_T1-TSE,72|31|126|53,D:\Running_Place\PostGraduateProjects\Experiments\PostGraduate\backbones\DisperssionWithSADG_ConstraintStyleRegularization\Seg-SADG\BaryRadGate\a0p08\rho0p5\gb8\sadg0p05\nocons\shot4\Seed1\baseline_model_with_metadata.pt,D:\Running_Place\PostGraduateProjects\Experiments\PostGraduate\backbones\Prompts\Seg-SADG\BaryRadGate\a0p08\rho0p5\gb8\sadg0p05\nocons\shot4\Seed1,D:\Running_Place\PostGraduateProjects\Experiments\PostGraduate\backbones\Prompts\Seg-SADG\BaryRadGate\a0p08\rho0p5\gb8\sadg0p05\nocons\shot4\Seed1\source_multilayer_prototypes.pt,1.0,gamma1,dec3,1,vertebrae,4,8,32,10155,10155,1075,1,0.8030415177345276,12,47
4,1,SIEMENS_SymphonyTim_37743_T1-TSE,72|31|126|53,D:\Running_Place\PostGraduateProjects\Experiments\PostGraduate\backbones\DisperssionWithSADG_ConstraintStyleRegularization\Seg-SADG\BaryRadGate\a0p08\rho0p5\gb8\sadg0p05\nocons\shot4\Seed1\baseline_model_with_metadata.pt,D:\Running_Place\PostGraduateProjects\Experiments\PostGraduate\backbones\Prompts\Seg-SADG\BaryRadGate\a0p08\rho0p5\gb8\sadg0p05\nocons\shot4\Seed1,D:\Running_Place\PostGraduateProjects\Experiments\PostGraduate\backbones\Prompts\Seg-SADG\BaryRadGate\a0p08\rho0p5\gb8\sadg0p05\nocons\shot4\Seed1\source_multilayer_prototypes.pt,1.0,gamma1,dec3,1,vertebrae,5,8,32,10155,10155,2156,1,0.9029703736305237,12,47
4,1,SIEMENS_SymphonyTim_37743_T1-TSE,72|31|126|53,D:\Running_Place\PostGraduateProjects\Experiments\PostGraduate\backbones\DisperssionWithSADG_ConstraintStyleRegularization\Seg-SADG\BaryRadGate\a0p08\rho0p5\gb8\sadg0p05\nocons\shot4\Seed1\baseline_model_with_metadata.pt,D:\Running_Place\PostGraduateProjects\Experiments\PostGraduate\backbones\Prompts\Seg-SADG\BaryRadGate\a0p08\rho0p5\gb8\sadg0p05\nocons\shot4\Seed1,D:\Running_Place\PostGraduateProjects\Experiments\PostGraduate\backbones\Prompts\Seg-SADG\BaryRadGate\a0p08\rho0p5\gb8\sadg0p05\nocons\shot4\Seed1\source_multilayer_prototypes.pt,1.0,gamma1,dec3,1,vertebrae,6,8,32,10155,10155,1970,1,0.9040930867195129,12,47
4,1,SIEMENS_SymphonyTim_37743_T1-TSE,72|31|126|53,D:\Running_Place\PostGraduateProjects\Experiments\PostGraduate\backbones\DisperssionWithSADG_ConstraintStyleRegularization\Seg-SADG\BaryRadGate\a0p08\rho0p5\gb8\sadg0p05\nocons\shot4\Seed1\baseline_model_with_metadata.pt,D:\Running_Place\PostGraduateProjects\Experiments\PostGraduate\backbones\Prompts\Seg-SADG\BaryRadGate\a0p08\rho0p5\gb8\sadg0p05\nocons\shot4\Seed1,D:\Running_Place\PostGraduateProjects\Experiments\PostGraduate\backbones\Prompts\Seg-SADG\BaryRadGate\a0p08\rho0p5\gb8\sadg0p05\nocons\shot4\Seed1\source_multilayer_prototypes.pt,1.0,gamma1,dec3,1,vertebrae,7,8,32,10155,10155,1209,1,0.8385748267173767,12,47
4,1,SIEMENS_SymphonyTim_37743_T1-TSE,72|31|126|53,D:\Running_Place\PostGraduateProjects\Experiments\PostGraduate\backbones\DisperssionWithSADG_ConstraintStyleRegularization\Seg-SADG\BaryRadGate\a0p08\rho0p5\gb8\sadg0p05\nocons\shot4\Seed1\baseline_model_with_metadata.pt,D:\Running_Place\PostGraduateProjects\Experiments\PostGraduate\backbones\Prompts\Seg-SADG\BaryRadGate\a0p08\rho0p5\gb8\sadg0p05\nocons\shot4\Seed1,D:\Running_Place\PostGraduateProjects\Experiments\PostGraduate\backbones\Prompts\Seg-SADG\BaryRadGate\a0p08\rho0p5\gb8\sadg0p05\nocons\shot4\Seed1\source_multilayer_prototypes.pt,1.0,gamma1,dec3,2,intervertebral_discs,0,4,32,1906,1906,355,1,0.8476189374923706,12,47
4,1,SIEMENS_SymphonyTim_37743_T1-TSE,72|31|126|53,D:\Running_Place\PostGraduateProjects\Experiments\PostGraduate\backbones\DisperssionWithSADG_ConstraintStyleRegularization\Seg-SADG\BaryRadGate\a0p08\rho0p5\gb8\sadg0p05\nocons\shot4\Seed1\baseline_model_with_metadata.pt,D:\Running_Place\PostGraduateProjects\Experiments\PostGraduate\backbones\Prompts\Seg-SADG\BaryRadGate\a0p08\rho0p5\gb8\sadg0p05\nocons\shot4\Seed1,D:\Running_Place\PostGraduateProjects\Experiments\PostGraduate\backbones\Prompts\Seg-SADG\BaryRadGate\a0p08\rho0p5\gb8\sadg0p05\nocons\shot4\Seed1\source_multilayer_prototypes.pt,1.0,gamma1,dec3,2,intervertebral_discs,1,4,32,1906,1906,710,1,0.8680778741836548,12,47
4,1,SIEMENS_SymphonyTim_37743_T1-TSE,72|31|126|53,D:\Running_Place\PostGraduateProjects\Experiments\PostGraduate\backbones\DisperssionWithSADG_ConstraintStyleRegularization\Seg-SADG\BaryRadGate\a0p08\rho0p5\gb8\sadg0p05\nocons\shot4\Seed1\baseline_model_with_metadata.pt,D:\Running_Place\PostGraduateProjects\Experiments\PostGraduate\backbones\Prompts\Seg-SADG\BaryRadGate\a0p08\rho0p5\gb8\sadg0p05\nocons\shot4\Seed1,D:\Running_Place\PostGraduateProjects\Experiments\PostGraduate\backbones\Prompts\Seg-SADG\BaryRadGate\a0p08\rho0p5\gb8\sadg0p05\nocons\shot4\Seed1\source_multilayer_prototypes.pt,1.0,gamma1,dec3,2,intervertebral_discs,2,4,32,1906,1906,422,1,0.8881966471672058,12,47
4,1,SIEMENS_SymphonyTim_37743_T1-TSE,72|31|126|53,D:\Running_Place\PostGraduateProjects\Experiments\PostGraduate\backbones\DisperssionWithSADG_ConstraintStyleRegularization\Seg-SADG\BaryRadGate\a0p08\rho0p5\gb8\sadg0p05\nocons\shot4\Seed1\baseline_model_with_metadata.pt,D:\Running_Place\PostGraduateProjects\Experiments\PostGraduate\backbones\Prompts\Seg-SADG\BaryRadGate\a0p08\rho0p5\gb8\sadg0p05\nocons\shot4\Seed1,D:\Running_Place\PostGraduateProjects\Experiments\PostGraduate\backbones\Prompts\Seg-SADG\BaryRadGate\a0p08\rho0p5\gb8\sadg0p05\nocons\shot4\Seed1\source_multilayer_prototypes.pt,1.0,gamma1,dec3,2,intervertebral_discs,3,4,32,1906,1906,419,1,0.862922191619873,12,47
4,1,SIEMENS_SymphonyTim_37743_T1-TSE,72|31|126|53,D:\Running_Place\PostGraduateProjects\Experiments\PostGraduate\backbones\DisperssionWithSADG_ConstraintStyleRegularization\Seg-SADG\BaryRadGate\a0p08\rho0p5\gb8\sadg0p05\nocons\shot4\Seed1\baseline_model_with_metadata.pt,D:\Running_Place\PostGraduateProjects\Experiments\PostGraduate\backbones\Prompts\Seg-SADG\BaryRadGate\a0p08\rho0p5\gb8\sadg0p05\nocons\shot4\Seed1,D:\Running_Place\PostGraduateProjects\Experiments\PostGraduate\backbones\Prompts\Seg-SADG\BaryRadGate\a0p08\rho0p5\gb8\sadg0p05\nocons\shot4\Seed1\source_multilayer_prototypes.pt,1.0,gamma1,dec2,0,background,0,8,16,541277,50000,7632,1,0.9054824709892273,12,47
4,1,SIEMENS_SymphonyTim_37743_T1-TSE,72|31|126|53,D:\Running_Place\PostGraduateProjects\Experiments\PostGraduate\backbones\DisperssionWithSADG_ConstraintStyleRegularization\Seg-SADG\BaryRadGate\a0p08\rho0p5\gb8\sadg0p05\nocons\shot4\Seed1\baseline_model_with_metadata.pt,D:\Running_Place\PostGraduateProjects\Experiments\PostGraduate\backbones\Prompts\Seg-SADG\BaryRadGate\a0p08\rho0p5\gb8\sadg0p05\nocons\shot4\Seed1,D:\Running_Place\PostGraduateProjects\Experiments\PostGraduate\backbones\Prompts\Seg-SADG\BaryRadGate\a0p08\rho0p5\gb8\sadg0p05\nocons\shot4\Seed1\source_multilayer_prototypes.pt,1.0,gamma1,dec2,0,background,1,8,16,541277,50000,19067,1,0.9616424441337585,12,47
4,1,SIEMENS_SymphonyTim_37743_T1-TSE,72|31|126|53,D:\Running_Place\PostGraduateProjects\Experiments\PostGraduate\backbones\DisperssionWithSADG_ConstraintStyleRegularization\Seg-SADG\BaryRadGate\a0p08\rho0p5\gb8\sadg0p05\nocons\shot4\Seed1\baseline_model_with_metadata.pt,D:\Running_Place\PostGraduateProjects\Experiments\PostGraduate\backbones\Prompts\Seg-SADG\BaryRadGate\a0p08\rho0p5\gb8\sadg0p05\nocons\shot4\Seed1,D:\Running_Place\PostGraduateProjects\Experiments\PostGraduate\backbones\Prompts\Seg-SADG\BaryRadGate\a0p08\rho0p5\gb8\sadg0p05\nocons\shot4\Seed1\source_multilayer_prototypes.pt,1.0,gamma1,dec2,0,background,2,8,16,541277,50000,10232,1,0.9020097255706787,12,47
4,1,SIEMENS_SymphonyTim_37743_T1-TSE,72|31|126|53,D:\Running_Place\PostGraduateProjects\Experiments\PostGraduate\backbones\DisperssionWithSADG_ConstraintStyleRegularization\Seg-SADG\BaryRadGate\a0p08\rho0p5\gb8\sadg0p05\nocons\shot4\Seed1\baseline_model_with_metadata.pt,D:\Running_Place\PostGraduateProjects\Experiments\PostGraduate\backbones\Prompts\Seg-SADG\BaryRadGate\a0p08\rho0p5\gb8\sadg0p05\nocons\shot4\Seed1,D:\Running_Place\PostGraduateProjects\Experiments\PostGraduate\backbones\Prompts\Seg-SADG\BaryRadGate\a0p08\rho0p5\gb8\sadg0p05\nocons\shot4\Seed1\source_multilayer_prototypes.pt,1.0,gamma1,dec2,0,background,3,8,16,541277,50000,2786,1,0.8269508481025696,12,47
4,1,SIEMENS_SymphonyTim_37743_T1-TSE,72|31|126|53,D:\Running_Place\PostGraduateProjects\Experiments\PostGraduate\backbones\DisperssionWithSADG_ConstraintStyleRegularization\Seg-SADG\BaryRadGate\a0p08\rho0p5\gb8\sadg0p05\nocons\shot4\Seed1\baseline_model_with_metadata.pt,D:\Running_Place\PostGraduateProjects\Experiments\PostGraduate\backbones\Prompts\Seg-SADG\BaryRadGate\a0p08\rho0p5\gb8\sadg0p05\nocons\shot4\Seed1,D:\Running_Place\PostGraduateProjects\Experiments\PostGraduate\backbones\Prompts\Seg-SADG\BaryRadGate\a0p08\rho0p5\gb8\sadg0p05\nocons\shot4\Seed1\source_multilayer_prototypes.pt,1.0,gamma1,dec2,0,background,4,8,16,541277,50000,4470,1,0.897494912147522,12,47
4,1,SIEMENS_SymphonyTim_37743_T1-TSE,72|31|126|53,D:\Running_Place\PostGraduateProjects\Experiments\PostGraduate\backbones\DisperssionWithSADG_ConstraintStyleRegularization\Seg-SADG\BaryRadGate\a0p08\rho0p5\gb8\sadg0p05\nocons\shot4\Seed1\baseline_model_with_metadata.pt,D:\Running_Place\PostGraduateProjects\Experiments\PostGraduate\backbones\Prompts\Seg-SADG\BaryRadGate\a0p08\rho0p5\gb8\sadg0p05\nocons\shot4\Seed1,D:\Running_Place\PostGraduateProjects\Experiments\PostGraduate\backbones\Prompts\Seg-SADG\BaryRadGate\a0p08\rho0p5\gb8\sadg0p05\nocons\shot4\Seed1\source_multilayer_prototypes.pt,1.0,gamma1,dec2,0,background,5,8,16,541277,50000,2422,1,0.8135186433792114,12,47
4,1,SIEMENS_SymphonyTim_37743_T1-TSE,72|31|126|53,D:\Running_Place\PostGraduateProjects\Experiments\PostGraduate\backbones\DisperssionWithSADG_ConstraintStyleRegularization\Seg-SADG\BaryRadGate\a0p08\rho0p5\gb8\sadg0p05\nocons\shot4\Seed1\baseline_model_with_metadata.pt,D:\Running_Place\PostGraduateProjects\Experiments\PostGraduate\backbones\Prompts\Seg-SADG\BaryRadGate\a0p08\rho0p5\gb8\sadg0p05\nocons\shot4\Seed1,D:\Running_Place\PostGraduateProjects\Experiments\PostGraduate\backbones\Prompts\Seg-SADG\BaryRadGate\a0p08\rho0p5\gb8\sadg0p05\nocons\shot4\Seed1\source_multilayer_prototypes.pt,1.0,gamma1,dec2,0,background,6,8,16,541277,50000,2637,1,0.8099665641784668,12,47
4,1,SIEMENS_SymphonyTim_37743_T1-TSE,72|31|126|53,D:\Running_Place\PostGraduateProjects\Experiments\PostGraduate\backbones\DisperssionWithSADG_ConstraintStyleRegularization\Seg-SADG\BaryRadGate\a0p08\rho0p5\gb8\sadg0p05\nocons\shot4\Seed1\baseline_model_with_metadata.pt,D:\Running_Place\PostGraduateProjects\Experiments\PostGraduate\backbones\Prompts\Seg-SADG\BaryRadGate\a0p08\rho0p5\gb8\sadg0p05\nocons\shot4\Seed1,D:\Running_Place\PostGraduateProjects\Experiments\PostGraduate\backbones\Prompts\Seg-SADG\BaryRadGate\a0p08\rho0p5\gb8\sadg0p05\nocons\shot4\Seed1\source_multilayer_prototypes.pt,1.0,gamma1,dec2,0,background,7,8,16,541277,50000,754,1,0.8099182844161987,12,47
4,1,SIEMENS_SymphonyTim_37743_T1-TSE,72|31|126|53,D:\Running_Place\PostGraduateProjects\Experiments\PostGraduate\backbones\DisperssionWithSADG_ConstraintStyleRegularization\Seg-SADG\BaryRadGate\a0p08\rho0p5\gb8\sadg0p05\nocons\shot4\Seed1\baseline_model_with_metadata.pt,D:\Running_Place\PostGraduateProjects\Experiments\PostGraduate\backbones\Prompts\Seg-SADG\BaryRadGate\a0p08\rho0p5\gb8\sadg0p05\nocons\shot4\Seed1,D:\Running_Place\PostGraduateProjects\Experiments\PostGraduate\backbones\Prompts\Seg-SADG\BaryRadGate\a0p08\rho0p5\gb8\sadg0p05\nocons\shot4\Seed1\source_multilayer_prototypes.pt,1.0,gamma1,dec2,1,vertebrae,0,8,16,40484,40484,6231,1,0.942704975605011,12,47
4,1,SIEMENS_SymphonyTim_37743_T1-TSE,72|31|126|53,D:\Running_Place\PostGraduateProjects\Experiments\PostGraduate\backbones\DisperssionWithSADG_ConstraintStyleRegularization\Seg-SADG\BaryRadGate\a0p08\rho0p5\gb8\sadg0p05\nocons\shot4\Seed1\baseline_model_with_metadata.pt,D:\Running_Place\PostGraduateProjects\Experiments\PostGraduate\backbones\Prompts\Seg-SADG\BaryRadGate\a0p08\rho0p5\gb8\sadg0p05\nocons\shot4\Seed1,D:\Running_Place\PostGraduateProjects\Experiments\PostGraduate\backbones\Prompts\Seg-SADG\BaryRadGate\a0p08\rho0p5\gb8\sadg0p05\nocons\shot4\Seed1\source_multilayer_prototypes.pt,1.0,gamma1,dec2,1,vertebrae,1,8,16,40484,40484,5099,1,0.8781421184539795,12,47
4,1,SIEMENS_SymphonyTim_37743_T1-TSE,72|31|126|53,D:\Running_Place\PostGraduateProjects\Experiments\PostGraduate\backbones\DisperssionWithSADG_ConstraintStyleRegularization\Seg-SADG\BaryRadGate\a0p08\rho0p5\gb8\sadg0p05\nocons\shot4\Seed1\baseline_model_with_metadata.pt,D:\Running_Place\PostGraduateProjects\Experiments\PostGraduate\backbones\Prompts\Seg-SADG\BaryRadGate\a0p08\rho0p5\gb8\sadg0p05\nocons\shot4\Seed1,D:\Running_Place\PostGraduateProjects\Experiments\PostGraduate\backbones\Prompts\Seg-SADG\BaryRadGate\a0p08\rho0p5\gb8\sadg0p05\nocons\shot4\Seed1\source_multilayer_prototypes.pt,1.0,gamma1,dec2,1,vertebrae,2,8,16,40484,40484,3657,1,0.9187400937080383,12,47
4,1,SIEMENS_SymphonyTim_37743_T1-TSE,72|31|126|53,D:\Running_Place\PostGraduateProjects\Experiments\PostGraduate\backbones\DisperssionWithSADG_ConstraintStyleRegularization\Seg-SADG\BaryRadGate\a0p08\rho0p5\gb8\sadg0p05\nocons\shot4\Seed1\baseline_model_with_metadata.pt,D:\Running_Place\PostGraduateProjects\Experiments\PostGraduate\backbones\Prompts\Seg-SADG\BaryRadGate\a0p08\rho0p5\gb8\sadg0p05\nocons\shot4\Seed1,D:\Running_Place\PostGraduateProjects\Experiments\PostGraduate\backbones\Prompts\Seg-SADG\BaryRadGate\a0p08\rho0p5\gb8\sadg0p05\nocons\shot4\Seed1\source_multilayer_prototypes.pt,1.0,gamma1,dec2,1,vertebrae,3,8,16,40484,40484,16327,1,0.9502146244049072,12,47
4,1,SIEMENS_SymphonyTim_37743_T1-TSE,72|31|126|53,D:\Running_Place\PostGraduateProjects\Experiments\PostGraduate\backbones\DisperssionWithSADG_ConstraintStyleRegularization\Seg-SADG\BaryRadGate\a0p08\rho0p5\gb8\sadg0p05\nocons\shot4\Seed1\baseline_model_with_metadata.pt,D:\Running_Place\PostGraduateProjects\Experiments\PostGraduate\backbones\Prompts\Seg-SADG\BaryRadGate\a0p08\rho0p5\gb8\sadg0p05\nocons\shot4\Seed1,D:\Running_Place\PostGraduateProjects\Experiments\PostGraduate\backbones\Prompts\Seg-SADG\BaryRadGate\a0p08\rho0p5\gb8\sadg0p05\nocons\shot4\Seed1\source_multilayer_prototypes.pt,1.0,gamma1,dec2,1,vertebrae,4,8,16,40484,40484,2369,1,0.8512819409370422,12,47
4,1,SIEMENS_SymphonyTim_37743_T1-TSE,72|31|126|53,D:\Running_Place\PostGraduateProjects\Experiments\PostGraduate\backbones\DisperssionWithSADG_ConstraintStyleRegularization\Seg-SADG\BaryRadGate\a0p08\rho0p5\gb8\sadg0p05\nocons\shot4\Seed1\baseline_model_with_metadata.pt,D:\Running_Place\PostGraduateProjects\Experiments\PostGraduate\backbones\Prompts\Seg-SADG\BaryRadGate\a0p08\rho0p5\gb8\sadg0p05\nocons\shot4\Seed1,D:\Running_Place\PostGraduateProjects\Experiments\PostGraduate\backbones\Prompts\Seg-SADG\BaryRadGate\a0p08\rho0p5\gb8\sadg0p05\nocons\shot4\Seed1\source_multilayer_prototypes.pt,1.0,gamma1,dec2,1,vertebrae,5,8,16,40484,40484,2334,1,0.8818961381912231,12,47
4,1,SIEMENS_SymphonyTim_37743_T1-TSE,72|31|126|53,D:\Running_Place\PostGraduateProjects\Experiments\PostGraduate\backbones\DisperssionWithSADG_ConstraintStyleRegularization\Seg-SADG\BaryRadGate\a0p08\rho0p5\gb8\sadg0p05\nocons\shot4\Seed1\baseline_model_with_metadata.pt,D:\Running_Place\PostGraduateProjects\Experiments\PostGraduate\backbones\Prompts\Seg-SADG\BaryRadGate\a0p08\rho0p5\gb8\sadg0p05\nocons\shot4\Seed1,D:\Running_Place\PostGraduateProjects\Experiments\PostGraduate\backbones\Prompts\Seg-SADG\BaryRadGate\a0p08\rho0p5\gb8\sadg0p05\nocons\shot4\Seed1\source_multilayer_prototypes.pt,1.0,gamma1,dec2,1,vertebrae,6,8,16,40484,40484,3179,1,0.8454151153564453,12,47
4,1,SIEMENS_SymphonyTim_37743_T1-TSE,72|31|126|53,D:\Running_Place\PostGraduateProjects\Experiments\PostGraduate\backbones\DisperssionWithSADG_ConstraintStyleRegularization\Seg-SADG\BaryRadGate\a0p08\rho0p5\gb8\sadg0p05\nocons\shot4\Seed1\baseline_model_with_metadata.pt,D:\Running_Place\PostGraduateProjects\Experiments\PostGraduate\backbones\Prompts\Seg-SADG\BaryRadGate\a0p08\rho0p5\gb8\sadg0p05\nocons\shot4\Seed1,D:\Running_Place\PostGraduateProjects\Experiments\PostGraduate\backbones\Prompts\Seg-SADG\BaryRadGate\a0p08\rho0p5\gb8\sadg0p05\nocons\shot4\Seed1\source_multilayer_prototypes.pt,1.0,gamma1,dec2,1,vertebrae,7,8,16,40484,40484,1288,1,0.8353107571601868,12,47
4,1,SIEMENS_SymphonyTim_37743_T1-TSE,72|31|126|53,D:\Running_Place\PostGraduateProjects\Experiments\PostGraduate\backbones\DisperssionWithSADG_ConstraintStyleRegularization\Seg-SADG\BaryRadGate\a0p08\rho0p5\gb8\sadg0p05\nocons\shot4\Seed1\baseline_model_with_metadata.pt,D:\Running_Place\PostGraduateProjects\Experiments\PostGraduate\backbones\Prompts\Seg-SADG\BaryRadGate\a0p08\rho0p5\gb8\sadg0p05\nocons\shot4\Seed1,D:\Running_Place\PostGraduateProjects\Experiments\PostGraduate\backbones\Prompts\Seg-SADG\BaryRadGate\a0p08\rho0p5\gb8\sadg0p05\nocons\shot4\Seed1\source_multilayer_prototypes.pt,1.0,gamma1,dec2,2,intervertebral_discs,0,4,16,7807,7807,406,1,0.9399400353431702,12,47
4,1,SIEMENS_SymphonyTim_37743_T1-TSE,72|31|126|53,D:\Running_Place\PostGraduateProjects\Experiments\PostGraduate\backbones\DisperssionWithSADG_ConstraintStyleRegularization\Seg-SADG\BaryRadGate\a0p08\rho0p5\gb8\sadg0p05\nocons\shot4\Seed1\baseline_model_with_metadata.pt,D:\Running_Place\PostGraduateProjects\Experiments\PostGraduate\backbones\Prompts\Seg-SADG\BaryRadGate\a0p08\rho0p5\gb8\sadg0p05\nocons\shot4\Seed1,D:\Running_Place\PostGraduateProjects\Experiments\PostGraduate\backbones\Prompts\Seg-SADG\BaryRadGate\a0p08\rho0p5\gb8\sadg0p05\nocons\shot4\Seed1\source_multilayer_prototypes.pt,1.0,gamma1,dec2,2,intervertebral_discs,1,4,16,7807,7807,3787,1,0.960270881652832,12,47
4,1,SIEMENS_SymphonyTim_37743_T1-TSE,72|31|126|53,D:\Running_Place\PostGraduateProjects\Experiments\PostGraduate\backbones\DisperssionWithSADG_ConstraintStyleRegularization\Seg-SADG\BaryRadGate\a0p08\rho0p5\gb8\sadg0p05\nocons\shot4\Seed1\baseline_model_with_metadata.pt,D:\Running_Place\PostGraduateProjects\Experiments\PostGraduate\backbones\Prompts\Seg-SADG\BaryRadGate\a0p08\rho0p5\gb8\sadg0p05\nocons\shot4\Seed1,D:\Running_Place\PostGraduateProjects\Experiments\PostGraduate\backbones\Prompts\Seg-SADG\BaryRadGate\a0p08\rho0p5\gb8\sadg0p05\nocons\shot4\Seed1\source_multilayer_prototypes.pt,1.0,gamma1,dec2,2,intervertebral_discs,2,4,16,7807,7807,2834,1,0.970869779586792,12,47
4,1,SIEMENS_SymphonyTim_37743_T1-TSE,72|31|126|53,D:\Running_Place\PostGraduateProjects\Experiments\PostGraduate\backbones\DisperssionWithSADG_ConstraintStyleRegularization\Seg-SADG\BaryRadGate\a0p08\rho0p5\gb8\sadg0p05\nocons\shot4\Seed1\baseline_model_with_metadata.pt,D:\Running_Place\PostGraduateProjects\Experiments\PostGraduate\backbones\Prompts\Seg-SADG\BaryRadGate\a0p08\rho0p5\gb8\sadg0p05\nocons\shot4\Seed1,D:\Running_Place\PostGraduateProjects\Experiments\PostGraduate\backbones\Prompts\Seg-SADG\BaryRadGate\a0p08\rho0p5\gb8\sadg0p05\nocons\shot4\Seed1\source_multilayer_prototypes.pt,1.0,gamma1,dec2,2,intervertebral_discs,3,4,16,7807,7807,780,1,0.9402272701263428,12,47
4,1,SIEMENS_SymphonyTim_37743_T1-TSE,72|31|126|53,D:\Running_Place\PostGraduateProjects\Experiments\PostGraduate\backbones\DisperssionWithSADG_ConstraintStyleRegularization\Seg-SADG\BaryRadGate\a0p08\rho0p5\gb8\sadg0p05\nocons\shot4\Seed1\baseline_model_with_metadata.pt,D:\Running_Place\PostGraduateProjects\Experiments\PostGraduate\backbones\Prompts\Seg-SADG\BaryRadGate\a0p08\rho0p5\gb8\sadg0p05\nocons\shot4\Seed1,D:\Running_Place\PostGraduateProjects\Experiments\PostGraduate\backbones\Prompts\Seg-SADG\BaryRadGate\a0p08\rho0p5\gb8\sadg0p05\nocons\shot4\Seed1\source_multilayer_prototypes.pt,1.0,gamma1,dec1,0,background,0,8,16,2164756,50000,14255,1,0.9989848136901855,12,47
4,1,SIEMENS_SymphonyTim_37743_T1-TSE,72|31|126|53,D:\Running_Place\PostGraduateProjects\Experiments\PostGraduate\backbones\DisperssionWithSADG_ConstraintStyleRegularization\Seg-SADG\BaryRadGate\a0p08\rho0p5\gb8\sadg0p05\nocons\shot4\Seed1\baseline_model_with_metadata.pt,D:\Running_Place\PostGraduateProjects\Experiments\PostGraduate\backbones\Prompts\Seg-SADG\BaryRadGate\a0p08\rho0p5\gb8\sadg0p05\nocons\shot4\Seed1,D:\Running_Place\PostGraduateProjects\Experiments\PostGraduate\backbones\Prompts\Seg-SADG\BaryRadGate\a0p08\rho0p5\gb8\sadg0p05\nocons\shot4\Seed1\source_multilayer_prototypes.pt,1.0,gamma1,dec1,0,background,1,8,16,2164756,50000,8649,1,0.9989177584648132,12,47
4,1,SIEMENS_SymphonyTim_37743_T1-TSE,72|31|126|53,D:\Running_Place\PostGraduateProjects\Experiments\PostGraduate\backbones\DisperssionWithSADG_ConstraintStyleRegularization\Seg-SADG\BaryRadGate\a0p08\rho0p5\gb8\sadg0p05\nocons\shot4\Seed1\baseline_model_with_metadata.pt,D:\Running_Place\PostGraduateProjects\Experiments\PostGraduate\backbones\Prompts\Seg-SADG\BaryRadGate\a0p08\rho0p5\gb8\sadg0p05\nocons\shot4\Seed1,D:\Running_Place\PostGraduateProjects\Experiments\PostGraduate\backbones\Prompts\Seg-SADG\BaryRadGate\a0p08\rho0p5\gb8\sadg0p05\nocons\shot4\Seed1\source_multilayer_prototypes.pt,1.0,gamma1,dec1,0,background,2,8,16,2164756,50000,5152,1,0.9983189105987549,12,47
4,1,SIEMENS_SymphonyTim_37743_T1-TSE,72|31|126|53,D:\Running_Place\PostGraduateProjects\Experiments\PostGraduate\backbones\DisperssionWithSADG_ConstraintStyleRegularization\Seg-SADG\BaryRadGate\a0p08\rho0p5\gb8\sadg0p05\nocons\shot4\Seed1\baseline_model_with_metadata.pt,D:\Running_Place\PostGraduateProjects\Experiments\PostGraduate\backbones\Prompts\Seg-SADG\BaryRadGate\a0p08\rho0p5\gb8\sadg0p05\nocons\shot4\Seed1,D:\Running_Place\PostGraduateProjects\Experiments\PostGraduate\backbones\Prompts\Seg-SADG\BaryRadGate\a0p08\rho0p5\gb8\sadg0p05\nocons\shot4\Seed1\source_multilayer_prototypes.pt,1.0,gamma1,dec1,0,background,3,8,16,2164756,50000,841,1,0.898410975933075,12,47
4,1,SIEMENS_SymphonyTim_37743_T1-TSE,72|31|126|53,D:\Running_Place\PostGraduateProjects\Experiments\PostGraduate\backbones\DisperssionWithSADG_ConstraintStyleRegularization\Seg-SADG\BaryRadGate\a0p08\rho0p5\gb8\sadg0p05\nocons\shot4\Seed1\baseline_model_with_metadata.pt,D:\Running_Place\PostGraduateProjects\Experiments\PostGraduate\backbones\Prompts\Seg-SADG\BaryRadGate\a0p08\rho0p5\gb8\sadg0p05\nocons\shot4\Seed1,D:\Running_Place\PostGraduateProjects\Experiments\PostGraduate\backbones\Prompts\Seg-SADG\BaryRadGate\a0p08\rho0p5\gb8\sadg0p05\nocons\shot4\Seed1\source_multilayer_prototypes.pt,1.0,gamma1,dec1,0,background,4,8,16,2164756,50000,7074,1,0.998317301273346,12,47
4,1,SIEMENS_SymphonyTim_37743_T1-TSE,72|31|126|53,D:\Running_Place\PostGraduateProjects\Experiments\PostGraduate\backbones\DisperssionWithSADG_ConstraintStyleRegularization\Seg-SADG\BaryRadGate\a0p08\rho0p5\gb8\sadg0p05\nocons\shot4\Seed1\baseline_model_with_metadata.pt,D:\Running_Place\PostGraduateProjects\Experiments\PostGraduate\backbones\Prompts\Seg-SADG\BaryRadGate\a0p08\rho0p5\gb8\sadg0p05\nocons\shot4\Seed1,D:\Running_Place\PostGraduateProjects\Experiments\PostGraduate\backbones\Prompts\Seg-SADG\BaryRadGate\a0p08\rho0p5\gb8\sadg0p05\nocons\shot4\Seed1\source_multilayer_prototypes.pt,1.0,gamma1,dec1,0,background,5,8,16,2164756,50000,1459,1,0.983244001865387,12,47
4,1,SIEMENS_SymphonyTim_37743_T1-TSE,72|31|126|53,D:\Running_Place\PostGraduateProjects\Experiments\PostGraduate\backbones\DisperssionWithSADG_ConstraintStyleRegularization\Seg-SADG\BaryRadGate\a0p08\rho0p5\gb8\sadg0p05\nocons\shot4\Seed1\baseline_model_with_metadata.pt,D:\Running_Place\PostGraduateProjects\Experiments\PostGraduate\backbones\Prompts\Seg-SADG\BaryRadGate\a0p08\rho0p5\gb8\sadg0p05\nocons\shot4\Seed1,D:\Running_Place\PostGraduateProjects\Experiments\PostGraduate\backbones\Prompts\Seg-SADG\BaryRadGate\a0p08\rho0p5\gb8\sadg0p05\nocons\shot4\Seed1\source_multilayer_prototypes.pt,1.0,gamma1,dec1,0,background,6,8,16,2164756,50000,10734,1,0.9979826807975769,12,47
4,1,SIEMENS_SymphonyTim_37743_T1-TSE,72|31|126|53,D:\Running_Place\PostGraduateProjects\Experiments\PostGraduate\backbones\DisperssionWithSADG_ConstraintStyleRegularization\Seg-SADG\BaryRadGate\a0p08\rho0p5\gb8\sadg0p05\nocons\shot4\Seed1\baseline_model_with_metadata.pt,D:\Running_Place\PostGraduateProjects\Experiments\PostGraduate\backbones\Prompts\Seg-SADG\BaryRadGate\a0p08\rho0p5\gb8\sadg0p05\nocons\shot4\Seed1,D:\Running_Place\PostGraduateProjects\Experiments\PostGraduate\backbones\Prompts\Seg-SADG\BaryRadGate\a0p08\rho0p5\gb8\sadg0p05\nocons\shot4\Seed1\source_multilayer_prototypes.pt,1.0,gamma1,dec1,0,background,7,8,16,2164756,50000,1836,1,0.9885451793670654,12,47
4,1,SIEMENS_SymphonyTim_37743_T1-TSE,72|31|126|53,D:\Running_Place\PostGraduateProjects\Experiments\PostGraduate\backbones\DisperssionWithSADG_ConstraintStyleRegularization\Seg-SADG\BaryRadGate\a0p08\rho0p5\gb8\sadg0p05\nocons\shot4\Seed1\baseline_model_with_metadata.pt,D:\Running_Place\PostGraduateProjects\Experiments\PostGraduate\backbones\Prompts\Seg-SADG\BaryRadGate\a0p08\rho0p5\gb8\sadg0p05\nocons\shot4\Seed1,D:\Running_Place\PostGraduateProjects\Experiments\PostGraduate\backbones\Prompts\Seg-SADG\BaryRadGate\a0p08\rho0p5\gb8\sadg0p05\nocons\shot4\Seed1\source_multilayer_prototypes.pt,1.0,gamma1,dec1,1,vertebrae,0,8,16,162690,50000,22141,1,0.9940879344940186,12,47
4,1,SIEMENS_SymphonyTim_37743_T1-TSE,72|31|126|53,D:\Running_Place\PostGraduateProjects\Experiments\PostGraduate\backbones\DisperssionWithSADG_ConstraintStyleRegularization\Seg-SADG\BaryRadGate\a0p08\rho0p5\gb8\sadg0p05\nocons\shot4\Seed1\baseline_model_with_metadata.pt,D:\Running_Place\PostGraduateProjects\Experiments\PostGraduate\backbones\Prompts\Seg-SADG\BaryRadGate\a0p08\rho0p5\gb8\sadg0p05\nocons\shot4\Seed1,D:\Running_Place\PostGraduateProjects\Experiments\PostGraduate\backbones\Prompts\Seg-SADG\BaryRadGate\a0p08\rho0p5\gb8\sadg0p05\nocons\shot4\Seed1\source_multilayer_prototypes.pt,1.0,gamma1,dec1,1,vertebrae,1,8,16,162690,50000,4939,1,0.9911559820175171,12,47
4,1,SIEMENS_SymphonyTim_37743_T1-TSE,72|31|126|53,D:\Running_Place\PostGraduateProjects\Experiments\PostGraduate\backbones\DisperssionWithSADG_ConstraintStyleRegularization\Seg-SADG\BaryRadGate\a0p08\rho0p5\gb8\sadg0p05\nocons\shot4\Seed1\baseline_model_with_metadata.pt,D:\Running_Place\PostGraduateProjects\Experiments\PostGraduate\backbones\Prompts\Seg-SADG\BaryRadGate\a0p08\rho0p5\gb8\sadg0p05\nocons\shot4\Seed1,D:\Running_Place\PostGraduateProjects\Experiments\PostGraduate\backbones\Prompts\Seg-SADG\BaryRadGate\a0p08\rho0p5\gb8\sadg0p05\nocons\shot4\Seed1\source_multilayer_prototypes.pt,1.0,gamma1,dec1,1,vertebrae,2,8,16,162690,50000,1388,1,0.9549228549003601,12,47
4,1,SIEMENS_SymphonyTim_37743_T1-TSE,72|31|126|53,D:\Running_Place\PostGraduateProjects\Experiments\PostGraduate\backbones\DisperssionWithSADG_ConstraintStyleRegularization\Seg-SADG\BaryRadGate\a0p08\rho0p5\gb8\sadg0p05\nocons\shot4\Seed1\baseline_model_with_metadata.pt,D:\Running_Place\PostGraduateProjects\Experiments\PostGraduate\backbones\Prompts\Seg-SADG\BaryRadGate\a0p08\rho0p5\gb8\sadg0p05\nocons\shot4\Seed1,D:\Running_Place\PostGraduateProjects\Experiments\PostGraduate\backbones\Prompts\Seg-SADG\BaryRadGate\a0p08\rho0p5\gb8\sadg0p05\nocons\shot4\Seed1\source_multilayer_prototypes.pt,1.0,gamma1,dec1,1,vertebrae,3,8,16,162690,50000,16620,1,0.9972902536392212,12,47
4,1,SIEMENS_SymphonyTim_37743_T1-TSE,72|31|126|53,D:\Running_Place\PostGraduateProjects\Experiments\PostGraduate\backbones\DisperssionWithSADG_ConstraintStyleRegularization\Seg-SADG\BaryRadGate\a0p08\rho0p5\gb8\sadg0p05\nocons\shot4\Seed1\baseline_model_with_metadata.pt,D:\Running_Place\PostGraduateProjects\Experiments\PostGraduate\backbones\Prompts\Seg-SADG\BaryRadGate\a0p08\rho0p5\gb8\sadg0p05\nocons\shot4\Seed1,D:\Running_Place\PostGraduateProjects\Experiments\PostGraduate\backbones\Prompts\Seg-SADG\BaryRadGate\a0p08\rho0p5\gb8\sadg0p05\nocons\shot4\Seed1\source_multilayer_prototypes.pt,1.0,gamma1,dec1,1,vertebrae,4,8,16,162690,50000,1118,1,0.9234710931777954,12,47
4,1,SIEMENS_SymphonyTim_37743_T1-TSE,72|31|126|53,D:\Running_Place\PostGraduateProjects\Experiments\PostGraduate\backbones\DisperssionWithSADG_ConstraintStyleRegularization\Seg-SADG\BaryRadGate\a0p08\rho0p5\gb8\sadg0p05\nocons\shot4\Seed1\baseline_model_with_metadata.pt,D:\Running_Place\PostGraduateProjects\Experiments\PostGraduate\backbones\Prompts\Seg-SADG\BaryRadGate\a0p08\rho0p5\gb8\sadg0p05\nocons\shot4\Seed1,D:\Running_Place\PostGraduateProjects\Experiments\PostGraduate\backbones\Prompts\Seg-SADG\BaryRadGate\a0p08\rho0p5\gb8\sadg0p05\nocons\shot4\Seed1\source_multilayer_prototypes.pt,1.0,gamma1,dec1,1,vertebrae,5,8,16,162690,50000,624,1,0.9008630514144897,12,47
4,1,SIEMENS_SymphonyTim_37743_T1-TSE,72|31|126|53,D:\Running_Place\PostGraduateProjects\Experiments\PostGraduate\backbones\DisperssionWithSADG_ConstraintStyleRegularization\Seg-SADG\BaryRadGate\a0p08\rho0p5\gb8\sadg0p05\nocons\shot4\Seed1\baseline_model_with_metadata.pt,D:\Running_Place\PostGraduateProjects\Experiments\PostGraduate\backbones\Prompts\Seg-SADG\BaryRadGate\a0p08\rho0p5\gb8\sadg0p05\nocons\shot4\Seed1,D:\Running_Place\PostGraduateProjects\Experiments\PostGraduate\backbones\Prompts\Seg-SADG\BaryRadGate\a0p08\rho0p5\gb8\sadg0p05\nocons\shot4\Seed1\source_multilayer_prototypes.pt,1.0,gamma1,dec1,1,vertebrae,6,8,16,162690,50000,1518,1,0.9790229201316833,12,47
4,1,SIEMENS_SymphonyTim_37743_T1-TSE,72|31|126|53,D:\Running_Place\PostGraduateProjects\Experiments\PostGraduate\backbones\DisperssionWithSADG_ConstraintStyleRegularization\Seg-SADG\BaryRadGate\a0p08\rho0p5\gb8\sadg0p05\nocons\shot4\Seed1\baseline_model_with_metadata.pt,D:\Running_Place\PostGraduateProjects\Experiments\PostGraduate\backbones\Prompts\Seg-SADG\BaryRadGate\a0p08\rho0p5\gb8\sadg0p05\nocons\shot4\Seed1,D:\Running_Place\PostGraduateProjects\Experiments\PostGraduate\backbones\Prompts\Seg-SADG\BaryRadGate\a0p08\rho0p5\gb8\sadg0p05\nocons\shot4\Seed1\source_multilayer_prototypes.pt,1.0,gamma1,dec1,1,vertebrae,7,8,16,162690,50000,1652,1,0.9550297856330872,12,47
4,1,SIEMENS_SymphonyTim_37743_T1-TSE,72|31|126|53,D:\Running_Place\PostGraduateProjects\Experiments\PostGraduate\backbones\DisperssionWithSADG_ConstraintStyleRegularization\Seg-SADG\BaryRadGate\a0p08\rho0p5\gb8\sadg0p05\nocons\shot4\Seed1\baseline_model_with_metadata.pt,D:\Running_Place\PostGraduateProjects\Experiments\PostGraduate\backbones\Prompts\Seg-SADG\BaryRadGate\a0p08\rho0p5\gb8\sadg0p05\nocons\shot4\Seed1,D:\Running_Place\PostGraduateProjects\Experiments\PostGraduate\backbones\Prompts\Seg-SADG\BaryRadGate\a0p08\rho0p5\gb8\sadg0p05\nocons\shot4\Seed1\source_multilayer_prototypes.pt,1.0,gamma1,dec1,2,intervertebral_discs,0,4,16,30826,30826,503,1,0.8096656203269958,12,47
4,1,SIEMENS_SymphonyTim_37743_T1-TSE,72|31|126|53,D:\Running_Place\PostGraduateProjects\Experiments\PostGraduate\backbones\DisperssionWithSADG_ConstraintStyleRegularization\Seg-SADG\BaryRadGate\a0p08\rho0p5\gb8\sadg0p05\nocons\shot4\Seed1\baseline_model_with_metadata.pt,D:\Running_Place\PostGraduateProjects\Experiments\PostGraduate\backbones\Prompts\Seg-SADG\BaryRadGate\a0p08\rho0p5\gb8\sadg0p05\nocons\shot4\Seed1,D:\Running_Place\PostGraduateProjects\Experiments\PostGraduate\backbones\Prompts\Seg-SADG\BaryRadGate\a0p08\rho0p5\gb8\sadg0p05\nocons\shot4\Seed1\source_multilayer_prototypes.pt,1.0,gamma1,dec1,2,intervertebral_discs,1,4,16,30826,30826,22256,1,0.9976233243942261,12,47
4,1,SIEMENS_SymphonyTim_37743_T1-TSE,72|31|126|53,D:\Running_Place\PostGraduateProjects\Experiments\PostGraduate\backbones\DisperssionWithSADG_ConstraintStyleRegularization\Seg-SADG\BaryRadGate\a0p08\rho0p5\gb8\sadg0p05\nocons\shot4\Seed1\baseline_model_with_metadata.pt,D:\Running_Place\PostGraduateProjects\Experiments\PostGraduate\backbones\Prompts\Seg-SADG\BaryRadGate\a0p08\rho0p5\gb8\sadg0p05\nocons\shot4\Seed1,D:\Running_Place\PostGraduateProjects\Experiments\PostGraduate\backbones\Prompts\Seg-SADG\BaryRadGate\a0p08\rho0p5\gb8\sadg0p05\nocons\shot4\Seed1\source_multilayer_prototypes.pt,1.0,gamma1,dec1,2,intervertebral_discs,2,4,16,30826,30826,1329,1,0.974669873714447,12,47
4,1,SIEMENS_SymphonyTim_37743_T1-TSE,72|31|126|53,D:\Running_Place\PostGraduateProjects\Experiments\PostGraduate\backbones\DisperssionWithSADG_ConstraintStyleRegularization\Seg-SADG\BaryRadGate\a0p08\rho0p5\gb8\sadg0p05\nocons\shot4\Seed1\baseline_model_with_metadata.pt,D:\Running_Place\PostGraduateProjects\Experiments\PostGraduate\backbones\Prompts\Seg-SADG\BaryRadGate\a0p08\rho0p5\gb8\sadg0p05\nocons\shot4\Seed1,D:\Running_Place\PostGraduateProjects\Experiments\PostGraduate\backbones\Prompts\Seg-SADG\BaryRadGate\a0p08\rho0p5\gb8\sadg0p05\nocons\shot4\Seed1\source_multilayer_prototypes.pt,1.0,gamma1,dec1,2,intervertebral_discs,3,4,16,30826,30826,6738,1,0.9937316179275513,12,47
4,1,SIEMENS_SymphonyTim_37743_T1-TSE,72|31|126|53,D:\Running_Place\PostGraduateProjects\Experiments\PostGraduate\backbones\DisperssionWithSADG_ConstraintStyleRegularization\Seg-SADG\BaryRadGate\a0p08\rho0p5\gb8\sadg0p05\nocons\shot4\Seed1\baseline_model_with_metadata.pt,D:\Running_Place\PostGraduateProjects\Experiments\PostGraduate\backbones\Prompts\Seg-SADG\BaryRadGate\a0p08\rho0p5\gb8\sadg0p05\nocons\shot4\Seed1,D:\Running_Place\PostGraduateProjects\Experiments\PostGraduate\backbones\Prompts\Seg-SADG\BaryRadGate\a0p08\rho0p5\gb8\sadg0p05\nocons\shot4\Seed1\source_multilayer_prototypes.pt,1.0,gamma1,dec1_head,0,background,0,8,16,2164756,50000,16939,1,0.9991523027420044,12,47
4,1,SIEMENS_SymphonyTim_37743_T1-TSE,72|31|126|53,D:\Running_Place\PostGraduateProjects\Experiments\PostGraduate\backbones\DisperssionWithSADG_ConstraintStyleRegularization\Seg-SADG\BaryRadGate\a0p08\rho0p5\gb8\sadg0p05\nocons\shot4\Seed1\baseline_model_with_metadata.pt,D:\Running_Place\PostGraduateProjects\Experiments\PostGraduate\backbones\Prompts\Seg-SADG\BaryRadGate\a0p08\rho0p5\gb8\sadg0p05\nocons\shot4\Seed1,D:\Running_Place\PostGraduateProjects\Experiments\PostGraduate\backbones\Prompts\Seg-SADG\BaryRadGate\a0p08\rho0p5\gb8\sadg0p05\nocons\shot4\Seed1\source_multilayer_prototypes.pt,1.0,gamma1,dec1_head,0,background,1,8,16,2164756,50000,1971,1,0.9854644536972046,12,47
4,1,SIEMENS_SymphonyTim_37743_T1-TSE,72|31|126|53,D:\Running_Place\PostGraduateProjects\Experiments\PostGraduate\backbones\DisperssionWithSADG_ConstraintStyleRegularization\Seg-SADG\BaryRadGate\a0p08\rho0p5\gb8\sadg0p05\nocons\shot4\Seed1\baseline_model_with_metadata.pt,D:\Running_Place\PostGraduateProjects\Experiments\PostGraduate\backbones\Prompts\Seg-SADG\BaryRadGate\a0p08\rho0p5\gb8\sadg0p05\nocons\shot4\Seed1,D:\Running_Place\PostGraduateProjects\Experiments\PostGraduate\backbones\Prompts\Seg-SADG\BaryRadGate\a0p08\rho0p5\gb8\sadg0p05\nocons\shot4\Seed1\source_multilayer_prototypes.pt,1.0,gamma1,dec1_head,0,background,2,8,16,2164756,50000,760,1,0.9790633916854858,12,47
4,1,SIEMENS_SymphonyTim_37743_T1-TSE,72|31|126|53,D:\Running_Place\PostGraduateProjects\Experiments\PostGraduate\backbones\DisperssionWithSADG_ConstraintStyleRegularization\Seg-SADG\BaryRadGate\a0p08\rho0p5\gb8\sadg0p05\nocons\shot4\Seed1\baseline_model_with_metadata.pt,D:\Running_Place\PostGraduateProjects\Experiments\PostGraduate\backbones\Prompts\Seg-SADG\BaryRadGate\a0p08\rho0p5\gb8\sadg0p05\nocons\shot4\Seed1,D:\Running_Place\PostGraduateProjects\Experiments\PostGraduate\backbones\Prompts\Seg-SADG\BaryRadGate\a0p08\rho0p5\gb8\sadg0p05\nocons\shot4\Seed1\source_multilayer_prototypes.pt,1.0,gamma1,dec1_head,0,background,3,8,16,2164756,50000,2148,1,0.9855013489723206,12,47
4,1,SIEMENS_SymphonyTim_37743_T1-TSE,72|31|126|53,D:\Running_Place\PostGraduateProjects\Experiments\PostGraduate\backbones\DisperssionWithSADG_ConstraintStyleRegularization\Seg-SADG\BaryRadGate\a0p08\rho0p5\gb8\sadg0p05\nocons\shot4\Seed1\baseline_model_with_metadata.pt,D:\Running_Place\PostGraduateProjects\Experiments\PostGraduate\backbones\Prompts\Seg-SADG\BaryRadGate\a0p08\rho0p5\gb8\sadg0p05\nocons\shot4\Seed1,D:\Running_Place\PostGraduateProjects\Experiments\PostGraduate\backbones\Prompts\Seg-SADG\BaryRadGate\a0p08\rho0p5\gb8\sadg0p05\nocons\shot4\Seed1\source_multilayer_prototypes.pt,1.0,gamma1,dec1_head,0,background,4,8,16,2164756,50000,477,1,0.8687810897827148,12,47
4,1,SIEMENS_SymphonyTim_37743_T1-TSE,72|31|126|53,D:\Running_Place\PostGraduateProjects\Experiments\PostGraduate\backbones\DisperssionWithSADG_ConstraintStyleRegularization\Seg-SADG\BaryRadGate\a0p08\rho0p5\gb8\sadg0p05\nocons\shot4\Seed1\baseline_model_with_metadata.pt,D:\Running_Place\PostGraduateProjects\Experiments\PostGraduate\backbones\Prompts\Seg-SADG\BaryRadGate\a0p08\rho0p5\gb8\sadg0p05\nocons\shot4\Seed1,D:\Running_Place\PostGraduateProjects\Experiments\PostGraduate\backbones\Prompts\Seg-SADG\BaryRadGate\a0p08\rho0p5\gb8\sadg0p05\nocons\shot4\Seed1\source_multilayer_prototypes.pt,1.0,gamma1,dec1_head,0,background,5,8,16,2164756,50000,6750,1,0.9968726634979248,12,47
4,1,SIEMENS_SymphonyTim_37743_T1-TSE,72|31|126|53,D:\Running_Place\PostGraduateProjects\Experiments\PostGraduate\backbones\DisperssionWithSADG_ConstraintStyleRegularization\Seg-SADG\BaryRadGate\a0p08\rho0p5\gb8\sadg0p05\nocons\shot4\Seed1\baseline_model_with_metadata.pt,D:\Running_Place\PostGraduateProjects\Experiments\PostGraduate\backbones\Prompts\Seg-SADG\BaryRadGate\a0p08\rho0p5\gb8\sadg0p05\nocons\shot4\Seed1,D:\Running_Place\PostGraduateProjects\Experiments\PostGraduate\backbones\Prompts\Seg-SADG\BaryRadGate\a0p08\rho0p5\gb8\sadg0p05\nocons\shot4\Seed1\source_multilayer_prototypes.pt,1.0,gamma1,dec1_head,0,background,6,8,16,2164756,50000,14685,1,0.9987315535545349,12,47
4,1,SIEMENS_SymphonyTim_37743_T1-TSE,72|31|126|53,D:\Running_Place\PostGraduateProjects\Experiments\PostGraduate\backbones\DisperssionWithSADG_ConstraintStyleRegularization\Seg-SADG\BaryRadGate\a0p08\rho0p5\gb8\sadg0p05\nocons\shot4\Seed1\baseline_model_with_metadata.pt,D:\Running_Place\PostGraduateProjects\Experiments\PostGraduate\backbones\Prompts\Seg-SADG\BaryRadGate\a0p08\rho0p5\gb8\sadg0p05\nocons\shot4\Seed1,D:\Running_Place\PostGraduateProjects\Experiments\PostGraduate\backbones\Prompts\Seg-SADG\BaryRadGate\a0p08\rho0p5\gb8\sadg0p05\nocons\shot4\Seed1\source_multilayer_prototypes.pt,1.0,gamma1,dec1_head,0,background,7,8,16,2164756,50000,6270,1,0.9984228014945984,12,47
4,1,SIEMENS_SymphonyTim_37743_T1-TSE,72|31|126|53,D:\Running_Place\PostGraduateProjects\Experiments\PostGraduate\backbones\DisperssionWithSADG_ConstraintStyleRegularization\Seg-SADG\BaryRadGate\a0p08\rho0p5\gb8\sadg0p05\nocons\shot4\Seed1\baseline_model_with_metadata.pt,D:\Running_Place\PostGraduateProjects\Experiments\PostGraduate\backbones\Prompts\Seg-SADG\BaryRadGate\a0p08\rho0p5\gb8\sadg0p05\nocons\shot4\Seed1,D:\Running_Place\PostGraduateProjects\Experiments\PostGraduate\backbones\Prompts\Seg-SADG\BaryRadGate\a0p08\rho0p5\gb8\sadg0p05\nocons\shot4\Seed1\source_multilayer_prototypes.pt,1.0,gamma1,dec1_head,1,vertebrae,0,8,16,162690,50000,1376,1,0.9538459777832031,12,47
4,1,SIEMENS_SymphonyTim_37743_T1-TSE,72|31|126|53,D:\Running_Place\PostGraduateProjects\Experiments\PostGraduate\backbones\DisperssionWithSADG_ConstraintStyleRegularization\Seg-SADG\BaryRadGate\a0p08\rho0p5\gb8\sadg0p05\nocons\shot4\Seed1\baseline_model_with_metadata.pt,D:\Running_Place\PostGraduateProjects\Experiments\PostGraduate\backbones\Prompts\Seg-SADG\BaryRadGate\a0p08\rho0p5\gb8\sadg0p05\nocons\shot4\Seed1,D:\Running_Place\PostGraduateProjects\Experiments\PostGraduate\backbones\Prompts\Seg-SADG\BaryRadGate\a0p08\rho0p5\gb8\sadg0p05\nocons\shot4\Seed1\source_multilayer_prototypes.pt,1.0,gamma1,dec1_head,1,vertebrae,1,8,16,162690,50000,20956,1,0.995475172996521,12,47
4,1,SIEMENS_SymphonyTim_37743_T1-TSE,72|31|126|53,D:\Running_Place\PostGraduateProjects\Experiments\PostGraduate\backbones\DisperssionWithSADG_ConstraintStyleRegularization\Seg-SADG\BaryRadGate\a0p08\rho0p5\gb8\sadg0p05\nocons\shot4\Seed1\baseline_model_with_metadata.pt,D:\Running_Place\PostGraduateProjects\Experiments\PostGraduate\backbones\Prompts\Seg-SADG\BaryRadGate\a0p08\rho0p5\gb8\sadg0p05\nocons\shot4\Seed1,D:\Running_Place\PostGraduateProjects\Experiments\PostGraduate\backbones\Prompts\Seg-SADG\BaryRadGate\a0p08\rho0p5\gb8\sadg0p05\nocons\shot4\Seed1\source_multilayer_prototypes.pt,1.0,gamma1,dec1_head,1,vertebrae,2,8,16,162690,50000,19877,1,0.996604323387146,12,47
4,1,SIEMENS_SymphonyTim_37743_T1-TSE,72|31|126|53,D:\Running_Place\PostGraduateProjects\Experiments\PostGraduate\backbones\DisperssionWithSADG_ConstraintStyleRegularization\Seg-SADG\BaryRadGate\a0p08\rho0p5\gb8\sadg0p05\nocons\shot4\Seed1\baseline_model_with_metadata.pt,D:\Running_Place\PostGraduateProjects\Experiments\PostGraduate\backbones\Prompts\Seg-SADG\BaryRadGate\a0p08\rho0p5\gb8\sadg0p05\nocons\shot4\Seed1,D:\Running_Place\PostGraduateProjects\Experiments\PostGraduate\backbones\Prompts\Seg-SADG\BaryRadGate\a0p08\rho0p5\gb8\sadg0p05\nocons\shot4\Seed1\source_multilayer_prototypes.pt,1.0,gamma1,dec1_head,1,vertebrae,3,8,16,162690,50000,1781,1,0.9544786810874939,12,47
4,1,SIEMENS_SymphonyTim_37743_T1-TSE,72|31|126|53,D:\Running_Place\PostGraduateProjects\Experiments\PostGraduate\backbones\DisperssionWithSADG_ConstraintStyleRegularization\Seg-SADG\BaryRadGate\a0p08\rho0p5\gb8\sadg0p05\nocons\shot4\Seed1\baseline_model_with_metadata.pt,D:\Running_Place\PostGraduateProjects\Experiments\PostGraduate\backbones\Prompts\Seg-SADG\BaryRadGate\a0p08\rho0p5\gb8\sadg0p05\nocons\shot4\Seed1,D:\Running_Place\PostGraduateProjects\Experiments\PostGraduate\backbones\Prompts\Seg-SADG\BaryRadGate\a0p08\rho0p5\gb8\sadg0p05\nocons\shot4\Seed1\source_multilayer_prototypes.pt,1.0,gamma1,dec1_head,1,vertebrae,4,8,16,162690,50000,667,1,0.9060567617416382,12,47
4,1,SIEMENS_SymphonyTim_37743_T1-TSE,72|31|126|53,D:\Running_Place\PostGraduateProjects\Experiments\PostGraduate\backbones\DisperssionWithSADG_ConstraintStyleRegularization\Seg-SADG\BaryRadGate\a0p08\rho0p5\gb8\sadg0p05\nocons\shot4\Seed1\baseline_model_with_metadata.pt,D:\Running_Place\PostGraduateProjects\Experiments\PostGraduate\backbones\Prompts\Seg-SADG\BaryRadGate\a0p08\rho0p5\gb8\sadg0p05\nocons\shot4\Seed1,D:\Running_Place\PostGraduateProjects\Experiments\PostGraduate\backbones\Prompts\Seg-SADG\BaryRadGate\a0p08\rho0p5\gb8\sadg0p05\nocons\shot4\Seed1\source_multilayer_prototypes.pt,1.0,gamma1,dec1_head,1,vertebrae,5,8,16,162690,50000,1553,1,0.9762116074562073,12,47
4,1,SIEMENS_SymphonyTim_37743_T1-TSE,72|31|126|53,D:\Running_Place\PostGraduateProjects\Experiments\PostGraduate\backbones\DisperssionWithSADG_ConstraintStyleRegularization\Seg-SADG\BaryRadGate\a0p08\rho0p5\gb8\sadg0p05\nocons\shot4\Seed1\baseline_model_with_metadata.pt,D:\Running_Place\PostGraduateProjects\Experiments\PostGraduate\backbones\Prompts\Seg-SADG\BaryRadGate\a0p08\rho0p5\gb8\sadg0p05\nocons\shot4\Seed1,D:\Running_Place\PostGraduateProjects\Experiments\PostGraduate\backbones\Prompts\Seg-SADG\BaryRadGate\a0p08\rho0p5\gb8\sadg0p05\nocons\shot4\Seed1\source_multilayer_prototypes.pt,1.0,gamma1,dec1_head,1,vertebrae,6,8,16,162690,50000,881,1,0.912491500377655,12,47
4,1,SIEMENS_SymphonyTim_37743_T1-TSE,72|31|126|53,D:\Running_Place\PostGraduateProjects\Experiments\PostGraduate\backbones\DisperssionWithSADG_ConstraintStyleRegularization\Seg-SADG\BaryRadGate\a0p08\rho0p5\gb8\sadg0p05\nocons\shot4\Seed1\baseline_model_with_metadata.pt,D:\Running_Place\PostGraduateProjects\Experiments\PostGraduate\backbones\Prompts\Seg-SADG\BaryRadGate\a0p08\rho0p5\gb8\sadg0p05\nocons\shot4\Seed1,D:\Running_Place\PostGraduateProjects\Experiments\PostGraduate\backbones\Prompts\Seg-SADG\BaryRadGate\a0p08\rho0p5\gb8\sadg0p05\nocons\shot4\Seed1\source_multilayer_prototypes.pt,1.0,gamma1,dec1_head,1,vertebrae,7,8,16,162690,50000,2909,1,0.9854773283004761,12,47
4,1,SIEMENS_SymphonyTim_37743_T1-TSE,72|31|126|53,D:\Running_Place\PostGraduateProjects\Experiments\PostGraduate\backbones\DisperssionWithSADG_ConstraintStyleRegularization\Seg-SADG\BaryRadGate\a0p08\rho0p5\gb8\sadg0p05\nocons\shot4\Seed1\baseline_model_with_metadata.pt,D:\Running_Place\PostGraduateProjects\Experiments\PostGraduate\backbones\Prompts\Seg-SADG\BaryRadGate\a0p08\rho0p5\gb8\sadg0p05\nocons\shot4\Seed1,D:\Running_Place\PostGraduateProjects\Experiments\PostGraduate\backbones\Prompts\Seg-SADG\BaryRadGate\a0p08\rho0p5\gb8\sadg0p05\nocons\shot4\Seed1\source_multilayer_prototypes.pt,1.0,gamma1,dec1_head,2,intervertebral_discs,0,4,16,30826,30826,16832,1,0.9981018900871277,12,47
4,1,SIEMENS_SymphonyTim_37743_T1-TSE,72|31|126|53,D:\Running_Place\PostGraduateProjects\Experiments\PostGraduate\backbones\DisperssionWithSADG_ConstraintStyleRegularization\Seg-SADG\BaryRadGate\a0p08\rho0p5\gb8\sadg0p05\nocons\shot4\Seed1\baseline_model_with_metadata.pt,D:\Running_Place\PostGraduateProjects\Experiments\PostGraduate\backbones\Prompts\Seg-SADG\BaryRadGate\a0p08\rho0p5\gb8\sadg0p05\nocons\shot4\Seed1,D:\Running_Place\PostGraduateProjects\Experiments\PostGraduate\backbones\Prompts\Seg-SADG\BaryRadGate\a0p08\rho0p5\gb8\sadg0p05\nocons\shot4\Seed1\source_multilayer_prototypes.pt,1.0,gamma1,dec1_head,2,intervertebral_discs,1,4,16,30826,30826,4105,1,0.9839474558830261,12,47
4,1,SIEMENS_SymphonyTim_37743_T1-TSE,72|31|126|53,D:\Running_Place\PostGraduateProjects\Experiments\PostGraduate\backbones\DisperssionWithSADG_ConstraintStyleRegularization\Seg-SADG\BaryRadGate\a0p08\rho0p5\gb8\sadg0p05\nocons\shot4\Seed1\baseline_model_with_metadata.pt,D:\Running_Place\PostGraduateProjects\Experiments\PostGraduate\backbones\Prompts\Seg-SADG\BaryRadGate\a0p08\rho0p5\gb8\sadg0p05\nocons\shot4\Seed1,D:\Running_Place\PostGraduateProjects\Experiments\PostGraduate\backbones\Prompts\Seg-SADG\BaryRadGate\a0p08\rho0p5\gb8\sadg0p05\nocons\shot4\Seed1\source_multilayer_prototypes.pt,1.0,gamma1,dec1_head,2,intervertebral_discs,2,4,16,30826,30826,9519,1,0.9960485696792603,12,47
4,1,SIEMENS_SymphonyTim_37743_T1-TSE,72|31|126|53,D:\Running_Place\PostGraduateProjects\Experiments\PostGraduate\backbones\DisperssionWithSADG_ConstraintStyleRegularization\Seg-SADG\BaryRadGate\a0p08\rho0p5\gb8\sadg0p05\nocons\shot4\Seed1\baseline_model_with_metadata.pt,D:\Running_Place\PostGraduateProjects\Experiments\PostGraduate\backbones\Prompts\Seg-SADG\BaryRadGate\a0p08\rho0p5\gb8\sadg0p05\nocons\shot4\Seed1,D:\Running_Place\PostGraduateProjects\Experiments\PostGraduate\backbones\Prompts\Seg-SADG\BaryRadGate\a0p08\rho0p5\gb8\sadg0p05\nocons\shot4\Seed1\source_multilayer_prototypes.pt,1.0,gamma1,dec1_head,2,intervertebral_discs,3,4,16,30826,30826,370,1,0.7504768371582031,12,47
